UF,Município,CEP,Qtd. Veículos,Combustível Veículo,Potência Veículo,"Frota de veículos, por tipo e com placa, segundo os Municípios da Federação - JULHO/2026",Unnamed: 1,Unnamed: 2,Unnamed: 3,Unnamed: 4,Unnamed: 5,Unnamed: 6,Unnamed: 7,Unnamed: 8,Unnamed: 9,Unnamed: 10,Unnamed: 11,Unnamed: 12,Unnamed: 13,Unnamed: 14,Unnamed: 15,Unnamed: 16,Unnamed: 17,Unnamed: 18,Unnamed: 19,Unnamed: 20,Unnamed: 21,Unnamed: 22,Unnamed: 23,"Frota de veículos, por tipo e com placa, segundo as Grandes Regiões e Unidades da Federação - JUL/2026",Ano Modelo,Ano Fabricação CRV,Marca Modelo,Ano Fabricação Veículo CRV
,,,,,,,,132323836,,,,,,,,,,,,,,,,,,,,,,,,,,
,,,,,,UF,MUNICIPIO,TOTAL,AUTOMOVEL,BONDE,CAMINHAO,CAMINHAO TRATOR,CAMINHONETE,CAMIONETA,CHASSI PLATAF,CICLOMOTOR,MICRO-ONIBUS,MOTOCICLETA,MOTONETA,ONIBUS,QUADRICICLO,REBOQUE,SEMI-REBOQUE,SIDE-CAR,OUTROS,TRATOR ESTEI,TRATOR RODAS,TRICICLO,UTILITARIO,,,,,
,,,,,,UF,MUNICIPIO,TOTAL,AUTOMOVEL,BONDE,CAMINHAO,CAMINHAO TRATOR,CAMINHONETE,CAMIONETA,CHASSI PLATAF,CICLOMOTOR,MICRO-ONIBUS,MOTOCICLETA,MOTONETA,ONIBUS,QUADRICICLO,REBOQUE,SEMI-REBOQUE,SIDE-CAR,OUTROS,TRATOR ESTEI,TRATOR RODAS,TRICICLO,UTILITARIO,,,,,
,,,,,,AC,ACRELANDIA,8892,1972,0,428,40,1050,99,0,7,15,4403,597,50,0,138,61,0,3,0,0,1,28,,,,,
,,,,,,AC,ASSIS BRASIL,2630,448,0,29,1,261,23,0,5,5,1646,157,6,0,37,6,0,0,0,0,0,6,,,,,
,,,,,,AC,BRASILEIA,14893,3263,0,405,379,2146,204,0,8,17,6421,1092,28,0,247,610,0,7,0,0,3,63,,,,,
,,,,,,AC,BUJARI,3709,904,0,162,60,506,28,0,11,6,1730,144,18,0,62,69,0,2,0,0,1,6,,,,,
,,,,,,AC,CAPIXABA,3603,989,0,100,10,404,32,0,12,3,1765,171,22,0,63,22,0,0,0,0,0,10,,,,,
,,,,,,AC,CRUZEIRO DO SUL,49627,9308,0,846,186,4497,673,0,44,65,22742,10292,92,0,188,384,0,53,0,0,18,239,,,,,
,,,,,,AC,EPITACIOLANDIA,9494,2571,0,359,107,1449,172,0,8,16,3515,889,24,0,176,169,0,3,0,0,3,33,,,,,
,,,,,,AC,FEIJO,6397,863,0,118,5,479,60,0,66,6,3683,996,10,0,47,12,0,4,0,0,31,17,,,,,
,,,,,,AC,JORDAO,309,23,0,7,0,42,2,0,0,2,169,62,1,0,1,0,0,0,0,0,0,0,,,,,
,,,,,,AC,MANCIO LIMA,5328,907,0,99,8,446,43,0,6,5,2936,820,24,0,6,10,0,2,0,0,0,16,,,,,
,,,,,,AC,MANOEL URBANO,2042,362,0,56,1,259,20,0,3,2,1073,212,6,0,40,3,0,0,0,0,0,5,,,,,
,,,,,,AC,MARECHAL THAUMATURGO,739,23,0,13,0,55,1,0,1,0,525,111,7,0,0,0,0,0,0,0,2,1,,,,,
,,,,,,AC,PLACIDO DE CASTRO,6709,1779,0,173,17,667,89,0,12,10,3133,609,27,0,128,32,2,5,0,0,6,20,,,,,
,,,,,,AC,PORTO ACRE,5827,1253,0,180,7,715,61,0,13,7,3192,251,46,0,75,13,0,6,0,0,1,7,,,,,
,,,,,,AC,PORTO WALTER,678,17,0,12,0,56,1,0,1,1,473,109,6,0,0,0,0,0,0,0,0,2,,,,,
,,,,,,AC,RIO BRANCO,239307,80629,0,4766,745,20969,5740,0,983,407,94838,20385,999,0,4890,1369,24,353,0,3,149,2058,,,,,
,,,,,,AC,RODRIGUES ALVES,2887,330,0,38,1,201,19,0,2,4,1745,520,14,0,3,0,0,0,0,0,0,10,,,,,
,,,,,,AC,SANTA ROSA DO PURUS,340,21,0,7,0,36,3,0,0,0,228,37,3,0,5,0,0,0,0,0,0,0,,,,,
,,,,,,AC,SENA MADUREIRA,13762,2176,0,156,21,1369,150,0,42,5,7112,2482,11,0,138,35,0,3,0,0,2,60,,,,,
,,,,,,AC,SENADOR GUIOMARD,9622,2870,0,360,80,965,138,0,41,14,3959,751,44,0,242,110,1,4,0,0,3,40,,,,,
,,,,,,AC,TARAUACA,7734,889,0,178,27,631,78,0,11,16,3795,1954,17,0,41,54,0,0,0,0,10,33,,,,,
,,,,,,AC,XAPURI,6499,994,0,108,12,631,68,0,6,6,4042,500,12,0,69,24,1,1,0,0,3,22,,,,,
,,,,,,AL,AGUA BRANCA,6848,1510,0,165,7,578,120,0,18,138,3950,235,36,0,59,12,0,6,0,1,0,13,,,,,
,,,,,,AL,ANADIA,4269,1492,0,80,3,252,118,0,10,37,1810,281,57,0,104,3,0,0,0,0,0,22,,,,,
,,,,,,AL,ARAPIRACA,159798,46722,0,3617,654,9219,4042,0,2293,565,63653,21198,832,0,3815,903,9,41,0,3,45,2187,,,,,
,,,,,,AL,ATALAIA,11046,5086,0,280,13,416,249,0,194,58,3394,433,204,0,608,34,0,5,0,1,2,69,,,,,
,,,,,,AL,BARRA DE SANTO ANTONIO,4014,1458,0,49,5,184,73,0,294,17,1512,201,49,0,129,14,0,2,0,0,0,27,,,,,
,,,,,,AL,BARRA DE SAO MIGUEL,3336,1269,0,32,2,210,102,0,342,7,1026,130,20,0,111,2,0,1,0,0,2,80,,,,,
,,,,,,AL,BATALHA,5862,1700,0,182,12,420,102,0,5,50,2823,373,32,0,114,17,0,1,0,0,1,30,,,,,
,,,,,,AL,BELEM,1728,454,0,16,0,98,31,0,8,15,987,46,10,0,54,0,0,1,0,0,0,8,,,,,
,,,,,,AL,BELO MONTE,1272,277,0,43,2,113,16,0,1,17,745,24,9,0,13,4,0,0,0,0,0,8,,,,,
,,,,,,AL,BOCA DA MATA,7951,2311,0,223,24,398,132,0,25,97,3467,843,116,0,229,57,0,0,0,1,3,25,,,,,
,,,,,,AL,BRANQUINHA,2337,631,0,33,0,125,30,0,21,26,1305,65,35,0,53,7,0,1,0,0,0,5,,,,,
,,,,,,AL,CACIMBINHAS,3266,902,0,103,2,201,53,0,9,45,1767,87,20,0,69,1,0,0,0,0,0,7,,,,,
,,,,,,AL,CAJUEIRO,4414,1378,0,107,1,158,91,0,28,15,2082,319,54,0,152,7,0,2,0,0,1,19,,,,,
,,,,,,AL,CAMPESTRE,913,397,0,54,9,70,28,0,1,53,210,32,13,0,27,12,0,0,0,1,1,5,,,,,
,,,,,,AL,CAMPO ALEGRE,7845,2545,0,231,88,410,101,0,76,119,2803,798,204,0,279,138,0,19,0,0,1,33,,,,,
,,,,,,AL,CAMPO GRANDE,3684,722,0,50,1,195,34,0,7,17,2421,159,22,0,35,1,0,1,0,0,0,19,,,,,
,,,,,,AL,CANAPI,4435,1136,0,112,3,315,55,0,8,110,2453,121,28,0,63,8,0,4,0,0,1,18,,,,,
,,,,,,AL,CAPELA,3109,1069,0,68,4,177,60,0,46,11,1315,135,79,0,122,6,0,1,0,1,0,15,,,,,
,,,,,,AL,CARNEIROS,2187,568,0,51,1,128,36,0,1,22,1245,35,33,0,38,10,0,1,0,0,1,17,,,,,
,,,,,,AL,CHA PRETA,1953,420,0,33,1,155,27,0,3,16,1201,36,11,0,35,4,0,0,0,0,0,11,,,,,
,,,,,,AL,COITE DO NOIA,4301,928,0,105,4,232,43,0,5,8,2645,229,34,0,43,4,0,0,0,0,4,17,,,,,
,,,,,,AL,COLONIA LEOPOLDINA,2980,1093,0,131,6,215,95,0,6,43,1163,106,52,0,46,4,0,1,0,2,0,17,,,,,
,,,,,,AL,COQUEIRO SECO,1705,640,0,17,1,70,27,0,67,4,780,47,9,0,38,0,0,0,0,1,0,4,,,,,
,,,,,,AL,CORURIPE,20787,5782,0,394,59,1339,392,0,207,98,8798,2241,330,0,881,127,0,6,0,4,1,128,,,,,
,,,,,,AL,CRAIBAS,10317,2711,0,232,12,695,144,0,41,64,5273,882,65,0,138,24,0,0,0,0,0,36,,,,,
,,,,,,AL,DELMIRO GOUVEIA,31375,10569,0,1626,70,2094,682,0,395,550,12273,2098,222,0,440,148,0,15,0,3,11,179,,,,,
,,,,,,AL,DOIS RIACHOS,4398,981,0,144,17,220,77,0,1,31,2649,99,29,0,98,27,1,1,0,6,0,17,,,,,
,,,,,,AL,ESTRELA DE ALAGOAS,5345,1427,0,75,1,344,52,0,24,116,3024,131,29,0,100,0,0,3,0,1,0,18,,,,,
,,,,,,AL,FEIRA GRANDE,8030,1492,0,132,19,554,89,0,13,8,4665,890,56,0,67,18,1,0,0,0,0,26,,,,,
,,,,,,AL,FELIZ DESERTO,949,343,0,17,0,87,19,0,7,7,375,46,9,0,34,0,0,0,0,0,0,5,,,,,
,,,,,,AL,FLEXEIRAS,2355,930,0,44,0,135,53,0,15,21,947,59,55,0,82,0,0,0,0,0,1,13,,,,,
,,,,,,AL,GIRAU DO PONCIANO,15627,4118,0,258,13,788,249,0,41,120,8639,1034,132,0,156,15,0,3,0,0,1,60,,,,,
,,,,,,AL,IBATEGUARA,3745,1004,0,64,2,222,62,0,5,83,1988,193,39,0,61,4,0,0,0,0,0,18,,,,,
,,,,,,AL,IGACI,8769,2314,0,166,2,579,110,0,13,127,4778,477,53,0,122,4,0,1,0,1,0,22,,,,,
,,,,,,AL,IGREJA NOVA,7126,1414,0,70,8,234,67,0,32,37,4559,415,136,0,118,22,0,1,0,0,0,13,,,,,
,,,,,,AL,INHAPI,6263,1284,0,101,10,398,85,0,3,61,3854,362,16,0,71,7,0,0,0,0,0,11,,,,,
,,,,,,AL,JACARE DOS HOMENS,1455,454,0,34,3,86,22,0,1,12,754,31,22,0,29,3,0,0,0,0,0,4,,,,,
,,,,,,AL,JACUIPE,1067,349,0,16,1,68,48,0,1,20,490,17,26,0,21,0,0,0,0,0,1,9,,,,,
,,,,,,AL,JAPARATINGA,2674,1006,0,41,0,129,84,0,48,19,1109,120,17,0,56,1,0,1,0,0,0,43,,,,,
,,,,,,AL,JARAMATAIA,1374,514,0,26,1,113,22,0,0,20,598,48,7,0,20,1,0,0,0,0,0,4,,,,,
,,,,,,AL,JEQUIA DA PRAIA,2034,600,0,41,4,128,26,0,20,9,1008,70,50,0,67,0,0,0,0,0,0,11,,,,,
,,,,,,AL,JOAQUIM GOMES,4068,1304,0,126,17,269,81,0,20,41,1885,79,105,0,116,9,0,0,0,0,2,14,,,,,
,,,,,,AL,JUNDIA,1007,380,0,26,1,78,23,0,0,7,423,30,15,0,19,4,0,0,0,0,0,1,,,,,
,,,,,,AL,JUNQUEIRO,10248,2553,0,357,108,699,139,0,28,53,4409,1162,155,0,312,196,3,0,0,0,0,74,,,,,
,,,,,,AL,LAGOA DA CANOA,7931,1881,0,131,7,407,96,0,27,39,4489,659,55,0,89,6,0,0,0,0,2,43,,,,,
,,,,,,AL,LIMOEIRO DE ANADIA,8439,1934,0,208,11,560,127,0,32,46,4264,962,106,0,149,9,0,0,0,0,3,28,,,,,
,,,,,,AL,MACEIO,452820,217982,0,9441,1552,29372,20698,0,10982,1597,116596,12905,2821,0,13227,2252,12,408,0,84,171,12720,,,,,
,,,,,,AL,MAJOR ISIDORO,5236,1414,0,136,29,351,69,0,2,33,2849,138,40,0,113,42,0,0,0,0,0,20,,,,,
,,,,,,AL,MAR VERMELHO,1275,315,0,18,2,70,12,0,2,3,782,33,11,0,22,2,0,0,0,0,0,3,,,,,
,,,,,,AL,MARAGOGI,7569,2873,0,134,0,575,233,0,143,183,2654,429,80,0,154,2,0,3,0,0,7,99,,,,,
,,,,,,AL,MARAVILHA,3259,843,0,110,3,189,52,0,3,79,1845,60,9,0,52,4,0,0,0,0,0,10,,,,,
,,,,,,AL,MARECHAL DEODORO,21520,9180,0,523,67,1268,795,0,1429,109,5561,800,233,0,890,103,0,8,0,1,17,536,,,,,
,,,,,,AL,MARIBONDO,4086,1444,0,86,5,315,70,0,41,15,1712,124,22,0,220,4,0,0,0,0,0,28,,,,,
,,,,,,AL,MATA GRANDE,6366,1360,0,85,4,582,103,0,2,94,3859,152,29,0,75,5,0,1,0,1,0,14,,,,,
,,,,,,AL,MATRIZ DE CAMARAGIBE,6386,2188,0,183,4,385,162,0,188,50,2449,265,200,0,239,8,0,4,0,1,2,58,,,,,
,,,,,,AL,MESSIAS,4189,1536,0,82,12,189,113,0,102,59,1637,179,130,0,101,16,0,3,0,0,0,30,,,,,
,,,,,,AL,MINADOR DO NEGRAO,2022,538,0,67,0,147,19,0,0,14,1165,27,10,0,29,0,0,0,0,1,0,5,,,,,
,,,,,,AL,MONTEIROPOLIS,1792,467,0,34,1,115,12,0,0,15,1057,44,10,0,26,2,0,1,0,1,0,7,,,,,
,,,,,,AL,MURICI,7591,2021,0,242,19,346,158,0,117,34,3698,556,151,0,189,13,0,2,0,2,2,41,,,,,
,,,,,,AL,NOVO LINO,2632,1184,0,125,15,153,65,0,7,42,851,47,79,0,52,2,0,0,0,1,0,9,,,,,
,,,,,,AL,OLHO D'AGUA DAS FLORES,7706,2226,0,241,18,548,125,0,10,79,3807,299,61,0,197,44,0,0,0,1,0,50,,,,,
,,,,,,AL,OLHO D'AGUA DO CASADO,2610,849,0,49,1,152,23,0,8,28,1375,76,13,0,33,1,0,0,0,0,0,2,,,,,
,,,,,,AL,OLHO D'AGUA GRANDE,1639,351,0,16,1,71,12,0,1,4,1072,82,11,0,13,1,0,0,0,0,0,4,,,,,
,,,,,,AL,OLIVENCA,3168,810,0,59,0,156,37,0,3,36,1922,73,14,0,47,0,0,1,0,0,0,10,,,,,
,,,,,,AL,OURO BRANCO,4342,1210,0,230,28,284,69,0,0,79,2164,83,53,0,102,29,0,0,0,0,0,11,,,,,
,,,,,,AL,PALESTINA,795,273,0,15,1,58,17,0,1,21,363,20,5,0,15,0,0,0,0,1,0,5,,,,,
,,,,,,AL,PALMEIRA DOS INDIOS,34884,10931,0,777,81,2240,778,0,178,410,15877,2237,106,0,857,126,6,9,0,2,2,267,,,,,
,,,,,,AL,PAO DE ACUCAR,5218,1464,0,113,7,286,77,0,4,110,2675,301,37,0,91,24,0,6,0,0,3,20,,,,,
,,,,,,AL,PARICONHA,3454,737,0,43,1,260,29,0,7,73,2176,77,12,0,30,0,0,0,0,0,1,8,,,,,
,,,,,,AL,PARIPUEIRA,4424,1708,0,98,7,288,152,0,275,12,1393,213,23,0,167,12,0,1,0,0,1,74,,,,,
,,,,,,AL,PASSO DE CAMARAGIBE,3374,1072,0,48,0,150,56,0,258,17,1505,130,35,0,90,0,0,0,0,0,1,12,,,,,
,,,,,,AL,PAULO JACINTO,1853,451,0,23,2,117,21,0,8,13,1125,43,11,0,27,4,0,0,0,0,0,8,,,,,
,,,,,,AL,PENEDO,26670,7857,0,380,41,1405,593,0,594,92,11510,2933,418,0,621,47,2,10,0,0,7,160,,,,,
,,,,,,AL,PIACABUCU,3500,1042,0,36,1,266,77,0,91,21,1415,370,23,0,128,1,0,0,0,0,3,26,,,,,
,,,,,,AL,PILAR,12674,4871,0,242,45,569,265,0,420,65,3877,1506,205,0,461,54,0,1,0,4,2,87,,,,,
,,,,,,AL,PINDOBA,617,147,0,7,1,40,8,0,1,1,376,8,4,0,19,3,0,0,0,0,0,2,,,,,
,,,,,,AL,PIRANHAS,8319,2086,0,120,4,456,106,0,5,122,4766,463,20,0,110,4,0,2,0,1,3,51,,,,,
,,,,,,AL,POCO DAS TRINCHEIRAS,4202,1007,0,105,8,261,49,0,0,85,2489,73,26,0,73,11,0,1,0,0,0,14,,,,,
,,,,,,AL,PORTO CALVO,8664,2686,0,342,13,385,212,0,65,145,3772,584,125,0,252,16,0,2,0,0,4,61,,,,,
,,,,,,AL,PORTO DE PEDRAS,2632,798,0,37,1,132,53,0,129,17,1172,185,10,0,69,0,0,0,0,0,1,28,,,,,
,,,,,,AL,PORTO REAL DO COLEGIO,4305,1112,0,68,6,216,61,0,13,44,2382,261,39,0,72,14,0,2,0,1,0,14,,,,,
,,,,,,AL,QUEBRANGULO,3127,769,0,45,2,219,66,0,5,25,1814,90,29,0,45,1,0,0,0,0,3,14,,,,,
,,,,,,AL,RIO LARGO,27352,11653,0,685,224,1399,682,0,1063,266,8980,763,342,0,809,286,1,2,0,0,10,187,,,,,
,,,,,,AL,ROTEIRO,1619,608,0,22,6,73,47,0,25,27,691,46,17,0,50,1,0,0,0,1,0,5,,,,,
,,,,,,AL,SANTA LUZIA DO NORTE,1897,807,0,33,0,95,43,0,59,6,693,47,46,0,60,1,0,0,0,0,0,7,,,,,
,,,,,,AL,SANTANA DO IPANEMA,29540,7480,0,1215,52,1704,422,0,37,453,15904,1084,118,0,667,184,0,13,0,1,12,194,,,,,
,,,,,,AL,SANTANA DO MUNDAU,4005,688,0,93,5,224,51,0,7,25,2630,178,16,0,65,6,0,1,0,0,0,16,,,,,
,,,,,,AL,SAO BRAS,843,225,0,8,0,44,20,0,1,2,484,40,10,0,5,0,0,0,0,0,1,3,,,,,
,,,,,,AL,SAO JOSE DA LAJE,5923,1695,0,155,2,279,147,0,34,77,2735,471,97,0,167,1,0,0,0,0,3,60,,,,,
,,,,,,AL,SAO JOSE DA TAPERA,7007,2250,0,158,11,380,137,0,7,101,3414,295,56,0,157,10,0,0,0,0,3,28,,,,,
,,,,,,AL,SAO LUIS DO QUITUNDE,7737,2657,0,329,15,368,143,0,192,51,2870,374,289,0,359,58,1,0,0,0,0,31,,,,,
,,,,,,AL,SAO MIGUEL DOS CAMPOS,23279,7194,0,431,157,885,455,0,169,195,9892,2364,297,0,712,329,0,5,0,2,2,190,,,,,
,,,,,,AL,SAO MIGUEL DOS MILAGRES,3287,1088,0,58,1,220,80,0,193,13,1240,277,8,0,72,2,0,1,0,1,1,32,,,,,
,,,,,,AL,SAO SEBASTIAO,13062,3021,0,419,89,730,118,0,69,60,6389,1367,279,0,340,114,0,1,0,1,2,63,,,,,
,,,,,,AL,SATUBA,7810,3546,0,150,45,440,243,0,189,42,2515,255,30,0,236,41,0,0,0,1,1,76,,,,,
,,,,,,AL,SENADOR RUI PALMEIRA,3249,801,0,89,1,248,44,0,4,48,1834,68,26,0,45,23,0,1,0,1,0,16,,,,,
,,,,,,AL,TANQUE D'ARCA,2016,527,0,25,2,90,29,0,6,19,1196,48,13,0,58,1,0,0,0,0,0,2,,,,,
,,,,,,AL,TAQUARANA,8376,1901,0,140,11,504,82,0,29,102,4958,395,54,0,153,14,0,0,0,0,0,33,,,,,
,,,,,,AL,TEOTONIO VILELA,13134,3643,0,262,64,642,162,0,243,87,5826,1397,267,0,365,103,0,3,0,0,5,65,,,,,
,,,,,,AL,TRAIPU,5838,1221,0,121,2,309,66,0,4,41,3730,211,48,0,57,0,0,1,0,1,1,25,,,,,
,,,,,,AL,UNIAO DOS PALMARES,26479,6636,0,661,48,1387,524,0,348,334,13871,1602,301,0,500,59,0,13,0,1,3,191,,,,,
,,,,,,AL,VICOSA,8561,2330,0,154,10,476,168,0,34,27,4775,271,59,0,183,21,2,3,0,0,0,48,,,,,
,,,,,,AM,ALVARAES,1183,25,0,21,0,53,1,0,0,0,763,289,8,0,1,0,0,0,0,0,22,0,,,,,
,,,,,,AM,AMATURA,465,8,0,9,0,20,4,0,0,1,277,140,2,0,3,0,0,0,0,0,1,0,,,,,
,,,,,,AM,ANAMA,351,15,0,1,0,11,1,0,2,1,236,74,6,0,1,0,0,0,0,0,3,0,,,,,
,,,,,,AM,ANORI,1104,29,0,22,4,48,6,0,1,2,725,262,2,0,0,1,0,0,0,0,2,0,,,,,
,,,,,,AM,APUI,6632,705,0,341,22,1144,54,0,0,6,3311,899,42,0,38,43,0,0,0,0,5,22,,,,,
,,,,,,AM,ATALAIA DO NORTE,906,28,0,7,0,42,5,0,0,2,464,352,5,0,0,0,0,0,0,0,0,1,,,,,
,,,,,,AM,AUTAZES,3941,383,0,81,0,233,47,0,5,13,2237,856,40,0,4,6,0,0,0,0,30,6,,,,,
,,,,,,AM,BARCELOS,1652,134,0,17,0,72,24,0,1,5,936,444,1,0,3,1,0,0,0,0,11,3,,,,,
,,,,,,AM,BARREIRINHA,1297,20,0,9,0,24,5,0,0,1,838,384,6,0,0,1,0,0,0,0,9,0,,,,,
,,,,,,AM,BENJAMIN CONSTANT,3071,102,0,26,1,75,20,0,0,6,1486,1341,4,0,0,3,0,0,0,0,5,2,,,,,
,,,,,,AM,BERURI,998,29,0,14,0,43,4,0,0,0,625,279,0,0,0,2,0,0,0,0,1,1,,,,,
,,,,,,AM,BOA VISTA DO RAMOS,995,20,0,5,0,24,4,0,3,0,687,244,2,0,0,0,0,0,0,0,6,0,,,,,
,,,,,,AM,BOCA DO ACRE,5603,770,0,99,13,350,37,0,1,10,3188,1044,15,0,26,35,0,1,0,0,9,5,,,,,
,,,,,,AM,BORBA,1560,81,0,31,1,78,17,0,1,0,897,440,6,0,0,1,0,0,0,0,7,0,,,,,
,,,,,,AM,CAAPIRANGA,530,29,0,10,0,41,2,0,1,1,251,182,8,0,0,1,0,0,0,0,4,0,,,,,
,,,,,,AM,CANUTAMA,715,27,0,9,0,35,2,0,0,0,409,220,3,0,0,0,0,0,0,0,10,0,,,,,
,,,,,,AM,CARAUARI,3880,138,0,58,1,120,21,0,0,2,2452,1033,5,0,6,0,0,0,0,0,39,5,,,,,
,,,,,,AM,CAREIRO,4504,813,0,121,5,475,183,0,5,75,2176,419,136,0,18,11,0,1,0,0,52,14,,,,,
,,,,,,AM,CAREIRO DA VARZEA,706,161,0,30,2,71,43,0,3,26,240,59,50,0,1,0,0,1,0,0,19,0,,,,,
,,,,,,AM,COARI,15716,832,0,153,9,456,106,0,11,7,9651,4378,19,0,9,2,0,3,0,0,64,16,,,,,
,,,,,,AM,CODAJAS,1405,61,0,16,0,71,6,0,1,6,914,316,4,0,0,0,0,1,0,0,5,4,,,,,
,,,,,,AM,EIRUNEPE,3309,138,0,46,0,113,18,0,0,4,2278,695,9,0,1,1,0,0,0,0,3,3,,,,,
,,,,,,AM,ENVIRA,728,28,0,18,0,43,12,0,0,0,507,112,5,0,0,0,0,0,0,0,2,1,,,,,
,,,,,,AM,FONTE BOA,2416,30,0,30,0,66,13,0,1,3,1864,406,0,0,1,1,0,0,0,0,1,0,,,,,
,,,,,,AM,GUAJARA,788,193,0,35,0,134,5,0,0,1,254,141,16,0,4,0,0,1,0,0,1,3,,,,,
,,,,,,AM,HUMAITA,15781,1816,0,514,124,1160,136,0,21,23,7294,4195,76,0,163,177,0,3,0,1,34,44,,,,,
,,,,,,AM,IPIXUNA,85,11,0,7,0,18,3,0,0,1,25,16,3,0,0,0,0,0,0,0,1,0,,,,,
,,,,,,AM,IRANDUBA,13196,2865,0,448,49,1268,258,0,29,67,6323,1414,179,0,87,106,0,6,0,1,48,48,,,,,
,,,,,,AM,ITACOATIARA,33022,4222,0,415,60,1242,319,0,31,49,14530,11653,203,0,88,93,0,5,0,1,74,37,,,,,
,,,,,,AM,ITAMARATI,501,17,0,16,0,22,4,0,0,1,365,71,3,0,0,0,0,0,0,0,0,2,,,,,
,,,,,,AM,ITAPIRANGA,1834,280,0,42,4,142,12,0,1,6,876,429,13,0,9,8,0,1,0,0,10,1,,,,,
,,,,,,AM,JAPURA,773,13,0,9,1,36,4,0,0,0,566,136,4,0,0,3,0,0,0,0,0,1,,,,,
,,,,,,AM,JURUA,855,11,0,12,0,41,3,0,0,0,601,181,4,0,0,0,0,0,0,0,1,1,,,,,
,,,,,,AM,JUTAI,1593,21,0,16,0,65,2,0,1,2,1266,212,4,0,1,2,0,0,0,0,0,1,,,,,
,,,,,,AM,LABREA,5742,307,0,114,5,333,31,0,1,8,3348,1519,13,0,10,13,0,0,0,0,26,14,,,,,
,,,,,,AM,MANACAPURU,27570,4188,0,463,25,1690,432,0,22,113,12829,7180,323,0,76,65,0,5,0,0,98,61,,,,,
,,,,,,AM,MANAQUIRI,1376,213,0,27,0,113,24,0,2,14,801,140,11,0,1,0,0,0,0,0,30,0,,,,,
,,,,,,AM,MANAUS,1042518,456273,0,19938,5947,105404,36293,2,2260,3426,325407,42413,9600,0,5339,16709,0,620,0,99,1599,11189,,,,,
,,,,,,AM,MANICORE,4913,275,0,110,19,322,18,0,2,7,2415,1626,58,0,13,15,0,0,0,0,22,11,,,,,
,,,,,,AM,MARAA,988,14,0,7,0,21,10,0,0,1,704,227,0,0,0,0,0,0,0,0,4,0,,,,,
,,,,,,AM,MAUES,8365,515,0,65,0,259,97,0,8,5,4387,2948,27,0,2,0,0,1,0,0,37,14,,,,,
,,,,,,AM,NHAMUNDA,1130,12,0,10,0,21,1,0,0,0,621,456,8,0,0,0,0,0,0,0,1,0,,,,,
,,,,,,AM,NOVA OLINDA DO NORTE,1993,96,0,32,1,113,10,0,1,11,1000,705,12,0,1,0,0,0,0,0,11,0,,,,,
,,,,,,AM,NOVO AIRAO,2531,498,0,43,0,184,34,0,2,13,1216,490,17,0,9,2,0,1,0,0,15,7,,,,,
,,,,,,AM,NOVO ARIPUANA,1573,45,0,24,1,57,10,0,0,6,1038,363,10,0,6,3,0,2,0,0,6,2,,,,,
,,,,,,AM,PARINTINS,30388,2071,0,212,3,677,205,0,51,12,15423,11257,35,0,9,15,0,4,0,0,371,43,,,,,
,,,,,,AM,PAUINI,593,24,0,6,0,26,8,0,0,1,422,102,1,0,0,0,0,0,0,0,2,1,,,,,
,,,,,,AM,PRESIDENTE FIGUEIREDO,10407,2653,0,408,119,1234,422,0,9,77,4018,921,159,0,139,173,0,5,0,1,33,36,,,,,
,,,,,,AM,RIO PRETO DA EVA,7351,1448,0,282,46,892,162,0,13,32,3548,641,104,0,52,90,0,1,0,0,19,21,,,,,
,,,,,,AM,SANTA ISABEL DO RIO NEGRO,754,20,0,15,0,35,8,0,2,4,391,270,4,0,0,0,0,0,0,0,4,1,,,,,
,,,,,,AM,SANTO ANTONIO DO ICA,1388,13,0,21,0,48,9,0,0,2,970,322,1,0,1,1,0,0,0,0,0,0,,,,,
,,,,,,AM,SAO GABRIEL DA CACHOEIRA,6227,1621,0,123,2,499,100,0,4,24,2403,1344,42,0,12,4,0,4,0,0,32,13,,,,,
,,,,,,AM,SAO PAULO DE OLIVENCA,1912,26,0,16,0,44,8,0,0,1,1381,425,7,0,2,0,0,0,0,0,2,0,,,,,
,,,,,,AM,SAO SEBASTIAO DO UATUMA,550,33,0,10,0,16,1,0,0,1,354,124,2,0,2,0,0,0,0,0,7,0,,,,,
,,,,,,AM,SILVES,998,79,0,19,1,82,17,0,0,14,462,149,7,0,7,110,0,1,0,0,49,1,,,,,
,,,,,,AM,TABATINGA,13798,1280,0,114,1,391,170,0,5,18,6437,5270,10,0,5,4,0,4,0,0,51,38,,,,,
,,,,,,AM,TAPAUA,1094,33,0,14,0,62,7,0,1,0,658,311,4,0,0,0,0,0,0,0,4,0,,,,,
,,,,,,AM,TEFE,17693,1207,0,111,2,466,105,0,5,24,10201,5329,28,0,11,9,0,4,0,0,157,34,,,,,
,,,,,,AM,TONANTINS,755,10,0,6,0,21,3,0,0,0,533,176,1,0,2,1,0,0,0,0,2,0,,,,,
,,,,,,AM,UARINI,974,9,0,17,0,27,2,0,0,1,750,157,2,0,0,2,0,0,0,0,6,1,,,,,
,,,,,,AM,URUCARA,1320,44,0,31,2,56,8,0,0,3,754,403,6,0,0,3,0,0,0,0,10,0,,,,,
,,,,,,AM,URUCURITUBA,1116,37,0,9,0,50,17,0,3,0,671,317,2,0,0,2,0,0,0,0,8,0,,,,,
,,,,,,AP,AMAPA,974,329,0,32,2,55,31,0,44,6,384,69,5,0,9,0,0,1,0,0,3,4,,,,,
,,,,,,AP,CALCOENE,1451,312,0,44,8,104,24,0,86,2,744,89,7,0,13,16,0,0,0,0,2,0,,,,,
,,,,,,AP,CUTIAS,232,65,0,10,1,18,10,0,4,3,102,18,1,0,0,0,0,0,0,0,0,0,,,,,
,,,,,,AP,FERREIRA GOMES,851,327,0,31,6,63,32,0,19,11,269,62,9,0,11,9,0,0,0,0,0,2,,,,,
,,,,,,AP,ITAUBAL,316,95,0,18,0,21,6,0,20,3,133,14,4,0,2,0,0,0,0,0,0,0,,,,,
,,,,,,AP,LARANJAL DO JARI,7634,1895,0,146,4,524,188,0,121,12,3732,890,37,0,12,13,0,4,0,0,9,47,,,,,
,,,,,,AP,MACAPA,224995,88992,0,3743,587,25633,6383,1,4638,469,71050,16309,989,0,1860,1160,17,315,0,9,354,2486,,,,,
,,,,,,AP,MAZAGAO,1904,817,0,55,5,124,51,0,66,18,600,88,45,0,10,10,0,1,0,0,4,10,,,,,
,,,,,,AP,OIAPOQUE,6305,1666,0,119,35,426,128,0,226,12,2810,714,34,0,23,51,0,6,0,0,10,45,,,,,
,,,,,,AP,PEDRA BRANCA DO AMAPARI,1173,338,0,58,4,101,64,0,65,10,404,81,29,0,7,3,0,0,0,1,5,3,,,,,
,,,,,,AP,PORTO GRANDE,3574,1148,0,107,15,222,128,0,87,24,1412,259,93,0,25,32,1,6,0,0,4,11,,,,,
,,,,,,AP,PRACUUBA,252,92,0,16,0,25,6,0,5,4,89,7,2,0,4,1,0,0,0,0,0,1,,,,,
,,,,,,AP,SANTANA,41691,14895,0,817,198,3721,1024,0,806,78,14283,3661,360,0,250,1146,15,115,0,1,79,242,,,,,
,,,,,,AP,SERRA DO NAVIO,653,265,0,23,2,44,46,0,7,5,217,25,8,0,4,5,0,1,0,0,0,1,,,,,
,,,,,,AP,TARTARUGALZINHO,1119,314,0,51,3,79,44,0,72,13,475,44,4,0,11,3,0,3,0,0,2,1,,,,,
,,,,,,AP,VITORIA DO JARI,659,161,0,24,1,60,7,0,12,5,305,69,7,0,0,3,0,0,0,0,1,4,,,,,
,,,,,,BA,ABAIRA,2898,1257,0,77,14,373,72,0,0,39,901,95,15,0,13,16,0,1,0,0,0,25,,,,,
,,,,,,BA,ABARE,3352,853,0,70,1,269,73,0,3,49,1878,69,35,0,31,1,0,0,0,0,2,18,,,,,
,,,,,,BA,ACAJUTIBA,3927,1144,0,106,1,275,60,0,11,22,1746,428,33,0,76,3,0,2,0,0,2,18,,,,,
,,,,,,BA,ADUSTINA,3075,381,0,31,4,191,16,0,1,5,2182,197,15,0,18,21,0,1,0,0,7,5,,,,,
,,,,,,BA,AGUA FRIA,3044,1100,0,45,0,185,54,0,6,28,1394,111,62,0,40,0,0,4,0,0,2,13,,,,,
,,,,,,BA,AIQUARA,759,283,0,9,0,78,19,0,0,9,311,29,6,0,12,0,0,1,0,0,0,2,,,,,
,,,,,,BA,ALAGOINHAS,74753,29402,0,1390,410,5312,1930,0,625,494,21780,8939,801,0,1794,747,4,76,0,20,43,986,,,,,
,,,,,,BA,ALCOBACA,6238,2254,0,114,6,626,149,0,27,13,2162,583,45,0,163,5,0,3,0,0,5,83,,,,,
,,,,,,BA,ALMADINA,1031,498,0,18,0,78,43,0,1,5,318,43,6,0,17,0,0,0,0,0,1,3,,,,,
,,,,,,BA,AMARGOSA,16598,6379,0,362,31,1506,300,0,490,97,6051,836,128,0,212,35,0,20,0,0,9,142,,,,,
,,,,,,BA,AMELIA RODRIGUES,9072,3302,0,460,163,501,285,0,101,118,2542,1078,55,0,235,169,1,12,0,2,11,37,,,,,
,,,,,,BA,AMERICA DOURADA,3503,1571,0,67,7,269,43,0,2,25,1374,76,23,0,26,5,0,2,0,0,1,12,,,,,
,,,,,,BA,ANAGE,4757,1929,0,181,34,451,72,0,12,95,1645,152,57,0,62,44,0,2,0,1,0,20,,,,,
,,,,,,BA,ANDARAI,2608,846,0,68,7,302,50,0,1,33,1142,51,34,0,28,11,0,3,0,0,4,28,,,,,
,,,,,,BA,ANDORINHA,4774,1757,0,100,11,532,132,0,23,29,1932,97,65,0,57,17,0,4,0,1,0,17,,,,,
,,,,,,BA,ANGICAL,3364,1102,0,67,9,414,43,0,11,26,1361,185,51,0,72,8,0,0,0,0,1,14,,,,,
,,,,,,BA,ANGUERA,1972,762,0,32,8,98,57,0,2,9,852,63,20,0,35,16,0,1,0,0,2,15,,,,,
,,,,,,BA,ANTAS,3734,815,0,65,4,229,46,0,4,13,2081,368,19,0,62,8,0,2,0,0,0,18,,,,,
,,,,,,BA,ANTONIO CARDOSO,2201,730,0,23,5,82,36,0,3,35,1145,72,29,0,22,14,0,1,0,0,0,4,,,,,
,,,,,,BA,ANTONIO GONCALVES,2568,898,0,43,9,214,45,0,7,22,1164,98,24,0,27,10,0,0,0,0,0,7,,,,,
,,,,,,BA,APORA,4113,1213,0,64,4,237,55,0,4,42,2039,302,50,0,78,8,0,5,0,0,0,12,,,,,
,,,,,,BA,APUAREMA,1868,517,0,36,1,169,47,0,0,7,963,98,11,0,11,0,0,0,0,0,0,8,,,,,
,,,,,,BA,ARACAS,3127,1326,0,116,10,234,49,0,4,23,1020,211,46,0,67,7,0,3,0,0,3,8,,,,,
,,,,,,BA,ARACATU,4381,1680,0,188,46,524,73,0,4,54,1523,148,44,0,22,51,0,2,0,0,2,20,,,,,
,,,,,,BA,ARACI,13257,5445,0,362,43,1337,429,0,25,67,4402,639,149,0,166,44,0,39,0,0,9,101,,,,,
,,,,,,BA,ARAMARI,2186,793,0,31,3,133,33,0,9,10,970,134,20,0,25,10,0,1,0,0,0,14,,,,,
,,,,,,BA,ARATACA,1723,614,0,49,2,183,45,0,1,4,720,47,13,0,34,0,0,2,0,0,0,9,,,,,
,,,,,,BA,ARATUIPE,2029,627,0,50,0,159,59,0,0,17,1017,41,28,0,21,0,0,2,0,0,1,7,,,,,
,,,,,,BA,AURELINO LEAL,2229,867,0,50,5,193,128,0,8,9,767,130,18,0,30,5,0,2,0,0,1,16,,,,,
,,,,,,BA,BAIANOPOLIS,3579,1217,0,92,29,471,54,0,5,13,1310,187,58,0,88,40,0,2,0,0,0,13,,,,,
,,,,,,BA,BAIXA GRANDE,4992,1849,0,155,5,570,105,0,2,91,1874,178,61,0,57,2,0,5,0,0,1,37,,,,,
,,,,,,BA,BANZAE,2643,682,0,34,0,237,57,0,11,12,1284,249,46,0,21,1,0,0,0,0,0,9,,,,,
,,,,,,BA,BARRA,10392,2240,0,143,9,1215,348,0,29,60,5055,1005,69,0,94,18,0,1,0,1,2,103,,,,,
,,,,,,BA,BARRA DA ESTIVA,12083,4183,0,511,51,2074,294,0,2,144,3710,692,126,0,101,75,0,5,0,2,2,111,,,,,
,,,,,,BA,BARRA DO CHOCA,9176,3722,0,265,31,984,181,0,28,351,2820,486,72,0,123,43,0,4,0,0,1,65,,,,,
,,,,,,BA,BARRA DO MENDES,3074,1289,0,90,10,466,131,0,0,37,835,82,46,0,30,13,0,3,0,1,0,41,,,,,
,,,,,,BA,BARRA DO ROCHA,1123,499,0,19,5,111,37,0,1,11,372,33,14,0,12,3,0,0,0,0,1,5,,,,,
,,,,,,BA,BARREIRAS,112510,39940,0,3302,1280,12424,3117,0,892,331,31553,10667,585,0,4003,2280,7,45,0,7,35,2042,,,,,
,,,,,,BA,BARRO ALTO,2981,1231,0,68,31,343,70,0,1,20,1034,85,28,0,15,39,0,1,0,0,1,14,,,,,
,,,,,,BA,BARRO PRETO,984,423,0,23,0,98,34,0,0,4,317,34,23,0,21,0,0,2,0,0,0,5,,,,,
,,,,,,BA,BARROCAS,6556,2441,0,163,9,382,98,0,7,23,2664,622,46,0,64,9,0,5,0,0,1,22,,,,,
,,,,,,BA,BELMONTE,3853,1229,0,79,1,419,110,0,8,17,1502,320,24,0,107,7,0,1,0,0,3,26,,,,,
,,,,,,BA,BELO CAMPO,4434,2129,0,184,37,481,93,0,8,52,1103,164,62,0,44,36,0,6,0,0,2,33,,,,,
,,,,,,BA,BIRITINGA,3571,1379,0,52,1,254,61,0,5,22,1568,108,56,0,40,1,0,9,0,0,0,15,,,,,
,,,,,,BA,BOA NOVA,2133,1002,0,47,24,249,68,0,3,67,536,60,25,0,21,22,0,1,0,0,0,8,,,,,
,,,,,,BA,BOA VISTA DO TUPIM,3754,1215,0,87,6,375,97,0,2,30,1657,194,25,0,43,8,0,5,0,0,0,10,,,,,
,,,,,,BA,BOM JESUS DA LAPA,30009,7461,0,602,105,2724,489,0,92,123,15186,2024,205,0,464,150,7,11,0,1,22,343,,,,,
,,,,,,BA,BOM JESUS DA SERRA,1677,721,0,53,3,183,58,0,0,85,498,26,32,0,8,1,0,0,0,0,0,9,,,,,
,,,,,,BA,BONINAL,4767,1922,0,128,21,706,130,0,1,50,1538,128,45,0,29,30,0,2,0,0,1,36,,,,,
,,,,,,BA,BONITO,2967,1472,0,158,5,503,83,0,0,25,565,60,36,0,26,10,0,2,0,0,1,21,,,,,
,,,,,,BA,BOQUIRA,6605,1935,0,148,11,666,104,0,4,19,3245,308,93,0,24,17,0,3,0,0,1,27,,,,,
,,,,,,BA,BOTUPORA,3172,1300,0,81,7,359,71,0,0,17,1041,189,57,0,19,11,0,2,0,0,1,17,,,,,
,,,,,,BA,BREJOES,3295,1482,0,107,29,395,71,0,1,16,951,105,48,0,41,30,0,6,0,0,1,12,,,,,
,,,,,,BA,BREJOLANDIA,2635,668,0,49,0,253,34,0,1,10,1493,71,22,0,25,4,0,0,0,0,0,5,,,,,
,,,,,,BA,BROTAS DE MACAUBAS,2892,1327,0,54,4,444,110,0,0,73,771,41,28,0,23,9,0,1,0,0,0,7,,,,,
,,,,,,BA,BRUMADO,51594,15900,0,2110,1079,4429,983,0,141,316,20376,2965,441,0,550,1794,1,33,0,15,17,444,,,,,
,,,,,,BA,BUERAREMA,4794,1697,0,190,17,538,131,0,7,13,1769,198,74,0,106,15,0,4,0,0,6,29,,,,,
,,,,,,BA,BURITIRAMA,2340,772,0,60,1,369,90,0,2,38,839,106,28,0,19,1,0,0,0,0,1,14,,,,,
,,,,,,BA,CAATIBA,1334,495,0,19,2,136,40,0,1,11,583,14,7,0,16,2,0,0,0,0,2,6,,,,,
,,,,,,BA,CABACEIRAS DO PARAGUACU,3661,1200,0,122,12,314,51,0,1,42,1609,139,78,0,42,15,0,5,0,0,1,30,,,,,
,,,,,,BA,CACHOEIRA,8774,3842,0,245,29,742,321,0,10,155,2670,304,127,0,153,47,4,11,0,0,4,110,,,,,
,,,,,,BA,CACULE,10451,3886,0,568,79,1325,350,0,1,66,3251,545,57,0,112,88,0,3,0,2,4,114,,,,,
,,,,,,BA,CAEM,2447,905,0,37,3,237,41,0,3,40,1080,32,24,0,29,4,0,3,0,0,1,8,,,,,
,,,,,,BA,CAETANOS,2097,660,0,106,28,242,40,0,1,17,925,36,27,0,6,5,0,1,0,0,1,2,,,,,
,,,,,,BA,CAETITE,24317,10250,0,1190,107,3435,585,0,10,258,6021,1409,307,0,288,183,0,11,0,1,1,261,,,,,
,,,,,,BA,CAFARNAUM,4581,1745,0,107,6,531,98,0,1,21,1779,115,72,0,32,27,0,0,0,0,0,47,,,,,
,,,,,,BA,CAIRU,1369,375,0,19,2,236,86,0,5,20,461,54,28,0,32,0,0,2,0,0,5,44,,,,,
,,,,,,BA,CALDEIRAO GRANDE,3150,1202,0,43,2,185,55,0,3,18,1502,78,28,0,27,4,0,0,0,0,1,2,,,,,
,,,,,,BA,CAMACAN,8338,2865,0,257,30,890,213,0,7,33,3158,545,72,0,155,38,1,7,0,0,1,66,,,,,
,,,,,,BA,CAMACARI,131082,58435,0,2950,1376,8712,4765,0,2526,701,34642,7819,1163,0,3394,2354,22,74,0,15,60,2074,,,,,
,,,,,,BA,CAMAMU,9080,3029,0,219,11,963,237,0,11,77,3709,582,58,0,92,16,0,7,0,0,0,69,,,,,
,,,,,,BA,CAMPO ALEGRE DE LOURDES,2557,359,0,69,37,241,74,0,5,14,1512,134,22,0,5,69,0,0,0,0,0,16,,,,,
,,,,,,BA,CAMPO FORMOSO,24875,8496,0,452,104,2970,854,0,40,87,10202,1017,183,0,175,122,1,12,0,0,2,158,,,,,
,,,,,,BA,CANAPOLIS,2707,547,0,32,5,311,31,0,1,39,1588,75,18,0,48,5,0,0,0,0,0,7,,,,,
,,,,,,BA,CANARANA,7535,3084,0,245,55,761,135,0,5,65,2797,109,58,0,48,112,0,6,0,0,2,53,,,,,
,,,,,,BA,CANAVIEIRAS,8354,2358,0,134,2,839,257,0,30,32,3897,524,25,0,156,1,0,4,0,1,12,82,,,,,
,,,,,,BA,CANDEAL,1343,394,0,41,0,90,25,0,1,33,631,49,31,0,44,0,0,0,0,0,2,2,,,,,
,,,,,,BA,CANDEIAS,35153,13981,0,1002,1134,1950,958,0,76,396,7692,3671,474,0,603,2826,1,34,0,18,5,332,,,,,
,,,,,,BA,CANDIBA,4342,2024,0,82,11,595,61,0,1,6,1264,186,27,0,29,21,0,3,0,0,1,31,,,,,
,,,,,,BA,CANDIDO SALES,8339,3723,0,400,47,1119,185,0,11,84,1984,303,83,0,276,56,0,6,0,0,2,60,,,,,
,,,,,,BA,CANSANCAO,10819,4143,0,271,17,932,239,0,5,88,4077,622,132,0,193,16,0,8,0,0,1,75,,,,,
,,,,,,BA,CANUDOS,4383,1395,0,84,4,415,98,0,12,26,2055,148,58,0,57,4,0,6,0,0,0,21,,,,,
,,,,,,BA,CAPELA DO ALTO ALEGRE,3568,1203,0,96,26,273,63,0,2,33,1609,94,33,0,88,31,0,0,0,0,1,16,,,,,
,,,,,,BA,CAPIM GROSSO,22173,6516,0,838,219,1814,479,0,36,141,9540,1272,194,0,629,302,0,16,0,0,4,173,,,,,
,,,,,,BA,CARAIBAS,1966,885,0,98,15,233,45,0,4,55,503,51,30,0,26,12,0,1,0,0,1,7,,,,,
,,,,,,BA,CARAVELAS,4342,1675,0,60,15,359,102,0,10,34,1327,442,44,0,132,97,0,1,0,1,1,42,,,,,
,,,,,,BA,CARDEAL DA SILVA,1878,773,0,61,2,158,27,0,1,14,658,67,50,0,41,6,0,3,0,0,0,17,,,,,
,,,,,,BA,CARINHANHA,7696,2481,0,185,42,952,143,0,6,82,3379,117,56,0,106,81,0,0,0,0,3,63,,,,,
,,,,,,BA,CASA NOVA,20165,5637,0,600,21,2468,392,0,63,270,9550,472,324,0,208,43,0,4,0,0,12,101,,,,,
,,,,,,BA,CASTRO ALVES,7478,2386,0,196,59,642,175,0,11,40,3012,563,101,0,149,81,0,9,0,0,5,49,,,,,
,,,,,,BA,CATOLANDIA,693,245,0,20,2,88,12,0,6,2,258,28,11,0,16,0,0,1,0,0,0,4,,,,,
,,,,,,BA,CATU,21740,8913,0,493,225,1908,611,0,174,144,5467,2215,185,0,689,486,1,11,0,23,17,178,,,,,
,,,,,,BA,CATURAMA,2728,1018,0,56,12,247,55,0,0,24,1159,92,28,0,9,13,0,1,0,0,2,12,,,,,
,,,,,,BA,CENTRAL,4465,1997,0,135,13,372,92,0,2,48,1612,94,24,0,21,22,0,6,0,0,2,25,,,,,
,,,,,,BA,CHORROCHO,1801,603,0,56,0,183,55,0,0,8,806,26,23,0,20,1,0,0,0,0,0,20,,,,,
,,,,,,BA,CICERO DANTAS,14520,3603,0,179,18,1094,178,0,40,44,7377,1549,83,0,224,13,0,3,0,0,16,99,,,,,
,,,,,,BA,CIPO,9112,2024,0,69,5,359,107,0,19,26,4847,1274,36,0,279,5,0,3,0,0,8,51,,,,,
,,,,,,BA,COARACI,5225,2129,0,137,1,542,210,0,7,10,1699,298,41,0,103,1,0,4,0,0,2,41,,,,,
,,,,,,BA,COCOS,6936,2106,0,142,11,1030,181,0,6,9,3046,230,53,0,60,23,0,3,0,1,2,33,,,,,
,,,,,,BA,CONCEICAO DA FEIRA,12520,4739,0,475,131,1296,327,0,28,234,4063,704,70,0,127,165,0,10,0,2,3,146,,,,,
,,,,,,BA,CONCEICAO DO ALMEIDA,4761,1641,0,184,8,438,87,0,2,49,1858,330,56,0,59,11,0,4,0,0,0,34,,,,,
,,,,,,BA,CONCEICAO DO COITE,33285,12843,0,811,125,2633,837,0,31,220,10985,3392,240,0,624,154,0,42,0,0,12,336,,,,,
,,,,,,BA,CONCEICAO DO JACUIPE,17305,4946,0,495,250,1210,386,0,159,195,6216,2416,49,0,386,427,0,9,0,0,22,139,,,,,
,,,,,,BA,CONDE,5281,1398,0,69,0,362,99,0,19,33,2648,479,30,0,104,3,0,2,0,0,1,34,,,,,
,,,,,,BA,CONDEUBA,4808,2037,0,146,27,600,104,0,5,65,1355,287,78,0,41,25,0,5,0,0,3,30,,,,,
,,,,,,BA,CONTENDAS DO SINCORA,1188,411,0,39,2,130,21,0,1,15,493,42,15,0,15,0,0,0,0,0,0,4,,,,,
,,,,,,BA,CORACAO DE MARIA,8818,2481,0,200,51,678,130,0,20,76,3828,1043,102,0,113,32,0,5,0,0,2,57,,,,,
,,,,,,BA,CORDEIROS,2237,988,0,50,8,292,54,0,1,19,644,83,27,0,27,12,0,1,0,0,0,31,,,,,
,,,,,,BA,CORIBE,4389,1412,0,81,6,631,77,0,1,38,1887,124,35,0,64,13,0,1,0,0,1,18,,,,,
,,,,,,BA,CORONEL JOAO SA,3603,337,0,22,7,124,13,0,0,4,2906,121,30,0,11,20,0,1,0,0,0,7,,,,,
,,,,,,BA,CORRENTINA,13688,3206,0,324,116,1624,260,0,14,99,6371,938,142,0,270,237,0,5,0,0,7,75,,,,,
,,,,,,BA,COTEGIPE,2985,770,0,96,4,413,44,0,2,26,1171,357,33,0,51,3,0,1,0,0,0,14,,,,,
,,,,,,BA,CRAVOLANDIA,906,361,0,26,0,93,23,0,1,8,363,11,11,0,8,0,0,0,0,0,0,1,,,,,
,,,,,,BA,CRISOPOLIS,5868,1568,0,96,10,336,65,0,0,51,3208,371,64,0,57,14,0,3,0,0,2,23,,,,,
,,,,,,BA,CRISTOPOLIS,3835,1305,0,94,36,654,69,0,3,15,1230,233,42,0,93,40,0,1,0,0,2,18,,,,,
,,,,,,BA,CRUZ DAS ALMAS,41190,13878,0,1353,196,2851,916,0,130,452,16865,2904,167,0,752,286,0,44,0,0,13,383,,,,,
,,,,,,BA,CURACA,5705,1499,0,131,2,737,114,0,69,78,2770,102,71,0,81,3,1,1,0,0,0,46,,,,,
,,,,,,BA,DARIO MEIRA,1897,814,0,30,3,208,65,0,0,37,682,15,12,0,15,3,0,1,0,0,0,12,,,,,
,,,,,,BA,DIAS D'AVILA,28890,12967,0,853,611,1811,892,0,771,152,6451,1749,415,0,851,1084,1,28,0,4,12,238,,,,,
,,,,,,BA,DOM BASILIO,6147,1556,0,478,46,628,93,0,0,38,3057,90,61,0,17,45,0,2,0,0,2,34,,,,,
,,,,,,BA,DOM MACEDO COSTA,1394,485,0,26,1,99,38,0,4,35,607,57,11,0,21,1,0,0,0,0,0,9,,,,,
,,,,,,BA,ELISIO MEDRADO,2464,949,0,54,1,220,34,0,10,32,1017,77,25,0,29,0,0,4,0,0,1,11,,,,,
,,,,,,BA,ENCRUZILHADA,5302,2160,0,224,20,827,128,0,2,67,1596,101,29,0,68,20,1,1,0,0,1,57,,,,,
,,,,,,BA,ENTRE RIOS,13036,4425,0,314,61,1130,236,0,34,139,4784,1218,156,0,363,65,0,6,0,0,8,97,,,,,
,,,,,,BA,ERICO CARDOSO,3074,993,0,48,3,374,99,0,1,30,1405,57,35,0,6,4,0,0,0,0,0,19,,,,,
,,,,,,BA,ESPLANADA,10011,3288,0,168,42,786,150,0,37,51,3720,1206,177,0,267,35,0,2,0,0,8,74,,,,,
,,,,,,BA,EUCLIDES DA CUNHA,22424,7196,0,417,56,1734,480,0,113,118,9866,1473,376,0,276,70,2,6,0,1,27,213,,,,,
,,,,,,BA,EUNAPOLIS,67899,21647,0,2042,293,6191,1749,0,546,142,22904,8156,670,0,2432,383,14,40,0,2,45,643,,,,,
,,,,,,BA,FATIMA,4005,852,0,38,10,259,37,0,3,13,2350,366,29,0,26,7,0,1,0,0,2,12,,,,,
,,,,,,BA,FEIRA DA MATA,1499,518,0,19,4,195,34,0,2,11,649,20,10,0,20,10,0,0,0,0,0,7,,,,,
,,,,,,BA,FEIRA DE SANTANA,386511,155217,0,10776,3167,29719,11528,0,5712,1549,111386,36246,1547,0,9145,4145,109,415,1,28,293,5528,,,,,
,,,,,,BA,FILADELFIA,5821,1932,0,192,24,490,69,0,9,22,2758,138,42,0,86,27,0,1,0,0,0,31,,,,,
,,,,,,BA,FIRMINO ALVES,1062,511,0,24,0,112,26,0,0,1,333,22,6,0,25,0,0,0,0,0,0,2,,,,,
,,,,,,BA,FLORESTA AZUL,1999,840,0,58,1,176,65,0,3,13,673,111,8,0,39,0,0,0,0,1,0,11,,,,,
,,,,,,BA,FORMOSA DO RIO PRETO,7474,1794,0,278,155,1025,145,0,100,29,2277,893,40,0,246,397,1,4,0,1,4,85,,,,,
,,,,,,BA,GANDU,14861,5625,0,395,23,1593,512,0,6,330,5087,857,50,0,180,36,0,21,0,0,28,118,,,,,
,,,,,,BA,GAVIAO,1364,462,0,42,5,156,28,0,0,19,573,19,13,0,42,3,0,0,0,0,0,2,,,,,
,,,,,,BA,GENTIO DO OURO,2529,723,0,38,2,564,127,0,0,29,983,14,20,0,11,5,0,3,0,0,1,9,,,,,
,,,,,,BA,GLORIA,4998,1551,0,95,6,447,96,0,21,30,2382,221,58,0,62,13,0,0,0,0,0,16,,,,,
,,,,,,BA,GONGOGI,932,441,0,24,0,69,45,0,0,14,286,32,6,0,10,0,0,1,0,0,0,4,,,,,
,,,,,,BA,GOVERNADOR MANGABEIRA,9711,3651,0,540,43,697,135,0,12,77,3573,587,69,0,167,68,9,8,0,0,9,66,,,,,
,,,,,,BA,GUAJERU,1714,756,0,36,2,183,23,0,0,28,567,73,23,0,12,4,0,0,0,0,0,7,,,,,
,,,,,,BA,GUANAMBI,65546,22117,0,1667,255,7236,1057,0,96,151,26091,4498,306,0,745,374,0,27,0,0,22,904,,,,,
,,,,,,BA,GUARATINGA,5279,1455,0,109,1,540,151,0,2,15,2595,244,53,0,62,3,0,3,0,0,3,43,,,,,
,,,,,,BA,HELIOPOLIS,2783,701,0,28,0,161,45,0,2,16,1489,263,35,0,19,2,0,3,0,0,4,15,,,,,
,,,,,,BA,IACU,7420,2578,0,193,21,684,145,0,9,51,2988,556,56,0,69,30,0,4,0,1,1,34,,,,,
,,,,,,BA,IBIASSUCE,3571,1473,0,132,19,479,97,0,1,35,1044,179,30,0,31,24,0,1,0,0,1,25,,,,,
,,,,,,BA,IBICARAI,6626,2740,0,160,22,575,269,0,16,32,2130,393,47,1,146,15,0,8,0,0,5,67,,,,,
,,,,,,BA,IBICOARA,7937,2688,0,378,56,1308,180,0,5,196,2509,230,177,0,83,73,0,2,0,1,3,48,,,,,
,,,,,,BA,IBICUI,3721,1334,0,83,3,432,100,0,4,35,1492,119,23,0,59,6,0,2,0,0,2,27,,,,,
,,,,,,BA,IBIPEBA,3642,1521,0,87,4,479,111,0,0,36,1217,94,27,0,22,6,0,2,0,0,1,35,,,,,
,,,,,,BA,IBIPITANGA,6400,1812,0,140,28,640,117,0,1,57,2924,455,85,0,33,71,0,2,0,0,2,33,,,,,
,,,,,,BA,IBIQUERA,720,306,0,11,1,58,9,0,0,9,295,12,6,0,7,1,0,3,0,0,0,2,,,,,
,,,,,,BA,IBIRAPITANGA,4159,1749,0,107,5,506,132,0,4,110,1266,174,35,0,52,4,0,2,0,0,1,12,,,,,
,,,,,,BA,IBIRAPUA,3032,991,0,167,34,298,41,0,1,9,1096,166,38,0,96,72,0,1,0,0,0,22,,,,,
,,,,,,BA,IBIRATAIA,6023,1903,0,116,28,499,229,0,6,74,2593,421,19,0,67,22,0,3,0,0,1,42,,,,,
,,,,,,BA,IBITIARA,5920,2104,0,234,39,679,132,0,0,80,2293,138,70,0,39,82,0,4,0,0,0,26,,,,,
,,,,,,BA,IBITITA,4038,2018,0,69,3,369,93,0,2,23,1304,55,37,0,29,5,0,2,0,0,1,28,,,,,
,,,,,,BA,IBOTIRAMA,14511,4547,0,415,121,1307,226,0,82,114,5519,1415,59,0,372,207,0,9,0,0,17,101,,,,,
,,,,,,BA,ICHU,2284,774,0,45,1,134,35,0,0,32,1071,99,18,0,58,3,0,2,0,0,1,11,,,,,
,,,,,,BA,IGAPORA,4004,1719,0,119,33,646,105,0,0,51,1036,97,55,0,48,61,0,1,0,0,4,29,,,,,
,,,,,,BA,IGRAPIUNA,2417,745,0,53,0,254,71,0,2,85,1104,51,27,0,11,0,0,3,0,0,0,11,,,,,
,,,,,,BA,IGUAI,4765,1725,0,85,1,549,145,0,3,63,1917,109,77,0,51,5,0,0,0,0,0,35,,,,,
,,,,,,BA,ILHEUS,60408,27193,0,1042,115,5324,2682,0,400,267,17528,2818,376,0,1396,170,0,64,0,9,102,922,,,,,
,,,,,,BA,INHAMBUPE,12948,3753,0,297,52,951,236,0,15,133,5730,1209,179,0,212,78,0,4,0,0,14,85,,,,,
,,,,,,BA,IPECAETA,3673,1412,0,63,8,345,74,0,4,23,1434,124,88,0,34,18,0,2,0,0,2,42,,,,,
,,,,,,BA,IPIAU,19648,6588,0,507,30,1718,606,0,47,112,7585,1738,121,0,309,47,0,28,0,1,17,194,,,,,
,,,,,,BA,IPIRA,27843,8281,0,773,304,2944,605,0,23,151,12504,939,255,0,365,456,0,15,0,0,11,217,,,,,
,,,,,,BA,IPUPIARA,3646,1035,0,107,8,708,140,0,1,36,1454,42,18,0,34,11,0,0,0,1,7,44,,,,,
,,,,,,BA,IRAJUBA,1588,601,0,62,6,197,41,0,0,11,544,70,26,0,12,7,0,4,0,0,0,7,,,,,
,,,,,,BA,IRAMAIA,1814,648,0,53,10,242,40,0,1,21,663,62,25,0,11,26,0,4,0,0,1,7,,,,,
,,,,,,BA,IRAQUARA,7138,3084,0,202,121,821,176,0,0,54,2162,93,94,0,91,194,0,0,0,0,3,43,,,,,
,,,,,,BA,IRARA,10414,3635,0,219,25,677,152,0,25,43,4541,755,116,0,128,24,0,7,0,0,8,59,,,,,
,,,,,,BA,IRECE,49856,17260,0,1458,209,4764,1102,0,359,184,19415,2896,334,0,735,295,15,45,0,0,66,719,,,,,
,,,,,,BA,ITABELA,12665,3640,0,457,34,1391,294,0,14,33,5134,992,187,0,342,42,0,2,0,0,8,95,,,,,
,,,,,,BA,ITABERABA,34917,9926,0,818,162,3073,763,0,190,161,14357,4408,137,0,406,242,2,22,0,0,11,239,,,,,
,,,,,,BA,ITABUNA,100715,41346,0,2416,314,8078,3445,0,1092,167,29640,8471,1032,0,2410,870,1,141,0,4,76,1212,,,,,
,,,,,,BA,ITACARE,5789,1850,0,92,10,618,278,0,19,59,2253,365,23,0,102,11,0,5,0,0,11,93,,,,,
,,,,,,BA,ITAETE,3547,1163,0,89,4,427,69,0,0,36,1558,124,34,0,25,4,0,2,0,0,4,8,,,,,
,,,,,,BA,ITAGI,2883,903,0,55,0,332,55,0,1,11,1358,115,17,0,15,0,0,2,0,0,1,18,,,,,
,,,,,,BA,ITAGIBA,3532,1341,0,80,15,385,125,0,2,97,1159,172,62,0,38,12,0,4,0,1,2,37,,,,,
,,,,,,BA,ITAGIMIRIM,1945,740,0,73,19,239,48,0,5,8,569,92,17,0,92,28,0,0,0,0,1,14,,,,,
,,,,,,BA,ITAGUACU DA BAHIA,2283,993,0,50,3,217,33,0,3,19,899,24,10,0,18,4,0,1,0,0,0,9,,,,,
,,,,,,BA,ITAJU DO COLONIA,1139,347,0,18,2,109,34,0,0,5,569,17,11,0,20,4,0,0,0,0,0,3,,,,,
,,,,,,BA,ITAJUIPE,5513,2389,0,83,6,401,304,0,15,47,1804,264,43,0,112,3,1,4,0,0,5,32,,,,,
,,,,,,BA,ITAMARAJU,31791,9745,0,749,108,3345,671,0,145,84,12650,3040,256,0,622,117,1,21,0,2,16,219,,,,,
,,,,,,BA,ITAMARI,2484,578,0,49,0,173,56,0,0,15,1446,140,2,0,17,0,0,2,0,0,1,5,,,,,
,,,,,,BA,ITAMBE,4419,1918,0,71,4,419,137,0,14,80,1414,149,26,0,150,8,0,2,0,1,3,23,,,,,
,,,,,,BA,ITANAGRA,997,362,0,42,1,84,25,0,0,3,395,40,13,0,28,0,0,0,0,0,1,3,,,,,
,,,,,,BA,ITANHEM,6738,2219,0,120,24,930,124,0,2,13,2869,214,42,0,104,19,0,2,0,0,2,54,,,,,
,,,,,,BA,ITAPARICA,4421,2052,0,57,3,201,187,0,61,38,1415,266,31,0,58,8,0,2,0,0,5,37,,,,,
,,,,,,BA,ITAPE,2263,802,0,48,8,199,58,0,8,2,993,66,6,0,48,7,0,2,0,0,6,10,,,,,
,,,,,,BA,ITAPEBI,2033,880,0,73,3,212,43,0,5,4,625,106,9,0,58,4,0,2,0,0,2,7,,,,,
,,,,,,BA,ITAPETINGA,26958,9751,0,594,37,2404,771,0,82,76,10456,1844,183,0,434,52,17,31,0,0,7,219,,,,,
,,,,,,BA,ITAPICURU,4649,936,0,97,21,312,70,0,4,20,2607,322,166,0,27,33,0,0,0,0,6,28,,,,,
,,,,,,BA,ITAPITANGA,1284,465,0,14,0,129,58,0,0,8,537,43,7,0,17,0,0,0,0,0,1,5,,,,,
,,,,,,BA,ITAQUARA,1524,679,0,49,2,195,28,0,1,9,486,18,18,0,17,11,0,3,0,0,1,7,,,,,
,,,,,,BA,ITARANTIM,4469,1290,0,127,2,487,142,0,3,30,2159,102,12,0,64,20,0,1,0,0,3,27,,,,,
,,,,,,BA,ITATIM,6703,2288,0,293,201,640,154,0,2,96,2170,430,61,0,140,192,0,4,0,0,1,31,,,,,
,,,,,,BA,ITIRUCU,3706,1553,0,151,6,398,80,0,1,22,1181,212,29,0,49,8,0,4,0,0,0,12,,,,,
,,,,,,BA,ITIUBA,9382,3224,0,199,25,731,188,0,12,70,4244,402,132,0,98,22,0,6,0,0,1,28,,,,,
,,,,,,BA,ITORORO,4804,1957,0,99,3,527,169,0,3,51,1504,215,34,0,184,12,0,3,0,0,0,43,,,,,
,,,,,,BA,ITUACU,6820,1972,0,274,15,1003,183,0,1,96,2719,345,71,0,45,34,0,1,0,0,3,58,,,,,
,,,,,,BA,ITUBERA,8145,2309,0,180,6,874,305,0,11,61,3570,591,59,0,93,5,0,4,1,0,2,74,,,,,
,,,,,,BA,IUIU,3053,836,0,71,8,348,40,0,2,20,1590,53,24,0,24,26,0,1,0,0,0,10,,,,,
,,,,,,BA,JABORANDI,3235,747,0,131,30,490,64,0,1,4,1478,63,45,0,58,104,0,1,0,0,0,19,,,,,
,,,,,,BA,JACARACI,3278,1637,0,70,23,467,86,0,1,29,750,74,48,0,24,39,0,1,0,0,0,29,,,,,
,,,,,,BA,JACOBINA,42835,15245,0,966,100,4251,1023,0,369,232,16556,2344,443,0,744,113,7,39,0,1,33,369,,,,,
,,,,,,BA,JAGUAQUARA,19363,6408,0,786,99,2244,500,0,9,99,7826,718,148,0,210,125,0,25,0,1,7,158,,,,,
,,,,,,BA,JAGUARARI,11886,4543,0,401,36,1232,380,0,43,133,4100,541,124,0,194,59,0,8,0,1,7,84,,,,,
,,,,,,BA,JAGUARIPE,2990,892,0,78,1,331,104,0,13,56,1378,36,52,0,40,1,0,4,0,0,2,2,,,,,
,,,,,,BA,JANDAIRA,1405,398,0,61,9,109,23,0,3,9,673,40,23,0,33,10,0,2,0,0,0,12,,,,,
,,,,,,BA,JEQUIE,88505,28975,0,2351,430,7055,2321,0,169,270,32322,11690,401,0,903,582,50,93,0,1,89,803,,,,,
,,,,,,BA,JEREMOABO,13213,3286,0,146,20,886,197,0,35,62,7736,505,70,0,193,27,0,3,0,0,6,41,,,,,
,,,,,,BA,JIQUIRICA,5545,1648,0,87,5,635,79,0,1,49,2739,192,34,0,40,1,0,2,0,0,1,32,,,,,
,,,,,,BA,JITAUNA,3073,1075,0,62,3,346,93,0,1,27,1161,193,48,0,40,0,0,0,0,0,0,24,,,,,
,,,,,,BA,JOAO DOURADO,7646,3348,0,238,5,810,109,0,6,83,2694,155,60,0,59,8,3,4,0,0,7,57,,,,,
,,,,,,BA,JUAZEIRO,140578,47943,0,4019,411,13304,3432,0,1434,1447,54855,6569,1806,0,3153,613,5,107,0,2,55,1423,,,,,
,,,,,,BA,JUCURUCU,2403,511,0,34,1,241,36,0,1,5,1485,54,11,0,8,3,0,0,0,1,1,11,,,,,
,,,,,,BA,JUSSARA,4823,1716,0,105,11,471,78,0,3,33,2219,94,29,0,25,13,0,5,0,0,2,19,,,,,
,,,,,,BA,JUSSARI,1251,432,0,24,0,135,29,0,3,2,548,49,5,0,22,0,0,0,0,0,0,2,,,,,
,,,,,,BA,JUSSIAPE,3117,850,0,83,2,419,69,0,0,44,1528,44,40,0,10,4,0,0,0,0,0,24,,,,,
,,,,,,BA,LAFAIETE COUTINHO,968,308,0,38,3,117,14,0,0,4,422,31,11,0,10,4,0,1,0,0,1,4,,,,,
,,,,,,BA,LAGEDO DO TABOCAL,1924,789,0,77,4,201,25,0,0,9,714,56,19,0,21,1,0,1,0,0,1,6,,,,,
,,,,,,BA,LAGOA REAL,3227,1407,0,177,18,620,95,0,1,50,676,49,51,0,33,33,0,0,0,0,1,16,,,,,
,,,,,,BA,LAJE,7416,1934,0,262,6,751,168,0,7,121,3634,314,64,0,119,9,0,2,0,0,0,25,,,,,
,,,,,,BA,LAJEDAO,1209,522,0,13,10,142,17,0,2,4,340,50,18,0,57,15,0,1,0,0,1,17,,,,,
,,,,,,BA,LAJEDINHO,729,256,0,27,2,93,15,0,0,11,262,40,18,0,4,0,0,0,0,0,0,1,,,,,
,,,,,,BA,LAMARAO,1501,494,0,14,0,75,60,0,3,16,731,46,11,0,43,2,0,4,0,0,0,2,,,,,
,,,,,,BA,LAPAO,7684,3241,0,238,15,655,98,0,5,27,3037,151,74,0,69,20,0,0,0,0,1,53,,,,,
,,,,,,BA,LAURO DE FREITAS,108423,54524,0,2843,390,10464,6224,0,691,582,20944,3433,869,0,2810,621,4,99,0,17,93,3815,,,,,
,,,,,,BA,LENCOIS,3720,1037,0,52,10,255,124,0,1,33,1938,140,6,0,63,10,1,2,0,0,7,41,,,,,
,,,,,,BA,LICINIO DE ALMEIDA,3991,1813,0,138,14,503,95,0,1,33,1173,123,27,0,23,12,0,0,0,0,1,35,,,,,
,,,,,,BA,LIVRAMENTO DE NOSSA SENHORA,25285,6638,0,724,69,2527,546,0,25,97,13451,530,186,0,110,106,0,4,0,0,22,250,,,,,
,,,,,,BA,LUIS EDUARDO MAGALHAES,91606,26464,0,3372,4410,12359,2315,0,485,237,19215,7046,518,0,4635,8278,17,25,0,25,49,2156,,,,,
,,,,,,BA,MACAJUBA,2198,766,0,51,2,228,29,0,1,37,905,107,56,0,8,3,0,1,0,0,1,3,,,,,
,,,,,,BA,MACARANI,4567,1520,0,114,2,440,96,0,1,21,2228,53,23,0,40,4,0,0,0,1,1,23,,,,,
,,,,,,BA,MACAUBAS,18308,5264,0,354,55,1759,352,0,17,65,8400,1440,318,0,89,64,0,1,0,0,2,128,,,,,
,,,,,,BA,MACURURE,1113,378,0,40,2,156,36,0,1,6,430,16,17,0,16,1,0,0,0,0,0,14,,,,,
,,,,,,BA,MADRE DE DEUS,4880,2160,0,129,101,361,239,0,51,54,836,544,63,0,143,117,0,4,0,1,7,70,,,,,
,,,,,,BA,MAETINGA,1554,689,0,64,7,191,36,0,1,20,452,51,23,0,13,3,0,0,0,0,0,4,,,,,
,,,,,,BA,MAIQUINIQUE,2226,701,0,59,1,305,60,0,2,16,975,28,22,0,29,2,0,0,0,0,6,20,,,,,
,,,,,,BA,MAIRI,4469,1776,0,126,4,531,116,0,3,50,1650,60,49,0,76,6,0,6,0,0,0,16,,,,,
,,,,,,BA,MALHADA,3797,996,0,58,2,322,45,0,1,41,2177,87,25,0,25,2,0,0,0,0,3,13,,,,,
,,,,,,BA,MALHADA DE PEDRAS,3580,1248,0,125,59,298,63,0,2,65,1398,112,55,0,31,107,0,2,0,0,0,15,,,,,
,,,,,,BA,MANOEL VITORINO,2608,984,0,100,50,363,94,0,3,34,753,98,26,0,26,47,0,7,0,0,2,21,,,,,
,,,,,,BA,MANSIDAO,970,302,0,28,2,155,44,0,0,3,373,26,11,0,6,4,0,1,0,0,0,15,,,,,
,,,,,,BA,MARACAS,9665,3781,0,332,34,1234,292,0,2,61,3231,364,102,0,106,42,0,14,0,1,3,66,,,,,
,,,,,,BA,MARAGOGIPE,9859,3152,0,221,16,572,164,0,7,68,5079,219,163,0,113,23,0,6,0,0,2,54,,,,,
,,,,,,BA,MARAU,2973,624,0,82,9,360,166,0,6,9,1508,52,19,0,42,4,0,2,0,0,0,90,,,,,
,,,,,,BA,MARCIONILIO SOUZA,2206,905,0,49,2,266,54,0,1,33,770,71,19,0,22,4,0,2,0,0,0,8,,,,,
,,,,,,BA,MASCOTE,2264,825,0,69,8,253,50,0,2,12,847,71,17,0,81,18,0,2,0,0,1,8,,,,,
,,,,,,BA,MATA DE SAO JOAO,15901,6111,0,348,43,1136,462,0,200,109,5368,1032,209,0,404,218,0,10,0,15,38,198,,,,,
,,,,,,BA,MATINA,2355,991,0,32,0,271,31,0,1,41,821,87,61,0,11,0,0,0,0,0,0,8,,,,,
,,,,,,BA,MEDEIROS NETO,9131,3099,0,191,61,895,202,0,38,42,3482,602,97,0,263,65,3,4,0,1,4,82,,,,,
,,,,,,BA,MIGUEL CALMON,7575,2951,0,126,2,926,189,0,14,80,2820,260,59,0,109,1,3,8,0,0,1,26,,,,,
,,,,,,BA,MILAGRES,3487,1461,0,195,41,299,77,0,12,20,1025,188,28,0,69,40,0,9,0,0,2,21,,,,,
,,,,,,BA,MIRANGABA,3494,1095,0,84,2,406,71,0,11,28,1622,45,76,0,42,3,0,1,0,0,1,7,,,,,
,,,,,,BA,MIRANTE,1781,621,0,97,14,284,57,0,3,45,572,22,34,0,7,14,0,2,0,0,0,9,,,,,
,,,,,,BA,MONTE SANTO,11878,4756,0,442,20,1421,331,0,6,132,3957,375,240,0,90,21,0,3,0,0,3,81,,,,,
,,,,,,BA,MORPARA,1035,336,0,24,1,222,63,0,1,28,298,39,9,0,8,2,0,2,0,0,0,2,,,,,
,,,,,,BA,MORRO DO CHAPEU,8582,4296,0,260,9,1028,298,0,13,83,2043,244,62,0,144,16,1,6,0,0,3,76,,,,,
,,,,,,BA,MORTUGABA,4428,2069,0,126,32,739,86,0,3,14,1093,96,36,0,22,37,0,1,0,0,0,74,,,,,
,,,,,,BA,MUCUGE,4723,1826,0,158,36,770,180,0,2,53,1327,83,101,0,71,59,0,5,0,0,4,48,,,,,
,,,,,,BA,MUCURI,12255,4700,0,223,259,1024,253,0,35,83,2733,1117,120,0,442,1156,0,3,0,1,7,99,,,,,
,,,,,,BA,MULUNGU DO MORRO,2587,1145,0,112,21,317,37,0,0,16,802,38,22,0,17,43,0,0,0,0,0,17,,,,,
,,,,,,BA,MUNDO NOVO,4227,1950,0,91,13,440,98,0,3,39,1364,100,38,0,47,17,0,6,0,0,0,21,,,,,
,,,,,,BA,MUNIZ FERREIRA,2362,838,0,78,3,183,74,0,11,44,986,64,12,0,42,9,0,1,0,0,3,14,,,,,
,,,,,,BA,MUQUEM DO SAO FRANCISCO,1770,614,0,63,62,256,20,0,1,28,501,52,33,0,53,67,0,1,0,0,2,17,,,,,
,,,,,,BA,MURITIBA,9754,3548,0,237,32,623,234,0,6,69,3956,671,59,0,174,61,1,8,0,0,1,74,,,,,
,,,,,,BA,MUTUIPE,11999,3585,0,235,11,1353,212,0,4,133,5458,705,92,0,131,20,0,3,0,0,2,55,,,,,
,,,,,,BA,NAZARE,10143,3266,0,302,26,824,211,0,43,99,4471,543,69,0,178,36,0,8,0,0,16,51,,,,,
,,,,,,BA,NILO PECANHA,2876,873,0,64,0,315,98,0,2,61,1309,82,33,0,28,0,0,0,0,0,0,11,,,,,
,,,,,,BA,NORDESTINA,2909,1210,0,114,5,348,67,0,4,21,953,77,44,0,46,6,0,1,0,0,1,12,,,,,
,,,,,,BA,NOVA CANAA,2464,1011,0,78,7,332,62,0,1,49,781,28,31,0,48,8,0,1,0,0,1,26,,,,,
,,,,,,BA,NOVA FATIMA,3021,1086,0,104,65,244,52,0,2,22,1127,103,21,0,101,83,0,2,0,0,1,8,,,,,
,,,,,,BA,NOVA IBIA,1385,470,0,23,0,116,32,0,1,29,632,49,11,0,12,0,0,3,0,0,2,5,,,,,
,,,,,,BA,NOVA ITARANA,1538,727,0,43,11,162,15,0,1,11,456,60,15,0,18,5,0,2,0,0,0,12,,,,,
,,,,,,BA,NOVA REDENCAO,1536,542,0,31,0,162,18,0,1,16,705,21,10,0,16,0,0,0,0,0,1,13,,,,,
,,,,,,BA,NOVA SOURE,6830,2290,0,106,42,407,113,0,10,23,3205,367,66,0,110,69,0,1,0,0,1,20,,,,,
,,,,,,BA,NOVA VICOSA,12879,5230,0,247,80,1240,258,0,39,52,3397,1279,119,0,710,117,0,5,0,0,8,98,,,,,
,,,,,,BA,NOVO HORIZONTE,5276,1462,0,93,10,785,109,0,0,30,2513,156,42,0,19,6,0,3,0,1,1,46,,,,,
,,,,,,BA,NOVO TRIUNFO,2127,472,0,22,0,128,47,0,1,8,1343,61,4,0,29,1,0,0,0,0,0,11,,,,,
,,,,,,BA,OLINDINA,7017,2390,0,168,17,405,98,0,4,61,3055,533,103,0,120,31,0,5,0,0,1,26,,,,,
,,,,,,BA,OLIVEIRA DOS BREJINHOS,6758,2269,0,218,48,881,208,0,7,85,2532,199,93,0,84,82,0,6,0,1,7,38,,,,,
,,,,,,BA,OURICANGAS,1174,472,0,25,1,77,25,0,2,12,443,44,26,0,28,16,0,0,0,0,0,3,,,,,
,,,,,,BA,OUROLANDIA,5271,1988,0,128,11,630,93,0,8,53,2042,156,27,0,87,13,0,0,0,0,6,29,,,,,
,,,,,,BA,PALMAS DE MONTE ALTO,5856,2338,0,134,6,773,86,0,1,26,2282,69,80,0,21,9,0,2,0,0,3,26,,,,,
,,,,,,BA,PALMEIRAS,3578,1439,0,96,10,436,181,0,0,41,1135,72,19,0,61,19,0,2,0,0,2,65,,,,,
,,,,,,BA,PARAMIRIM,9656,3476,0,302,164,990,227,0,1,59,3439,399,130,0,98,276,0,3,0,0,1,91,,,,,
,,,,,,BA,PARATINGA,5831,1900,0,119,7,739,120,0,2,68,2504,213,68,0,46,12,0,0,0,0,10,23,,,,,
,,,,,,BA,PARIPIRANGA,10999,1263,0,107,52,456,60,0,3,10,7619,1081,60,0,89,149,0,1,0,0,3,46,,,,,
,,,,,,BA,PAU BRASIL,2563,699,0,65,5,246,48,0,0,18,1298,87,45,0,38,4,0,2,0,0,0,8,,,,,
,,,,,,BA,PAULO AFONSO,73804,28387,0,950,107,5057,1723,0,872,360,26167,7545,478,0,1253,177,0,42,0,1,81,604,,,,,
,,,,,,BA,PE DE SERRA,3906,1326,0,92,15,466,61,0,5,31,1654,66,40,0,102,28,0,1,0,0,1,18,,,,,
,,,,,,BA,PEDRAO,1075,375,0,21,1,67,17,0,1,9,509,51,9,0,7,1,0,0,0,0,2,5,,,,,
,,,,,,BA,PEDRO ALEXANDRE,2006,307,0,12,4,123,9,0,0,5,1475,46,15,0,7,0,0,1,0,0,0,2,,,,,
,,,,,,BA,PIATA,6858,2954,0,145,81,963,233,0,1,85,1953,127,39,0,53,120,0,6,0,0,1,97,,,,,
,,,,,,BA,PILAO ARCADO,3251,852,0,63,5,589,200,0,18,56,1126,258,12,0,13,8,0,0,0,0,0,51,,,,,
,,,,,,BA,PINDAI,4453,1742,0,82,7,592,75,0,1,37,1707,107,67,0,11,11,0,1,0,0,1,12,,,,,
,,,,,,BA,PINDOBACU,5725,1732,0,78,1,427,112,0,16,71,2975,176,40,0,63,7,0,1,0,0,0,26,,,,,
,,,,,,BA,PINTADAS,3273,1021,0,71,12,362,80,0,1,33,1519,33,62,0,51,14,0,3,0,0,1,10,,,,,
,,,,,,BA,PIRAI DO NORTE,3441,741,0,39,2,336,85,0,2,50,2008,102,5,0,29,1,0,12,0,0,10,19,,,,,
,,,,,,BA,PIRIPA,2907,1239,0,105,1,342,56,0,4,52,918,103,33,0,22,0,0,1,0,0,0,31,,,,,
,,,,,,BA,PIRITIBA,4913,2011,0,118,8,560,126,0,15,33,1684,220,26,0,58,15,0,4,0,0,3,32,,,,,
,,,,,,BA,PLANALTINO,2018,913,0,68,2,281,49,0,0,14,571,54,36,0,21,2,0,2,0,0,0,5,,,,,
,,,,,,BA,PLANALTO,6513,2626,0,174,210,671,132,0,14,92,1927,203,90,0,78,261,0,3,0,0,5,27,,,,,
,,,,,,BA,POCOES,19448,7210,0,544,445,1778,509,0,19,459,6662,855,124,0,221,510,0,18,0,0,2,92,,,,,
,,,,,,BA,POJUCA,15537,6124,0,544,297,1079,363,0,132,133,3905,1687,109,0,395,602,0,18,0,2,21,126,,,,,
,,,,,,BA,PONTO NOVO,5691,2277,0,111,54,452,90,0,6,30,2354,143,49,0,91,27,0,0,0,0,0,7,,,,,
,,,,,,BA,PORTO SEGURO,78252,24413,0,1277,75,6732,3323,0,233,508,29716,8238,412,0,1833,111,8,61,0,6,74,1232,,,,,
,,,,,,BA,POTIRAGUA,2018,545,0,55,23,235,49,0,0,9,905,96,9,0,35,38,0,1,0,0,2,16,,,,,
,,,,,,BA,PRADO,8745,2698,0,165,20,879,263,0,33,31,3347,838,81,0,237,36,0,7,0,0,8,102,,,,,
,,,,,,BA,PRESIDENTE DUTRA,5299,1915,0,82,7,468,88,0,2,17,2427,203,18,0,21,7,0,8,0,0,2,34,,,,,
,,,,,,BA,PRESIDENTE JANIO QUADROS,2184,909,0,86,1,289,49,0,2,72,692,22,27,0,24,1,0,1,0,0,0,9,,,,,
,,,,,,BA,PRESIDENTE TANCREDO NEVES,11230,3237,0,460,9,1555,180,0,1,314,4897,372,51,0,84,7,0,4,0,0,3,56,,,,,
,,,,,,BA,QUEIMADAS,6892,2592,0,154,14,655,207,0,5,45,2626,343,89,0,88,17,0,21,0,0,0,36,,,,,
,,,,,,BA,QUIJINGUE,4556,1793,0,84,2,382,83,0,3,40,1843,151,102,0,48,2,0,2,0,0,1,20,,,,,
,,,,,,BA,QUIXABEIRA,3465,1112,0,101,10,221,59,0,9,24,1703,87,29,0,73,10,0,4,0,1,1,21,,,,,
,,,,,,BA,RAFAEL JAMBEIRO,4469,1704,0,104,18,341,58,0,4,51,1864,90,90,0,98,30,0,2,0,1,1,13,,,,,
,,,,,,BA,REMANSO,12064,3054,0,221,21,1411,323,0,65,163,5369,1196,41,0,64,40,0,2,0,0,2,92,,,,,
,,,,,,BA,RETIROLANDIA,5513,1902,0,142,58,406,101,0,0,31,2071,569,28,0,105,58,0,6,0,0,1,35,,,,,
,,,,,,BA,RIACHAO DAS NEVES,4717,1399,0,137,64,589,89,0,28,38,1657,323,56,0,146,155,0,2,0,0,4,30,,,,,
,,,,,,BA,RIACHAO DO JACUIPE,14414,4720,0,473,137,1068,281,0,96,80,5897,821,64,0,458,199,0,8,0,0,19,93,,,,,
,,,,,,BA,RIACHO DE SANTANA,9088,2987,0,322,200,1256,186,0,3,43,3327,209,143,0,74,276,0,1,0,0,2,59,,,,,
,,,,,,BA,RIBEIRA DO AMPARO,3573,960,0,27,1,207,49,0,7,17,1995,202,56,0,41,2,0,0,0,0,0,9,,,,,
,,,,,,BA,RIBEIRA DO POMBAL,26866,7669,0,463,61,1842,509,0,162,121,11164,3749,192,0,615,74,0,12,0,1,25,207,,,,,
,,,,,,BA,RIBEIRAO DO LARGO,1233,421,0,42,2,138,26,0,1,25,535,7,13,0,15,2,0,1,0,0,0,5,,,,,
,,,,,,BA,RIO DE CONTAS,5317,1637,0,91,7,690,144,0,2,61,2384,151,31,0,35,14,0,4,0,0,2,64,,,,,
,,,,,,BA,RIO DO ANTONIO,4363,2027,0,268,76,524,113,0,1,36,975,89,30,0,52,124,0,2,0,0,0,46,,,,,
,,,,,,BA,RIO DO PIRES,4710,1474,0,107,18,495,149,0,0,29,2017,323,28,0,13,30,0,3,0,1,1,22,,,,,
,,,,,,BA,RIO REAL,15931,3447,0,366,54,1121,159,0,67,46,8843,1350,106,0,208,69,0,6,0,1,5,83,,,,,
,,,,,,BA,RODELAS,3003,803,0,47,2,242,60,0,1,10,1639,134,7,0,44,4,0,0,0,1,0,9,,,,,
,,,,,,BA,RUY BARBOSA,9611,3162,0,185,24,692,152,0,2,81,4106,941,40,0,130,42,0,3,0,0,7,44,,,,,
,,,,,,BA,SALINAS DA MARGARIDA,1919,876,0,37,0,155,54,0,73,24,524,97,23,0,40,0,0,0,0,0,2,14,,,,,
,,,,,,BA,SALVADOR,1146567,654380,0,23274,4451,89330,61290,0,2212,5099,210405,30748,11813,4,13416,5603,11,2062,7,79,699,31684,,,,,
,,,,,,BA,SANTA BARBARA,5929,1767,0,105,19,358,115,0,14,32,2673,491,51,0,250,17,0,3,0,0,2,32,,,,,
,,,,,,BA,SANTA BRIGIDA,3523,999,0,24,2,242,59,0,6,50,1930,108,30,0,62,0,0,2,0,0,0,9,,,,,
,,,,,,BA,SANTA CRUZ CABRALIA,10221,3673,0,184,5,948,299,0,19,71,3537,1051,62,0,248,8,0,16,0,0,5,95,,,,,
,,,,,,BA,SANTA CRUZ DA VITORIA,853,401,0,22,2,74,32,0,0,8,271,12,6,0,15,0,0,2,0,0,2,6,,,,,
,,,,,,BA,SANTA INES,2274,1010,0,44,5,207,55,0,4,24,687,151,12,0,39,4,0,5,0,0,0,27,,,,,
,,,,,,BA,SANTA LUZIA,2358,780,0,49,1,285,56,0,2,6,1029,89,11,0,35,1,0,0,0,0,1,13,,,,,
,,,,,,BA,SANTA MARIA DA VITORIA,18293,4834,0,553,58,1886,311,0,34,101,8500,1219,143,0,416,89,0,11,0,0,9,129,,,,,
,,,,,,BA,SANTA RITA DE CASSIA,6506,1405,0,129,12,929,112,0,34,19,2885,814,27,0,76,29,0,1,0,0,3,31,,,,,
,,,,,,BA,SANTA TERESINHA,2201,1101,0,51,3,190,56,0,3,21,561,76,55,0,60,5,0,1,0,0,1,17,,,,,
,,,,,,BA,SANTALUZ,11582,4737,0,440,41,1230,353,0,5,76,3624,621,102,0,208,56,0,15,0,1,3,70,,,,,
,,,,,,BA,SANTANA,9577,2311,0,242,27,885,127,0,9,20,5212,437,102,0,123,51,0,2,0,0,1,28,,,,,
,,,,,,BA,SANTANOPOLIS,2437,924,0,35,1,132,35,0,3,13,1035,140,45,0,42,5,0,2,0,0,1,24,,,,,
,,,,,,BA,SANTO AMARO,14437,5079,0,274,36,847,440,0,159,178,5879,915,149,0,313,32,2,24,0,0,20,90,,,,,
,,,,,,BA,SANTO ANTONIO DE JESUS,73162,25150,0,2921,304,6161,2115,0,1655,382,24767,6610,280,0,1400,429,7,79,0,2,75,825,,,,,
,,,,,,BA,SANTO ESTEVAO,27436,8366,0,363,132,1414,361,0,302,151,12480,2999,158,0,368,182,0,8,0,1,8,143,,,,,
,,,,,,BA,SAO DESIDERIO,12322,3505,0,611,341,1533,255,0,69,80,3506,843,224,0,437,791,0,4,0,2,5,116,,,,,
,,,,,,BA,SAO DOMINGOS,2867,1165,0,69,24,290,83,0,0,4,957,132,12,0,76,34,0,2,0,0,1,18,,,,,
,,,,,,BA,SAO FELIPE,9253,2738,0,444,8,1019,142,0,11,87,3917,550,98,0,115,6,0,3,0,0,0,115,,,,,
,,,,,,BA,SAO FELIX,3709,1725,0,63,1,201,92,0,5,26,1255,200,26,0,56,1,0,6,0,0,1,51,,,,,
,,,,,,BA,SAO FELIX DO CORIBE,8007,2023,0,209,26,886,134,0,16,29,3728,667,42,0,136,33,1,8,0,0,5,64,,,,,
,,,,,,BA,SAO FRANCISCO DO CONDE,9889,3746,0,186,118,533,222,0,25,94,3456,846,110,0,179,255,1,8,0,1,23,86,,,,,
,,,,,,BA,SAO GABRIEL,5827,2217,0,90,1,439,88,0,19,25,2609,228,46,0,39,0,0,1,0,0,0,25,,,,,
,,,,,,BA,SAO GONCALO DOS CAMPOS,11080,3793,0,533,79,623,238,0,127,275,3821,1001,82,0,237,139,0,9,0,1,5,117,,,,,
,,,,,,BA,SAO JOSE DA VITORIA,1352,561,0,25,3,117,24,0,2,0,547,34,9,0,21,0,0,0,0,0,0,9,,,,,
,,,,,,BA,SAO JOSE DO JACUIPE,3658,1118,0,162,40,318,70,0,1,27,1688,98,12,0,57,48,0,2,0,0,0,17,,,,,
,,,,,,BA,SAO MIGUEL DAS MATAS,3206,970,0,97,4,324,46,0,2,8,1455,217,27,0,36,1,0,1,0,0,0,18,,,,,
,,,,,,BA,SAO SEBASTIAO DO PASSE,12974,5140,0,384,106,967,407,0,99,224,3563,1288,231,0,268,190,1,13,0,3,10,80,,,,,
,,,,,,BA,SAPEACU,7215,2471,0,146,14,484,112,0,4,93,3277,382,71,0,95,25,0,8,0,0,0,33,,,,,
,,,,,,BA,SATIRO DIAS,3151,1123,0,47,4,321,37,0,2,36,1277,200,32,0,46,7,0,1,0,0,1,17,,,,,
,,,,,,BA,SAUBARA,1963,668,0,37,2,147,54,0,14,52,756,136,6,0,66,2,4,1,0,0,7,11,,,,,
,,,,,,BA,SAUDE,3349,1236,0,65,14,267,52,0,13,39,1443,91,33,0,54,24,0,1,0,0,3,14,,,,,
,,,,,,BA,SEABRA,29354,9106,0,829,270,3001,593,0,63,197,11813,2082,273,0,459,419,0,8,0,0,19,222,,,,,
,,,,,,BA,SEBASTIAO LARANJEIRAS,2179,804,0,52,1,344,36,0,1,17,766,91,38,0,13,0,0,2,0,0,1,13,,,,,
,,,,,,BA,SENHOR DO BONFIM,34818,12642,0,780,182,2946,974,0,583,219,13277,1538,290,0,792,231,14,22,0,0,15,313,,,,,
,,,,,,BA,SENTO SE,4999,1017,0,84,14,545,118,0,11,12,2884,198,45,0,32,16,0,1,0,0,0,22,,,,,
,,,,,,BA,SERRA DO RAMALHO,8828,2545,0,192,19,780,145,0,8,59,4495,370,85,0,60,17,0,0,0,0,4,49,,,,,
,,,,,,BA,SERRA DOURADA,4881,1141,0,128,17,539,67,0,2,23,2700,108,51,0,61,21,0,1,0,0,0,22,,,,,
,,,,,,BA,SERRA PRETA,5117,1911,0,107,18,448,125,0,2,56,2044,147,77,0,109,26,0,3,0,0,2,42,,,,,
,,,,,,BA,SERRINHA,44111,15498,0,1056,78,2988,880,0,319,230,17756,3614,321,0,753,82,0,112,0,4,25,395,,,,,
,,,,,,BA,SERROLANDIA,4766,1548,0,97,15,383,89,0,6,80,2038,331,30,0,106,13,0,1,0,0,3,26,,,,,
,,,,,,BA,SIMOES FILHO,53892,22647,0,3107,1420,4010,1833,0,373,743,11933,2555,929,0,848,2671,13,65,1,42,45,657,,,,,
,,,,,,BA,SITIO DO MATO,2115,549,0,62,5,236,34,0,0,19,1095,45,24,0,29,10,0,0,0,0,1,6,,,,,
,,,,,,BA,SITIO DO QUINTO,3322,709,0,27,1,190,22,0,4,10,2160,149,16,0,20,2,0,0,0,1,1,10,,,,,
,,,,,,BA,SOBRADINHO,7139,2749,0,144,10,666,155,0,47,68,2855,280,37,0,70,11,0,7,0,0,4,36,,,,,
,,,,,,BA,SOUTO SOARES,4943,2370,0,159,99,488,110,0,1,38,1272,48,51,0,79,205,0,3,0,0,0,20,,,,,
,,,,,,BA,TABOCAS DO BREJO VELHO,2897,824,0,64,6,327,30,0,4,8,1438,112,21,0,38,11,0,0,0,0,1,13,,,,,
,,,,,,BA,TANHACU,8580,3041,0,399,32,1185,192,0,3,110,3095,292,107,0,56,34,1,3,0,1,2,27,,,,,
,,,,,,BA,TANQUE NOVO,6872,2470,0,333,234,1074,111,0,1,31,1464,563,74,0,80,360,0,2,0,0,2,73,,,,,
,,,,,,BA,TANQUINHO,1948,638,0,38,16,131,54,0,5,28,821,84,23,0,65,27,0,2,0,1,5,10,,,,,
,,,,,,BA,TAPEROA,5187,1565,0,170,3,751,136,0,7,65,2128,205,36,0,51,5,0,9,0,0,0,56,,,,,
,,,,,,BA,TAPIRAMUTA,2844,1398,0,66,3,340,70,0,1,20,754,84,27,0,57,13,0,0,0,0,0,11,,,,,
,,,,,,BA,TEIXEIRA DE FREITAS,89152,30618,0,2142,616,8280,1930,0,524,214,28686,10795,518,0,2972,856,16,36,0,4,82,863,,,,,
,,,,,,BA,TEODORO SAMPAIO,1167,513,0,30,0,104,17,0,2,21,410,24,12,0,24,0,0,0,0,0,1,9,,,,,
,,,,,,BA,TEOFILANDIA,7016,2688,0,144,14,440,155,0,9,63,3059,241,51,0,78,18,0,20,0,0,3,33,,,,,
,,,,,,BA,TEOLANDIA,4407,1327,0,217,5,678,109,0,0,82,1805,82,38,0,34,9,0,5,0,0,4,12,,,,,
,,,,,,BA,TERRA NOVA,2033,935,0,35,5,115,41,0,5,30,686,80,24,0,39,3,0,3,0,0,4,28,,,,,
,,,,,,BA,TREMEDAL,3883,1557,0,87,10,437,85,0,3,46,1368,155,72,0,34,9,0,0,0,0,0,20,,,,,
,,,,,,BA,TUCANO,19034,5313,0,414,72,1453,381,0,19,94,8847,1690,167,0,326,81,0,9,0,0,12,156,,,,,
,,,,,,BA,UAUA,7286,2765,0,250,11,1149,254,0,12,76,2467,107,59,0,79,12,0,2,0,0,0,43,,,,,
,,,,,,BA,UBAIRA,6030,2111,0,145,4,698,122,0,1,53,2497,225,84,0,53,5,0,5,0,0,1,26,,,,,
,,,,,,BA,UBAITABA,7216,2638,0,228,6,771,448,0,18,28,2396,473,32,0,90,6,0,8,0,0,4,70,,,,,
,,,,,,BA,UBATA,5632,2071,0,191,16,509,161,0,4,42,2016,472,29,0,46,17,0,8,0,1,1,48,,,,,
,,,,,,BA,UIBAI,4224,1905,0,71,1,376,79,0,8,13,1557,123,27,0,26,1,0,5,0,0,1,31,,,,,
,,,,,,BA,UMBURANAS,2973,1234,0,87,1,417,120,0,0,33,948,35,39,0,48,0,0,0,0,0,0,11,,,,,
,,,,,,BA,UNA,5179,1625,0,113,2,555,131,0,5,45,2049,243,296,0,60,2,0,2,1,0,1,49,,,,,
,,,,,,BA,URANDI,7622,2715,0,181,7,1390,172,0,3,28,2679,172,65,0,63,15,0,4,0,0,2,126,,,,,
,,,,,,BA,URUCUCA,6344,2377,0,150,6,682,214,0,13,27,2337,330,27,0,101,7,0,6,0,0,5,62,,,,,
,,,,,,BA,UTINGA,4149,1615,0,91,4,599,92,0,0,17,1294,296,27,0,72,6,0,3,0,0,0,33,,,,,
,,,,,,BA,VALENCA,37584,11817,0,1054,53,3708,1076,0,149,440,12896,5195,245,0,422,81,0,36,0,0,34,378,,,,,
,,,,,,BA,VALENTE,9433,4274,0,251,78,959,378,0,7,40,2444,469,48,0,202,126,0,7,0,0,10,140,,,,,
,,,,,,BA,VARZEA DA ROCA,4255,1380,0,85,14,397,90,0,1,25,1988,118,40,0,66,22,0,2,0,0,0,27,,,,,
,,,,,,BA,VARZEA DO POCO,3220,976,0,178,16,344,69,0,1,26,1407,103,18,0,49,17,0,3,0,0,0,13,,,,,
,,,,,,BA,VARZEA NOVA,3929,1720,0,130,6,491,82,0,3,26,1188,154,27,0,71,7,0,6,0,0,1,17,,,,,
,,,,,,BA,VARZEDO,3168,859,0,155,29,302,48,0,5,25,1495,129,36,0,34,35,0,0,0,0,0,16,,,,,
,,,,,,BA,VERA CRUZ,9718,3850,0,235,20,652,436,0,80,207,3194,591,81,0,200,31,0,8,0,0,10,123,,,,,
,,,,,,BA,VEREDA,1778,426,0,17,0,207,35,0,0,6,973,66,4,0,30,0,0,0,1,0,2,11,,,,,
,,,,,,BA,VITORIA DA CONQUISTA,208855,85330,0,6704,1615,20012,6698,0,1555,1431,61434,11759,1884,0,4235,2221,54,158,0,7,52,3706,,,,,
,,,,,,BA,WAGNER,1633,700,0,55,14,227,55,0,0,11,444,38,20,0,35,19,0,0,0,0,0,15,,,,,
,,,,,,BA,WANDERLEY,3445,877,0,114,31,495,55,0,4,20,1509,186,34,0,64,30,0,0,0,0,0,26,,,,,
,,,,,,BA,WENCESLAU GUIMARAES,5759,1732,0,163,9,710,182,0,2,74,2576,202,28,0,54,3,0,1,0,0,2,21,,,,,
,,,,,,BA,XIQUE-XIQUE,12732,3169,0,232,38,1389,382,0,6,58,6809,345,45,0,90,75,0,8,0,0,3,83,,,,,
,,,,,,CE,ABAIARA,3576,847,0,42,6,232,22,0,4,37,2168,83,14,0,109,6,0,2,0,0,0,4,,,,,
,,,,,,CE,ACARAPE,4181,1547,0,141,21,192,53,0,25,14,1873,179,18,0,44,40,0,6,0,0,1,27,,,,,
,,,,,,CE,ACARAU,23588,5407,0,368,17,2049,324,0,14,56,11497,3339,80,0,159,20,0,10,0,0,6,242,,,,,
,,,,,,CE,ACOPIARA,21402,4414,0,445,41,1333,236,0,20,110,13197,1230,85,0,98,70,0,18,0,0,6,99,,,,,
,,,,,,CE,AIUABA,3842,657,0,33,1,230,22,0,1,10,2676,158,18,0,25,5,0,1,0,0,0,5,,,,,
,,,,,,CE,ALCANTARAS,5393,980,0,58,6,281,40,0,3,19,3063,862,36,0,13,3,0,3,0,0,0,26,,,,,
,,,,,,CE,ALTANEIRA,2322,540,0,33,0,143,23,0,2,24,1376,144,10,0,15,1,0,2,0,0,0,9,,,,,
,,,,,,CE,ALTO SANTO,5634,1137,0,155,24,321,42,0,5,17,3141,654,34,0,49,25,0,12,0,0,1,17,,,,,
,,,,,,CE,AMONTADA,12683,2887,0,265,27,1006,138,0,22,79,7053,888,69,0,102,54,0,6,0,0,1,86,,,,,
,,,,,,CE,ANTONINA DO NORTE,3247,768,0,86,2,196,23,0,2,11,1956,131,10,0,49,2,0,3,0,0,2,6,,,,,
,,,,,,CE,APUIARES,5272,1178,0,127,8,344,28,0,2,20,3228,218,16,0,55,23,0,3,0,0,0,22,,,,,
,,,,,,CE,AQUIRAZ,35057,13946,0,1106,122,2320,915,0,296,127,13864,551,134,0,683,201,3,35,0,3,16,735,,,,,
,,,,,,CE,ARACATI,31208,9776,0,721,62,1927,710,0,1003,177,11884,3731,201,0,481,73,0,56,0,0,26,380,,,,,
,,,,,,CE,ARACOIABA,8832,2619,0,163,7,503,97,0,23,33,4979,194,51,0,106,11,0,4,0,0,1,41,,,,,
,,,,,,CE,ARARENDA,4349,812,0,53,0,263,27,0,3,38,2820,240,61,0,13,0,0,1,0,0,1,17,,,,,
,,,,,,CE,ARARIPE,8595,2264,0,183,0,688,71,0,4,79,4990,104,92,0,80,1,0,8,0,0,1,30,,,,,
,,,,,,CE,ARATUBA,4328,900,0,108,0,360,21,0,5,1,2761,98,40,0,13,0,0,0,0,0,3,18,,,,,
,,,,,,CE,ARNEIROZ,2456,424,0,39,0,170,15,0,4,18,1595,150,8,0,18,1,0,0,0,0,0,14,,,,,
,,,,,,CE,ASSARE,8526,1679,0,166,4,639,66,0,8,67,5352,373,43,0,89,4,0,3,0,0,0,33,,,,,
,,,,,,CE,AURORA,7619,1750,0,137,18,502,63,0,3,36,4735,219,42,0,50,20,0,6,0,0,0,38,,,,,
,,,,,,CE,BAIXIO,1834,586,0,32,1,108,37,0,1,22,883,114,27,0,14,2,0,1,0,0,0,6,,,,,
,,,,,,CE,BANABUIU,5846,1427,0,207,2,509,77,0,4,25,3069,399,52,0,35,7,0,3,0,0,4,26,,,,,
,,,,,,CE,BARBALHA,30510,9399,0,556,100,2199,536,0,189,143,14303,2020,142,0,373,171,0,23,0,0,12,344,,,,,
,,,,,,CE,BARREIRA,9968,3138,0,194,11,741,97,0,40,16,4727,652,82,0,186,16,0,5,0,0,8,55,,,,,
,,,,,,CE,BARRO,6333,1921,0,120,15,412,97,0,9,56,3075,416,29,0,145,11,0,5,0,0,0,22,,,,,
,,,,,,CE,BARROQUINHA,4090,781,0,95,2,393,44,0,2,74,2275,356,10,0,30,3,0,1,0,0,0,24,,,,,
,,,,,,CE,BATURITE,14477,3676,0,277,3,855,187,0,37,28,8131,933,57,0,139,11,1,23,0,0,18,101,,,,,
,,,,,,CE,BEBERIBE,19305,7938,0,535,160,1425,407,0,130,105,7106,457,173,0,400,202,0,28,0,0,1,238,,,,,
,,,,,,CE,BELA CRUZ,10230,2268,0,202,10,810,118,0,1,17,5708,831,95,0,61,21,0,6,0,0,3,79,,,,,
,,,,,,CE,BOA VIAGEM,27197,5135,0,667,39,1564,191,0,72,68,17170,1676,147,0,197,50,0,24,0,0,11,186,,,,,
,,,,,,CE,BREJO SANTO,27130,7096,0,650,50,2239,337,0,102,145,13774,1952,108,0,396,42,1,23,0,0,20,195,,,,,
,,,,,,CE,CAMOCIM,24921,5525,0,306,14,1750,385,0,21,95,12565,3575,49,0,228,22,0,17,0,0,18,351,,,,,
,,,,,,CE,CAMPOS SALES,14262,3008,0,276,21,860,131,0,23,104,8874,626,78,0,154,39,0,22,0,0,3,43,,,,,
,,,,,,CE,CANINDE,37984,8418,0,827,29,2239,351,0,878,118,21355,2773,310,0,349,50,1,23,0,0,17,246,,,,,
,,,,,,CE,CAPISTRANO,5678,1517,0,85,4,364,55,0,13,9,3187,331,26,0,53,5,0,2,0,0,0,27,,,,,
,,,,,,CE,CARIDADE,6113,1542,0,124,3,336,65,0,30,13,3727,96,37,0,83,10,0,6,0,0,2,39,,,,,
,,,,,,CE,CARIRE,6392,1421,0,109,4,352,37,0,19,14,3937,362,39,0,57,8,0,0,0,0,2,31,,,,,
,,,,,,CE,CARIRIACU,10973,2493,0,121,2,917,109,0,12,57,6529,507,61,0,126,3,0,9,0,0,0,27,,,,,
,,,,,,CE,CARIUS,5725,1050,0,69,11,425,48,0,4,25,3316,680,32,0,29,12,0,2,0,0,0,22,,,,,
,,,,,,CE,CARNAUBAL,6388,2014,0,91,8,377,60,0,15,36,2657,1032,21,0,34,11,0,4,0,0,0,28,,,,,
,,,,,,CE,CASCAVEL,30169,11980,0,713,52,1756,583,0,268,100,11558,1883,240,0,501,65,1,43,0,2,10,414,,,,,
,,,,,,CE,CATARINA,4753,880,0,78,0,351,44,0,8,11,3133,201,4,0,15,0,0,2,0,0,0,26,,,,,
,,,,,,CE,CATUNDA,3127,762,0,55,2,159,18,0,4,15,1884,179,16,0,19,1,0,1,0,0,0,12,,,,,
,,,,,,CE,CAUCAIA,140039,57803,0,2760,604,7424,3491,0,754,346,58462,2742,534,0,2166,872,4,215,0,12,60,1790,,,,,
,,,,,,CE,CEDRO,10561,2150,0,140,10,587,81,0,15,52,6474,872,58,0,74,7,0,13,0,0,4,24,,,,,
,,,,,,CE,CHAVAL,3084,458,0,41,0,209,20,0,1,31,1784,499,14,0,18,0,0,1,0,0,0,8,,,,,
,,,,,,CE,CHORO,3749,797,0,87,1,183,32,0,6,11,2417,94,96,0,12,0,0,3,0,0,1,9,,,,,
,,,,,,CE,CHOROZINHO,8616,3563,0,191,41,626,138,0,84,52,3180,330,76,0,199,58,0,10,0,1,2,65,,,,,
,,,,,,CE,COREAU,7829,1677,0,149,5,427,69,0,7,37,4127,1120,86,0,64,5,0,6,0,0,3,47,,,,,
,,,,,,CE,CRATEUS,41760,9652,0,499,31,2724,521,0,22,151,21123,5888,359,0,279,50,1,66,0,0,16,378,,,,,
,,,,,,CE,CRATO,69879,23028,0,1445,187,4807,1117,0,428,372,30891,5627,222,0,610,309,1,135,0,1,30,669,,,,,
,,,,,,CE,CROATA,7008,1948,0,97,0,491,79,0,5,42,3508,726,31,0,33,0,0,7,0,0,2,39,,,,,
,,,,,,CE,CRUZ,14996,3607,0,277,14,1793,301,0,4,27,6584,1528,347,0,139,27,0,6,0,0,6,336,,,,,
,,,,,,CE,DEPUTADO IRAPUAN PINHEIRO,3687,645,0,34,0,224,28,0,2,9,2642,59,18,0,22,0,0,0,0,0,1,3,,,,,
,,,,,,CE,ERERE,1161,160,0,9,0,56,5,0,2,4,835,71,10,0,5,0,0,1,0,0,0,3,,,,,
,,,,,,CE,EUSEBIO,44433,19016,0,2032,594,3937,2193,0,363,99,10570,657,321,0,1051,842,4,39,0,9,29,2677,,,,,
,,,,,,CE,FARIAS BRITO,6066,1263,0,149,0,519,37,0,6,44,3694,252,45,0,30,0,0,6,0,0,1,20,,,,,
,,,,,,CE,FORQUILHA,9872,2157,0,231,37,422,66,0,47,29,5141,1483,63,0,66,64,0,2,0,0,7,57,,,,,
,,,,,,CE,FORTALEZA,1356916,639182,0,24013,5868,87980,56014,0,4934,3411,418778,26320,6879,6,24843,9593,319,4119,0,167,662,43828,,,,,
,,,,,,CE,FORTIM,6346,2251,0,80,11,514,135,0,92,31,2304,652,39,0,122,10,0,3,0,0,2,100,,,,,
,,,,,,CE,FRECHEIRINHA,7693,1407,0,134,31,324,57,0,22,18,4066,1452,45,0,50,40,0,2,0,0,1,44,,,,,
,,,,,,CE,GENERAL SAMPAIO,2054,524,0,38,1,138,12,0,2,6,1234,53,16,0,19,3,0,2,0,0,1,5,,,,,
,,,,,,CE,GRACA,5390,859,0,48,0,234,42,0,11,32,3528,571,22,0,22,1,0,1,0,0,1,18,,,,,
,,,,,,CE,GRANJA,14799,2840,0,356,16,1345,171,0,8,224,8496,1029,66,0,122,33,0,3,0,0,6,84,,,,,
,,,,,,CE,GRANJEIRO,1057,293,0,15,0,98,7,0,2,4,578,31,12,0,10,1,0,0,0,0,0,6,,,,,
,,,,,,CE,GROAIRAS,6256,1184,0,112,1,279,31,0,6,25,3681,805,37,0,48,2,0,3,0,0,7,35,,,,,
,,,,,,CE,GUAIUBA,6388,2073,0,169,8,339,119,0,37,35,3343,131,27,0,63,11,0,1,0,0,2,30,,,,,
,,,,,,CE,GUARACIABA DO NORTE,22390,6280,0,670,13,1828,189,0,28,83,9526,3229,61,0,219,13,0,13,0,0,7,231,,,,,
,,,,,,CE,GUARAMIRANGA,2556,672,0,36,1,134,27,0,3,4,1476,130,24,0,24,1,0,2,0,0,0,22,,,,,
,,,,,,CE,HIDROLANDIA,7356,1460,0,195,1,379,60,0,10,36,4111,973,35,0,44,4,0,3,0,0,0,45,,,,,
,,,,,,CE,HORIZONTE,33887,12738,0,685,194,1814,727,0,330,100,14128,1857,216,0,509,170,0,25,0,6,8,380,,,,,
,,,,,,CE,IBARETAMA,3749,1057,0,125,13,215,37,0,3,5,2096,101,49,0,28,4,0,2,0,0,0,14,,,,,
,,,,,,CE,IBIAPINA,11332,3286,0,270,4,854,105,0,56,32,5306,1199,37,0,75,3,0,5,0,0,6,94,,,,,
,,,,,,CE,IBICUITINGA,4745,1162,0,125,23,324,33,0,6,26,2710,159,33,0,50,49,0,3,0,0,2,40,,,,,
,,,,,,CE,ICAPUI,8466,1235,0,143,8,359,66,0,19,30,4962,1466,84,0,47,7,0,6,0,0,0,34,,,,,
,,,,,,CE,ICO,31173,5906,0,462,31,1520,286,0,54,152,18257,4012,134,0,185,40,0,25,0,0,2,107,,,,,
,,,,,,CE,IGUATU,65559,15201,0,1361,218,3821,989,0,611,103,32892,8479,210,0,642,364,2,86,0,0,22,558,,,,,
,,,,,,CE,INDEPENDENCIA,13023,2364,0,285,15,1075,95,0,3,19,7524,1420,45,0,75,22,0,21,0,0,2,58,,,,,
,,,,,,CE,IPAPORANGA,4766,770,0,44,0,263,38,0,8,15,3260,323,21,0,9,0,0,3,0,0,1,11,,,,,
,,,,,,CE,IPAUMIRIM,9277,3357,0,260,13,874,222,0,6,78,3694,535,70,0,97,17,0,24,0,0,3,27,,,,,
,,,,,,CE,IPU,19418,4646,0,449,15,1262,151,0,18,75,8638,3778,62,0,143,20,0,18,0,0,5,138,,,,,
,,,,,,CE,IPUEIRAS,14214,2861,0,156,2,1126,135,0,8,58,8515,1147,38,0,87,1,0,19,0,0,1,60,,,,,
,,,,,,CE,IRACEMA,6377,876,0,83,5,254,62,0,6,22,4502,466,30,0,37,3,0,8,0,0,2,21,,,,,
,,,,,,CE,IRAUCUBA,7296,1585,0,148,6,367,71,0,2,51,4520,393,66,0,42,3,0,2,0,0,5,35,,,,,
,,,,,,CE,ITAICABA,4104,982,0,43,1,220,41,0,28,6,2317,364,18,0,59,7,0,3,0,0,0,15,,,,,
,,,,,,CE,ITAITINGA,24455,8489,0,882,266,1373,449,0,152,86,10591,1026,145,0,340,369,1,12,0,1,3,270,,,,,
,,,,,,CE,ITAPAJE,21797,4766,0,439,16,1238,180,0,18,59,13301,1281,107,0,197,29,1,24,0,0,11,130,,,,,
,,,,,,CE,ITAPIPOCA,53968,12287,0,1179,52,3364,619,0,105,88,29380,5468,221,0,519,91,5,44,0,0,12,534,,,,,
,,,,,,CE,ITAPIUNA,5298,1485,0,88,2,331,55,0,10,32,2959,184,77,0,42,2,0,4,0,0,4,23,,,,,
,,,,,,CE,ITAREMA,12574,3391,0,222,14,1586,176,0,9,36,5901,943,65,0,76,28,1,3,0,0,5,118,,,,,
,,,,,,CE,ITATIRA,6826,1854,0,204,9,478,62,0,4,31,3766,175,85,0,49,13,0,3,0,1,0,92,,,,,
,,,,,,CE,JAGUARETAMA,7396,1374,0,199,5,571,67,0,1,27,4609,407,32,0,49,7,1,9,0,0,4,34,,,,,
,,,,,,CE,JAGUARIBARA,5713,1117,0,142,12,448,39,0,4,23,3041,759,21,0,65,16,0,4,0,0,2,20,,,,,
,,,,,,CE,JAGUARIBE,18156,3517,0,536,74,1241,191,0,30,74,10297,1659,60,0,237,110,0,21,0,0,11,98,,,,,
,,,,,,CE,JAGUARUANA,15603,2974,0,350,39,701,130,0,19,39,9010,2005,51,0,144,41,0,12,0,0,11,77,,,,,
,,,,,,CE,JARDIM,11951,3003,0,196,9,1072,181,0,19,111,6565,567,80,0,78,14,0,11,0,0,0,45,,,,,
,,,,,,CE,JATI,3739,1267,0,106,7,353,36,0,3,250,1417,179,32,0,53,7,0,6,0,0,0,23,,,,,
,,,,,,CE,JIJOCA DE JERICOACOARA,13534,2974,0,137,6,1902,282,0,7,31,6432,1187,34,1,105,7,0,2,0,0,6,421,,,,,
,,,,,,CE,JUAZEIRO DO NORTE,162025,51261,0,2542,291,10734,2669,0,1489,304,71420,15485,408,0,2285,505,20,226,0,3,50,2333,,,,,
,,,,,,CE,JUCAS,9199,1563,0,141,19,526,70,0,12,11,5746,932,55,0,72,16,0,5,0,0,3,28,,,,,
,,,,,,CE,LAVRAS DA MANGABEIRA,9478,2136,0,158,20,527,99,0,9,38,5763,485,65,0,84,18,0,13,0,0,1,62,,,,,
,,,,,,CE,LIMOEIRO DO NORTE,41627,10493,0,987,299,2097,439,0,100,59,17430,8106,245,0,584,382,4,61,0,0,6,335,,,,,
,,,,,,CE,MADALENA,6344,1532,0,185,3,339,41,0,21,32,3844,195,56,0,55,6,0,1,0,0,1,33,,,,,
,,,,,,CE,MARACANAU,104034,41947,0,3516,814,6331,2296,0,772,307,40387,1986,584,0,1863,1459,15,184,0,7,59,1507,,,,,
,,,,,,CE,MARANGUAPE,37864,15069,0,817,60,2250,818,0,157,179,16368,588,368,0,543,76,5,71,0,0,18,477,,,,,
,,,,,,CE,MARCO,10720,2412,0,439,66,1129,105,0,2,18,5482,654,38,0,123,108,0,0,0,0,16,128,,,,,
,,,,,,CE,MARTINOPOLE,3190,620,0,44,3,217,29,0,1,25,1872,338,8,0,15,3,0,0,0,0,2,13,,,,,
,,,,,,CE,MASSAPE,13505,2664,0,161,14,510,111,0,21,59,8044,1597,172,0,56,27,0,9,0,0,0,60,,,,,
,,,,,,CE,MAURITI,16659,4214,0,239,24,1292,141,0,46,85,9301,932,110,0,151,40,0,5,0,0,7,72,,,,,
,,,,,,CE,MERUOCA,5870,1082,0,71,7,332,42,0,2,25,3462,727,55,0,26,5,0,2,0,0,0,32,,,,,
,,,,,,CE,MILAGRES,9628,3038,0,146,6,581,109,0,10,114,4536,749,56,0,218,16,0,18,0,0,2,29,,,,,
,,,,,,CE,MILHA,6716,1210,0,104,3,386,49,0,2,8,4647,204,40,0,35,4,0,5,0,0,1,18,,,,,
,,,,,,CE,MIRAIMA,3153,646,0,40,0,179,25,0,1,8,2078,134,16,0,15,0,0,1,0,0,0,10,,,,,
,,,,,,CE,MISSAO VELHA,17555,4503,0,323,54,1462,120,0,35,82,9289,428,64,0,1024,72,0,15,0,0,6,78,,,,,
,,,,,,CE,MOMBACA,16721,3603,0,302,11,1112,199,0,36,80,9782,1295,63,0,93,13,0,19,0,0,7,106,,,,,
,,,,,,CE,MONSENHOR TABOSA,7547,1446,0,104,0,413,57,0,11,15,4962,431,21,0,36,1,0,6,0,0,0,44,,,,,
,,,,,,CE,MORADA NOVA,33919,8634,0,805,98,1957,409,0,133,102,16634,4052,259,0,445,144,0,36,0,1,4,206,,,,,
,,,,,,CE,MORAUJO,2935,654,0,36,1,170,21,0,2,12,1789,210,15,0,10,0,0,1,0,0,2,12,,,,,
,,,,,,CE,MORRINHOS,7165,1844,0,167,4,519,61,0,4,19,3535,843,36,0,43,15,0,2,0,0,4,69,,,,,
,,,,,,CE,MUCAMBO,5910,1063,0,61,0,285,34,0,3,20,3191,1150,23,0,38,0,0,6,0,0,0,36,,,,,
,,,,,,CE,MULUNGU,3399,758,0,87,1,226,23,0,2,9,2078,151,16,0,26,0,0,1,0,0,0,21,,,,,
,,,,,,CE,NOVA OLINDA,5848,1369,0,148,27,436,55,0,18,30,3195,423,23,0,63,27,0,3,0,0,1,30,,,,,
,,,,,,CE,NOVA RUSSAS,15556,3610,0,262,6,782,150,0,55,58,8783,1557,54,0,107,8,0,22,0,0,4,98,,,,,
,,,,,,CE,NOVO ORIENTE,15624,2913,0,114,4,960,129,0,7,58,9062,2158,43,0,81,4,0,17,0,0,4,70,,,,,
,,,,,,CE,OCARA,9692,3109,0,229,29,652,98,0,13,18,4934,296,92,0,132,33,0,7,0,0,1,49,,,,,
,,,,,,CE,OROS,8233,1609,0,146,14,639,90,0,6,31,4770,776,41,0,41,27,0,7,0,0,1,35,,,,,
,,,,,,CE,PACAJUS,34911,13575,0,848,159,2050,766,0,265,115,12600,2912,182,0,766,198,2,47,0,0,7,419,,,,,
,,,,,,CE,PACATUBA,27018,10829,0,474,83,1291,551,0,351,96,11765,569,132,0,433,127,1,22,0,1,14,279,,,,,
,,,,,,CE,PACOTI,4306,953,0,107,4,283,29,0,3,4,2718,112,25,0,33,6,0,6,0,0,1,22,,,,,
,,,,,,CE,PACUJA,2280,443,0,28,16,114,9,0,2,7,1321,283,10,0,14,18,0,3,0,0,1,11,,,,,
,,,,,,CE,PALHANO,5010,1129,0,117,7,293,62,0,4,19,2871,367,16,0,72,23,0,4,0,0,9,17,,,,,
,,,,,,CE,PALMACIA,2670,651,0,56,0,163,26,0,3,14,1639,63,13,0,22,0,0,3,0,0,0,17,,,,,
,,,,,,CE,PARACURU,14013,5293,0,291,23,1004,302,0,119,36,5772,611,77,0,222,56,1,7,0,0,9,190,,,,,
,,,,,,CE,PARAIPABA,12706,3746,0,438,41,807,165,0,22,19,6168,850,67,0,185,63,0,8,0,0,5,122,,,,,
,,,,,,CE,PARAMBU,13903,2592,0,267,15,918,63,0,10,24,8337,1490,41,0,60,30,0,9,0,0,6,41,,,,,
,,,,,,CE,PARAMOTI,3792,880,0,90,1,251,34,0,6,26,2340,81,39,0,26,3,0,3,0,0,1,11,,,,,
,,,,,,CE,PEDRA BRANCA,19505,3540,0,539,14,1170,152,0,8,81,12243,1373,110,0,113,12,0,14,0,0,5,131,,,,,
,,,,,,CE,PENAFORTE,4401,1236,0,132,6,354,49,0,5,72,2218,203,29,0,55,6,0,3,0,0,3,30,,,,,
,,,,,,CE,PENTECOSTE,16704,4062,0,395,13,978,163,0,15,52,9126,1482,64,0,188,20,0,16,0,0,2,128,,,,,
,,,,,,CE,PEREIRO,12002,3400,0,158,17,835,50,0,3,26,7094,263,54,0,28,25,0,6,0,0,3,40,,,,,
,,,,,,CE,PINDORETAMA,8332,3278,0,248,9,656,128,0,47,32,3364,211,31,0,180,20,1,10,0,0,3,114,,,,,
,,,,,,CE,PIQUET CARNEIRO,5504,1079,0,74,8,374,55,0,2,12,3543,237,21,0,62,12,0,1,0,0,2,22,,,,,
,,,,,,CE,PIRES FERREIRA,2998,682,0,40,0,168,18,0,5,19,1721,307,14,0,6,0,0,0,0,0,0,18,,,,,
,,,,,,CE,PORANGA,4755,813,0,43,2,443,49,0,6,15,2886,442,20,0,14,1,0,3,0,0,1,17,,,,,
,,,,,,CE,PORTEIRAS,6093,1593,0,86,1,548,58,0,4,322,3044,271,86,0,58,1,0,3,0,0,0,18,,,,,
,,,,,,CE,POTENGI,3022,635,0,45,1,237,33,0,2,9,1888,87,22,0,39,1,0,5,0,0,2,16,,,,,
,,,,,,CE,POTIRETAMA,2061,351,0,61,2,101,12,0,1,8,1399,104,9,0,10,2,0,1,0,0,0,0,,,,,
,,,,,,CE,QUITERIANOPOLIS,9249,1354,0,101,6,667,47,0,3,24,5674,1257,15,0,35,6,0,12,0,0,1,47,,,,,
,,,,,,CE,QUIXADA,41995,11156,0,870,71,2229,623,0,398,101,19685,5605,199,0,528,127,3,44,0,0,36,320,,,,,
,,,,,,CE,QUIXELO,7434,1192,0,102,6,463,72,0,16,23,5147,313,53,0,18,12,0,2,0,0,1,14,,,,,
,,,,,,CE,QUIXERAMOBIM,36063,8442,0,748,45,1970,333,0,95,69,19786,3651,232,0,322,86,1,33,0,0,7,243,,,,,
,,,,,,CE,QUIXERE,12779,2708,0,356,63,559,85,0,35,21,6226,2302,71,0,167,137,0,9,0,0,4,36,,,,,
,,,,,,CE,REDENCAO,10293,3176,0,285,6,545,142,0,27,57,5279,426,82,0,147,34,1,19,0,0,2,65,,,,,
,,,,,,CE,RERIUTABA,7535,1682,0,151,12,428,46,0,45,69,4132,692,111,0,89,13,0,3,0,0,10,52,,,,,
,,,,,,CE,RUSSAS,47156,10369,0,1277,328,2188,464,0,486,74,22802,7375,281,0,737,393,1,55,0,1,18,307,,,,,
,,,,,,CE,SABOEIRO,4773,760,0,58,1,393,40,0,2,14,3123,308,13,0,38,0,0,2,0,0,1,20,,,,,
,,,,,,CE,SALITRE,4021,1063,0,220,3,308,35,0,0,27,2132,127,59,0,29,6,0,4,0,0,0,8,,,,,
,,,,,,CE,SANTA QUITERIA,18299,4063,0,348,13,1070,153,0,33,85,10216,1779,78,0,318,22,0,14,0,0,8,99,,,,,
,,,,,,CE,SANTANA DO ACARAU,9605,1874,0,199,3,511,82,0,7,78,5410,1197,100,0,54,16,0,3,0,0,5,66,,,,,
,,,,,,CE,SANTANA DO CARIRI,4850,1228,0,122,0,444,52,0,3,40,2719,158,27,0,41,0,0,2,0,0,0,14,,,,,
,,,,,,CE,SAO BENEDITO,25056,7006,0,690,54,1899,330,0,76,147,10521,3673,105,0,164,86,0,15,0,0,22,268,,,,,
,,,,,,CE,SAO GONCALO DO AMARANTE,22919,8641,0,539,157,1327,471,0,112,129,9190,984,221,0,540,274,1,27,0,18,11,277,,,,,
,,,,,,CE,SAO JOAO DO JAGUARIBE,3930,792,0,35,25,184,28,0,4,9,2099,671,11,0,36,22,0,10,0,0,0,4,,,,,
,,,,,,CE,SAO LUIS DO CURU,4047,1193,0,94,16,227,40,0,5,5,2097,191,21,0,97,23,0,13,0,0,2,23,,,,,
,,,,,,CE,SENADOR POMPEU,11379,2349,0,219,21,611,121,0,13,43,7234,470,93,0,97,26,0,7,0,1,7,67,,,,,
,,,,,,CE,SENADOR SA,2085,499,0,36,5,162,28,0,4,10,1172,115,21,0,12,6,0,3,0,0,1,11,,,,,
,,,,,,CE,SOBRAL,121598,32299,0,1929,459,5653,1859,0,1018,262,55091,18673,620,0,1091,675,20,181,0,3,134,1631,,,,,
,,,,,,CE,SOLONOPOLE,8314,1586,0,128,3,536,79,0,14,21,5594,219,37,0,49,3,0,11,0,0,1,33,,,,,
,,,,,,CE,TABULEIRO DO NORTE,24656,4604,0,457,971,984,198,0,23,44,11181,4694,71,0,288,989,0,25,0,0,9,118,,,,,
,,,,,,CE,TAMBORIL,10195,2160,0,152,1,647,78,0,4,49,6087,870,42,0,58,3,0,12,0,0,1,31,,,,,
,,,,,,CE,TARRAFAS,2997,494,0,38,0,162,16,0,3,9,1913,310,21,0,16,2,0,1,0,0,0,12,,,,,
,,,,,,CE,TAUA,32650,6688,0,612,40,2099,287,0,347,186,18225,3398,123,0,277,59,0,36,0,3,14,256,,,,,
,,,,,,CE,TEJUCUOCA,4940,1201,0,111,0,343,41,0,0,15,3039,95,47,0,24,0,0,4,0,0,0,20,,,,,
,,,,,,CE,TIANGUA,53746,15534,0,1854,165,4324,721,0,518,211,20288,7761,300,0,940,211,1,36,0,0,114,768,,,,,
,,,,,,CE,TRAIRI,17389,4985,0,410,29,1299,232,0,37,62,8720,1080,124,0,224,43,0,4,0,0,11,129,,,,,
,,,,,,CE,TURURU,5261,1462,0,83,5,348,58,0,4,18,3027,159,26,0,38,7,0,4,0,0,0,22,,,,,
,,,,,,CE,UBAJARA,16951,4875,0,395,11,1202,186,0,68,35,7700,1995,97,0,169,32,0,8,0,0,14,164,,,,,
,,,,,,CE,UMARI,1623,494,0,11,10,96,19,0,1,10,830,87,40,0,6,12,0,1,0,0,0,6,,,,,
,,,,,,CE,UMIRIM,4679,1499,0,92,1,215,43,0,7,41,2539,109,39,0,61,4,0,3,0,0,0,26,,,,,
,,,,,,CE,URUBURETAMA,6632,1096,0,117,5,350,54,0,4,15,4497,363,39,0,38,10,0,5,0,0,5,34,,,,,
,,,,,,CE,URUOCA,4596,838,0,160,31,353,33,0,0,18,2695,302,29,0,39,53,0,1,0,0,3,41,,,,,
,,,,,,CE,VARJOTA,9867,2271,0,182,4,711,42,0,30,43,5148,1161,27,0,108,4,0,6,0,0,2,128,,,,,
,,,,,,CE,VARZEA ALEGRE,20254,4203,0,318,21,1184,142,0,70,61,12136,1725,86,0,169,32,0,10,0,0,6,91,,,,,
,,,,,,CE,VICOSA DO CEARA,25015,5089,0,608,19,2411,220,0,109,71,12413,3599,137,0,126,36,0,5,0,0,10,162,,,,,
,,,,,,DF,BRASILIA,2295892,1493824,0,29661,5127,168114,137497,0,2072,7149,280520,33988,14832,21,29862,6470,692,9738,1,732,746,74846,,,,,
,,,,,,ES,AFONSO CLAUDIO,27796,10200,0,1002,47,2816,668,0,6,134,9798,2417,128,0,253,64,0,14,0,20,11,218,,,,,
,,,,,,ES,AGUA DOCE DO NORTE,8521,2741,0,246,22,920,149,0,29,48,3414,729,53,0,72,30,0,4,0,9,2,53,,,,,
,,,,,,ES,AGUIA BRANCA,8536,2255,0,327,38,1011,122,0,12,43,3318,1092,113,0,81,49,0,10,0,7,5,53,,,,,
,,,,,,ES,ALEGRE,18451,8466,0,347,32,1725,581,0,10,135,5216,1275,66,0,190,59,8,10,0,12,21,298,,,,,
,,,,,,ES,ALFREDO CHAVES,13146,4590,0,632,381,1661,340,0,7,77,3033,1427,80,0,171,554,0,2,0,21,8,162,,,,,
,,,,,,ES,ALTO RIO NOVO,5540,1946,0,197,11,698,93,0,6,25,1847,585,29,0,52,19,0,1,0,4,0,27,,,,,
,,,,,,ES,ANCHIETA,19108,8672,0,610,260,1680,787,0,90,120,3542,2030,117,0,395,277,1,20,0,19,11,477,,,,,
,,,,,,ES,APIACA,6089,2945,0,202,34,762,238,0,8,42,1323,228,18,0,72,38,0,1,0,4,10,164,,,,,
,,,,,,ES,ARACRUZ,63965,29013,0,2156,697,5755,2156,0,197,308,12484,5356,703,0,2001,1866,1,54,0,91,59,1068,,,,,
,,,,,,ES,ATILIO VIVACQUA,7440,2853,0,310,52,680,212,0,5,18,2636,399,46,0,53,88,0,8,0,8,4,68,,,,,
,,,,,,ES,BAIXO GUANDU,29614,11831,0,751,246,3586,908,0,38,59,8161,2615,130,0,425,338,2,12,0,19,25,468,,,,,
,,,,,,ES,BARRA DE SAO FRANCISCO,35488,13086,0,805,249,3769,1060,0,106,80,10873,3924,215,0,364,403,0,19,0,13,20,502,,,,,
,,,,,,ES,BOA ESPERANCA,9800,2989,0,349,9,1104,147,0,23,30,3955,862,89,0,144,14,0,3,0,8,1,73,,,,,
,,,,,,ES,BOM JESUS DO NORTE,18358,8977,0,403,63,2470,708,0,36,68,3337,1186,53,0,211,89,1,7,0,5,9,735,,,,,
,,,,,,ES,BREJETUBA,11241,4228,0,533,19,1394,255,0,4,69,4090,327,91,0,77,21,0,3,0,18,0,112,,,,,
,,,,,,ES,CACHOEIRO DE ITAPEMIRIM,145453,67017,0,5605,1479,12091,6088,0,206,332,33620,10410,1721,2,1785,1819,10,217,0,38,71,2942,,,,,
,,,,,,ES,CARIACICA,225591,104557,0,7191,4569,18077,9477,0,230,980,53443,10481,1728,0,4070,6501,0,371,0,269,309,3338,,,,,
,,,,,,ES,CASTELO,34386,12306,0,2055,467,4113,1468,0,11,141,7776,4260,152,0,302,557,1,14,0,10,35,718,,,,,
,,,,,,ES,COLATINA,91781,37723,0,3225,483,9780,2964,0,174,257,23147,9277,760,0,1688,574,1,100,2,62,55,1509,,,,,
,,,,,,ES,CONCEICAO DA BARRA,13555,6035,0,396,108,1351,478,0,183,46,2952,999,203,0,461,147,0,9,0,2,9,176,,,,,
,,,,,,ES,CONCEICAO DO CASTELO,11070,4517,0,442,76,1559,424,0,5,90,2836,667,102,0,134,99,0,8,0,12,2,97,,,,,
,,,,,,ES,DIVINO DE SAO LOURENCO,3691,1617,0,120,9,392,71,0,2,15,1285,88,28,0,21,7,0,0,0,4,1,31,,,,,
,,,,,,ES,DOMINGOS MARTINS,34633,12825,0,1806,137,4440,1125,0,14,192,10923,1807,120,1,450,181,0,36,0,33,20,523,,,,,
,,,,,,ES,DORES DO RIO PRETO,9096,4506,0,288,20,1695,307,0,6,39,1643,157,34,0,127,36,0,3,0,7,4,224,,,,,
,,,,,,ES,ECOPORANGA,13558,4370,0,294,22,1467,230,0,19,83,5351,1290,123,0,144,32,0,5,0,11,4,113,,,,,
,,,,,,ES,FUNDAO,11074,5215,0,440,85,1280,481,0,14,66,2321,457,93,0,305,97,0,14,1,43,14,148,,,,,
,,,,,,ES,GOVERNADOR LINDENBERG,10076,2572,0,505,37,1450,115,0,4,13,3816,1255,21,0,148,42,0,0,0,8,1,89,,,,,
,,,,,,ES,GUACUI,27334,13556,0,883,74,3378,980,0,45,119,6016,1216,79,0,341,114,2,20,0,10,23,478,,,,,
,,,,,,ES,GUARAPARI,103836,48989,0,1739,496,10829,6098,0,367,414,19564,7505,320,0,1739,632,2,156,0,58,99,4829,,,,,
,,,,,,ES,IBATIBA,28069,11704,0,952,56,4018,687,0,65,165,8857,579,168,0,250,60,0,13,0,21,9,465,,,,,
,,,,,,ES,IBIRACU,7824,3372,0,427,247,866,296,0,20,40,1383,385,75,0,206,327,0,14,1,47,1,117,,,,,
,,,,,,ES,IBITIRAMA,7784,3116,0,255,16,847,171,0,6,86,2856,244,36,0,59,14,1,1,0,10,4,62,,,,,
,,,,,,ES,ICONHA,14818,4962,0,571,549,1579,318,0,12,38,3624,1277,69,0,209,1358,0,7,0,31,3,211,,,,,
,,,,,,ES,IRUPI,13312,5227,0,438,21,2202,339,0,13,46,4278,343,47,0,97,16,0,7,0,12,4,222,,,,,
,,,,,,ES,ITAGUACU,10310,3526,0,434,24,1122,224,0,9,24,3834,813,87,0,102,32,0,4,0,9,7,59,,,,,
,,,,,,ES,ITAPEMIRIM,24402,9782,0,715,70,1957,696,0,144,68,7264,2704,85,0,354,89,1,25,0,10,19,419,,,,,
,,,,,,ES,ITARANA,10036,3337,0,634,24,1492,182,0,6,64,3163,835,41,0,97,22,0,8,2,27,10,92,,,,,
,,,,,,ES,IUNA,23453,9509,0,730,63,2966,620,0,36,135,7665,912,107,0,254,87,0,24,0,11,2,332,,,,,
,,,,,,ES,JAGUARE,22678,6691,0,760,77,2828,419,0,10,52,7595,3210,130,0,501,111,0,6,2,8,3,275,,,,,
,,,,,,ES,JERONIMO MONTEIRO,7670,3197,0,133,20,648,214,0,3,35,2443,777,31,0,98,15,2,2,0,5,4,43,,,,,
,,,,,,ES,JOAO NEIVA,10099,4636,0,388,152,1308,404,0,32,39,1829,583,44,0,269,234,0,11,0,14,4,152,,,,,
,,,,,,ES,LARANJA DA TERRA,10367,3289,0,474,43,723,118,0,66,24,4699,674,30,0,103,63,0,5,0,5,2,49,,,,,
,,,,,,ES,LINHARES,116896,47062,0,4060,1281,11857,4127,0,360,303,25472,12588,850,0,4269,1729,2,82,0,212,98,2544,,,,,
,,,,,,ES,MANTENOPOLIS,10100,3950,0,340,11,1655,221,0,8,43,2714,795,52,0,96,11,0,2,0,6,3,193,,,,,
,,,,,,ES,MARATAIZES,30676,12419,0,1049,62,3442,1072,0,235,58,7589,3364,108,1,535,71,1,29,0,6,37,598,,,,,
,,,,,,ES,MARECHAL FLORIANO,16463,6569,0,1001,174,1820,632,0,10,82,4515,755,75,0,303,240,0,24,0,24,16,223,,,,,
,,,,,,ES,MARILANDIA,11592,3274,0,595,52,1408,211,0,29,30,4387,1147,35,0,160,92,0,5,0,7,4,156,,,,,
,,,,,,ES,MIMOSO DO SUL,17189,6910,0,447,50,1816,585,0,23,85,5336,1243,91,0,240,69,0,12,0,14,3,265,,,,,
,,,,,,ES,MONTANHA,12048,4758,0,396,34,1675,292,0,4,30,3178,1067,145,0,201,45,0,2,0,7,5,209,,,,,
,,,,,,ES,MUCURICI,3227,1430,0,103,19,432,79,0,0,11,822,174,33,0,40,25,0,2,0,4,4,49,,,,,
,,,,,,ES,MUNIZ FREIRE,13988,5190,0,385,23,1695,396,0,6,124,5166,641,61,0,95,18,0,13,0,8,2,165,,,,,
,,,,,,ES,MUQUI,9505,3915,0,223,21,1011,379,0,4,38,2853,767,46,0,99,23,0,10,0,9,1,106,,,,,
,,,,,,ES,NOVA VENECIA,36667,11916,0,1406,182,4614,823,0,30,93,11911,4365,230,0,472,229,1,17,0,10,20,348,,,,,
,,,,,,ES,PANCAS,12537,4184,0,478,14,1454,269,0,9,46,4906,902,43,0,114,28,0,13,0,3,2,72,,,,,
,,,,,,ES,PEDRO CANARIO,14496,5910,0,818,183,1478,389,0,24,73,3242,1202,395,0,365,217,21,9,0,12,6,152,,,,,
,,,,,,ES,PINHEIROS,13189,4938,0,459,57,1407,306,0,16,31,4073,1333,218,0,125,66,1,2,0,3,7,147,,,,,
,,,,,,ES,PIUMA,18288,8203,0,376,87,2088,828,0,36,43,3363,2095,21,0,325,90,0,25,1,5,29,673,,,,,
,,,,,,ES,PONTO BELO,3718,1566,0,106,4,370,78,0,3,13,1072,377,28,0,45,4,0,2,0,6,8,36,,,,,
,,,,,,ES,PRESIDENTE KENNEDY,11541,4454,0,486,106,1406,291,0,24,30,3398,694,31,0,180,185,1,10,0,4,14,227,,,,,
,,,,,,ES,RIO BANANAL,20809,4922,0,1030,92,3148,348,0,67,27,7331,2940,132,0,359,119,0,7,0,32,3,252,,,,,
,,,,,,ES,RIO NOVO DO SUL,9140,3148,0,386,153,850,229,0,9,35,3129,759,41,0,117,159,0,5,0,11,1,108,,,,,
,,,,,,ES,SANTA LEOPOLDINA,9084,2906,0,573,12,1108,254,0,9,71,3477,425,54,0,87,15,0,10,0,18,5,60,,,,,
,,,,,,ES,SANTA MARIA DE JETIBA,50437,16432,0,3764,1123,6129,839,0,33,122,14558,4548,134,0,491,1766,0,32,0,57,10,399,,,,,
,,,,,,ES,SANTA TERESA,21393,7944,0,970,69,2747,654,0,26,74,6609,1449,150,0,251,84,0,23,0,18,10,315,,,,,
,,,,,,ES,SAO DOMINGOS DO NORTE,7503,2088,0,392,78,1016,135,0,6,22,2454,908,101,0,89,153,0,1,0,4,4,52,,,,,
,,,,,,ES,SAO GABRIEL DA PALHA,30719,8901,0,1108,135,3139,532,0,34,65,9988,5757,262,0,319,154,1,12,0,26,6,280,,,,,
,,,,,,ES,SAO JOSE DO CALCADO,7042,3427,0,121,10,692,217,0,8,35,1977,314,27,0,49,10,3,6,0,3,6,137,,,,,
,,,,,,ES,SAO MATEUS,81259,34202,0,1799,366,7973,2849,0,131,207,20068,8897,592,0,2163,474,8,53,0,60,59,1358,,,,,
,,,,,,ES,SAO ROQUE DO CANAA,9151,2761,0,452,17,957,130,0,27,36,3625,865,66,0,120,20,1,4,0,12,4,54,,,,,
,,,,,,ES,SERRA,296894,157630,0,10328,3884,22634,13272,0,384,1024,53727,11489,2923,0,7664,5182,14,585,3,877,319,4955,,,,,
,,,,,,ES,SOORETAMA,15230,5703,0,587,84,1715,356,0,23,39,4698,1193,109,0,462,99,0,5,1,19,4,133,,,,,
,,,,,,ES,VARGEM ALTA,15953,6573,0,726,136,2005,519,0,8,75,4392,795,117,0,220,157,0,4,0,8,2,216,,,,,
,,,,,,ES,VENDA NOVA DO IMIGRANTE,24274,10435,0,1025,218,3499,981,0,2,41,4949,1473,151,0,442,277,0,51,0,21,9,700,,,,,
,,,,,,ES,VIANA,44891,18561,0,2010,2498,3507,1572,0,41,155,9753,1760,456,0,835,3199,2,49,1,80,56,356,,,,,
,,,,,,ES,VILA PAVAO,7877,1918,0,299,5,923,97,0,4,16,3465,1005,41,0,45,14,0,0,0,5,1,39,,,,,
,,,,,,ES,VILA VALERIO,15393,3463,0,678,44,2076,219,0,4,58,6709,1576,174,0,160,47,0,7,0,12,3,163,,,,,
,,,,,,ES,VILA VELHA,293852,155662,0,5090,2247,21453,18419,0,525,1104,52717,13694,974,0,7264,2651,8,532,0,305,1206,10001,,,,,
,,,,,,ES,VITORIA,227171,124744,0,4658,972,19958,18527,0,275,1070,29388,6751,1120,0,5398,1398,13,732,1,700,297,11169,,,,,
,,,,,,GO,ABADIA DE GOIAS,8730,3830,0,334,89,879,217,0,63,18,2053,483,46,0,549,101,0,6,0,0,2,60,,,,,
,,,,,,GO,ABADIANIA,8796,4159,0,460,84,1066,221,0,16,42,1667,334,49,0,513,98,0,11,0,2,2,72,,,,,
,,,,,,GO,ACREUNA,16565,6672,0,526,416,1898,312,0,166,35,2883,1709,181,0,804,756,0,18,0,4,3,182,,,,,
,,,,,,GO,ADELANDIA,1637,715,0,47,6,212,30,0,11,3,392,94,9,0,105,6,0,1,0,0,0,6,,,,,
,,,,,,GO,AGUA FRIA DE GOIAS,1539,712,0,66,16,200,25,0,1,18,298,30,30,0,102,29,2,1,0,0,0,9,,,,,
,,,,,,GO,AGUA LIMPA,1108,575,0,30,1,146,18,0,5,5,201,45,3,0,59,6,0,5,0,0,0,9,,,,,
,,,,,,GO,AGUAS LINDAS DE GOIAS,52107,20442,0,1521,212,3497,1275,0,381,266,10193,1445,941,0,11398,231,6,40,0,9,36,214,,,,,
,,,,,,GO,ALEXANIA,17387,8641,0,619,114,1736,382,0,108,72,3099,1004,78,0,1259,126,0,39,0,3,11,96,,,,,
,,,,,,GO,ALOANDIA,1531,622,0,37,11,159,18,0,7,5,414,140,6,0,80,13,0,8,0,0,0,11,,,,,
,,,,,,GO,ALTO HORIZONTE,4016,1539,0,108,38,452,81,0,63,31,811,451,103,0,246,45,0,3,0,1,0,44,,,,,
,,,,,,GO,ALTO PARAISO DE GOIAS,3942,1653,0,117,23,587,163,0,11,15,802,115,22,0,282,40,0,9,0,0,3,100,,,,,
,,,,,,GO,ALVORADA DO NORTE,5394,2552,0,185,41,580,68,0,30,21,1111,301,28,0,363,70,3,3,0,1,0,37,,,,,
,,,,,,GO,AMARALINA,1120,383,0,25,1,162,13,0,17,7,370,70,19,0,50,1,0,1,0,0,0,1,,,,,
,,,,,,GO,AMERICANO DO BRASIL,3933,1560,0,104,20,459,72,0,42,16,1068,270,39,0,236,23,0,9,0,0,0,15,,,,,
,,,,,,GO,AMORINOPOLIS,2003,788,0,44,23,268,33,0,16,11,568,89,9,0,106,35,0,5,0,0,1,7,,,,,
,,,,,,GO,ANAPOLIS,347072,167010,0,10447,4191,31862,10703,0,1257,452,67650,24378,1849,0,14131,6174,1,875,0,16,78,5998,,,,,
,,,,,,GO,ANHANGUERA,647,380,0,11,2,65,10,0,1,2,118,21,3,0,28,2,0,0,0,0,0,4,,,,,
,,,,,,GO,ANICUNS,15918,7098,0,453,118,1765,305,0,142,38,3134,1335,139,0,1042,171,0,37,0,0,4,137,,,,,
,,,,,,GO,APARECIDA DE GOIANIA,409690,183170,0,9224,2851,27214,9616,0,3474,646,117732,26906,907,0,19357,4365,3,586,0,30,75,3534,,,,,
,,,,,,GO,APARECIDA DO RIO DOCE,1968,856,0,114,48,274,45,0,19,20,342,67,15,0,81,66,0,8,0,0,2,11,,,,,
,,,,,,GO,APORE,2556,1135,0,143,20,335,74,0,17,21,379,125,57,0,156,66,0,2,0,2,0,24,,,,,
,,,,,,GO,ARACU,2775,1296,0,43,15,310,46,0,13,12,647,144,12,0,182,30,0,3,0,0,2,20,,,,,
,,,,,,GO,ARAGARCAS,18617,7420,0,467,103,1793,408,0,440,24,4466,2056,44,0,1103,115,1,20,0,1,4,152,,,,,
,,,,,,GO,ARAGOIANIA,7241,3284,0,173,30,790,116,0,53,7,1892,415,19,0,376,29,0,12,0,0,5,40,,,,,
,,,,,,GO,ARAGUAPAZ,4919,1833,0,143,40,501,76,0,70,17,1301,412,21,0,425,49,0,4,0,0,0,27,,,,,
,,,,,,GO,ARENOPOLIS,1580,605,0,36,9,269,29,0,29,17,413,37,10,0,92,18,0,3,0,0,0,13,,,,,
,,,,,,GO,ARUANA,4606,1567,0,132,28,432,82,0,71,2,1259,503,27,0,405,57,0,4,0,0,3,34,,,,,
,,,,,,GO,AURILANDIA,1987,856,0,54,4,283,28,0,74,7,483,56,11,0,105,9,0,9,0,0,0,8,,,,,
,,,,,,GO,AVELINOPOLIS,1759,784,0,60,8,219,45,0,10,6,420,68,5,0,97,19,0,5,0,0,0,13,,,,,
,,,,,,GO,BALIZA,623,208,0,16,7,109,24,0,10,7,145,35,11,0,40,5,0,0,0,1,0,5,,,,,
,,,,,,GO,BARRO ALTO,7276,3130,0,320,174,936,126,0,36,79,1098,422,169,0,453,253,0,4,0,2,3,71,,,,,
,,,,,,GO,BELA VISTA DE GOIAS,24779,9729,0,686,299,2850,504,0,119,73,6504,2109,78,0,1204,372,1,50,0,1,22,178,,,,,
,,,,,,GO,BOM JARDIM DE GOIAS,5337,1593,0,167,114,715,79,0,72,14,1370,592,40,0,308,240,0,5,0,0,1,27,,,,,
,,,,,,GO,BOM JESUS,20363,8187,0,537,603,2098,372,0,807,85,3095,2229,186,0,897,1016,0,48,0,1,4,198,,,,,
,,,,,,GO,BONFINOPOLIS,5439,2423,0,121,10,622,87,0,13,11,1495,351,16,0,234,13,0,7,0,0,0,36,,,,,
,,,,,,GO,BONOPOLIS,1419,405,0,40,10,162,24,0,10,9,546,121,13,0,57,14,0,1,0,0,0,7,,,,,
,,,,,,GO,BRAZABRANTES,2093,966,0,83,23,188,38,0,18,4,512,97,6,0,122,17,0,2,0,0,0,17,,,,,
,,,,,,GO,BRITANIA,4071,1697,0,142,33,437,78,0,47,20,872,320,18,0,317,56,0,9,0,0,1,24,,,,,
,,,,,,GO,BURITI ALEGRE,7760,3822,0,256,194,942,177,0,40,42,1091,398,21,0,441,209,0,32,0,0,1,94,,,,,
,,,,,,GO,BURITI DE GOIAS,2280,918,0,38,4,296,43,0,12,10,688,55,3,0,189,3,0,5,0,0,0,16,,,,,
,,,,,,GO,BURITINOPOLIS,1387,703,0,48,4,90,21,0,10,5,362,61,9,0,66,5,0,0,0,0,0,3,,,,,
,,,,,,GO,CABECEIRAS,3844,1930,0,175,40,466,58,0,8,19,652,205,48,0,129,89,0,7,0,1,2,15,,,,,
,,,,,,GO,CACHOEIRA ALTA,7253,3314,0,220,56,962,149,0,113,34,1207,628,98,0,315,86,0,13,1,0,2,55,,,,,
,,,,,,GO,CACHOEIRA DE GOIAS,774,362,0,12,7,107,16,0,9,2,165,16,3,0,50,18,0,3,0,0,0,4,,,,,
,,,,,,GO,CACHOEIRA DOURADA,5472,2397,0,206,242,596,102,0,86,24,807,410,85,0,333,142,1,6,0,0,2,33,,,,,
,,,,,,GO,CACU,10769,4458,0,493,143,1628,218,0,111,35,1662,767,58,0,762,293,0,26,0,0,2,113,,,,,
,,,,,,GO,CAIAPONIA,11667,4481,0,416,237,1886,277,0,118,30,2099,866,30,0,734,371,0,9,0,0,1,112,,,,,
,,,,,,GO,CALDAS NOVAS,85711,32135,0,1081,163,7127,1966,0,1073,162,23515,13494,168,0,3545,207,2,191,0,1,37,844,,,,,
,,,,,,GO,CALDAZINHA,2918,1055,0,75,4,449,60,0,11,15,987,85,7,0,136,2,0,9,0,0,0,23,,,,,
,,,,,,GO,CAMPESTRE DE GOIAS,2209,891,0,76,1,244,37,0,17,4,615,130,9,0,164,0,0,3,0,0,0,18,,,,,
,,,,,,GO,CAMPINACU,2054,709,0,65,10,339,40,0,18,10,635,128,6,0,69,13,0,0,0,0,0,12,,,,,
,,,,,,GO,CAMPINORTE,9630,3826,0,297,95,1194,177,0,64,26,2165,842,42,0,644,127,0,14,0,0,3,114,,,,,
,,,,,,GO,CAMPO ALEGRE DE GOIAS,4670,2006,0,211,114,766,114,0,22,40,735,271,37,0,140,167,0,14,0,1,1,31,,,,,
,,,,,,GO,CAMPO LIMPO DE GOIAS,4675,1916,0,317,28,745,77,0,2,8,897,399,12,0,171,45,0,4,0,0,0,54,,,,,
,,,,,,GO,CAMPOS BELOS,15300,6095,0,440,85,1911,220,0,16,23,4398,1370,69,0,468,113,0,5,0,1,3,83,,,,,
,,,,,,GO,CAMPOS VERDES,2297,914,0,51,3,221,35,0,1,12,753,223,6,0,63,3,0,3,0,0,1,8,,,,,
,,,,,,GO,CARMO DO RIO VERDE,6618,2657,0,177,53,568,95,0,40,39,1764,620,67,0,407,75,0,10,0,1,0,45,,,,,
,,,,,,GO,CASTELANDIA,2049,885,0,75,72,206,39,0,14,9,389,133,19,0,83,112,0,3,0,0,1,9,,,,,
,,,,,,GO,CATALAO,108308,45660,0,2581,1328,14234,2819,0,750,312,20557,8690,447,0,5130,2244,20,214,0,5,28,3289,,,,,
,,,,,,GO,CATURAI,3369,1456,0,68,7,560,72,0,10,7,730,201,8,0,198,19,0,11,0,0,0,22,,,,,
,,,,,,GO,CAVALCANTE,2848,1027,0,78,1,467,99,0,3,7,899,109,8,0,75,3,0,0,0,0,2,70,,,,,
,,,,,,GO,CERES,24736,9206,0,647,104,2384,612,0,129,25,6758,3112,77,0,1042,191,1,130,0,1,5,312,,,,,
,,,,,,GO,CEZARINA,6101,2658,0,213,85,626,150,0,48,50,1218,482,71,0,345,110,0,11,0,1,3,30,,,,,
,,,,,,GO,CHAPADAO DO CEU,10784,3655,0,472,468,1187,426,0,119,20,1358,925,116,0,838,1018,1,3,0,2,2,174,,,,,
,,,,,,GO,CIDADE OCIDENTAL,16298,7844,0,339,58,929,347,0,54,109,4057,606,261,0,1548,41,1,26,0,0,9,69,,,,,
,,,,,,GO,COCALZINHO DE GOIAS,7222,3466,0,262,86,951,188,0,33,48,1199,290,59,0,442,134,0,9,0,1,4,50,,,,,
,,,,,,GO,COLINAS DO SUL,1136,495,0,44,1,177,36,0,3,6,243,43,3,0,76,0,0,1,0,0,0,8,,,,,
,,,,,,GO,CORREGO DO OURO,1526,604,0,35,2,247,19,0,5,5,458,39,6,0,95,3,0,3,0,0,0,5,,,,,
,,,,,,GO,CORUMBA DE GOIAS,5893,2598,0,157,20,749,97,0,28,22,1512,371,42,0,211,30,0,12,0,0,4,40,,,,,
,,,,,,GO,CORUMBAIBA,6028,2497,0,192,57,862,105,0,20,36,1309,476,10,0,321,86,0,13,0,1,0,43,,,,,
,,,,,,GO,CRISTALINA,40329,18338,0,2042,897,5196,1049,0,167,126,5820,2162,651,0,1917,1513,3,43,0,5,16,384,,,,,
,,,,,,GO,CRISTIANOPOLIS,2624,1190,0,89,32,399,41,0,15,12,526,84,6,0,148,51,0,13,0,0,0,18,,,,,
,,,,,,GO,CRIXAS,12071,4717,0,280,32,1661,316,0,40,30,3040,1109,28,0,636,42,0,16,0,0,3,121,,,,,
,,,,,,GO,CROMINIA,2799,1214,0,85,26,442,56,0,8,8,613,159,7,0,124,34,0,9,0,0,1,13,,,,,
,,,,,,GO,CUMARI,1919,925,0,39,8,251,46,0,4,13,467,57,6,0,77,12,0,1,0,0,0,13,,,,,
,,,,,,GO,DAMIANOPOLIS,1558,680,0,47,1,228,22,0,8,9,418,59,15,0,57,2,1,3,0,0,0,8,,,,,
,,,,,,GO,DAMOLANDIA,2293,933,0,70,4,302,24,0,4,9,550,228,10,0,136,7,0,5,0,0,0,11,,,,,
,,,,,,GO,DAVINOPOLIS,1208,566,0,44,6,251,7,0,2,5,223,32,8,0,35,23,0,1,0,0,0,5,,,,,
,,,,,,GO,DIORAMA,1299,433,0,25,4,198,15,0,8,7,441,57,9,0,89,4,0,3,0,0,0,6,,,,,
,,,,,,GO,DIVINOPOLIS DE GOIAS,1358,593,0,49,21,167,19,0,1,8,319,93,9,0,30,37,0,1,0,0,0,11,,,,,
,,,,,,GO,DOVERLANDIA,6054,1828,0,206,70,981,111,0,50,24,1907,433,47,0,213,132,0,7,0,0,0,45,,,,,
,,,,,,GO,EDEALINA,2741,1173,0,109,62,361,36,0,7,17,552,189,16,0,108,91,0,5,0,0,0,15,,,,,
,,,,,,GO,EDEIA,9184,3714,0,312,135,1191,140,0,122,13,1671,906,53,0,536,280,0,15,0,0,4,92,,,,,
,,,,,,GO,ESTRELA DO NORTE,2299,773,0,59,8,257,28,0,38,3,824,182,4,0,101,12,0,2,0,0,0,8,,,,,
,,,,,,GO,FAINA,3516,1398,0,96,27,534,64,0,21,23,936,140,13,0,201,44,0,6,0,0,0,13,,,,,
,,,,,,GO,FAZENDA NOVA,3999,1217,0,54,5,520,52,0,30,16,1565,286,13,0,205,3,0,9,0,0,2,22,,,,,
,,,,,,GO,FIRMINOPOLIS,8116,3415,0,151,66,972,146,0,190,10,1808,615,10,0,567,96,0,22,0,0,2,46,,,,,
,,,,,,GO,FLORES DE GOIAS,2126,826,0,75,3,234,41,0,1,14,690,84,19,0,122,5,0,3,0,0,2,7,,,,,
,,,,,,GO,FORMOSA,91825,40175,0,3552,1505,8912,1812,0,528,266,16063,7488,971,0,7850,2043,18,168,0,7,44,423,,,,,
,,,,,,GO,FORMOSO,3503,1106,0,78,32,449,41,0,42,4,1255,266,8,0,148,42,0,8,0,0,0,24,,,,,
,,,,,,GO,GAMELEIRA DE GOIAS,1772,720,0,66,36,332,55,0,2,4,359,31,17,0,68,64,0,5,0,0,0,13,,,,,
,,,,,,GO,GOIANAPOLIS,10064,4456,0,404,93,1377,208,0,11,35,1985,825,57,0,375,135,0,14,0,0,1,88,,,,,
,,,,,,GO,GOIANDIRA,3502,1788,0,67,8,532,60,0,11,9,657,173,7,0,139,18,0,9,0,0,1,23,,,,,
,,,,,,GO,GOIANESIA,63403,26439,0,1608,569,6325,1182,0,399,154,13466,7642,389,0,3325,1114,1,113,0,6,6,665,,,,,
,,,,,,GO,GOIANIA,1442911,689226,0,28947,7850,140629,55769,0,7491,2788,301819,71562,8009,2,77475,10452,11,6622,0,75,445,33739,,,,,
,,,,,,GO,GOIANIRA,38553,17836,0,640,135,2849,842,0,469,54,10202,2489,139,0,2457,151,0,26,0,2,10,252,,,,,
,,,,,,GO,GOIAS,16466,7157,0,328,22,2087,430,0,120,30,4189,859,75,0,906,48,0,59,0,0,7,149,,,,,
,,,,,,GO,GOIATUBA,33333,13495,0,990,888,3611,598,0,987,75,5831,3523,175,0,1533,1158,0,79,0,2,8,380,,,,,
,,,,,,GO,GOUVELANDIA,2304,1106,0,85,22,285,44,0,22,11,411,138,12,0,114,45,0,2,0,0,0,7,,,,,
,,,,,,GO,GUAPO,11929,5104,0,358,139,1102,216,0,67,17,2875,995,59,0,729,176,0,11,0,0,1,80,,,,,
,,,,,,GO,GUARAITA,1444,522,0,38,7,156,19,0,4,5,419,143,3,0,105,17,0,0,0,0,0,6,,,,,
,,,,,,GO,GUARANI DE GOIAS,1695,642,0,40,9,199,25,0,13,8,551,135,14,0,31,21,0,1,0,0,1,5,,,,,
,,,,,,GO,GUARINOS,784,330,0,16,0,147,14,0,2,8,201,30,4,0,28,0,0,1,0,0,0,3,,,,,
,,,,,,GO,HEITORAI,2288,913,0,59,6,258,38,0,12,6,694,122,10,0,145,7,0,5,0,0,0,13,,,,,
,,,,,,GO,HIDROLANDIA,19275,7486,0,2090,308,1967,372,0,96,51,4195,1057,63,0,987,398,0,21,0,1,3,180,,,,,
,,,,,,GO,HIDROLINA,2052,907,0,50,11,285,60,0,7,3,518,83,3,1,85,20,0,5,0,0,0,14,,,,,
,,,,,,GO,IACIARA,5343,2097,0,226,63,612,70,0,61,22,1388,524,29,0,129,91,0,3,0,0,1,27,,,,,
,,,,,,GO,INACIOLANDIA,3224,1343,0,85,55,323,57,0,104,16,718,263,21,0,134,90,0,2,0,0,0,13,,,,,
,,,,,,GO,INDIARA,10653,4510,0,383,224,1089,170,0,177,31,1832,1122,54,0,607,372,0,15,0,1,7,59,,,,,
,,,,,,GO,INHUMAS,49233,19886,0,1308,320,5696,1059,0,594,118,9057,7120,259,0,2743,435,0,138,0,0,6,494,,,,,
,,,,,,GO,IPAMERI,18079,8164,0,671,220,2583,367,0,371,102,2866,1474,133,0,637,284,3,52,0,0,10,142,,,,,
,,,,,,GO,IPIRANGA DE GOIAS,1786,666,0,36,9,235,17,0,0,10,594,101,10,0,89,12,0,0,0,1,0,6,,,,,
,,,,,,GO,IPORA,36700,13371,0,722,177,4839,732,0,860,51,9415,3160,59,0,2583,269,1,49,0,1,4,407,,,,,
,,,,,,GO,ISRAELANDIA,1556,599,0,48,21,176,30,0,31,7,459,46,8,0,98,27,0,1,0,0,0,5,,,,,
,,,,,,GO,ITABERAI,41782,15723,0,1283,591,4387,813,0,374,134,9136,4732,177,0,3038,899,0,63,0,2,7,423,,,,,
,,,,,,GO,ITAGUARI,4284,1821,0,93,18,665,64,0,14,14,932,326,17,0,250,23,0,10,0,0,0,37,,,,,
,,,,,,GO,ITAGUARU,4333,1729,0,123,4,744,59,0,32,9,1076,268,11,0,241,5,0,13,0,0,0,19,,,,,
,,,,,,GO,ITAJA,3595,1618,0,145,10,603,100,0,84,18,614,130,29,0,181,22,0,8,0,1,0,32,,,,,
,,,,,,GO,ITAPACI,14435,6069,0,316,74,1567,226,0,56,43,3665,1300,144,0,746,85,0,25,0,4,0,115,,,,,
,,,,,,GO,ITAPIRAPUA,5624,1978,0,134,25,649,83,0,57,13,1773,431,18,0,380,40,0,7,0,0,0,36,,,,,
,,,,,,GO,ITAPURANGA,26824,9857,0,511,92,3016,399,0,70,58,7158,3219,80,0,1868,210,0,37,0,0,7,242,,,,,
,,,,,,GO,ITARUMA,3356,1333,0,122,26,667,85,0,62,25,622,178,22,0,151,37,0,4,0,0,1,21,,,,,
,,,,,,GO,ITAUCU,5186,2560,0,165,22,783,90,0,10,10,796,347,21,0,314,23,0,8,0,0,0,37,,,,,
,,,,,,GO,ITUMBIARA,106693,45598,0,2170,2256,10947,2455,0,2028,240,19478,11673,584,0,4759,2511,1,209,0,10,22,1752,,,,,
,,,,,,GO,IVOLANDIA,1066,456,0,25,3,147,18,0,11,3,299,37,4,0,53,2,0,2,0,0,0,6,,,,,
,,,,,,GO,JANDAIA,4191,1705,0,161,49,587,73,0,59,15,965,160,23,0,270,95,0,7,0,1,1,20,,,,,
,,,,,,GO,JARAGUA,33967,14382,0,623,106,3999,612,0,343,44,6784,4551,54,0,1985,153,0,46,0,0,4,281,,,,,
,,,,,,GO,JATAI,101775,38469,0,3111,1673,13888,2898,0,1078,244,19352,11086,382,0,4764,2920,1,240,0,9,24,1636,,,,,
,,,,,,GO,JAUPACI,1783,690,0,32,13,195,24,0,41,8,570,47,7,0,130,14,0,5,0,0,0,7,,,,,
,,,,,,GO,JESUPOLIS,1015,516,0,40,2,126,17,0,2,5,204,38,9,0,50,0,0,1,0,0,0,5,,,,,
,,,,,,GO,JOVIANIA,6325,2384,0,222,267,836,109,0,37,36,1003,448,30,0,404,448,0,18,0,0,2,81,,,,,
,,,,,,GO,JUSSARA,20089,7063,0,613,141,2295,298,0,134,27,5395,2370,34,0,1352,186,0,38,0,1,3,139,,,,,
,,,,,,GO,LAGOA SANTA,860,371,0,30,7,153,30,0,16,9,131,34,6,0,61,6,0,1,0,0,0,5,,,,,
,,,,,,GO,LEOPOLDO DE BULHOES,4843,1891,0,274,122,586,96,0,6,23,1167,215,28,0,150,229,0,11,0,0,1,44,,,,,
,,,,,,GO,LUZIANIA,89722,39882,0,3151,1179,7010,1944,0,269,342,19507,6018,765,0,7367,1552,15,231,0,9,38,443,,,,,
,,,,,,GO,MAIRIPOTABA,1587,671,0,47,10,241,34,0,6,11,381,68,4,0,80,21,0,8,0,0,0,5,,,,,
,,,,,,GO,MAMBAI,4264,1637,0,126,130,501,87,0,12,7,1071,237,47,0,176,193,0,1,0,0,1,38,,,,,
,,,,,,GO,MARA ROSA,7821,2878,0,208,45,1131,135,0,221,15,2040,620,27,0,382,35,0,10,0,0,0,74,,,,,
,,,,,,GO,MARZAGAO,1561,740,0,39,15,183,27,0,6,9,320,124,6,0,68,15,0,6,0,0,0,3,,,,,
,,,,,,GO,MATRINCHA,2639,920,0,65,45,345,49,0,10,12,827,172,9,0,119,43,0,1,0,0,0,22,,,,,
,,,,,,GO,MAURILANDIA,7923,3168,0,401,218,626,105,0,102,19,1433,800,131,0,425,444,0,19,0,1,3,28,,,,,
,,,,,,GO,MIMOSO DE GOIAS,499,222,0,17,3,62,8,0,1,6,114,18,9,0,28,8,0,1,0,0,1,1,,,,,
,,,,,,GO,MINACU,26625,8712,0,602,79,2855,617,0,199,50,8436,3813,63,0,761,79,0,40,0,2,6,311,,,,,
,,,,,,GO,MINEIROS,60256,22062,0,1838,961,8259,1558,0,565,105,12817,7011,230,1,2318,1592,0,67,0,3,13,856,,,,,
,,,,,,GO,MOIPORA,853,440,0,16,0,130,18,0,1,4,181,18,1,0,37,3,0,2,0,0,0,2,,,,,
,,,,,,GO,MONTE ALEGRE DE GOIAS,1878,741,0,38,8,248,34,0,1,12,623,90,11,0,58,7,0,0,0,0,1,6,,,,,
,,,,,,GO,MONTES CLAROS DE GOIAS,6141,2170,0,160,79,767,94,0,30,32,1768,384,70,0,425,106,0,10,0,0,0,46,,,,,
,,,,,,GO,MONTIVIDIU,10194,4063,0,468,414,1395,227,0,154,47,1597,358,91,0,564,685,0,13,0,1,2,115,,,,,
,,,,,,GO,MONTIVIDIU DO NORTE,1888,609,0,45,2,272,31,0,31,11,707,65,16,0,86,4,0,2,0,0,0,7,,,,,
,,,,,,GO,MORRINHOS,41380,17353,0,1207,335,4037,781,0,484,113,8202,5656,191,0,2076,444,0,124,0,2,8,367,,,,,
,,,,,,GO,MORRO AGUDO DE GOIAS,1792,699,0,79,1,253,27,0,5,4,576,71,8,0,62,1,0,1,0,0,0,5,,,,,
,,,,,,GO,MOSSAMEDES,2935,1343,0,60,4,399,64,0,22,14,734,101,6,0,150,8,0,4,0,0,0,26,,,,,
,,,,,,GO,MOZARLANDIA,12075,4165,0,226,88,1268,157,0,93,46,3724,1276,63,0,739,159,0,17,0,0,1,53,,,,,
,,,,,,GO,MUNDO NOVO,3565,1459,0,88,14,382,52,0,91,11,885,164,30,0,345,26,0,5,0,0,0,13,,,,,
,,,,,,GO,MUTUNOPOLIS,2464,774,0,58,7,314,19,0,51,9,912,179,18,0,95,13,0,4,0,0,0,11,,,,,
,,,,,,GO,NAZARIO,5083,2235,0,174,105,540,110,0,171,21,882,354,22,0,282,138,0,21,0,0,2,26,,,,,
,,,,,,GO,NEROPOLIS,22736,10227,0,681,175,2173,548,0,163,43,5044,1959,58,0,1194,228,0,38,0,0,5,200,,,,,
,,,,,,GO,NIQUELANDIA,27242,11622,0,789,165,3528,546,0,243,114,4935,3078,184,0,1545,221,1,38,0,11,8,214,,,,,
,,,,,,GO,NOVA AMERICA,1727,750,0,46,2,261,28,0,0,2,491,53,4,0,76,3,0,7,0,0,0,4,,,,,
,,,,,,GO,NOVA AURORA,1551,590,0,56,7,276,15,0,3,10,417,92,6,0,52,16,0,5,0,1,0,5,,,,,
,,,,,,GO,NOVA CRIXAS,8530,2865,0,248,75,1073,163,0,76,19,2238,768,61,0,775,86,0,16,0,0,1,66,,,,,
,,,,,,GO,NOVA GLORIA,5664,2314,0,170,38,578,78,0,78,15,1488,451,32,0,326,54,0,10,0,0,0,32,,,,,
,,,,,,GO,NOVA IGUACU DE GOIAS,1562,610,0,46,7,190,24,0,6,9,423,118,12,0,92,11,0,0,0,0,0,14,,,,,
,,,,,,GO,NOVA ROMA,1112,502,0,26,1,158,23,0,2,6,315,33,9,0,27,5,0,0,0,0,0,5,,,,,
,,,,,,GO,NOVA VENEZA,6212,2644,0,219,38,769,133,0,27,23,1353,513,32,0,344,50,0,15,0,1,1,50,,,,,
,,,,,,GO,NOVO BRASIL,2509,858,0,60,2,327,70,0,15,6,844,166,4,0,131,1,0,4,0,0,0,21,,,,,
,,,,,,GO,NOVO GAMA,27548,10079,0,795,105,1714,600,0,59,177,4248,475,417,0,8545,166,3,27,0,3,8,127,,,,,
,,,,,,GO,NOVO PLANALTO,2235,783,0,59,27,296,40,0,32,14,606,188,6,0,137,33,0,1,0,0,0,13,,,,,
,,,,,,GO,ORIZONA,12678,5111,0,359,130,2377,317,0,110,95,2798,631,48,0,380,215,0,24,0,0,0,83,,,,,
,,,,,,GO,OURO VERDE DE GOIAS,2410,1161,0,142,8,381,35,0,4,3,461,72,16,0,79,8,0,14,0,0,1,25,,,,,
,,,,,,GO,OUVIDOR,4460,2290,0,111,49,654,115,0,9,10,649,235,17,0,207,53,0,13,0,1,0,47,,,,,
,,,,,,GO,PADRE BERNARDO,9306,4417,0,451,115,1216,209,0,26,44,1340,557,101,0,576,192,1,14,0,3,3,41,,,,,
,,,,,,GO,PALESTINA DE GOIAS,1698,631,0,30,9,238,17,0,6,12,567,60,12,0,87,21,0,2,0,0,0,6,,,,,
,,,,,,GO,PALMEIRAS DE GOIAS,23731,9193,0,576,340,2605,446,0,486,32,5135,2592,171,0,1339,572,0,38,0,2,9,195,,,,,
,,,,,,GO,PALMELO,1401,649,0,46,1,173,25,0,19,5,316,69,10,0,63,11,0,6,0,0,0,8,,,,,
,,,,,,GO,PALMINOPOLIS,3052,1138,0,90,18,407,67,0,78,5,863,136,7,0,180,33,0,15,0,0,0,15,,,,,
,,,,,,GO,PANAMA,1575,681,0,99,43,199,15,0,44,15,263,80,17,0,52,59,0,2,0,0,1,5,,,,,
,,,,,,GO,PARANAIGUARA,6128,3106,0,153,53,700,146,0,56,22,814,485,35,0,402,81,0,12,0,0,2,61,,,,,
,,,,,,GO,PARAUNA,9927,3637,0,298,168,1289,173,0,204,26,2261,788,72,0,607,276,0,11,0,0,0,117,,,,,
,,,,,,GO,PEROLANDIA,1910,705,0,99,83,303,46,0,6,14,221,64,14,0,166,174,0,0,0,1,0,14,,,,,
,,,,,,GO,PETROLINA DE GOIAS,6015,2793,0,237,35,852,88,0,13,15,1240,371,27,0,242,40,0,25,0,0,0,37,,,,,
,,,,,,GO,PILAR DE GOIAS,1015,479,0,41,0,167,19,0,0,3,240,15,9,0,27,2,0,9,0,1,0,3,,,,,
,,,,,,GO,PIRACANJUBA,21382,8564,0,612,314,2775,391,0,276,45,4617,1960,63,0,991,521,0,63,0,0,12,178,,,,,
,,,,,,GO,PIRANHAS,9100,3215,0,265,112,1167,169,0,374,23,2287,504,51,0,631,213,0,18,0,0,1,70,,,,,
,,,,,,GO,PIRENOPOLIS,17695,7590,0,392,20,2180,463,0,42,110,5080,906,42,0,608,23,1,60,0,1,10,167,,,,,
,,,,,,GO,PIRES DO RIO,28713,12083,0,770,323,3846,557,0,739,42,5715,2663,135,0,1018,496,0,86,0,0,9,231,,,,,
,,,,,,GO,PLANALTINA,29835,13322,0,745,133,2051,629,0,226,140,5567,1931,451,0,4266,184,4,51,0,1,23,111,,,,,
,,,,,,GO,PONTALINA,14881,6011,0,411,133,1804,211,0,197,38,3279,1901,48,0,494,195,0,48,0,0,1,110,,,,,
,,,,,,GO,PORANGATU,44922,14335,0,974,341,4821,608,0,945,73,12203,7307,99,0,2258,561,0,63,0,5,1,328,,,,,
,,,,,,GO,PORTEIRAO,2590,1151,0,145,51,297,59,0,54,14,349,147,30,0,176,94,0,6,0,0,1,16,,,,,
,,,,,,GO,PORTELANDIA,2020,775,0,82,79,314,36,0,6,29,365,121,7,0,65,128,0,2,0,0,0,11,,,,,
,,,,,,GO,POSSE,25648,10740,0,951,443,3154,525,0,345,91,5314,1946,171,0,872,756,3,32,0,1,8,296,,,,,
,,,,,,GO,PROFESSOR JAMIL,1730,865,0,56,7,212,37,0,8,8,379,55,8,0,73,7,0,9,0,0,0,6,,,,,
,,,,,,GO,QUIRINOPOLIS,44740,16673,0,1204,564,5205,1173,0,955,97,8559,5897,205,0,2476,1198,3,97,0,2,13,419,,,,,
,,,,,,GO,RIALMA,10643,4352,0,351,98,968,154,0,121,27,2483,1325,53,0,439,106,0,34,0,0,3,129,,,,,
,,,,,,GO,RIANAPOLIS,3656,1536,0,120,49,366,42,0,31,5,895,288,11,0,186,94,0,8,0,0,1,24,,,,,
,,,,,,GO,RIO QUENTE,2641,1156,0,65,1,318,56,0,25,26,562,217,62,0,117,1,0,6,0,0,2,27,,,,,
,,,,,,GO,RIO VERDE,203605,76210,0,5384,4657,24496,5587,0,4014,525,43138,20023,917,0,7590,7114,2,351,0,17,89,3491,,,,,
,,,,,,GO,RUBIATABA,17291,6773,0,481,135,1986,344,0,25,43,4315,1592,135,0,1037,213,0,54,0,2,0,156,,,,,
,,,,,,GO,SANCLERLANDIA,7165,2952,0,161,24,953,104,0,68,11,1794,500,7,0,485,44,0,11,0,3,1,47,,,,,
,,,,,,GO,SANTA BARBARA DE GOIAS,4010,1864,0,191,25,416,80,0,57,9,740,261,15,0,273,37,0,11,0,0,1,30,,,,,
,,,,,,GO,SANTA CRUZ DE GOIAS,1120,573,0,22,1,203,41,0,6,5,195,22,5,0,36,1,0,3,0,0,0,7,,,,,
,,,,,,GO,SANTA FE DE GOIAS,3319,1091,0,73,59,347,53,0,18,15,1022,332,8,0,209,77,0,0,0,0,2,13,,,,,
,,,,,,GO,SANTA HELENA DE GOIAS,34104,14774,0,1033,822,3607,594,0,256,94,5233,4126,383,0,1429,1277,4,84,0,0,17,371,,,,,
,,,,,,GO,SANTA ISABEL,1788,695,0,21,5,229,27,0,4,13,584,127,8,0,67,1,0,1,0,0,0,6,,,,,
,,,,,,GO,SANTA RITA DO ARAGUAIA,4796,1495,0,112,40,650,67,0,54,20,1398,580,21,0,271,37,0,9,0,0,3,39,,,,,
,,,,,,GO,SANTA RITA DO NOVO DESTINO,865,358,0,39,15,134,18,0,1,10,173,37,18,0,32,24,0,2,0,0,0,4,,,,,
,,,,,,GO,SANTA ROSA DE GOIAS,2135,971,0,61,9,319,24,0,7,6,489,89,6,0,121,17,0,3,0,0,1,12,,,,,
,,,,,,GO,SANTA TEREZA DE GOIAS,2382,860,0,46,8,263,31,0,171,6,597,168,10,0,205,8,0,6,0,0,0,3,,,,,
,,,,,,GO,SANTA TEREZINHA DE GOIAS,6672,2357,0,150,25,769,107,0,12,8,2110,724,25,0,297,21,0,14,0,0,0,53,,,,,
,,,,,,GO,SANTO ANTONIO DA BARRA,1981,892,0,62,27,239,39,0,24,23,451,65,25,0,74,43,0,5,0,0,1,11,,,,,
,,,,,,GO,SANTO ANTONIO DE GOIAS,4586,2164,0,154,37,501,144,0,18,10,888,195,26,0,359,33,0,6,0,0,2,49,,,,,
,,,,,,GO,SANTO ANTONIO DO DESCOBERTO,15143,6144,0,344,31,869,334,0,43,92,4138,1318,209,0,1517,40,0,17,0,3,5,39,,,,,
,,,,,,GO,SAO DOMINGOS,3322,1166,0,62,18,359,55,0,11,15,1134,345,41,0,77,23,0,1,0,0,1,14,,,,,
,,,,,,GO,SAO FRANCISCO DE GOIAS,3610,1615,0,103,7,422,43,0,15,9,881,263,25,0,185,17,0,8,0,0,0,17,,,,,
,,,,,,GO,SAO JOAO D'ALIANCA,4708,2083,0,222,121,659,108,0,15,20,743,134,26,0,325,214,0,5,0,0,3,30,,,,,
,,,,,,GO,SAO JOAO DA PARAUNA,1391,528,0,42,10,212,18,0,24,4,367,63,5,0,88,18,0,5,0,0,1,6,,,,,
,,,,,,GO,SAO LUIS DE MONTES BELOS,32278,13095,0,642,174,3597,714,0,1237,50,7157,2863,115,0,2003,233,0,77,0,0,5,316,,,,,
,,,,,,GO,SAO LUIZ DO NORTE,2700,1116,0,82,21,316,42,0,10,13,656,241,28,0,122,25,0,5,0,0,1,22,,,,,
,,,,,,GO,SAO MIGUEL DO ARAGUAIA,19694,7011,0,482,184,2617,344,0,479,36,4270,2156,99,0,1610,209,0,34,0,0,2,161,,,,,
,,,,,,GO,SAO MIGUEL DO PASSA QUATRO,2368,974,0,82,14,390,45,0,2,8,621,97,7,0,77,30,0,5,0,0,0,16,,,,,
,,,,,,GO,SAO PATRICIO,1224,486,0,27,3,148,21,0,7,7,349,93,6,0,69,2,0,0,0,0,0,6,,,,,
,,,,,,GO,SAO SIMAO,12574,5229,0,288,119,1226,312,0,307,65,2286,1470,97,0,875,165,1,10,0,1,5,118,,,,,
,,,,,,GO,SENADOR CANEDO,92585,41691,0,1759,670,6328,2259,0,889,182,26365,5903,145,0,4082,1354,0,63,0,9,12,874,,,,,
,,,,,,GO,SERRANOPOLIS,4455,1770,0,197,51,729,140,0,29,27,690,218,54,0,329,161,0,15,0,0,0,45,,,,,
,,,,,,GO,SILVANIA,16671,6669,0,638,310,2609,373,0,107,60,3284,1162,67,0,647,523,0,44,0,0,1,177,,,,,
,,,,,,GO,SIMOLANDIA,3805,1657,0,190,40,453,41,0,26,3,842,258,14,0,203,53,0,1,0,0,0,24,,,,,
,,,,,,GO,SITIO D'ABADIA,747,321,0,20,1,114,15,0,2,9,205,23,9,0,26,0,0,1,0,0,0,1,,,,,
,,,,,,GO,TAQUARAL DE GOIAS,2569,1166,0,50,1,354,23,0,5,9,532,252,9,0,134,3,0,7,0,0,0,24,,,,,
,,,,,,GO,TERESINA DE GOIAS,884,441,0,23,1,107,23,0,1,9,205,21,2,0,42,1,0,1,0,0,0,7,,,,,
,,,,,,GO,TEREZOPOLIS DE GOIAS,4251,1966,0,190,50,435,90,0,9,17,838,251,30,0,270,54,0,5,0,0,0,46,,,,,
,,,,,,GO,TRES RANCHOS,1896,885,0,44,11,266,46,0,7,12,347,96,7,0,136,14,0,4,0,0,0,21,,,,,
,,,,,,GO,TRINDADE,97011,42991,0,1960,439,7327,2108,0,1409,133,26270,7469,216,0,5266,524,0,120,0,0,35,744,,,,,
,,,,,,GO,TROMBAS,2042,610,0,42,6,239,24,0,15,9,828,167,11,0,76,8,0,3,0,0,0,4,,,,,
,,,,,,GO,TURVANIA,3453,1410,0,87,59,422,59,0,32,9,806,166,15,0,249,103,0,11,0,0,1,24,,,,,
,,,,,,GO,TURVELANDIA,2419,1066,0,125,83,292,57,0,9,17,309,102,37,0,109,196,0,2,0,1,1,13,,,,,
,,,,,,GO,UIRAPURU,1417,622,0,28,2,189,27,0,4,7,386,47,12,0,82,6,0,1,0,0,0,4,,,,,
,,,,,,GO,URUACU,39785,14225,0,897,607,3791,729,0,530,59,8817,5216,130,0,3149,1154,0,68,0,7,10,396,,,,,
,,,,,,GO,URUANA,11273,4427,0,373,19,1548,147,0,97,19,2619,1214,25,0,665,21,0,33,0,0,3,63,,,,,
,,,,,,GO,URUTAI,1906,900,0,37,1,271,41,0,55,4,398,94,11,0,76,4,0,4,0,0,0,10,,,,,
,,,,,,GO,VALPARAISO DE GOIAS,45111,21362,0,819,137,2925,1471,0,105,275,9041,1212,261,0,6916,211,0,79,0,2,19,276,,,,,
,,,,,,GO,VARJAO,2792,1108,0,86,5,403,59,0,16,11,806,136,9,0,128,7,0,10,0,0,1,7,,,,,
,,,,,,GO,VIANOPOLIS,13513,5848,0,715,298,2086,352,0,78,47,2149,506,95,0,698,476,0,27,0,1,3,134,,,,,
,,,,,,GO,VICENTINOPOLIS,6833,2455,0,251,283,746,96,0,36,9,1279,595,121,0,432,461,0,10,0,0,0,59,,,,,
,,,,,,GO,VILA BOA,1151,489,0,63,9,124,25,0,1,6,277,52,39,0,52,12,0,0,0,0,1,1,,,,,
,,,,,,GO,VILA PROPICIO,1684,706,0,99,14,289,38,0,1,24,309,43,30,0,99,16,0,1,0,0,1,14,,,,,
,,,,,,MA,ACAILANDIA,60823,14266,0,1945,545,5440,1031,0,650,156,24631,9046,486,0,1329,889,0,22,0,20,43,324,,,,,
,,,,,,MA,AFONSO CUNHA,961,113,0,14,0,65,3,0,1,2,662,80,16,0,1,1,0,0,0,0,0,3,,,,,
,,,,,,MA,AGUA DOCE DO MARANHAO,977,124,0,15,0,87,13,0,2,7,657,53,12,0,3,2,0,1,0,0,0,1,,,,,
,,,,,,MA,ALCANTARA,2912,537,0,52,2,252,42,0,5,40,1713,189,64,0,1,3,0,1,0,0,0,11,,,,,
,,,,,,MA,ALDEIAS ALTAS,4178,580,0,52,1,220,15,0,5,5,2817,372,46,0,51,5,0,0,0,0,1,8,,,,,
,,,,,,MA,ALTAMIRA DO MARANHAO,1987,259,0,27,1,156,10,0,1,4,1258,252,5,0,5,2,0,0,0,0,0,7,,,,,
,,,,,,MA,ALTO ALEGRE DO MARANHAO,6004,1081,0,112,23,364,46,0,13,33,3546,654,4,0,58,33,0,0,0,0,0,37,,,,,
,,,,,,MA,ALTO ALEGRE DO PINDARE,5718,643,0,59,1,374,31,0,4,17,4263,281,15,0,16,1,0,0,0,0,0,13,,,,,
,,,,,,MA,ALTO PARNAIBA,3543,307,0,117,27,468,66,0,0,7,1851,556,13,0,32,73,0,0,0,0,0,26,,,,,
,,,,,,MA,AMAPA DO MARANHAO,1407,202,0,111,4,104,14,0,4,4,813,113,8,0,8,16,0,1,0,0,0,5,,,,,
,,,,,,MA,AMARANTE DO MARANHAO,11253,995,0,165,10,1003,79,0,11,12,7707,1171,10,0,59,9,0,0,0,0,1,21,,,,,
,,,,,,MA,ANAJATUBA,5891,895,0,55,5,299,46,0,7,17,3881,597,26,0,26,7,0,1,0,0,0,29,,,,,
,,,,,,MA,ANAPURUS,3059,695,0,76,54,379,50,0,1,3,1372,264,26,0,25,81,0,0,0,0,0,33,,,,,
,,,,,,MA,APICUM-ACU,2012,294,0,18,3,203,10,0,2,12,1056,396,5,0,4,3,0,0,0,0,0,6,,,,,
,,,,,,MA,ARAGUANA,2059,389,0,27,2,169,8,0,2,1,1272,151,11,0,17,1,0,1,0,0,0,8,,,,,
,,,,,,MA,ARAIOSES,2501,173,0,30,2,111,18,0,7,7,1745,161,30,0,205,8,0,0,0,0,0,4,,,,,
,,,,,,MA,ARAME,7802,611,0,146,6,641,54,0,11,10,5355,881,7,0,37,15,0,0,0,0,0,28,,,,,
,,,,,,MA,ARARI,9682,1343,0,109,5,472,97,0,55,23,5725,1756,14,0,40,6,0,0,0,0,0,37,,,,,
,,,,,,MA,AXIXA,3226,456,0,41,3,231,25,0,15,8,2218,185,20,0,8,4,0,0,0,0,2,10,,,,,
,,,,,,MA,BACABAL,52858,8869,0,1596,106,2846,682,0,428,123,29175,7636,153,0,606,196,0,28,0,0,14,400,,,,,
,,,,,,MA,BACABEIRA,5229,1509,0,195,78,385,80,0,56,16,1946,628,119,0,69,114,0,2,0,0,0,32,,,,,
,,,,,,MA,BACURI,1734,303,0,23,0,137,31,0,1,8,928,286,10,0,0,0,0,0,0,0,0,7,,,,,
,,,,,,MA,BACURITUBA,995,72,0,10,0,45,3,0,1,1,768,85,7,0,0,0,0,1,0,0,0,2,,,,,
,,,,,,MA,BALSAS,86257,16319,0,2681,1609,8664,1122,0,152,137,35692,13108,323,0,2205,3413,3,21,1,8,11,788,,,,,
,,,,,,MA,BARAO DE GRAJAU,3252,447,0,99,15,254,24,0,2,8,1872,353,14,0,124,22,0,1,0,0,1,16,,,,,
,,,,,,MA,BARRA DO CORDA,45310,5845,0,959,86,3520,446,0,57,60,27782,5611,60,0,429,161,0,4,0,0,13,277,,,,,
,,,,,,MA,BARREIRINHAS,14714,1544,0,142,19,2601,238,0,133,23,8408,1256,36,0,71,32,0,2,0,0,5,204,,,,,
,,,,,,MA,BELA VISTA DO MARANHAO,3982,777,0,80,5,261,21,0,6,4,2452,298,6,0,52,6,0,2,0,0,1,11,,,,,
,,,,,,MA,BELAGUA,663,132,0,5,0,95,11,0,1,8,363,40,3,0,1,0,0,0,0,0,0,4,,,,,
,,,,,,MA,BENEDITO LEITE,419,74,0,10,1,61,14,0,2,6,224,16,1,0,7,2,0,0,0,0,0,1,,,,,
,,,,,,MA,BEQUIMAO,4332,635,0,117,10,266,38,0,14,28,2565,602,18,0,5,17,0,0,0,0,0,17,,,,,
,,,,,,MA,BERNARDO DO MEARIM,2371,199,0,48,4,140,8,0,7,3,1572,352,9,0,12,10,0,0,0,0,0,7,,,,,
,,,,,,MA,BOA VISTA DO GURUPI,983,221,0,17,0,76,8,0,0,7,578,56,5,0,10,0,0,0,0,0,0,5,,,,,
,,,,,,MA,BOM JARDIM,10075,1161,0,256,48,581,71,0,15,15,7013,699,18,0,99,61,0,6,0,0,4,28,,,,,
,,,,,,MA,BOM JESUS DAS SELVAS,7610,959,0,186,17,559,65,0,15,10,5099,576,23,0,60,19,0,2,0,0,1,19,,,,,
,,,,,,MA,BOM LUGAR,3536,466,0,39,1,299,20,0,1,13,2471,179,21,0,12,2,0,0,0,0,0,12,,,,,
,,,,,,MA,BREJO,4898,1091,0,117,36,521,63,0,9,25,2495,369,21,0,42,78,0,1,0,0,1,29,,,,,
,,,,,,MA,BREJO DE AREIA,2392,74,0,36,0,189,7,0,1,7,1900,161,8,0,5,1,0,0,0,0,0,3,,,,,
,,,,,,MA,BURITI,4752,577,0,57,4,275,24,0,7,10,3318,425,23,0,18,8,0,0,0,0,0,6,,,,,
,,,,,,MA,BURITI BRAVO,5044,657,0,79,4,353,45,0,14,14,3436,388,15,0,16,4,0,0,0,0,2,17,,,,,
,,,,,,MA,BURITICUPU,25544,3357,0,561,80,1683,160,0,40,80,16643,2459,44,0,193,151,0,1,0,0,4,88,,,,,
,,,,,,MA,BURITIRANA,3635,512,0,36,1,281,37,0,13,8,2430,273,9,0,29,0,0,0,0,0,0,6,,,,,
,,,,,,MA,CACHOEIRA GRANDE,1241,200,0,10,0,138,10,0,0,2,837,26,14,0,1,0,0,0,0,0,0,3,,,,,
,,,,,,MA,CAJAPIO,1579,199,0,11,0,61,6,0,1,4,1183,101,5,0,1,0,0,1,0,0,2,4,,,,,
,,,,,,MA,CAJARI,2370,325,0,15,2,129,20,0,0,5,1759,92,5,0,9,1,0,0,0,0,0,8,,,,,
,,,,,,MA,CAMPESTRE DO MARANHAO,4603,1055,0,53,21,326,46,0,5,15,2392,388,58,0,205,35,0,0,0,0,0,4,,,,,
,,,,,,MA,CANDIDO MENDES,2085,169,0,25,0,137,24,0,5,7,1562,130,8,0,3,0,0,1,0,0,0,14,,,,,
,,,,,,MA,CANTANHEDE,3066,559,0,41,1,174,33,0,6,4,1831,372,10,0,10,3,0,0,0,0,0,22,,,,,
,,,,,,MA,CAPINZAL DO NORTE,3527,521,0,43,10,197,19,0,7,21,2347,311,6,0,18,10,0,2,0,0,2,13,,,,,
,,,,,,MA,CAROLINA,10449,1964,0,174,19,1051,188,0,8,12,4696,1939,27,0,214,29,0,1,0,0,3,124,,,,,
,,,,,,MA,CARUTAPERA,3639,402,0,53,3,227,29,0,15,26,2376,449,13,0,24,6,0,0,0,0,0,16,,,,,
,,,,,,MA,CAXIAS,69959,13390,0,1094,159,3542,782,0,385,82,40839,8317,240,0,524,229,6,23,0,0,14,333,,,,,
,,,,,,MA,CEDRAL,1671,244,0,17,0,119,20,0,0,4,1013,236,9,0,3,0,0,0,0,0,0,6,,,,,
,,,,,,MA,CENTRAL DO MARANHAO,966,174,0,18,0,90,8,0,1,6,573,89,4,0,1,0,0,0,0,0,0,2,,,,,
,,,,,,MA,CENTRO DO GUILHERME,2128,283,0,35,3,175,13,0,0,0,1485,101,10,0,16,0,0,0,0,0,1,6,,,,,
,,,,,,MA,CENTRO NOVO DO MARANHAO,3195,533,0,64,5,307,33,0,5,10,2079,108,12,0,8,5,0,0,0,0,1,25,,,,,
,,,,,,MA,CHAPADINHA,30991,4900,0,467,62,1946,415,0,225,30,17631,4765,96,0,141,81,0,11,0,0,3,218,,,,,
,,,,,,MA,CIDELANDIA,4685,798,0,91,11,379,53,0,12,6,2577,614,21,0,97,16,0,0,0,0,1,9,,,,,
,,,,,,MA,CODO,45553,5052,0,897,121,1582,340,0,202,44,30521,6115,88,0,217,235,0,6,0,1,6,126,,,,,
,,,,,,MA,COELHO NETO,13821,1480,0,142,10,526,82,0,36,24,9512,1856,59,0,29,23,0,5,0,0,5,32,,,,,
,,,,,,MA,COLINAS,13366,1653,0,280,59,1009,135,0,26,39,8657,1099,77,0,95,130,0,2,0,0,0,105,,,,,
,,,,,,MA,CONCEICAO DO LAGO-ACU,1964,288,0,29,0,176,12,0,5,5,1324,105,4,0,10,0,0,0,0,0,0,6,,,,,
,,,,,,MA,COROATA,14652,2279,0,287,23,765,161,0,82,72,9210,1535,48,0,73,20,0,2,0,0,2,93,,,,,
,,,,,,MA,CURURUPU,5013,642,0,51,1,285,76,0,4,13,3254,645,19,0,3,3,0,0,0,0,6,11,,,,,
,,,,,,MA,DAVINOPOLIS,4835,1045,0,144,5,259,56,0,140,9,2397,642,9,0,89,12,0,0,0,0,3,25,,,,,
,,,,,,MA,DOM PEDRO,11604,1710,0,424,36,1013,85,0,15,16,6247,1760,53,0,98,87,0,0,0,0,3,57,,,,,
,,,,,,MA,DUQUE BACELAR,1368,190,0,14,0,110,10,0,2,3,930,91,9,0,0,0,0,0,0,0,1,8,,,,,
,,,,,,MA,ESPERANTINOPOLIS,7614,601,0,83,14,320,42,0,5,33,5664,786,10,0,10,13,0,0,0,0,1,32,,,,,
,,,,,,MA,ESTREITO,18812,3296,0,390,175,1623,231,0,31,42,8966,3175,70,0,431,268,0,0,0,0,3,111,,,,,
,,,,,,MA,FEIRA NOVA DO MARANHAO,2143,324,0,36,2,278,21,0,0,0,1288,151,15,0,19,1,0,0,0,0,0,8,,,,,
,,,,,,MA,FERNANDO FALCAO,1656,173,0,25,0,233,12,0,1,7,1072,98,10,0,8,12,0,0,0,0,0,5,,,,,
,,,,,,MA,FORMOSA DA SERRA NEGRA,6088,664,0,81,11,843,82,0,1,12,3887,400,13,0,42,25,0,1,0,0,0,26,,,,,
,,,,,,MA,FORTALEZA DOS NOGUEIRAS,5970,917,0,158,23,647,57,0,0,18,3333,691,23,0,41,32,0,0,0,0,0,30,,,,,
,,,,,,MA,FORTUNA,4240,589,0,58,0,422,37,0,9,26,2798,256,5,0,18,4,0,0,0,0,2,16,,,,,
,,,,,,MA,GODOFREDO VIANA,1577,211,0,16,0,119,19,0,5,18,1008,155,15,0,5,0,0,0,0,0,0,6,,,,,
,,,,,,MA,GONCALVES DIAS,4407,734,0,130,11,339,33,0,9,10,2580,490,18,0,19,20,0,1,0,0,0,13,,,,,
,,,,,,MA,GOVERNADOR ARCHER,2391,369,0,36,2,150,21,0,12,15,1529,229,11,0,9,0,0,0,0,0,0,8,,,,,
,,,,,,MA,GOVERNADOR EDISON LOBAO,5662,1527,0,190,67,480,68,0,38,6,2557,492,35,0,122,68,0,0,0,0,0,12,,,,,
,,,,,,MA,GOVERNADOR EUGENIO BARROS,3412,701,0,71,7,279,22,0,10,16,1967,274,36,0,8,12,0,0,0,0,1,8,,,,,
,,,,,,MA,GOVERNADOR LUIZ ROCHA,1736,351,0,35,3,208,11,0,0,6,1018,76,4,0,10,7,0,0,0,0,0,7,,,,,
,,,,,,MA,GOVERNADOR NEWTON BELLO,2528,311,0,25,3,148,13,0,3,0,1866,125,6,0,17,1,0,1,0,0,0,9,,,,,
,,,,,,MA,GOVERNADOR NUNES FREIRE,5942,1142,0,140,14,466,45,0,4,7,3436,584,10,0,41,21,0,0,0,0,1,31,,,,,
,,,,,,MA,GRACA ARANHA,2001,382,0,28,4,170,21,0,7,8,1154,198,9,0,7,4,0,1,0,0,0,8,,,,,
,,,,,,MA,GRAJAU,30899,4951,0,796,263,2900,288,0,31,84,16993,3547,98,0,343,460,0,5,0,0,8,132,,,,,
,,,,,,MA,GUIMARAES,1517,262,0,22,0,147,23,0,1,6,868,160,19,0,2,1,0,1,0,0,0,5,,,,,
,,,,,,MA,HUMBERTO DE CAMPOS,2381,380,0,29,0,435,31,0,14,15,1279,157,10,0,19,0,0,1,0,0,0,11,,,,,
,,,,,,MA,ICATU,2601,428,0,45,5,240,33,0,6,4,1717,77,17,0,10,10,0,0,0,0,0,9,,,,,
,,,,,,MA,IGARAPE DO MEIO,3944,716,0,67,3,199,25,0,1,7,2480,368,21,0,38,1,0,1,0,0,1,16,,,,,
,,,,,,MA,IGARAPE GRANDE,3927,366,0,75,10,151,39,0,16,13,2699,496,17,0,11,13,0,0,0,0,1,20,,,,,
,,,,,,MA,IMPERATRIZ,208940,60080,0,5148,1107,16208,4721,0,5921,326,74190,28462,687,0,7195,2676,2,82,1,1,88,2045,,,,,
,,,,,,MA,ITAIPAVA DO GRAJAU,2185,279,0,42,0,224,17,0,3,16,1421,156,9,0,14,0,0,0,0,0,0,4,,,,,
,,,,,,MA,ITAPECURU MIRIM,20741,3823,0,457,68,1138,259,0,412,67,10973,3134,85,0,124,79,0,10,0,0,5,107,,,,,
,,,,,,MA,ITINGA DO MARANHAO,12299,1860,0,214,143,724,91,0,20,7,5958,2680,29,0,250,256,1,2,0,0,17,47,,,,,
,,,,,,MA,JATOBA,1318,245,0,11,0,157,14,0,2,3,770,87,24,0,3,0,0,0,0,0,0,2,,,,,
,,,,,,MA,JENIPAPO DOS VIEIRAS,2866,318,0,85,1,332,15,0,2,9,1946,118,13,0,17,1,0,0,0,0,0,9,,,,,
,,,,,,MA,JOAO LISBOA,9743,2027,0,165,15,746,132,0,182,11,5018,1234,23,0,129,16,0,0,0,0,1,44,,,,,
,,,,,,MA,JOSELANDIA,5343,439,0,111,28,357,18,0,16,25,3708,565,7,0,15,43,0,1,0,0,0,10,,,,,
,,,,,,MA,JUNCO DO MARANHAO,1175,261,0,17,0,66,5,0,1,13,736,55,5,0,10,0,0,1,0,0,0,5,,,,,
,,,,,,MA,LAGO DA PEDRA,23227,2188,0,338,24,1262,192,0,28,85,16504,2277,49,0,128,27,0,1,0,0,7,117,,,,,
,,,,,,MA,LAGO DO JUNCO,2406,284,0,24,5,136,18,0,1,2,1760,123,15,0,6,15,0,1,0,0,0,16,,,,,
,,,,,,MA,LAGO DOS RODRIGUES,5071,444,0,48,16,228,17,0,5,12,3720,511,11,0,9,39,0,0,0,0,0,11,,,,,
,,,,,,MA,LAGO VERDE,3699,568,0,36,1,227,18,0,2,0,2385,414,13,0,16,1,0,2,0,0,2,14,,,,,
,,,,,,MA,LAGOA DO MATO,2666,255,0,32,0,187,8,0,1,5,2073,84,13,0,5,0,0,1,0,0,0,2,,,,,
,,,,,,MA,LAGOA GRANDE DO MARANHAO,2912,231,0,52,2,265,26,0,0,6,2203,100,7,0,10,3,0,0,0,0,0,7,,,,,
,,,,,,MA,LAJEADO NOVO,2323,404,0,32,3,257,24,0,1,14,1320,202,11,0,44,6,0,0,0,0,2,3,,,,,
,,,,,,MA,LIMA CAMPOS,5036,655,0,108,27,208,37,0,33,41,3166,638,13,0,53,36,0,1,0,0,0,20,,,,,
,,,,,,MA,LORETO,2608,364,0,45,17,265,22,0,0,11,1530,253,9,0,45,34,0,0,0,0,1,12,,,,,
,,,,,,MA,LUIS DOMINGUES,1159,119,0,13,0,92,10,0,0,2,788,124,3,0,3,1,0,0,0,0,0,4,,,,,
,,,,,,MA,MAGALHAES DE ALMEIDA,1351,175,0,19,0,87,10,0,0,3,896,130,15,0,8,0,0,0,0,0,0,8,,,,,
,,,,,,MA,MARACACUME,6186,963,0,111,10,410,46,0,22,63,3799,645,10,0,47,11,0,0,0,0,9,40,,,,,
,,,,,,MA,MARAJA DO SENA,1307,38,0,22,1,122,5,0,0,0,1084,22,2,0,4,4,0,0,0,0,0,3,,,,,
,,,,,,MA,MARANHAOZINHO,2429,458,0,91,1,197,19,0,3,2,1451,157,8,0,27,8,0,0,0,0,0,7,,,,,
,,,,,,MA,MATA ROMA,3456,766,0,73,3,354,60,0,7,5,1786,342,25,0,5,8,0,1,0,0,1,20,,,,,
,,,,,,MA,MATINHA,5663,707,0,78,5,338,44,0,5,26,3742,660,12,0,13,6,0,1,0,0,1,25,,,,,
,,,,,,MA,MATOES,4407,604,0,62,9,328,27,0,1,10,2954,332,32,0,14,16,0,0,0,0,1,17,,,,,
,,,,,,MA,MATOES DO NORTE,1119,309,0,21,6,81,16,0,5,6,560,80,9,0,8,12,0,0,0,0,1,5,,,,,
,,,,,,MA,MILAGRES DO MARANHAO,535,131,0,17,0,79,6,0,0,4,257,20,10,0,3,0,0,0,0,0,0,8,,,,,
,,,,,,MA,MIRADOR,3424,485,0,71,11,447,44,0,1,16,2084,177,13,0,17,32,0,0,0,0,1,25,,,,,
,,,,,,MA,MIRANDA DO NORTE,5085,1329,0,177,21,471,76,0,18,10,2269,607,15,0,47,14,0,4,0,0,0,27,,,,,
,,,,,,MA,MIRINZAL,3440,511,0,74,3,272,38,0,0,5,1995,502,8,0,8,3,0,0,0,0,1,20,,,,,
,,,,,,MA,MONCAO,4050,513,0,47,4,222,31,0,4,14,2839,311,17,0,26,7,0,0,0,0,0,15,,,,,
,,,,,,MA,MONTES ALTOS,2632,475,0,49,0,270,32,0,1,5,1554,193,8,0,28,4,0,0,0,0,1,12,,,,,
,,,,,,MA,MORROS,3659,511,0,43,2,396,37,0,19,5,2393,181,18,0,25,0,0,0,0,0,2,27,,,,,
,,,,,,MA,NINA RODRIGUES,1483,227,0,49,5,139,21,0,2,4,891,115,8,0,7,5,0,0,0,0,6,4,,,,,
,,,,,,MA,NOVA COLINAS,1510,257,0,25,0,171,12,0,0,8,868,125,22,0,14,6,0,0,0,0,0,2,,,,,
,,,,,,MA,NOVA IORQUE,821,139,0,14,0,100,7,0,0,3,465,74,2,0,14,0,0,0,0,0,0,3,,,,,
,,,,,,MA,NOVA OLINDA DO MARANHAO,3685,655,0,87,5,264,21,0,5,15,2192,377,11,0,28,6,0,0,0,0,0,19,,,,,
,,,,,,MA,OLHO D'AGUA DAS CUNHAS,7150,953,0,87,3,393,61,0,15,17,4427,1040,22,0,98,5,0,2,0,0,1,26,,,,,
,,,,,,MA,OLINDA NOVA DO MARANHAO,2420,362,0,46,2,204,43,0,0,3,1630,100,13,0,7,2,0,0,0,0,0,8,,,,,
,,,,,,MA,PACO DO LUMIAR,45793,17850,0,719,51,3125,1119,0,506,151,17484,3454,298,0,289,74,2,9,0,1,16,645,,,,,
,,,,,,MA,PALMEIRANDIA,3447,479,0,30,3,222,20,0,11,3,2320,330,13,0,3,5,0,0,0,0,0,8,,,,,
,,,,,,MA,PARAIBANO,7569,854,0,115,11,445,44,0,9,29,5080,895,10,0,37,14,0,0,0,0,0,26,,,,,
,,,,,,MA,PARNARAMA,4444,675,0,127,5,446,23,0,11,12,2732,342,26,0,14,14,0,0,0,0,1,16,,,,,
,,,,,,MA,PASSAGEM FRANCA,4760,532,0,65,3,351,26,0,9,13,3438,269,10,0,27,7,0,0,0,0,0,10,,,,,
,,,,,,MA,PASTOS BONS,6407,1004,0,188,54,508,59,0,1,17,3541,788,12,0,75,123,0,1,0,0,2,34,,,,,
,,,,,,MA,PAULINO NEVES,1291,220,0,10,6,355,31,0,5,5,564,47,13,0,13,5,0,1,0,0,0,16,,,,,
,,,,,,MA,PAULO RAMOS,7156,682,0,98,9,408,49,0,1,9,5322,496,9,0,33,9,0,0,0,0,0,31,,,,,
,,,,,,MA,PEDREIRAS,25165,3268,0,413,190,1208,251,0,173,102,14437,4280,52,0,244,367,0,5,0,2,7,166,,,,,
,,,,,,MA,PEDRO DO ROSARIO,4036,382,0,36,2,232,30,0,3,6,3051,269,11,0,5,2,0,0,0,0,0,7,,,,,
,,,,,,MA,PENALVA,4871,578,0,59,0,266,60,0,3,5,3555,304,5,0,14,0,0,0,0,0,1,21,,,,,
,,,,,,MA,PERI MIRIM,2780,403,0,39,0,131,32,0,13,12,1778,334,13,0,9,0,0,2,0,0,0,14,,,,,
,,,,,,MA,PERITORO,7159,1064,0,91,33,264,58,0,34,89,4474,895,19,0,66,54,0,1,0,1,0,16,,,,,
,,,,,,MA,PINDARE MIRIM,9688,1716,0,140,11,428,117,0,28,27,5976,1061,27,0,73,22,0,3,0,0,9,50,,,,,
,,,,,,MA,PINHEIRO,36218,6018,0,634,64,2083,401,0,137,61,19548,6680,120,0,121,108,0,15,0,0,12,216,,,,,
,,,,,,MA,PIO XII,8274,1192,0,134,7,520,78,0,14,11,5024,1161,17,0,63,13,0,6,0,0,3,31,,,,,
,,,,,,MA,PIRAPEMAS,2130,396,0,26,1,138,18,0,3,7,1425,89,8,0,5,2,0,0,0,0,1,11,,,,,
,,,,,,MA,POCAO DE PEDRAS,6938,551,0,63,5,304,36,0,14,21,5219,679,10,0,7,13,0,0,0,0,3,13,,,,,
,,,,,,MA,PORTO FRANCO,10262,2290,0,188,87,894,170,0,12,31,4396,1687,24,0,290,138,0,1,0,0,1,53,,,,,
,,,,,,MA,PORTO RICO DO MARANHAO,968,134,0,7,0,81,7,0,0,2,621,109,6,0,1,0,0,0,0,0,0,0,,,,,
,,,,,,MA,PRESIDENTE DUTRA,25836,4741,0,695,118,2143,259,0,138,45,13149,3819,51,0,217,198,0,6,0,1,8,248,,,,,
,,,,,,MA,PRESIDENTE JUSCELINO,1600,338,0,25,3,134,21,0,3,4,975,78,4,0,6,4,0,0,0,0,0,5,,,,,
,,,,,,MA,PRESIDENTE MEDICI,1442,245,0,24,2,107,6,0,0,9,961,74,3,0,5,0,0,1,0,0,0,5,,,,,
,,,,,,MA,PRESIDENTE SARNEY,3622,308,0,21,0,190,8,0,4,9,2534,532,11,0,0,0,0,0,0,0,0,5,,,,,
,,,,,,MA,PRESIDENTE VARGAS,1877,395,0,28,1,106,20,0,9,6,1164,135,9,0,3,0,0,0,0,0,0,1,,,,,
,,,,,,MA,PRIMEIRA CRUZ,602,71,0,3,0,160,11,0,2,4,324,17,5,0,4,0,0,0,0,0,0,1,,,,,
,,,,,,MA,RAPOSA,9505,2453,0,178,21,725,179,0,122,10,4362,1234,67,0,47,27,0,0,0,0,1,79,,,,,
,,,,,,MA,RIACHAO,7629,1214,0,158,32,708,65,0,1,40,4176,953,58,0,113,67,0,3,0,0,2,39,,,,,
,,,,,,MA,RIBAMAR FIQUENE,2124,489,0,43,9,199,23,0,5,5,1114,141,10,0,65,16,0,0,0,0,1,4,,,,,
,,,,,,MA,ROSARIO,10675,2422,0,254,20,552,125,0,142,50,4965,1938,60,0,63,26,0,4,0,0,3,51,,,,,
,,,,,,MA,SAMBAIBA,1865,168,0,53,110,161,11,0,0,8,738,115,22,0,59,411,0,0,0,1,1,7,,,,,
,,,,,,MA,SANTA FILOMENA DO MARANHAO,1767,275,0,13,0,226,21,0,1,7,1078,129,8,0,6,0,0,0,0,0,0,3,,,,,
,,,,,,MA,SANTA HELENA,8013,1228,0,133,6,637,98,0,4,13,4250,1530,40,0,32,6,0,1,0,0,3,32,,,,,
,,,,,,MA,SANTA INES,47783,10245,0,964,86,3179,664,0,154,192,24359,6502,148,0,732,107,0,20,0,1,25,405,,,,,
,,,,,,MA,SANTA LUZIA,20187,2425,0,336,21,1462,173,0,16,101,12415,2990,33,0,100,28,0,5,0,0,1,81,,,,,
,,,,,,MA,SANTA LUZIA DO PARUA,8184,1389,0,144,11,576,70,0,20,16,5005,822,16,0,54,13,0,0,0,0,3,45,,,,,
,,,,,,MA,SANTA QUITERIA DO MARANHAO,3704,668,0,57,1,456,60,0,3,8,2015,373,24,0,9,1,0,0,0,0,1,28,,,,,
,,,,,,MA,SANTA RITA,12061,2363,0,229,17,640,112,0,68,15,6706,1721,36,0,78,14,0,3,0,0,0,59,,,,,
,,,,,,MA,SANTANA DO MARANHAO,767,105,0,14,0,133,15,0,1,6,430,45,12,0,4,0,0,0,0,0,0,2,,,,,
,,,,,,MA,SANTO AMARO DO MARANHAO,1491,146,0,14,1,666,14,0,5,9,582,18,6,0,5,1,0,2,0,0,0,22,,,,,
,,,,,,MA,SANTO ANTONIO DOS LOPES,5724,731,0,162,96,444,43,0,5,20,3382,731,15,0,27,41,0,1,0,1,0,25,,,,,
,,,,,,MA,SAO BENEDITO DO RIO PRETO,2374,465,0,27,4,354,54,0,3,10,1167,251,14,0,8,1,0,0,0,0,0,16,,,,,
,,,,,,MA,SAO BENTO,9645,1419,0,169,8,523,121,0,31,50,6216,1006,35,0,13,20,0,0,0,0,0,34,,,,,
,,,,,,MA,SAO BERNARDO,4281,712,0,108,16,328,48,0,7,8,2581,374,27,0,23,20,0,0,0,0,4,25,,,,,
,,,,,,MA,SAO DOMINGOS DO AZEITAO,2418,262,0,81,147,279,8,0,2,11,992,142,5,0,159,309,0,0,0,0,1,20,,,,,
,,,,,,MA,SAO DOMINGOS DO MARANHAO,13704,2198,0,351,135,1583,152,0,23,14,7518,1208,29,0,100,315,0,2,0,0,2,74,,,,,
,,,,,,MA,SAO FELIX DE BALSAS,578,116,0,13,0,100,7,0,1,4,275,40,3,0,12,1,0,0,0,0,0,6,,,,,
,,,,,,MA,SAO FRANCISCO DO BREJAO,2682,522,0,69,3,262,22,0,11,5,1486,220,19,0,54,3,0,0,0,0,0,6,,,,,
,,,,,,MA,SAO FRANCISCO DO MARANHAO,660,102,0,16,6,91,3,0,1,2,378,22,8,0,2,24,0,1,0,0,0,4,,,,,
,,,,,,MA,SAO JOAO BATISTA,3860,435,0,40,7,201,23,0,1,7,2945,158,12,0,2,17,0,0,0,0,0,12,,,,,
,,,,,,MA,SAO JOAO DO CARU,2345,174,0,33,1,163,9,0,0,4,1888,56,3,0,8,0,0,1,0,0,0,5,,,,,
,,,,,,MA,SAO JOAO DO PARAISO,3732,543,0,78,4,534,43,0,1,6,2042,383,17,0,57,3,0,0,0,0,2,19,,,,,
,,,,,,MA,SAO JOAO DO SOTER,2740,433,0,53,6,173,10,0,13,8,1808,203,15,0,6,8,0,1,0,0,0,3,,,,,
,,,,,,MA,SAO JOAO DOS PATOS,14228,2018,0,263,21,917,127,0,38,24,9137,1430,13,0,126,31,0,2,0,0,0,81,,,,,
,,,,,,MA,SAO JOSE DE RIBAMAR,73354,27314,0,1053,83,5064,1909,0,802,212,28944,5714,572,0,503,104,0,15,0,4,11,1050,,,,,
,,,,,,MA,SAO JOSE DOS BASILIOS,1919,255,0,19,1,199,15,0,1,4,1287,126,5,0,4,1,0,0,0,0,0,2,,,,,
,,,,,,MA,SAO LUIS,531810,237039,0,12910,2701,46360,20488,0,3203,1767,153375,25414,5254,2,5874,3682,9,704,0,47,163,12818,,,,,
,,,,,,MA,SAO LUIS GONZAGA DO MARANHAO,4803,706,0,42,1,264,40,0,6,9,3483,209,17,0,16,0,0,0,0,0,0,10,,,,,
,,,,,,MA,SAO MATEUS DO MARANHAO,13560,2187,0,191,51,756,131,0,61,62,7750,2064,29,0,114,96,0,1,0,0,1,66,,,,,
,,,,,,MA,SAO PEDRO DA AGUA BRANCA,3228,463,0,33,5,174,16,0,28,10,1818,627,9,0,35,0,0,0,0,0,0,10,,,,,
,,,,,,MA,SAO PEDRO DOS CRENTES,1675,216,0,70,6,267,21,0,0,0,923,140,10,0,9,11,0,0,0,0,0,2,,,,,
,,,,,,MA,SAO RAIMUNDO DAS MANGABEIRAS,7529,1364,0,199,50,672,59,0,9,25,3615,1168,82,0,106,110,0,1,0,2,2,65,,,,,
,,,,,,MA,SAO RAIMUNDO DO DOCA BEZERRA,1349,109,0,37,0,122,8,0,0,7,984,73,4,0,4,0,0,0,0,0,0,1,,,,,
,,,,,,MA,SAO ROBERTO,1749,131,0,22,0,75,5,0,0,7,1403,94,6,0,2,0,0,0,0,0,0,4,,,,,
,,,,,,MA,SAO VICENTE FERRER,3475,455,0,52,4,183,36,0,1,2,2473,234,7,0,13,4,0,1,0,0,0,10,,,,,
,,,,,,MA,SATUBINHA,1778,278,0,25,2,151,6,0,1,6,1202,74,5,0,15,5,0,1,0,0,2,5,,,,,
,,,,,,MA,SENADOR ALEXANDRE COSTA,2109,377,0,33,4,145,17,0,0,11,1336,150,9,0,12,8,0,0,0,0,0,7,,,,,
,,,,,,MA,SENADOR LA ROCQUE,7113,951,0,96,8,577,57,0,13,4,4721,596,9,0,54,12,0,0,0,0,2,13,,,,,
,,,,,,MA,SERRANO DO MARANHAO,762,101,0,6,0,60,6,0,0,2,500,75,9,0,1,0,0,0,0,0,0,2,,,,,
,,,,,,MA,SITIO NOVO,5477,707,0,98,4,686,61,0,3,24,3231,572,19,0,47,4,0,1,0,0,1,19,,,,,
,,,,,,MA,SUCUPIRA DO NORTE,2082,307,0,49,2,211,13,0,0,7,1360,103,8,0,9,1,0,1,0,0,0,11,,,,,
,,,,,,MA,SUCUPIRA DO RIACHAO,1305,161,0,15,1,99,6,0,0,11,904,69,8,0,21,6,0,0,0,0,1,3,,,,,
,,,,,,MA,TASSO FRAGOSO,3063,409,0,114,31,319,25,0,2,13,1536,491,10,0,34,73,0,1,0,0,1,4,,,,,
,,,,,,MA,TIMBIRAS,5078,635,0,68,6,211,17,0,14,8,3278,797,11,0,11,7,0,1,0,0,1,13,,,,,
,,,,,,MA,TIMON,68201,12709,0,957,117,2831,685,0,1193,60,40851,7354,259,0,694,218,0,22,0,0,38,213,,,,,
,,,,,,MA,TRIZIDELA DO VALE,11842,1217,0,197,89,507,82,0,116,47,7112,2095,21,0,138,181,0,2,0,0,0,38,,,,,
,,,,,,MA,TUFILANDIA,1335,267,0,17,0,95,8,0,0,3,874,62,2,0,5,0,0,0,0,0,0,2,,,,,
,,,,,,MA,TUNTUM,11391,1583,0,199,10,944,89,0,6,16,6709,1707,22,0,55,14,0,1,0,0,2,34,,,,,
,,,,,,MA,TURIACU,4843,505,0,52,1,412,30,0,3,8,3357,430,14,0,14,0,0,0,0,0,0,17,,,,,
,,,,,,MA,TURILANDIA,3438,554,0,24,2,214,21,0,3,4,2050,544,7,0,6,1,0,0,0,0,0,8,,,,,
,,,,,,MA,TUTOIA,6961,901,0,112,21,812,90,0,20,50,3664,1099,28,0,59,28,0,0,0,0,2,75,,,,,
,,,,,,MA,URBANO SANTOS,4823,805,0,122,14,728,78,0,8,13,2675,254,37,0,25,22,0,1,0,0,1,40,,,,,
,,,,,,MA,VARGEM GRANDE,9551,1597,0,187,5,604,98,0,33,14,5856,1006,40,0,34,15,0,1,0,0,0,61,,,,,
,,,,,,MA,VIANA,16056,2034,0,229,15,848,126,0,20,15,11092,1463,28,0,85,19,0,1,0,0,2,79,,,,,
,,,,,,MA,VILA NOVA DOS MARTIRIOS,2904,532,0,53,3,242,33,0,7,8,1590,354,9,0,59,4,0,0,0,0,1,9,,,,,
,,,,,,MA,VITORIA DO MEARIM,7825,1581,0,145,14,597,74,0,20,16,4258,984,20,0,47,17,0,7,0,0,1,44,,,,,
,,,,,,MA,VITORINO FREIRE,13314,1463,0,155,14,800,95,0,16,29,9165,1411,32,0,59,22,0,1,0,0,1,51,,,,,
,,,,,,MA,ZE DOCA,20105,2605,0,320,37,1176,132,0,19,31,13610,1834,74,0,105,56,0,4,0,0,3,99,,,,,
,,,,,,MG,ABADIA DOS DOURADOS,5194,2647,0,208,40,676,53,0,14,49,1144,147,23,0,124,51,0,2,0,1,2,13,,,,,
,,,,,,MG,ABAETE,16199,8501,0,572,80,1926,363,0,138,52,2678,913,204,0,522,79,8,42,0,2,7,112,,,,,
,,,,,,MG,ABRE CAMPO,8317,3741,0,334,91,1135,129,0,26,23,2418,32,69,0,116,144,0,8,0,0,2,49,,,,,
,,,,,,MG,ACAIACA,2401,1157,0,68,2,213,46,0,9,16,767,18,11,0,72,3,0,2,0,0,4,13,,,,,
,,,,,,MG,ACUCENA,4632,1765,0,95,4,455,48,0,8,31,2040,37,65,0,58,3,0,3,0,1,5,14,,,,,
,,,,,,MG,AGUA BOA,5826,1961,0,144,3,548,67,0,10,21,2815,71,47,0,99,7,0,0,0,0,17,16,,,,,
,,,,,,MG,AGUA COMPRIDA,1205,620,0,53,15,183,28,0,6,22,147,8,21,0,62,28,0,0,0,0,1,11,,,,,
,,,,,,MG,AGUANIL,2369,1325,0,96,11,287,61,0,3,15,442,44,10,0,47,16,0,4,0,0,0,8,,,,,
,,,,,,MG,AGUAS FORMOSAS,7946,3193,0,154,13,820,176,0,52,45,3019,223,61,0,122,14,6,5,0,0,9,34,,,,,
,,,,,,MG,AGUAS VERMELHAS,3414,1246,0,119,31,381,45,0,2,49,1316,107,43,0,33,37,0,1,0,0,1,3,,,,,
,,,,,,MG,AIMORES,11424,3779,0,265,20,619,120,0,48,52,4847,1295,61,0,222,28,1,15,0,9,7,36,,,,,
,,,,,,MG,AIURUOCA,4155,1918,0,135,22,443,141,0,7,41,1221,35,16,0,72,22,0,5,0,0,1,76,,,,,
,,,,,,MG,ALAGOA,1555,646,0,59,0,202,60,0,3,8,494,26,18,0,19,0,0,1,0,0,0,19,,,,,
,,,,,,MG,ALBERTINA,2331,1103,0,103,4,360,81,0,2,27,591,18,7,0,20,2,0,3,0,1,1,8,,,,,
,,,,,,MG,ALEM PARAIBA,27005,14413,0,1380,564,2449,662,0,88,137,5252,622,78,0,593,555,3,48,0,0,7,154,,,,,
,,,,,,MG,ALFENAS,59722,32211,0,1474,185,6298,1981,0,322,179,12042,2229,373,0,1193,276,3,63,0,4,21,868,,,,,
,,,,,,MG,ALFREDO VASCONCELOS,4672,2119,0,215,62,560,174,0,6,31,1187,31,31,0,151,81,0,2,0,1,4,17,,,,,
,,,,,,MG,ALMENARA,19266,6624,0,337,28,1893,499,0,126,128,7671,1342,189,0,259,36,1,6,0,0,41,86,,,,,
,,,,,,MG,ALPERCATA,3017,1305,0,125,15,284,88,0,12,7,948,115,11,0,69,17,0,1,0,0,0,20,,,,,
,,,,,,MG,ALPINOPOLIS,16759,9810,0,637,56,1891,283,0,15,77,3138,184,128,0,231,74,0,31,0,1,5,198,,,,,
,,,,,,MG,ALTEROSA,11353,5563,0,388,25,1282,219,0,24,35,3240,244,81,0,153,23,0,8,0,1,3,64,,,,,
,,,,,,MG,ALTO CAPARAO,4133,1778,0,91,2,418,102,0,49,26,1509,39,30,0,61,3,0,0,0,0,0,25,,,,,
,,,,,,MG,ALTO JEQUITIBA,6668,3052,0,115,3,807,103,0,36,10,2325,52,26,0,114,5,0,4,0,0,0,16,,,,,
,,,,,,MG,ALTO RIO DOCE,6195,2357,0,171,1,550,118,0,12,30,2644,130,48,0,79,3,0,4,0,0,4,44,,,,,
,,,,,,MG,ALVARENGA,2460,896,0,46,12,205,49,0,6,7,1167,21,21,0,18,4,1,2,0,0,0,5,,,,,
,,,,,,MG,ALVINOPOLIS,8003,3612,0,286,13,937,165,0,18,29,2718,44,39,0,66,11,1,13,0,0,7,44,,,,,
,,,,,,MG,ALVORADA DE MINAS,2120,863,0,54,1,254,48,0,4,21,786,21,29,0,19,1,0,2,0,4,0,13,,,,,
,,,,,,MG,AMPARO DA SERRA,2371,971,0,51,2,168,38,0,10,8,989,22,54,0,37,6,0,1,0,0,4,10,,,,,
,,,,,,MG,ANDRADAS,33531,17488,0,1227,106,3898,1349,0,36,171,7245,983,133,0,312,132,2,38,0,1,4,406,,,,,
,,,,,,MG,ANDRELANDIA,6376,3753,0,198,10,694,178,0,15,42,1122,138,36,0,113,17,3,23,0,0,5,29,,,,,
,,,,,,MG,ANGELANDIA,4165,1488,0,153,5,484,41,0,5,21,1759,98,47,0,40,3,0,1,0,0,4,16,,,,,
,,,,,,MG,ANTONIO CARLOS,6301,3363,0,257,21,465,227,0,30,44,1583,43,52,0,150,28,0,8,0,0,3,27,,,,,
,,,,,,MG,ANTONIO DIAS,4306,2082,0,152,94,397,61,0,8,45,1216,37,73,0,52,61,0,10,0,0,2,16,,,,,
,,,,,,MG,ANTONIO PRADO DE MINAS,963,405,0,21,0,64,26,0,49,12,333,15,7,0,24,0,0,1,0,0,1,5,,,,,
,,,,,,MG,ARACAI,896,503,0,22,1,113,22,0,8,11,165,9,11,0,23,2,0,2,0,0,2,2,,,,,
,,,,,,MG,ARACITABA,718,359,0,18,1,54,16,0,0,7,232,4,7,0,16,2,0,2,0,0,0,0,,,,,
,,,,,,MG,ARACUAI,18329,5106,0,366,17,1677,314,0,28,59,9001,1055,215,0,309,29,1,8,0,3,32,109,,,,,
,,,,,,MG,ARAGUARI,100967,46356,0,2905,1398,8968,2567,0,1516,576,22330,6535,401,0,4124,2196,1,74,4,23,74,919,,,,,
,,,,,,MG,ARANTINA,1541,842,0,58,6,110,38,0,2,15,376,46,6,0,31,5,1,0,0,0,1,4,,,,,
,,,,,,MG,ARAPONGA,5336,1783,0,128,3,566,34,0,15,12,2672,30,28,0,28,4,0,0,0,0,11,22,,,,,
,,,,,,MG,ARAPORA,4586,1573,0,475,239,443,90,0,80,42,783,256,83,0,284,211,0,9,0,3,0,15,,,,,
,,,,,,MG,ARAPUA,2239,1004,0,108,16,303,24,0,4,15,582,81,24,0,34,28,0,2,0,0,2,12,,,,,
,,,,,,MG,ARAUJOS,5809,2780,0,175,14,709,95,0,10,14,1361,296,16,0,262,22,3,4,0,0,2,46,,,,,
,,,,,,MG,ARAXA,86334,46773,0,2222,689,9541,3269,0,748,332,14738,3022,475,0,1993,959,10,209,0,16,68,1270,,,,,
,,,,,,MG,ARCEBURGO,6751,3633,0,319,62,609,175,0,30,35,1283,259,109,0,96,77,1,15,0,3,5,40,,,,,
,,,,,,MG,ARCOS,37568,17346,0,1560,990,3522,988,0,91,139,8178,1396,315,0,1026,1467,11,117,0,17,23,382,,,,,
,,,,,,MG,AREADO,9725,5912,0,286,26,1033,226,0,73,38,1582,113,102,0,187,32,0,27,0,0,1,87,,,,,
,,,,,,MG,ARGIRITA,1098,592,0,52,4,126,23,0,3,11,219,11,11,0,28,6,1,3,0,0,1,7,,,,,
,,,,,,MG,ARICANDUVA,2247,680,0,50,0,221,28,0,0,10,1181,27,26,0,12,0,0,0,0,0,7,5,,,,,
,,,,,,MG,ARINOS,8301,3558,0,320,73,880,169,0,28,63,2172,254,168,0,455,125,2,7,0,0,2,25,,,,,
,,,,,,MG,ASTOLFO DUTRA,8168,3819,0,325,20,831,192,0,84,13,2363,254,30,0,157,23,1,8,0,0,9,39,,,,,
,,,,,,MG,ATALEIA,4084,1431,0,111,19,357,73,0,28,34,1832,73,49,0,40,24,1,3,0,0,1,8,,,,,
,,,,,,MG,AUGUSTO DE LIMA,1792,897,0,44,7,185,39,0,12,9,450,25,28,0,65,14,0,5,0,0,0,12,,,,,
,,,,,,MG,BAEPENDI,13266,6166,0,522,33,1324,491,0,17,93,3881,299,43,0,154,59,1,10,0,0,2,171,,,,,
,,,,,,MG,BALDIM,4369,2277,0,260,13,533,88,0,28,21,939,68,33,0,67,20,0,2,0,0,2,18,,,,,
,,,,,,MG,BAMBUI,18105,9591,0,664,170,2742,480,0,49,89,2901,288,93,0,467,305,0,39,0,1,8,218,,,,,
,,,,,,MG,BANDEIRA,1224,346,0,23,0,110,25,0,0,19,642,28,19,0,8,0,0,0,0,0,0,4,,,,,
,,,,,,MG,BANDEIRA DO SUL,4088,2447,0,168,21,512,122,0,11,21,629,46,17,0,40,22,0,8,0,0,1,23,,,,,
,,,,,,MG,BARAO DE COCAIS,20882,11056,0,770,67,2002,621,0,101,121,4860,429,190,0,339,49,1,46,0,9,15,206,,,,,
,,,,,,MG,BARAO D0 MONTE ALTO,1968,798,0,54,8,123,47,0,39,10,804,29,12,0,28,5,0,0,0,0,4,7,,,,,
,,,,,,MG,BARBACENA,80847,46793,0,1836,429,6448,3692,0,255,324,16356,1073,218,0,1785,440,1,215,0,10,67,905,,,,,
,,,,,,MG,BARRA LONGA,3016,1274,0,68,3,368,55,0,7,17,1122,23,21,0,29,3,0,1,0,0,2,23,,,,,
,,,,,,MG,BARROSO,13395,6805,0,423,338,885,355,0,420,39,2708,525,33,0,354,381,2,17,0,3,6,101,,,,,
,,,,,,MG,BELA VISTA DE MINAS,5167,3330,0,190,60,355,162,0,12,16,815,47,15,0,68,60,0,5,0,1,3,28,,,,,
,,,,,,MG,BELMIRO BRAGA,1381,752,0,93,13,154,34,0,4,18,233,22,13,0,22,14,0,2,0,0,0,7,,,,,
,,,,,,MG,BELO HORIZONTE,2904961,1840956,0,54698,16342,346000,170632,0,1712,7024,321440,32767,11407,2,25163,7377,18,8603,0,370,640,59810,,,,,
,,,,,,MG,BELO ORIENTE,13018,6624,0,372,86,1116,209,0,126,58,3125,306,115,0,536,263,1,15,0,0,6,60,,,,,
,,,,,,MG,BELO VALE,6653,3211,0,487,90,778,134,0,13,73,1551,53,39,0,75,87,0,5,0,1,2,54,,,,,
,,,,,,MG,BERILO,4663,1267,0,93,3,375,61,0,2,16,2675,49,57,0,50,3,1,0,0,0,4,7,,,,,
,,,,,,MG,BERIZAL,2136,742,0,48,5,170,34,0,1,14,979,85,22,0,28,5,0,0,0,1,2,0,,,,,
,,,,,,MG,BERTOPOLIS,971,365,0,14,0,77,15,0,1,8,452,19,8,0,8,1,0,1,0,0,0,2,,,,,
,,,,,,MG,BETIM,261929,148017,0,8040,6787,22048,8817,0,526,957,44979,2705,1395,1,5383,9296,6,468,0,181,86,2237,,,,,
,,,,,,MG,BIAS FORTES,1347,711,0,41,0,97,32,0,4,8,417,7,10,0,8,0,0,1,0,0,0,11,,,,,
,,,,,,MG,BICAS,8842,5414,0,239,56,873,276,0,66,40,1231,182,32,0,229,88,0,22,0,0,9,85,,,,,
,,,,,,MG,BIQUINHAS,1894,961,0,72,8,288,31,0,7,11,359,41,9,0,76,12,0,6,0,0,1,12,,,,,
,,,,,,MG,BOA ESPERANCA,29251,16007,0,1024,91,3241,733,0,137,162,5725,696,258,0,712,122,13,32,0,0,5,293,,,,,
,,,,,,MG,BOCAINA DE MINAS,3456,1575,0,123,5,293,73,0,3,22,1164,78,17,0,51,3,0,0,0,0,0,49,,,,,
,,,,,,MG,BOCAIUVA,28498,12326,0,785,242,2908,672,0,62,128,9015,980,283,0,658,262,4,14,0,1,17,141,,,,,
,,,,,,MG,BOM DESPACHO,39326,20712,0,1351,394,4323,877,0,40,111,7584,1023,438,0,1394,547,7,181,0,3,27,314,,,,,
,,,,,,MG,BOM JARDIM DE MINAS,4548,2532,0,169,4,386,138,0,13,21,1001,129,21,0,84,11,0,6,0,0,8,25,,,,,
,,,,,,MG,BOM JESUS DA PENHA,4644,1852,0,239,26,661,85,0,3,31,1512,51,22,0,78,39,0,0,0,0,0,45,,,,,
,,,,,,MG,BOM JESUS DO AMPARO,3492,1881,0,151,48,431,71,0,7,17,713,23,38,0,49,41,0,8,0,0,4,10,,,,,
,,,,,,MG,BOM JESUS DO GALHO,7143,2786,0,168,3,532,88,0,22,21,3177,164,38,0,112,5,0,7,0,0,4,16,,,,,
,,,,,,MG,BOM REPOUSO,9894,4448,0,241,20,1802,178,0,26,23,2825,143,29,0,99,23,0,5,0,0,2,30,,,,,
,,,,,,MG,BOM SUCESSO,9462,5590,0,257,58,1033,249,0,23,46,1755,64,76,0,171,69,2,12,0,1,5,51,,,,,
,,,,,,MG,BONFIM,5274,2173,0,208,4,554,72,0,2,28,1980,108,25,0,76,7,0,7,0,0,1,29,,,,,
,,,,,,MG,BONFINOPOLIS DE MINAS,3512,1533,0,141,26,475,63,0,12,16,923,59,48,0,143,61,2,3,0,0,1,6,,,,,
,,,,,,MG,BONITO DE MINAS,2092,539,0,70,3,280,70,0,1,15,950,52,38,0,57,5,0,0,0,0,0,12,,,,,
,,,,,,MG,BORDA DA MATA,12327,6753,0,343,10,1292,462,0,40,53,2698,169,86,0,216,21,0,20,0,0,3,161,,,,,
,,,,,,MG,BOTELHOS,11107,6522,0,317,19,1219,289,0,31,94,2016,197,58,0,199,18,4,21,0,1,2,100,,,,,
,,,,,,MG,BOTUMIRIM,1890,586,0,45,7,248,25,0,1,28,837,19,36,0,37,11,0,1,0,0,3,6,,,,,
,,,,,,MG,BRAS PIRES,2875,1160,0,96,6,282,37,0,12,16,1123,40,20,0,47,13,0,1,0,0,5,17,,,,,
,,,,,,MG,BRASILANDIA DE MINAS,9403,4134,0,366,137,874,107,0,60,43,2286,466,209,0,438,228,13,5,0,0,8,29,,,,,
,,,,,,MG,BRASILIA DE MINAS,16686,6726,0,391,39,1255,328,0,13,54,5854,1296,150,0,465,48,0,6,0,0,5,56,,,,,
,,,,,,MG,BRAUNAS,1747,664,0,30,1,176,31,0,10,17,736,9,26,0,42,0,0,0,0,0,1,4,,,,,
,,,,,,MG,BRAZOPOLIS,9174,4882,0,331,17,1094,305,0,28,50,2135,32,61,0,109,16,1,13,0,0,3,97,,,,,
,,,,,,MG,BRUMADINHO,29896,15234,0,1664,335,3145,934,0,89,219,5444,622,621,0,622,295,1,49,1,44,23,554,,,,,
,,,,,,MG,BUENO BRANDAO,9695,5011,0,288,10,1359,203,0,8,52,2397,95,36,0,111,11,0,20,0,2,2,90,,,,,
,,,,,,MG,BUENOPOLIS,5018,2335,0,158,18,589,86,0,20,28,1367,186,44,0,127,23,0,6,0,1,4,26,,,,,
,,,,,,MG,BUGRE,1912,882,0,54,0,218,31,0,6,3,633,46,17,0,17,0,0,2,0,0,0,3,,,,,
,,,,,,MG,BURITIS,12803,5663,0,545,216,1402,246,0,57,47,2573,582,190,0,847,365,4,6,0,2,6,52,,,,,
,,,,,,MG,BURITIZEIRO,12878,4668,0,353,150,1156,326,0,156,58,4423,688,219,0,392,224,1,8,0,1,29,26,,,,,
,,,,,,MG,CABECEIRA GRANDE,1534,667,0,87,25,176,30,0,19,22,324,34,16,0,86,46,1,0,0,0,0,1,,,,,
,,,,,,MG,CABO VERDE,7680,4614,0,278,10,950,205,0,1,63,1282,33,71,0,91,14,0,16,0,0,1,51,,,,,
,,,,,,MG,CACHOEIRA DA PRATA,1923,1085,0,75,17,208,59,0,24,6,324,28,14,0,47,17,0,5,0,1,2,11,,,,,
,,,,,,MG,CACHOEIRA DE MINAS,6419,3368,0,180,4,798,186,0,22,41,1496,156,22,0,76,10,1,13,0,0,1,45,,,,,
,,,,,,MG,CACHOEIRA DE PAJEU,2358,1129,0,50,19,196,28,0,1,23,792,48,22,0,35,11,0,1,0,0,0,3,,,,,
,,,,,,MG,CACHOEIRA DOURADA,1371,618,0,34,12,119,19,0,5,16,236,165,7,0,113,16,0,0,0,2,0,9,,,,,
,,,,,,MG,CAETANOPOLIS,6689,3417,0,224,42,648,203,0,182,23,1334,247,67,0,170,77,0,9,0,0,2,44,,,,,
,,,,,,MG,CAETE,28527,15370,0,811,263,2146,889,0,86,141,6787,757,104,1,349,324,0,36,0,1,7,455,,,,,
,,,,,,MG,CAIANA,2670,1062,0,85,4,224,35,0,21,15,1097,42,18,0,46,5,0,4,0,0,1,11,,,,,
,,,,,,MG,CAJURI,2287,860,0,112,23,195,31,0,47,8,923,28,14,0,22,17,0,0,0,0,0,7,,,,,
,,,,,,MG,CALDAS,9575,5535,0,420,49,1209,327,0,18,73,1535,85,52,0,123,66,0,12,0,0,2,69,,,,,
,,,,,,MG,CAMACHO,2118,850,0,76,3,313,22,0,3,13,735,19,57,0,19,5,0,0,0,0,1,2,,,,,
,,,,,,MG,CAMANDUCAIA,17933,8797,0,559,171,1888,561,0,6,61,4566,389,81,1,352,134,4,30,0,6,11,316,,,,,
,,,,,,MG,CAMBUI,23975,12223,0,763,195,2585,718,0,58,133,5749,678,135,0,334,130,5,20,0,0,10,239,,,,,
,,,,,,MG,CAMBUQUIRA,7672,4545,0,230,23,719,289,0,9,70,1480,96,68,0,67,18,0,7,0,1,2,48,,,,,
,,,,,,MG,CAMPANARIO,1254,560,0,25,1,128,26,0,9,11,421,21,5,0,36,1,0,2,0,0,0,8,,,,,
,,,,,,MG,CAMPANHA,10643,5545,0,311,48,1110,405,0,20,73,2547,208,73,0,160,62,0,13,0,1,4,63,,,,,
,,,,,,MG,CAMPESTRE,19646,9170,0,711,97,2788,408,0,12,104,5553,213,93,0,211,115,2,15,0,3,6,145,,,,,
,,,,,,MG,CAMPINA VERDE,11922,5798,0,332,104,1681,247,0,108,68,2181,546,78,0,587,118,1,14,0,3,0,56,,,,,
,,,,,,MG,CAMPO AZUL,1061,414,0,18,0,88,17,0,0,6,449,33,15,0,16,0,0,1,0,0,1,3,,,,,
,,,,,,MG,CAMPO BELO,39075,19969,0,1576,448,3464,967,0,88,138,8226,2217,148,0,921,524,6,62,0,2,10,309,,,,,
,,,,,,MG,CAMPO DO MEIO,6918,3825,0,176,8,697,134,0,19,19,1396,285,112,0,156,24,0,13,0,2,0,52,,,,,
,,,,,,MG,CAMPO FLORIDO,4808,2387,0,231,90,568,112,0,30,68,620,192,89,0,251,148,0,3,0,0,1,18,,,,,
,,,,,,MG,CAMPOS ALTOS,9850,5517,0,522,73,1569,301,0,60,63,1005,187,148,0,192,81,0,28,0,0,4,100,,,,,
,,,,,,MG,CAMPOS GERAIS,16499,8982,0,616,28,2047,348,0,115,90,3347,242,203,0,280,30,7,23,0,2,9,130,,,,,
,,,,,,MG,CANA VERDE,3624,1694,0,105,77,334,51,0,12,14,1034,93,24,0,82,79,0,8,0,0,1,16,,,,,
,,,,,,MG,CANAA,3194,1028,0,70,5,278,29,0,13,8,1640,46,13,0,33,7,0,1,0,0,8,15,,,,,
,,,,,,MG,CANAPOLIS,6665,3011,0,301,150,860,159,0,26,30,1041,476,104,0,279,195,0,6,0,0,6,21,,,,,
,,,,,,MG,CANDEIAS,10903,4720,0,393,222,1326,215,0,21,55,2815,368,69,0,277,354,0,11,0,0,6,51,,,,,
,,,,,,MG,CANTAGALO,2201,962,0,57,3,171,22,0,7,7,858,43,15,0,38,4,0,3,0,0,3,8,,,,,
,,,,,,MG,CAPARAO,3469,1311,0,82,0,382,44,0,25,7,1524,22,16,0,36,0,0,4,0,1,2,13,,,,,
,,,,,,MG,CAPELA NOVA,2783,1212,0,43,6,233,50,0,4,20,1110,52,11,0,21,8,0,0,0,1,1,11,,,,,
,,,,,,MG,CAPELINHA,33031,12282,0,1196,222,3551,539,0,35,94,12943,631,293,0,557,298,6,20,0,3,72,289,,,,,
,,,,,,MG,CAPETINGA,4251,2278,0,236,101,503,163,0,8,40,523,49,66,0,87,148,0,15,0,0,1,33,,,,,
,,,,,,MG,CAPIM BRANCO,5695,3200,0,149,52,572,194,0,63,34,1086,94,24,0,113,52,0,7,0,2,7,46,,,,,
,,,,,,MG,CAPINOPOLIS,11019,4469,0,420,362,1060,203,0,98,49,1848,983,107,0,647,684,3,10,0,1,7,68,,,,,
,,,,,,MG,CAPITAO ANDRADE,3055,925,0,98,7,243,39,0,9,12,1463,153,11,0,75,5,1,2,0,1,0,11,,,,,
,,,,,,MG,CAPITAO ENEAS,5493,2040,0,175,43,419,132,0,8,18,2129,277,56,0,137,39,0,6,0,2,2,10,,,,,
,,,,,,MG,CAPITOLIO,8709,4047,0,211,28,1123,220,0,28,31,1904,256,59,0,467,48,1,9,0,0,6,271,,,,,
,,,,,,MG,CAPUTIRA,6926,2932,0,211,9,839,87,0,24,21,2566,55,67,0,83,5,0,10,0,0,0,17,,,,,
,,,,,,MG,CARAI,5442,1653,0,140,4,480,45,0,10,81,2816,80,70,0,37,9,0,4,0,0,4,9,,,,,
,,,,,,MG,CARANAIBA,1307,708,0,22,3,86,13,0,11,14,395,14,24,0,11,3,0,1,0,0,0,2,,,,,
,,,,,,MG,CARANDAI,17117,9455,0,736,273,1412,694,0,24,106,3101,259,156,0,474,312,0,27,0,0,14,74,,,,,
,,,,,,MG,CARANGOLA,19324,8631,0,463,33,1564,540,0,100,75,6626,542,106,0,388,66,0,36,0,1,13,140,,,,,
,,,,,,MG,CARATINGA,57013,24920,0,1812,162,5482,1356,0,133,156,17201,3787,513,0,643,191,7,76,0,6,38,530,,,,,
,,,,,,MG,CARBONITA,6437,2422,0,206,88,692,82,0,8,24,2551,77,68,0,84,109,0,4,0,0,8,14,,,,,
,,,,,,MG,CAREACU,3692,1998,0,269,45,435,120,0,23,15,498,64,22,0,103,67,0,6,0,0,0,27,,,,,
,,,,,,MG,CARLOS CHAGAS,7128,2433,0,176,23,677,113,0,49,71,3021,253,71,0,166,30,1,7,0,1,7,29,,,,,
,,,,,,MG,CARMESIA,2937,659,0,78,7,167,29,0,1,5,495,6,1430,0,26,24,0,3,0,0,0,7,,,,,
,,,,,,MG,CARMO DA CACHOEIRA,6141,3581,0,271,75,630,300,0,4,64,897,15,77,0,119,61,0,5,0,0,1,41,,,,,
,,,,,,MG,CARMO DA MATA,8545,3981,0,432,145,841,231,0,9,55,2114,226,106,0,166,149,2,24,0,0,1,63,,,,,
,,,,,,MG,CARMO DE MINAS,6030,3094,0,199,13,553,233,0,15,62,1535,122,49,0,82,11,0,7,0,0,11,44,,,,,
,,,,,,MG,CARMO DO CAJURU,17205,7475,0,654,32,2009,366,0,33,88,5185,449,127,0,574,37,21,44,0,0,24,87,,,,,
,,,,,,MG,CARMO DO PARANAIBA,25575,12402,0,914,185,3407,474,0,123,106,5162,1455,161,0,583,245,2,42,0,4,29,281,,,,,
,,,,,,MG,CARMO DO RIO CLARO,14614,8049,0,534,52,1729,312,0,61,80,2743,348,158,0,301,69,2,22,0,2,4,148,,,,,
,,,,,,MG,CARMOPOLIS DE MINAS,14025,6228,0,744,467,1461,270,0,17,89,3721,113,119,0,296,385,10,19,0,0,0,86,,,,,
,,,,,,MG,CARNEIRINHO,6596,3081,0,217,47,774,170,0,40,45,1413,163,81,0,453,83,0,15,0,0,1,13,,,,,
,,,,,,MG,CARRANCAS,2232,1256,0,79,6,307,69,0,1,19,360,13,17,0,65,6,0,6,0,0,0,28,,,,,
,,,,,,MG,CARVALHOPOLIS,2465,1219,0,58,3,316,45,0,1,21,722,21,9,0,33,3,0,0,0,0,0,14,,,,,
,,,,,,MG,CARVALHOS,2789,1346,0,101,3,311,48,0,7,18,833,49,16,0,31,7,0,4,0,0,0,15,,,,,
,,,,,,MG,CASA GRANDE,1361,532,0,59,10,153,37,0,0,5,501,12,8,0,16,14,0,6,0,0,0,8,,,,,
,,,,,,MG,CASCALHO RICO,1370,693,0,64,7,177,28,0,1,36,268,21,7,0,46,17,0,0,0,0,2,3,,,,,
,,,,,,MG,CASSIA,12888,6935,0,579,327,1491,346,0,62,80,1823,141,105,0,358,478,4,19,0,1,9,130,,,,,
,,,,,,MG,CATAGUASES,43095,18736,0,841,300,3020,1206,0,248,99,14204,2539,178,0,847,389,11,57,0,5,35,380,,,,,
,,,,,,MG,CATAS ALTAS,3482,2040,0,157,66,396,99,0,8,34,488,14,14,0,52,60,1,5,0,0,2,46,,,,,
,,,,,,MG,CATAS ALTAS DA NORUEGA,1590,630,0,53,5,128,27,0,4,5,680,15,16,0,18,0,0,1,0,0,0,8,,,,,
,,,,,,MG,CATUJI,2309,966,0,62,27,240,44,0,6,37,791,63,29,0,18,16,0,0,0,0,0,10,,,,,
,,,,,,MG,CATUTI,6246,1993,0,51,1,221,26,0,86,15,3546,190,29,0,81,3,0,0,0,0,0,4,,,,,
,,,,,,MG,CAXAMBU,13342,7766,0,270,58,990,500,0,40,52,2843,260,33,0,263,84,1,27,0,0,5,150,,,,,
,,,,,,MG,CEDRO DO ABAETE,557,306,0,17,0,62,12,0,2,6,131,10,3,0,5,0,1,1,0,0,0,1,,,,,
,,,,,,MG,CENTRAL DE MINAS,4750,1787,0,135,4,333,66,0,4,12,1907,346,26,0,106,5,0,1,0,0,1,17,,,,,
,,,,,,MG,CENTRALINA,4469,1877,0,153,97,475,77,0,86,16,707,494,27,0,254,175,1,2,0,0,1,27,,,,,
,,,,,,MG,CHACARA,1508,695,0,64,3,148,37,0,12,11,423,19,30,0,44,9,0,4,0,0,0,9,,,,,
,,,,,,MG,CHALE,4880,1501,0,120,12,372,38,0,15,16,2621,74,15,0,50,9,0,5,0,0,0,32,,,,,
,,,,,,MG,CHAPADA DO NORTE,2800,753,0,54,3,292,45,0,4,21,1534,21,27,0,32,4,0,2,0,0,2,6,,,,,
,,,,,,MG,CHAPADA GAUCHA,5379,1678,0,269,79,811,205,0,10,26,1659,105,86,0,237,158,1,1,0,0,2,52,,,,,
,,,,,,MG,CHIADOR,2182,1128,0,230,33,198,75,0,12,27,297,25,12,0,88,41,0,3,0,1,3,9,,,,,
,,,,,,MG,CIPOTANEA,4610,1410,0,126,12,460,76,0,5,16,2272,76,26,0,54,14,0,1,0,1,2,59,,,,,
,,,,,,MG,CLARAVAL,2761,1351,0,133,8,484,97,0,33,23,458,22,27,0,64,4,0,5,0,0,0,52,,,,,
,,,,,,MG,CLARO DOS POCOES,2572,990,0,77,7,309,27,0,1,15,980,57,48,0,49,4,0,0,0,1,0,7,,,,,
,,,,,,MG,CLAUDIO,25118,11957,0,1224,343,3000,575,0,23,76,5806,675,95,0,549,456,0,36,0,2,13,288,,,,,
,,,,,,MG,COIMBRA,4866,2046,0,151,27,504,79,0,61,9,1795,63,26,0,47,32,0,4,0,0,4,18,,,,,
,,,,,,MG,COLUNA,5100,1715,0,88,0,511,48,0,4,8,2489,126,24,0,72,0,1,1,0,0,4,9,,,,,
,,,,,,MG,COMENDADOR GOMES,1512,664,0,60,2,260,34,0,2,17,349,27,29,0,54,1,0,2,0,0,1,10,,,,,
,,,,,,MG,COMERCINHO,2413,649,0,38,0,231,19,0,1,21,1388,34,22,0,8,0,0,0,0,0,0,2,,,,,
,,,,,,MG,CONCEICAO DA APARECIDA,8065,3935,0,264,19,1096,196,0,22,28,2029,207,46,0,107,24,0,18,0,1,2,71,,,,,
,,,,,,MG,CONCEICAO DA BARRA DE MINAS,2487,1186,0,85,10,201,66,0,3,31,779,41,18,0,32,6,0,11,0,1,5,12,,,,,
,,,,,,MG,CONCEICAO DAS ALAGOAS,16412,8135,0,564,344,1420,391,0,127,74,2540,1386,166,0,653,453,6,15,0,8,6,124,,,,,
,,,,,,MG,CONCEICAO DAS PEDRAS,1824,891,0,44,0,303,20,0,4,10,522,1,10,0,9,0,0,5,0,0,1,4,,,,,
,,,,,,MG,CONCEICAO DE IPANEMA,2537,850,0,59,1,188,20,0,10,16,1312,43,11,0,18,0,0,5,0,0,0,4,,,,,
,,,,,,MG,CONCEICAO DO MATO DENTRO,11377,5166,0,343,19,1235,315,0,26,107,3367,296,140,0,167,23,0,4,0,5,16,148,,,,,
,,,,,,MG,CONCEICAO DO PARA,3559,1678,0,127,32,337,59,0,2,22,1019,87,23,0,102,44,1,3,0,0,2,21,,,,,
,,,,,,MG,CONCEICAO DO RIO VERDE,6776,3881,0,259,17,682,260,0,23,98,1260,45,52,0,122,24,0,6,0,1,6,40,,,,,
,,,,,,MG,CONCEICAO DOS OUROS,6313,3571,0,294,26,792,163,0,29,32,1134,81,26,0,67,37,0,3,0,1,4,53,,,,,
,,,,,,MG,CONEGO MARINHO,1988,546,0,36,2,171,53,0,0,14,1048,53,31,0,30,3,0,0,0,0,0,1,,,,,
,,,,,,MG,CONFINS,6638,3534,0,352,156,600,155,0,40,46,1083,148,93,0,122,197,0,9,0,3,3,97,,,,,
,,,,,,MG,CONGONHAL,8476,4160,0,385,53,1018,220,0,43,22,2089,136,24,0,174,67,1,16,0,1,2,65,,,,,
,,,,,,MG,CONGONHAS,35414,20373,0,1282,767,2818,1193,0,313,236,5384,824,338,0,646,788,1,55,0,19,34,343,,,,,
,,,,,,MG,CONGONHAS DO NORTE,2044,778,0,81,3,244,76,0,4,8,758,25,16,0,31,5,0,1,0,0,5,9,,,,,
,,,,,,MG,CONQUISTA,3883,2402,0,154,55,393,115,0,21,29,387,46,41,0,124,75,0,8,0,0,0,33,,,,,
,,,,,,MG,CONSELHEIRO LAFAIETE,91843,51554,0,1981,725,6484,3364,0,191,407,21340,1689,683,0,1487,722,2,187,0,11,40,976,,,,,
,,,,,,MG,CONSELHEIRO PENA,11546,4364,0,305,10,1016,179,0,32,18,4523,671,77,0,205,13,3,17,0,4,30,79,,,,,
,,,,,,MG,CONSOLACAO,797,409,0,14,1,110,13,0,0,6,219,5,9,0,9,0,0,0,0,0,0,2,,,,,
,,,,,,MG,CONTAGEM,397144,223922,0,15666,5006,35006,15882,0,579,1691,69445,5508,3645,0,7406,7540,6,1015,1,275,113,4438,,,,,
,,,,,,MG,COQUEIRAL,5914,3221,0,163,11,703,127,0,3,30,1368,101,32,0,97,15,5,3,0,0,0,35,,,,,
,,,,,,MG,CORACAO DE JESUS,9918,3826,0,306,18,1093,162,0,11,19,3660,419,137,0,205,22,0,9,0,0,4,27,,,,,
,,,,,,MG,CORDISBURGO,3952,2064,0,139,8,515,65,0,62,22,875,77,30,0,57,15,0,12,0,0,2,9,,,,,
,,,,,,MG,CORDISLANDIA,1648,980,0,60,2,173,63,0,1,25,286,7,12,0,30,1,0,0,0,0,0,8,,,,,
,,,,,,MG,CORINTO,14079,6721,0,443,45,1400,240,0,114,63,3643,748,141,0,358,76,0,23,0,1,8,55,,,,,
,,,,,,MG,COROACI,4092,1392,0,132,4,385,60,0,7,24,1850,153,19,0,38,4,0,2,0,0,0,22,,,,,
,,,,,,MG,COROMANDEL,23084,11924,0,971,431,3290,489,0,69,158,3298,658,146,0,715,673,1,57,0,2,19,183,,,,,
,,,,,,MG,CORONEL FABRICIANO,60764,32709,0,1361,307,3991,1592,0,634,232,16164,744,738,0,1202,291,3,112,0,11,48,625,,,,,
,,,,,,MG,CORONEL MURTA,3210,924,0,50,5,262,36,0,4,10,1751,96,23,0,30,9,0,0,0,0,0,10,,,,,
,,,,,,MG,CORONEL PACHECO,949,596,0,27,2,104,21,0,3,15,131,7,11,0,21,1,0,2,0,0,1,7,,,,,
,,,,,,MG,CORONEL XAVIER CHAVES,1750,898,0,99,6,153,31,0,1,11,445,16,6,0,41,16,0,5,0,2,3,17,,,,,
,,,,,,MG,CORREGO DANTA,1712,955,0,63,20,308,38,0,2,4,193,9,23,0,57,29,0,6,0,0,0,5,,,,,
,,,,,,MG,CORREGO DO BOM JESUS,2707,1322,0,65,6,278,67,0,3,13,798,60,19,0,48,1,1,8,0,0,0,18,,,,,
,,,,,,MG,CORREGO FUNDO,4918,2295,0,482,97,480,70,0,4,31,976,100,50,0,172,132,0,6,0,3,4,16,,,,,
,,,,,,MG,CORREGO NOVO,1397,574,0,31,4,84,18,0,10,10,604,20,12,0,24,2,0,2,0,0,0,2,,,,,
,,,,,,MG,COUTO DE MAGALHAES DE MINAS,2129,1111,0,71,9,274,38,0,1,6,512,20,15,0,51,11,0,2,0,0,0,8,,,,,
,,,,,,MG,CRISOLITA,1280,489,0,16,0,123,23,0,7,19,539,37,12,0,14,0,0,1,0,0,0,0,,,,,
,,,,,,MG,CRISTAIS,9185,5154,0,259,45,1034,136,0,15,55,2005,204,26,0,115,75,0,10,0,0,2,50,,,,,
,,,,,,MG,CRISTALIA,2515,721,0,45,1,243,30,0,0,13,1328,50,33,0,35,4,0,0,0,0,10,2,,,,,
,,,,,,MG,CRISTIANO OTONI,3759,1892,0,189,74,342,102,0,8,35,815,22,99,0,90,70,0,6,0,0,1,14,,,,,
,,,,,,MG,CRISTINA,5065,2573,0,124,9,598,109,0,23,34,1377,61,27,0,71,8,1,9,0,0,0,41,,,,,
,,,,,,MG,CRUCILANDIA,4118,1804,0,209,7,429,76,0,6,18,1375,88,21,0,40,6,0,2,0,1,5,31,,,,,
,,,,,,MG,CRUZEIRO DA FORTALEZA,2575,1180,0,137,27,412,29,0,4,18,559,43,19,0,85,40,0,1,0,0,2,19,,,,,
,,,,,,MG,CRUZILIA,11030,5930,0,452,27,1205,264,0,25,61,2417,237,66,0,211,40,2,10,0,0,1,82,,,,,
,,,,,,MG,CUPARAQUE,2241,621,0,88,1,159,20,0,6,10,1040,241,6,0,37,0,0,0,0,4,1,7,,,,,
,,,,,,MG,CURRAL DE DENTRO,3231,1178,0,98,28,298,41,0,3,11,1256,211,32,0,52,14,0,0,0,0,0,9,,,,,
,,,,,,MG,CURVELO,59871,24703,0,1644,1323,5427,1178,0,826,133,15624,4248,1283,0,1422,1479,2,119,0,3,50,407,,,,,
,,,,,,MG,DATAS,2594,1358,0,75,11,414,57,0,1,15,556,10,30,0,44,10,0,2,0,0,1,10,,,,,
,,,,,,MG,DELFIM MOREIRA,3567,1596,0,117,22,425,168,0,7,21,1067,12,33,0,33,21,0,7,0,0,5,33,,,,,
,,,,,,MG,DELFINOPOLIS,4458,2384,0,168,15,609,136,0,20,36,734,45,49,0,117,24,1,9,0,1,4,106,,,,,
,,,,,,MG,DELTA,8153,3757,0,604,363,599,212,0,48,56,903,117,310,0,495,653,2,1,1,2,3,27,,,,,
,,,,,,MG,DESCOBERTO,2609,1372,0,44,0,223,46,0,3,14,794,49,6,0,30,2,0,9,0,0,3,14,,,,,
,,,,,,MG,DESTERRO DE ENTRE RIOS,5753,2599,0,173,53,511,71,0,5,37,2096,39,31,0,62,55,0,2,0,1,4,14,,,,,
,,,,,,MG,DESTERRO DO MELO,3690,1574,0,210,72,361,91,0,5,30,1169,16,30,0,58,43,0,2,0,0,1,28,,,,,
,,,,,,MG,DIAMANTINA,29345,14902,0,574,63,3323,1105,0,10,122,7880,94,286,0,394,81,0,34,0,1,32,444,,,,,
,,,,,,MG,DIOGO DE VASCONCELOS,1775,690,0,28,0,138,17,0,0,13,828,15,15,0,22,0,0,0,0,0,7,2,,,,,
,,,,,,MG,DIONISIO,3191,1626,0,59,9,330,64,0,20,11,934,21,27,0,54,10,0,9,0,0,7,10,,,,,
,,,,,,MG,DIVINESIA,1853,742,0,110,1,201,31,0,52,7,601,22,20,0,53,3,0,1,0,0,0,9,,,,,
,,,,,,MG,DIVINO,14882,6579,0,390,48,1608,199,0,48,30,5269,226,102,0,223,56,0,34,1,0,17,52,,,,,
,,,,,,MG,DIVINO DAS LARANJEIRAS,1706,716,0,59,6,134,36,0,4,5,611,47,12,0,60,7,0,2,0,0,1,6,,,,,
,,,,,,MG,DIVINOLANDIA DE MINAS,4835,1939,0,145,21,532,72,0,8,8,1796,159,31,0,69,26,0,0,0,1,2,26,,,,,
,,,,,,MG,DIVINOPOLIS,175444,92644,0,3717,1062,15578,5979,0,583,312,37354,7139,799,1,6084,1198,42,602,0,8,76,2266,,,,,
,,,,,,MG,DIVISA ALEGRE,1745,804,0,65,21,157,16,0,10,16,535,46,10,0,46,15,1,0,0,0,0,3,,,,,
,,,,,,MG,DIVISA NOVA,3878,2227,0,131,21,384,98,0,11,65,692,67,60,0,69,25,1,4,0,0,5,18,,,,,
,,,,,,MG,DIVISOPOLIS,1788,684,0,67,1,185,23,0,9,23,706,58,13,0,15,1,0,0,0,1,1,1,,,,,
,,,,,,MG,DOM BOSCO,1727,603,0,42,13,161,31,0,11,17,673,51,15,0,71,32,2,1,0,0,1,3,,,,,
,,,,,,MG,DOM CAVATI,3729,1741,0,163,13,359,95,0,21,7,1075,130,21,0,63,8,1,6,0,0,2,24,,,,,
,,,,,,MG,DOM JOAQUIM,1927,851,0,35,0,229,40,0,1,13,695,8,12,0,26,2,0,1,0,2,3,9,,,,,
,,,,,,MG,DOM SILVERIO,3160,1417,0,84,2,334,46,0,8,25,1150,34,13,0,28,1,0,2,0,0,3,13,,,,,
,,,,,,MG,DOM VICOSO,1721,756,0,45,0,219,53,0,12,13,559,24,12,0,14,0,0,4,0,0,1,9,,,,,
,,,,,,MG,DONA EUZEBIA,4726,1773,0,397,26,703,152,0,14,9,1365,150,12,0,60,30,5,1,0,0,6,23,,,,,
,,,,,,MG,DORES DE CAMPOS,7522,4062,0,172,15,642,213,0,19,37,1930,185,73,0,91,16,0,11,0,0,2,54,,,,,
,,,,,,MG,DORES DE GUANHAES,2265,813,0,56,25,194,26,0,1,18,1007,14,30,0,30,41,0,0,0,1,1,8,,,,,
,,,,,,MG,DORES DO INDAIA,9294,5547,0,258,32,1258,214,0,20,63,1217,265,37,0,222,52,0,18,0,0,8,83,,,,,
,,,,,,MG,DORES DO TURVO,4210,1592,0,110,5,357,45,0,77,11,1793,81,54,0,60,5,0,3,0,0,3,14,,,,,
,,,,,,MG,DORESOPOLIS,775,383,0,29,0,129,19,0,1,6,168,10,5,0,19,0,0,5,0,0,0,1,,,,,
,,,,,,MG,DOURADOQUARA,1071,528,0,37,1,134,16,0,1,13,251,30,4,0,51,2,0,0,0,0,0,3,,,,,
,,,,,,MG,DURANDE,5107,1815,0,140,5,564,73,0,43,14,2288,71,39,0,30,7,0,2,0,0,0,16,,,,,
,,,,,,MG,ELOI MENDES,16984,9219,0,680,241,1969,481,0,11,128,3392,179,67,0,181,296,0,11,0,0,10,119,,,,,
,,,,,,MG,ENGENHEIRO CALDAS,5066,2272,0,218,18,494,112,0,18,22,1487,229,25,0,117,13,1,5,0,1,6,28,,,,,
,,,,,,MG,ENGENHEIRO NAVARRO,2645,1231,0,108,16,271,45,0,8,13,734,64,38,0,65,36,0,2,0,1,4,9,,,,,
,,,,,,MG,ENTRE FOLHAS,3459,1207,0,108,3,314,47,0,3,16,1619,63,20,0,41,4,0,0,0,1,0,13,,,,,
,,,,,,MG,ENTRE RIOS DE MINAS,11634,5854,0,363,122,1182,250,0,12,42,3130,138,81,0,219,125,0,20,0,10,9,77,,,,,
,,,,,,MG,ERVALIA,15662,6399,0,516,39,1643,213,0,110,28,6006,348,107,0,105,34,1,12,0,1,15,85,,,,,
,,,,,,MG,ESMERALDAS,29293,17197,0,893,141,2557,838,0,70,119,5952,234,413,0,533,141,0,14,0,11,15,165,,,,,
,,,,,,MG,ESPERA FELIZ,16343,7065,0,479,42,1402,258,0,115,53,5997,370,66,0,346,40,0,25,0,0,12,73,,,,,
,,,,,,MG,ESPINOSA,21283,5557,0,357,14,1414,157,0,29,50,11728,1358,136,0,403,20,0,4,0,0,5,51,,,,,
,,,,,,MG,ESPIRITO SANTO DO DOURADO,4331,2049,0,165,13,659,87,0,16,18,1141,59,18,0,70,15,0,2,0,0,1,18,,,,,
,,,,,,MG,ESTIVA,8768,3984,0,394,71,1390,324,0,15,28,1926,265,34,0,141,102,1,8,0,0,1,84,,,,,
,,,,,,MG,ESTRELA DALVA,902,500,0,38,2,76,22,0,14,10,194,12,3,0,23,7,0,0,0,0,0,1,,,,,
,,,,,,MG,ESTRELA DO INDAIA,1789,1031,0,54,7,268,28,0,1,11,299,15,6,0,33,13,0,10,0,0,3,10,,,,,
,,,,,,MG,ESTRELA DO SUL,3310,1820,0,105,32,359,58,0,12,31,558,132,21,0,129,38,0,2,0,0,1,12,,,,,
,,,,,,MG,EUGENOPOLIS,6026,2736,0,157,4,424,101,0,103,41,2143,78,41,0,158,3,0,6,0,0,1,30,,,,,
,,,,,,MG,EWBANK DA CAMARA,1279,753,0,59,14,107,44,0,1,8,212,15,6,0,32,15,0,6,0,0,0,7,,,,,
,,,,,,MG,EXTREMA,32543,17947,0,712,355,2842,1066,0,32,290,6660,979,434,0,414,337,1,31,0,6,6,431,,,,,
,,,,,,MG,FAMA,816,455,0,23,2,103,31,0,2,6,118,12,4,0,43,4,0,1,0,0,0,12,,,,,
,,,,,,MG,FARIA LEMOS,1327,601,0,26,0,121,40,0,4,11,458,26,5,0,25,0,0,5,0,0,0,5,,,,,
,,,,,,MG,FELICIO DOS SANTOS,3196,1317,0,87,2,340,48,0,12,33,1202,40,49,0,47,5,0,2,0,0,3,9,,,,,
,,,,,,MG,FELISBURGO,2781,1119,0,31,0,198,21,0,8,12,1289,41,15,0,33,0,0,0,0,0,3,11,,,,,
,,,,,,MG,FELIXLANDIA,8361,4214,0,343,108,780,144,0,101,32,1635,256,70,0,470,169,0,11,0,0,4,24,,,,,
,,,,,,MG,FERNANDES TOURINHO,1412,550,0,30,0,145,22,0,1,8,568,39,13,0,27,0,0,1,0,0,1,7,,,,,
,,,,,,MG,FERROS,5400,2013,0,162,20,502,68,0,22,31,2406,22,57,0,52,15,4,1,0,2,7,16,,,,,
,,,,,,MG,FERVEDOURO,7325,3357,0,345,24,792,103,0,35,20,2449,46,30,0,78,18,0,3,0,1,5,19,,,,,
,,,,,,MG,FLORESTAL,6389,3254,0,296,55,673,195,0,23,16,1352,163,48,0,148,77,1,11,0,0,2,75,,,,,
,,,,,,MG,FORMIGA,59460,26544,0,2266,704,5742,1622,0,103,237,16657,2286,207,0,1435,859,0,161,0,11,28,598,,,,,
,,,,,,MG,FORMOSO,2093,849,0,105,18,304,24,0,5,16,559,46,52,0,77,27,1,1,0,0,1,8,,,,,
,,,,,,MG,FORTALEZA DE MINAS,2193,1222,0,92,7,216,35,0,5,24,467,29,21,0,51,6,0,3,0,0,0,15,,,,,
,,,,,,MG,FORTUNA DE MINAS,1611,789,0,66,18,206,44,0,21,11,346,20,15,0,33,23,0,3,0,0,0,16,,,,,
,,,,,,MG,FRANCISCO BADARO,3299,707,0,61,0,260,31,0,0,12,2069,87,34,0,30,0,0,1,0,1,0,6,,,,,
,,,,,,MG,FRANCISCO DUMONT,2243,820,0,148,26,280,34,0,1,10,700,50,77,0,44,47,0,0,0,1,0,5,,,,,
,,,,,,MG,FRANCISCO SA,10232,3893,0,320,129,960,198,0,48,43,3670,287,178,0,270,181,0,3,0,0,5,47,,,,,
,,,,,,MG,FRANCISCOPOLIS,1566,474,0,26,0,160,20,0,3,13,805,13,24,0,16,0,0,0,0,1,6,5,,,,,
,,,,,,MG,FREI GASPAR,1726,575,0,43,0,126,27,0,11,14,852,24,24,0,24,1,0,1,0,0,1,3,,,,,
,,,,,,MG,FREI INOCENCIO,4174,1785,0,118,22,375,66,0,17,10,1470,109,37,0,107,26,0,4,0,0,3,25,,,,,
,,,,,,MG,FREI LAGONEGRO,1393,486,0,11,0,111,12,0,0,7,691,39,17,0,17,0,0,0,0,0,0,2,,,,,
,,,,,,MG,FRONTEIRA,8994,4202,0,283,58,776,242,0,68,46,1916,524,123,0,612,70,5,18,0,0,3,48,,,,,
,,,,,,MG,FRONTEIRA DOS VALES,1215,466,0,15,0,107,22,0,3,8,563,18,6,0,4,0,0,0,0,0,0,3,,,,,
,,,,,,MG,FRUTA DE LEITE,1476,498,0,36,1,129,20,0,1,8,708,14,41,0,14,0,0,1,0,1,0,4,,,,,
,,,,,,MG,FRUTAL,55162,24055,0,1899,594,6077,1385,0,405,202,10796,5310,310,0,2630,966,32,64,0,1,14,422,,,,,
,,,,,,MG,FUNILANDIA,2032,1028,0,77,6,217,57,0,24,12,468,28,49,0,53,3,0,2,0,0,2,6,,,,,
,,,,,,MG,GALILEIA,2638,1262,0,95,5,248,74,0,13,15,750,30,16,0,105,8,0,2,0,0,0,15,,,,,
,,,,,,MG,GAMELEIRAS,1809,519,0,34,2,173,12,0,3,8,953,71,24,0,6,2,0,0,0,0,0,2,,,,,
,,,,,,MG,GLAUCILANDIA,1236,440,0,21,2,101,15,0,1,6,569,50,14,0,9,0,0,0,0,0,1,7,,,,,
,,,,,,MG,GOIABEIRA,1814,552,0,47,1,99,9,0,4,8,881,172,6,0,31,1,0,0,0,1,1,1,,,,,
,,,,,,MG,GOIANA,2173,1307,0,50,2,157,82,0,20,17,431,20,8,0,55,7,0,1,0,0,3,13,,,,,
,,,,,,MG,GONCALVES,3208,1470,0,107,4,419,94,0,1,17,870,15,17,0,74,4,0,8,0,0,0,108,,,,,
,,,,,,MG,GONZAGA,3938,1475,0,53,8,408,39,0,5,8,1642,204,23,0,47,11,0,0,0,1,5,9,,,,,
,,,,,,MG,GOUVEIA,6637,3507,0,182,10,802,149,0,50,21,1601,72,50,0,129,16,0,6,0,3,4,35,,,,,
,,,,,,MG,GOVERNADOR VALADARES,175901,73707,0,3633,1044,13341,4729,0,1656,429,56096,12534,394,1,4035,1250,85,197,0,9,132,2629,,,,,
,,,,,,MG,GRAO MOGOL,4853,1847,0,179,17,540,93,0,1,51,1802,63,103,0,118,17,0,0,0,0,6,16,,,,,
,,,,,,MG,GRUPIARA,723,347,0,18,1,81,13,0,0,8,197,18,8,0,26,3,0,0,0,1,0,2,,,,,
,,,,,,MG,GUANHAES,24866,10480,0,735,93,2758,460,0,74,84,8661,527,177,0,484,116,2,46,0,0,13,156,,,,,
,,,,,,MG,GUAPE,10306,5243,0,355,19,1149,195,0,22,32,2645,196,88,0,175,41,1,21,0,0,2,122,,,,,
,,,,,,MG,GUARACIABA,5295,1890,0,106,5,434,76,0,16,30,2485,71,64,0,63,9,0,4,0,0,5,37,,,,,
,,,,,,MG,GUARACIAMA,3073,1107,0,222,66,302,60,0,6,18,938,38,133,0,27,129,0,1,0,0,1,25,,,,,
,,,,,,MG,GUARANESIA,14239,7894,0,480,69,1240,360,0,52,92,3077,430,168,0,149,131,2,20,0,0,8,67,,,,,
,,,,,,MG,GUARANI,3608,1908,0,112,3,377,73,0,113,27,822,40,24,0,70,2,0,13,0,1,1,22,,,,,
,,,,,,MG,GUARARA,2105,1243,0,58,0,189,49,0,34,18,404,35,7,0,48,5,0,1,0,1,1,12,,,,,
,,,,,,MG,GUARDA-MOR,4411,2046,0,196,117,747,77,0,14,23,548,93,49,0,241,214,0,6,0,0,1,39,,,,,
,,,,,,MG,GUAXUPE,40362,22903,0,1012,321,4078,1165,0,97,110,7887,1221,158,0,560,345,2,80,0,2,18,403,,,,,
,,,,,,MG,GUIDOVAL,4763,1688,0,192,17,375,45,0,82,8,2001,246,21,0,53,22,1,2,0,1,2,7,,,,,
,,,,,,MG,GUIMARANIA,5708,2847,0,242,28,690,101,0,23,25,1214,194,63,0,207,41,0,10,0,0,1,22,,,,,
,,,,,,MG,GUIRICEMA,6516,2267,0,334,26,489,92,0,47,23,2739,216,31,0,183,25,1,10,0,0,3,30,,,,,
,,,,,,MG,GURINHATA,2644,1173,0,120,11,426,47,0,7,29,555,103,41,0,101,18,0,5,0,1,1,6,,,,,
,,,,,,MG,HELIODORA,3293,1751,0,114,6,379,90,0,8,20,772,21,27,0,75,5,0,0,0,0,0,25,,,,,
,,,,,,MG,IAPU,5954,2567,0,245,36,588,146,0,2,30,1887,195,52,0,100,55,0,4,0,1,3,43,,,,,
,,,,,,MG,IBERTIOGA,2474,1346,0,81,3,229,71,0,6,38,593,10,13,0,62,8,0,2,0,0,0,12,,,,,
,,,,,,MG,IBIA,15519,7926,0,643,217,1855,397,0,368,81,2114,592,139,0,598,373,0,54,0,5,18,139,,,,,
,,,,,,MG,IBIAI,2556,874,0,72,9,318,43,0,2,23,1030,47,16,0,99,11,0,2,0,0,3,7,,,,,
,,,,,,MG,IBIRACATU,1532,509,0,18,1,101,21,0,0,6,812,23,23,0,15,0,0,1,0,0,1,1,,,,,
,,,,,,MG,IBIRACI,7511,4054,0,497,73,1161,263,0,31,56,896,55,62,0,176,45,3,22,0,3,2,112,,,,,
,,,,,,MG,IBIRITE,87454,50193,0,1778,1038,6109,2556,0,166,328,21580,1141,454,0,1093,454,0,71,0,27,30,436,,,,,
,,,,,,MG,IBITIURA DE MINAS,2514,1163,0,121,3,471,48,0,8,9,597,43,6,0,29,3,0,1,0,0,0,12,,,,,
,,,,,,MG,IBITURUNA,1132,663,0,45,1,154,43,0,2,12,186,3,5,0,12,2,0,1,0,0,1,2,,,,,
,,,,,,MG,ICARAI DE MINAS,2780,849,0,60,3,213,47,0,2,13,1401,67,67,0,49,0,0,1,0,1,1,6,,,,,
,,,,,,MG,IGARAPE,32034,18068,0,1268,631,3101,970,0,237,86,5204,400,231,0,755,712,1,26,0,10,12,322,,,,,
,,,,,,MG,IGARATINGA,8185,3191,0,786,98,842,97,0,36,29,2374,341,30,0,196,82,1,18,0,10,3,51,,,,,
,,,,,,MG,IGUATAMA,4547,2713,0,160,53,513,98,0,2,32,646,102,22,0,105,68,0,14,0,0,4,15,,,,,
,,,,,,MG,IJACI,4564,2076,0,204,395,346,122,0,0,17,693,57,30,0,156,431,0,7,0,0,3,27,,,,,
,,,,,,MG,ILICINEA,10092,5042,0,447,21,1135,198,0,5,54,2702,103,91,0,184,17,1,8,0,1,1,82,,,,,
,,,,,,MG,IMBE DE MINAS,4126,1340,0,96,0,520,56,0,7,13,1917,100,23,0,42,0,0,1,0,0,2,9,,,,,
,,,,,,MG,INCONFIDENTES,4989,2556,0,124,8,639,154,0,14,31,1202,66,48,0,89,10,0,6,0,0,3,39,,,,,
,,,,,,MG,INDAIABIRA,2818,771,0,194,30,253,24,0,2,33,1231,83,68,0,63,55,0,1,0,0,0,10,,,,,
,,,,,,MG,INDIANOPOLIS,3738,1669,0,198,53,445,82,0,12,57,769,109,32,0,182,107,0,2,0,1,1,19,,,,,
,,,,,,MG,INGAI,1165,577,0,44,8,177,27,0,1,28,253,4,25,0,12,6,0,1,0,0,0,2,,,,,
,,,,,,MG,INHAPIM,15639,6098,0,526,60,1699,378,0,39,47,5975,295,106,0,246,61,1,16,0,1,8,83,,,,,
,,,,,,MG,INHAUMA,3101,1605,0,185,29,353,87,0,31,10,559,49,35,0,99,31,0,5,0,0,0,23,,,,,
,,,,,,MG,INIMUTABA,3367,1410,0,70,7,312,51,0,34,8,1217,164,16,0,45,9,2,7,0,0,3,12,,,,,
,,,,,,MG,IPABA,7345,4311,0,197,14,570,214,0,60,23,1564,76,39,0,220,6,0,4,0,1,2,44,,,,,
,,,,,,MG,IPANEMA,13778,5348,0,348,38,997,188,0,252,42,5321,740,62,0,271,59,1,16,0,2,4,89,,,,,
,,,,,,MG,IPATINGA,176006,95299,0,3341,1002,12617,5884,0,1048,707,43820,2873,939,0,3824,1188,8,627,0,54,56,2719,,,,,
,,,,,,MG,IPIACU,2567,964,0,97,22,226,36,0,7,11,689,289,30,0,138,43,1,5,0,0,1,8,,,,,
,,,,,,MG,IPUIUNA,8444,4672,0,563,54,1197,205,0,11,61,1171,118,67,0,176,56,0,14,0,0,3,76,,,,,
,,,,,,MG,IRAI DE MINAS,5847,2795,0,322,133,797,101,0,9,39,909,180,58,0,228,209,0,4,0,1,4,58,,,,,
,,,,,,MG,ITABIRA,77738,42393,0,2060,241,6940,2062,0,237,378,18285,2153,667,1,1028,261,8,129,0,1,70,824,,,,,
,,,,,,MG,ITABIRINHA,8171,2571,0,237,4,543,75,0,4,13,3844,606,48,0,182,4,0,4,0,0,4,32,,,,,
,,,,,,MG,ITABIRITO,43200,22860,0,1722,510,3812,1430,0,192,281,8276,1529,629,0,778,533,1,58,0,11,25,553,,,,,
,,,,,,MG,ITACAMBIRA,594,195,0,27,1,114,12,0,1,8,209,7,11,0,4,0,0,0,0,0,0,5,,,,,
,,,,,,MG,ITACARAMBI,8111,2263,0,162,1,654,139,0,20,27,3925,630,79,0,172,2,0,3,0,0,7,27,,,,,
,,,,,,MG,ITAGUARA,12470,5139,0,573,478,1401,238,0,13,33,3380,246,103,0,216,534,2,28,0,4,3,79,,,,,
,,,,,,MG,ITAIPE,5624,1863,0,148,24,598,101,0,25,41,2428,242,46,0,53,19,1,4,0,0,6,25,,,,,
,,,,,,MG,ITAJUBA,57823,31504,0,1021,257,4677,2551,0,554,128,13380,1407,133,0,941,197,3,132,0,4,17,917,,,,,
,,,,,,MG,ITAMARANDIBA,26205,9835,0,1094,386,3172,378,0,109,133,9377,414,280,0,320,494,6,22,0,2,49,134,,,,,
,,,,,,MG,ITAMARATI DE MINAS,1865,899,0,98,6,157,31,0,23,13,517,40,13,0,43,10,0,3,0,0,0,12,,,,,
,,,,,,MG,ITAMBACURI,8994,3361,0,235,21,949,169,0,148,41,3505,216,71,0,173,38,1,14,0,0,8,44,,,,,
,,,,,,MG,ITAMBE DO MATO DENTRO,877,368,0,18,0,98,14,0,0,8,346,10,7,0,5,0,0,1,0,0,0,2,,,,,
,,,,,,MG,ITAMOGI,8805,4536,0,446,77,1099,270,0,23,38,1563,360,55,0,157,95,0,29,0,3,3,51,,,,,
,,,,,,MG,ITAMONTE,11197,5591,0,343,109,1147,410,0,14,37,2739,283,45,0,202,119,0,15,0,2,7,134,,,,,
,,,,,,MG,ITANHANDU,11097,5884,0,503,211,949,415,0,47,48,2091,167,42,0,358,234,4,9,0,1,7,127,,,,,
,,,,,,MG,ITANHOMI,7411,2467,0,202,9,709,116,0,4,19,3237,417,33,0,110,21,12,1,0,0,3,51,,,,,
,,,,,,MG,ITAOBIM,8832,3591,0,306,64,917,218,0,26,47,2804,397,54,0,255,83,4,7,0,0,11,48,,,,,
,,,,,,MG,ITAPAGIPE,9611,4256,0,335,50,1242,208,0,89,52,2011,517,44,0,606,143,3,12,0,0,2,41,,,,,
,,,,,,MG,ITAPECERICA,12535,6341,0,459,35,1273,276,0,59,65,3245,289,75,0,281,38,1,31,0,2,2,63,,,,,
,,,,,,MG,ITAPEVA,8312,4334,0,310,325,871,224,0,7,65,1522,134,36,0,145,247,0,14,0,1,0,77,,,,,
,,,,,,MG,ITATIAIUCU,9060,4898,0,377,360,928,230,0,43,22,1312,108,58,0,279,371,1,15,0,4,3,51,,,,,
,,,,,,MG,ITAU DE MINAS,11223,6294,0,300,462,993,293,0,48,53,1563,363,55,0,260,411,2,18,0,3,3,102,,,,,
,,,,,,MG,ITAUNA,75069,38031,0,1796,1105,8638,2503,0,547,273,15795,1709,515,1,1719,1336,23,124,0,11,44,899,,,,,
,,,,,,MG,ITAVERAVA,2655,1000,0,95,22,249,34,0,2,17,1084,46,32,0,39,23,0,1,0,1,2,8,,,,,
,,,,,,MG,ITINGA,4380,1423,0,87,19,421,73,0,2,38,2046,127,58,0,43,19,0,1,0,1,6,16,,,,,
,,,,,,MG,ITUETA,3099,936,0,119,15,309,34,0,2,12,1343,217,34,0,39,22,0,6,0,0,1,10,,,,,
,,,,,,MG,ITUIUTABA,81064,32515,0,1574,593,7210,1559,0,607,319,19193,12614,429,0,3025,806,5,108,0,7,49,451,,,,,
,,,,,,MG,ITUMIRIM,3262,1776,0,105,10,302,75,0,5,35,806,34,11,0,68,6,0,7,0,0,1,21,,,,,
,,,,,,MG,ITURAMA,33910,14434,0,988,541,3341,842,0,283,109,6381,2683,392,0,2705,936,4,51,0,4,9,207,,,,,
,,,,,,MG,ITUTINGA,2698,1506,0,100,29,276,65,0,0,37,417,38,14,0,133,56,0,5,0,0,0,22,,,,,
,,,,,,MG,JABOTICATUBAS,10850,5159,0,377,16,1472,269,0,21,35,2962,150,87,0,182,13,0,8,0,4,3,92,,,,,
,,,,,,MG,JACINTO,3519,1359,0,46,0,376,63,0,7,16,1421,94,59,0,54,0,0,4,0,0,5,15,,,,,
,,,,,,MG,JACUI,7363,3202,0,260,17,912,125,0,3,29,2494,117,59,0,73,10,0,7,0,0,0,55,,,,,
,,,,,,MG,JACUTINGA,19784,11088,0,613,93,2017,749,0,54,97,3989,321,106,0,269,88,16,20,0,4,18,242,,,,,
,,,,,,MG,JAGUARACU,1541,776,0,85,15,151,39,0,3,4,395,8,8,0,32,13,0,3,0,0,0,9,,,,,
,,,,,,MG,JAIBA,21887,6633,0,597,52,1749,245,0,148,42,9685,1563,329,0,603,149,0,4,1,0,15,72,,,,,
,,,,,,MG,JAMPRUCA,1213,402,0,28,0,89,13,0,1,9,595,14,28,0,24,0,3,0,0,0,0,7,,,,,
,,,,,,MG,JANAUBA,47075,13918,0,1006,160,3674,930,0,616,70,18342,6225,262,0,1328,225,1,27,0,1,36,254,,,,,
,,,,,,MG,JANUARIA,31527,9141,0,598,34,2408,782,0,44,53,14689,2403,215,0,919,40,2,11,0,1,25,162,,,,,
,,,,,,MG,JAPARAIBA,3467,1570,0,208,26,395,61,0,2,34,861,112,46,0,99,30,0,2,0,0,1,20,,,,,
,,,,,,MG,JAPONVAR,3771,1414,0,117,15,424,43,0,4,16,1476,127,27,0,85,21,0,0,0,0,0,2,,,,,
,,,,,,MG,JECEABA,4049,2060,0,134,20,363,97,0,38,23,1129,60,25,0,45,17,0,3,0,1,4,30,,,,,
,,,,,,MG,JENIPAPO DE MINAS,3042,696,0,33,0,226,39,0,2,19,1847,94,41,0,40,0,0,1,0,0,0,4,,,,,
,,,,,,MG,JEQUERI,6805,2825,0,216,17,809,79,0,35,16,2557,37,66,0,73,26,0,8,0,1,17,23,,,,,
,,,,,,MG,JEQUITAI,3208,1155,0,67,5,323,36,0,6,11,1287,165,43,0,89,8,0,1,0,0,5,7,,,,,
,,,,,,MG,JEQUITIBA,2916,1459,0,123,2,353,58,0,35,20,700,16,43,0,72,11,0,3,0,0,2,19,,,,,
,,,,,,MG,JEQUITINHONHA,7771,2795,0,149,3,667,127,0,48,70,3301,384,64,0,118,3,1,0,0,0,4,37,,,,,
,,,,,,MG,JESUANIA,2998,1475,0,99,3,324,85,0,7,27,832,46,16,0,54,5,0,8,0,0,0,17,,,,,
,,,,,,MG,JOAIMA,4534,1714,0,93,4,428,68,0,10,27,1889,161,55,0,61,3,2,2,0,0,8,9,,,,,
,,,,,,MG,JOANESIA,2121,743,0,31,0,190,24,0,21,14,1022,8,22,0,36,0,1,2,0,0,0,7,,,,,
,,,,,,MG,JOAO MONLEVADE,58380,33101,0,1785,609,8005,2022,0,308,149,9060,594,251,0,901,717,12,99,0,8,58,701,,,,,
,,,,,,MG,JOAO PINHEIRO,34020,15427,0,1503,711,4051,511,0,158,120,6213,1996,466,0,1338,1203,43,44,0,4,29,203,,,,,
,,,,,,MG,JOAQUIM FELICIO,1474,720,0,67,5,204,27,0,2,8,329,32,33,0,37,4,0,2,0,0,1,3,,,,,
,,,,,,MG,JORDANIA,2405,655,0,44,1,197,53,0,1,32,1330,39,19,0,27,0,0,1,0,0,2,4,,,,,
,,,,,,MG,JOSE GONCALVES DE MINAS,2489,734,0,51,0,290,31,0,0,24,1258,32,20,0,44,0,0,0,0,0,3,2,,,,,
,,,,,,MG,JOSE RAYDAN,2437,934,0,65,7,204,13,0,8,5,1084,26,21,0,55,7,0,0,0,0,3,5,,,,,
,,,,,,MG,JOSENOPOLIS,939,234,0,35,0,80,8,0,0,16,492,24,41,0,7,0,0,0,0,0,0,2,,,,,
,,,,,,MG,JUATUBA,19376,11952,0,445,182,1815,635,0,86,98,2739,273,396,0,427,169,0,20,0,6,5,128,,,,,
,,,,,,MG,JUIZ DE FORA,318559,194393,0,6484,1341,22344,15112,0,1025,873,50753,6959,2084,1,6368,3355,7,603,0,51,100,6706,,,,,
,,,,,,MG,JURAMENTO,923,355,0,21,2,92,17,0,0,10,352,32,24,0,12,3,0,0,0,0,1,2,,,,,
,,,,,,MG,JURUAIA,9614,4070,0,221,41,1103,175,0,2,42,3294,304,42,0,158,51,1,6,1,0,3,100,,,,,
,,,,,,MG,JUVENILIA,1246,478,0,44,0,94,15,0,2,5,540,22,18,0,23,1,0,0,0,0,1,3,,,,,
,,,,,,MG,LADAINHA,5194,1549,0,107,1,428,61,0,26,30,2599,254,61,0,51,1,0,9,0,0,4,13,,,,,
,,,,,,MG,LAGAMAR,4556,2201,0,154,76,559,64,0,8,44,927,135,24,0,196,133,2,19,0,0,2,12,,,,,
,,,,,,MG,LAGOA DA PRATA,43478,19604,0,1660,267,3713,980,0,60,129,9327,4861,252,1,1485,471,2,76,0,8,16,566,,,,,
,,,,,,MG,LAGOA DOS PATOS,1450,523,0,48,3,201,17,0,5,5,549,33,21,0,33,5,0,0,0,0,1,6,,,,,
,,,,,,MG,LAGOA DOURADA,11213,4029,0,575,116,1024,209,0,2,96,4006,315,395,0,232,133,0,8,0,1,18,54,,,,,
,,,,,,MG,LAGOA FORMOSA,14321,7296,0,640,211,2017,224,0,39,34,2438,471,168,0,299,326,0,16,0,4,11,127,,,,,
,,,,,,MG,LAGOA GRANDE,5927,2585,0,209,27,674,84,0,15,15,1675,242,85,0,234,40,4,7,0,0,1,30,,,,,
,,,,,,MG,LAGOA SANTA,44552,24954,0,1143,103,3973,1842,0,354,169,8463,1225,270,0,924,147,0,28,0,5,44,908,,,,,
,,,,,,MG,LAJINHA,14957,5439,0,449,33,1293,194,0,74,103,6546,408,85,0,186,40,1,22,0,1,5,78,,,,,
,,,,,,MG,LAMBARI,16914,8325,0,672,80,1914,498,0,28,96,4082,629,58,0,241,79,1,24,0,1,8,178,,,,,
,,,,,,MG,LAMIM,2009,794,0,51,0,143,31,0,2,6,909,18,12,0,29,1,0,1,0,0,2,10,,,,,
,,,,,,MG,LARANJAL,3999,1470,0,113,386,323,75,0,9,14,1032,57,15,0,83,398,0,6,0,0,1,17,,,,,
,,,,,,MG,LASSANCE,2578,1138,0,82,15,348,45,0,8,19,719,54,42,0,75,23,0,3,0,0,1,6,,,,,
,,,,,,MG,LAVRAS,78546,39763,0,1911,1290,6623,2663,0,77,247,18237,2829,347,0,1997,1444,1,113,0,12,30,962,,,,,
,,,,,,MG,LEANDRO FERREIRA,2008,933,0,53,4,253,32,0,0,6,592,64,11,0,46,4,0,4,0,0,0,6,,,,,
,,,,,,MG,LEME DO PRADO,2556,744,0,40,6,262,33,0,2,13,1313,39,27,0,40,10,0,0,0,0,17,10,,,,,
,,,,,,MG,LEOPOLDINA,27009,14829,0,855,543,2112,803,0,204,135,5610,355,129,0,684,460,8,51,0,2,25,204,,,,,
,,,,,,MG,LIBERDADE,3418,1968,0,153,5,300,76,0,4,35,740,35,14,0,67,2,0,3,0,0,0,16,,,,,
,,,,,,MG,LIMA DUARTE,9078,5082,0,319,22,926,300,0,163,57,1800,39,46,0,167,35,0,11,0,2,8,101,,,,,
,,,,,,MG,LIMEIRA DO OESTE,5987,2640,0,222,93,688,142,0,24,51,1039,171,90,0,579,217,0,7,0,0,0,24,,,,,
,,,,,,MG,LONTRA,3541,1518,0,64,1,296,63,0,4,17,1296,131,26,0,115,0,0,0,0,0,1,9,,,,,
,,,,,,MG,LUISBURGO,6038,2197,0,132,5,1000,55,0,22,21,2385,82,38,0,55,5,0,1,0,0,2,38,,,,,
,,,,,,MG,LUISLANDIA,1751,738,0,42,12,203,28,0,0,15,598,41,25,0,34,14,0,0,0,0,0,1,,,,,
,,,,,,MG,LUMINARIAS,3845,1865,0,190,10,419,77,0,2,21,1104,31,49,0,39,12,0,4,0,0,0,22,,,,,
,,,,,,MG,LUZ,13743,7627,0,463,144,1595,253,0,162,66,2168,360,50,0,441,243,5,35,0,0,4,127,,,,,
,,,,,,MG,MACHACALIS,2714,1115,0,52,3,275,54,0,6,11,1070,49,15,0,48,3,0,0,0,0,0,13,,,,,
,,,,,,MG,MACHADO,27840,13764,0,959,260,3515,824,0,47,199,5832,1292,169,0,402,243,1,32,0,1,4,296,,,,,
,,,,,,MG,MADRE DE DEUS DE MINAS,3361,1667,0,175,25,433,94,0,10,30,685,63,27,0,82,35,0,11,0,0,4,20,,,,,
,,,,,,MG,MALACACHETA,8663,3388,0,154,15,1001,103,0,90,22,3341,200,95,0,136,13,0,11,0,1,48,45,,,,,
,,,,,,MG,MAMONAS,4334,1178,0,103,2,261,18,0,6,17,2441,208,37,0,54,3,0,1,0,0,0,5,,,,,
,,,,,,MG,MANGA,7414,2547,0,199,21,746,136,0,22,28,3035,375,92,0,159,20,1,1,0,0,6,26,,,,,
,,,,,,MG,MANHUACU,57428,26753,0,2396,500,6605,1296,0,352,227,15343,1406,312,0,836,569,2,81,0,13,24,713,,,,,
,,,,,,MG,MANHUMIRIM,14356,7184,0,385,25,1428,320,0,210,64,4165,129,79,0,218,28,7,22,0,4,10,78,,,,,
,,,,,,MG,MANTENA,22109,5949,0,655,27,1253,262,0,32,60,10071,3067,114,0,471,30,3,20,0,1,27,67,,,,,
,,,,,,MG,MAR DE ESPANHA,7662,4227,0,273,26,858,300,0,62,38,1462,175,30,0,107,31,0,11,0,0,10,52,,,,,
,,,,,,MG,MARAVILHAS,6551,2609,0,413,104,777,144,0,18,54,1547,375,161,0,92,206,0,14,0,2,2,33,,,,,
,,,,,,MG,MARIA DA FE,7151,3734,0,347,24,890,205,0,16,37,1619,51,48,0,84,24,0,9,0,0,3,60,,,,,
,,,,,,MG,MARIANA,40386,21233,0,1077,174,4452,1197,0,78,311,9273,581,561,0,588,209,5,35,0,7,32,573,,,,,
,,,,,,MG,MARILAC,1833,637,0,40,0,145,19,0,5,7,814,84,20,0,45,0,1,0,0,0,0,16,,,,,
,,,,,,MG,MARIO CAMPOS,10252,6046,0,439,77,1192,300,0,17,38,1626,94,37,0,215,75,0,5,0,0,5,86,,,,,
,,,,,,MG,MARIPA DE MINAS,2162,1133,0,100,1,242,44,0,2,20,474,57,10,0,62,2,0,2,0,0,3,10,,,,,
,,,,,,MG,MARLIERIA,2234,1145,0,60,7,202,33,0,12,10,668,8,22,0,48,5,0,1,0,0,0,13,,,,,
,,,,,,MG,MARMELOPOLIS,1722,666,0,52,3,197,68,0,3,19,670,4,9,0,17,2,0,1,0,0,0,11,,,,,
,,,,,,MG,MARTINHO CAMPOS,11819,5154,0,550,488,1262,206,0,37,43,1997,364,107,0,521,992,15,15,0,1,2,65,,,,,
,,,,,,MG,MARTINS SOARES,5541,2280,0,231,11,610,59,0,43,24,2082,45,26,0,78,20,0,3,0,0,3,26,,,,,
,,,,,,MG,MATA VERDE,2480,666,0,71,3,188,30,0,5,60,1363,62,14,0,12,2,0,0,0,0,0,4,,,,,
,,,,,,MG,MATERLANDIA,2063,765,0,36,0,208,17,0,7,11,934,27,11,0,32,1,0,1,0,0,8,5,,,,,
,,,,,,MG,MATEUS LEME,21086,12365,0,660,167,2037,742,0,96,111,3709,325,130,0,478,99,2,22,0,2,11,130,,,,,
,,,,,,MG,MATHIAS LOBATO,1155,481,0,36,3,81,14,0,3,7,420,59,13,0,28,3,0,4,0,0,0,3,,,,,
,,,,,,MG,MATIAS BARBOSA,9897,4465,0,1133,400,870,307,0,63,49,1362,151,62,0,215,697,1,11,0,3,16,92,,,,,
,,,,,,MG,MATIAS CARDOSO,2189,777,0,48,6,197,32,0,15,9,903,88,50,0,54,7,0,0,0,0,2,1,,,,,
,,,,,,MG,MATIPO,10351,5275,0,424,53,1338,147,0,92,34,2505,156,88,0,111,52,1,15,0,1,1,58,,,,,
,,,,,,MG,MATO VERDE,10764,2682,0,211,8,669,61,0,19,12,6158,624,50,0,238,11,0,2,0,0,3,16,,,,,
,,,,,,MG,MATOZINHOS,23892,13762,0,674,422,2097,883,0,138,143,3783,339,226,0,492,695,0,42,0,8,19,169,,,,,
,,,,,,MG,MATUTINA,2574,1252,0,104,8,486,29,0,5,36,530,31,20,0,49,11,0,2,0,0,0,11,,,,,
,,,,,,MG,MEDEIROS,2824,1343,0,116,16,616,66,0,2,31,532,10,11,0,41,16,0,5,0,0,0,19,,,,,
,,,,,,MG,MEDINA,6992,3210,0,192,27,702,125,0,21,81,2105,276,44,0,102,67,7,2,0,0,1,30,,,,,
,,,,,,MG,MENDES PIMENTEL,3413,1210,0,80,3,246,36,0,7,7,1505,173,22,0,79,17,0,9,0,0,2,17,,,,,
,,,,,,MG,MERCES,7925,3359,0,261,25,688,188,0,66,54,2764,172,32,0,202,45,1,6,0,2,14,46,,,,,
,,,,,,MG,MESQUITA,2286,1061,0,30,4,236,30,0,6,18,817,18,17,0,24,5,0,10,0,1,1,8,,,,,
,,,,,,MG,MINAS NOVAS,11368,3703,0,292,24,1031,157,0,25,56,5567,99,182,0,120,31,3,1,0,0,34,43,,,,,
,,,,,,MG,MINDURI,2254,1220,0,110,18,223,60,0,2,23,442,49,17,0,47,27,0,1,0,0,0,15,,,,,
,,,,,,MG,MIRABELA,7093,3020,0,389,67,747,136,0,14,45,2013,222,73,0,249,81,0,1,0,0,3,33,,,,,
,,,,,,MG,MIRADOURO,6040,2652,0,141,108,508,110,0,34,24,2168,34,49,0,89,105,0,4,0,0,0,14,,,,,
,,,,,,MG,MIRAI,8193,3723,0,270,21,716,136,0,33,19,2818,226,30,0,132,21,1,6,0,2,7,32,,,,,
,,,,,,MG,MIRAVANIA,1255,372,0,33,0,139,28,0,1,5,625,8,25,0,17,0,0,0,0,0,0,2,,,,,
,,,,,,MG,MOEDA,4140,2181,0,115,45,485,92,0,4,26,912,49,44,0,67,77,0,5,0,0,2,36,,,,,
,,,,,,MG,MOEMA,6897,3142,0,213,22,690,107,0,18,29,1742,334,148,0,354,49,2,10,0,0,2,35,,,,,
,,,,,,MG,MONJOLOS,303,119,0,13,0,40,3,0,0,5,113,2,8,0,0,0,0,0,0,0,0,0,,,,,
,,,,,,MG,MONSENHOR PAULO,5035,2900,0,197,23,554,170,0,2,35,937,61,17,0,84,26,1,4,0,0,0,24,,,,,
,,,,,,MG,MONTALVANIA,6524,2161,0,196,6,723,111,0,9,44,2742,174,165,0,156,7,0,4,0,0,7,19,,,,,
,,,,,,MG,MONTE ALEGRE DE MINAS,14870,6838,0,783,198,2225,436,0,74,136,2452,655,103,0,609,276,1,13,0,2,7,62,,,,,
,,,,,,MG,MONTE AZUL,13496,3632,0,188,7,922,116,0,51,31,7108,1067,70,0,244,7,0,4,0,0,4,45,,,,,
,,,,,,MG,MONTE BELO,11012,5775,0,379,32,1173,199,0,14,42,2663,190,89,0,238,91,2,15,0,1,10,99,,,,,
,,,,,,MG,MONTE CARMELO,44062,20632,0,1860,389,5053,971,0,311,174,9457,2333,290,0,1582,600,4,39,0,10,10,347,,,,,
,,,,,,MG,MONTE FORMOSO,1506,481,0,27,1,133,21,0,1,37,704,32,56,0,8,1,0,0,0,0,2,2,,,,,
,,,,,,MG,MONTE SANTO DE MINAS,18337,10185,0,684,172,1950,451,0,24,94,3634,401,148,0,228,189,4,35,0,2,8,128,,,,,
,,,,,,MG,MONTE SIAO,20558,10200,0,386,32,2132,595,0,14,98,5303,1097,63,0,298,38,0,26,0,1,8,267,,,,,
,,,,,,MG,MONTES CLAROS,273878,112389,0,5697,1007,22864,8540,0,592,604,89800,18910,1274,0,6404,1223,6,413,0,20,286,3849,,,,,
,,,,,,MG,MONTEZUMA,3271,865,0,78,9,252,24,0,5,19,1755,154,60,0,40,6,0,0,0,1,1,2,,,,,
,,,,,,MG,MORADA NOVA DE MINAS,6071,2802,0,259,49,818,160,0,72,32,1155,172,72,0,347,60,0,9,0,0,9,55,,,,,
,,,,,,MG,MORRO DA GARCA,958,446,0,41,6,109,21,0,2,12,256,11,26,0,17,5,0,5,0,0,0,1,,,,,
,,,,,,MG,MORRO DO PILAR,1449,602,0,56,1,143,13,0,0,17,577,19,10,0,5,1,0,0,0,1,2,2,,,,,
,,,,,,MG,MUNHOZ,6399,3034,0,230,11,923,157,0,7,34,1757,108,24,0,64,6,0,3,0,2,0,39,,,,,
,,,,,,MG,MURIAE,67429,31131,0,1664,664,4486,1512,0,684,178,21165,2286,245,0,1663,909,20,82,0,4,94,642,,,,,
,,,,,,MG,MUTUM,15223,4682,0,375,21,1085,153,0,155,62,7682,578,160,0,162,35,0,15,0,3,8,47,,,,,
,,,,,,MG,MUZAMBINHO,19757,10330,0,723,65,2453,474,0,27,132,4593,292,75,0,266,124,9,31,0,1,0,162,,,,,
,,,,,,MG,NACIP RAYDAN,860,276,0,17,1,52,13,0,3,1,432,47,7,0,8,2,0,0,0,0,0,1,,,,,
,,,,,,MG,NANUQUE,23144,7304,0,522,56,1450,268,0,69,80,10424,1886,248,0,649,91,6,26,0,0,13,52,,,,,
,,,,,,MG,NAQUE,3464,1923,0,79,25,288,61,0,13,8,854,38,23,0,114,15,0,2,0,0,5,16,,,,,
,,,,,,MG,NATALANDIA,1557,661,0,41,9,122,26,0,16,12,501,42,35,0,73,19,0,0,0,0,0,0,,,,,
,,,,,,MG,NATERCIA,3080,1483,0,114,5,371,51,0,20,23,915,16,21,0,39,4,0,5,0,0,6,7,,,,,
,,,,,,MG,NAZARENO,6365,3330,0,346,75,699,154,0,7,39,1180,90,77,0,194,105,0,3,0,2,1,63,,,,,
,,,,,,MG,NEPOMUCENO,20008,11402,0,648,172,2085,502,0,19,77,3947,174,191,0,414,220,4,14,0,2,0,137,,,,,
,,,,,,MG,NINHEIRA,3744,1201,0,85,14,213,43,0,4,27,1877,170,60,0,26,16,0,0,0,0,0,8,,,,,
,,,,,,MG,NOVA BELEM,1604,340,0,86,3,108,9,0,0,8,907,101,17,0,12,9,0,0,0,0,1,3,,,,,
,,,,,,MG,NOVA ERA,11793,6566,0,614,237,1141,328,0,54,82,1895,171,152,0,162,248,0,20,0,6,4,113,,,,,
,,,,,,MG,NOVA LIMA,58832,30448,0,2455,397,5341,3216,0,58,481,10693,1164,357,1,849,493,0,80,0,60,15,2724,,,,,
,,,,,,MG,NOVA MODICA,1099,308,0,26,0,95,20,0,1,11,566,30,17,0,23,0,0,0,0,0,0,2,,,,,
,,,,,,MG,NOVA PONTE,10061,4946,0,447,292,1158,282,0,29,98,1071,265,115,0,719,537,7,6,0,0,6,83,,,,,
,,,,,,MG,NOVA PORTEIRINHA,3386,941,0,62,1,286,38,0,25,7,1543,346,19,0,110,3,0,0,0,0,0,5,,,,,
,,,,,,MG,NOVA RESENDE,18975,7861,0,609,24,2520,254,0,5,35,6805,196,124,0,301,37,2,15,0,2,4,181,,,,,
,,,,,,MG,NOVA SERRANA,68758,27615,0,730,82,6913,1204,0,150,92,24075,5317,145,0,1508,95,39,55,0,0,19,719,,,,,
,,,,,,MG,NOVA UNIAO,4309,2111,0,280,18,641,123,0,10,18,903,50,35,0,63,14,0,7,0,0,2,34,,,,,
,,,,,,MG,NOVO CRUZEIRO,13638,3912,0,327,14,1231,184,0,41,111,7161,209,244,0,105,31,0,10,0,1,10,47,,,,,
,,,,,,MG,NOVO ORIENTE DE MINAS,3416,1245,0,52,5,339,44,0,19,44,1509,65,29,0,52,3,0,2,0,0,0,8,,,,,
,,,,,,MG,NOVORIZONTE,2477,666,0,98,7,232,20,0,0,11,1329,32,34,0,29,15,0,0,0,0,0,4,,,,,
,,,,,,MG,OLARIA,1029,535,0,27,3,99,31,0,9,12,254,8,20,0,20,4,0,0,0,0,1,6,,,,,
,,,,,,MG,OLHOS-D'AGUA,2995,1113,0,201,61,412,39,0,0,25,861,41,93,0,57,77,0,0,0,1,1,13,,,,,
,,,,,,MG,OLIMPIO NORONHA,1234,728,0,33,2,104,40,0,3,17,254,20,12,0,11,0,1,2,0,0,3,4,,,,,
,,,,,,MG,OLIVEIRA,28739,14432,0,949,309,2504,768,0,37,112,6613,1677,164,0,578,269,3,87,0,2,14,221,,,,,
,,,,,,MG,OLIVEIRA FORTES,828,398,0,21,0,65,28,0,1,22,246,11,13,0,17,0,0,4,0,0,0,2,,,,,
,,,,,,MG,ONCA DE PITANGUI,1181,465,0,39,5,128,20,0,0,10,432,39,17,0,15,6,0,1,0,0,0,4,,,,,
,,,,,,MG,ORATORIOS,2311,942,0,126,19,207,28,0,19,14,818,46,25,0,33,24,0,1,0,0,1,8,,,,,
,,,,,,MG,ORIZANIA,5034,2328,0,153,16,483,54,0,14,37,1751,97,21,0,46,15,0,1,0,1,1,16,,,,,
,,,,,,MG,OURO BRANCO,28047,16568,0,522,172,2206,887,0,88,198,5481,521,406,0,399,158,3,38,0,16,14,370,,,,,
,,,,,,MG,OURO FINO,26060,14537,0,835,80,2516,889,0,43,159,5712,352,159,0,300,108,2,45,0,3,5,315,,,,,
,,,,,,MG,OURO PRETO,47393,26438,0,1527,382,4361,1604,0,58,366,9695,432,474,0,569,474,1,187,0,7,32,786,,,,,
,,,,,,MG,OURO VERDE DE MINAS,3117,1007,0,50,7,241,43,0,13,13,1601,90,21,0,17,6,0,2,0,0,0,6,,,,,
,,,,,,MG,PADRE CARVALHO,1478,568,0,34,9,109,23,0,0,13,619,33,41,0,20,5,0,0,0,1,0,3,,,,,
,,,,,,MG,PADRE PARAISO,9515,4005,0,187,41,983,136,0,20,139,3413,277,101,0,109,43,11,8,0,0,4,38,,,,,
,,,,,,MG,PAI PEDRO,1964,572,0,26,0,118,16,0,8,6,1104,32,43,0,33,2,0,0,0,1,3,0,,,,,
,,,,,,MG,PAINEIRAS,3115,1488,0,110,5,463,31,0,4,21,762,96,17,0,94,5,4,6,0,0,0,9,,,,,
,,,,,,MG,PAINS,5943,2894,0,338,237,630,115,0,10,22,936,181,40,0,166,300,0,9,0,1,9,55,,,,,
,,,,,,MG,PAIVA,544,275,0,11,2,70,16,0,2,6,141,8,2,0,8,1,0,0,0,0,1,1,,,,,
,,,,,,MG,PALMA,3011,1319,0,106,10,251,43,0,10,9,1015,166,14,0,41,7,1,3,0,1,0,15,,,,,
,,,,,,MG,PALMOPOLIS,2285,488,0,33,0,198,29,0,0,11,1456,28,18,0,15,1,0,0,0,0,0,8,,,,,
,,,,,,MG,PAPAGAIOS,11593,4483,0,888,135,1167,179,0,93,42,3091,799,172,0,250,216,0,12,0,1,15,50,,,,,
,,,,,,MG,PARA DE MINAS,80715,33943,0,2816,495,7584,1923,0,551,223,22725,7255,264,0,1456,658,3,114,0,18,47,640,,,,,
,,,,,,MG,PARACATU,63260,29563,0,2033,656,7174,1319,0,230,274,12759,4605,659,0,2500,953,20,64,0,16,74,361,,,,,
,,,,,,MG,PARAGUACU,15558,8120,0,431,75,1963,459,0,17,80,3484,338,69,0,278,86,1,10,0,0,7,140,,,,,
,,,,,,MG,PARAISOPOLIS,13114,7594,0,385,85,1153,411,0,42,74,2702,106,52,0,207,117,0,14,0,1,6,165,,,,,
,,,,,,MG,PARAOPEBA,18590,9193,0,716,277,1901,420,0,356,73,3622,607,88,0,667,498,0,30,0,0,9,133,,,,,
,,,,,,MG,PASSA QUATRO,9645,5213,0,397,52,814,421,0,21,51,2180,68,42,0,157,62,3,12,0,1,1,150,,,,,
,,,,,,MG,PASSA TEMPO,6114,3170,0,275,140,662,142,0,17,62,1243,58,41,0,98,159,1,11,0,0,3,32,,,,,
,,,,,,MG,PASSA VINTE,2835,1427,0,396,14,315,106,0,5,36,400,15,22,0,68,13,0,1,0,0,3,14,,,,,
,,,,,,MG,PASSABEM,654,303,0,16,0,76,14,0,3,9,212,5,8,0,2,0,1,1,0,0,0,4,,,,,
,,,,,,MG,PASSOS,89654,41693,0,2419,602,7918,2317,0,691,263,25457,2934,533,0,1987,915,14,77,0,16,25,1793,,,,,
,,,,,,MG,PATIS,1465,582,0,34,1,138,18,0,1,6,588,38,21,0,32,2,0,1,0,0,0,3,,,,,
,,,,,,MG,PATOS DE MINAS,136300,58197,0,4143,2050,15123,3132,0,351,237,33031,10288,519,0,3652,3327,12,169,0,9,120,1940,,,,,
,,,,,,MG,PATROCINIO,80203,42565,0,2366,682,8913,2080,0,650,345,14036,3577,703,0,2304,855,4,241,0,7,29,846,,,,,
,,,,,,MG,PATROCINIO DO MURIAE,3296,1466,0,88,10,209,68,0,29,21,1209,89,13,0,66,13,0,2,0,0,3,10,,,,,
,,,,,,MG,PAULA CANDIDO,4979,1939,0,92,3,381,51,0,75,16,2267,68,22,0,25,5,0,5,0,0,11,19,,,,,
,,,,,,MG,PAULISTAS,2193,807,0,116,3,225,21,0,2,8,924,16,15,0,48,6,0,0,0,0,1,1,,,,,
,,,,,,MG,PAVAO,2200,910,0,50,2,261,41,0,14,28,771,52,21,0,37,1,0,2,0,0,0,10,,,,,
,,,,,,MG,PECANHA,9089,3697,0,223,8,933,104,0,5,28,3620,186,94,0,108,10,0,7,0,0,15,51,,,,,
,,,,,,MG,PEDRA AZUL,8411,3701,0,189,9,852,180,0,16,47,2810,354,67,0,118,13,7,8,0,0,6,34,,,,,
,,,,,,MG,PEDRA BONITA,5416,2200,0,183,2,957,58,0,18,19,1887,21,29,0,23,3,0,1,0,0,1,14,,,,,
,,,,,,MG,PEDRA DO ANTA,2040,791,0,38,0,169,21,0,26,8,910,21,22,0,20,0,0,2,0,1,4,7,,,,,
,,,,,,MG,PEDRA DO INDAIA,2728,1249,0,145,25,440,52,0,2,21,611,31,13,0,84,30,1,6,0,0,0,18,,,,,
,,,,,,MG,PEDRA DOURADA,1255,546,0,30,0,96,12,0,2,8,510,8,24,0,15,0,0,0,0,0,0,4,,,,,
,,,,,,MG,PEDRALVA,7399,3876,0,244,10,878,214,0,47,39,1845,25,45,0,81,19,0,14,0,0,6,56,,,,,
,,,,,,MG,PEDRAS DE MARIA DA CRUZ,2909,974,0,52,2,252,51,0,1,14,1314,106,46,0,85,2,0,5,0,0,0,5,,,,,
,,,,,,MG,PEDRINOPOLIS,2270,1318,0,101,49,283,54,0,14,14,217,35,15,0,74,69,0,1,0,0,0,26,,,,,
,,,,,,MG,PEDRO LEOPOLDO,41900,22472,0,1644,443,3454,1282,0,334,224,8409,1383,248,0,775,734,1,105,0,16,19,357,,,,,
,,,,,,MG,PEDRO TEIXEIRA,1112,601,0,29,0,100,13,0,10,13,309,5,9,0,17,1,0,0,0,0,1,4,,,,,
,,,,,,MG,PEQUERI,1868,1037,0,67,38,169,53,0,5,16,321,65,6,0,34,40,1,0,0,0,2,14,,,,,
,,,,,,MG,PEQUI,2928,1205,0,141,37,309,46,0,11,28,920,70,27,0,52,52,0,4,0,4,0,22,,,,,
,,,,,,MG,PERDIGAO,8248,3606,0,193,8,910,135,0,14,12,2498,490,26,0,261,14,12,11,0,0,5,53,,,,,
,,,,,,MG,PERDIZES,11611,5842,0,538,269,1560,317,0,37,88,1546,337,128,0,381,404,2,10,0,0,8,144,,,,,
,,,,,,MG,PERDOES,16947,8673,0,584,328,1722,470,0,25,55,3014,489,104,0,954,336,2,26,0,0,14,151,,,,,
,,,,,,MG,PERIQUITO,2301,1186,0,69,11,223,45,0,13,5,599,25,31,0,70,14,0,1,0,0,2,7,,,,,
,,,,,,MG,PESCADOR,1177,420,0,25,0,129,17,0,17,8,482,24,14,0,33,1,0,0,0,0,1,6,,,,,
,,,,,,MG,PIAU,1707,717,0,85,1,249,53,0,19,12,492,13,10,0,44,4,0,1,0,1,0,6,,,,,
,,,,,,MG,PIEDADE DE CARATINGA,7350,2948,0,378,18,935,140,0,9,24,2482,226,40,0,109,18,0,0,0,0,1,22,,,,,
,,,,,,MG,PIEDADE DE PONTE NOVA,1943,993,0,77,3,138,34,0,10,8,582,17,28,0,37,4,0,3,0,0,1,8,,,,,
,,,,,,MG,PIEDADE DO RIO GRANDE,2391,1272,0,68,0,258,61,0,3,15,621,25,11,0,38,4,0,5,0,0,0,10,,,,,
,,,,,,MG,PIEDADE DOS GERAIS,3822,1559,0,149,9,409,38,0,2,13,1516,41,21,0,32,8,0,2,0,0,1,22,,,,,
,,,,,,MG,PIMENTA,6966,2784,0,360,35,910,118,0,14,23,2102,274,40,0,189,46,0,11,0,0,0,60,,,,,
,,,,,,MG,PINGO D'AGUA,1731,816,0,59,1,136,20,0,14,11,574,36,15,0,43,2,0,0,0,0,0,4,,,,,
,,,,,,MG,PINTOPOLIS,2172,670,0,48,6,172,37,0,1,18,1055,76,29,0,45,11,0,1,0,0,0,3,,,,,
,,,,,,MG,PIRACEMA,4986,2148,0,196,6,539,69,0,4,22,1785,89,36,0,50,13,0,11,0,0,1,17,,,,,
,,,,,,MG,PIRAJUBA,3580,1431,0,239,186,423,88,0,14,37,400,81,33,0,340,280,0,5,0,0,0,23,,,,,
,,,,,,MG,PIRANGA,9133,3798,0,442,46,846,147,0,17,68,3297,85,142,0,80,52,0,8,0,0,9,96,,,,,
,,,,,,MG,PIRANGUCU,3023,1300,0,78,3,303,88,0,23,29,997,44,58,0,52,2,0,7,0,0,0,39,,,,,
,,,,,,MG,PIRANGUINHO,5484,3133,0,292,18,545,186,0,11,32,960,40,45,0,145,25,0,4,0,0,1,47,,,,,
,,,,,,MG,PIRAPETINGA,10899,4800,0,744,84,742,189,0,98,38,3256,478,60,0,236,95,0,6,0,2,3,68,,,,,
,,,,,,MG,PIRAPORA,33744,13624,0,644,153,2479,868,0,651,84,10301,2945,226,0,1247,202,0,21,0,2,49,248,,,,,
,,,,,,MG,PIRAUBA,6126,3082,0,179,4,584,126,0,195,28,1574,143,13,0,141,6,3,9,0,0,6,33,,,,,
,,,,,,MG,PITANGUI,21459,9403,0,641,361,1889,417,0,23,102,6167,1223,105,0,494,432,4,47,0,1,12,138,,,,,
,,,,,,MG,PIUMHI,30150,14112,0,1025,94,3706,715,0,358,103,7247,1097,139,0,674,109,1,65,0,1,33,671,,,,,
,,,,,,MG,PLANURA,6711,3410,0,211,133,635,155,0,30,28,907,436,117,0,427,170,0,16,0,0,1,35,,,,,
,,,,,,MG,POCO FUNDO,15303,6573,0,517,36,2034,308,0,11,85,5093,239,52,0,186,37,0,7,0,1,3,121,,,,,
,,,,,,MG,POCOS DE CALDAS,132151,78431,0,2966,1145,11400,5975,0,412,619,20677,4029,610,0,1644,1380,1,458,0,23,32,2349,,,,,
,,,,,,MG,POCRANE,4699,1597,0,121,1,305,47,0,24,23,2364,102,25,0,71,2,0,0,0,0,2,15,,,,,
,,,,,,MG,POMPEU,18054,8226,0,537,113,1987,306,0,270,37,3708,1567,202,0,783,172,9,15,0,4,9,109,,,,,
,,,,,,MG,PONTE NOVA,38030,19141,0,1250,156,3095,926,0,272,105,10424,1059,219,0,655,223,5,70,0,4,81,345,,,,,
,,,,,,MG,PONTO CHIQUE,1214,424,0,32,0,138,16,0,1,4,539,19,12,0,29,0,0,0,0,0,0,0,,,,,
,,,,,,MG,PONTO DOS VOLANTES,3360,1454,0,77,11,309,50,0,4,45,1202,74,54,0,51,9,1,0,0,0,7,12,,,,,
,,,,,,MG,PORTEIRINHA,31296,9173,0,607,31,1887,391,0,187,58,15955,1592,397,0,871,44,0,10,0,0,18,75,,,,,
,,,,,,MG,PORTO FIRME,5661,2255,0,194,12,535,86,0,29,21,2220,135,60,0,56,12,0,2,0,1,5,38,,,,,
,,,,,,MG,POTE,6497,2315,0,120,7,581,125,0,37,30,2757,285,43,0,156,9,0,8,0,0,5,19,,,,,
,,,,,,MG,POUSO ALEGRE,114356,62681,0,3592,731,11215,4750,0,649,413,19940,4223,638,2,2205,725,0,182,0,91,46,2273,,,,,
,,,,,,MG,POUSO ALTO,3633,2001,0,115,23,328,145,0,21,31,777,41,19,0,68,30,0,10,0,0,1,23,,,,,
,,,,,,MG,PRADOS,6351,2737,0,170,9,493,168,0,11,35,2316,133,43,0,158,11,1,4,0,0,14,48,,,,,
,,,,,,MG,PRATA,19671,9283,0,607,120,2535,472,0,81,207,3681,1546,151,0,684,160,0,9,0,3,33,99,,,,,
,,,,,,MG,PRATAPOLIS,6957,3739,0,328,118,667,217,0,74,45,1135,166,48,0,205,144,2,9,0,1,4,55,,,,,
,,,,,,MG,PRATINHA,2963,1249,0,112,55,506,42,0,9,34,690,31,10,0,102,105,0,4,0,0,0,14,,,,,
,,,,,,MG,PRESIDENTE BERNARDES,2818,990,0,66,2,213,30,0,10,18,1369,30,38,0,15,16,0,1,0,1,6,13,,,,,
,,,,,,MG,PRESIDENTE JUSCELINO,1429,635,0,63,18,220,16,0,4,5,376,22,26,0,19,19,0,3,0,2,0,1,,,,,
,,,,,,MG,PRESIDENTE KUBITSCHEK,1423,699,0,38,1,153,22,0,1,15,439,6,14,0,28,0,0,1,0,0,0,6,,,,,
,,,,,,MG,PRESIDENTE OLEGARIO,12141,5436,0,398,161,1520,212,0,47,58,2950,388,147,0,410,302,6,25,0,0,6,75,,,,,
,,,,,,MG,PRUDENTE DE MORAIS,6112,3847,0,228,71,468,192,0,43,30,862,60,20,0,139,110,0,7,0,0,2,33,,,,,
,,,,,,MG,QUARTEL GERAL,1570,911,0,61,8,143,24,0,1,9,285,27,10,0,62,18,1,3,0,0,2,5,,,,,
,,,,,,MG,QUELUZITA,1082,460,0,39,7,126,28,0,3,10,353,8,11,0,18,7,0,2,0,0,0,10,,,,,
,,,,,,MG,RAPOSOS,9635,5113,0,132,15,558,259,0,16,61,3025,186,45,0,80,10,0,5,0,0,6,124,,,,,
,,,,,,MG,RAUL SOARES,14729,5696,0,414,42,1089,192,0,135,74,6286,236,127,0,280,78,2,9,0,0,13,56,,,,,
,,,,,,MG,RECREIO,4540,2537,0,191,32,382,100,0,33,27,973,95,32,0,75,29,0,6,0,1,4,23,,,,,
,,,,,,MG,REDUTO,6088,2782,0,155,17,439,73,0,45,29,2261,127,19,0,93,19,0,4,0,4,0,21,,,,,
,,,,,,MG,RESENDE COSTA,8663,4257,0,280,21,1087,190,0,10,31,2364,117,40,0,145,14,0,44,0,0,19,44,,,,,
,,,,,,MG,RESPLENDOR,10124,3441,0,252,28,936,152,0,17,54,3867,968,75,0,196,23,0,19,0,4,10,82,,,,,
,,,,,,MG,RESSAQUINHA,3078,1462,0,177,28,342,124,0,6,18,707,28,60,0,86,27,0,1,0,1,1,10,,,,,
,,,,,,MG,RIACHINHO,3118,1238,0,103,37,280,33,0,13,14,1083,67,35,0,148,52,2,8,0,2,0,3,,,,,
,,,,,,MG,RIACHO DOS MACHADOS,4179,1308,0,120,8,328,48,0,5,18,2077,136,64,0,57,4,0,1,0,0,1,4,,,,,
,,,,,,MG,RIBEIRAO DAS NEVES,145239,84871,0,3097,343,9457,5144,0,232,668,35268,1642,874,0,2204,338,1,418,0,8,92,582,,,,,
,,,,,,MG,RIBEIRAO VERMELHO,1678,957,0,52,17,123,44,0,9,23,306,38,7,0,57,34,1,4,0,0,0,6,,,,,
,,,,,,MG,RIO ACIMA,5856,3239,0,126,21,516,221,0,11,56,1307,147,23,0,65,20,0,4,1,3,2,94,,,,,
,,,,,,MG,RIO CASCA,6325,3253,0,233,83,598,119,0,51,12,1517,49,53,0,166,142,0,7,0,0,1,41,,,,,
,,,,,,MG,RIO DO PRADO,1481,459,0,18,0,124,44,0,6,12,718,51,20,0,22,0,0,1,0,0,1,5,,,,,
,,,,,,MG,RIO DOCE,1561,794,0,37,1,156,33,0,11,8,442,19,15,0,35,1,0,1,0,1,0,7,,,,,
,,,,,,MG,RIO ESPERA,3218,1032,0,62,0,229,36,0,1,10,1754,30,19,0,29,0,0,1,0,1,1,13,,,,,
,,,,,,MG,RIO MANSO,3834,1735,0,203,18,429,49,0,2,11,1159,81,20,0,76,21,0,3,0,0,0,27,,,,,
,,,,,,MG,RIO NOVO,4635,2703,0,221,13,392,156,0,27,31,780,62,65,0,127,21,0,7,0,0,3,27,,,,,
,,,,,,MG,RIO PARANAIBA,10857,4950,0,462,56,1771,168,0,32,49,2371,267,262,0,278,72,1,16,0,0,8,94,,,,,
,,,,,,MG,RIO PARDO DE MINAS,15572,4776,0,336,14,1236,141,0,7,79,7708,801,269,0,143,12,0,3,0,0,1,46,,,,,
,,,,,,MG,RIO PIRACICABA,7321,4348,0,282,40,740,215,0,39,34,1230,58,42,0,163,30,0,14,0,2,9,75,,,,,
,,,,,,MG,RIO POMBA,11711,5970,0,335,15,994,313,0,204,54,3082,237,51,0,256,26,4,35,0,0,11,124,,,,,
,,,,,,MG,RIO PRETO,7246,3687,0,455,49,582,361,0,12,51,1590,206,64,0,75,61,0,10,0,5,4,34,,,,,
,,,,,,MG,RIO VERMELHO,5695,1847,0,121,0,630,77,0,12,55,2661,168,53,0,49,1,0,3,0,0,10,8,,,,,
,,,,,,MG,RITAPOLIS,2356,1162,0,56,5,226,65,0,3,22,694,39,15,0,45,1,0,9,0,1,3,10,,,,,
,,,,,,MG,ROCHEDO DE MINAS,1167,651,0,36,0,80,19,0,5,10,319,9,5,0,22,3,0,0,0,0,2,6,,,,,
,,,,,,MG,RODEIRO,5677,2352,0,374,87,462,81,0,50,10,1749,179,64,0,104,101,10,1,0,0,3,50,,,,,
,,,,,,MG,ROMARIA,2025,1090,0,64,26,220,40,0,10,39,289,72,17,0,95,46,0,0,0,2,4,11,,,,,
,,,,,,MG,ROSARIO DA LIMEIRA,3084,1172,0,121,14,289,48,0,15,7,1288,19,45,0,40,19,0,0,0,0,1,6,,,,,
,,,,,,MG,RUBELITA,1431,449,0,32,2,123,23,0,0,16,719,21,18,0,18,2,0,0,0,0,0,8,,,,,
,,,,,,MG,RUBIM,2851,983,0,39,0,297,40,0,5,16,1338,55,36,0,30,1,0,1,0,0,3,7,,,,,
,,,,,,MG,SABARA,69541,34800,0,897,598,4003,1892,0,233,264,21665,1335,407,0,629,2188,1,56,0,12,24,537,,,,,
,,,,,,MG,SABINOPOLIS,8136,3144,0,208,10,824,123,0,20,62,3373,85,78,0,139,18,0,5,0,0,12,35,,,,,
,,,,,,MG,SACRAMENTO,20541,10478,0,711,256,2545,722,0,164,125,3392,666,170,0,603,360,0,43,0,1,4,301,,,,,
,,,,,,MG,SALINAS,25933,8482,0,679,165,2354,461,0,24,82,11168,1248,226,0,522,254,1,12,0,21,15,219,,,,,
,,,,,,MG,SALTO DA DIVISA,845,327,0,30,1,78,17,0,2,7,317,30,19,0,15,0,0,0,0,0,1,1,,,,,
,,,,,,MG,SANTA BARBARA,18342,10728,0,535,103,1750,515,0,106,111,3320,319,124,0,375,104,1,24,0,3,9,215,,,,,
,,,,,,MG,SANTA BARBARA DO LESTE,6375,2634,0,304,12,830,163,0,15,10,2186,121,18,0,44,9,0,6,0,0,2,21,,,,,
,,,,,,MG,SANTA BARBARA DO MONTE VERDE,4263,2010,0,518,70,373,371,0,5,51,578,47,142,0,58,27,0,2,0,0,0,11,,,,,
,,,,,,MG,SANTA BARBARA DO TUGURIO,2450,1176,0,88,11,248,142,0,1,24,665,6,15,0,36,21,1,2,0,0,0,14,,,,,
,,,,,,MG,SANTA CRUZ DE MINAS,5198,2312,0,127,5,403,177,0,27,7,1686,256,11,0,131,11,0,5,0,0,5,35,,,,,
,,,,,,MG,SANTA CRUZ DE SALINAS,1545,439,0,39,3,143,27,0,1,15,824,7,35,0,10,1,0,0,0,0,0,1,,,,,
,,,,,,MG,SANTA CRUZ DO ESCALVADO,2735,1152,0,77,18,289,49,0,19,27,938,38,29,0,61,17,0,4,0,0,2,15,,,,,
,,,,,,MG,SANTA EFIGENIA DE MINAS,2727,814,0,44,2,276,27,0,3,10,1316,162,13,0,48,3,0,0,0,0,1,8,,,,,
,,,,,,MG,SANTA FE DE MINAS,609,235,0,14,2,72,12,0,2,8,225,11,14,0,8,4,0,1,0,0,0,1,,,,,
,,,,,,MG,SANTA HELENA DE MINAS,1698,606,0,11,0,124,14,0,23,13,851,28,12,0,12,0,0,0,0,0,1,3,,,,,
,,,,,,MG,SANTA JULIANA,11352,5280,0,686,248,1655,320,0,46,110,1320,198,183,0,654,504,2,9,0,1,1,135,,,,,
,,,,,,MG,SANTA LUZIA,104778,59601,0,2045,522,6850,3370,0,154,375,26138,1720,752,0,1562,919,1,142,0,13,26,588,,,,,
,,,,,,MG,SANTA MARGARIDA,12378,5935,0,470,25,1688,154,0,121,38,3604,74,81,0,101,24,0,14,0,0,3,46,,,,,
,,,,,,MG,SANTA MARIA DE ITABIRA,6214,2841,0,267,22,579,104,0,8,42,2063,61,75,0,78,27,0,9,0,1,7,30,,,,,
,,,,,,MG,SANTA MARIA DO SALTO,1328,421,0,14,0,117,17,0,0,14,644,78,14,0,6,0,0,0,0,0,0,3,,,,,
,,,,,,MG,SANTA MARIA DO SUACUI,6136,2493,0,153,0,592,78,0,15,22,2453,87,69,0,114,2,3,4,0,0,4,47,,,,,
,,,,,,MG,SANTA RITA DE CALDAS,7943,3970,0,478,52,957,151,0,2,44,1846,146,26,0,126,69,1,18,0,1,1,55,,,,,
,,,,,,MG,SANTA RITA DE IBITIPOCA,1553,767,0,79,9,144,42,0,1,19,441,5,10,0,18,9,0,0,0,0,1,8,,,,,
,,,,,,MG,SANTA RITA DE JACUTINGA,2961,1551,0,83,4,273,77,0,1,22,775,103,12,0,39,7,0,1,0,0,0,13,,,,,
,,,,,,MG,SANTA RITA DE MINAS,3805,1709,0,173,16,436,89,0,11,12,1130,106,41,0,40,25,0,0,0,1,0,16,,,,,
,,,,,,MG,SANTA RITA DO ITUETO,7108,2017,0,616,134,864,126,0,4,53,2318,173,258,0,91,392,0,12,0,3,1,46,,,,,
,,,,,,MG,SANTA RITA DO SAPUCAI,25658,14054,0,540,73,2347,975,0,227,149,5586,691,103,0,373,94,6,35,0,2,19,384,,,,,
,,,,,,MG,SANTA ROSA DA SERRA,2596,1252,0,117,2,441,43,0,3,15,598,48,27,0,28,4,0,2,0,0,2,14,,,,,
,,,,,,MG,SANTA VITORIA,14994,6665,0,585,126,1689,399,0,95,87,2880,1277,79,0,775,250,1,7,0,1,11,67,,,,,
,,,,,,MG,SANTANA DA VARGEM,4377,2562,0,147,50,561,114,0,2,24,648,44,33,0,88,68,2,6,0,0,1,27,,,,,
,,,,,,MG,SANTANA DE CATAGUASES,1839,737,0,47,51,126,26,0,3,12,719,33,8,0,24,48,0,0,0,0,1,4,,,,,
,,,,,,MG,SANTANA DE PIRAPAMA,3062,1355,0,114,5,476,47,0,18,10,934,11,50,0,22,3,0,10,0,0,1,6,,,,,
,,,,,,MG,SANTANA DO DESERTO,1793,1042,0,77,5,131,87,0,14,22,285,44,19,0,39,9,0,2,0,1,7,9,,,,,
,,,,,,MG,SANTANA DO GARAMBEU,1063,524,0,28,2,137,26,0,1,14,291,6,12,0,14,3,0,2,0,0,0,3,,,,,
,,,,,,MG,SANTANA DO JACARE,2289,1376,0,70,17,249,60,0,13,18,373,40,18,0,23,19,0,5,0,0,0,8,,,,,
,,,,,,MG,SANTANA DO MANHUACU,5978,1985,0,366,13,756,60,0,13,11,2598,45,37,0,58,13,0,3,0,0,2,18,,,,,
,,,,,,MG,SANTANA DO PARAISO,17281,8922,0,460,110,1277,519,0,101,68,4848,286,71,0,343,76,1,12,0,9,7,171,,,,,
,,,,,,MG,SANTANA DO RIACHO,1976,875,0,70,2,328,47,0,1,22,503,35,27,0,35,1,0,0,0,0,4,26,,,,,
,,,,,,MG,SANTANA DOS MONTES,1682,742,0,63,2,159,27,0,3,11,627,10,13,0,12,2,0,2,0,0,2,7,,,,,
,,,,,,MG,SANTO ANTONIO DO AMPARO,9184,5172,0,435,96,922,316,0,12,68,1511,132,198,0,171,92,1,11,0,1,2,44,,,,,
,,,,,,MG,SANTO ANTONIO DO AVENTUREIRO,2159,927,0,72,53,222,35,0,8,8,703,43,10,0,45,23,1,2,0,0,0,7,,,,,
,,,,,,MG,SANTO ANTONIO DO GRAMA,1787,938,0,65,8,137,26,0,15,10,498,7,16,0,48,6,0,4,0,0,3,6,,,,,
,,,,,,MG,SANTO ANTONIO DO ITAMBE,1636,648,0,23,3,136,15,0,5,13,743,12,19,0,9,2,0,0,0,0,1,7,,,,,
,,,,,,MG,SANTO ANTONIO DO JACINTO,4642,1221,0,58,0,355,54,0,0,19,2796,41,49,0,35,0,0,0,0,0,1,13,,,,,
,,,,,,MG,SANTO ANTONIO DO MONTE,23380,13072,0,836,69,2706,517,0,18,95,3485,782,151,0,1196,97,13,92,0,2,6,243,,,,,
,,,,,,MG,SANTO ANTONIO DO RETIRO,3052,927,0,101,4,255,26,0,4,9,1479,88,80,0,68,7,0,0,0,2,1,1,,,,,
,,,,,,MG,SANTO ANTONIO DO RIO ABAIXO,661,219,0,30,0,60,8,0,1,9,303,13,13,0,4,0,0,0,0,0,0,1,,,,,
,,,,,,MG,SANTO HIPOLITO,1055,379,0,35,2,122,16,0,4,8,446,9,8,0,20,3,0,0,0,0,0,3,,,,,
,,,,,,MG,SANTOS DUMONT,22720,12056,0,470,108,1455,718,0,143,137,6145,565,157,0,356,133,0,61,0,3,16,197,,,,,
,,,,,,MG,SAO BENTO ABADE,2225,1412,0,73,8,250,79,0,1,25,290,9,31,0,26,13,0,0,0,1,0,7,,,,,
,,,,,,MG,SAO BRAS DO SUACUI,2717,1551,0,80,27,298,80,0,5,16,479,26,22,0,71,25,0,6,0,0,2,29,,,,,
,,,,,,MG,SAO DOMINGOS DAS DORES,4690,1731,0,194,2,547,81,0,3,18,1947,68,27,0,47,5,0,2,0,0,4,14,,,,,
,,,,,,MG,SAO DOMINGOS DO PRATA,10338,5493,0,493,49,1120,234,0,43,27,2481,51,122,0,116,28,1,9,0,1,4,66,,,,,
,,,,,,MG,SAO FELIX DE MINAS,1561,468,0,40,1,147,13,0,4,3,735,103,18,0,22,0,0,3,0,0,0,4,,,,,
,,,,,,MG,SAO FRANCISCO,22374,7012,0,491,53,1586,359,0,20,48,10080,1651,288,0,604,88,0,10,0,0,7,77,,,,,
,,,,,,MG,SAO FRANCISCO DE PAULA,4329,2140,0,120,10,466,93,0,2,50,1176,150,38,0,45,13,0,5,0,1,3,17,,,,,
,,,,,,MG,SAO FRANCISCO DE SALES,3545,1738,0,99,5,493,46,0,17,16,698,167,33,0,216,4,0,1,0,0,0,12,,,,,
,,,,,,MG,SAO FRANCISCO DO GLORIA,2372,1172,0,83,20,253,27,0,7,18,716,7,13,0,35,15,0,5,0,0,0,1,,,,,
,,,,,,MG,SAO GERALDO,6036,2772,0,314,13,482,116,0,125,19,1837,137,32,0,102,11,1,12,0,1,16,46,,,,,
,,,,,,MG,SAO GERALDO DA PIEDADE,2103,521,0,39,2,193,11,0,1,7,1184,90,18,0,25,2,0,0,0,0,1,9,,,,,
,,,,,,MG,SAO GERALDO DO BAIXIO,1016,414,0,22,0,75,18,0,5,3,424,25,6,0,18,0,0,1,0,0,0,5,,,,,
,,,,,,MG,SAO GONCALO DO ABAETE,3394,1681,0,169,111,465,49,0,7,31,471,140,28,0,110,110,0,14,0,0,0,8,,,,,
,,,,,,MG,SAO GONCALO DO PARA,10598,5066,0,430,134,1131,228,0,16,42,2516,418,80,0,236,193,8,17,0,0,9,74,,,,,
,,,,,,MG,SAO GONCALO DO RIO ABAIXO,7493,4140,0,284,85,759,202,0,53,77,1279,185,88,0,177,83,0,12,0,1,6,62,,,,,
,,,,,,MG,SAO GONCALO DO RIO PRETO,1621,754,0,41,1,177,28,0,1,16,521,15,16,0,32,2,0,4,0,0,3,10,,,,,
,,,,,,MG,SAO GONCALO DO SAPUCAI,15125,8626,0,624,166,1630,512,0,28,76,2390,341,118,0,266,189,4,21,0,0,7,127,,,,,
,,,,,,MG,SAO GOTARDO,32879,15913,0,1372,264,4766,571,0,51,160,6490,1145,543,0,793,369,2,35,0,1,14,390,,,,,
,,,,,,MG,SAO JOAO BATISTA DO GLORIA,5992,2599,0,212,24,648,138,0,7,13,1873,80,37,0,127,55,0,4,0,0,4,171,,,,,
,,,,,,MG,SAO JOAO DA LAGOA,1665,655,0,56,2,213,28,0,3,28,560,61,16,0,33,2,0,2,0,0,0,6,,,,,
,,,,,,MG,SAO JOAO DA MATA,2266,1171,0,67,3,281,48,0,1,29,561,30,4,0,54,5,0,3,0,0,0,9,,,,,
,,,,,,MG,SAO JOAO DA PONTE,9407,3415,0,122,14,618,132,0,11,19,4475,290,93,0,173,15,0,2,0,0,4,24,,,,,
,,,,,,MG,SAO JOAO DAS MISSOES,2801,626,0,49,0,247,32,0,0,12,1715,43,41,0,27,0,0,0,0,0,3,6,,,,,
,,,,,,MG,SAO JOAO DEL REI,63918,31305,0,1327,242,4449,2506,0,311,297,17853,2637,262,0,1475,279,6,216,0,5,84,664,,,,,
,,,,,,MG,SAO JOAO DO MANHUACU,8634,3961,0,338,68,1068,99,0,16,36,2642,106,70,0,97,76,0,5,0,0,3,49,,,,,
,,,,,,MG,SAO JOAO DO MANTENINHA,3687,1119,0,182,2,231,57,0,3,18,1634,309,12,0,99,6,0,2,0,0,2,11,,,,,
,,,,,,MG,SAO JOAO DO ORIENTE,4102,1751,0,146,4,417,63,0,44,12,1459,99,16,0,62,5,0,1,0,0,6,17,,,,,
,,,,,,MG,SAO JOAO DO PACUI,1183,455,0,30,0,98,14,0,0,16,503,23,14,0,27,0,0,0,0,0,1,2,,,,,
,,,,,,MG,SAO JOAO DO PARAISO,12702,4012,0,252,108,905,134,0,19,82,5979,713,152,0,154,158,1,2,0,0,5,26,,,,,
,,,,,,MG,SAO JOAO EVANGELISTA,9662,4501,0,199,11,964,185,0,16,46,3239,133,55,0,234,13,0,9,0,1,11,45,,,,,
,,,,,,MG,SAO JOAO NEPOMUCENO,15595,8276,0,311,11,1143,413,0,73,50,4369,430,32,0,236,37,3,48,0,2,12,149,,,,,
,,,,,,MG,SAO JOAQUIM DE BICAS,18711,10251,0,738,760,1518,510,0,87,78,2934,175,98,0,441,980,0,13,0,12,9,107,,,,,
,,,,,,MG,SAO JOSE DA BARRA,4609,2506,0,137,12,525,111,0,10,29,816,84,47,0,205,21,0,4,0,0,2,100,,,,,
,,,,,,MG,SAO JOSE DA LAPA,21495,11445,0,1238,207,1868,706,0,43,191,4254,343,384,0,340,259,0,12,0,9,19,177,,,,,
,,,,,,MG,SAO JOSE DA SAFIRA,1287,303,0,10,0,96,8,0,1,3,787,44,10,0,20,0,0,0,0,0,0,5,,,,,
,,,,,,MG,SAO JOSE DA VARGINHA,2547,967,0,76,11,238,28,0,7,9,1020,113,13,0,35,20,0,2,0,1,0,7,,,,,
,,,,,,MG,SAO JOSE DO ALEGRE,2219,1240,0,57,1,196,61,0,33,10,525,13,12,0,57,0,0,2,0,0,0,12,,,,,
,,,,,,MG,SAO JOSE DO DIVINO,917,294,0,14,5,91,6,0,3,12,442,20,7,0,13,0,0,3,0,1,0,6,,,,,
,,,,,,MG,SAO JOSE DO GOIABAL,2814,1350,0,67,4,234,66,0,23,12,866,15,41,0,112,6,2,1,0,0,5,10,,,,,
,,,,,,MG,SAO JOSE DO JACURI,3485,1266,0,93,6,311,43,0,4,17,1567,66,24,0,61,12,0,0,0,2,2,11,,,,,
,,,,,,MG,SAO JOSE DO MANTIMENTO,2020,643,0,61,0,146,16,0,13,5,1065,32,10,0,19,1,0,1,0,0,3,5,,,,,
,,,,,,MG,SAO LOURENCO,30958,15155,0,549,55,2352,1294,0,71,92,8951,1336,83,0,387,50,5,53,0,5,41,479,,,,,
,,,,,,MG,SAO MIGUEL DO ANTA,3997,1562,0,115,3,310,36,0,28,18,1805,34,18,0,43,3,0,2,0,1,6,13,,,,,
,,,,,,MG,SAO PEDRO DA UNIAO,4400,1947,0,171,10,615,80,0,3,19,1366,62,26,0,53,11,0,6,0,1,0,30,,,,,
,,,,,,MG,SAO PEDRO DO SUACUI,2226,940,0,83,4,202,28,0,6,10,827,38,16,0,45,5,0,2,0,0,3,17,,,,,
,,,,,,MG,SAO PEDRO DOS FERROS,3094,1610,0,112,19,213,51,0,27,16,877,16,56,0,47,35,0,4,0,1,2,8,,,,,
,,,,,,MG,SAO ROMAO,3080,1195,0,76,31,332,76,0,8,12,1039,118,26,0,91,54,0,1,0,0,3,18,,,,,
,,,,,,MG,SAO ROQUE DE MINAS,6886,2804,0,326,10,1293,160,0,15,41,1749,112,55,0,81,15,0,9,0,0,2,214,,,,,
,,,,,,MG,SAO SEBASTIAO DA BELA VISTA,2923,1502,0,139,36,302,87,0,15,31,581,37,27,0,94,56,0,2,0,0,0,14,,,,,
,,,,,,MG,SAO SEBASTIAO DA VARGEM ALEGRE,2203,920,0,67,14,214,31,0,17,7,808,56,14,0,39,12,0,1,0,0,1,2,,,,,
,,,,,,MG,SAO SEBASTIAO DO ANTA,4308,1548,0,110,8,526,51,0,5,10,1900,74,19,0,35,4,1,0,0,0,6,11,,,,,
,,,,,,MG,SAO SEBASTIAO DO MARANHAO,4010,1248,0,50,1,268,54,0,16,17,2135,97,45,0,64,1,0,2,0,0,4,8,,,,,
,,,,,,MG,SAO SEBASTIAO DO OESTE,4726,2182,0,274,35,518,91,0,19,17,1177,86,145,0,93,59,0,11,0,1,1,17,,,,,
,,,,,,MG,SAO SEBASTIAO DO PARAISO,58915,31520,0,1879,614,5159,2025,0,254,213,10886,3439,316,0,1190,651,16,73,0,3,22,655,,,,,
,,,,,,MG,SAO SEBASTIAO DO RIO PRETO,490,175,0,13,0,48,2,0,0,13,217,8,8,0,6,0,0,0,0,0,0,0,,,,,
,,,,,,MG,SAO SEBASTIAO DO RIO VERDE,1142,597,0,30,1,130,28,0,6,8,288,13,9,0,21,0,0,5,0,0,0,6,,,,,
,,,,,,MG,SAO TIAGO,7418,4272,0,337,28,888,182,0,6,37,1351,57,48,0,142,23,1,21,0,0,9,16,,,,,
,,,,,,MG,SAO TOMAS DE AQUINO,4434,2651,0,193,10,666,158,0,10,41,537,45,25,0,62,7,0,13,0,1,1,14,,,,,
,,,,,,MG,SAO TOME DAS LETRAS,2789,1364,0,117,1,343,101,0,0,17,721,4,49,0,37,2,0,2,0,0,0,31,,,,,
,,,,,,MG,SAO VICENTE DE MINAS,3657,2138,0,149,11,462,137,0,10,34,547,51,16,0,50,13,2,3,0,0,1,33,,,,,
,,,,,,MG,SAPUCAI-MIRIM,4415,2320,0,236,12,450,160,0,11,45,995,30,15,0,69,17,0,11,0,1,2,41,,,,,
,,,,,,MG,SARDOA,4444,1496,0,104,4,384,38,0,8,18,2043,191,22,0,108,11,0,0,0,0,5,12,,,,,
,,,,,,MG,SARZEDO,27816,15381,0,1443,309,2351,836,0,105,119,5430,401,368,0,458,350,1,12,0,7,5,240,,,,,
,,,,,,MG,SEM-PEIXE,1298,528,0,30,2,124,15,0,4,12,547,0,15,0,13,2,0,0,0,0,0,6,,,,,
,,,,,,MG,SENADOR AMARAL,5387,2424,0,175,3,1002,103,0,4,17,1507,58,23,0,40,2,0,1,0,0,1,27,,,,,
,,,,,,MG,SENADOR CORTES,1079,615,0,27,3,126,26,0,3,8,227,12,8,0,17,6,0,0,0,0,1,0,,,,,
,,,,,,MG,SENADOR FIRMINO,8160,3143,0,215,7,609,122,0,71,25,3611,127,45,0,113,3,0,9,0,0,10,50,,,,,
,,,,,,MG,SENADOR JOSE BENTO,684,406,0,15,1,96,21,0,1,7,113,4,6,0,11,0,1,2,0,0,0,0,,,,,
,,,,,,MG,SENADOR MODESTINO GONCALVES,1739,723,0,58,2,210,18,0,1,10,653,8,17,0,19,0,0,1,0,0,9,10,,,,,
,,,,,,MG,SENHORA DE OLIVEIRA,3529,1607,0,143,17,350,60,0,15,19,1154,37,45,0,33,17,0,2,0,1,0,29,,,,,
,,,,,,MG,SENHORA DO PORTO,1481,583,0,30,11,156,11,0,3,10,609,10,16,0,27,8,0,4,0,0,0,3,,,,,
,,,,,,MG,SENHORA DOS REMEDIOS,6885,2776,0,199,20,509,163,0,7,64,2718,167,54,0,126,35,0,0,0,1,5,41,,,,,
,,,,,,MG,SERICITA,6282,2430,0,189,8,932,45,0,42,8,2490,48,16,0,45,11,0,1,0,2,3,12,,,,,
,,,,,,MG,SERITINGA,1067,640,0,42,0,129,32,0,0,6,161,19,5,0,24,2,0,0,0,0,0,7,,,,,
,,,,,,MG,SERRA AZUL DE MINAS,1488,525,0,26,1,117,9,0,0,6,703,60,21,0,16,0,0,0,0,0,1,3,,,,,
,,,,,,MG,SERRA DA SAUDADE,477,263,0,13,1,117,8,0,0,12,47,4,2,0,5,1,0,1,0,0,0,3,,,,,
,,,,,,MG,SERRA DO SALITRE,8364,4437,0,375,88,1199,193,0,27,44,1171,120,174,0,285,129,1,25,0,0,8,88,,,,,
,,,,,,MG,SERRA DOS AIMORES,2438,946,0,95,14,142,23,0,10,10,912,113,43,0,100,23,0,1,0,0,1,5,,,,,
,,,,,,MG,SERRANIA,4012,2321,0,128,15,405,142,0,11,32,725,91,33,0,57,22,1,5,0,0,0,24,,,,,
,,,,,,MG,SERRANOPOLIS DE MINAS,1745,425,0,27,0,140,20,0,3,6,1035,47,21,0,16,2,0,0,0,0,0,3,,,,,
,,,,,,MG,SERRANOS,1137,658,0,36,0,110,17,0,4,6,255,19,7,0,16,4,0,0,0,0,0,5,,,,,
,,,,,,MG,SERRO,10501,4913,0,246,22,1161,193,0,21,42,3474,64,110,0,118,17,1,20,0,3,7,89,,,,,
,,,,,,MG,SETE LAGOAS,165396,84364,0,4398,2006,16400,6146,0,1674,482,34456,5588,952,0,3511,2731,8,845,0,36,51,1748,,,,,
,,,,,,MG,SETUBINHA,2634,855,0,63,2,221,27,0,2,30,1287,45,73,0,20,1,0,2,0,0,0,6,,,,,
,,,,,,MG,SILVEIRANIA,1298,590,0,28,1,129,43,0,6,10,427,15,10,0,18,3,0,1,0,0,3,14,,,,,
,,,,,,MG,SILVIANOPOLIS,3600,1931,0,123,19,457,68,0,10,18,787,65,22,0,63,9,0,5,0,0,1,22,,,,,
,,,,,,MG,SIMAO PEREIRA,2016,1218,0,64,8,180,89,0,4,21,288,28,11,0,50,13,0,2,0,1,4,35,,,,,
,,,,,,MG,SIMONESIA,15610,5648,0,489,10,2003,215,0,21,23,6785,125,77,0,136,9,0,8,0,0,4,57,,,,,
,,,,,,MG,SOBRALIA,2647,1172,0,60,4,223,28,0,8,6,1012,72,10,0,36,2,0,0,0,0,2,12,,,,,
,,,,,,MG,SOLEDADE DE MINAS,2898,1308,0,56,7,218,95,0,2,35,1016,78,5,0,46,6,0,1,0,0,1,24,,,,,
,,,,,,MG,TABULEIRO,2225,1146,0,84,1,198,61,0,30,14,591,21,13,0,43,5,0,4,0,2,3,9,,,,,
,,,,,,MG,TAIOBEIRAS,31219,9697,0,1427,223,3297,471,0,64,126,12283,1898,393,0,811,261,0,9,0,5,17,237,,,,,
,,,,,,MG,TAPARUBA,1614,627,0,50,6,116,17,0,42,9,643,62,13,0,21,5,0,0,0,0,0,3,,,,,
,,,,,,MG,TAPIRA,2916,1399,0,180,8,544,97,0,7,31,454,33,37,0,73,14,0,3,0,1,2,33,,,,,
,,,,,,MG,TAPIRAI,831,405,0,31,1,147,11,0,1,10,169,15,14,0,20,0,0,5,0,0,0,2,,,,,
,,,,,,MG,TAQUARACU DE MINAS,3760,1431,0,355,88,522,84,0,0,83,566,11,377,0,40,172,0,4,0,1,2,24,,,,,
,,,,,,MG,TARUMIRIM,7115,2887,0,224,18,770,125,0,18,30,2584,205,41,0,128,18,3,6,0,0,4,54,,,,,
,,,,,,MG,TEIXEIRAS,8762,3828,0,197,20,718,177,0,138,15,3277,128,27,0,142,30,0,10,0,2,9,44,,,,,
,,,,,,MG,TEOFILO OTONI,75714,28996,0,1871,316,6931,1761,0,849,261,27487,4137,258,0,1419,476,32,128,0,4,65,723,,,,,
,,,,,,MG,TIMOTEO,53923,29052,0,1230,293,3563,1756,0,570,197,13835,982,185,0,1069,352,3,76,0,11,23,726,,,,,
,,,,,,MG,TIRADENTES,6365,2985,0,141,11,659,249,0,25,29,1694,215,18,0,194,20,0,6,0,0,8,111,,,,,
,,,,,,MG,TIROS,5850,2859,0,243,17,1171,95,0,8,32,989,189,27,0,101,32,0,6,0,3,4,74,,,,,
,,,,,,MG,TOCANTINS,11157,4673,0,337,39,811,223,0,280,23,4109,342,34,0,133,51,11,5,0,1,10,75,,,,,
,,,,,,MG,TOCOS DO MOJI,3048,1373,0,85,3,540,56,0,2,15,881,41,17,0,23,3,0,0,0,0,0,9,,,,,
,,,,,,MG,TOLEDO,4046,1974,0,172,12,492,86,0,3,23,1072,105,25,0,44,12,0,0,0,1,0,25,,,,,
,,,,,,MG,TOMBOS,5228,2374,0,149,7,403,106,0,21,54,1823,102,51,0,93,9,0,10,0,0,6,20,,,,,
,,,,,,MG,TRES CORACOES,41153,23060,0,1307,191,3913,1560,0,48,129,7854,1511,208,0,620,237,5,49,0,3,20,438,,,,,
,,,,,,MG,TRES MARIAS,20572,10529,0,517,138,2078,452,0,193,72,4128,711,155,0,1183,200,0,58,0,3,12,143,,,,,
,,,,,,MG,TRES PONTAS,38745,21076,0,1342,223,3836,1265,0,27,164,7043,1792,256,0,738,274,2,42,0,5,11,649,,,,,
,,,,,,MG,TUMIRITINGA,1745,703,0,50,1,134,23,0,17,6,681,47,14,0,57,0,0,1,0,1,2,8,,,,,
,,,,,,MG,TUPACIGUARA,21784,9707,0,757,528,2498,557,0,128,126,3091,1490,130,0,1493,1111,1,13,0,3,6,145,,,,,
,,,,,,MG,TURMALINA,16922,5052,0,629,109,1652,204,0,44,60,7995,410,150,0,262,190,1,12,0,2,78,72,,,,,
,,,,,,MG,TURVOLANDIA,3767,1998,0,174,4,438,95,0,2,57,865,32,15,0,59,3,0,3,0,1,0,21,,,,,
,,,,,,MG,UBA,80895,33944,0,2322,283,5075,1790,0,3477,155,26881,3610,272,1,1802,363,19,92,0,8,94,707,,,,,
,,,,,,MG,UBAI,3956,1364,0,100,2,301,52,0,6,18,1821,116,79,0,79,6,0,2,0,0,0,10,,,,,
,,,,,,MG,UBAPORANGA,7666,3152,0,307,21,953,153,0,25,16,2605,214,60,0,95,24,1,5,0,1,8,26,,,,,
,,,,,,MG,UBERABA,270670,139661,0,6504,2535,22099,9784,0,4274,1298,54568,13907,1383,1,7128,3069,44,251,0,58,98,4008,,,,,
,,,,,,MG,UBERLANDIA,565639,284490,0,13164,6340,49211,20494,0,3064,1605,116962,24683,1955,2,23273,8434,6,604,15,392,260,10685,,,,,
,,,,,,MG,UMBURATIBA,699,197,0,16,0,77,7,0,3,9,349,17,8,0,14,0,0,0,0,0,0,2,,,,,
,,,,,,MG,UNAI,66471,26837,0,2083,1038,7616,1352,0,1148,168,14059,5471,687,0,3684,1754,42,57,0,3,41,431,,,,,
,,,,,,MG,UNIAO DE MINAS,2045,905,0,58,17,267,38,0,3,14,526,37,51,0,110,15,0,0,0,0,0,4,,,,,
,,,,,,MG,URUANA DE MINAS,1115,500,0,34,3,99,18,0,7,8,338,5,22,0,73,7,1,0,0,0,0,0,,,,,
,,,,,,MG,URUCANIA,4857,2549,0,244,34,451,66,0,39,19,1145,55,95,0,83,54,0,1,0,0,4,18,,,,,
,,,,,,MG,URUCUIA,3367,1316,0,122,11,275,59,0,7,12,1190,137,61,0,150,17,2,2,0,0,0,6,,,,,
,,,,,,MG,VARGEM ALEGRE,3104,1156,0,109,11,251,48,0,17,9,1355,55,21,0,37,16,1,0,0,0,3,15,,,,,
,,,,,,MG,VARGEM BONITA,1304,579,0,59,0,234,31,0,1,14,290,13,11,0,21,0,0,3,0,0,0,48,,,,,
,,,,,,MG,VARGEM GRANDE DO RIO PARDO,2483,697,0,69,10,146,15,0,6,10,1393,72,27,0,24,10,0,0,0,0,1,3,,,,,
,,,,,,MG,VARGINHA,99322,53374,0,2284,1074,9292,3688,0,89,256,20860,3288,330,0,1625,1258,0,155,0,71,44,1634,,,,,
,,,,,,MG,VARJAO DE MINAS,5323,2600,0,166,126,658,99,0,8,46,801,231,96,0,241,207,0,5,0,1,0,38,,,,,
,,,,,,MG,VARZEA DA PALMA,19967,7439,0,669,296,1840,393,0,156,47,6020,1634,174,0,690,463,4,16,0,1,42,83,,,,,
,,,,,,MG,VARZELANDIA,9646,3016,0,94,6,598,115,0,12,18,5178,372,82,0,125,6,0,6,0,0,1,17,,,,,
,,,,,,MG,VAZANTE,15937,8795,0,476,70,2223,281,0,59,80,2328,663,87,0,602,97,1,46,0,14,15,100,,,,,
,,,,,,MG,VERDELANDIA,2336,725,0,28,0,171,32,0,9,13,1200,100,25,0,30,0,0,1,0,0,2,0,,,,,
,,,,,,MG,VEREDINHA,3672,1186,0,116,38,385,23,0,4,9,1696,44,30,0,68,41,0,3,0,0,11,18,,,,,
,,,,,,MG,VERISSIMO,1138,677,0,38,1,167,20,0,6,35,138,8,12,0,28,2,0,2,0,0,0,4,,,,,
,,,,,,MG,VERMELHO NOVO,3600,1240,0,154,0,382,34,0,16,13,1642,41,36,0,31,1,0,0,0,1,0,9,,,,,
,,,,,,MG,VESPASIANO,58962,33500,0,1350,267,4339,1922,0,71,327,13730,984,361,0,922,659,0,43,1,7,18,461,,,,,
,,,,,,MG,VICOSA,55364,24995,0,861,85,4179,1298,0,591,198,19646,1527,288,0,779,106,4,71,0,4,57,675,,,,,
,,,,,,MG,VIEIRAS,2580,1066,0,62,5,277,20,0,7,14,1066,18,10,0,24,1,0,1,0,0,2,7,,,,,
,,,,,,MG,VIRGEM DA LAPA,5079,1698,0,84,6,553,87,0,3,19,2413,64,49,0,66,8,1,2,0,0,8,18,,,,,
,,,,,,MG,VIRGINIA,5454,2297,0,262,59,733,158,0,11,41,1673,46,20,0,53,71,0,3,0,0,2,25,,,,,
,,,,,,MG,VIRGINOPOLIS,6995,2845,0,210,14,838,113,0,15,23,2483,175,48,0,153,27,0,7,0,0,3,41,,,,,
,,,,,,MG,VIRGOLANDIA,2140,599,0,32,0,202,24,0,3,6,1120,115,21,0,12,1,0,0,0,0,2,3,,,,,
,,,,,,MG,VISCONDE DO RIO BRANCO,31888,11971,0,1485,391,1849,514,0,1186,64,11296,1460,123,0,807,455,5,35,0,1,37,209,,,,,
,,,,,,MG,VOLTA GRANDE,1887,1040,0,74,17,146,53,0,23,19,393,37,14,0,36,28,0,2,0,0,2,3,,,,,
,,,,,,MG,WENCESLAU BRAZ,1161,625,0,48,0,123,31,0,4,7,276,7,17,0,17,0,0,2,0,0,0,4,,,,,
,,,,,,MS,AGUA CLARA,12519,4960,0,634,196,1695,328,0,12,55,2653,909,165,0,433,328,2,12,0,2,5,130,,,,,
,,,,,,MS,ALCINOPOLIS,3860,1198,0,158,25,836,61,0,6,36,1027,245,28,0,152,46,0,6,0,1,0,35,,,,,
,,,,,,MS,AMAMBAI,25884,10528,0,979,545,3498,537,0,58,48,5250,2335,144,0,610,886,15,23,0,0,12,416,,,,,
,,,,,,MS,ANASTACIO,16151,5594,0,544,115,1716,199,0,21,29,5564,1541,73,0,446,178,11,20,0,1,5,94,,,,,
,,,,,,MS,ANAURILANDIA,4958,2468,0,197,46,736,118,0,7,33,761,176,75,0,180,87,4,10,0,0,4,56,,,,,
,,,,,,MS,ANGELICA,8722,3633,0,366,96,995,133,0,3,74,1758,660,103,0,460,376,0,16,0,1,1,47,,,,,
,,,,,,MS,ANTONIO JOAO,5120,2440,0,206,123,908,106,0,0,14,829,62,44,0,130,202,1,2,0,0,0,53,,,,,
,,,,,,MS,APARECIDA DO TABOADO,21582,8990,0,568,127,2199,426,0,123,64,5097,2600,142,0,806,160,5,39,0,2,27,207,,,,,
,,,,,,MS,AQUIDAUANA,25783,9588,0,462,100,2633,473,0,32,34,8815,2414,99,0,691,169,15,43,0,2,6,207,,,,,
,,,,,,MS,ARAL MOREIRA,4165,1770,0,300,141,771,82,0,0,16,607,49,49,0,88,225,0,2,0,0,2,63,,,,,
,,,,,,MS,BANDEIRANTES,5382,2230,0,297,100,911,138,0,9,23,1025,199,53,0,144,194,0,3,0,0,4,52,,,,,
,,,,,,MS,BATAGUASSU,17307,8723,0,594,212,2005,451,0,33,73,2762,1023,247,0,698,269,6,27,0,3,7,174,,,,,
,,,,,,MS,BATAYPORA,7800,3321,0,214,178,903,125,0,6,25,1745,535,53,0,355,274,4,10,0,0,3,49,,,,,
,,,,,,MS,BELA VISTA,10288,4675,0,462,62,1485,250,0,9,71,2250,316,106,0,296,115,15,17,0,0,1,158,,,,,
,,,,,,MS,BODOQUENA,5135,2137,0,167,23,705,88,0,11,34,1483,221,60,0,110,56,2,2,0,0,0,36,,,,,
,,,,,,MS,BONITO,16614,6153,0,472,108,2354,432,0,31,95,4396,1511,127,0,458,185,23,23,0,1,10,235,,,,,
,,,,,,MS,BRASILANDIA,9050,3803,0,351,123,1219,197,0,12,36,1792,728,125,0,334,225,3,17,0,0,4,81,,,,,
,,,,,,MS,CAARAPO,19427,8272,0,749,470,2371,422,0,18,36,3307,1746,234,0,664,803,6,21,0,0,7,301,,,,,
,,,,,,MS,CAMAPUA,10337,3784,0,475,126,1855,251,0,15,64,2334,712,67,0,311,203,1,22,0,2,3,112,,,,,
,,,,,,MS,CAMPO GRANDE,743674,350721,0,18810,6561,70503,23064,0,1216,1372,182683,40764,2862,2,17132,10705,164,2354,1,123,251,14386,,,,,
,,,,,,MS,CARACOL,2583,1158,0,91,14,480,50,0,0,30,557,65,28,0,58,27,1,3,0,0,0,21,,,,,
,,,,,,MS,CASSILANDIA,19652,7389,0,605,119,2606,441,0,152,40,5418,1912,86,0,500,175,0,46,1,3,7,152,,,,,
,,,,,,MS,CHAPADAO DO SUL,28714,10457,0,1262,782,4404,761,0,53,82,4639,2671,181,0,1437,1342,19,22,0,6,6,590,,,,,
,,,,,,MS,CORGUINHO,2339,989,0,93,9,363,72,0,0,25,589,61,35,0,58,13,1,4,0,0,2,25,,,,,
,,,,,,MS,CORONEL SAPUCAIA,4707,2108,0,420,117,766,101,0,0,17,644,132,50,0,98,160,0,4,0,0,0,90,,,,,
,,,,,,MS,CORUMBA,53370,23897,0,1083,828,4359,1254,0,96,123,13943,3437,304,0,970,2354,27,99,0,18,39,539,,,,,
,,,,,,MS,COSTA RICA,20754,7933,0,742,302,2968,427,0,52,37,4576,2187,164,0,628,489,4,26,0,1,2,216,,,,,
,,,,,,MS,COXIM,27323,8731,0,833,289,3143,451,0,154,31,8196,3477,126,0,951,584,7,44,0,2,9,295,,,,,
,,,,,,MS,DEODAPOLIS,10253,4745,0,377,75,1250,196,0,27,28,2254,665,152,0,253,125,6,16,0,4,5,75,,,,,
,,,,,,MS,DOIS IRMAOS DO BURITI,5399,2311,0,208,24,628,84,0,8,37,1585,262,51,0,120,48,1,2,0,0,0,30,,,,,
,,,,,,MS,DOURADINA,4905,1860,0,272,192,585,70,0,10,9,1024,376,29,0,125,316,1,9,0,0,1,26,,,,,
,,,,,,MS,DOURADOS,203705,88081,0,5506,3217,21787,5576,0,762,321,41967,20174,580,0,5554,5625,113,462,0,30,98,3852,,,,,
,,,,,,MS,ELDORADO,8315,3629,0,329,170,880,130,0,5,26,1487,925,50,0,302,273,3,11,0,0,2,93,,,,,
,,,,,,MS,FATIMA DO SUL,16783,7334,0,548,295,1829,344,0,59,23,3419,1604,76,0,545,465,8,36,0,1,5,192,,,,,
,,,,,,MS,FIGUEIRAO,1806,608,0,81,8,404,55,0,0,32,449,65,17,0,54,14,2,0,0,0,0,17,,,,,
,,,,,,MS,GLORIA DE DOURADOS,7970,3628,0,263,43,990,141,0,33,19,1776,621,46,0,229,78,2,15,0,0,2,84,,,,,
,,,,,,MS,GUIA LOPES DA LAGUNA,7020,2868,0,247,52,939,97,0,25,24,1878,509,34,0,210,83,2,9,0,0,1,42,,,,,
,,,,,,MS,IGUATEMI,9629,4200,0,333,168,1131,209,0,40,21,1981,743,113,0,295,249,2,14,0,0,3,127,,,,,
,,,,,,MS,INOCENCIA,7355,3061,0,430,47,1312,170,0,4,22,1393,382,86,0,277,73,3,8,0,0,5,82,,,,,
,,,,,,MS,ITAPORA,14223,5459,0,611,410,1909,205,0,140,32,2957,1183,70,0,421,659,5,17,0,0,2,143,,,,,
,,,,,,MS,ITAQUIRAI,11498,5159,0,339,127,1168,182,0,15,18,2889,854,169,0,284,169,5,5,0,1,3,111,,,,,
,,,,,,MS,IVINHEMA,24027,9394,0,859,389,2728,421,0,16,70,4710,3017,211,0,1066,836,7,27,0,3,7,266,,,,,
,,,,,,MS,JAPORA,2214,967,0,56,12,303,38,0,0,7,626,42,46,0,80,23,0,2,0,0,0,12,,,,,
,,,,,,MS,JARAGUARI,2948,1286,0,147,40,540,92,0,0,17,590,46,30,0,83,39,1,9,0,0,0,28,,,,,
,,,,,,MS,JARDIM,17351,7150,0,668,156,2267,356,0,16,27,4017,1408,87,0,675,272,12,26,0,2,4,208,,,,,
,,,,,,MS,JATEI,2537,1103,0,77,7,388,32,0,4,10,612,99,55,0,88,21,0,6,0,0,0,35,,,,,
,,,,,,MS,JUTI,4010,1932,0,143,35,591,70,0,5,24,795,173,49,0,108,58,1,2,0,0,2,22,,,,,
,,,,,,MS,LADARIO,10740,5438,0,221,130,840,259,0,29,25,2593,758,77,0,110,180,2,14,0,1,7,56,,,,,
,,,,,,MS,LAGUNA CARAPA,4350,1651,0,288,166,804,107,0,1,12,650,115,51,0,144,284,0,4,0,0,1,72,,,,,
,,,,,,MS,MARACAJU,33833,12147,0,1566,1112,5229,904,0,107,64,4964,3506,228,0,1338,1928,11,29,0,4,3,693,,,,,
,,,,,,MS,MIRANDA,13372,5269,0,453,86,1621,244,0,19,44,3790,975,158,0,444,129,5,18,0,2,2,113,,,,,
,,,,,,MS,MUNDO NOVO,12731,5758,0,358,162,1267,270,0,13,55,2091,1693,49,0,509,286,8,14,0,1,10,187,,,,,
,,,,,,MS,NAVIRAI,42049,17242,0,1316,743,4083,895,0,206,85,9163,5049,248,0,1315,1006,42,47,0,1,21,587,,,,,
,,,,,,MS,NIOAQUE,7859,3412,0,275,22,1017,122,0,6,25,2345,257,79,0,184,40,7,7,0,0,1,60,,,,,
,,,,,,MS,NOVA ALVORADA DO SUL,14163,6177,0,636,318,1600,338,0,20,46,2503,1230,108,0,585,445,3,7,0,3,0,144,,,,,
,,,,,,MS,NOVA ANDRADINA,43600,18183,0,1268,613,4911,1038,0,123,62,9157,4805,362,0,1485,983,68,53,2,3,14,470,,,,,
,,,,,,MS,NOVO HORIZONTE DO SUL,3729,1599,0,88,31,394,35,0,0,13,1111,267,32,0,73,54,0,1,0,2,3,26,,,,,
,,,,,,MS,PARAISO DAS AGUAS,3270,1270,0,179,80,671,99,0,2,25,356,135,50,0,196,150,1,1,0,0,0,55,,,,,
,,,,,,MS,PARANAIBA,40072,15280,0,1090,347,4968,790,0,105,82,9892,4771,149,0,1598,525,13,72,0,0,41,349,,,,,
,,,,,,MS,PARANHOS,3006,1374,0,128,39,481,61,0,1,14,540,150,53,0,69,50,0,2,0,0,0,44,,,,,
,,,,,,MS,PEDRO GOMES,4842,1581,0,157,27,769,64,0,17,20,1482,489,35,0,101,59,0,6,0,0,0,35,,,,,
,,,,,,MS,PONTA PORA,55665,28254,0,2420,1450,7722,1649,0,16,160,7577,1015,446,0,1413,2307,11,106,0,6,14,1099,,,,,
,,,,,,MS,PORTO MURTINHO,3899,1470,0,112,15,521,104,0,0,18,1221,148,41,0,183,18,5,3,0,0,0,40,,,,,
,,,,,,MS,RIBAS DO RIO PARDO,17944,6056,0,933,256,2293,512,0,24,126,4044,1474,226,0,464,1297,8,19,0,0,1,211,,,,,
,,,,,,MS,RIO BRILHANTE,24960,9789,0,969,576,2912,584,0,24,56,4183,3170,197,0,1115,1033,8,25,0,7,6,306,,,,,
,,,,,,MS,RIO NEGRO,3456,1333,0,138,9,541,60,0,13,26,1035,124,25,0,97,19,2,9,0,0,0,25,,,,,
,,,,,,MS,RIO VERDE DE MATO GROSSO,13836,5015,0,491,108,1891,239,0,16,36,3629,1726,74,0,251,196,8,22,0,0,2,132,,,,,
,,,,,,MS,ROCHEDO,2883,1286,0,98,23,476,66,0,9,7,656,102,26,0,75,28,0,1,0,1,2,27,,,,,
,,,,,,MS,SANTA RITA DO PARDO,4505,1994,0,213,31,772,114,0,1,31,939,132,66,0,117,37,1,3,0,1,4,49,,,,,
,,,,,,MS,SAO GABRIEL DO OESTE,27995,9846,0,1271,1098,4034,660,0,48,45,4994,2390,153,0,966,2008,2,34,0,6,12,428,,,,,
,,,,,,MS,SELVIRIA,5148,2755,0,125,35,598,115,0,6,30,837,282,51,0,224,51,0,10,0,0,1,28,,,,,
,,,,,,MS,SETE QUEDAS,5468,2113,0,299,151,700,108,0,1,12,1309,211,28,0,162,279,0,3,0,2,1,89,,,,,
,,,,,,MS,SIDROLANDIA,28878,12029,0,933,682,3648,663,0,123,117,6148,1711,431,0,824,1219,11,21,0,1,12,305,,,,,
,,,,,,MS,SONORA,11808,3493,0,339,242,1225,171,0,41,56,3417,1575,128,1,558,469,2,13,0,1,4,73,,,,,
,,,,,,MS,TACURU,3482,1653,0,154,31,447,96,0,1,12,738,143,38,0,97,44,0,4,0,0,1,23,,,,,
,,,,,,MS,TAQUARUSSU,2310,1045,0,63,15,336,37,0,5,10,502,165,29,0,56,22,0,1,0,0,0,24,,,,,
,,,,,,MS,TERENOS,9235,3837,0,488,152,1291,181,0,19,18,2255,371,87,0,221,210,5,16,0,3,3,78,,,,,
,,,,,,MS,TRES LAGOAS,116668,49181,0,3022,1102,10619,3180,0,558,370,26327,12256,535,1,4260,3339,33,220,0,19,60,1586,,,,,
,,,,,,MS,VICENTINA,5241,2173,0,223,73,635,93,0,14,9,1277,285,135,0,179,94,0,12,0,1,0,38,,,,,
,,,,,,MT,ACORIZAL,2028,777,0,41,1,300,52,0,23,8,626,128,5,0,51,4,0,1,0,0,0,11,,,,,
,,,,,,MT,AGUA BOA,26043,7041,0,1000,830,3771,566,0,84,38,6675,3095,101,0,1184,1371,1,12,0,3,6,265,,,,,
,,,,,,MT,ALTA FLORESTA,62194,16427,0,1964,612,7479,1458,0,252,68,20466,10808,258,0,838,916,10,32,0,2,14,590,,,,,
,,,,,,MT,ALTO ARAGUAIA,11155,4117,0,336,157,1472,226,0,34,24,2737,1409,55,0,258,225,1,2,0,0,6,96,,,,,
,,,,,,MT,ALTO BOA VISTA,3516,742,0,135,57,516,69,0,5,3,1400,371,9,0,109,77,0,0,0,0,1,22,,,,,
,,,,,,MT,ALTO GARCAS,9354,2985,0,392,433,1233,213,0,11,27,1871,887,98,0,300,782,0,8,0,0,5,109,,,,,
,,,,,,MT,ALTO PARAGUAI,3183,958,0,58,14,353,44,0,6,17,1195,476,11,0,22,13,0,3,0,0,1,12,,,,,
,,,,,,MT,ALTO TAQUARI,6513,2535,0,359,177,899,189,0,13,26,1121,537,40,0,256,283,0,3,0,0,3,72,,,,,
,,,,,,MT,APIACAS,6266,1035,0,239,66,898,89,0,12,11,2527,1116,28,0,65,117,0,3,0,0,0,60,,,,,
,,,,,,MT,ARAGUAIANA,1514,506,0,56,7,209,29,0,8,3,422,163,8,0,86,10,0,0,0,0,0,7,,,,,
,,,,,,MT,ARAGUAINHA,324,120,0,17,1,68,6,0,1,4,69,21,1,0,13,1,0,0,0,0,0,2,,,,,
,,,,,,MT,ARAPUTANGA,13398,3825,0,381,65,1353,275,0,54,16,4823,2092,44,0,237,113,0,12,0,0,4,104,,,,,
,,,,,,MT,ARENAPOLIS,8754,2739,0,252,158,892,188,0,12,12,2517,1419,80,0,147,243,0,5,0,0,1,89,,,,,
,,,,,,MT,ARIPUANA,18231,3174,0,735,122,2750,567,0,7,22,7912,2208,108,0,247,165,0,0,0,0,5,209,,,,,
,,,,,,MT,BARAO DE MELGACO,1343,393,0,36,2,239,36,0,7,2,451,111,7,0,42,5,0,1,0,0,1,10,,,,,
,,,,,,MT,BARRA DO BUGRES,22344,6443,0,705,383,2088,479,0,84,30,6820,3681,231,0,609,564,5,27,0,1,12,182,,,,,
,,,,,,MT,BARRA DO GARCAS,64551,19899,0,1439,889,5880,1541,0,455,57,20202,9606,245,0,2086,1578,7,38,0,3,55,571,,,,,
,,,,,,MT,BOA ESPERANCA DO NORTE,583,181,0,20,22,143,17,0,1,4,63,37,3,0,18,55,0,0,0,0,0,19,,,,,
,,,,,,MT,BOM JESUS DO ARAGUAIA,5219,1329,0,200,94,831,105,0,13,13,1924,322,37,0,196,129,0,0,0,0,2,24,,,,,
,,,,,,MT,BRASNORTE,11933,3131,0,570,382,1792,249,0,6,16,3445,1131,97,0,322,641,0,6,0,0,12,133,,,,,
,,,,,,MT,CACERES,66131,20159,0,1500,529,6353,1107,0,287,96,22311,9919,440,0,1817,852,14,29,0,1,33,684,,,,,
,,,,,,MT,CAMPINAPOLIS,6652,1529,0,227,42,1084,106,0,9,14,2851,469,32,0,164,79,0,3,0,0,0,43,,,,,
,,,,,,MT,CAMPO NOVO DO PARECIS,38314,11854,0,1399,1330,5138,1029,0,63,123,7916,4849,280,0,1333,2359,5,40,0,10,22,564,,,,,
,,,,,,MT,CAMPO VERDE,40368,12967,0,1556,1564,5525,933,0,87,70,8236,4568,244,0,1295,2748,9,19,0,2,12,533,,,,,
,,,,,,MT,CAMPOS DE JULIO,6840,1851,0,572,265,841,171,0,5,23,1233,775,95,0,353,560,0,3,0,0,3,90,,,,,
,,,,,,MT,CANABRAVA DO NORTE,2903,643,0,75,49,321,56,0,4,1,1289,254,19,0,88,93,0,0,0,0,0,11,,,,,
,,,,,,MT,CANARANA,20995,5590,0,1043,679,3337,760,0,26,36,4828,2193,87,0,944,1102,2,12,0,0,3,353,,,,,
,,,,,,MT,CARLINDA,7708,2241,0,259,81,1041,115,0,31,4,2774,908,40,0,77,105,0,1,0,0,1,30,,,,,
,,,,,,MT,CASTANHEIRA,6599,1270,0,256,38,1006,138,0,4,4,3181,469,43,0,92,56,0,7,0,0,2,33,,,,,
,,,,,,MT,CHAPADA DOS GUIMARAES,12052,4756,0,337,48,1769,433,0,32,46,3053,772,77,0,386,107,3,13,0,1,12,207,,,,,
,,,,,,MT,CLAUDIA,10591,2427,0,553,462,1437,160,0,18,12,2812,1357,56,0,403,780,0,3,0,2,2,107,,,,,
,,,,,,MT,COCALINHO,2021,637,0,111,13,302,64,0,3,5,558,210,17,0,74,14,0,3,0,0,0,10,,,,,
,,,,,,MT,COLIDER,31720,8915,0,1212,492,3850,668,0,82,36,8514,6031,167,0,547,784,7,16,0,0,5,394,,,,,
,,,,,,MT,COLNIZA,19846,2944,0,771,134,2545,485,0,8,4,10929,1469,75,0,139,205,0,2,0,1,7,128,,,,,
,,,,,,MT,COMODORO,14772,3977,0,1119,366,1994,260,0,8,29,4053,1421,138,0,506,766,1,7,0,1,2,124,,,,,
,,,,,,MT,CONFRESA,24782,5865,0,757,390,3358,575,0,95,26,8665,3326,104,0,724,678,0,1,0,3,9,206,,,,,
,,,,,,MT,CONQUISTA D'OESTE,2839,680,0,100,15,405,49,0,2,8,1106,308,21,0,87,31,1,0,0,0,7,19,,,,,
,,,,,,MT,COTRIGUACU,7226,1269,0,280,46,1092,150,0,2,10,3588,553,74,0,62,58,0,0,0,2,1,39,,,,,
,,,,,,MT,CUIABA,545291,242520,0,13861,4559,55400,21069,0,2117,1126,125458,37733,5357,0,13487,8444,180,448,0,41,189,13302,,,,,
,,,,,,MT,CURVELANDIA,3941,1023,0,166,86,480,36,0,8,5,1362,457,32,0,124,143,0,0,0,1,1,17,,,,,
,,,,,,MT,DENISE,5367,1997,0,222,81,585,120,0,5,22,1245,768,62,0,120,102,1,3,0,0,0,34,,,,,
,,,,,,MT,DIAMANTINO,20445,5561,0,780,771,2485,368,0,11,38,5279,2647,142,0,667,1444,6,15,0,1,6,224,,,,,
,,,,,,MT,DOM AQUINO,5604,1762,0,182,40,765,93,0,8,12,1928,569,40,0,65,97,0,2,0,0,4,37,,,,,
,,,,,,MT,FELIZ NATAL,8007,1984,0,403,379,1125,137,0,13,10,1894,974,49,0,291,656,0,2,0,1,0,89,,,,,
,,,,,,MT,FIGUEIROPOLIS D'OESTE,2949,765,0,115,10,380,31,0,3,4,1268,263,15,0,60,12,0,2,0,0,0,21,,,,,
,,,,,,MT,GAUCHA DO NORTE,5524,1138,0,276,193,1085,239,0,5,10,1486,499,47,0,143,305,0,2,0,0,4,92,,,,,
,,,,,,MT,GENERAL CARNEIRO,1518,468,0,79,17,279,31,0,1,7,354,141,15,0,72,36,0,0,0,0,0,18,,,,,
,,,,,,MT,GLORIA D'OESTE,2518,841,0,118,34,362,35,0,3,5,784,214,24,0,61,26,0,0,0,0,1,10,,,,,
,,,,,,MT,GUARANTA DO NORTE,34776,8649,0,1341,506,5144,725,0,128,24,10854,5279,176,0,734,843,1,7,0,2,7,356,,,,,
,,,,,,MT,GUIRATINGA,7795,2570,0,261,91,1144,192,0,7,27,2155,943,31,0,132,162,0,2,0,0,3,75,,,,,
,,,,,,MT,INDIAVAI,1248,355,0,47,1,160,17,0,3,3,485,137,9,0,14,3,0,0,0,0,0,14,,,,,
,,,,,,MT,IPIRANGA DO NORTE,6523,1779,0,264,342,1124,147,0,6,16,1309,601,48,0,214,552,0,2,0,1,1,117,,,,,
,,,,,,MT,ITANHANGA,5450,1518,0,256,192,882,102,0,7,10,1360,540,28,0,155,327,0,2,0,0,0,71,,,,,
,,,,,,MT,ITAUBA,4528,1337,0,183,138,599,83,0,5,14,1020,629,19,0,200,240,0,3,0,0,1,57,,,,,
,,,,,,MT,ITIQUIRA,7464,2295,0,332,203,1118,159,0,6,41,1834,782,132,0,174,314,2,2,0,0,4,66,,,,,
,,,,,,MT,JACIARA,28972,8591,0,763,1664,2460,488,0,33,50,6518,3721,192,0,1022,3174,2,34,0,0,13,247,,,,,
,,,,,,MT,JANGADA,4036,1445,0,113,48,509,58,0,8,8,1312,330,25,0,75,89,2,1,0,0,3,10,,,,,
,,,,,,MT,JAURU,7568,2165,0,189,12,972,117,0,9,10,3282,551,54,0,125,19,0,1,0,0,3,59,,,,,
,,,,,,MT,JUARA,31391,7258,0,1290,321,4561,627,0,46,43,11747,4086,123,0,418,530,2,17,0,1,22,299,,,,,
,,,,,,MT,JUINA,42880,9517,0,1502,428,5259,1067,0,84,31,16016,6839,145,0,845,698,7,17,1,2,17,405,,,,,
,,,,,,MT,JURUENA,8525,1605,0,301,63,985,176,0,2,7,4059,1064,39,0,89,78,0,0,0,1,1,55,,,,,
,,,,,,MT,JUSCIMEIRA,7293,2363,0,220,203,897,154,0,4,14,1878,813,100,0,221,363,1,7,0,0,2,53,,,,,
,,,,,,MT,LAMBARI D'OESTE,3346,965,0,116,39,441,61,0,8,7,1262,250,45,0,76,62,0,1,0,0,1,12,,,,,
,,,,,,MT,LUCAS DO RIO VERDE,77358,22125,0,2834,2871,9217,1940,0,144,116,16680,11986,284,0,2513,5228,6,40,0,17,36,1321,,,,,
,,,,,,MT,LUCIARA,923,169,0,18,1,110,23,0,1,2,474,102,3,0,15,3,0,1,0,0,0,1,,,,,
,,,,,,MT,MARCELANDIA,11033,2486,0,587,323,1563,195,0,10,13,3546,1369,44,0,281,524,0,1,0,0,3,88,,,,,
,,,,,,MT,MATUPA,19995,5291,0,745,602,3213,407,0,58,17,4647,2780,96,0,738,1134,1,6,0,3,2,255,,,,,
,,,,,,MT,MIRASSOL D'OESTE,25104,7389,0,1115,341,3009,438,0,65,25,7285,4113,148,0,531,405,1,31,0,1,12,195,,,,,
,,,,,,MT,NOBRES,13867,4040,0,545,350,1545,270,0,101,61,3954,1724,89,0,401,678,2,6,0,1,4,96,,,,,
,,,,,,MT,NORTELANDIA,4237,1346,0,106,58,412,96,0,1,11,1386,582,33,0,54,125,0,3,0,0,2,22,,,,,
,,,,,,MT,NOSSA SENHORA DO LIVRAMENTO,5471,1961,0,262,42,871,96,0,34,39,1640,292,53,0,101,46,0,3,0,1,1,29,,,,,
,,,,,,MT,NOVA BANDEIRANTES,9569,1759,0,388,113,1448,161,0,4,6,4316,969,55,0,114,185,0,7,0,0,2,42,,,,,
,,,,,,MT,NOVA BRASILANDIA,2745,877,0,101,4,529,55,0,1,9,899,178,17,0,41,9,0,3,0,0,1,21,,,,,
,,,,,,MT,NOVA CANAA DO NORTE,10797,2730,0,381,114,1627,168,0,21,19,3876,1347,82,0,169,190,1,4,0,0,3,65,,,,,
,,,,,,MT,NOVA GUARITA,4803,1248,0,201,89,761,79,0,2,4,1568,473,27,0,119,172,0,3,0,0,1,56,,,,,
,,,,,,MT,NOVA LACERDA,4363,1103,0,360,45,673,80,0,0,16,1435,344,56,0,140,89,0,0,0,0,2,20,,,,,
,,,,,,MT,NOVA MARILANDIA,2334,673,0,86,48,330,35,0,2,10,734,264,17,0,40,71,0,0,0,1,1,22,,,,,
,,,,,,MT,NOVA MARINGA,4181,972,0,198,168,716,119,0,3,27,1079,377,16,0,125,317,0,1,0,0,2,61,,,,,
,,,,,,MT,NOVA MONTE VERDE,6881,1494,0,299,49,1058,136,0,16,8,2800,728,35,0,109,91,0,2,0,0,0,56,,,,,
,,,,,,MT,NOVA MUTUM,48539,14125,0,1778,1679,6379,1296,0,149,48,10658,7173,218,0,1303,2890,3,24,0,9,21,786,,,,,
,,,,,,MT,NOVA NAZARE,1016,308,0,23,17,142,16,0,1,9,330,63,11,0,65,25,0,0,0,1,1,4,,,,,
,,,,,,MT,NOVA OLIMPIA,11682,3880,0,369,362,911,197,0,19,24,3032,1627,196,0,535,473,2,8,0,1,4,42,,,,,
,,,,,,MT,NOVA SANTA HELENA,3158,855,0,157,105,513,45,0,1,12,773,328,31,0,133,163,0,0,0,1,2,39,,,,,
,,,,,,MT,NOVA UBIRATA,8992,2423,0,451,483,1459,224,0,23,35,1813,730,89,0,341,797,0,3,0,0,7,114,,,,,
,,,,,,MT,NOVA XAVANTINA,18563,5087,0,675,281,2129,462,0,80,53,5673,2430,64,0,987,479,0,9,0,1,4,149,,,,,
,,,,,,MT,NOVO HORIZONTE DO NORTE,2356,566,0,78,24,382,37,0,1,2,944,251,12,0,19,27,0,3,0,0,0,10,,,,,
,,,,,,MT,NOVO MUNDO,6143,1274,0,250,206,1197,83,0,12,10,1954,474,41,0,204,385,0,0,0,0,0,53,,,,,
,,,,,,MT,NOVO SANTO ANTONIO,645,130,0,12,3,116,26,0,1,4,267,44,5,0,31,3,0,0,0,0,0,3,,,,,
,,,,,,MT,NOVO SAO JOAQUIM,4823,1120,0,165,32,772,70,0,4,28,1931,430,25,0,101,106,0,0,0,0,3,36,,,,,
,,,,,,MT,PARANAITA,9627,2479,0,388,110,1559,168,0,8,22,2976,1421,79,0,144,192,0,5,0,0,2,74,,,,,
,,,,,,MT,PARANATINGA,18344,4483,0,743,453,2850,587,0,37,39,5512,2222,145,0,389,708,1,8,0,1,10,156,,,,,
,,,,,,MT,PEDRA PRETA,13546,4273,0,485,375,1558,263,0,17,26,3668,1857,79,0,264,570,1,10,0,2,5,93,,,,,
,,,,,,MT,PEIXOTO DE AZEVEDO,23990,5899,0,792,178,3398,426,0,98,18,8193,3965,124,0,368,271,0,5,0,5,11,239,,,,,
,,,,,,MT,PLANALTO DA SERRA,1731,504,0,75,41,268,27,0,2,5,593,151,19,0,21,19,0,0,0,0,0,6,,,,,
,,,,,,MT,POCONE,19516,5522,0,815,53,2361,317,0,61,55,7124,2554,51,0,383,62,0,7,0,0,4,147,,,,,
,,,,,,MT,PONTAL DO ARAGUAIA,3947,1116,0,70,29,415,89,0,37,3,1359,597,7,0,142,45,1,4,0,1,3,29,,,,,
,,,,,,MT,PONTE BRANCA,751,239,0,29,4,128,18,0,6,3,245,46,1,0,18,7,0,2,0,0,0,5,,,,,
,,,,,,MT,PONTES E LACERDA,47792,12693,0,1541,421,5619,901,0,62,36,14647,8566,326,0,1759,656,14,22,0,3,7,519,,,,,
,,,,,,MT,PORTO ALEGRE DO NORTE,7129,1786,0,225,125,896,202,0,22,8,2594,790,51,0,179,199,0,2,0,0,0,50,,,,,
,,,,,,MT,PORTO DOS GAUCHOS,5283,1225,0,263,184,845,124,0,5,13,1398,570,23,0,182,383,0,6,0,0,0,62,,,,,
,,,,,,MT,PORTO ESPERIDIAO,5965,1671,0,221,49,937,79,0,7,21,2146,488,77,0,165,63,0,4,0,0,1,36,,,,,
,,,,,,MT,PORTO ESTRELA,1550,522,0,45,6,248,35,0,0,6,513,118,16,0,22,10,0,0,0,0,0,9,,,,,
,,,,,,MT,POXOREU,9558,3010,0,316,84,1508,228,0,7,35,2921,993,76,0,131,167,0,2,0,0,4,76,,,,,
,,,,,,MT,PRIMAVERA DO LESTE,87357,26193,0,2963,2727,11130,2478,0,139,150,19301,12278,376,0,2715,5097,39,56,0,11,63,1641,,,,,
,,,,,,MT,QUERENCIA,19795,4482,0,893,615,3347,489,0,32,53,5107,2260,161,0,843,1107,0,8,0,3,7,388,,,,,
,,,,,,MT,RESERVA DO CABACAL,1431,367,0,31,2,176,23,0,0,4,657,139,8,0,9,6,0,1,0,0,0,8,,,,,
,,,,,,MT,RIBEIRAO CASCALHEIRA,7309,1719,0,288,82,1083,187,0,23,23,2662,769,33,0,260,126,0,3,0,1,1,49,,,,,
,,,,,,MT,RIBEIRAOZINHO,1618,525,0,68,28,233,31,0,25,3,467,114,11,0,64,38,0,1,0,1,0,9,,,,,
,,,,,,MT,RIO BRANCO,3875,1026,0,99,18,393,59,0,4,11,1633,479,37,0,57,25,1,2,0,0,5,26,,,,,
,,,,,,MT,RONDOLANDIA,2003,155,0,1120,59,307,20,0,0,10,67,5,62,0,72,116,0,2,0,0,0,8,,,,,
,,,,,,MT,RONDONOPOLIS,241134,77920,0,5839,8169,23387,5254,0,428,279,65109,29159,780,0,5550,15728,61,101,0,13,130,3227,,,,,
,,,,,,MT,ROSARIO OESTE,8002,2673,0,323,60,1101,151,0,35,29,2291,936,72,0,161,93,3,5,0,0,7,62,,,,,
,,,,,,MT,SALTO DO CEU,2878,666,0,78,21,406,30,0,1,10,1271,279,18,0,40,37,0,4,0,0,1,16,,,,,
,,,,,,MT,SANTA CARMEM,5082,1387,0,287,290,763,99,0,12,12,951,378,40,0,239,535,0,4,0,1,1,83,,,,,
,,,,,,MT,SANTA CRUZ DO XINGU,1225,230,0,38,26,188,34,0,0,9,500,95,11,0,23,56,0,0,0,0,0,15,,,,,
,,,,,,MT,SANTA RITA DO TRIVELATO,2540,779,0,160,146,395,74,0,8,7,425,146,28,0,85,248,0,1,0,0,0,38,,,,,
,,,,,,MT,SANTA TEREZINHA,2335,407,0,40,11,289,50,0,3,4,1222,221,28,0,31,20,0,0,0,0,0,9,,,,,
,,,,,,MT,SANTO AFONSO,1576,443,0,61,23,263,27,0,2,4,511,165,14,0,12,46,0,0,0,0,1,4,,,,,
,,,,,,MT,SANTO ANTONIO DO LESTE,2360,681,0,153,67,392,47,0,4,22,550,187,40,0,75,123,0,0,0,0,2,17,,,,,
,,,,,,MT,SANTO ANTONIO DO LEVERGER,7367,2906,0,201,30,985,171,0,31,17,2257,442,20,0,217,34,4,2,0,0,1,49,,,,,
,,,,,,MT,SAO FELIX DO ARAGUAIA,5273,977,0,118,52,634,186,0,16,23,2114,821,41,0,144,102,0,1,0,1,1,42,,,,,
,,,,,,MT,SAO JOSE DO POVO,1205,387,0,39,5,209,27,0,1,6,428,72,7,0,6,8,0,0,0,0,1,9,,,,,
,,,,,,MT,SAO JOSE DO RIO CLARO,12802,3633,0,462,385,1616,329,0,14,24,3630,1538,84,0,332,589,2,12,0,2,14,136,,,,,
,,,,,,MT,SAO JOSE DO XINGU,3215,607,0,119,56,432,72,0,4,6,1360,355,31,0,67,82,0,0,0,0,1,23,,,,,
,,,,,,MT,SAO JOSE DOS QUATRO MARCOS,15714,5071,0,610,161,1843,289,0,30,17,4487,2363,102,3,320,267,4,16,0,0,0,131,,,,,
,,,,,,MT,SAO PEDRO DA CIPA,2328,936,0,44,40,191,36,0,2,8,572,293,27,0,98,70,0,4,0,0,0,7,,,,,
,,,,,,MT,SAPEZAL,28770,7280,0,1040,1819,3293,651,0,18,55,5277,3257,264,0,1791,3582,1,7,0,1,50,384,,,,,
,,,,,,MT,SERRA NOVA DOURADA,470,76,0,19,10,84,10,0,0,1,189,31,4,0,24,17,0,0,0,0,0,5,,,,,
,,,,,,MT,SINOP,189729,59070,0,5554,4240,23318,4855,0,957,244,46156,28792,412,1,5189,7308,5,107,0,29,65,3427,,,,,
,,,,,,MT,SORRISO,111963,30941,0,3785,4109,14354,2944,0,180,184,24744,16446,412,0,3794,7597,10,73,0,26,41,2323,,,,,
,,,,,,MT,TABAPORA,8358,1987,0,341,302,1227,168,0,12,6,2538,750,59,0,276,595,0,1,0,0,2,94,,,,,
,,,,,,MT,TANGARA DA SERRA,93694,30601,0,2830,2037,10059,2438,0,341,127,23972,14463,384,0,1735,3317,15,40,0,6,41,1288,,,,,
,,,,,,MT,TAPURAH,12649,3635,0,574,579,1898,302,0,18,17,2476,1395,85,0,479,976,0,4,0,5,21,185,,,,,
,,,,,,MT,TERRA NOVA DO NORTE,10027,2913,0,418,141,1674,172,0,15,14,3025,1112,55,0,161,231,1,8,0,1,1,85,,,,,
,,,,,,MT,TESOURO,993,296,0,37,4,209,31,0,1,11,282,77,9,0,22,10,0,1,0,0,0,3,,,,,
,,,,,,MT,TORIXOREU,3393,1049,0,87,23,520,71,0,22,5,1108,340,10,0,100,42,0,1,0,0,0,15,,,,,
,,,,,,MT,UNIAO DO SUL,3129,622,0,167,113,469,51,0,1,7,973,385,22,0,97,198,0,0,0,0,0,24,,,,,
,,,,,,MT,VALE DE SAO DOMINGOS,1570,429,0,43,7,266,30,0,1,2,624,96,22,0,38,9,0,0,0,0,0,3,,,,,
,,,,,,MT,VARZEA GRANDE,233438,94190,0,6583,2777,22154,5869,0,1942,440,63951,23321,774,1,4408,4371,92,196,0,17,55,2297,,,,,
,,,,,,MT,VERA,9027,2477,0,397,447,1254,202,0,28,6,2056,894,45,0,311,753,2,13,0,1,1,140,,,,,
,,,,,,MT,VILA BELA DA SANTISSIMA TRINDA,8066,1918,0,312,37,1179,125,0,4,9,3070,940,77,0,258,93,0,1,0,0,1,42,,,,,
,,,,,,MT,VILA RICA,15534,2971,0,570,228,2084,278,0,32,7,6799,1576,67,0,402,403,0,2,0,2,8,105,,,,,
,,,,,,PA,ABAETETUBA,56352,8644,0,598,90,1693,727,0,348,57,28562,14452,336,0,316,93,0,38,0,0,116,282,,,,,
,,,,,,PA,ABEL FIGUEIREDO,2233,376,0,93,24,282,18,0,4,6,1085,241,11,0,36,44,0,0,0,0,1,12,,,,,
,,,,,,PA,ACARA,7904,1083,0,121,35,475,76,0,47,17,5138,615,127,0,97,45,0,1,0,0,3,24,,,,,
,,,,,,PA,AFUA,14,2,0,0,1,1,3,0,0,0,4,1,0,0,0,1,0,0,0,0,0,1,,,,,
,,,,,,PA,AGUA AZUL DO NORTE,4450,625,0,158,27,589,66,0,4,13,2285,507,47,0,81,34,0,0,0,0,0,14,,,,,
,,,,,,PA,ALENQUER,13203,1362,0,255,2,971,92,0,15,7,9556,686,132,0,10,2,0,28,0,0,14,71,,,,,
,,,,,,PA,ALMEIRIM,4638,1124,0,265,33,300,163,0,3,23,1856,537,111,1,47,100,0,38,0,2,14,21,,,,,
,,,,,,PA,ALTAMIRA,85443,15151,0,2071,192,7926,1068,0,280,191,44493,11855,370,0,729,296,1,21,0,1,220,578,,,,,
,,,,,,PA,ANAJAS,888,13,0,0,0,8,4,0,1,1,731,123,1,0,2,0,0,0,0,0,3,1,,,,,
,,,,,,PA,ANANINDEUA,217965,81197,0,5556,1437,14207,6096,0,998,478,81525,15697,1857,0,3443,2611,13,240,0,9,202,2399,,,,,
,,,,,,PA,ANAPU,10581,1218,0,316,25,1489,126,0,26,19,6280,856,27,0,95,46,0,1,0,1,7,49,,,,,
,,,,,,PA,AUGUSTO CORREA,5663,1249,0,102,4,437,49,0,10,6,3187,425,111,0,51,7,0,3,0,0,2,20,,,,,
,,,,,,PA,AURORA DO PARA,4579,1202,0,97,23,408,37,0,2,17,2377,181,94,0,88,34,0,1,0,0,0,18,,,,,
,,,,,,PA,AVEIRO,418,14,0,6,1,29,2,0,1,0,312,40,4,0,4,5,0,0,0,0,0,0,,,,,
,,,,,,PA,BAGRE,676,28,0,7,0,20,3,0,1,0,477,131,2,0,2,0,0,0,0,0,4,1,,,,,
,,,,,,PA,BAIAO,4878,486,0,93,2,336,43,0,7,3,3026,798,44,0,10,1,0,0,0,0,7,22,,,,,
,,,,,,PA,BANNACH,1336,139,0,42,17,261,15,0,1,6,719,84,6,0,17,24,0,0,0,0,0,5,,,,,
,,,,,,PA,BARCARENA,49891,13918,0,1362,492,2585,1066,0,243,210,19866,7419,928,0,548,716,0,30,0,36,64,408,,,,,
,,,,,,PA,BELEM,609306,254338,0,9268,1382,36191,23251,0,2275,2248,200743,46832,4430,1,8916,3528,84,2079,0,19,847,12874,,,,,
,,,,,,PA,BELTERRA,4589,1152,0,110,28,503,85,0,8,17,2045,396,119,0,38,52,0,0,0,1,7,28,,,,,
,,,,,,PA,BENEVIDES,25530,6315,0,1504,495,1383,435,0,250,68,10748,2591,213,0,646,654,0,6,0,10,47,165,,,,,
,,,,,,PA,BOM JESUS DO TOCANTINS,4338,753,0,111,13,551,30,0,10,13,2149,584,12,0,61,17,0,0,0,0,4,30,,,,,
,,,,,,PA,BONITO,2516,739,0,63,7,180,22,0,1,9,1155,157,103,0,44,16,0,1,0,0,0,19,,,,,
,,,,,,PA,BRAGANCA,39217,8150,0,796,112,2720,377,0,103,43,20388,5177,364,0,487,149,2,38,0,1,18,292,,,,,
,,,,,,PA,BRASIL NOVO,9756,1139,0,256,25,1324,74,0,16,13,6125,633,23,0,65,18,0,1,0,0,5,39,,,,,
,,,,,,PA,BREJO GRANDE DO ARAGUAIA,2001,275,0,35,4,193,11,0,0,8,1104,327,14,0,16,6,0,0,0,0,1,7,,,,,
,,,,,,PA,BREU BRANCO,13373,2256,0,423,64,1021,137,0,15,27,7236,1620,190,0,176,122,0,4,0,1,17,64,,,,,
,,,,,,PA,BREVES,14350,1218,0,83,8,313,180,0,25,5,9579,2788,15,0,21,20,0,1,0,0,14,80,,,,,
,,,,,,PA,BUJARU,4377,731,0,78,8,264,50,0,3,11,2421,671,61,0,57,11,0,0,0,0,0,11,,,,,
,,,,,,PA,CACHOEIRA DO ARARI,1964,198,0,18,0,102,15,0,8,6,1381,208,17,0,3,1,0,0,0,0,3,4,,,,,
,,,,,,PA,CACHOEIRA DO PIRIA,3100,655,0,93,7,387,25,0,1,7,1605,188,44,0,56,3,0,0,0,0,1,28,,,,,
,,,,,,PA,CAMETA,24494,2025,0,249,18,784,321,0,111,24,17802,2772,133,0,35,24,0,10,0,0,42,144,,,,,
,,,,,,PA,CANAA DOS CARAJAS,45985,10507,0,1042,185,4592,806,0,347,129,18174,8235,458,0,735,232,3,0,0,27,58,455,,,,,
,,,,,,PA,CAPANEMA,45325,10860,0,996,541,3000,469,0,120,46,19778,6947,159,0,947,981,2,32,0,2,37,408,,,,,
,,,,,,PA,CAPITAO POCO,14753,3622,0,567,100,1434,157,0,5,35,6210,1851,157,0,340,128,0,10,0,1,4,132,,,,,
,,,,,,PA,CASTANHAL,124131,34758,0,3391,919,8336,1837,0,610,205,50269,16788,509,0,3697,1213,8,78,0,4,85,1424,,,,,
,,,,,,PA,CHAVES,40,8,0,1,0,5,4,0,0,0,19,1,1,0,0,0,0,1,0,0,0,0,,,,,
,,,,,,PA,COLARES,1441,262,0,20,2,68,11,0,0,0,883,161,10,0,20,0,0,0,0,1,0,3,,,,,
,,,,,,PA,CONCEICAO DO ARAGUAIA,24960,4805,0,663,87,2110,275,0,97,42,11541,4400,170,0,431,179,0,7,0,9,8,136,,,,,
,,,,,,PA,CONCORDIA DO PARA,9426,1927,0,250,31,654,147,0,6,28,5001,953,131,0,173,74,0,2,0,0,4,45,,,,,
,,,,,,PA,CUMARU DO NORTE,2155,225,0,75,14,369,25,0,2,4,1112,202,27,0,45,50,0,0,0,0,0,5,,,,,
,,,,,,PA,CURIONOPOLIS,11846,2277,0,565,131,1173,131,0,37,134,4851,1759,118,0,284,266,0,3,0,6,29,82,,,,,
,,,,,,PA,CURRALINHO,1056,43,0,6,1,24,8,0,1,0,818,141,2,0,5,4,0,0,0,0,0,3,,,,,
,,,,,,PA,CURUA,1088,40,0,24,0,73,6,0,1,2,888,31,8,0,0,0,0,0,0,0,2,13,,,,,
,,,,,,PA,CURUCA,6422,1466,0,80,4,359,84,0,27,14,3578,595,49,0,140,0,0,0,0,0,5,21,,,,,
,,,,,,PA,DOM ELISEU,19085,3359,0,730,471,1677,165,0,70,90,8214,2909,90,0,380,730,0,3,0,0,61,136,,,,,
,,,,,,PA,ELDORADO DOS CARAJAS,14293,2239,0,525,139,1658,187,0,19,85,6766,1953,100,0,257,201,0,3,0,14,32,115,,,,,
,,,,,,PA,FARO,188,15,0,7,0,14,1,0,0,1,113,31,3,0,0,0,0,0,0,0,0,3,,,,,
,,,,,,PA,FLORESTA DO ARAGUAIA,6604,941,0,332,33,910,79,0,5,5,3245,857,27,0,65,78,0,0,0,0,1,26,,,,,
,,,,,,PA,GARRAFAO DO NORTE,3798,1176,0,168,18,419,40,0,1,16,1497,312,37,0,77,19,0,1,0,0,0,17,,,,,
,,,,,,PA,GOIANESIA DO PARA,8403,1259,0,383,91,902,98,0,2,32,3901,1329,62,0,115,155,0,3,0,4,6,61,,,,,
,,,,,,PA,GURUPA,1393,40,0,16,0,34,6,0,0,0,1155,136,3,0,2,0,0,0,0,0,0,1,,,,,
,,,,,,PA,IGARAPE-ACU,14177,3581,0,565,123,1120,155,0,16,151,5648,2039,250,0,282,118,1,0,0,0,5,123,,,,,
,,,,,,PA,IGARAPE-MIRI,10561,1577,0,167,13,490,160,0,106,42,5875,1869,97,0,92,18,1,3,0,0,10,41,,,,,
,,,,,,PA,INHANGAPI,2520,539,0,56,16,191,18,0,4,8,1363,217,43,0,33,22,0,0,0,0,1,9,,,,,
,,,,,,PA,IPIXUNA DO PARA,6384,1378,0,166,34,472,52,0,13,23,3373,598,86,0,114,26,0,1,0,0,19,29,,,,,
,,,,,,PA,IRITUIA,5454,1183,0,194,30,550,31,0,7,19,2891,289,88,0,104,46,0,0,0,0,1,21,,,,,
,,,,,,PA,ITAITUBA,70480,12377,0,2190,376,7509,866,0,336,63,34414,10064,265,0,444,693,6,54,0,5,58,760,,,,,
,,,,,,PA,ITUPIRANGA,22120,3691,0,1219,466,2868,340,0,22,149,9255,2303,161,0,528,895,0,0,0,7,43,173,,,,,
,,,,,,PA,JACAREACANGA,2026,127,0,68,14,254,13,0,9,2,1134,341,4,0,11,27,0,1,0,0,0,21,,,,,
,,,,,,PA,JACUNDA,23043,2836,0,734,177,1949,166,0,14,33,12911,3483,96,0,262,242,0,9,0,2,28,101,,,,,
,,,,,,PA,JURUTI,4186,539,0,122,8,456,73,0,10,9,2470,377,63,0,14,4,0,0,0,3,4,34,,,,,
,,,,,,PA,LIMOEIRO DO AJURU,822,37,0,6,0,17,8,0,2,0,674,66,7,0,3,0,0,0,0,0,1,1,,,,,
,,,,,,PA,MAE DO RIO,14746,3165,0,385,85,1067,128,0,24,32,7949,1264,100,0,333,108,0,6,0,0,20,80,,,,,
,,,,,,PA,MAGALHAES BARATA,951,204,0,14,0,59,14,0,0,11,525,82,19,0,21,0,0,0,0,0,0,2,,,,,
,,,,,,PA,MARABA,174863,43814,0,4267,1285,16825,3659,0,569,370,71759,24859,767,0,2587,1899,2,173,0,23,434,1571,,,,,
,,,,,,PA,MARACANA,3024,572,0,41,1,195,35,0,0,20,1668,356,65,0,56,1,0,1,0,0,0,13,,,,,
,,,,,,PA,MARAPANIM,3859,980,0,53,5,174,33,0,5,16,2084,349,47,0,93,2,0,0,0,1,1,16,,,,,
,,,,,,PA,MARITUBA,42340,12221,0,1471,612,2202,702,0,244,92,17955,4186,571,0,808,912,1,8,0,3,72,280,,,,,
,,,,,,PA,MEDICILANDIA,11114,1326,0,220,12,1539,103,0,9,9,7215,483,52,0,56,22,0,11,0,0,5,52,,,,,
,,,,,,PA,MELGACO,656,21,0,8,1,12,8,0,0,0,525,71,4,0,1,1,0,1,0,0,2,1,,,,,
,,,,,,PA,MOCAJUBA,4474,540,0,31,1,242,50,0,17,5,2880,643,24,0,19,1,0,0,0,0,4,17,,,,,
,,,,,,PA,MOJU,17164,2562,0,349,102,887,196,0,111,33,10289,1770,401,0,255,136,0,1,0,0,7,65,,,,,
,,,,,,PA,MOJUI DOS CAMPOS,4388,1030,0,177,42,731,63,0,9,4,1773,277,116,0,50,76,0,0,0,0,3,37,,,,,
,,,,,,PA,MONTE ALEGRE,20037,2056,0,471,33,1786,235,0,23,24,13107,1735,308,0,17,32,0,63,0,0,14,133,,,,,
,,,,,,PA,MUANA,2115,80,0,9,0,41,14,0,1,1,1667,278,13,0,4,0,0,0,0,0,2,5,,,,,
,,,,,,PA,NOVA ESPERANCA DO PIRIA,2773,641,0,111,28,377,29,0,1,12,1132,285,42,0,43,56,0,0,0,0,1,15,,,,,
,,,,,,PA,NOVA IPIXUNA,4532,618,0,211,82,498,43,0,3,3,2393,458,32,0,73,93,0,0,0,0,2,23,,,,,
,,,,,,PA,NOVA TIMBOTEUA,3276,921,0,80,10,258,56,0,1,8,1510,259,31,0,114,14,0,1,0,0,1,12,,,,,
,,,,,,PA,NOVO PROGRESSO,26566,4117,0,1281,496,4265,317,0,49,26,11717,2923,113,0,423,598,1,2,0,0,26,212,,,,,
,,,,,,PA,NOVO REPARTIMENTO,26856,2685,0,680,46,3087,243,0,10,64,16982,2647,97,0,129,63,0,1,0,1,20,101,,,,,
,,,,,,PA,OBIDOS,10330,1276,0,279,5,1048,182,0,17,12,6497,696,138,0,18,10,0,24,0,0,35,93,,,,,
,,,,,,PA,OEIRAS DO PARA,1619,64,0,11,0,38,11,0,2,2,1300,162,22,0,1,2,0,0,0,0,2,2,,,,,
,,,,,,PA,ORIXIMINA,13007,2041,0,378,39,1075,189,0,25,17,7889,1130,65,0,13,23,0,28,0,2,12,81,,,,,
,,,,,,PA,OUREM,3430,966,0,180,24,331,30,0,1,3,1473,284,24,0,63,28,0,2,0,0,0,21,,,,,
,,,,,,PA,OURILANDIA DO NORTE,18484,2710,0,389,64,1540,256,0,40,16,10376,2617,52,0,227,67,0,1,0,1,19,109,,,,,
,,,,,,PA,PACAJA,12517,1167,0,242,32,1529,132,0,3,36,8013,1200,17,0,53,27,0,1,0,0,4,61,,,,,
,,,,,,PA,PALESTINA DO PARA,1244,188,0,35,5,109,6,0,0,8,713,158,5,0,10,2,0,0,0,0,0,5,,,,,
,,,,,,PA,PARAGOMINAS,59448,12866,0,1879,989,4754,854,0,1995,149,23740,7582,341,1,1585,1808,1,54,0,7,106,737,,,,,
,,,,,,PA,PARAUAPEBAS,166546,42926,0,4103,975,15950,3240,0,902,753,60669,29278,1931,0,2581,1305,1,33,0,40,295,1564,,,,,
,,,,,,PA,PAU D'ARCO,2290,385,0,65,11,182,23,0,0,15,1239,306,14,0,25,20,0,0,0,0,0,5,,,,,
,,,,,,PA,PEIXE-BOI,2029,646,0,29,4,101,29,0,2,9,908,160,38,0,57,30,0,2,0,1,2,11,,,,,
,,,,,,PA,PICARRA,2439,232,0,64,10,243,19,0,1,5,1552,250,7,0,25,16,0,0,0,0,1,14,,,,,
,,,,,,PA,PLACAS,4738,428,0,110,26,545,40,0,3,7,3131,351,16,0,12,37,0,0,0,0,1,31,,,,,
,,,,,,PA,PONTA DE PEDRAS,2629,194,0,31,2,45,19,0,10,2,1734,571,8,0,0,1,0,0,0,0,4,8,,,,,
,,,,,,PA,PORTEL,4586,232,0,32,2,142,33,0,13,4,2900,1170,11,0,6,3,0,1,0,0,13,24,,,,,
,,,,,,PA,PORTO DE MOZ,2456,166,0,31,2,126,23,0,0,3,1607,469,9,0,3,5,0,0,0,0,3,9,,,,,
,,,,,,PA,PRAINHA,2447,108,0,63,0,200,24,0,2,4,1870,147,12,0,3,3,0,0,0,0,2,9,,,,,
,,,,,,PA,PRIMAVERA,2217,587,0,53,5,147,24,0,2,12,1084,203,37,0,41,10,0,1,0,0,0,11,,,,,
,,,,,,PA,QUATIPURU,1501,389,0,15,4,109,9,0,0,16,757,146,24,0,22,6,0,0,0,0,1,3,,,,,
,,,,,,PA,REDENCAO,91308,18509,0,2737,670,9561,1218,0,346,122,40063,14384,392,0,1622,940,0,12,0,3,35,694,,,,,
,,,,,,PA,RIO MARIA,10886,1720,0,472,85,1339,124,0,5,22,4668,1946,72,0,220,119,0,1,0,0,2,91,,,,,
,,,,,,PA,RONDON DO PARA,21851,3072,0,595,228,1993,237,0,43,52,10936,3672,49,0,369,391,0,13,0,0,45,156,,,,,
,,,,,,PA,RUROPOLIS,10138,1054,0,427,21,1284,125,0,10,17,5856,1169,38,0,41,26,0,0,0,1,5,64,,,,,
,,,,,,PA,SALINOPOLIS,15563,3361,0,238,66,674,230,0,51,40,8335,1830,130,0,364,113,0,5,0,0,22,104,,,,,
,,,,,,PA,SALVATERRA,4388,618,0,90,1,180,78,0,7,48,2562,720,45,0,15,2,0,0,0,0,7,15,,,,,
,,,,,,PA,SANTA BARBARA DO PARA,5516,1455,0,110,36,245,124,0,36,22,2707,466,121,0,125,45,0,0,0,0,2,22,,,,,
,,,,,,PA,SANTA CRUZ DO ARARI,314,8,0,5,0,13,1,0,0,0,276,6,2,0,1,0,0,0,0,0,0,2,,,,,
,,,,,,PA,SANTA ISABEL DO PARA,30632,7302,0,1149,251,1726,490,0,162,90,13458,4456,246,0,759,307,0,35,0,3,20,178,,,,,
,,,,,,PA,SANTA LUZIA DO PARA,5037,1164,0,147,27,478,38,0,3,15,2552,381,56,0,105,28,0,2,0,0,4,37,,,,,
,,,,,,PA,SANTA MARIA DAS BARREIRAS,4857,726,0,273,61,877,57,0,7,15,2120,426,75,0,87,115,0,0,0,0,2,16,,,,,
,,,,,,PA,SANTA MARIA DO PARA,12452,2932,0,718,223,964,154,0,11,61,4668,1465,151,0,690,246,0,2,0,0,5,162,,,,,
,,,,,,PA,SANTANA DO ARAGUAIA,19357,3145,0,636,194,1793,164,0,12,21,9496,3038,102,0,332,315,0,3,0,0,10,96,,,,,
,,,,,,PA,SANTAREM,154354,50991,0,4131,614,17074,4471,0,994,185,61186,7447,1130,0,1193,1063,5,402,0,9,221,3238,,,,,
,,,,,,PA,SANTAREM NOVO,1172,323,0,17,0,51,9,0,1,3,660,52,25,0,31,0,0,0,0,0,0,0,,,,,
,,,,,,PA,SANTO ANTONIO DO TAUA,7768,1771,0,199,21,463,106,0,27,31,3685,1056,137,0,181,44,0,0,0,1,9,37,,,,,
,,,,,,PA,SAO CAETANO DE ODIVELAS,2668,518,0,30,0,167,32,0,5,3,1466,387,15,0,33,1,0,0,0,1,3,7,,,,,
,,,,,,PA,SAO DOMINGOS DO ARAGUAIA,11153,1524,0,241,17,904,108,0,17,38,6239,1749,35,0,186,40,0,1,0,0,16,38,,,,,
,,,,,,PA,SAO DOMINGOS DO CAPIM,3688,661,0,66,2,243,35,0,0,3,2384,169,54,0,57,2,0,0,0,0,0,12,,,,,
,,,,,,PA,SAO FELIX DO XINGU,27973,2446,0,619,71,2731,254,0,58,12,17655,3587,107,0,182,82,1,1,0,6,28,133,,,,,
,,,,,,PA,SAO FRANCISCO DO PARA,5372,1349,0,182,77,423,79,0,5,48,2391,554,54,0,116,56,0,1,0,0,2,35,,,,,
,,,,,,PA,SAO GERALDO DO ARAGUAIA,11812,1385,0,198,23,1022,125,0,28,16,6675,2016,47,0,187,37,0,0,0,1,12,40,,,,,
,,,,,,PA,SAO JOAO DA PONTA,769,181,0,10,7,59,8,0,4,5,393,48,10,0,31,7,0,0,0,1,0,5,,,,,
,,,,,,PA,SAO JOAO DE PIRABAS,3143,714,0,25,1,169,27,0,8,9,1819,238,45,0,73,1,0,0,0,0,6,8,,,,,
,,,,,,PA,SAO JOAO DO ARAGUAIA,2681,480,0,53,5,224,26,0,4,15,1554,261,14,0,33,6,0,0,0,0,4,2,,,,,
,,,,,,PA,SAO MIGUEL DO GUAMA,19265,3426,0,702,106,1142,143,0,78,29,10359,2327,176,0,398,194,0,4,0,0,14,167,,,,,
,,,,,,PA,SAO SEBASTIAO DA BOA VISTA,1307,26,0,7,0,9,8,0,6,0,997,249,1,0,1,0,0,0,0,0,1,2,,,,,
,,,,,,PA,SAPUCAIA,1976,336,0,56,12,233,31,0,0,3,955,258,18,0,39,20,0,1,0,1,1,12,,,,,
,,,,,,PA,SENADOR JOSE PORFIRIO,2298,203,0,82,6,297,23,0,2,5,1411,218,12,0,17,7,0,0,0,0,1,14,,,,,
,,,,,,PA,SOURE,4925,606,0,67,11,154,66,0,18,7,2886,1011,21,0,17,15,2,2,0,0,12,30,,,,,
,,,,,,PA,TAILANDIA,38967,5347,0,1091,435,2486,405,0,264,60,20909,5959,273,0,697,729,0,9,0,0,60,243,,,,,
,,,,,,PA,TERRA ALTA,2419,646,0,49,10,157,35,0,11,18,1222,161,24,0,66,9,0,1,0,0,0,10,,,,,
,,,,,,PA,TERRA SANTA,1146,89,0,65,3,89,17,0,1,2,653,210,3,0,3,5,0,0,0,1,0,5,,,,,
,,,,,,PA,TOME-ACU,25622,4575,0,863,200,1951,309,0,50,40,12729,3460,338,0,602,303,0,18,0,0,12,172,,,,,
,,,,,,PA,TRACUATEUA,4296,848,0,66,33,246,39,0,6,3,2498,289,127,0,56,65,0,1,0,0,1,18,,,,,
,,,,,,PA,TRAIRAO,5329,622,0,255,21,676,46,0,3,7,3026,518,30,0,40,42,0,1,0,1,1,40,,,,,
,,,,,,PA,TUCUMA,37195,4658,0,1033,99,4137,558,0,72,21,21137,4461,176,0,467,124,0,10,0,0,38,204,,,,,
,,,,,,PA,TUCURUI,46369,9569,0,1107,157,3092,713,0,62,80,22651,7491,258,0,446,240,3,45,0,18,75,362,,,,,
,,,,,,PA,ULIANOPOLIS,7440,1311,0,306,149,658,78,0,22,39,3390,918,80,0,153,250,0,1,0,1,21,63,,,,,
,,,,,,PA,URUARA,19203,2101,0,881,99,2681,273,0,14,26,10516,2124,71,0,93,151,0,8,0,1,9,155,,,,,
,,,,,,PA,VIGIA,12107,2348,0,152,3,626,169,0,28,34,5232,3135,121,0,173,7,0,13,0,1,9,56,,,,,
,,,,,,PA,VISEU,5534,750,0,122,7,461,68,0,6,10,3471,475,92,0,35,20,0,1,0,0,3,13,,,,,
,,,,,,PA,VITORIA DO XINGU,4136,759,0,78,8,509,46,0,31,20,2150,391,41,0,61,20,0,1,0,0,4,17,,,,,
,,,,,,PA,XINGUARA,38382,6022,0,1406,257,3951,556,0,83,28,17522,6860,188,0,764,445,0,12,0,3,32,253,,,,,
,,,,,,PB,AGUA BRANCA,1778,647,0,34,0,214,38,0,11,34,704,54,14,0,9,0,0,0,0,0,0,19,,,,,
,,,,,,PB,AGUIAR,1804,477,0,20,3,145,32,0,10,7,1048,35,7,0,10,1,0,0,0,0,0,9,,,,,
,,,,,,PB,ALAGOA GRANDE,9204,2489,0,176,10,450,191,0,77,47,5232,351,48,0,59,12,0,2,0,0,3,57,,,,,
,,,,,,PB,ALAGOA NOVA,7140,2477,0,175,4,675,204,0,15,47,3239,156,27,0,50,6,0,0,0,0,4,61,,,,,
,,,,,,PB,ALAGOINHA,4575,1302,0,56,19,223,87,0,69,27,2397,250,63,0,43,21,0,0,0,0,0,18,,,,,
,,,,,,PB,ALCANTIL,1223,479,0,89,2,126,40,0,3,26,382,29,13,0,3,12,0,0,0,0,0,19,,,,,
,,,,,,PB,ALGODAO DE JANDAIRA,689,316,0,43,0,66,12,0,1,3,228,3,7,0,3,0,0,0,0,0,0,7,,,,,
,,,,,,PB,ALHANDRA,9110,2949,0,248,16,741,209,0,1119,53,3123,383,98,0,85,23,0,0,0,0,0,63,,,,,
,,,,,,PB,AMPARO,575,218,0,18,0,51,15,0,0,8,247,6,8,0,3,0,0,0,0,0,0,1,,,,,
,,,,,,PB,APARECIDA,2999,766,0,69,11,192,46,0,24,8,1461,345,27,0,21,14,0,0,0,0,0,15,,,,,
,,,,,,PB,ARACAGI,6526,1500,0,84,0,370,120,0,82,12,3908,314,95,0,18,0,0,0,0,0,0,23,,,,,
,,,,,,PB,ARARA,3273,1140,0,99,7,224,99,0,7,12,1367,233,23,0,25,8,0,1,0,0,1,27,,,,,
,,,,,,PB,ARARUNA,5790,1592,0,130,4,330,100,0,16,53,2878,583,22,0,46,6,0,2,0,0,1,27,,,,,
,,,,,,PB,AREIA,7965,2827,0,164,6,528,187,0,27,77,3487,459,55,0,57,14,0,2,0,0,1,74,,,,,
,,,,,,PB,AREIA DE BARAUNAS,439,135,0,10,0,35,6,0,4,5,225,10,8,0,1,0,0,0,0,0,0,0,,,,,
,,,,,,PB,AREIAL,2003,887,0,71,8,127,43,0,15,33,705,55,14,0,21,11,0,0,0,0,2,11,,,,,
,,,,,,PB,AROEIRAS,4084,1370,0,109,1,334,110,0,4,81,1854,147,34,0,14,4,0,1,0,0,0,21,,,,,
,,,,,,PB,ASSUNCAO,924,356,0,38,0,95,16,0,5,5,314,59,11,0,17,0,0,0,0,0,0,8,,,,,
,,,,,,PB,BAIA DA TRAICAO,2440,633,0,22,0,138,57,0,56,17,1301,156,23,0,12,0,0,0,0,0,0,25,,,,,
,,,,,,PB,BANANEIRAS,7986,2788,0,147,1,528,186,0,34,51,3777,292,47,0,44,4,0,5,0,0,1,81,,,,,
,,,,,,PB,BARAUNA,1006,428,0,37,3,65,10,0,2,6,367,43,16,0,17,7,0,0,0,0,0,5,,,,,
,,,,,,PB,BARRA DE SANTA ROSA,3575,1439,0,155,9,250,64,0,5,14,1328,206,26,0,40,16,0,0,0,0,0,23,,,,,
,,,,,,PB,BARRA DE SANTANA,2008,739,0,106,3,194,39,0,3,13,834,31,24,0,13,4,0,0,0,0,0,5,,,,,
,,,,,,PB,BARRA DE SAO MIGUEL,1196,496,0,35,0,166,25,0,1,13,427,17,6,0,3,0,0,0,0,0,0,7,,,,,
,,,,,,PB,BAYEUX,42520,17476,0,779,239,2280,903,0,2209,66,15897,1388,227,0,364,318,2,11,0,1,4,356,,,,,
,,,,,,PB,BELEM,5622,1881,0,146,5,264,126,0,142,17,2619,342,16,0,18,7,0,4,0,0,0,35,,,,,
,,,,,,PB,BELEM DO BREJO DO CRUZ,1653,239,0,21,5,70,19,0,7,12,992,246,7,0,18,4,0,1,0,0,0,12,,,,,
,,,,,,PB,BERNARDINO BATISTA,715,196,0,13,0,53,16,0,8,4,400,10,9,0,5,0,0,0,0,0,0,1,,,,,
,,,,,,PB,BOA VENTURA,1721,416,0,22,0,82,20,0,18,9,1037,84,11,0,13,0,0,0,0,0,0,9,,,,,
,,,,,,PB,BOA VISTA,2695,1060,0,118,17,209,52,0,6,10,969,147,29,0,49,21,0,0,0,0,0,8,,,,,
,,,,,,PB,BOM JESUS,823,272,0,10,0,35,15,0,5,2,394,76,8,0,4,0,0,0,0,0,0,2,,,,,
,,,,,,PB,BOM SUCESSO,1639,247,0,12,0,81,22,0,6,6,1167,73,11,0,9,0,0,0,0,0,1,4,,,,,
,,,,,,PB,BONITO DE SANTA FE,3187,792,0,48,0,203,60,0,13,22,1804,209,6,0,14,1,0,1,0,0,1,13,,,,,
,,,,,,PB,BOQUEIRAO,6985,2221,0,263,48,598,117,0,9,26,3176,271,28,0,67,72,0,0,0,0,35,54,,,,,
,,,,,,PB,BORBOREMA,1420,447,0,48,1,99,14,0,4,10,733,36,6,0,12,0,0,0,0,0,1,9,,,,,
,,,,,,PB,BREJO DO CRUZ,6295,838,0,63,3,281,39,0,16,14,3447,1497,10,0,47,2,0,0,0,0,0,38,,,,,
,,,,,,PB,BREJO DOS SANTOS,2227,406,0,26,0,72,32,0,7,4,1499,135,8,0,14,1,0,0,0,0,0,23,,,,,
,,,,,,PB,CAAPORA,6182,2218,0,85,46,319,118,0,647,22,1917,633,29,0,80,38,0,1,0,0,1,28,,,,,
,,,,,,PB,CABACEIRAS,2004,838,0,59,7,200,43,0,0,14,730,59,24,0,8,11,0,1,0,0,0,10,,,,,
,,,,,,PB,CABEDELO,36431,15516,0,695,160,2622,1725,0,1594,61,9353,1747,73,0,540,304,0,18,0,5,17,2001,,,,,
,,,,,,PB,CACHOEIRA DOS INDIOS,3161,802,0,23,6,190,25,0,19,6,1811,208,14,0,26,22,0,0,0,0,0,9,,,,,
,,,,,,PB,CACIMBA DE AREIA,1178,292,0,9,0,90,8,0,4,7,725,21,6,0,7,0,0,0,0,0,1,8,,,,,
,,,,,,PB,CACIMBA DE DENTRO,4006,1391,0,121,5,224,64,0,6,26,1815,266,41,0,19,9,0,0,0,0,0,19,,,,,
,,,,,,PB,CACIMBAS,1884,517,0,20,0,123,19,0,1,12,1116,58,8,0,2,0,0,1,0,0,1,6,,,,,
,,,,,,PB,CAICARA,1875,504,0,19,0,85,28,0,13,7,1081,118,7,0,8,0,0,1,0,0,0,4,,,,,
,,,,,,PB,CAJAZEIRAS,44265,14262,0,465,56,3110,1053,0,255,68,17940,5818,91,0,416,82,0,5,0,1,17,626,,,,,
,,,,,,PB,CAJAZEIRINHAS,952,198,0,12,1,95,32,0,3,4,477,114,2,0,10,1,0,0,0,0,0,3,,,,,
,,,,,,PB,CALDAS BRANDAO,2232,676,0,50,2,96,22,0,61,5,1173,103,13,0,23,2,0,0,0,0,0,6,,,,,
,,,,,,PB,CAMALAU,1643,564,0,51,0,184,24,0,1,12,731,33,21,0,17,0,0,0,0,0,1,4,,,,,
,,,,,,PB,CAMPINA GRANDE,242700,103758,0,4751,893,14879,7503,0,7144,389,77388,14416,975,0,3332,1252,2,49,0,4,87,5878,,,,,
,,,,,,PB,CAPIM,2082,805,0,35,2,86,48,0,85,21,828,114,27,0,17,0,0,1,0,0,0,13,,,,,
,,,,,,PB,CARAUBAS,898,305,0,24,0,130,21,0,3,13,371,13,7,0,5,0,0,0,0,0,0,6,,,,,
,,,,,,PB,CARRAPATEIRA,885,188,0,9,0,95,6,0,1,4,539,34,4,0,2,0,0,0,0,0,0,3,,,,,
,,,,,,PB,CASSERENGUE,1717,731,0,66,2,132,50,0,3,8,602,98,21,0,2,0,0,0,0,0,1,1,,,,,
,,,,,,PB,CATINGUEIRA,1218,326,0,30,0,97,27,0,6,7,652,54,2,0,15,0,0,0,0,0,0,2,,,,,
,,,,,,PB,CATOLE DO ROCHA,19328,3948,0,322,46,808,342,0,58,78,10050,3156,33,0,203,72,0,2,0,0,3,207,,,,,
,,,,,,PB,CATURITE,2055,709,0,110,9,171,67,0,4,29,834,57,37,0,15,7,0,0,0,0,1,5,,,,,
,,,,,,PB,CONCEICAO,7200,1692,0,132,11,470,135,0,174,56,3829,606,13,0,41,8,0,1,0,0,4,28,,,,,
,,,,,,PB,CONDADO,2281,552,0,59,1,128,39,0,8,13,1176,251,10,0,33,1,0,0,0,0,2,8,,,,,
,,,,,,PB,CONDE,11313,3665,0,269,58,910,303,0,315,52,5026,277,59,0,154,74,0,1,0,8,0,142,,,,,
,,,,,,PB,CONGO,1601,567,0,35,2,159,38,0,1,19,722,16,9,0,18,2,0,0,0,0,0,13,,,,,
,,,,,,PB,COREMAS,7072,1173,0,104,4,519,120,0,41,42,4443,489,14,0,46,3,0,3,0,0,1,70,,,,,
,,,,,,PB,COXIXOLA,631,225,0,12,0,65,14,0,3,15,251,26,5,0,7,0,0,0,0,0,0,8,,,,,
,,,,,,PB,CRUZ DO ESPIRITO SANTO,6188,1830,0,57,4,264,76,0,124,14,3502,179,54,0,45,8,0,1,0,0,0,30,,,,,
,,,,,,PB,CUBATI,1794,738,0,72,5,128,21,0,6,12,719,42,11,0,27,2,0,1,0,0,1,9,,,,,
,,,,,,PB,CUITE,5770,2101,0,147,8,405,113,0,12,35,2425,357,24,0,61,11,0,0,0,0,0,71,,,,,
,,,,,,PB,CUITE DE MAMANGUAPE,2115,604,0,27,0,119,45,0,15,9,1113,110,45,0,19,0,0,0,0,0,0,9,,,,,
,,,,,,PB,CUITEGI,2344,686,0,30,4,107,23,0,111,5,1094,256,9,0,6,6,0,0,0,0,0,7,,,,,
,,,,,,PB,CURRAL DE CIMA,1827,461,0,28,1,160,31,0,1,6,1047,60,24,0,6,0,0,0,0,0,0,2,,,,,
,,,,,,PB,CURRAL VELHO,653,110,0,8,0,37,6,0,9,4,430,39,5,0,3,0,0,0,0,0,0,2,,,,,
,,,,,,PB,DAMIAO,959,494,0,50,0,82,22,0,1,10,270,11,14,0,3,0,0,1,0,0,0,1,,,,,
,,,,,,PB,DESTERRO,3298,986,0,43,4,204,35,0,7,20,1569,360,9,0,20,10,0,0,0,0,1,30,,,,,
,,,,,,PB,DIAMANTE,2019,490,0,25,0,95,18,0,36,9,1211,116,6,0,7,0,0,0,0,0,0,6,,,,,
,,,,,,PB,DONA INES,2901,858,0,67,0,152,67,0,9,33,1568,96,29,0,10,0,0,1,0,0,1,10,,,,,
,,,,,,PB,DUAS ESTRADAS,1092,335,0,12,0,54,22,0,10,11,529,104,9,0,0,0,0,0,0,0,0,6,,,,,
,,,,,,PB,EMAS,768,202,0,13,1,44,9,0,5,8,448,21,7,0,7,0,0,0,0,0,0,3,,,,,
,,,,,,PB,ESPERANCA,14580,5167,0,703,62,821,351,0,119,40,5961,807,101,0,170,87,0,1,0,0,18,172,,,,,
,,,,,,PB,FAGUNDES,3437,974,0,53,0,205,48,0,12,18,1940,102,54,0,14,1,0,1,0,0,0,15,,,,,
,,,,,,PB,FREI MARTINHO,480,145,0,16,1,35,12,0,0,3,229,24,11,0,1,2,0,1,0,0,0,0,,,,,
,,,,,,PB,GADO BRAVO,1767,722,0,77,0,140,41,0,0,54,669,21,26,0,12,0,0,2,0,0,0,3,,,,,
,,,,,,PB,GUARABIRA,30708,9114,0,712,71,1695,804,0,2050,88,12040,3270,310,0,169,76,0,3,0,0,20,286,,,,,
,,,,,,PB,GURINHEM,4358,1216,0,69,10,215,60,0,122,13,2431,105,37,0,50,10,0,0,0,0,3,17,,,,,
,,,,,,PB,GURJAO,880,335,0,35,3,71,9,0,0,5,371,19,6,0,10,11,0,0,0,0,0,5,,,,,
,,,,,,PB,IBIARA,1899,399,0,17,1,118,21,0,30,6,1152,139,2,0,9,1,0,0,0,0,0,4,,,,,
,,,,,,PB,IGARACY,2241,494,0,27,1,131,22,0,18,8,1443,76,9,0,7,1,0,0,0,0,1,3,,,,,
,,,,,,PB,IMACULADA,2291,718,0,27,3,173,46,0,52,29,1095,116,13,0,2,3,0,0,0,0,0,14,,,,,
,,,,,,PB,INGA,7578,1941,0,141,6,333,122,0,635,24,3819,390,53,0,77,4,0,1,0,0,0,32,,,,,
,,,,,,PB,ITABAIANA,11224,3306,0,201,8,680,317,0,813,19,4997,593,44,0,151,9,0,1,0,0,1,84,,,,,
,,,,,,PB,ITAPORANGA,11774,2822,0,177,10,674,155,0,349,52,6301,990,34,0,77,15,0,1,0,1,7,109,,,,,
,,,,,,PB,ITAPOROROCA,7826,2076,0,160,5,484,89,0,53,11,3836,988,58,0,32,5,0,0,0,0,0,29,,,,,
,,,,,,PB,ITATUBA,2815,760,0,78,15,197,37,0,49,7,1504,97,16,0,24,21,0,0,0,0,2,8,,,,,
,,,,,,PB,JACARAU,4862,1469,0,81,3,321,125,0,26,28,2458,257,39,0,29,2,0,1,0,0,0,23,,,,,
,,,,,,PB,JERICO,2977,620,0,41,3,207,51,0,3,15,1751,191,4,0,42,3,0,0,0,0,2,44,,,,,
,,,,,,PB,JOAO PESSOA,515106,242657,0,7722,1194,31939,22681,0,13413,1242,150883,15971,3043,0,5372,1368,13,263,0,22,144,17179,,,,,
,,,,,,PB,JUAREZ TAVORA,3104,936,0,43,0,172,35,0,68,5,1661,131,25,0,20,0,0,0,0,0,0,8,,,,,
,,,,,,PB,JUAZEIRINHO,4837,2159,0,122,16,320,87,0,61,29,1739,146,22,0,78,19,0,1,0,0,2,36,,,,,
,,,,,,PB,JUNCO DO SERIDO,1748,731,0,96,14,153,30,0,16,7,578,63,11,0,19,15,0,0,0,0,0,15,,,,,
,,,,,,PB,JURIPIRANGA,2656,984,0,63,6,161,86,0,116,10,946,165,29,0,59,3,0,1,0,0,1,26,,,,,
,,,,,,PB,JURU,2173,558,0,30,0,174,40,0,10,8,1249,84,6,0,3,0,0,0,0,0,1,10,,,,,
,,,,,,PB,LAGOA,1451,330,0,28,0,75,21,0,5,6,883,87,7,0,5,0,0,0,0,0,0,4,,,,,
,,,,,,PB,LAGOA DE DENTRO,2624,813,0,60,2,189,73,0,19,14,1271,134,22,0,16,0,0,0,0,0,0,11,,,,,
,,,,,,PB,LAGOA SECA,12128,3977,0,293,18,1045,298,0,167,63,5349,514,32,0,108,29,0,0,0,0,5,230,,,,,
,,,,,,PB,LASTRO,1296,191,0,13,0,69,5,0,1,6,916,78,9,0,2,0,0,1,0,0,0,5,,,,,
,,,,,,PB,LIVRAMENTO,1584,555,0,47,0,130,34,0,1,9,712,69,12,0,8,0,0,0,0,0,2,5,,,,,
,,,,,,PB,LOGRADOURO,736,191,0,7,0,33,8,0,11,3,406,52,20,0,1,0,0,0,0,0,0,4,,,,,
,,,,,,PB,LUCENA,4386,1301,0,33,1,268,112,0,141,19,2105,279,34,0,52,1,0,1,0,0,3,36,,,,,
,,,,,,PB,MAE D'AGUA,931,239,0,8,0,65,8,0,6,2,546,35,5,0,3,0,0,1,0,0,0,13,,,,,
,,,,,,PB,MALTA,2085,459,0,31,3,113,26,0,29,10,1061,306,10,0,29,2,0,0,0,0,0,6,,,,,
,,,,,,PB,MAMANGUAPE,22357,6900,0,614,46,1144,472,0,649,27,9589,2145,154,0,366,50,2,2,0,0,1,196,,,,,
,,,,,,PB,MANAIRA,2353,547,0,58,0,174,23,0,26,19,1386,80,7,0,15,1,0,0,0,0,0,17,,,,,
,,,,,,PB,MARCACAO,2148,687,0,19,0,185,43,0,43,10,965,137,18,0,23,0,0,1,0,0,0,17,,,,,
,,,,,,PB,MARI,7995,2144,0,143,9,347,101,0,173,13,4121,775,75,0,59,8,0,0,0,1,2,24,,,,,
,,,,,,PB,MARIZOPOLIS,2245,589,0,60,6,102,20,0,16,12,1076,326,10,0,14,3,0,0,0,0,0,11,,,,,
,,,,,,PB,MASSARANDUBA,4804,1422,0,53,5,309,88,0,38,41,2637,120,18,0,41,11,0,0,0,0,0,21,,,,,
,,,,,,PB,MATARACA,2302,731,0,51,5,133,38,0,17,6,1122,106,27,0,44,9,0,0,0,0,0,13,,,,,
,,,,,,PB,MATINHAS,1351,432,0,18,0,160,30,0,3,6,651,30,7,0,6,0,0,0,0,0,0,8,,,,,
,,,,,,PB,MATO GROSSO,1276,292,0,31,6,97,24,0,0,6,617,154,9,0,16,12,0,0,0,0,0,12,,,,,
,,,,,,PB,MATUREIA,2306,739,0,33,2,168,39,0,5,32,1165,84,15,0,12,2,0,0,0,0,0,10,,,,,
,,,,,,PB,MOGEIRO,4593,952,0,48,2,206,37,0,194,14,2829,233,20,0,35,2,0,1,0,0,0,20,,,,,
,,,,,,PB,MONTADAS,1757,780,0,86,1,119,31,0,10,13,574,100,13,0,19,0,0,1,0,0,0,10,,,,,
,,,,,,PB,MONTE HOREBE,1480,381,0,14,0,90,28,0,3,7,798,140,7,0,10,0,0,0,0,0,0,2,,,,,
,,,,,,PB,MONTEIRO,16540,5070,0,365,107,1340,344,0,80,104,7432,1155,85,0,118,126,0,2,0,0,10,202,,,,,
,,,,,,PB,MULUNGU,2892,763,0,82,3,143,42,0,32,20,1651,92,26,0,23,6,0,1,0,0,1,7,,,,,
,,,,,,PB,NATUBA,1049,325,0,61,1,121,14,0,2,14,470,21,10,0,2,0,0,1,0,0,0,7,,,,,
,,,,,,PB,NAZAREZINHO,2253,494,0,36,0,205,29,0,9,12,1230,205,9,0,15,0,0,0,0,0,0,9,,,,,
,,,,,,PB,NOVA FLORESTA,1909,581,0,48,7,129,43,0,6,14,889,139,9,0,19,4,0,0,0,0,1,20,,,,,
,,,,,,PB,NOVA OLINDA,2295,467,0,25,1,100,34,0,28,8,1484,120,9,0,4,2,0,0,0,0,1,12,,,,,
,,,,,,PB,NOVA PALMEIRA,965,413,0,34,5,84,16,0,2,7,341,40,9,0,5,6,0,0,0,0,0,3,,,,,
,,,,,,PB,OLHO D'AGUA,1725,418,0,23,1,155,56,0,5,8,934,79,12,0,28,1,0,0,0,0,0,5,,,,,
,,,,,,PB,OLIVEDOS,1164,542,0,56,2,99,13,0,3,4,382,10,21,0,17,5,0,0,0,0,0,10,,,,,
,,,,,,PB,OURO VELHO,818,303,0,23,1,63,15,0,2,21,320,33,14,0,16,2,0,0,0,0,0,5,,,,,
,,,,,,PB,PARARI,560,203,0,7,0,46,3,0,0,4,281,9,4,0,2,0,0,0,0,0,0,1,,,,,
,,,,,,PB,PASSAGEM,944,295,0,16,0,67,18,0,4,3,456,56,12,0,10,0,0,0,0,0,1,6,,,,,
,,,,,,PB,PATOS,69033,20221,0,951,97,3514,1354,0,2862,156,27916,9694,86,0,887,157,0,4,0,0,51,1083,,,,,
,,,,,,PB,PAULISTA,5407,981,0,125,28,467,72,0,37,15,2615,895,21,0,43,41,0,0,0,0,0,67,,,,,
,,,,,,PB,PEDRA BRANCA,1105,205,0,14,1,63,12,0,18,7,712,50,8,0,4,1,0,0,0,0,0,10,,,,,
,,,,,,PB,PEDRA LAVRADA,1698,717,0,56,8,141,40,0,2,5,633,41,22,0,15,14,0,2,0,0,0,2,,,,,
,,,,,,PB,PEDRAS DE FOGO,14032,4114,0,498,51,983,362,0,1263,52,4209,1705,157,0,423,98,0,1,0,1,17,98,,,,,
,,,,,,PB,PEDRO REGIS,1395,409,0,26,1,105,15,0,7,3,752,51,10,0,9,1,0,0,0,0,0,6,,,,,
,,,,,,PB,PIANCO,7912,1664,0,126,10,473,135,0,59,39,4586,699,10,0,39,8,0,0,0,0,1,63,,,,,
,,,,,,PB,PICUI,5327,1742,0,154,13,341,97,0,7,19,2231,541,70,0,58,9,0,0,0,0,2,43,,,,,
,,,,,,PB,PILAR,4062,1165,0,59,0,187,49,0,144,8,2272,110,22,0,37,0,0,0,0,0,0,9,,,,,
,,,,,,PB,PILOES,2243,634,0,57,0,134,33,0,11,3,1184,152,18,0,8,0,0,0,0,0,0,9,,,,,
,,,,,,PB,PILOEZINHOS,1979,406,0,14,0,82,28,0,54,4,1237,142,8,0,3,0,0,0,0,0,0,1,,,,,
,,,,,,PB,PIRPIRITUBA,3483,896,0,55,3,196,65,0,121,4,1782,305,20,0,15,0,0,0,0,0,0,21,,,,,
,,,,,,PB,PITIMBU,4794,1445,0,77,11,454,149,0,590,58,1597,284,14,0,43,9,0,2,0,0,1,60,,,,,
,,,,,,PB,POCINHOS,4996,2236,0,207,24,366,87,0,11,37,1611,225,64,0,65,29,0,0,0,0,3,31,,,,,
,,,,,,PB,POCO DANTAS,960,184,0,13,0,54,15,0,1,3,648,28,10,0,2,0,0,0,0,0,0,2,,,,,
,,,,,,PB,POCO DE JOSE DE MOURA,1329,325,0,9,0,65,25,0,3,5,773,105,10,0,4,0,0,0,0,0,0,5,,,,,
,,,,,,PB,POMBAL,18374,3916,0,423,36,1082,405,0,174,76,8352,3364,39,0,216,75,3,3,0,0,6,204,,,,,
,,,,,,PB,PRATA,964,329,0,26,7,102,20,0,3,15,395,44,7,0,8,5,0,0,0,0,0,3,,,,,
,,,,,,PB,PRINCESA ISABEL,9674,2873,0,253,23,929,227,0,274,128,4131,565,42,0,55,45,0,2,0,0,9,118,,,,,
,,,,,,PB,PUXINANA,3790,1464,0,112,23,270,54,0,29,56,1421,241,16,0,40,46,0,2,0,0,1,15,,,,,
,,,,,,PB,QUEIMADAS,20939,7476,0,584,80,1121,588,0,507,161,8857,1022,152,0,167,131,0,3,0,0,6,84,,,,,
,,,,,,PB,QUIXABA,719,207,0,9,0,36,10,0,12,3,384,46,6,0,4,0,0,0,0,0,0,2,,,,,
,,,,,,PB,REMIGIO,7248,2692,0,280,19,471,250,0,35,14,3022,278,47,0,54,21,0,0,0,0,3,62,,,,,
,,,,,,PB,RIACHAO,738,203,0,8,0,34,12,0,3,4,441,20,8,0,3,0,0,0,0,0,0,2,,,,,
,,,,,,PB,RIACHAO DO BACAMARTE,1823,565,0,36,0,94,23,0,92,5,875,77,11,0,35,0,0,0,0,0,0,10,,,,,
,,,,,,PB,RIACHAO DO POCO,1838,519,0,35,1,113,18,0,15,3,1021,77,20,0,11,2,0,0,0,0,0,3,,,,,
,,,,,,PB,RIACHO DE SANTO ANTONIO,442,216,0,26,4,43,14,0,0,6,114,1,8,0,3,3,0,0,0,0,0,4,,,,,
,,,,,,PB,RIACHO DOS CAVALOS,2935,583,0,46,1,213,53,0,6,7,1548,431,9,0,22,1,0,0,0,0,0,15,,,,,
,,,,,,PB,RIO TINTO,9204,3380,0,144,7,476,254,0,198,34,3547,891,92,0,92,9,0,1,0,0,0,79,,,,,
,,,,,,PB,SALGADINHO,676,285,0,8,0,59,10,0,1,4,267,23,6,0,3,0,0,1,0,0,1,8,,,,,
,,,,,,PB,SALGADO DE SAO FELIX,2843,852,0,48,0,220,64,0,71,13,1427,92,19,0,24,0,0,0,0,0,0,13,,,,,
,,,,,,PB,SANTA CECILIA,729,290,0,78,0,112,33,0,3,11,164,12,14,0,1,0,0,0,0,0,0,11,,,,,
,,,,,,PB,SANTA CRUZ,1599,388,0,27,0,111,20,0,6,5,912,90,24,0,8,1,1,0,0,0,0,6,,,,,
,,,,,,PB,SANTA HELENA,1734,498,0,17,0,117,30,0,4,7,843,169,19,0,19,1,0,0,0,0,0,10,,,,,
,,,,,,PB,SANTA INES,1052,194,0,18,1,79,11,0,16,4,694,30,1,0,0,1,0,0,0,0,0,3,,,,,
,,,,,,PB,SANTA LUZIA,7947,2350,0,183,22,384,252,0,204,20,3345,979,24,0,84,29,0,3,0,0,6,62,,,,,
,,,,,,PB,SANTA RITA,58292,22970,0,1128,131,2612,1244,0,2269,120,24103,1988,314,0,851,172,0,9,0,5,19,357,,,,,
,,,,,,PB,SANTA TERESINHA,1862,419,0,32,1,103,39,0,18,8,1121,104,5,0,4,2,0,0,0,0,0,6,,,,,
,,,,,,PB,SANTANA DE MANGUEIRA,1490,286,0,3,0,82,17,0,7,2,1041,40,4,0,4,1,0,0,0,0,1,2,,,,,
,,,,,,PB,SANTANA DOS GARROTES,1979,518,0,23,0,120,41,0,23,11,1171,49,6,0,7,0,0,0,0,0,0,10,,,,,
,,,,,,PB,SANTAREM,675,185,0,9,0,42,8,0,0,5,353,57,11,0,1,0,0,0,0,0,0,4,,,,,
,,,,,,PB,SANTO ANDRE,794,277,0,22,3,39,15,0,0,7,384,8,23,0,10,4,0,0,0,0,0,2,,,,,
,,,,,,PB,SAO BENTINHO,1349,348,0,29,1,99,35,0,7,7,603,198,5,0,12,2,0,0,0,0,0,3,,,,,
,,,,,,PB,SAO BENTO,21574,2723,0,302,103,1324,243,0,205,46,9975,6020,46,0,157,182,0,1,0,0,1,246,,,,,
,,,,,,PB,SAO DOMINGOS DE POMBAL,871,184,0,18,0,50,12,0,5,6,530,56,6,0,4,0,0,0,0,0,0,0,,,,,
,,,,,,PB,SAO DOMINGOS DO CARIRI,924,326,0,16,0,97,17,0,0,8,398,37,10,0,6,0,0,0,0,0,0,9,,,,,
,,,,,,PB,SAO FRANCISCO,1275,331,0,16,2,61,12,0,5,1,714,113,11,0,7,2,0,0,0,0,0,0,,,,,
,,,,,,PB,SAO JOAO DO CARIRI,1574,686,0,36,1,152,23,0,3,5,587,43,15,0,12,4,0,0,0,0,0,7,,,,,
,,,,,,PB,SAO JOAO DO RIO DO PEIXE,7297,1756,0,108,5,435,93,0,19,29,3572,1152,30,0,36,9,0,1,0,0,2,50,,,,,
,,,,,,PB,SAO JOAO DO TIGRE,770,213,0,21,1,77,23,0,1,7,407,8,6,0,2,0,0,0,0,0,0,4,,,,,
,,,,,,PB,SAO JOSE DA LAGOA TAPADA,1831,465,0,43,0,153,42,0,2,14,1005,78,12,0,7,0,0,0,0,0,0,10,,,,,
,,,,,,PB,SAO JOSE DE CAIANA,1996,450,0,21,2,117,17,0,24,11,1258,76,8,0,6,2,0,0,0,0,0,4,,,,,
,,,,,,PB,SAO JOSE DE ESPINHARAS,1104,289,0,19,0,69,15,0,11,5,615,48,15,0,12,3,0,0,0,0,0,3,,,,,
,,,,,,PB,SAO JOSE DE PIRANHAS,8231,1986,0,85,1,578,141,0,14,29,3960,1273,29,0,73,1,0,2,0,0,1,58,,,,,
,,,,,,PB,SAO JOSE DE PRINCESA,649,108,0,13,1,63,7,0,7,71,343,23,10,0,1,0,0,0,0,0,0,2,,,,,
,,,,,,PB,SAO JOSE DO BONFIM,1298,310,0,14,0,64,5,0,44,2,773,59,9,0,18,0,0,0,0,0,0,0,,,,,
,,,,,,PB,SAO JOSE DO BREJO DO CRUZ,367,76,0,7,0,23,4,0,3,3,211,33,7,0,0,0,0,0,0,0,0,0,,,,,
,,,,,,PB,SAO JOSE DO SABUGI,1230,362,0,32,1,107,29,0,7,5,526,129,16,0,3,0,0,0,0,0,0,13,,,,,
,,,,,,PB,SAO JOSE DOS CORDEIROS,825,337,0,36,3,69,8,0,1,9,316,12,13,0,7,9,0,0,0,0,0,5,,,,,
,,,,,,PB,SAO JOSE DOS RAMOS,1921,504,0,34,1,107,47,0,41,4,1124,36,10,0,8,1,0,0,0,0,0,4,,,,,
,,,,,,PB,SAO MAMEDE,2831,803,0,52,10,219,43,0,37,4,1364,200,13,0,50,7,0,2,0,0,1,26,,,,,
,,,,,,PB,SAO MIGUEL DE TAIPU,2173,601,0,37,1,149,22,0,38,3,1219,57,11,0,19,1,0,0,0,0,0,15,,,,,
,,,,,,PB,SAO SEBASTIAO DE LAGOA DE ROCA,4452,1650,0,183,6,299,62,0,26,22,1962,158,17,0,32,7,0,0,0,0,1,27,,,,,
,,,,,,PB,SAO SEBASTIAO DO UMBUZEIRO,698,239,0,10,0,78,22,0,1,7,306,17,10,0,4,0,0,1,0,0,1,2,,,,,
,,,,,,PB,SAO VICENTE DO SERIDO,2274,1144,0,63,1,133,36,0,4,18,791,26,22,0,31,0,0,0,0,0,0,5,,,,,
,,,,,,PB,SAPE,23684,6504,0,498,29,1131,393,0,431,42,11750,2365,175,0,199,41,0,3,0,2,3,118,,,,,
,,,,,,PB,SERRA BRANCA,4491,1667,0,121,4,311,102,0,16,24,1977,185,23,0,36,5,0,1,0,0,1,18,,,,,
,,,,,,PB,SERRA DA RAIZ,654,220,0,14,0,37,5,0,5,6,312,42,8,0,1,1,0,0,0,0,0,3,,,,,
,,,,,,PB,SERRA GRANDE,874,272,0,10,0,42,14,0,3,8,486,23,9,0,5,0,0,0,0,0,0,2,,,,,
,,,,,,PB,SERRA REDONDA,2441,718,0,32,4,113,39,0,47,16,1370,68,9,0,11,3,0,0,0,0,0,11,,,,,
,,,,,,PB,SERRARIA,1333,486,0,22,1,67,24,0,4,10,663,22,21,0,1,1,0,0,0,0,1,10,,,,,
,,,,,,PB,SERTAOZINHO,1838,526,0,10,0,96,16,0,24,5,971,137,23,0,7,5,0,0,0,0,0,18,,,,,
,,,,,,PB,SOBRADO,3993,1039,0,128,4,359,37,0,32,2,2117,198,13,0,37,6,0,1,0,0,1,19,,,,,
,,,,,,PB,SOLANEA,11617,4153,0,306,10,731,291,0,31,51,4921,860,65,0,70,10,0,1,0,0,7,110,,,,,
,,,,,,PB,SOLEDADE,6266,2096,0,262,39,441,83,0,44,36,2674,361,35,0,83,68,0,1,0,0,6,37,,,,,
,,,,,,PB,SOSSEGO,663,335,0,37,0,63,9,0,0,7,187,7,6,0,7,2,0,0,0,0,0,3,,,,,
,,,,,,PB,SOUSA,42037,10760,0,1243,165,1997,646,0,405,64,18756,6820,102,0,363,262,0,0,0,0,29,425,,,,,
,,,,,,PB,SUME,6778,2370,0,152,17,536,128,0,19,39,3054,312,33,0,54,19,0,1,0,0,2,42,,,,,
,,,,,,PB,TACIMA,1670,533,0,38,0,87,33,0,7,6,866,70,20,0,3,0,0,1,0,0,0,6,,,,,
,,,,,,PB,TAPEROA,3578,1216,0,108,0,274,57,0,7,27,1626,178,14,0,45,7,0,0,0,0,0,19,,,,,
,,,,,,PB,TAVARES,3194,813,0,54,2,245,58,0,32,31,1808,87,21,0,14,2,0,0,0,0,0,27,,,,,
,,,,,,PB,TEIXEIRA,9760,3085,0,164,8,607,164,0,163,46,4981,385,31,0,39,13,0,0,0,0,2,72,,,,,
,,,,,,PB,TENORIO,646,293,0,24,1,55,32,0,2,2,206,6,6,0,9,1,0,0,0,0,0,9,,,,,
,,,,,,PB,TRIUNFO,3346,801,0,23,0,216,37,0,7,14,1954,245,12,0,22,1,0,0,0,0,0,14,,,,,
,,,,,,PB,UIRAUNA,7541,1537,0,109,19,374,169,0,9,19,4268,869,17,0,38,31,0,1,0,0,1,80,,,,,
,,,,,,PB,UMBUZEIRO,2023,748,0,70,0,205,140,0,31,45,673,47,40,0,9,0,0,0,0,0,0,15,,,,,
,,,,,,PB,VARZEA,868,224,0,24,0,62,10,0,6,9,427,79,6,0,14,0,0,0,0,0,0,7,,,,,
,,,,,,PB,VIEIROPOLIS,1710,408,0,20,0,116,11,0,3,10,1040,83,12,0,3,0,0,0,0,0,0,4,,,,,
,,,,,,PB,VISTA SERRANA,1637,287,0,31,2,118,8,0,4,3,844,304,4,0,16,3,0,0,0,0,0,13,,,,,
,,,,,,PB,ZABELE,576,166,0,22,1,50,10,0,1,25,249,26,20,0,3,0,0,0,0,0,0,3,,,,,
,,,,,,PE,ABREU E LIMA,36544,16794,0,644,183,1430,1731,1,466,82,13127,625,420,0,618,167,0,57,0,3,9,187,,,,,
,,,,,,PE,AFOGADOS DA INGAZEIRA,27119,7570,0,547,43,1873,502,0,639,118,13511,1379,111,0,535,59,1,18,0,0,11,202,,,,,
,,,,,,PE,AFRANIO,6231,1174,0,217,17,487,68,0,8,26,3824,225,34,0,92,40,0,1,0,0,2,16,,,,,
,,,,,,PE,AGRESTINA,10995,3901,0,276,22,680,212,0,108,52,4373,960,50,0,281,24,0,6,0,1,0,49,,,,,
,,,,,,PE,AGUA PRETA,7703,2473,0,195,4,264,124,0,160,92,3505,515,119,0,219,3,0,5,0,0,1,24,,,,,
,,,,,,PE,AGUAS BELAS,14041,3246,0,434,38,862,197,0,47,128,7725,948,139,0,156,45,0,5,0,0,1,70,,,,,
,,,,,,PE,ALAGOINHA,4124,1707,0,146,19,332,101,0,87,73,1466,79,27,0,46,17,0,3,0,0,2,19,,,,,
,,,,,,PE,ALIANCA,10258,4071,0,194,46,435,224,0,273,50,3730,710,162,0,265,54,0,8,0,0,1,35,,,,,
,,,,,,PE,ALTINHO,6981,2112,0,126,7,411,152,0,22,92,3308,547,47,0,121,8,0,2,0,0,1,25,,,,,
,,,,,,PE,AMARAJI,5182,1699,0,165,22,389,111,0,33,49,2259,264,71,0,76,12,0,0,0,0,1,31,,,,,
,,,,,,PE,ANGELIM,3044,1211,0,64,14,268,40,0,14,42,1183,113,21,0,51,11,0,1,0,0,1,10,,,,,
,,,,,,PE,ARACOIABA,5033,1852,0,110,4,231,195,0,210,69,1956,166,155,0,59,2,0,7,0,0,4,13,,,,,
,,,,,,PE,ARARIPINA,42566,10247,0,1260,156,2462,599,0,133,170,22827,3671,139,0,434,204,1,10,0,0,65,188,,,,,
,,,,,,PE,ARCOVERDE,38271,15999,0,1337,203,2591,955,0,1613,233,11329,2279,212,0,788,252,1,49,0,0,22,408,,,,,
,,,,,,PE,BARRA DE GUABIRABA,3059,1108,0,89,5,271,78,0,17,35,1294,81,20,0,39,3,0,2,0,0,1,16,,,,,
,,,,,,PE,BARREIROS,14591,4752,0,294,30,572,339,0,855,71,5974,1091,131,0,315,40,1,16,0,0,8,102,,,,,
,,,,,,PE,BELEM DE MARIA,2970,1024,0,100,5,187,76,0,19,59,1238,165,19,0,63,1,0,4,0,0,1,9,,,,,
,,,,,,PE,BELEM DE SAO FRANCISCO,6037,1804,0,108,6,439,132,0,41,36,3007,263,36,0,120,1,0,4,0,0,4,36,,,,,
,,,,,,PE,BELO JARDIM,41342,12492,0,1056,170,2468,954,1,1147,438,17031,4372,150,0,508,221,0,27,0,0,9,298,,,,,
,,,,,,PE,BETANIA,3975,912,0,67,0,242,39,0,3,32,2553,61,23,0,30,1,0,1,0,0,2,9,,,,,
,,,,,,PE,BEZERROS,32853,10470,0,988,106,1987,772,0,266,183,13766,3368,144,0,414,130,0,17,0,2,20,220,,,,,
,,,,,,PE,BODOCO,12844,2437,0,302,24,961,125,0,29,22,8520,218,57,0,85,33,0,6,0,0,0,25,,,,,
,,,,,,PE,BOM CONSELHO,17236,4137,0,372,13,1037,300,0,39,138,9853,718,45,0,445,30,0,17,0,0,14,78,,,,,
,,,,,,PE,BOM JARDIM,14206,5402,0,388,13,914,273,0,177,323,5835,406,296,0,113,15,0,9,0,0,1,41,,,,,
,,,,,,PE,BONITO,12124,4463,0,419,22,914,305,0,121,131,4741,658,77,0,154,22,0,13,0,0,6,78,,,,,
,,,,,,PE,BREJAO,2692,854,0,103,0,221,26,0,5,35,1292,90,20,0,35,1,0,1,0,0,0,9,,,,,
,,,,,,PE,BREJINHO,2088,594,0,55,4,153,24,0,8,23,1120,65,14,0,19,2,0,4,0,0,0,3,,,,,
,,,,,,PE,BREJO DA MADRE DE DEUS,20936,4752,0,488,30,1958,249,0,111,401,10876,1623,40,0,248,44,1,2,0,0,3,110,,,,,
,,,,,,PE,BUENOS AIRES,3667,1236,0,77,11,240,58,0,54,28,1731,140,33,0,33,11,0,2,0,0,0,13,,,,,
,,,,,,PE,BUIQUE,13106,4167,0,346,21,1224,217,0,247,179,6172,183,101,0,135,41,0,6,0,1,7,59,,,,,
,,,,,,PE,CABO DE SANTO AGOSTINHO,73031,33237,0,1726,1355,3668,2947,1,1732,314,21667,1474,703,0,1693,1578,0,68,0,1,21,846,,,,,
,,,,,,PE,CABROBO,15051,4083,0,307,35,838,169,0,205,97,8058,771,44,0,304,43,0,4,0,0,1,92,,,,,
,,,,,,PE,CACHOEIRINHA,9858,2998,0,280,17,689,146,0,108,92,4008,1187,15,0,227,37,0,5,0,0,1,48,,,,,
,,,,,,PE,CAETES,8746,3296,0,401,17,672,127,0,17,109,3704,190,63,0,92,18,0,3,0,0,0,37,,,,,
,,,,,,PE,CALCADO,4190,1301,0,85,4,284,39,0,7,20,2046,322,29,0,36,12,0,1,0,0,0,4,,,,,
,,,,,,PE,CALUMBI,2497,650,0,59,3,146,24,0,6,13,1462,71,15,0,36,4,0,0,0,0,0,8,,,,,
,,,,,,PE,CAMARAGIBE,61857,28577,0,912,200,3005,2876,0,735,226,21941,1221,147,0,1022,262,0,61,0,0,27,645,,,,,
,,,,,,PE,CAMOCIM DE SAO FELIX,6222,2467,0,208,6,454,133,0,15,81,2272,414,27,0,91,8,0,6,0,0,3,37,,,,,
,,,,,,PE,CAMUTANGA,2495,659,0,101,13,135,56,0,9,2,1161,169,28,0,119,37,0,0,0,0,0,6,,,,,
,,,,,,PE,CANHOTINHO,8258,2756,0,253,12,528,126,0,27,106,3790,324,60,0,199,15,0,5,0,0,1,56,,,,,
,,,,,,PE,CAPOEIRAS,6162,2254,0,317,16,583,127,0,11,86,2490,123,36,0,59,28,0,4,0,0,1,27,,,,,
,,,,,,PE,CARNAIBA,6691,1630,0,154,20,543,99,0,91,65,3797,118,37,0,88,20,0,6,0,0,3,20,,,,,
,,,,,,PE,CARNAUBEIRA DA PENHA,2506,633,0,45,0,226,52,0,12,33,1427,44,8,0,18,0,0,1,0,0,0,7,,,,,
,,,,,,PE,CARPINA,41873,14916,0,1067,184,2516,1848,0,2161,160,14940,2464,212,0,742,230,0,26,0,0,13,394,,,,,
,,,,,,PE,CARUARU,234015,88633,0,5956,850,13936,6998,0,1816,919,82519,21659,843,0,5154,1149,3,206,0,19,58,3297,,,,,
,,,,,,PE,CASINHAS,4968,1112,0,101,1,250,45,0,66,172,2998,172,19,0,23,0,0,0,0,0,0,9,,,,,
,,,,,,PE,CATENDE,11633,3589,0,215,36,453,237,0,268,124,5100,1168,94,0,244,36,0,7,0,0,1,61,,,,,
,,,,,,PE,CEDRO,3387,907,0,39,2,188,39,0,9,10,1891,214,25,0,42,2,0,1,0,0,2,16,,,,,
,,,,,,PE,CHA DE ALEGRIA,3210,1137,0,74,2,183,72,0,68,47,1372,136,55,0,51,1,0,2,0,0,0,10,,,,,
,,,,,,PE,CHA GRANDE,9379,3115,0,368,29,840,175,0,69,75,3875,584,52,0,101,37,0,0,0,0,1,58,,,,,
,,,,,,PE,CONDADO,9651,2986,0,142,53,456,234,0,455,62,3761,1008,90,0,239,119,0,8,0,0,3,35,,,,,
,,,,,,PE,CORRENTES,3997,935,0,77,2,264,51,0,5,52,2373,154,17,0,44,4,0,0,0,0,1,18,,,,,
,,,,,,PE,CORTES,2839,1016,0,191,12,176,48,0,15,61,1036,96,49,0,117,14,0,0,0,0,2,6,,,,,
,,,,,,PE,CUMARU,5106,1427,0,222,11,360,73,0,14,121,2611,167,18,0,57,10,0,2,0,0,0,13,,,,,
,,,,,,PE,CUPIRA,12868,4115,0,333,23,901,290,0,116,126,4982,1490,41,0,314,24,0,9,0,0,1,103,,,,,
,,,,,,PE,CUSTODIA,17157,5417,0,542,70,1281,253,0,153,157,7698,994,69,0,254,104,0,11,0,0,22,132,,,,,
,,,,,,PE,DORMENTES,6758,1468,0,363,53,585,47,0,10,29,3652,257,82,0,91,90,0,1,0,0,1,29,,,,,
,,,,,,PE,ESCADA,24665,8643,0,477,146,954,641,0,266,94,10582,1731,259,0,462,225,0,14,0,4,8,159,,,,,
,,,,,,PE,EXU,11262,3019,0,322,13,850,280,0,12,44,6104,331,72,0,125,15,0,13,0,0,3,59,,,,,
,,,,,,PE,FEIRA NOVA,9189,2243,0,310,67,513,260,0,443,62,4406,643,27,0,121,50,0,4,0,0,1,39,,,,,
,,,,,,PE,FERNANDO DE NORONHA,2014,595,0,26,2,250,94,0,56,31,581,131,9,0,59,9,0,9,0,0,16,146,,,,,
,,,,,,PE,FERREIROS,4030,1054,0,96,24,212,104,0,38,7,1990,296,66,0,101,23,0,0,0,0,0,19,,,,,
,,,,,,PE,FLORES,6943,2045,0,144,23,496,85,0,44,102,3666,148,56,0,78,29,0,0,0,0,1,26,,,,,
,,,,,,PE,FLORESTA,12765,3657,0,583,19,1023,207,0,347,90,5752,698,33,0,212,36,42,1,0,0,6,59,,,,,
,,,,,,PE,FREI MIGUELINHO,5924,2058,0,271,48,527,121,0,27,123,2359,212,22,0,84,45,0,4,0,0,0,23,,,,,
,,,,,,PE,GAMELEIRA,5014,1956,0,96,6,232,123,0,145,26,1936,214,82,0,166,3,0,4,0,0,2,23,,,,,
,,,,,,PE,GARANHUNS,74504,32536,0,2045,322,4920,2067,0,727,383,23966,4088,387,0,1446,344,1,80,0,0,22,1170,,,,,
,,,,,,PE,GLORIA DO GOITA,10219,2656,0,297,79,611,222,0,147,88,5007,766,91,0,95,107,0,5,0,0,2,46,,,,,
,,,,,,PE,GOIANA,38412,12641,0,775,282,1766,1343,0,1663,272,14071,3869,230,0,916,236,0,34,0,3,4,307,,,,,
,,,,,,PE,GRANITO,2086,431,0,38,1,158,15,0,0,6,1353,36,17,0,21,2,0,2,0,0,1,5,,,,,
,,,,,,PE,GRAVATA,47611,14369,0,1187,174,3252,1172,0,855,151,20178,4798,172,0,632,201,1,27,0,2,19,421,,,,,
,,,,,,PE,IATI,4202,1227,0,144,16,386,66,0,5,58,2054,80,35,0,69,40,0,2,0,0,1,19,,,,,
,,,,,,PE,IBIMIRIM,9103,2848,0,207,18,977,172,0,149,86,4102,280,38,0,156,22,0,6,0,0,7,35,,,,,
,,,,,,PE,IBIRAJUBA,2120,711,0,58,5,132,33,0,14,17,958,147,11,0,25,2,0,1,0,0,0,6,,,,,
,,,,,,PE,IGARASSU,40229,19492,0,1125,417,2018,2156,0,599,152,11130,669,567,0,1077,478,1,35,0,5,34,274,,,,,
,,,,,,PE,IGUARACI,3303,1074,0,146,3,200,55,0,28,43,1599,80,33,0,21,2,0,5,0,0,1,13,,,,,
,,,,,,PE,ILHA DE ITAMARACA,6095,2699,0,83,6,358,391,0,349,18,1805,103,25,0,188,18,0,4,0,0,3,45,,,,,
,,,,,,PE,INAJA,4253,1148,0,91,3,381,105,0,29,31,2242,123,18,0,42,3,0,3,0,0,6,28,,,,,
,,,,,,PE,INGAZEIRA,1305,386,0,47,0,79,29,0,16,23,655,35,10,0,13,0,0,3,0,0,0,9,,,,,
,,,,,,PE,IPOJUCA,33428,14093,0,793,280,1796,1688,0,1473,363,9565,691,649,0,1183,352,5,22,0,1,47,427,,,,,
,,,,,,PE,IPUBI,10247,2348,0,387,91,584,88,0,10,36,6038,341,66,0,70,139,0,3,0,0,0,46,,,,,
,,,,,,PE,ITACURUBA,1048,403,0,30,0,98,26,0,9,9,418,19,7,0,23,0,0,0,0,0,1,5,,,,,
,,,,,,PE,ITAIBA,8878,2085,0,277,8,750,128,0,28,75,5127,191,43,0,89,44,0,1,0,0,2,30,,,,,
,,,,,,PE,ITAMBE,17043,3750,0,363,41,724,301,0,133,52,8984,2158,206,0,231,43,0,6,0,0,5,46,,,,,
,,,,,,PE,ITAPETIM,4259,1150,0,106,4,247,53,0,46,7,2314,263,15,0,32,4,0,7,0,0,1,10,,,,,
,,,,,,PE,ITAPISSUMA,5835,2889,0,94,32,290,421,0,138,48,1415,114,30,0,114,169,0,4,0,1,0,76,,,,,
,,,,,,PE,ITAQUITINGA,3936,1220,0,45,10,169,120,0,120,43,1851,203,71,0,60,8,0,2,0,0,0,14,,,,,
,,,,,,PE,JABOATAO DOS GUARARAPES,255907,117970,0,5966,2142,12987,12025,0,2937,761,82675,5218,2135,0,4119,2620,4,410,0,23,255,3660,,,,,
,,,,,,PE,JAQUEIRA,2534,790,0,68,1,169,59,0,17,21,1175,151,27,0,44,0,0,1,0,0,0,11,,,,,
,,,,,,PE,JATAUBA,5739,1370,0,262,13,526,62,0,14,268,2949,151,33,0,45,13,0,3,0,0,0,30,,,,,
,,,,,,PE,JATOBA,2766,822,0,49,5,163,37,0,122,37,1222,208,21,0,54,6,0,2,0,0,2,16,,,,,
,,,,,,PE,JOAO ALFREDO,10542,3026,0,353,23,1071,192,0,74,597,4567,449,43,0,60,22,0,6,0,0,0,59,,,,,
,,,,,,PE,JOAQUIM NABUCO,3737,1224,0,102,3,144,78,0,61,35,1582,222,120,0,138,7,0,1,0,0,4,16,,,,,
,,,,,,PE,JUCATI,4121,1409,0,150,13,272,45,0,11,41,1898,174,37,0,39,9,0,2,0,0,0,21,,,,,
,,,,,,PE,JUPI,7455,2695,0,402,35,484,85,0,39,63,2892,471,72,0,103,53,0,2,0,0,2,57,,,,,
,,,,,,PE,JUREMA,4336,1603,0,108,5,306,56,0,13,57,1898,212,20,0,39,0,0,3,0,0,0,16,,,,,
,,,,,,PE,LAGOA DO CARRO,5391,1838,0,125,5,294,320,0,346,22,2051,245,21,0,92,1,0,0,0,0,6,25,,,,,
,,,,,,PE,LAGOA DO ITAENGA,8071,2227,0,408,24,411,213,0,319,62,3528,446,99,0,269,33,0,4,0,0,2,26,,,,,
,,,,,,PE,LAGOA DO OURO,3702,770,0,56,4,287,32,0,2,38,2378,71,18,0,23,2,0,2,0,0,2,17,,,,,
,,,,,,PE,LAGOA DOS GATOS,4753,1347,0,135,5,385,106,0,14,55,2264,334,11,0,78,2,0,2,0,0,1,14,,,,,
,,,,,,PE,LAGOA GRANDE,6510,2014,0,180,6,562,61,0,78,23,3137,258,23,0,113,13,0,0,0,0,8,34,,,,,
,,,,,,PE,LAJEDO,24809,8859,0,834,74,1751,372,0,699,143,8693,2524,78,0,494,104,0,12,0,0,13,159,,,,,
,,,,,,PE,LIMOEIRO,25555,7707,0,624,56,1322,998,0,1625,167,10386,1933,101,0,366,71,0,15,0,1,4,179,,,,,
,,,,,,PE,MACAPARANA,9934,2580,0,233,6,703,151,0,21,22,5510,473,59,0,132,2,0,2,0,0,6,34,,,,,
,,,,,,PE,MACHADOS,5130,1343,0,259,60,426,76,0,51,53,2523,97,28,0,59,132,0,0,0,0,2,21,,,,,
,,,,,,PE,MANARI,3609,872,0,76,4,275,34,0,9,27,2188,61,14,0,27,8,0,1,0,0,0,13,,,,,
,,,,,,PE,MARAIAL,2677,702,0,119,10,143,45,0,11,28,1280,185,34,0,91,12,0,1,0,0,1,15,,,,,
,,,,,,PE,MIRANDIBA,3866,1193,0,143,25,323,85,0,34,21,1828,89,17,0,39,43,0,1,0,0,2,23,,,,,
,,,,,,PE,MOREILANDIA,2488,531,0,67,1,205,33,0,4,10,1546,45,13,0,15,1,0,0,0,0,0,17,,,,,
,,,,,,PE,MORENO,21747,8757,0,844,133,1207,719,0,229,167,8402,352,188,0,371,180,0,17,0,28,7,146,,,,,
,,,,,,PE,NAZARE DA MATA,10477,4258,0,251,18,503,350,0,525,37,3468,674,80,0,215,19,0,12,0,0,1,66,,,,,
,,,,,,PE,OLINDA,161862,79814,0,2856,568,6975,6900,0,1721,462,53002,2822,1218,0,2453,718,13,435,0,4,106,1795,,,,,
,,,,,,PE,OROBO,8602,2906,0,257,8,687,128,0,82,211,3797,297,110,0,60,11,0,2,0,0,3,43,,,,,
,,,,,,PE,OROCO,4381,1223,0,107,0,281,40,0,29,12,2529,92,15,0,45,0,0,0,0,0,1,7,,,,,
,,,,,,PE,OURICURI,31036,7252,0,793,130,1741,385,0,229,91,18444,1017,138,0,448,172,4,16,0,0,15,161,,,,,
,,,,,,PE,PALMARES,29848,8636,0,579,79,1233,577,0,493,192,13007,3103,255,0,1363,66,0,39,0,0,15,211,,,,,
,,,,,,PE,PALMEIRINA,1934,527,0,22,0,118,15,0,3,23,1127,64,8,0,20,0,0,1,0,0,3,3,,,,,
,,,,,,PE,PANELAS,6713,2634,0,130,11,547,161,0,31,124,2346,532,30,0,121,12,0,4,0,0,1,29,,,,,
,,,,,,PE,PARANATAMA,4613,1625,0,171,7,341,68,0,8,46,2096,128,57,0,42,8,0,2,0,0,0,14,,,,,
,,,,,,PE,PARNAMIRIM,7227,1694,0,281,8,413,84,0,20,26,4312,219,55,0,80,12,0,0,0,0,4,19,,,,,
,,,,,,PE,PASSIRA,11180,2817,0,348,17,647,177,0,190,191,6094,485,37,0,111,10,0,5,0,0,3,48,,,,,
,,,,,,PE,PAUDALHO,20917,6841,0,739,103,934,715,0,567,75,9578,676,127,0,285,88,0,12,0,0,5,172,,,,,
,,,,,,PE,PAULISTA,138219,71590,0,2147,484,6000,6792,0,1080,446,42014,2647,405,0,2422,560,5,173,0,3,71,1380,,,,,
,,,,,,PE,PEDRA,5571,1897,0,208,5,619,112,0,101,74,2313,116,34,0,62,7,0,3,0,0,5,15,,,,,
,,,,,,PE,PESQUEIRA,27426,9553,0,823,112,1866,623,0,823,250,10638,1788,195,0,359,150,0,27,0,1,5,213,,,,,
,,,,,,PE,PETROLANDIA,13467,3660,0,404,20,913,249,0,683,75,5750,1153,97,0,303,49,0,31,0,0,5,75,,,,,
,,,,,,PE,PETROLINA,210688,77485,0,5225,519,15877,5060,0,4370,467,81288,10217,871,0,5299,865,14,67,0,11,62,2991,,,,,
,,,,,,PE,POCAO,5335,1363,0,87,4,331,91,0,35,71,3111,154,16,0,45,5,0,3,0,0,0,19,,,,,
,,,,,,PE,POMBOS,10994,3491,0,519,59,871,223,0,272,74,4284,822,79,0,145,58,0,4,0,0,5,88,,,,,
,,,,,,PE,PRIMAVERA,2698,1017,0,90,11,184,61,0,9,18,986,72,61,0,149,19,0,1,0,0,1,19,,,,,
,,,,,,PE,QUIPAPA,4243,1505,0,115,11,322,73,0,11,54,1795,215,49,0,69,5,0,1,0,0,0,18,,,,,
,,,,,,PE,QUIXABA,3713,658,0,55,5,347,33,0,21,28,2446,73,17,0,21,4,0,0,0,0,0,5,,,,,
,,,,,,PE,RECIFE,795597,395111,0,17800,3870,46143,49101,5,7285,2692,202746,16192,6416,1,12238,6720,34,1709,0,177,657,26700,,,,,
,,,,,,PE,RIACHO DAS ALMAS,10073,3219,0,464,39,803,160,0,20,141,4348,580,46,0,145,51,0,4,0,0,2,51,,,,,
,,,,,,PE,RIBEIRAO,12694,5070,0,278,40,563,327,0,477,78,4630,567,137,0,401,50,0,9,0,0,1,66,,,,,
,,,,,,PE,RIO FORMOSO,6405,2651,0,146,15,241,254,0,200,83,2216,214,89,0,252,18,0,1,0,0,4,21,,,,,
,,,,,,PE,SAIRE,3645,1251,0,129,4,319,92,0,11,15,1540,168,36,0,44,6,0,0,0,0,0,30,,,,,
,,,,,,PE,SALGADINHO,1521,365,0,30,1,111,25,0,16,54,844,45,7,0,12,3,0,1,0,0,1,6,,,,,
,,,,,,PE,SALGUEIRO,34828,10217,0,630,161,2220,524,0,740,143,16127,2705,164,0,654,202,0,6,0,1,32,302,,,,,
,,,,,,PE,SALOA,4448,1394,0,97,13,349,59,0,4,47,2280,105,14,0,48,16,0,1,0,0,2,19,,,,,
,,,,,,PE,SANHARO,7196,2305,0,197,18,590,144,0,119,44,3046,526,66,0,77,31,0,1,0,0,4,28,,,,,
,,,,,,PE,SANTA CRUZ,4314,904,0,196,12,280,37,0,4,28,2640,98,52,0,36,16,0,0,0,0,0,11,,,,,
,,,,,,PE,SANTA CRUZ DA BAIXA VERDE,5916,1152,0,260,42,384,59,0,11,36,3692,119,13,0,39,87,0,1,0,0,0,21,,,,,
,,,,,,PE,SANTA CRUZ DO CAPIBARIBE,78146,19719,0,1134,168,4926,1435,0,574,355,35964,11674,124,0,1079,198,1,22,0,0,4,769,,,,,
,,,,,,PE,SANTA FILOMENA,3470,571,0,145,12,198,30,0,2,16,2330,61,43,0,35,20,0,0,0,0,0,7,,,,,
,,,,,,PE,SANTA MARIA DA BOA VISTA,13465,3791,0,325,11,1017,197,0,90,46,7485,194,105,0,159,11,0,1,0,0,2,31,,,,,
,,,,,,PE,SANTA MARIA DO CAMBUCA,5455,1829,0,290,11,309,90,0,43,106,2392,275,38,0,38,20,0,0,0,0,0,14,,,,,
,,,,,,PE,SANTA TEREZINHA,3298,914,0,105,13,290,44,0,14,14,1659,199,10,0,13,10,0,2,0,0,1,10,,,,,
,,,,,,PE,SAO BENEDITO DO SUL,2080,711,0,38,1,136,48,0,3,19,972,70,18,0,39,1,0,1,0,0,2,21,,,,,
,,,,,,PE,SAO BENTO DO UNA,22222,6122,0,1325,188,1731,368,0,192,140,9892,1316,179,0,275,356,0,10,0,0,3,125,,,,,
,,,,,,PE,SAO CAITANO,16565,4976,0,453,62,810,240,0,334,332,7672,1105,49,0,348,93,0,12,0,0,3,76,,,,,
,,,,,,PE,SAO JOAO,7585,2525,0,184,5,530,92,0,16,100,3610,247,126,0,103,9,0,0,0,0,0,38,,,,,
,,,,,,PE,SAO JOAQUIM DO MONTE,5811,1710,0,112,0,398,129,0,20,67,2826,402,31,0,87,3,0,2,0,0,0,24,,,,,
,,,,,,PE,SAO JOSE DA COROA GRANDE,6111,2156,0,102,11,327,228,0,386,33,2077,416,99,0,198,15,0,2,0,0,5,56,,,,,
,,,,,,PE,SAO JOSE DO BELMONTE,14583,4125,0,422,47,1150,236,0,70,65,7298,621,160,0,184,107,0,8,0,0,10,80,,,,,
,,,,,,PE,SAO JOSE DO EGITO,15410,4986,0,557,70,989,324,0,251,59,6918,728,91,0,168,174,0,18,0,0,3,74,,,,,
,,,,,,PE,SAO LOURENCO DA MATA,35940,16568,0,521,108,1657,1590,0,551,121,12469,588,755,0,616,119,0,38,0,0,19,220,,,,,
,,,,,,PE,SAO VICENTE FERRER,6431,1668,0,243,4,624,106,0,15,18,3304,354,34,0,28,5,0,2,0,0,0,26,,,,,
,,,,,,PE,SERRA TALHADA,51748,15512,0,1698,227,3268,810,0,818,189,23903,3375,114,0,812,399,3,11,0,2,74,533,,,,,
,,,,,,PE,SERRITA,4432,1215,0,98,6,354,59,0,30,22,2315,230,17,0,55,8,0,0,0,0,3,20,,,,,
,,,,,,PE,SERTANIA,18408,4865,0,510,33,913,272,0,183,120,10375,717,65,0,222,55,1,27,0,0,5,45,,,,,
,,,,,,PE,SIRINHAEM,9933,4221,0,262,42,448,470,0,227,75,3098,367,142,0,437,44,0,7,0,0,1,92,,,,,
,,,,,,PE,SOLIDAO,1563,400,0,27,1,108,27,0,12,11,883,36,15,0,36,1,0,0,0,0,0,6,,,,,
,,,,,,PE,SURUBIM,36655,11459,0,1118,200,2824,752,0,676,719,14637,2998,223,0,482,227,0,19,0,0,10,311,,,,,
,,,,,,PE,TABIRA,15044,4416,0,331,10,1117,173,0,82,52,7362,928,95,0,386,11,0,13,0,1,14,53,,,,,
,,,,,,PE,TACAIMBO,4948,1553,0,158,7,304,76,0,46,67,2321,296,24,0,68,5,0,1,0,0,0,22,,,,,
,,,,,,PE,TACARATU,4361,950,0,73,8,371,54,0,39,70,2277,423,6,0,60,13,0,0,0,0,3,14,,,,,
,,,,,,PE,TAMANDARE,8239,2708,0,100,4,433,265,0,436,58,3244,575,35,0,289,5,0,3,0,1,8,75,,,,,
,,,,,,PE,TAQUARITINGA DO NORTE,13044,4425,0,363,19,916,192,0,70,183,5145,1353,58,0,200,24,0,2,0,0,1,93,,,,,
,,,,,,PE,TEREZINHA,2245,631,0,47,0,169,20,0,4,15,1258,47,16,0,25,0,0,1,0,0,1,11,,,,,
,,,,,,PE,TERRA NOVA,3368,966,0,112,4,164,34,0,10,23,1905,71,28,0,35,8,0,0,0,0,0,8,,,,,
,,,,,,PE,TIMBAUBA,30415,7425,0,614,67,1281,633,0,342,44,15773,3398,140,0,439,99,0,21,0,0,3,136,,,,,
,,,,,,PE,TORITAMA,23593,7578,0,429,19,1755,412,0,295,88,8536,3760,48,0,352,14,0,6,0,0,5,296,,,,,
,,,,,,PE,TRACUNHAEM,3439,1348,0,74,4,163,118,0,159,31,1301,135,34,0,55,5,0,1,0,0,0,11,,,,,
,,,,,,PE,TRINDADE,15113,3495,0,511,260,816,154,0,94,94,7845,1135,35,0,186,374,0,5,0,0,5,104,,,,,
,,,,,,PE,TRIUNFO,8932,2132,0,235,15,774,148,0,20,56,5198,206,23,0,55,20,0,4,0,0,6,40,,,,,
,,,,,,PE,TUPANATINGA,6744,1880,0,171,8,464,73,0,47,67,3721,206,35,0,41,8,0,2,0,0,0,21,,,,,
,,,,,,PE,TUPARETAMA,4437,1240,0,136,26,255,48,0,54,44,2223,286,23,0,48,39,0,2,0,0,0,13,,,,,
,,,,,,PE,VENTUROSA,5556,2046,0,196,13,723,117,0,119,66,1816,318,21,0,68,21,0,3,0,0,0,29,,,,,
,,,,,,PE,VERDEJANTE,2716,783,0,78,2,174,31,0,29,20,1465,73,20,0,23,6,0,0,0,0,1,11,,,,,
,,,,,,PE,VERTENTE DO LERIO,4075,1160,0,136,6,195,51,0,37,127,2176,129,24,0,16,8,0,0,0,0,1,9,,,,,
,,,,,,PE,VERTENTES,7574,2796,0,247,5,549,166,0,40,77,2931,575,35,0,98,12,0,1,0,0,1,41,,,,,
,,,,,,PE,VICENCIA,9185,3434,0,327,12,647,157,0,104,36,3809,360,111,0,117,26,0,6,0,0,1,38,,,,,
,,,,,,PE,VITORIA DE SANTO ANTAO,75079,24005,0,2851,578,4320,2140,0,1182,228,29478,7495,436,0,984,565,0,61,0,0,16,740,,,,,
,,,,,,PE,XEXEU,3190,1204,0,85,10,118,66,0,30,24,1270,201,49,0,100,12,0,2,0,0,0,19,,,,,
,,,,,,PI,ACAUA,3422,671,0,151,1,436,27,0,1,36,2013,30,45,0,9,0,0,0,0,0,0,2,,,,,
,,,,,,PI,AGRICOLANDIA,2321,448,0,30,2,148,19,0,4,10,1373,262,11,0,5,5,0,0,0,0,0,4,,,,,
,,,,,,PI,AGUA BRANCA,15841,2719,0,222,20,789,153,0,34,23,9957,1637,43,0,147,12,0,0,0,1,5,79,,,,,
,,,,,,PI,ALAGOINHA DO PIAUI,2621,804,0,63,4,537,27,0,5,7,947,158,5,0,27,5,0,0,0,0,1,31,,,,,
,,,,,,PI,ALEGRETE DO PIAUI,945,310,0,37,3,78,14,0,7,4,410,38,6,0,20,4,0,0,0,0,0,14,,,,,
,,,,,,PI,ALTO LONGA,3905,734,0,72,0,303,33,0,12,16,2458,204,56,0,6,1,0,0,0,0,2,8,,,,,
,,,,,,PI,ALTOS,21337,4810,0,409,90,1105,284,0,196,25,11804,2090,96,0,151,176,0,0,0,0,11,90,,,,,
,,,,,,PI,ALVORADA DO GURGUEIA,1635,447,0,27,3,119,19,0,26,10,817,124,13,0,21,5,0,0,0,0,1,3,,,,,
,,,,,,PI,AMARANTE,6757,1202,0,89,7,413,81,0,44,20,4433,377,34,0,21,2,1,0,0,0,6,27,,,,,
,,,,,,PI,ANGICAL DO PIAUI,2635,457,0,36,7,166,29,0,7,5,1529,348,9,0,14,14,0,0,0,0,7,7,,,,,
,,,,,,PI,ANISIO DE ABREU,2622,809,0,61,2,306,53,0,12,23,1247,58,25,0,8,1,0,0,0,0,1,16,,,,,
,,,,,,PI,ANTONIO ALMEIDA,1234,200,0,47,38,97,12,0,3,7,585,121,10,0,24,81,0,0,0,0,0,9,,,,,
,,,,,,PI,AROAZES,1506,384,0,20,0,93,14,0,7,12,796,157,16,0,4,0,0,0,0,0,0,3,,,,,
,,,,,,PI,AROEIRAS DO ITAIM,965,159,0,18,0,47,8,0,5,3,658,44,15,0,4,0,0,0,0,0,0,4,,,,,
,,,,,,PI,ARRAIAL,1119,194,0,14,5,93,8,0,2,2,704,69,7,0,6,10,0,0,0,0,1,4,,,,,
,,,,,,PI,ASSUNCAO DO PIAUI,1281,237,0,15,0,225,9,0,0,0,737,42,5,0,2,0,0,0,0,0,0,9,,,,,
,,,,,,PI,AVELINO LOPES,2600,537,0,45,2,342,88,0,4,15,1183,319,16,0,7,2,0,0,0,0,1,39,,,,,
,,,,,,PI,BAIXA GRANDE DO RIBEIRO,5716,820,0,217,309,633,60,0,39,14,2091,596,50,0,258,590,0,1,0,0,2,36,,,,,
,,,,,,PI,BARRA D'ALCANTARA,1393,239,0,20,0,80,19,0,3,6,652,363,6,0,4,0,0,0,0,0,0,1,,,,,
,,,,,,PI,BARRAS,17044,2959,0,198,14,941,201,0,150,30,10050,2209,143,0,55,20,4,0,0,0,21,49,,,,,
,,,,,,PI,BARREIRAS DO PIAUI,491,101,0,10,1,57,11,0,0,4,260,36,2,0,4,1,0,0,0,0,0,4,,,,,
,,,,,,PI,BARRO DURO,3425,544,0,63,0,215,33,0,1,7,2245,284,10,0,10,0,0,0,0,1,5,7,,,,,
,,,,,,PI,BATALHA,6657,1369,0,110,2,468,79,0,24,41,3658,813,32,0,41,2,0,0,0,0,2,16,,,,,
,,,,,,PI,BELA VISTA DO PIAUI,1270,366,0,31,0,177,34,0,7,4,590,46,9,0,6,0,0,0,0,0,0,0,,,,,
,,,,,,PI,BELEM DO PIAUI,982,298,0,64,7,127,10,0,3,4,366,68,4,0,13,15,0,0,0,0,0,3,,,,,
,,,,,,PI,BENEDITINOS,3337,446,0,47,0,259,40,0,7,17,2095,393,24,0,2,1,0,0,0,0,0,6,,,,,
,,,,,,PI,BERTOLINIA,2088,401,0,28,15,167,17,0,3,13,1251,126,13,0,26,24,0,0,0,1,0,3,,,,,
,,,,,,PI,BETANIA DO PIAUI,2904,689,0,219,3,429,29,0,1,29,1409,28,42,0,12,2,0,0,0,0,3,9,,,,,
,,,,,,PI,BOA HORA,1759,336,0,30,1,130,14,0,10,2,1029,187,17,0,2,1,0,0,0,0,0,0,,,,,
,,,,,,PI,BOCAINA,1969,500,0,16,0,149,30,0,10,9,1058,176,5,0,10,0,0,0,0,0,1,5,,,,,
,,,,,,PI,BOM JESUS,19610,3614,0,552,240,2126,344,0,307,42,8588,2620,77,0,405,477,0,1,0,0,11,206,,,,,
,,,,,,PI,BOM PRINCIPIO DO PIAUI,1667,389,0,21,0,122,14,0,7,6,973,105,12,0,15,0,0,1,0,0,0,2,,,,,
,,,,,,PI,BONFIM DO PIAUI,1653,292,0,57,0,342,19,0,7,5,881,27,13,0,8,0,0,0,0,0,0,2,,,,,
,,,,,,PI,BOQUEIRAO DO PIAUI,2123,543,0,22,0,103,17,0,7,4,1144,253,17,0,11,0,0,0,0,0,1,1,,,,,
,,,,,,PI,BRASILEIRA,3133,641,0,29,3,157,13,0,26,8,1516,682,18,0,19,4,0,0,0,0,2,15,,,,,
,,,,,,PI,BREJO DO PIAUI,1166,295,0,10,0,163,25,0,6,7,554,94,4,0,4,0,0,1,0,0,0,3,,,,,
,,,,,,PI,BURITI DOS LOPES,6396,1478,0,92,2,337,65,0,78,16,3663,557,51,0,29,1,0,0,0,0,3,24,,,,,
,,,,,,PI,BURITI DOS MONTES,934,252,0,27,1,176,29,0,0,23,382,21,11,0,5,1,0,0,0,0,0,6,,,,,
,,,,,,PI,CABECEIRAS DO PIAUI,2556,639,0,36,2,157,13,0,10,2,1376,271,33,0,7,5,0,0,0,0,1,4,,,,,
,,,,,,PI,CAJAZEIRAS DO PIAUI,750,107,0,7,0,52,2,0,8,2,509,51,4,0,6,0,0,0,0,0,0,2,,,,,
,,,,,,PI,CAJUEIRO DA PRAIA,2625,500,0,32,1,192,38,0,18,11,1580,210,15,0,12,1,0,0,0,0,0,15,,,,,
,,,,,,PI,CALDEIRAO GRANDE DO PIAUI,1139,421,0,57,4,132,13,0,3,18,427,24,16,0,11,5,0,0,0,0,0,8,,,,,
,,,,,,PI,CAMPINAS DO PIAUI,1501,376,0,20,0,169,26,0,6,5,814,76,3,0,3,0,0,0,0,0,0,3,,,,,
,,,,,,PI,CAMPO ALEGRE DO FIDALGO,1424,516,0,56,1,244,23,0,2,12,513,43,9,0,1,0,0,0,0,0,0,4,,,,,
,,,,,,PI,CAMPO GRANDE DO PIAUI,2356,687,0,70,6,215,32,0,13,19,1082,160,6,0,30,12,0,0,0,0,0,24,,,,,
,,,,,,PI,CAMPO LARGO DO PIAUI,883,217,0,19,1,93,8,0,2,1,459,64,14,0,2,0,0,1,0,0,0,2,,,,,
,,,,,,PI,CAMPO MAIOR,33382,5937,0,628,46,1552,464,0,290,47,17932,5725,127,0,292,77,1,1,0,1,63,199,,,,,
,,,,,,PI,CANAVIEIRA,399,73,0,8,0,38,5,0,0,4,250,12,2,0,5,0,0,0,0,0,0,2,,,,,
,,,,,,PI,CANTO DO BURITI,8561,1990,0,164,55,740,164,0,28,48,4581,552,44,0,49,98,0,0,0,0,2,46,,,,,
,,,,,,PI,CAPITAO DE CAMPOS,4033,904,0,53,1,213,40,0,23,11,2299,421,23,0,20,6,0,0,0,0,4,15,,,,,
,,,,,,PI,CAPITAO GERVASIO OLIVEIRA,842,280,0,29,4,129,16,0,2,6,303,53,11,0,3,4,0,0,0,1,0,1,,,,,
,,,,,,PI,CARACOL,2190,555,0,82,1,231,51,0,12,12,1071,150,13,0,2,1,0,0,0,0,1,8,,,,,
,,,,,,PI,CARAUBAS DO PIAUI,1652,332,0,28,3,157,12,0,2,7,966,116,12,0,9,6,0,1,0,0,0,1,,,,,
,,,,,,PI,CARIDADE DO PIAUI,1150,365,0,42,2,136,15,0,2,7,543,12,9,0,12,2,0,0,0,0,0,3,,,,,
,,,,,,PI,CASTELO DO PIAUI,6227,1009,0,98,14,482,79,0,14,23,4007,399,42,0,20,23,0,1,0,0,3,13,,,,,
,,,,,,PI,CAXINGO,1475,297,0,24,0,116,11,0,6,10,890,88,20,0,8,0,0,1,0,0,0,4,,,,,
,,,,,,PI,COCAL,10868,2535,0,219,26,1078,117,0,69,29,4790,1738,61,0,41,49,0,0,0,0,4,112,,,,,
,,,,,,PI,COCAL DE TELHA,1867,406,0,16,0,102,15,0,16,4,1004,282,9,0,7,0,0,0,0,0,1,5,,,,,
,,,,,,PI,COCAL DOS ALVES,1803,556,0,15,0,200,15,0,4,25,691,273,8,0,6,1,0,0,0,0,0,9,,,,,
,,,,,,PI,COIVARAS,1235,208,0,16,0,66,5,0,8,2,852,53,12,0,8,0,0,0,0,1,0,4,,,,,
,,,,,,PI,COLONIA DO GURGUEIA,1776,453,0,30,4,153,20,0,15,17,939,97,8,0,23,5,0,0,0,1,1,10,,,,,
,,,,,,PI,COLONIA DO PIAUI,2144,478,0,27,0,146,27,0,6,11,1291,131,11,0,12,1,0,0,0,0,0,3,,,,,
,,,,,,PI,CONCEICAO DO CANINDE,1169,346,0,20,1,170,24,0,1,11,540,34,6,0,10,1,0,0,0,0,0,5,,,,,
,,,,,,PI,CORONEL JOSE DIAS,1406,285,0,37,0,174,24,0,17,18,753,81,7,0,7,0,0,0,0,0,0,3,,,,,
,,,,,,PI,CORRENTE,14600,2746,0,601,99,1260,238,0,27,56,6769,2345,90,0,152,132,0,0,0,0,1,84,,,,,
,,,,,,PI,CRISTALANDIA DO PIAUI,1611,385,0,33,1,165,21,0,3,9,728,236,12,0,11,3,0,0,0,0,0,4,,,,,
,,,,,,PI,CRISTINO CASTRO,3980,987,0,76,6,307,66,0,78,13,1778,525,37,0,79,8,0,0,0,1,1,18,,,,,
,,,,,,PI,CURIMATA,3880,756,0,113,58,363,64,0,5,12,1745,601,12,0,52,83,0,0,0,0,1,15,,,,,
,,,,,,PI,CURRAIS,1290,252,0,16,2,109,7,0,17,3,757,109,10,0,5,0,0,0,0,0,1,2,,,,,
,,,,,,PI,CURRAL NOVO DO PIAUI,1145,276,0,35,0,148,24,0,0,9,619,19,8,0,3,0,0,0,0,0,0,4,,,,,
,,,,,,PI,CURRALINHOS,618,122,0,13,0,48,2,0,2,0,408,13,6,0,2,1,0,0,0,0,0,1,,,,,
,,,,,,PI,DEMERVAL LOBAO,6174,1416,0,131,18,350,70,0,49,12,3650,338,47,0,50,19,0,0,0,0,4,20,,,,,
,,,,,,PI,DIRCEU ARCOVERDE,2014,503,0,92,9,160,20,0,26,16,1053,101,10,0,3,15,0,0,0,0,0,6,,,,,
,,,,,,PI,DOM EXPEDITO LOPES,3048,925,0,96,18,248,65,0,8,20,1355,219,9,0,41,25,2,1,0,0,1,15,,,,,
,,,,,,PI,DOM INOCENCIO,1803,369,0,118,3,383,60,0,9,55,753,18,22,0,4,4,0,0,0,0,1,4,,,,,
,,,,,,PI,DOMINGOS MOURAO,760,151,0,6,0,72,8,0,0,3,457,46,11,0,3,0,0,0,0,0,0,3,,,,,
,,,,,,PI,ELESBAO VELOSO,5774,1254,0,87,8,466,96,0,17,23,3363,374,22,0,24,14,0,0,0,0,2,24,,,,,
,,,,,,PI,ELISEU MARTINS,1284,276,0,21,5,89,8,0,4,4,777,67,6,0,13,9,0,0,0,1,0,4,,,,,
,,,,,,PI,ESPERANTINA,18176,3724,0,340,57,1144,256,0,53,60,9042,3136,96,0,82,66,1,1,0,0,18,100,,,,,
,,,,,,PI,FARTURA DO PIAUI,865,219,0,36,0,91,8,0,2,14,441,40,11,0,1,0,0,0,0,0,0,2,,,,,
,,,,,,PI,FLORES DO PIAUI,1070,294,0,20,1,107,15,0,7,9,562,41,4,0,7,1,0,0,0,0,0,2,,,,,
,,,,,,PI,FLORESTA DO PIAUI,833,184,0,18,0,79,10,0,1,12,469,48,4,0,3,0,0,0,0,1,0,4,,,,,
,,,,,,PI,FLORIANO,54339,13216,0,1470,202,3547,1152,0,258,131,27412,5406,118,0,666,341,4,5,0,0,28,383,,,,,
,,,,,,PI,FRANCINOPOLIS,1329,250,0,19,0,101,14,0,3,14,740,176,5,0,4,0,0,0,0,1,0,2,,,,,
,,,,,,PI,FRANCISCO AYRES,1051,236,0,12,0,91,4,0,1,11,562,106,8,0,16,2,0,0,0,0,0,2,,,,,
,,,,,,PI,FRANCISCO MACEDO,986,307,0,49,10,80,6,0,1,11,464,17,13,0,11,14,0,0,0,1,0,2,,,,,
,,,,,,PI,FRANCISCO SANTOS,2429,703,0,103,7,263,25,0,56,12,937,263,8,0,20,11,0,0,0,0,0,21,,,,,
,,,,,,PI,FRONTEIRAS,6412,1537,0,292,141,621,101,0,24,44,3106,229,26,0,106,139,0,0,0,2,3,41,,,,,
,,,,,,PI,GEMINIANO,2806,654,0,50,5,178,30,0,16,16,1604,184,20,0,31,9,0,0,0,1,0,8,,,,,
,,,,,,PI,GILBUES,3072,561,0,44,23,291,45,0,16,12,1618,327,30,0,34,46,0,0,0,0,0,25,,,,,
,,,,,,PI,GUADALUPE,4804,917,0,119,16,394,66,0,9,15,2621,528,18,0,37,19,0,0,0,0,5,40,,,,,
,,,,,,PI,GUARIBAS,1192,180,0,17,1,164,26,0,5,3,758,27,6,0,1,2,0,0,0,0,0,2,,,,,
,,,,,,PI,HUGO NAPOLEAO,1667,342,0,12,0,81,7,0,2,2,1091,117,4,0,5,0,0,0,0,0,2,2,,,,,
,,,,,,PI,ILHA GRANDE,3162,529,0,17,0,114,34,0,56,6,1981,393,14,0,9,0,0,0,0,0,0,9,,,,,
,,,,,,PI,INHUMA,6270,1572,0,149,7,532,134,0,28,23,2856,839,41,0,37,10,0,2,0,0,2,38,,,,,
,,,,,,PI,IPIRANGA DO PIAUI,3047,913,0,82,7,242,38,0,7,21,1328,344,17,0,26,11,0,0,0,0,0,11,,,,,
,,,,,,PI,ISAIAS COELHO,1768,358,0,30,14,196,19,0,5,9,990,93,10,0,10,27,0,0,0,0,0,7,,,,,
,,,,,,PI,ITAINOPOLIS,3987,904,0,78,3,351,66,0,8,36,2184,267,39,0,32,5,0,0,0,0,2,12,,,,,
,,,,,,PI,ITAUEIRA,4034,659,0,83,29,366,67,0,16,15,2382,312,8,0,29,51,0,0,0,0,2,15,,,,,
,,,,,,PI,JACOBINA DO PIAUI,3409,629,0,96,6,371,28,0,4,6,2087,129,16,0,16,3,0,0,0,0,2,16,,,,,
,,,,,,PI,JAICOS,7734,1910,0,191,14,755,109,0,14,39,4212,341,28,0,62,24,0,0,0,0,2,33,,,,,
,,,,,,PI,JARDIM DO MULATO,907,203,0,6,0,74,7,0,0,2,503,98,5,0,5,0,0,1,0,0,1,2,,,,,
,,,,,,PI,JATOBA DO PIAUI,1733,371,0,48,0,170,16,0,6,4,940,145,16,0,15,0,0,0,0,0,0,2,,,,,
,,,,,,PI,JERUMENHA,1207,269,0,25,2,106,15,0,3,8,670,93,3,0,9,0,0,0,0,1,0,3,,,,,
,,,,,,PI,JOAO COSTA,710,142,0,12,0,58,6,0,3,0,449,28,9,0,2,0,0,0,0,1,0,0,,,,,
,,,,,,PI,JOAQUIM PIRES,2961,711,0,64,1,233,36,0,4,9,1659,204,26,0,8,1,0,0,0,0,0,5,,,,,
,,,,,,PI,JOCA MARQUES,1176,250,0,14,0,81,3,0,15,10,722,71,6,0,2,0,0,0,0,0,0,2,,,,,
,,,,,,PI,JOSE DE FREITAS,17303,3431,0,206,11,865,178,0,75,24,10213,1918,223,0,84,20,1,1,0,0,6,47,,,,,
,,,,,,PI,JUAZEIRO DO PIAUI,1072,216,0,30,1,105,12,0,1,5,638,50,6,0,4,1,0,0,0,1,0,2,,,,,
,,,,,,PI,JULIO BORGES,1187,235,0,29,30,165,26,0,4,11,470,95,8,0,33,80,0,0,0,0,0,1,,,,,
,,,,,,PI,JUREMA,1011,296,0,35,3,101,14,0,2,3,498,22,28,0,1,3,0,0,0,0,0,5,,,,,
,,,,,,PI,LAGOA ALEGRE,2306,435,0,31,0,131,9,0,5,4,1394,216,62,0,16,0,0,0,0,0,0,3,,,,,
,,,,,,PI,LAGOA DE SAO FRANCISCO,1840,366,0,19,0,152,22,0,3,4,1039,222,9,0,0,0,0,0,0,1,0,3,,,,,
,,,,,,PI,LAGOA DO BARRO DO PIAUI,1455,504,0,48,0,293,31,0,0,23,483,38,22,0,3,0,0,0,0,0,0,10,,,,,
,,,,,,PI,LAGOA DO PIAUI,1075,218,0,30,5,68,9,0,9,1,676,30,9,0,7,5,0,0,0,0,1,7,,,,,
,,,,,,PI,LAGOA DO SITIO,1115,275,0,20,0,116,15,0,9,7,541,115,8,0,6,0,0,0,0,0,0,3,,,,,
,,,,,,PI,LAGOINHA DO PIAUI,1180,244,0,12,3,51,16,0,4,0,720,116,5,0,3,3,0,0,0,0,0,3,,,,,
,,,,,,PI,LANDRI SALES,1627,259,0,30,15,91,16,0,1,9,1094,69,2,0,14,21,0,0,0,0,0,6,,,,,
,,,,,,PI,LUIS CORREIA,11112,2429,0,113,4,683,116,0,176,37,6224,1073,67,0,92,5,2,2,0,0,5,84,,,,,
,,,,,,PI,LUZILANDIA,10944,2082,0,170,13,815,147,0,136,74,6434,918,63,0,46,4,0,0,0,0,1,41,,,,,
,,,,,,PI,MADEIRO,1369,288,0,15,0,126,8,0,17,5,820,77,10,0,0,0,0,0,0,1,0,2,,,,,
,,,,,,PI,MANOEL EMIDIO,1582,360,0,28,2,146,18,0,7,7,816,175,6,0,8,2,0,0,0,1,0,6,,,,,
,,,,,,PI,MARCOLANDIA,7946,3089,0,713,39,791,108,0,11,69,2629,206,43,0,104,63,0,0,0,1,4,76,,,,,
,,,,,,PI,MARCOS PARENTE,1267,238,0,20,0,77,7,0,4,11,749,140,4,0,13,0,0,0,0,1,0,3,,,,,
,,,,,,PI,MASSAPE DO PIAUI,1500,383,0,25,0,145,13,0,0,16,881,22,10,0,5,0,0,0,0,0,0,0,,,,,
,,,,,,PI,MATIAS OLIMPIO,2079,524,0,46,8,237,23,0,4,12,1092,87,10,0,7,14,0,0,0,0,0,15,,,,,
,,,,,,PI,MIGUEL ALVES,6187,1012,0,87,3,391,51,0,4,7,4191,344,71,0,6,5,0,1,0,0,3,11,,,,,
,,,,,,PI,MIGUEL LEAO,388,91,0,8,3,23,3,0,1,0,244,6,3,0,2,2,0,0,0,1,0,1,,,,,
,,,,,,PI,MILTON BRANDAO,1645,315,0,23,0,248,40,0,6,4,814,179,6,0,0,0,0,0,0,2,0,8,,,,,
,,,,,,PI,MONSENHOR GIL,2530,508,0,57,6,178,22,0,9,4,1564,132,14,0,13,10,4,0,0,0,3,6,,,,,
,,,,,,PI,MONSENHOR HIPOLITO,2500,943,0,74,0,382,19,0,11,13,904,98,8,0,32,0,0,0,0,0,0,16,,,,,
,,,,,,PI,MONTE ALEGRE DO PIAUI,2345,619,0,39,19,204,44,0,6,18,1080,210,20,0,39,37,0,0,0,0,0,10,,,,,
,,,,,,PI,MORRO CABECA NO TEMPO,522,100,0,9,1,77,12,0,6,5,273,28,7,0,2,0,0,0,0,0,0,2,,,,,
,,,,,,PI,MORRO DO CHAPEU DO PIAUI,1326,342,0,16,0,96,10,0,18,13,690,119,14,0,3,0,0,0,0,2,0,3,,,,,
,,,,,,PI,MURICI DOS PORTELAS,1388,300,0,22,0,90,9,0,6,4,877,48,20,0,4,0,0,0,0,1,1,6,,,,,
,,,,,,PI,NAZARE DO PIAUI,2127,432,0,37,4,164,27,0,2,13,1335,65,13,0,22,4,0,0,0,0,1,8,,,,,
,,,,,,PI,NAZARIA,1809,414,0,48,5,136,16,0,30,2,1041,69,18,0,11,12,0,0,0,0,1,6,,,,,
,,,,,,PI,NOSSA SENHORA DE NAZARE,1705,429,0,27,0,96,12,0,4,12,885,213,18,0,7,0,0,0,0,0,0,2,,,,,
,,,,,,PI,NOSSA SENHORA DOS REMEDIOS,1850,272,0,25,0,107,14,0,5,8,1255,149,10,0,3,0,0,0,0,1,0,1,,,,,
,,,,,,PI,NOVA SANTA RITA,1116,298,0,8,0,110,9,0,6,8,639,27,9,0,2,0,0,0,0,0,0,0,,,,,
,,,,,,PI,NOVO ORIENTE DO PIAUI,2185,507,0,24,0,151,27,0,5,16,1153,263,17,0,12,0,0,0,0,0,0,10,,,,,
,,,,,,PI,NOVO SANTO ANTONIO,849,182,0,24,0,74,5,0,1,2,525,26,6,0,2,0,0,0,0,1,1,0,,,,,
,,,,,,PI,OEIRAS,21974,4278,0,429,238,1393,335,0,169,140,11759,2163,88,0,367,460,0,2,0,0,14,139,,,,,
,,,,,,PI,OLHO D'AGUA DO PIAUI,1064,150,0,9,0,45,6,0,2,2,713,127,5,0,3,0,0,0,0,1,0,1,,,,,
,,,,,,PI,PADRE MARCOS,2760,886,0,141,7,354,63,0,5,20,1051,137,7,0,50,14,0,0,0,0,0,25,,,,,
,,,,,,PI,PAES LANDIM,1142,315,0,18,0,118,17,0,5,17,551,90,5,0,4,0,0,0,0,1,0,1,,,,,
,,,,,,PI,PAJEU DO PIAUI,773,226,0,16,0,106,15,0,8,10,310,71,7,0,4,0,0,0,0,0,0,0,,,,,
,,,,,,PI,PALMEIRA DO PIAUI,1866,455,0,64,11,203,63,0,8,7,875,134,7,0,19,15,0,0,0,0,0,5,,,,,
,,,,,,PI,PALMEIRAIS,2279,387,0,32,1,144,22,0,7,3,1507,142,23,0,3,1,0,1,0,0,1,5,,,,,
,,,,,,PI,PAQUETA,1120,257,0,26,1,93,15,0,2,9,655,38,7,0,9,2,0,0,0,0,0,6,,,,,
,,,,,,PI,PARNAGUA,1830,315,0,37,6,135,20,0,21,4,1072,187,6,0,14,6,0,0,0,0,0,7,,,,,
,,,,,,PI,PARNAIBA,117727,32193,0,1644,179,7243,2709,0,584,143,53901,15489,420,0,989,381,30,8,0,1,174,1639,,,,,
,,,,,,PI,PASSAGEM FRANCA DO PIAUI,1001,179,0,7,0,51,8,0,2,5,693,42,5,0,6,0,0,0,0,1,1,1,,,,,
,,,,,,PI,PATOS DO PIAUI,1276,299,0,33,1,191,18,0,0,8,692,14,10,0,7,1,0,0,0,0,0,2,,,,,
,,,,,,PI,PAU D'ARCO DO PIAUI,1045,156,0,10,0,82,8,0,4,0,721,49,9,0,5,0,0,0,0,1,0,0,,,,,
,,,,,,PI,PAULISTANA,16791,3096,0,860,50,1585,197,0,44,177,9658,589,244,0,140,57,0,1,0,1,1,91,,,,,
,,,,,,PI,PAVUSSU,942,179,0,21,2,100,9,0,5,5,550,58,3,0,5,0,0,0,0,0,1,4,,,,,
,,,,,,PI,PEDRO II,15967,3245,0,197,11,1544,330,0,45,57,7625,2677,46,0,40,23,0,0,0,0,8,119,,,,,
,,,,,,PI,PEDRO LAURENTINO,674,249,0,14,1,70,3,0,0,5,294,30,4,0,2,1,0,0,0,1,0,0,,,,,
,,,,,,PI,PICOS,71380,17254,0,2203,246,4579,1311,0,379,204,35402,7588,170,0,603,412,23,3,0,0,95,908,,,,,
,,,,,,PI,PIMENTEIRAS,2047,441,0,66,0,267,19,0,16,12,1070,129,8,0,10,0,0,0,0,0,0,9,,,,,
,,,,,,PI,PIO IX,5767,1648,0,200,18,812,66,0,11,26,2633,188,29,0,71,17,0,0,0,0,2,46,,,,,
,,,,,,PI,PIRACURUCA,17288,3755,0,389,35,1357,209,0,71,34,8596,2323,117,0,171,68,0,1,0,0,17,145,,,,,
,,,,,,PI,PIRIPIRI,41186,8185,0,475,24,1851,614,0,464,96,21572,7035,231,0,299,39,1,3,0,1,26,270,,,,,
,,,,,,PI,PORTO,2084,349,0,37,3,137,16,0,6,6,1275,226,7,0,7,7,0,0,0,2,0,6,,,,,
,,,,,,PI,PORTO ALEGRE DO PIAUI,527,75,0,18,1,31,3,0,1,4,359,27,5,0,1,1,0,0,0,0,0,1,,,,,
,,,,,,PI,PRATA DO PIAUI,803,135,0,15,0,60,8,0,3,2,523,46,3,0,4,2,0,0,0,1,0,1,,,,,
,,,,,,PI,QUEIMADA NOVA,2895,822,0,140,10,477,53,0,2,18,1223,69,43,0,12,14,0,0,0,0,3,9,,,,,
,,,,,,PI,REDENCAO DO GURGUEIA,2443,486,0,35,3,169,26,0,20,11,1479,148,20,0,36,7,0,0,0,0,0,3,,,,,
,,,,,,PI,REGENERACAO,6186,1180,0,141,32,440,106,0,7,12,3342,799,27,0,41,45,0,0,0,0,1,13,,,,,
,,,,,,PI,RIACHO FRIO,786,133,0,13,3,67,10,0,0,3,449,88,8,0,8,3,0,0,0,0,0,1,,,,,
,,,,,,PI,RIBEIRA DO PIAUI,483,117,0,10,0,88,12,0,2,9,203,32,2,0,7,0,0,0,0,1,0,0,,,,,
,,,,,,PI,RIBEIRO GONCALVES,1795,220,0,52,20,196,12,0,7,2,860,382,6,0,10,19,0,0,0,0,1,8,,,,,
,,,,,,PI,RIO GRANDE DO PIAUI,1612,369,0,36,1,131,12,0,6,10,946,75,9,0,8,3,0,0,0,0,0,6,,,,,
,,,,,,PI,SANTA CRUZ DO PIAUI,1811,467,0,37,1,164,16,0,4,22,1001,55,9,0,6,2,0,0,0,1,1,25,,,,,
,,,,,,PI,SANTA CRUZ DOS MILAGRES,828,149,0,11,1,60,7,0,2,0,533,56,5,0,2,0,0,0,0,1,0,1,,,,,
,,,,,,PI,SANTA FILOMENA,1757,165,0,67,30,174,13,0,1,3,900,322,12,0,20,41,0,0,0,0,0,9,,,,,
,,,,,,PI,SANTA LUZ,1775,406,0,30,0,133,17,0,23,4,911,239,7,0,2,0,0,0,0,1,0,2,,,,,
,,,,,,PI,SANTA ROSA DO PIAUI,1285,227,0,20,0,96,12,0,1,15,664,221,12,0,12,0,0,0,0,1,0,4,,,,,
,,,,,,PI,SANTANA DO PIAUI,1839,276,0,27,1,131,15,0,8,15,1127,213,22,0,2,0,0,0,0,0,1,1,,,,,
,,,,,,PI,SANTO ANTONIO DE LISBOA,2277,661,0,64,14,288,27,0,16,12,984,147,10,0,18,22,0,0,0,0,0,14,,,,,
,,,,,,PI,SANTO ANTONIO DOS MILAGRES,383,79,0,4,0,13,2,0,0,3,247,31,2,0,2,0,0,0,0,0,0,0,,,,,
,,,,,,PI,SANTO INACIO DO PIAUI,1062,241,0,21,0,85,12,0,3,9,599,72,3,0,9,0,0,0,0,1,0,7,,,,,
,,,,,,PI,SAO BRAZ DO PIAUI,1073,300,0,27,1,116,15,0,5,5,552,36,11,0,2,0,0,0,0,0,1,2,,,,,
,,,,,,PI,SAO FELIX DO PIAUI,754,189,0,15,0,56,13,0,0,3,374,93,4,0,6,0,0,0,0,1,0,0,,,,,
,,,,,,PI,SAO FRANCISCO DE ASSIS DO PIAU,1396,411,0,37,0,185,22,0,4,14,680,27,9,0,3,0,0,0,0,0,0,4,,,,,
,,,,,,PI,SAO FRANCISCO DO PIAUI,1231,264,0,22,3,83,12,0,1,16,748,49,11,0,15,3,0,0,0,0,0,4,,,,,
,,,,,,PI,SAO GONCALO DO GURGUEIA,647,134,0,10,1,61,4,0,2,5,370,42,4,0,11,0,0,0,0,0,0,3,,,,,
,,,,,,PI,SAO GONCALO DO PIAUI,2248,419,0,30,3,121,17,0,5,7,1362,258,6,0,5,3,0,0,0,1,2,9,,,,,
,,,,,,PI,SAO JOAO DA CANABRAVA,1463,356,0,25,0,150,23,0,8,13,754,116,9,0,1,0,0,0,0,0,0,8,,,,,
,,,,,,PI,SAO JOAO DA FRONTEIRA,856,227,0,13,5,105,8,0,2,4,402,58,13,0,3,6,0,0,0,1,0,9,,,,,
,,,,,,PI,SAO JOAO DA SERRA,1574,224,0,34,0,105,6,0,4,1,994,189,10,0,4,0,0,0,0,0,1,2,,,,,
,,,,,,PI,SAO JOAO DA VARJOTA,1126,293,0,10,3,65,10,0,9,14,626,65,5,0,7,17,0,0,0,0,1,1,,,,,
,,,,,,PI,SAO JOAO DO ARRAIAL,1624,370,0,25,3,149,18,0,19,11,875,121,15,0,5,5,0,1,0,0,6,1,,,,,
,,,,,,PI,SAO JOAO DO PIAUI,9364,2230,0,204,20,767,208,0,68,48,4724,877,51,0,57,38,0,0,0,0,0,72,,,,,
,,,,,,PI,SAO JOSE DO DIVINO,1661,347,0,50,4,135,10,0,11,6,937,128,8,0,10,11,0,0,0,2,0,2,,,,,
,,,,,,PI,SAO JOSE DO PEIXE,665,142,0,13,0,64,9,0,0,5,389,31,6,0,3,0,0,0,0,1,0,2,,,,,
,,,,,,PI,SAO JOSE DO PIAUI,2483,516,0,51,16,299,59,0,8,19,1043,410,19,0,8,28,0,0,0,0,0,7,,,,,
,,,,,,PI,SAO JULIAO,2209,642,0,52,13,171,25,0,3,13,1114,97,7,0,39,20,0,0,0,1,0,12,,,,,
,,,,,,PI,SAO LOURENCO DO PIAUI,1188,405,0,11,1,111,8,0,10,8,561,65,6,0,0,1,0,0,0,0,0,1,,,,,
,,,,,,PI,SAO LUIS DO PIAUI,1093,252,0,11,0,120,8,0,1,3,642,50,5,0,0,0,0,0,0,1,0,0,,,,,
,,,,,,PI,SAO MIGUEL DA BAIXA GRANDE,752,146,0,13,0,69,3,0,0,3,415,85,6,0,5,0,0,0,0,2,0,5,,,,,
,,,,,,PI,SAO MIGUEL DO FIDALGO,661,118,0,11,0,86,8,0,1,8,403,15,6,0,2,0,0,0,0,1,0,2,,,,,
,,,,,,PI,SAO MIGUEL DO TAPUIO,4220,596,0,65,2,486,46,0,3,10,2639,305,41,0,9,0,0,0,0,0,2,16,,,,,
,,,,,,PI,SAO PEDRO DO PIAUI,4892,826,0,57,2,253,50,0,16,8,3320,305,16,0,23,2,0,2,0,0,1,11,,,,,
,,,,,,PI,SAO RAIMUNDO NONATO,26368,6765,0,1171,98,2607,508,0,334,314,11709,2199,206,0,110,115,0,2,0,0,6,224,,,,,
,,,,,,PI,SEBASTIAO BARROS,738,151,0,14,0,74,3,0,0,3,380,101,6,0,5,0,0,1,0,0,0,0,,,,,
,,,,,,PI,SEBASTIAO LEAL,2033,371,0,71,55,197,12,0,5,7,888,283,8,0,30,100,0,0,0,1,2,3,,,,,
,,,,,,PI,SIGEFREDO PACHECO,2526,488,0,55,2,231,32,0,10,20,1451,175,28,0,19,6,0,1,0,0,0,8,,,,,
,,,,,,PI,SIMOES,4548,1273,0,235,24,559,67,0,2,40,2017,197,26,0,39,43,0,0,0,0,1,25,,,,,
,,,,,,PI,SIMPLICIO MENDES,5473,1441,0,117,13,543,137,0,57,27,2544,496,19,0,31,10,0,0,0,0,12,26,,,,,
,,,,,,PI,SOCORRO DO PIAUI,879,215,0,21,0,115,19,0,3,11,415,58,18,0,1,0,0,0,0,1,0,2,,,,,
,,,,,,PI,SUSSUAPARA,3710,806,0,71,1,273,44,0,16,23,1877,545,13,0,19,0,0,0,0,0,4,18,,,,,
,,,,,,PI,TAMBORIL DO PIAUI,490,139,0,6,0,62,15,0,4,14,222,20,4,0,2,0,0,0,0,1,0,1,,,,,
,,,,,,PI,TANQUE DO PIAUI,752,175,0,11,0,66,6,0,4,6,382,88,6,0,6,1,0,0,0,1,0,0,,,,,
,,,,,,PI,TERESINA,637022,238133,0,14012,1813,47068,21910,2,5982,1409,239593,39822,5296,0,5828,2957,159,132,0,12,745,12149,,,,,
,,,,,,PI,UNIAO,16354,2709,0,248,15,771,166,0,42,69,10441,1465,173,0,183,22,0,0,0,1,6,43,,,,,
,,,,,,PI,URUCUI,17545,2117,0,344,581,1364,178,0,147,27,7972,2994,45,0,466,1203,0,0,0,0,7,100,,,,,
,,,,,,PI,VALENCA DO PIAUI,11545,2753,0,273,44,922,221,0,77,45,5252,1647,45,0,79,71,0,2,0,0,9,105,,,,,
,,,,,,PI,VARZEA BRANCA,1094,291,0,35,1,149,13,0,4,15,529,23,29,0,2,1,0,0,0,0,0,2,,,,,
,,,,,,PI,VARZEA GRANDE,1161,196,0,18,0,109,14,0,1,9,544,254,6,0,3,0,0,0,0,0,1,6,,,,,
,,,,,,PI,VERA MENDES,1061,292,0,26,0,128,12,0,4,5,538,38,8,0,9,0,0,0,0,0,0,1,,,,,
,,,,,,PI,VILA NOVA DO PIAUI,1382,454,0,23,8,130,18,0,6,10,647,49,11,0,8,9,0,0,0,0,0,9,,,,,
,,,,,,PI,WALL FERRAZ,1033,316,0,17,1,86,17,0,4,20,500,44,11,0,6,1,0,0,0,0,0,10,,,,,
,,,,,,PR,ABATIA,5375,2792,0,233,35,610,138,0,2,20,1195,129,57,0,75,53,0,12,0,1,2,21,,,,,
,,,,,,PR,ADRIANOPOLIS,3916,1790,0,131,57,371,137,0,0,13,1125,98,42,0,58,69,0,3,0,0,2,20,,,,,
,,,,,,PR,AGUDOS DO SUL,9979,5109,0,899,140,1137,300,0,5,36,1550,132,57,0,282,232,0,27,0,0,2,71,,,,,
,,,,,,PR,ALMIRANTE TAMANDARE,77947,46365,0,2073,722,5350,2646,0,76,175,14482,2014,266,0,1438,1402,1,241,1,15,12,668,,,,,
,,,,,,PR,ALTAMIRA DO PARANA,2579,1135,0,81,5,316,98,0,3,10,802,59,22,0,28,7,0,5,0,0,0,8,,,,,
,,,,,,PR,ALTO PARAISO,2327,1139,0,68,7,324,35,0,0,23,493,100,25,0,90,5,0,3,0,0,2,13,,,,,
,,,,,,PR,ALTO PARANA,10438,5039,0,374,101,1078,302,0,24,34,1829,981,142,0,312,128,2,19,0,0,2,71,,,,,
,,,,,,PR,ALTO PIQUIRI,6890,3388,0,232,95,689,148,0,8,19,1492,434,61,0,137,119,0,11,0,1,1,55,,,,,
,,,,,,PR,ALTONIA,17118,7863,0,635,96,1662,415,0,20,49,3769,1683,82,0,532,142,0,45,0,1,1,123,,,,,
,,,,,,PR,ALVORADA DO SUL,7378,3486,0,396,154,862,203,0,56,15,869,603,82,0,254,276,0,42,0,2,3,75,,,,,
,,,,,,PR,AMAPORA,3239,1651,0,108,14,273,68,0,3,9,675,280,65,0,41,32,0,9,0,0,0,11,,,,,
,,,,,,PR,AMPERE,17464,8554,0,636,244,1965,561,0,3,32,3498,1014,75,0,259,318,2,41,0,5,5,252,,,,,
,,,,,,PR,ANAHY,2433,1049,0,149,24,329,54,0,0,9,652,66,12,0,40,26,0,7,0,1,0,15,,,,,
,,,,,,PR,ANDIRA,17614,8329,0,619,387,1851,543,0,27,37,3172,1446,120,0,300,492,0,73,0,7,9,202,,,,,
,,,,,,PR,ANGULO,2374,1139,0,123,33,312,58,0,1,8,415,126,15,0,86,40,0,4,0,0,0,14,,,,,
,,,,,,PR,ANTONINA,7303,4000,0,151,68,378,299,0,4,30,1606,339,69,0,201,60,0,30,1,0,4,63,,,,,
,,,,,,PR,ANTONIO OLINTO,5237,2735,0,263,30,590,143,0,2,21,1120,143,48,0,93,24,0,5,0,3,0,17,,,,,
,,,,,,PR,APUCARANA,105445,57305,0,2947,890,9224,4430,0,109,409,19127,5435,388,0,1560,1309,25,617,0,5,40,1625,,,,,
,,,,,,PR,ARAPONGAS,110878,54605,0,3736,1265,9043,3900,0,519,280,20240,11149,275,0,1937,1621,9,744,0,8,63,1484,,,,,
,,,,,,PR,ARAPOTI,19476,9797,0,923,359,2473,796,0,27,60,3039,602,107,0,407,601,0,52,0,3,13,217,,,,,
,,,,,,PR,ARAPUA,2682,1087,0,158,39,378,34,0,0,6,734,80,38,0,39,73,0,3,0,0,0,13,,,,,
,,,,,,PR,ARARUNA,11303,5337,0,515,144,1210,273,0,21,38,2630,560,70,0,203,188,1,32,0,1,7,73,,,,,
,,,,,,PR,ARAUCARIA,113002,67049,0,3520,2854,8787,4444,0,93,476,14604,2051,872,4,2394,4026,5,441,0,33,21,1328,,,,,
,,,,,,PR,ARIRANHA DO IVAI,1665,773,0,77,5,267,29,0,0,6,442,21,22,0,6,10,0,1,0,0,0,6,,,,,
,,,,,,PR,ASSAI,12878,6602,0,567,64,1328,430,0,48,32,2551,774,63,0,145,101,0,64,0,2,4,103,,,,,
,,,,,,PR,ASSIS CHATEAUBRIAND,33711,15894,0,1461,418,3904,928,0,46,86,5618,3210,133,0,958,531,1,131,1,3,16,372,,,,,
,,,,,,PR,ASTORGA,21924,10434,0,926,445,2380,701,0,47,72,3271,2032,123,0,530,664,1,78,0,0,7,213,,,,,
,,,,,,PR,ATALAIA,3482,1552,0,174,67,395,88,0,4,21,703,180,41,0,120,98,0,13,0,0,1,25,,,,,
,,,,,,PR,BALSA NOVA,10494,5346,0,525,174,1006,367,0,11,65,1869,317,168,0,297,232,1,22,0,3,4,87,,,,,
,,,,,,PR,BANDEIRANTES,25611,13318,0,1039,160,2289,857,0,60,77,4729,1715,143,0,532,255,1,151,0,2,21,262,,,,,
,,,,,,PR,BARBOSA FERRAZ,8237,3961,0,308,22,856,177,0,4,19,2244,400,56,0,79,35,1,22,1,5,4,43,,,,,
,,,,,,PR,BARRA DO JACARE,1882,935,0,77,4,196,40,0,1,8,498,71,15,0,21,3,0,4,0,0,1,8,,,,,
,,,,,,PR,BARRACAO,12433,6941,0,432,636,1242,425,0,2,44,1378,265,63,0,191,633,1,57,0,1,2,120,,,,,
,,,,,,PR,BELA VISTA DO CAROBA,3091,1500,0,123,16,321,58,0,0,13,875,63,35,0,33,32,0,2,0,3,0,17,,,,,
,,,,,,PR,BELA VISTA DO PARAISO,13807,7413,0,535,356,1412,478,0,35,43,1658,622,84,0,386,569,1,97,0,1,6,111,,,,,
,,,,,,PR,BITURUNA,13122,6937,0,677,108,1868,425,0,10,28,1801,561,244,0,218,143,2,21,0,0,4,75,,,,,
,,,,,,PR,BOA ESPERANCA,4106,1756,0,225,80,532,74,0,5,14,793,274,22,0,132,130,0,17,0,1,4,47,,,,,
,,,,,,PR,BOA ESPERANCA DO IGUACU,2123,988,0,113,16,260,42,0,0,19,532,67,19,0,26,15,0,6,0,0,0,20,,,,,
,,,,,,PR,BOA VENTURA DE SAO ROQUE,4334,1970,0,308,51,673,99,0,0,42,880,38,57,0,80,102,1,4,0,1,0,28,,,,,
,,,,,,PR,BOA VISTA DA APARECIDA,6261,3276,0,265,18,637,145,0,2,21,1220,388,36,0,165,25,0,14,0,0,1,48,,,,,
,,,,,,PR,BOCAIUVA DO SUL,9465,5147,0,483,106,913,305,0,1,25,1671,159,37,0,313,192,0,24,0,1,1,87,,,,,
,,,,,,PR,BOM JESUS DO SUL,2498,1298,0,61,39,286,43,0,0,17,589,57,27,0,22,37,0,1,0,0,0,21,,,,,
,,,,,,PR,BOM SUCESSO,3870,2226,0,142,41,382,114,0,3,16,631,105,77,0,49,51,0,11,0,0,1,21,,,,,
,,,,,,PR,BOM SUCESSO DO SUL,2606,1159,0,187,39,493,67,0,1,11,382,46,17,0,63,64,0,8,0,0,0,69,,,,,
,,,,,,PR,BORRAZOPOLIS,6919,3542,0,422,87,944,146,0,5,14,1232,208,33,0,75,131,0,24,0,1,5,50,,,,,
,,,,,,PR,BRAGANEY,4287,1903,0,237,41,638,94,0,0,9,1030,136,28,0,63,64,0,7,0,0,0,37,,,,,
,,,,,,PR,BRASILANDIA DO SUL,2585,1219,0,102,34,299,51,0,1,5,573,156,15,0,65,50,0,2,0,1,0,12,,,,,
,,,,,,PR,CAFEARA,1922,1069,0,65,10,174,43,0,0,11,341,93,24,0,67,14,0,3,0,0,0,8,,,,,
,,,,,,PR,CAFELANDIA,17675,8464,0,965,480,2000,561,0,7,96,2531,1116,207,0,315,634,0,51,0,7,9,232,,,,,
,,,,,,PR,CAFEZAL DO SUL,3188,1669,0,122,28,324,62,0,1,10,647,165,35,0,74,26,0,6,0,0,0,19,,,,,
,,,,,,PR,CALIFORNIA,7930,4052,0,360,86,936,246,0,12,18,1543,245,35,0,131,116,0,29,0,0,4,117,,,,,
,,,,,,PR,CAMBARA,20179,9823,0,831,271,1764,555,0,45,63,4054,1714,128,0,339,290,0,124,0,7,16,155,,,,,
,,,,,,PR,CAMBE,85114,44907,0,2513,1124,7314,2991,0,388,342,15245,5420,182,2,1608,1543,15,626,0,10,48,836,,,,,
,,,,,,PR,CAMBIRA,7544,3789,0,384,93,907,222,0,6,11,1402,312,44,0,157,112,0,32,0,1,1,71,,,,,
,,,,,,PR,CAMPINA DA LAGOA,12613,6148,0,583,163,1523,344,0,10,35,2485,654,77,0,167,243,2,33,0,3,5,138,,,,,
,,,,,,PR,CAMPINA DO SIMAO,2553,1243,0,198,43,423,64,0,0,8,393,14,51,0,31,61,0,4,0,1,1,18,,,,,
,,,,,,PR,CAMPINA GRANDE DO SUL,36597,22618,0,1218,448,3333,1296,0,38,117,4856,677,101,0,939,360,1,94,1,5,6,489,,,,,
,,,,,,PR,CAMPO BONITO,2918,1567,0,165,48,414,75,0,0,16,423,27,28,0,31,86,0,17,0,0,1,20,,,,,
,,,,,,PR,CAMPO DO TENENTE,5089,3063,0,211,75,448,150,0,2,16,670,131,66,0,152,64,0,14,0,3,0,24,,,,,
,,,,,,PR,CAMPO LARGO,104475,60343,0,3027,1769,9337,4382,0,117,448,16205,2442,578,8,1971,1898,1,422,0,18,22,1487,,,,,
,,,,,,PR,CAMPO MAGRO,19228,11087,0,778,108,1834,671,0,7,87,3415,414,50,0,410,120,0,30,0,6,4,207,,,,,
,,,,,,PR,CAMPO MOURAO,91219,45823,0,3116,1524,8938,3200,0,587,154,14937,5956,662,0,1877,2584,3,413,1,25,34,1385,,,,,
,,,,,,PR,CANDIDO DE ABREU,9931,4751,0,435,43,1273,254,0,5,25,2532,269,86,0,132,42,1,14,0,2,2,65,,,,,
,,,,,,PR,CANDOI,11315,6340,0,643,169,1576,253,0,3,24,1388,136,140,0,288,242,0,14,0,3,3,93,,,,,
,,,,,,PR,CANTAGALO,7382,4206,0,375,86,1032,259,0,2,34,855,103,73,0,145,115,1,19,0,2,1,74,,,,,
,,,,,,PR,CAPANEMA,16729,9007,0,633,195,1731,599,0,8,45,2942,542,100,0,357,234,0,94,0,5,4,233,,,,,
,,,,,,PR,CAPITAO LEONIDAS MARQUES,14244,6990,0,811,203,1518,431,0,0,40,2312,1006,107,0,278,309,0,45,0,1,0,193,,,,,
,,,,,,PR,CARAMBEI,18343,9865,0,901,497,2255,799,0,12,97,2020,250,107,0,573,684,0,32,0,2,16,233,,,,,
,,,,,,PR,CARLOPOLIS,13003,6286,0,439,41,1684,422,0,15,51,2582,746,116,0,391,54,1,19,0,0,15,141,,,,,
,,,,,,PR,CASCAVEL,312764,171593,0,10085,5648,29651,14497,0,508,674,42577,11696,1378,2,7276,8376,11,1773,9,79,45,6886,,,,,
,,,,,,PR,CASTRO,57954,30820,0,2604,1129,7261,2509,0,29,360,7867,843,585,0,1340,1588,3,183,1,22,29,781,,,,,
,,,,,,PR,CATANDUVAS,6881,3749,0,354,38,919,225,0,4,29,1098,111,75,1,119,47,0,24,0,0,0,88,,,,,
,,,,,,PR,CENTENARIO DO SUL,8102,4281,0,214,80,673,198,0,15,36,1547,487,99,0,247,137,1,25,0,0,6,56,,,,,
,,,,,,PR,CERRO AZUL,11303,4225,0,838,12,1447,315,0,9,60,3249,873,88,0,80,18,0,27,0,0,8,54,,,,,
,,,,,,PR,CEU AZUL,10175,4888,0,458,495,1130,379,0,11,30,1312,481,64,0,180,565,1,55,0,0,12,114,,,,,
,,,,,,PR,CHOPINZINHO,18075,9703,0,885,304,2422,677,0,3,65,2074,617,129,0,357,470,10,61,0,2,3,293,,,,,
,,,,,,PR,CIANORTE,77108,34755,0,2059,887,6904,2250,0,200,125,14726,10441,269,0,2030,1181,4,309,1,27,28,912,,,,,
,,,,,,PR,CIDADE GAUCHA,9187,4284,0,347,108,774,214,0,4,29,1770,940,120,0,323,181,1,16,0,2,2,72,,,,,
,,,,,,PR,CLEVELANDIA,13397,7732,0,776,329,1683,488,0,7,66,1162,218,57,0,182,471,3,68,0,1,5,149,,,,,
,,,,,,PR,COLOMBO,176419,104009,0,4943,1940,13457,6373,0,158,457,31258,4635,774,2,3624,2166,4,695,0,59,50,1815,,,,,
,,,,,,PR,COLORADO,21717,10081,0,607,437,2077,588,0,41,99,3564,2019,209,0,916,790,1,58,0,8,7,215,,,,,
,,,,,,PR,CONGONHINHAS,5578,3017,0,256,63,651,145,0,4,16,1086,76,57,0,74,87,0,11,0,1,3,31,,,,,
,,,,,,PR,CONSELHEIRO MAIRINCK,2355,1408,0,66,2,257,72,0,0,12,400,38,22,0,52,6,0,4,0,0,1,15,,,,,
,,,,,,PR,CONTENDA,14643,8094,0,972,173,1646,543,0,5,50,1898,263,90,0,423,318,0,45,0,3,4,116,,,,,
,,,,,,PR,CORBELIA,15908,7672,0,957,358,2192,623,0,37,43,2019,604,87,0,375,563,6,71,0,0,2,299,,,,,
,,,,,,PR,CORNELIO PROCOPIO,40990,20657,0,1218,230,3645,1558,0,71,163,8530,2842,153,0,720,367,0,312,0,24,18,482,,,,,
,,,,,,PR,CORONEL DOMINGOS SOARES,3307,1688,0,238,21,536,127,0,0,20,515,24,64,0,24,25,0,4,0,0,0,21,,,,,
,,,,,,PR,CORONEL VIVIDA,19932,11050,0,981,251,2670,623,0,13,58,2455,679,143,0,292,340,18,102,0,5,5,247,,,,,
,,,,,,PR,CORUMBATAI DO SUL,2924,1452,0,87,7,366,74,0,0,5,729,105,38,0,19,20,0,6,0,0,2,14,,,,,
,,,,,,PR,CRUZ MACHADO,14123,6487,0,922,72,2012,506,0,2,23,3360,195,164,0,192,97,0,39,0,1,6,45,,,,,
,,,,,,PR,CRUZEIRO DO IGUACU,3324,1698,0,146,47,381,88,0,3,22,581,135,32,0,74,78,0,18,0,1,0,20,,,,,
,,,,,,PR,CRUZEIRO DO OESTE,18541,9418,0,723,176,1499,446,0,40,40,3703,1553,117,0,353,256,3,68,0,2,5,139,,,,,
,,,,,,PR,CRUZEIRO DO SUL,3740,1929,0,130,41,353,92,0,5,19,612,343,24,0,99,53,0,13,0,1,0,26,,,,,
,,,,,,PR,CRUZMALTINA,1973,921,0,132,14,285,64,0,2,9,397,41,20,0,47,30,1,2,0,0,0,8,,,,,
,,,,,,PR,CURITIBA,2138889,1254955,0,44218,15890,147793,116239,0,2346,4416,381285,35909,8311,35,33932,21306,23,16606,14,579,574,54458,,,,,
,,,,,,PR,CURIUVA,10422,5676,0,423,144,1165,290,0,7,30,1881,248,93,0,195,164,0,20,0,2,7,77,,,,,
,,,,,,PR,DIAMANTE D'OESTE,2976,1604,0,100,9,338,78,0,0,19,645,54,46,0,41,15,0,9,0,0,1,17,,,,,
,,,,,,PR,DIAMANTE DO NORTE,4550,2167,0,90,37,329,113,0,4,22,924,449,44,0,241,68,1,19,0,0,0,42,,,,,
,,,,,,PR,DIAMANTE DO SUL,1956,1037,0,53,8,251,48,0,0,10,492,13,13,0,16,9,0,2,0,0,1,3,,,,,
,,,,,,PR,DOIS VIZINHOS,41904,21846,0,1734,680,4614,1472,0,29,140,6115,2218,185,0,958,1016,1,225,1,9,11,650,,,,,
,,,,,,PR,DOURADINA,7894,3204,0,306,155,698,204,0,3,15,1620,991,28,0,299,252,2,11,0,0,4,102,,,,,
,,,,,,PR,DOUTOR CAMARGO,5272,2377,0,236,73,661,109,0,22,14,953,478,61,0,108,116,0,20,0,0,0,44,,,,,
,,,,,,PR,DOUTOR ULYSSES,2346,1045,0,159,1,289,101,0,1,16,598,60,48,0,13,3,0,2,0,1,0,9,,,,,
,,,,,,PR,ENEAS MARQUES,5017,2478,0,296,147,640,140,0,2,9,839,114,39,0,57,192,0,19,0,1,0,44,,,,,
,,,,,,PR,ENGENHEIRO BELTRAO,10790,5437,0,628,132,1237,284,0,13,38,1731,489,149,0,315,189,0,47,0,9,4,88,,,,,
,,,,,,PR,ENTRE RIOS DO OESTE,4214,1860,0,198,76,599,154,0,0,16,605,319,17,0,169,120,0,15,0,0,0,66,,,,,
,,,,,,PR,ESPERANCA NOVA,1599,747,0,59,2,173,32,0,0,12,414,94,7,0,36,3,0,4,0,0,0,16,,,,,
,,,,,,PR,ESPIGAO ALTO DO IGUACU,1994,1066,0,75,16,261,68,0,0,8,342,70,24,0,23,24,0,3,0,1,1,12,,,,,
,,,,,,PR,FAROL,2401,1133,0,129,45,336,40,0,0,6,465,71,26,0,42,95,0,1,0,1,1,10,,,,,
,,,,,,PR,FAXINAL,13982,7264,0,627,133,1703,452,0,22,47,2610,447,60,0,206,192,4,51,0,0,5,159,,,,,
,,,,,,PR,FAZENDA RIO GRANDE,83580,53261,0,1879,1023,5780,3145,0,125,130,12766,1644,389,0,1578,810,0,194,0,17,17,822,,,,,
,,,,,,PR,FENIX,3307,1672,0,149,31,346,68,0,1,10,706,134,22,0,81,50,0,7,0,6,0,24,,,,,
,,,,,,PR,FERNANDES PINHEIRO,3608,2014,0,137,26,399,97,0,1,15,696,55,24,0,77,41,0,2,0,0,0,24,,,,,
,,,,,,PR,FIGUEIRA,5330,2888,0,172,129,562,172,0,13,16,823,200,67,0,107,120,0,7,0,0,1,53,,,,,
,,,,,,PR,FLOR DA SERRA DO SUL,3453,1924,0,143,78,407,94,0,0,11,503,46,36,0,60,111,0,12,0,0,0,28,,,,,
,,,,,,PR,FLORAI,4311,2024,0,200,97,483,112,0,8,12,604,420,31,0,123,149,0,15,0,0,2,31,,,,,
,,,,,,PR,FLORESTA,8454,4170,0,353,137,1023,225,0,9,27,1442,534,56,0,212,141,0,20,0,3,4,98,,,,,
,,,,,,PR,FLORESTOPOLIS,7668,4457,0,232,173,516,234,0,10,62,800,449,157,0,228,282,1,30,0,0,3,34,,,,,
,,,,,,PR,FLORIDA,2357,1022,0,97,21,264,68,0,4,13,294,104,24,0,392,20,0,11,0,1,0,22,,,,,
,,,,,,PR,FORMOSA DO OESTE,7144,3392,0,362,40,930,158,0,8,19,1445,431,35,0,186,60,0,16,0,0,1,61,,,,,
,,,,,,PR,FOZ DO IGUACU,238766,135815,0,4023,3985,14740,10647,0,119,1349,42720,7194,1874,3,4314,6552,16,1152,0,21,84,4158,,,,,
,,,,,,PR,FOZ DO JORDAO,3181,2192,0,108,19,314,76,0,1,14,253,56,30,0,67,26,2,2,0,0,1,20,,,,,
,,,,,,PR,FRANCISCO ALVES,5756,2599,0,217,49,513,104,0,2,20,1509,435,64,0,135,60,0,17,0,1,0,31,,,,,
,,,,,,PR,FRANCISCO BELTRAO,85628,44588,0,2844,1164,8739,3523,0,86,298,12762,5832,308,0,1748,1681,5,364,0,4,17,1665,,,,,
,,,,,,PR,GENERAL CARNEIRO,8738,5072,0,615,118,1147,346,0,5,72,734,101,137,0,200,126,0,29,0,2,0,34,,,,,
,,,,,,PR,GODOY MOREIRA,2298,978,0,76,3,309,32,0,0,6,755,77,18,0,28,3,0,2,0,1,2,8,,,,,
,,,,,,PR,GOIOERE,23409,11809,0,729,402,2381,667,0,77,74,3739,1852,64,0,568,642,20,106,0,9,17,253,,,,,
,,,,,,PR,GOIOXIM,3705,1901,0,178,31,569,110,0,1,27,693,32,60,0,35,55,0,4,0,0,0,9,,,,,
,,,,,,PR,GRANDES RIOS,3872,1988,0,150,12,482,98,0,2,17,943,58,30,0,39,26,0,10,0,0,2,15,,,,,
,,,,,,PR,GUAIRA,34296,14866,0,1177,546,2617,1067,0,33,58,6080,2998,925,0,1513,1841,0,172,0,1,17,385,,,,,
,,,,,,PR,GUAIRACA,4439,2145,0,159,30,430,106,0,7,21,997,304,53,0,97,55,0,9,0,0,0,26,,,,,
,,,,,,PR,GUAMIRANGA,5475,2767,0,201,103,667,85,0,3,19,1251,57,41,0,89,158,0,8,0,1,3,22,,,,,
,,,,,,PR,GUAPIRAMA,3005,1430,0,146,87,319,77,0,4,15,515,93,29,0,100,155,0,10,0,0,3,22,,,,,
,,,,,,PR,GUAPOREMA,1649,744,0,52,46,168,35,0,1,7,340,74,25,0,71,74,1,0,0,0,0,11,,,,,
,,,,,,PR,GUARACI,3747,2234,0,139,21,360,111,0,4,9,546,139,48,0,81,24,1,13,0,0,0,17,,,,,
,,,,,,PR,GUARANIACU,10795,5696,0,561,179,1541,430,0,4,54,1441,177,82,0,178,289,0,50,1,2,5,105,,,,,
,,,,,,PR,GUARAPUAVA,147738,86920,0,5745,2560,16294,6076,0,167,707,16037,3164,657,1,3015,3204,13,508,0,77,35,2558,,,,,
,,,,,,PR,GUARAQUECABA,1221,535,0,48,1,127,65,0,1,10,365,18,21,0,13,3,0,4,0,0,1,9,,,,,
,,,,,,PR,GUARATUBA,24255,12824,0,563,280,2003,1073,0,55,74,3926,1666,76,0,1008,254,2,77,0,3,13,358,,,,,
,,,,,,PR,HONORIO SERPA,3843,2060,0,188,19,531,118,0,2,13,681,51,51,0,51,23,0,16,0,1,1,37,,,,,
,,,,,,PR,IBAITI,22022,12254,0,754,276,2471,700,0,23,62,3640,511,186,0,476,383,0,58,0,3,7,218,,,,,
,,,,,,PR,IBEMA,4399,2469,0,202,125,491,136,0,3,18,576,50,28,0,63,190,0,16,0,0,1,31,,,,,
,,,,,,PR,IBIPORA,43606,23046,0,1629,446,3521,1357,0,313,115,7824,3033,227,2,732,691,2,285,1,14,10,358,,,,,
,,,,,,PR,ICARAIMA,7393,3511,0,240,49,798,198,0,8,21,1540,493,63,0,321,76,0,25,0,0,1,49,,,,,
,,,,,,PR,IGUARACU,3966,2028,0,157,81,425,115,0,2,24,632,168,22,0,95,134,0,18,0,1,4,60,,,,,
,,,,,,PR,IGUATU,1561,677,0,53,4,188,36,0,0,9,502,60,10,0,7,4,0,4,0,0,1,6,,,,,
,,,,,,PR,IMBAU,8490,4438,0,312,128,938,216,0,14,33,1696,339,49,0,141,106,0,13,0,1,7,59,,,,,
,,,,,,PR,IMBITUVA,25129,13912,0,1135,326,2694,698,0,13,58,3776,951,118,0,591,441,2,96,0,2,3,313,,,,,
,,,,,,PR,INACIO MARTINS,5387,2765,0,384,62,710,216,0,4,55,881,31,71,0,92,80,0,12,0,0,0,24,,,,,
,,,,,,PR,INAJA,1869,1023,0,30,6,175,57,0,1,9,352,132,18,0,47,7,0,4,0,0,0,8,,,,,
,,,,,,PR,INDIANOPOLIS,3815,1877,0,122,148,418,49,0,3,4,649,341,13,0,81,85,0,12,0,0,0,13,,,,,
,,,,,,PR,IPIRANGA,10856,5573,0,481,143,1559,274,0,1,53,1907,113,113,0,344,175,3,29,0,5,2,81,,,,,
,,,,,,PR,IPORA,14047,6309,0,521,207,1284,307,0,14,25,3040,1514,60,0,313,269,1,51,0,3,6,123,,,,,
,,,,,,PR,IRACEMA DO OESTE,1980,954,0,113,17,295,36,0,0,7,370,94,10,0,42,23,0,3,0,0,0,16,,,,,
,,,,,,PR,IRATI,49987,27971,0,2044,634,5523,1940,0,22,153,7300,1291,237,0,1158,843,1,163,0,12,7,688,,,,,
,,,,,,PR,IRETAMA,7212,3662,0,279,33,837,173,0,1,10,1792,174,63,0,79,49,0,13,0,0,5,42,,,,,
,,,,,,PR,ITAGUAJE,3581,1993,0,79,44,292,106,0,2,12,585,210,37,0,124,61,0,15,0,0,2,19,,,,,
,,,,,,PR,ITAIPULANDIA,9073,4500,0,349,87,912,365,0,2,47,1510,728,83,0,235,114,0,19,0,0,2,120,,,,,
,,,,,,PR,ITAMBARACA,4804,2377,0,224,43,498,127,0,5,39,1069,189,43,0,75,63,5,16,0,1,1,29,,,,,
,,,,,,PR,ITAMBE,5081,2281,0,222,116,503,121,0,11,8,1036,377,34,0,100,191,0,13,0,2,1,65,,,,,
,,,,,,PR,ITAPEJARA D'OESTE,10186,5250,0,566,188,1350,277,0,4,22,1286,473,80,0,209,308,0,36,0,2,2,133,,,,,
,,,,,,PR,ITAPERUCU,19652,11021,0,879,232,2219,717,0,4,125,3138,365,156,0,260,325,0,41,0,2,2,166,,,,,
,,,,,,PR,ITAUNA DO SUL,2466,1232,0,61,8,158,46,0,4,11,643,165,16,0,87,13,0,6,0,0,1,15,,,,,
,,,,,,PR,IVAI,10846,5046,0,573,81,1614,317,0,3,25,2650,91,70,0,116,105,3,17,0,1,2,132,,,,,
,,,,,,PR,IVAIPORA,29873,15119,0,1296,271,3472,911,0,27,60,5031,2051,179,0,493,488,3,126,0,4,14,328,,,,,
,,,,,,PR,IVATE,5833,2577,0,234,125,490,127,0,8,25,1094,462,94,0,333,217,1,7,0,0,1,38,,,,,
,,,,,,PR,IVATUBA,1878,992,0,62,22,218,55,0,3,8,305,94,9,0,48,33,0,4,0,0,0,25,,,,,
,,,,,,PR,JABOTI,3183,1527,0,77,11,445,80,0,2,7,833,78,22,0,58,16,0,8,0,0,0,19,,,,,
,,,,,,PR,JACAREZINHO,30824,15858,0,660,396,2360,1083,0,32,164,6618,1729,185,0,779,478,1,134,0,2,8,337,,,,,
,,,,,,PR,JAGUAPITA,10959,5427,0,398,132,1197,338,0,37,53,1813,906,109,0,230,201,1,38,0,0,8,71,,,,,
,,,,,,PR,JAGUARIAIVA,23624,12344,0,843,590,2514,872,0,18,111,4083,502,162,0,486,790,2,46,0,4,11,246,,,,,
,,,,,,PR,JANDAIA DO SUL,19395,10008,0,843,235,2393,687,0,23,51,2849,1040,81,0,460,352,2,108,0,2,9,252,,,,,
,,,,,,PR,JANIOPOLIS,4332,2099,0,170,44,611,103,0,9,13,869,216,36,0,69,51,0,14,0,0,2,26,,,,,
,,,,,,PR,JAPIRA,2793,1606,0,61,18,301,79,0,2,10,539,39,27,0,48,34,0,6,0,0,2,21,,,,,
,,,,,,PR,JAPURA,8012,3300,0,453,93,1048,179,0,6,23,1531,801,34,0,296,132,0,26,0,4,2,84,,,,,
,,,,,,PR,JARDIM ALEGRE,10478,5038,0,452,266,1183,202,0,4,30,2064,399,65,0,210,479,0,20,0,1,1,64,,,,,
,,,,,,PR,JARDIM OLINDA,1323,785,0,47,17,94,27,0,1,7,222,38,13,0,47,17,0,0,0,1,0,7,,,,,
,,,,,,PR,JATAIZINHO,9432,4958,0,384,88,802,256,0,38,47,1811,637,37,0,156,112,2,45,0,3,2,54,,,,,
,,,,,,PR,JESUITAS,8180,4030,0,400,75,964,239,0,6,23,1537,489,56,0,173,116,0,24,0,1,1,46,,,,,
,,,,,,PR,JOAQUIM TAVORA,8538,4345,0,335,74,920,275,0,6,30,1622,485,54,0,166,113,1,38,0,0,6,68,,,,,
,,,,,,PR,JUNDIAI DO SUL,1397,763,0,51,5,159,39,0,0,6,273,27,32,0,25,10,0,3,0,0,0,4,,,,,
,,,,,,PR,JURANDA,7218,3167,0,392,136,1032,138,0,6,15,1319,549,21,0,158,202,0,12,0,1,4,66,,,,,
,,,,,,PR,JUSSARA,5477,2426,0,330,132,484,115,0,14,15,894,423,65,0,318,222,0,11,0,3,0,25,,,,,
,,,,,,PR,KALORE,3568,1673,0,177,43,463,91,0,1,22,828,120,29,0,35,52,0,9,0,1,2,22,,,,,
,,,,,,PR,LAPA,35364,19072,0,1599,586,3706,1320,0,17,160,5807,761,260,0,917,675,1,155,0,6,1,321,,,,,
,,,,,,PR,LARANJAL,3061,1519,0,92,13,390,78,0,0,26,834,23,36,0,21,20,0,1,0,0,0,8,,,,,
,,,,,,PR,LARANJEIRAS DO SUL,25853,15034,0,1283,324,3249,1007,0,22,75,2944,349,122,0,499,449,2,117,0,2,7,368,,,,,
,,,,,,PR,LEOPOLIS,2638,1380,0,115,18,325,73,0,6,16,501,93,18,0,31,38,0,10,0,0,0,14,,,,,
,,,,,,PR,LIDIANOPOLIS,3184,1401,0,144,64,429,57,0,1,10,716,99,31,0,76,121,0,8,0,1,2,24,,,,,
,,,,,,PR,LINDOESTE,4264,2250,0,165,79,522,121,0,3,17,704,60,49,0,116,110,0,19,0,0,0,49,,,,,
,,,,,,PR,LOANDA,21482,10004,0,585,240,2119,638,0,62,50,3833,2326,85,0,742,407,1,81,0,6,4,299,,,,,
,,,,,,PR,LOBATO,3687,1720,0,177,72,462,87,0,3,12,565,224,43,0,159,109,0,20,0,3,4,27,,,,,
,,,,,,PR,LONDRINA,478484,261894,0,9792,2946,38619,23233,0,2705,835,84784,24159,2145,2,8346,3904,38,5608,7,66,132,9269,,,,,
,,,,,,PR,LUIZIANA,4343,2292,0,272,30,556,91,0,14,11,779,101,35,0,72,56,0,15,0,1,4,14,,,,,
,,,,,,PR,LUNARDELLI,3648,1862,0,131,16,401,87,0,1,12,930,94,19,0,50,21,0,6,0,0,3,15,,,,,
,,,,,,PR,LUPIONOPOLIS,3432,1824,0,117,15,330,86,0,2,20,622,180,67,0,103,18,6,13,0,1,4,24,,,,,
,,,,,,PR,MALLET,11130,5428,0,628,272,1384,356,0,5,34,2086,175,101,0,207,334,0,53,0,1,3,63,,,,,
,,,,,,PR,MAMBORE,12807,5804,0,746,279,1920,374,0,15,21,1941,668,67,0,278,451,2,42,0,1,3,195,,,,,
,,,,,,PR,MANDAGUACU,19730,10182,0,657,318,1826,510,0,39,59,3570,1299,79,0,476,514,0,39,0,4,7,151,,,,,
,,,,,,PR,MANDAGUARI,33087,16408,0,1076,274,3081,1009,0,150,85,6103,3091,120,0,702,419,1,141,1,6,29,391,,,,,
,,,,,,PR,MANDIRITUBA,20631,10691,0,1328,719,2159,640,0,10,85,2902,357,139,0,495,842,0,69,0,5,2,188,,,,,
,,,,,,PR,MANFRINOPOLIS,1971,1093,0,68,6,227,45,0,0,12,415,32,22,0,29,7,0,4,0,1,0,10,,,,,
,,,,,,PR,MANGUEIRINHA,13770,7434,0,792,208,1840,449,0,5,64,1741,261,114,0,301,349,1,40,0,1,5,165,,,,,
,,,,,,PR,MANOEL RIBAS,10368,5091,0,514,182,1559,335,0,4,50,1642,241,51,0,198,316,1,25,0,2,0,157,,,,,
,,,,,,PR,MARECHAL CANDIDO RONDON,56283,25183,0,1998,1004,5372,2493,0,104,143,9255,6061,281,0,1859,1325,12,318,0,13,14,848,,,,,
,,,,,,PR,MARIA HELENA,4198,1899,0,157,25,478,94,0,2,16,977,311,55,0,103,45,0,16,0,0,0,20,,,,,
,,,,,,PR,MARIALVA,35732,17216,0,1351,832,3880,1140,0,71,74,5660,2315,146,0,1017,1425,0,96,0,12,13,484,,,,,
,,,,,,PR,MARILANDIA DO SUL,6961,3440,0,312,79,711,242,0,1,32,1539,235,60,0,104,112,6,33,0,4,3,48,,,,,
,,,,,,PR,MARILENA,6093,2881,0,151,37,450,122,0,5,9,1554,548,48,0,192,55,3,20,0,2,0,16,,,,,
,,,,,,PR,MARILUZ,7228,3661,0,236,130,637,131,0,5,23,1536,441,93,0,115,176,0,12,0,0,0,32,,,,,
,,,,,,PR,MARINGA,389663,196926,0,11069,7831,35734,17183,0,1064,619,57499,24258,1137,0,11221,11783,5,2467,12,221,134,10500,,,,,
,,,,,,PR,MARIOPOLIS,4953,2564,0,318,77,805,162,0,0,26,614,92,50,0,51,111,0,21,0,0,1,61,,,,,
,,,,,,PR,MARIPA,5574,2502,0,462,65,918,246,0,2,24,778,207,32,0,154,96,0,24,0,0,1,63,,,,,
,,,,,,PR,MARMELEIRO,14607,7146,0,600,683,1667,435,0,4,40,1642,444,75,0,458,1157,0,59,0,4,3,190,,,,,
,,,,,,PR,MARQUINHO,2825,1453,0,113,7,493,76,0,1,8,565,16,29,0,37,4,0,8,0,1,2,12,,,,,
,,,,,,PR,MARUMBI,3257,1643,0,128,23,428,74,0,2,11,700,113,26,0,53,23,0,8,0,0,0,25,,,,,
,,,,,,PR,MATELANDIA,17126,8866,0,926,336,1608,559,0,7,59,2676,765,219,0,347,514,0,62,0,6,4,172,,,,,
,,,,,,PR,MATINHOS,23420,12577,0,460,47,1594,1108,0,59,68,4591,1500,69,0,880,44,1,62,0,4,20,336,,,,,
,,,,,,PR,MATO RICO,2100,885,0,125,2,350,52,0,0,13,609,23,20,0,10,1,0,1,0,0,0,9,,,,,
,,,,,,PR,MAUA DA SERRA,7613,4066,0,314,150,785,163,0,6,28,1295,288,57,0,140,226,0,25,0,2,1,67,,,,,
,,,,,,PR,MEDIANEIRA,47717,23990,0,1831,1013,5114,1971,0,26,121,7388,3112,139,0,880,1226,2,160,1,8,12,723,,,,,
,,,,,,PR,MERCEDES,6669,2540,0,380,149,844,238,0,1,19,1327,477,36,0,332,216,1,29,0,1,2,77,,,,,
,,,,,,PR,MIRADOR,1153,641,0,25,1,113,34,0,0,11,233,69,8,0,10,1,0,4,0,0,0,3,,,,,
,,,,,,PR,MIRASELVA,1465,779,0,54,16,179,38,0,1,14,235,31,40,0,40,20,0,5,0,0,1,12,,,,,
,,,,,,PR,MISSAL,10389,4694,0,508,176,1299,495,0,4,42,1857,493,58,0,300,226,1,50,0,1,2,183,,,,,
,,,,,,PR,MOREIRA SALES,7866,3794,0,333,113,815,155,0,7,19,1703,425,101,0,187,149,4,25,0,1,2,33,,,,,
,,,,,,PR,MORRETES,11194,5635,0,343,80,904,519,0,6,47,2385,453,57,0,475,117,1,29,0,4,4,135,,,,,
,,,,,,PR,MUNHOZ DE MELLO,2815,1518,0,103,44,386,59,0,3,9,418,87,18,0,70,59,0,21,0,0,1,19,,,,,
,,,,,,PR,NOSSA SENHORA DAS GRACAS,2278,1334,0,44,6,223,82,0,1,8,354,90,37,0,69,14,0,4,0,1,1,10,,,,,
,,,,,,PR,NOVA ALIANCA DO IVAI,976,424,0,30,0,118,24,0,3,11,257,76,11,0,15,0,0,4,0,0,0,3,,,,,
,,,,,,PR,NOVA AMERICA DA COLINA,2444,1353,0,119,10,232,69,0,2,11,399,65,35,0,99,29,0,8,0,1,0,12,,,,,
,,,,,,PR,NOVA AURORA,11341,5544,0,581,198,1506,311,0,5,26,1582,841,64,0,226,287,0,41,0,1,3,125,,,,,
,,,,,,PR,NOVA CANTU,4666,2342,0,203,21,657,102,0,1,10,1071,101,41,0,47,28,0,7,0,0,1,34,,,,,
,,,,,,PR,NOVA ESPERANCA,24598,11727,0,921,422,2196,764,0,49,74,3997,2589,108,0,667,665,1,125,0,10,8,275,,,,,
,,,,,,PR,NOVA ESPERANCA DO SUDOESTE,4208,2127,0,232,38,514,122,0,0,22,807,124,35,0,72,60,0,8,0,3,0,44,,,,,
,,,,,,PR,NOVA FATIMA,5453,3135,0,302,32,547,189,0,5,25,847,107,67,0,92,53,0,18,0,0,0,34,,,,,
,,,,,,PR,NOVA LARANJEIRAS,5746,2860,0,255,120,923,179,0,0,14,963,52,58,0,78,189,0,11,0,1,0,43,,,,,
,,,,,,PR,NOVA LONDRINA,13691,6577,0,399,256,1000,412,0,39,50,2472,1255,98,0,430,474,5,104,0,3,5,112,,,,,
,,,,,,PR,NOVA OLIMPIA,4955,2327,0,170,42,508,95,0,6,21,1043,448,45,0,125,70,0,18,0,0,0,37,,,,,
,,,,,,PR,NOVA PRATA DO IGUACU,9158,4532,0,426,101,1169,225,0,2,25,1698,435,59,0,194,166,0,28,1,2,5,90,,,,,
,,,,,,PR,NOVA SANTA BARBARA,3373,1768,0,213,46,412,82,0,3,12,607,87,16,0,27,65,0,3,0,0,0,32,,,,,
,,,,,,PR,NOVA SANTA ROSA,9129,4045,0,602,146,1284,364,0,8,30,1513,445,27,0,233,235,1,34,0,0,3,159,,,,,
,,,,,,PR,NOVA TEBAS,4839,2516,0,204,30,624,126,0,1,14,1101,47,39,0,53,46,1,16,1,0,0,20,,,,,
,,,,,,PR,NOVO ITACOLOMI,2519,1179,0,144,16,367,64,0,1,9,582,80,17,0,22,23,0,4,0,0,0,11,,,,,
,,,,,,PR,ORTIGUEIRA,15270,7752,0,836,158,1877,459,0,8,63,2972,439,140,0,244,188,2,28,0,2,2,100,,,,,
,,,,,,PR,OURIZONA,2628,1372,0,125,41,264,50,0,1,7,479,101,18,0,73,64,0,15,0,0,0,18,,,,,
,,,,,,PR,OURO VERDE DO OESTE,4087,1998,0,204,16,515,130,0,4,17,873,127,26,0,90,34,0,16,0,0,1,36,,,,,
,,,,,,PR,PAICANDU,33743,17475,0,831,275,2456,764,0,50,73,7243,3073,79,0,707,379,0,97,2,5,15,219,,,,,
,,,,,,PR,PALMAS,31969,18939,0,1468,505,3740,1452,0,72,121,3244,578,195,0,442,730,2,129,3,2,8,339,,,,,
,,,,,,PR,PALMEIRA,27571,14739,0,1276,521,3575,1160,0,41,104,3409,687,142,0,719,733,0,92,0,6,10,357,,,,,
,,,,,,PR,PALMITAL,9859,5018,0,439,59,1616,315,0,3,42,1811,170,102,0,115,83,0,14,0,1,2,69,,,,,
,,,,,,PR,PALOTINA,34662,15209,0,1728,788,4646,1450,0,19,83,4550,3177,465,0,857,1065,2,104,0,10,10,499,,,,,
,,,,,,PR,PARAISO DO NORTE,10836,5269,0,342,79,933,273,0,26,34,1845,1416,125,0,286,100,0,21,0,2,7,78,,,,,
,,,,,,PR,PARANACITY,7743,3851,0,261,151,577,179,0,10,29,1163,807,70,0,333,225,0,18,0,3,2,64,,,,,
,,,,,,PR,PARANAGUA,94169,44380,0,1803,3292,4254,3458,0,146,206,23393,4740,307,0,2438,4361,6,311,8,63,48,955,,,,,
,,,,,,PR,PARANAPOEMA,1914,1088,0,89,27,129,54,0,0,13,279,71,25,0,76,46,0,3,0,0,0,14,,,,,
,,,,,,PR,PARANAVAI,85271,38410,0,2446,763,8089,2502,0,632,168,17225,9864,333,0,2240,1231,5,365,0,7,30,961,,,,,
,,,,,,PR,PATO BRAGADO,4950,2292,0,261,61,594,218,0,2,13,693,383,31,0,194,88,0,41,0,0,2,77,,,,,
,,,,,,PR,PATO BRANCO,78604,42906,0,2864,971,9116,3807,0,63,264,9854,3079,530,1,1565,1288,8,474,0,18,31,1765,,,,,
,,,,,,PR,PAULA FREITAS,4455,2322,0,291,57,564,109,0,1,13,715,108,49,0,120,66,0,14,0,4,0,22,,,,,
,,,,,,PR,PAULO FRONTIN,5919,3001,0,325,68,798,178,0,2,16,1061,91,37,0,166,117,0,19,0,1,0,39,,,,,
,,,,,,PR,PEABIRU,9891,5284,0,479,105,1142,263,0,12,28,1726,382,46,0,179,128,0,31,0,2,9,75,,,,,
,,,,,,PR,PEROBAL,5218,2682,0,184,48,596,112,0,0,15,954,344,38,0,145,70,0,6,0,1,0,23,,,,,
,,,,,,PR,PEROLA,10899,5151,0,318,65,994,234,0,2,27,2531,1013,34,0,321,93,2,31,0,0,0,83,,,,,
,,,,,,PR,PEROLA D'OESTE,5863,2723,0,322,172,653,201,0,1,10,1064,154,30,0,121,317,0,19,0,2,0,74,,,,,
,,,,,,PR,PIEN,10950,5834,0,586,172,1094,356,0,4,31,1968,260,44,1,242,204,0,56,0,1,1,96,,,,,
,,,,,,PR,PINHAIS,106265,62942,0,2678,606,7985,4870,0,156,333,17160,3050,564,9,2762,623,0,528,1,32,27,1939,,,,,
,,,,,,PR,PINHAL DO SAO BENTO,1963,958,0,71,10,211,40,0,0,8,557,49,15,0,20,9,0,1,0,0,0,14,,,,,
,,,,,,PR,PINHALAO,4575,2323,0,171,21,651,154,0,1,16,1009,82,24,0,51,21,0,10,0,2,1,38,,,,,
,,,,,,PR,PINHAO,18681,10990,0,891,106,2798,595,0,11,152,2145,193,211,0,280,138,1,22,0,2,22,124,,,,,
,,,,,,PR,PIRAI DO SUL,18206,10526,0,599,256,2047,521,0,10,82,2673,469,159,0,318,359,2,58,0,1,5,121,,,,,
,,,,,,PR,PIRAQUARA,66382,40248,0,946,305,3924,2398,0,110,162,13292,1802,286,0,1758,320,0,228,1,11,21,570,,,,,
,,,,,,PR,PITANGA,28423,14505,0,1371,586,4004,1001,0,11,88,4294,592,214,0,474,913,3,67,0,6,5,289,,,,,
,,,,,,PR,PITANGUEIRAS,2039,1129,0,98,18,210,57,0,2,13,328,79,32,0,33,25,0,9,0,1,0,5,,,,,
,,,,,,PR,PLANALTINA DO PARANA,3233,1516,0,116,32,344,95,0,2,9,669,240,29,0,88,50,1,6,0,3,0,33,,,,,
,,,,,,PR,PLANALTO,11023,5333,0,580,144,1147,349,0,2,26,2452,310,61,0,212,249,0,40,0,2,0,116,,,,,
,,,,,,PR,PONTA GROSSA,273070,156700,0,7440,7538,25265,12668,0,327,1050,34220,4410,1346,1,6392,9805,10,1080,4,115,70,4629,,,,,
,,,,,,PR,PONTAL DO PARANA,17389,9772,0,430,95,1379,807,0,25,66,2851,580,87,0,843,136,1,36,0,11,19,251,,,,,
,,,,,,PR,PORECATU,9886,5599,0,251,163,594,342,0,40,41,1293,568,180,0,265,379,0,58,0,0,1,112,,,,,
,,,,,,PR,PORTO AMAZONAS,2832,1707,0,113,24,260,138,0,1,23,332,58,29,0,77,37,0,10,0,1,0,22,,,,,
,,,,,,PR,PORTO BARREIRO,2328,1058,0,139,5,390,87,0,0,13,491,21,47,0,44,6,0,4,0,1,0,22,,,,,
,,,,,,PR,PORTO RICO,2998,1179,0,63,4,308,83,0,5,14,493,311,22,0,457,5,0,3,0,0,1,50,,,,,
,,,,,,PR,PORTO VITORIA,2798,1438,0,199,39,322,100,0,0,11,461,82,25,0,42,51,0,8,0,0,0,20,,,,,
,,,,,,PR,PRADO FERREIRA,2613,1481,0,123,89,260,66,0,2,11,308,61,22,0,48,124,0,4,0,0,1,13,,,,,
,,,,,,PR,PRANCHITA,5951,2592,0,428,162,856,174,0,0,20,897,227,26,0,126,292,2,10,0,7,1,131,,,,,
,,,,,,PR,PRESIDENTE CASTELO BRANCO,3744,2053,0,133,73,328,100,0,0,12,614,171,35,0,112,82,0,4,0,0,1,26,,,,,
,,,,,,PR,PRIMEIRO DE MAIO,9266,4153,0,394,81,1053,240,0,24,28,1574,1061,39,0,372,109,1,54,0,2,3,78,,,,,
,,,,,,PR,PRUDENTOPOLIS,40397,19551,0,2008,502,6227,1384,0,28,120,7742,1027,251,0,529,560,3,81,0,16,12,356,,,,,
,,,,,,PR,QUARTO CENTENARIO,3268,1705,0,147,91,383,62,0,1,8,478,104,19,0,96,145,0,3,0,0,1,25,,,,,
,,,,,,PR,QUATIGUA,6694,3109,0,371,118,812,178,0,1,24,1237,450,29,0,132,140,0,23,0,0,4,66,,,,,
,,,,,,PR,QUATRO BARRAS,20435,11572,0,912,698,1533,819,0,30,95,2496,327,153,0,588,794,0,86,0,7,6,319,,,,,
,,,,,,PR,QUATRO PONTES,5004,2030,0,245,164,653,221,0,0,11,772,323,9,0,222,258,0,25,0,0,1,70,,,,,
,,,,,,PR,QUEDAS DO IGUACU,25240,13929,0,1033,249,2765,836,0,9,62,3810,1161,241,0,476,364,2,73,0,3,2,225,,,,,
,,,,,,PR,QUERENCIA DO NORTE,8035,3799,0,273,86,830,163,0,5,14,1820,572,55,0,200,128,0,25,1,7,4,53,,,,,
,,,,,,PR,QUINTA DO SOL,3340,1710,0,197,20,396,82,0,3,16,661,108,30,0,40,42,0,6,0,2,1,26,,,,,
,,,,,,PR,QUITANDINHA,13775,7206,0,698,209,1610,428,0,2,24,2513,290,146,0,303,235,1,30,0,1,1,78,,,,,
,,,,,,PR,RAMILANDIA,2479,1450,0,86,13,239,50,0,0,14,519,43,25,0,13,16,0,2,0,1,0,8,,,,,
,,,,,,PR,RANCHO ALEGRE,2586,1351,0,113,14,228,73,0,6,19,504,146,21,0,61,23,0,8,0,0,0,19,,,,,
,,,,,,PR,RANCHO ALEGRE D'OESTE,2210,959,0,90,82,281,43,0,2,8,404,132,17,0,40,131,0,8,0,0,3,10,,,,,
,,,,,,PR,REALEZA,18134,8971,0,836,420,2090,646,0,12,53,2562,1033,72,0,459,636,1,51,0,3,4,285,,,,,
,,,,,,PR,REBOUCAS,9596,5452,0,316,47,1015,267,0,1,49,1807,193,85,0,210,69,0,28,0,1,0,56,,,,,
,,,,,,PR,RENASCENCA,6002,2946,0,358,139,831,182,0,2,20,841,104,46,0,121,284,0,24,0,1,5,98,,,,,
,,,,,,PR,RESERVA,18749,9399,0,937,374,2502,580,0,5,67,3286,378,153,0,306,583,0,26,0,2,6,145,,,,,
,,,,,,PR,RESERVA DO IGUACU,3560,2297,0,114,28,416,94,0,0,27,416,34,35,0,42,38,0,2,0,1,0,16,,,,,
,,,,,,PR,RIBEIRAO CLARO,10087,4592,0,278,52,1245,322,0,1,68,2242,730,63,0,272,62,0,26,0,1,6,127,,,,,
,,,,,,PR,RIBEIRAO DO PINHAL,9791,5694,0,365,72,910,317,0,15,53,1529,414,113,0,102,109,0,13,0,0,4,81,,,,,
,,,,,,PR,RIO AZUL,12252,6702,0,451,120,1568,359,0,5,16,2167,292,66,0,233,158,0,47,0,1,1,66,,,,,
,,,,,,PR,RIO BOM,2825,1420,0,129,12,338,91,0,1,7,672,77,21,0,27,15,0,4,0,0,0,11,,,,,
,,,,,,PR,RIO BONITO DO IGUACU,10381,5756,0,495,42,1406,227,0,4,29,1943,91,117,0,119,55,0,27,0,0,5,65,,,,,
,,,,,,PR,RIO BRANCO DO IVAI,2737,1430,0,53,29,317,74,0,1,10,655,46,20,0,29,58,0,5,0,0,0,10,,,,,
,,,,,,PR,RIO BRANCO DO SUL,24462,13079,0,812,540,2628,800,0,16,182,4013,487,516,0,294,788,0,78,0,8,2,219,,,,,
,,,,,,PR,RIO NEGRO,27658,15831,0,1196,311,2395,1052,0,16,87,4462,778,104,0,673,343,3,263,0,1,4,139,,,,,
,,,,,,PR,ROLANDIA,56736,29422,0,1735,613,4159,2060,0,516,245,10001,4833,273,0,867,905,3,482,0,4,10,608,,,,,
,,,,,,PR,RONCADOR,8712,4291,0,515,97,1198,252,0,2,16,1719,227,62,0,100,153,0,15,0,5,4,56,,,,,
,,,,,,PR,RONDON,7994,3882,0,315,107,715,180,0,4,24,1299,648,218,0,320,180,2,29,0,5,2,64,,,,,
,,,,,,PR,ROSARIO DO IVAI,4144,1818,0,124,13,571,101,0,0,24,1205,152,32,0,37,23,0,4,0,0,1,39,,,,,
,,,,,,PR,SABAUDIA,7097,3455,0,344,106,850,188,0,8,22,1232,486,53,0,129,131,2,19,0,0,0,72,,,,,
,,,,,,PR,SALGADO FILHO,3919,2053,0,137,27,440,113,0,0,12,799,158,47,0,37,47,0,13,0,3,0,33,,,,,
,,,,,,PR,SALTO DO ITARARE,4311,2322,0,156,33,452,133,0,3,18,904,92,42,0,59,43,0,26,0,0,2,26,,,,,
,,,,,,PR,SALTO DO LONTRA,11478,6163,0,467,91,1427,337,0,4,29,1916,450,60,0,198,149,0,51,0,3,2,131,,,,,
,,,,,,PR,SANTA AMELIA,2054,1070,0,75,1,197,51,0,1,13,497,61,29,0,39,4,0,5,0,2,0,9,,,,,
,,,,,,PR,SANTA CECILIA DO PAVAO,2779,1444,0,143,32,314,63,0,2,14,523,113,19,0,25,60,0,6,0,0,0,21,,,,,
,,,,,,PR,SANTA CRUZ DO MONTE CASTELO,7362,3697,0,256,30,723,202,0,9,23,1480,522,68,0,198,59,1,25,1,5,5,58,,,,,
,,,,,,PR,SANTA FE,9035,4438,0,336,121,973,260,0,17,30,1417,856,55,0,227,163,0,25,0,2,0,115,,,,,
,,,,,,PR,SANTA HELENA,22587,10740,0,822,321,2521,860,0,21,96,3697,1848,183,0,707,427,3,59,0,5,3,274,,,,,
,,,,,,PR,SANTA INES,1068,657,0,29,4,95,29,0,0,11,166,30,7,0,25,8,0,3,0,0,0,4,,,,,
,,,,,,PR,SANTA ISABEL DO IVAI,7307,3458,0,221,49,711,170,0,17,26,1589,693,42,0,176,59,0,44,0,1,0,51,,,,,
,,,,,,PR,SANTA IZABEL DO OESTE,9222,4591,0,415,111,1091,270,0,8,29,1798,421,49,0,128,176,0,26,0,1,2,106,,,,,
,,,,,,PR,SANTA LUCIA,3168,1486,0,160,59,437,104,0,0,11,540,105,16,0,110,85,0,10,0,0,0,45,,,,,
,,,,,,PR,SANTA MARIA DO OESTE,6647,3594,0,337,46,988,224,0,1,32,1129,100,41,0,65,46,0,7,0,0,2,35,,,,,
,,,,,,PR,SANTA MARIANA,8573,4357,0,344,347,828,235,0,14,37,1258,326,68,0,184,465,0,36,0,1,4,69,,,,,
,,,,,,PR,SANTA MONICA,2052,1006,0,69,10,148,28,0,2,12,519,152,21,0,54,6,0,8,0,8,0,9,,,,,
,,,,,,PR,SANTA TEREZA DO OESTE,9555,5294,0,435,127,1172,373,0,2,29,1164,219,35,0,338,199,0,38,0,5,1,124,,,,,
,,,,,,PR,SANTA TEREZINHA DE ITAIPU,17629,9970,0,525,589,1717,724,0,7,63,2067,450,74,0,474,648,5,51,0,3,5,257,,,,,
,,,,,,PR,SANTANA DO ITARARE,4154,2006,0,153,75,433,132,0,2,11,996,81,42,0,68,97,0,16,0,1,6,35,,,,,
,,,,,,PR,SANTO ANTONIO DA PLATINA,35109,16912,0,934,170,3421,1271,0,43,128,7899,2598,223,0,676,260,3,136,0,1,16,418,,,,,
,,,,,,PR,SANTO ANTONIO DO CAIUA,1761,905,0,24,2,155,46,0,5,11,425,103,16,0,47,4,0,11,0,0,0,7,,,,,
,,,,,,PR,SANTO ANTONIO DO PARAISO,1712,988,0,89,16,199,54,0,2,18,237,33,21,0,12,19,0,12,0,1,0,11,,,,,
,,,,,,PR,SANTO ANTONIO DO SUDOESTE,16567,9064,0,646,225,1587,549,0,6,46,2824,650,68,0,267,365,1,37,0,6,1,225,,,,,
,,,,,,PR,SANTO INACIO,5322,2650,0,206,102,633,131,0,7,14,792,352,35,0,195,147,0,6,0,3,0,49,,,,,
,,,,,,PR,SAO CARLOS DO IVAI,5431,2285,0,243,126,436,110,0,14,15,1088,574,40,0,225,227,0,10,0,1,2,35,,,,,
,,,,,,PR,SAO JERONIMO DA SERRA,7053,3867,0,292,37,811,247,0,1,59,1450,84,54,0,48,49,0,17,0,0,0,37,,,,,
,,,,,,PR,SAO JOAO,10217,5471,0,624,154,1423,278,0,3,28,1281,264,67,0,211,237,2,52,0,1,1,120,,,,,
,,,,,,PR,SAO JOAO DO CAIUA,3936,2189,0,108,21,365,114,0,2,38,649,225,57,0,99,29,0,18,0,2,2,18,,,,,
,,,,,,PR,SAO JOAO DO IVAI,9297,4120,0,407,136,1051,186,0,5,26,2315,468,68,0,148,237,0,34,0,1,0,95,,,,,
,,,,,,PR,SAO JOAO DO TRIUNFO,9196,5080,0,375,27,1140,296,0,1,27,1690,162,77,0,224,35,0,14,0,2,0,46,,,,,
,,,,,,PR,SAO JORGE D'OESTE,8329,4361,0,389,81,1096,253,0,2,26,1295,315,67,0,199,132,0,26,0,0,1,86,,,,,
,,,,,,PR,SAO JORGE DO IVAI,4944,1916,0,349,210,691,143,0,8,16,692,244,29,0,221,347,0,22,0,2,1,53,,,,,
,,,,,,PR,SAO JORGE DO PATROCINIO,5424,2545,0,162,20,525,103,0,1,12,1429,334,33,0,171,22,0,17,0,0,0,50,,,,,
,,,,,,PR,SAO JOSE DA BOA VISTA,4410,1933,0,197,65,497,107,0,1,16,1215,140,36,0,71,75,0,17,0,2,1,37,,,,,
,,,,,,PR,SAO JOSE DAS PALMEIRAS,2880,1484,0,109,25,365,81,0,2,14,550,83,58,0,51,30,0,9,0,1,0,18,,,,,
,,,,,,PR,SAO JOSE DOS PINHAIS,279417,159736,0,10533,7412,24836,11531,0,321,737,36154,5774,1164,0,6346,9045,5,961,2,69,101,4690,,,,,
,,,,,,PR,SAO MANOEL DO PARANA,1606,736,0,74,11,142,31,0,2,6,402,135,13,0,25,19,0,1,0,2,0,7,,,,,
,,,,,,PR,SAO MATEUS DO SUL,37692,20457,0,1760,286,4282,1437,0,20,147,5696,1066,253,0,1356,449,3,116,0,5,7,352,,,,,
,,,,,,PR,SAO MIGUEL DO IGUACU,23809,12097,0,1095,492,2983,878,0,18,99,3283,1169,127,0,552,590,1,76,0,3,1,345,,,,,
,,,,,,PR,SAO PEDRO DO IGUACU,4165,2111,0,219,50,549,135,0,3,14,764,105,42,0,54,76,0,17,0,0,1,25,,,,,
,,,,,,PR,SAO PEDRO DO IVAI,7875,3553,0,440,135,907,210,0,9,29,1514,439,73,0,153,301,0,34,0,17,1,60,,,,,
,,,,,,PR,SAO PEDRO DO PARANA,2073,989,0,64,14,215,42,0,3,12,360,167,10,0,154,22,0,7,0,0,0,14,,,,,
,,,,,,PR,SAO SEBASTIAO DA AMOREIRA,5901,3391,0,257,45,580,209,0,8,18,918,191,65,0,70,58,0,25,0,1,1,64,,,,,
,,,,,,PR,SAO TOME,4420,2195,0,159,46,390,82,0,2,10,875,393,38,0,133,63,0,19,0,4,2,9,,,,,
,,,,,,PR,SAPOPEMA,4922,2494,0,154,69,629,106,0,5,15,1153,113,27,0,43,77,0,5,0,0,5,27,,,,,
,,,,,,PR,SARANDI,82597,40037,0,1334,876,5170,2056,0,226,136,19523,8926,233,0,1842,1368,0,305,2,27,16,520,,,,,
,,,,,,PR,SAUDADE DO IGUACU,4133,2447,0,139,19,483,114,0,1,24,544,132,35,0,91,32,0,9,0,1,1,61,,,,,
,,,,,,PR,SENGES,11845,5957,0,615,226,1255,451,0,21,44,2356,234,82,0,216,241,0,21,0,2,3,121,,,,,
,,,,,,PR,SERRANOPOLIS DO IGUACU,3973,1934,0,176,73,610,106,0,2,19,657,203,14,0,45,88,0,12,0,0,1,33,,,,,
,,,,,,PR,SERTANEJA,5037,2592,0,274,90,565,179,0,6,28,736,212,47,0,115,122,0,17,0,0,1,53,,,,,
,,,,,,PR,SERTANOPOLIS,16081,6790,0,791,344,1970,466,0,75,48,2602,1643,87,0,508,494,1,100,0,1,5,156,,,,,
,,,,,,PR,SIQUEIRA CAMPOS,17831,8579,0,595,159,1779,711,0,14,33,3974,991,129,0,356,272,0,42,0,0,9,188,,,,,
,,,,,,PR,SULINA,2728,1434,0,122,19,327,80,0,1,6,483,116,21,0,61,23,1,8,0,0,0,26,,,,,
,,,,,,PR,TAMARANA,9203,4671,0,414,74,1009,231,0,6,34,2187,242,58,0,79,114,0,28,1,1,3,51,,,,,
,,,,,,PR,TAMBOARA,3864,1658,0,102,16,416,69,0,4,19,1037,327,25,0,133,32,0,11,0,0,0,15,,,,,
,,,,,,PR,TAPEJARA,12147,5782,0,471,184,968,314,0,8,22,2031,1326,133,0,510,288,3,34,0,1,4,68,,,,,
,,,,,,PR,TAPIRA,4646,2143,0,194,30,446,104,0,2,10,1077,433,35,0,109,29,0,13,0,1,1,19,,,,,
,,,,,,PR,TEIXEIRA SOARES,7518,3908,0,281,140,949,190,0,3,49,1186,117,292,0,158,158,0,24,0,0,0,63,,,,,
,,,,,,PR,TELEMACO BORBA,61546,33149,0,1334,1106,5054,2004,0,319,278,10698,3142,274,1,1141,2023,1,181,1,109,21,710,,,,,
,,,,,,PR,TERRA BOA,14610,6910,0,430,180,1333,271,0,37,15,2599,1956,159,0,268,282,0,53,0,15,9,93,,,,,
,,,,,,PR,TERRA RICA,13462,5807,0,391,149,1113,303,0,27,25,3074,1448,129,0,590,265,0,29,0,1,1,110,,,,,
,,,,,,PR,TERRA ROXA,15769,7029,0,663,240,1646,415,0,14,35,2770,1762,85,0,568,324,0,39,0,1,4,174,,,,,
,,,,,,PR,TIBAGI,10914,6254,0,410,177,1352,360,0,30,63,1385,161,95,0,228,253,0,16,0,2,4,124,,,,,
,,,,,,PR,TIJUCAS DO SUL,12519,6681,0,650,166,1260,333,0,3,35,2381,261,81,0,365,191,0,27,0,6,1,78,,,,,
,,,,,,PR,TOLEDO,138917,68813,0,4295,2314,14196,5972,0,178,387,22725,9895,333,0,3285,3203,6,707,0,10,55,2543,,,,,
,,,,,,PR,TOMAZINA,5187,2502,0,173,39,665,211,0,1,22,1229,133,48,0,69,39,0,8,0,2,2,44,,,,,
,,,,,,PR,TRES BARRAS DO PARANA,9048,4361,0,467,154,1113,193,0,4,21,1735,207,62,0,277,338,0,18,0,0,2,96,,,,,
,,,,,,PR,TUNAS DO PARANA,4508,2163,0,222,59,468,118,0,0,29,1034,93,72,0,124,83,0,4,0,0,0,39,,,,,
,,,,,,PR,TUNEIRAS DO OESTE,6237,2809,0,197,36,649,124,0,3,28,1681,378,146,0,105,42,0,8,0,3,2,26,,,,,
,,,,,,PR,TUPASSI,7422,3304,0,466,128,1124,231,0,4,16,1215,375,40,0,216,184,0,27,0,2,0,90,,,,,
,,,,,,PR,TURVO,11075,5761,0,576,150,1658,338,0,5,66,1813,147,119,0,151,167,0,17,0,4,1,102,,,,,
,,,,,,PR,UBIRATA,21880,10448,0,895,297,2826,674,0,21,65,3585,1760,109,0,374,466,3,52,0,4,19,282,,,,,
,,,,,,PR,UMUARAMA,109606,50941,0,3446,1332,10504,3675,0,203,124,19296,12402,357,0,3094,1932,11,385,1,8,21,1874,,,,,
,,,,,,PR,UNIAO DA VITORIA,43038,24186,0,1915,491,4002,1953,0,70,99,6443,1498,142,0,997,577,0,245,0,6,9,405,,,,,
,,,,,,PR,UNIFLOR,1713,934,0,65,19,161,48,0,0,6,296,77,13,0,46,29,0,7,0,0,1,11,,,,,
,,,,,,PR,URAI,8245,4219,0,412,93,922,248,0,35,28,1585,305,37,0,132,110,0,49,0,2,4,64,,,,,
,,,,,,PR,VENTANIA,7169,3655,0,226,206,824,150,0,5,39,1318,174,48,0,134,347,0,12,0,0,3,28,,,,,
,,,,,,PR,VERA CRUZ DO OESTE,7250,3651,0,379,246,908,229,0,1,15,882,163,32,0,247,408,0,32,0,0,2,55,,,,,
,,,,,,PR,VERE,6706,3206,0,408,102,1034,200,0,1,17,1089,224,33,0,116,155,0,23,0,2,2,94,,,,,
,,,,,,PR,VIRMOND,2936,1564,0,178,36,498,86,0,1,7,326,26,27,0,90,60,0,4,0,2,1,30,,,,,
,,,,,,PR,VITORINO,6223,3143,0,493,206,903,171,0,2,20,567,110,47,0,148,301,0,27,0,2,1,82,,,,,
,,,,,,PR,WENCESLAU BRAZ,15134,7592,0,734,211,1621,482,0,9,45,3008,484,103,0,265,353,1,45,0,1,13,167,,,,,
,,,,,,PR,XAMBRE,4329,2083,0,156,39,425,93,0,3,17,1017,213,27,0,155,65,0,14,0,1,3,18,,,,,
,,,,,,RJ,ANGRA DOS REIS,80827,42816,0,1547,124,5001,3410,0,221,282,16536,7780,448,0,1162,136,2,58,0,2,76,1226,,,,,
,,,,,,RJ,APERIBE,7758,2755,0,149,9,341,120,0,236,25,2908,1038,25,0,108,10,1,5,0,1,4,23,,,,,
,,,,,,RJ,ARARUAMA,85156,48433,0,2231,207,4530,3937,0,1862,379,15794,3808,308,0,2012,242,4,128,0,4,48,1229,,,,,
,,,,,,RJ,AREAL,8650,4228,0,365,42,805,333,0,20,76,1969,428,96,0,138,36,0,6,0,0,3,105,,,,,
,,,,,,RJ,ARMACAO DOS BUZIOS,30029,14864,0,455,14,2024,1741,0,398,397,6187,2243,131,0,657,18,0,25,0,3,20,852,,,,,
,,,,,,RJ,ARRAIAL DO CABO,16705,9376,0,202,19,959,921,0,156,74,2873,1295,42,0,428,15,0,20,0,1,12,312,,,,,
,,,,,,RJ,BARRA DO PIRAI,44219,26967,0,1376,239,2325,2509,0,173,306,6115,2382,492,0,618,239,1,43,0,4,43,387,,,,,
,,,,,,RJ,BARRA MANSA,92633,59883,0,1960,1283,6064,4123,0,565,280,11811,2865,675,0,1150,902,1,73,0,24,75,899,,,,,
,,,,,,RJ,BELFORD ROXO,153729,91913,0,2277,219,6365,6187,0,1416,544,34866,6759,732,0,1517,195,1,59,0,30,64,585,,,,,
,,,,,,RJ,BOM JARDIM,19031,9295,0,803,538,1369,673,0,16,116,3890,663,69,0,686,647,4,9,0,3,11,239,,,,,
,,,,,,RJ,BOM JESUS DO ITABAPOANA,18518,6814,0,375,43,629,393,0,184,76,7428,2097,79,0,260,33,5,26,0,0,12,64,,,,,
,,,,,,RJ,CABO FRIO,137724,76872,0,3034,336,7799,7763,0,2229,468,25177,7761,554,0,2875,400,4,154,0,8,85,2205,,,,,
,,,,,,RJ,CACHOEIRAS DE MACACU,32263,16917,0,1150,90,2124,1265,0,157,260,7088,1919,72,0,789,71,0,33,0,0,17,311,,,,,
,,,,,,RJ,CAMBUCI,6767,2393,0,138,10,300,106,0,201,36,2702,698,35,0,109,9,0,6,0,0,3,21,,,,,
,,,,,,RJ,CAMPOS DOS GOYTACAZES,272230,149698,0,7423,1028,13229,9705,0,3704,1322,52105,18242,1748,0,9435,1306,12,229,0,50,91,2903,,,,,
,,,,,,RJ,CANTAGALO,9827,5274,0,233,31,754,305,0,14,75,2298,420,55,0,214,55,5,9,0,4,5,76,,,,,
,,,,,,RJ,CARAPEBUS,6788,3208,0,190,13,388,211,0,69,45,1719,511,48,0,279,13,0,2,0,0,2,90,,,,,
,,,,,,RJ,CARDOSO MOREIRA,6031,2531,0,196,30,301,166,0,157,45,1781,461,92,0,192,41,0,2,0,4,1,31,,,,,
,,,,,,RJ,CARMO,7644,4257,0,221,17,623,194,0,11,79,1591,420,30,0,106,7,0,13,0,0,6,69,,,,,
,,,,,,RJ,CASIMIRO DE ABREU,22599,11674,0,840,81,1512,1019,0,281,141,4418,1320,49,0,861,98,0,27,0,3,18,257,,,,,
,,,,,,RJ,COMENDADOR LEVY GASPARIAN,5610,2107,0,327,1053,260,144,0,25,43,1038,222,24,0,92,239,0,11,0,0,1,24,,,,,
,,,,,,RJ,CONCEICAO DE MACABU,11600,5485,0,201,5,615,314,0,88,58,3429,906,71,0,313,10,0,10,0,0,2,93,,,,,
,,,,,,RJ,CORDEIRO,12565,7648,0,292,37,743,524,0,28,60,2276,447,60,0,245,46,7,11,0,2,5,134,,,,,
,,,,,,RJ,DUAS BARRAS,5770,3148,0,191,33,447,213,0,10,100,1148,255,28,0,110,41,0,0,0,0,1,45,,,,,
,,,,,,RJ,DUQUE DE CAXIAS,370027,217470,0,11490,3372,19796,15982,0,1911,1288,66423,15066,3506,0,4960,5164,6,560,0,49,262,2722,,,,,
,,,,,,RJ,ENGENHEIRO PAULO DE FRONTIN,6618,3804,0,148,6,322,310,0,26,41,1466,323,32,0,91,8,0,7,0,0,3,31,,,,,
,,,,,,RJ,GUAPIMIRIM,24061,12653,0,645,103,1506,1043,0,154,106,5424,1372,78,0,549,105,0,36,0,7,35,245,,,,,
,,,,,,RJ,IGUABA GRANDE,16473,9702,0,261,12,788,739,0,202,96,3026,993,44,0,393,14,0,14,0,0,26,163,,,,,
,,,,,,RJ,ITABORAI,114053,66540,0,3377,376,6026,5348,0,1029,840,21749,3861,546,0,3021,413,0,67,0,5,73,782,,,,,
,,,,,,RJ,ITAGUAI,65091,40112,0,1978,397,3288,3611,0,410,357,9710,2068,487,0,1431,425,0,148,0,4,68,597,,,,,
,,,,,,RJ,ITALVA,7546,2994,0,240,44,330,168,0,332,41,2316,712,42,0,228,49,0,9,0,0,14,27,,,,,
,,,,,,RJ,ITAOCARA,17415,6363,0,523,79,1074,388,0,304,70,5991,2081,69,0,271,90,0,10,0,0,6,96,,,,,
,,,,,,RJ,ITAPERUNA,55753,22655,0,1365,113,2570,1386,0,2341,172,19292,3905,145,0,1064,136,15,31,0,11,37,515,,,,,
,,,,,,RJ,ITATIAIA,9405,5024,0,174,35,461,437,0,43,95,2067,474,57,0,148,81,0,11,0,1,6,291,,,,,
,,,,,,RJ,JAPERI,26016,14084,0,574,105,1092,1021,0,442,103,6609,1320,49,0,409,85,0,12,0,2,11,98,,,,,
,,,,,,RJ,LAJE DO MURIAE,2753,1165,0,57,0,152,67,0,40,10,997,177,17,0,45,4,0,3,0,0,3,16,,,,,
,,,,,,RJ,MACAE,145204,74273,0,3405,969,8828,6809,0,2556,1313,30003,7488,1058,0,3671,1154,6,121,1,63,106,3380,,,,,
,,,,,,RJ,MACUCO,4799,2558,0,214,52,373,122,0,7,23,992,201,15,0,108,89,1,1,0,0,2,41,,,,,
,,,,,,RJ,MAGE,100330,54633,0,2233,316,4982,4140,0,1500,565,23151,5581,209,0,1771,288,0,80,0,2,104,775,,,,,
,,,,,,RJ,MANGARATIBA,19735,11119,0,259,17,1428,1106,0,81,221,3272,1163,130,0,532,14,0,24,0,0,22,347,,,,,
,,,,,,RJ,MARICA,102909,58563,0,1828,92,5676,5238,0,429,538,20121,5159,484,0,2773,118,6,65,0,2,81,1736,,,,,
,,,,,,RJ,MENDES,9225,5498,0,242,17,497,408,0,55,73,1744,374,80,0,136,16,0,5,0,3,9,68,,,,,
,,,,,,RJ,MESQUITA,62855,38612,0,876,151,2749,2650,0,559,147,12517,2772,537,0,689,123,0,16,0,5,55,397,,,,,
,,,,,,RJ,MIGUEL PEREIRA,20435,11378,0,453,22,1540,978,0,39,117,4403,835,87,0,263,22,0,6,0,0,9,283,,,,,
,,,,,,RJ,MIRACEMA,13786,5525,0,292,16,608,276,0,653,49,4562,1402,45,0,244,19,0,10,0,2,7,76,,,,,
,,,,,,RJ,NATIVIDADE,7219,3069,0,115,12,362,161,0,113,33,2328,796,60,0,109,16,0,5,0,0,7,33,,,,,
,,,,,,RJ,NILOPOLIS,67046,42111,0,902,90,2402,2886,0,445,200,12602,3613,296,0,497,115,0,88,0,0,375,424,,,,,
,,,,,,RJ,NITEROI,309277,194629,0,3152,219,13384,19918,0,605,1387,46606,11130,2600,0,4487,327,5,475,0,15,127,10211,,,,,
,,,,,,RJ,NOVA FRIBURGO,144521,86881,0,3703,450,8860,7506,0,168,472,26737,3845,399,1,2417,506,2,170,0,4,62,2338,,,,,
,,,,,,RJ,NOVA IGUACU,344881,209765,0,7939,797,15427,15359,2,2501,1750,67877,13595,1864,0,4107,719,1,286,0,9,178,2705,,,,,
,,,,,,RJ,PARACAMBI,24311,14428,0,675,210,1385,1130,0,406,132,3682,1203,181,0,414,186,0,12,0,7,15,245,,,,,
,,,,,,RJ,PARAIBA DO SUL,20782,11628,0,700,54,1453,731,0,75,131,4405,923,137,0,250,68,4,15,0,1,12,195,,,,,
,,,,,,RJ,PARATI,17130,7733,0,283,13,1311,973,0,31,204,4467,1199,85,0,330,30,0,11,0,1,24,435,,,,,
,,,,,,RJ,PATY DO ALFERES,19541,9634,0,602,19,1477,646,0,52,67,5420,1109,97,0,211,21,0,18,0,1,10,157,,,,,
,,,,,,RJ,PETROPOLIS,199247,120725,0,4476,745,11647,11121,0,318,803,35364,5729,1094,1,1887,1335,2,224,1,5,46,3724,,,,,
,,,,,,RJ,PINHEIRAL,10328,6511,0,263,384,554,442,0,52,69,1341,278,106,0,170,41,0,1,0,2,16,98,,,,,
,,,,,,RJ,PIRAI,12892,8125,0,512,125,848,606,0,41,147,1487,323,142,0,283,132,0,8,0,2,11,100,,,,,
,,,,,,RJ,PORCIUNCULA,5132,2556,0,97,5,289,147,0,102,29,1410,329,34,0,78,10,0,4,0,0,3,39,,,,,
,,,,,,RJ,PORTO REAL,7949,5104,0,228,162,503,339,0,75,52,862,262,28,0,109,140,0,2,0,1,4,78,,,,,
,,,,,,RJ,QUATIS,5578,3496,0,168,27,434,236,0,25,81,783,151,32,0,68,10,0,8,0,0,2,57,,,,,
,,,,,,RJ,QUEIMADOS,51303,28996,0,810,73,2229,1976,0,806,238,12383,2401,351,0,638,71,0,22,0,1,20,288,,,,,
,,,,,,RJ,QUISSAMA,10662,5669,0,252,36,650,329,0,125,50,2117,710,134,0,405,50,0,8,0,0,6,121,,,,,
,,,,,,RJ,RESENDE,93992,58731,0,2134,1871,6345,4446,0,376,338,11664,2316,769,0,1230,2095,7,92,1,12,48,1517,,,,,
,,,,,,RJ,RIO BONITO,56424,31293,0,3048,288,3639,3996,0,177,389,8482,2324,127,0,1831,274,0,77,0,10,27,442,,,,,
,,,,,,RJ,RIO CLARO,7608,4388,0,205,24,646,348,0,20,96,1209,333,84,0,124,33,0,5,0,0,5,88,,,,,
,,,,,,RJ,RIO DAS FLORES,3630,2182,0,80,3,269,150,0,10,35,640,138,27,0,54,3,0,3,0,1,0,35,,,,,
,,,,,,RJ,RIO DAS OSTRAS,82029,45033,0,1364,295,4551,4098,0,869,839,15718,4468,300,0,2358,350,4,75,0,4,57,1646,,,,,
,,,,,,RJ,RIO DE JANEIRO,3386641,2191967,0,52788,7892,145904,202854,0,9882,18902,496963,114401,18683,16,32219,9081,25,5696,5,351,1363,77649,,,,,
,,,,,,RJ,SANTA MARIA MADALENA,4514,2373,0,93,2,362,140,0,12,57,1089,178,30,0,106,5,0,0,0,0,3,64,,,,,
,,,,,,RJ,SANTO ANTONIO DE PADUA,25066,10092,0,706,71,1168,520,0,957,106,8282,2444,77,0,338,93,0,28,0,2,11,171,,,,,
,,,,,,RJ,SAO FIDELIS,20789,7960,0,412,30,836,547,0,181,92,6787,3143,96,0,549,35,2,15,0,0,5,99,,,,,
,,,,,,RJ,SAO FRANCISCO DE ITABAPOANA,20111,7663,0,761,36,1158,419,0,179,167,6693,2078,137,0,667,44,3,3,0,0,15,88,,,,,
,,,,,,RJ,SAO GONCALO,398524,249553,0,5870,471,16650,16128,0,2227,1957,79365,13959,2452,0,6529,500,3,259,0,15,149,2437,,,,,
,,,,,,RJ,SAO JOAO DA BARRA,20333,9106,0,792,138,1147,569,0,200,127,4601,2323,107,0,718,265,0,18,0,12,9,201,,,,,
,,,,,,RJ,SAO JOAO DE MERITI,186709,122138,0,3835,374,8301,8774,0,678,549,31438,6132,1174,0,1576,360,0,220,0,7,85,1068,,,,,
,,,,,,RJ,SAO JOSE DE UBA,3860,1260,0,89,4,214,111,0,89,21,1842,150,9,0,55,5,0,3,0,0,0,8,,,,,
,,,,,,RJ,SAO JOSE DO VALE DO RIO PRETO,15043,7582,0,1001,117,1069,475,0,12,50,3495,734,82,0,196,114,0,5,0,2,8,101,,,,,
,,,,,,RJ,SAO PEDRO DA ALDEIA,50348,28431,0,1185,89,2719,2482,0,741,122,10013,2373,147,0,1155,111,0,42,0,7,29,702,,,,,
,,,,,,RJ,SAO SEBASTIAO DO ALTO,4716,1965,0,173,0,323,112,0,9,45,1755,218,14,0,76,0,0,2,0,0,2,22,,,,,
,,,,,,RJ,SAPUCAIA,7138,3712,0,303,149,622,257,0,9,72,1292,251,31,0,142,196,0,12,0,0,3,87,,,,,
,,,,,,RJ,SAQUAREMA,51841,27226,0,1075,101,2881,2338,0,316,192,11268,4014,328,0,1108,126,1,59,0,3,54,751,,,,,
,,,,,,RJ,SEROPEDICA,37470,20654,0,1728,954,2431,1562,0,273,160,6130,1035,244,0,869,1051,0,70,0,1,21,287,,,,,
,,,,,,RJ,SILVA JARDIM,10315,5153,0,346,70,628,451,0,68,96,2429,536,52,0,384,22,0,7,0,0,6,67,,,,,
,,,,,,RJ,SUMIDOURO,11332,4127,0,544,16,960,256,0,5,41,4177,868,44,0,180,16,0,8,0,0,6,84,,,,,
,,,,,,RJ,TANGUA,13619,7477,0,465,57,818,437,0,156,68,2929,589,131,0,339,64,0,3,0,3,12,71,,,,,
,,,,,,RJ,TERESOPOLIS,119275,67986,0,3110,246,7555,5708,0,102,374,25683,4319,271,0,1582,232,3,182,0,6,49,1867,,,,,
,,,,,,RJ,TRAJANO DE MORAIS,4643,2427,0,135,4,392,156,0,7,40,1150,128,30,0,123,3,1,4,0,0,5,38,,,,,
,,,,,,RJ,TRES RIOS,44064,21960,0,1106,324,2372,1771,0,286,165,11451,2956,225,0,599,312,5,53,0,11,22,446,,,,,
,,,,,,RJ,VALENCA,31840,19762,0,519,31,2130,1347,0,77,193,5889,975,116,0,381,49,1,23,0,1,18,328,,,,,
,,,,,,RJ,VARRE-SAI,4425,1942,0,166,4,333,126,0,23,50,1466,221,14,0,45,12,1,5,0,0,1,16,,,,,
,,,,,,RJ,VASSOURAS,19786,11353,0,622,57,1380,854,0,39,114,4060,543,127,0,362,50,0,13,0,4,6,202,,,,,
,,,,,,RJ,VOLTA REDONDA,166154,111634,0,2474,504,9092,8133,0,418,507,23051,4418,749,1,1882,464,1,195,0,12,77,2542,,,,,
,,,,,,RN,ACARI,5059,1645,0,124,10,310,126,0,86,16,2207,389,19,0,76,10,0,4,0,0,4,33,,,,,
,,,,,,RN,AFONSO BEZERRA,2411,918,0,40,5,166,73,0,4,10,1038,97,22,0,19,4,0,3,0,0,0,12,,,,,
,,,,,,RN,AGUA NOVA,1294,322,0,14,0,55,17,0,3,13,714,136,2,0,9,0,0,1,0,0,0,8,,,,,
,,,,,,RN,ALEXANDRIA,8012,3045,0,138,33,761,147,0,7,55,3300,243,21,0,102,74,0,2,0,0,1,83,,,,,
,,,,,,RN,ALMINO AFONSO,2032,563,0,35,5,114,30,0,5,8,1027,179,3,0,23,7,0,2,0,0,0,31,,,,,
,,,,,,RN,ALTO DO RODRIGUES,6386,2162,0,230,13,444,153,0,33,25,2558,527,42,0,105,16,0,3,0,3,1,71,,,,,
,,,,,,RN,ANGICOS,5059,1694,0,137,7,436,146,0,27,30,2202,208,17,0,83,7,0,7,0,0,1,57,,,,,
,,,,,,RN,ANTONIO MARTINS,2590,704,0,43,0,160,35,0,4,13,1416,164,7,0,23,0,0,2,0,0,0,19,,,,,
,,,,,,RN,APODI,22070,5508,0,460,57,1258,256,0,376,59,10107,3409,68,0,248,57,0,9,0,0,2,196,,,,,
,,,,,,RN,AREIA BRANCA,11374,3529,0,223,46,581,249,0,368,48,3478,2358,90,0,161,92,0,10,0,0,8,133,,,,,
,,,,,,RN,ARES,3894,1460,0,96,12,239,87,0,98,21,1415,138,57,0,175,53,0,2,0,0,0,41,,,,,
,,,,,,RN,ASSU,33171,10138,0,910,51,1924,649,0,1606,88,13402,3294,162,0,452,79,0,42,0,0,12,362,,,,,
,,,,,,RN,BAIA FORMOSA,2495,1059,0,83,16,182,67,0,11,8,667,141,55,0,114,30,1,3,0,0,0,58,,,,,
,,,,,,RN,BARAUNA,12585,3472,0,922,113,1008,156,0,217,51,4579,1411,76,0,181,262,0,9,0,0,6,122,,,,,
,,,,,,RN,BARCELONA,994,382,0,27,0,67,25,0,1,4,444,26,7,0,7,0,0,1,0,0,0,3,,,,,
,,,,,,RN,BENTO FERNANDES,1637,622,0,12,1,71,28,0,7,7,784,52,34,0,11,2,0,0,0,0,2,4,,,,,
,,,,,,RN,BOA SAUDE,2789,987,0,116,4,183,47,0,8,15,1258,115,18,0,22,9,0,2,0,0,0,5,,,,,
,,,,,,RN,BODO,976,391,0,12,0,91,32,0,1,10,394,24,7,0,7,0,0,0,0,0,0,7,,,,,
,,,,,,RN,BOM JESUS,3716,1390,0,81,8,208,94,0,26,8,1717,73,24,0,61,5,0,3,0,0,0,18,,,,,
,,,,,,RN,BREJINHO,4723,1467,0,111,5,323,100,0,67,13,2343,170,29,0,49,6,0,4,0,0,3,33,,,,,
,,,,,,RN,CAICARA DO NORTE,1315,424,0,17,0,113,28,0,8,5,608,81,4,0,5,0,0,0,0,0,0,22,,,,,
,,,,,,RN,CAICARA DO RIO DO VENTO,1178,542,0,35,0,113,28,0,5,6,403,15,6,0,17,0,0,0,0,0,2,6,,,,,
,,,,,,RN,CAICO,58172,18569,0,2210,193,6142,1650,0,2730,197,17129,7032,113,1,722,274,0,46,0,0,65,1099,,,,,
,,,,,,RN,CAMPO GRANDE,3621,955,0,72,2,275,50,0,41,15,1972,146,18,0,49,6,0,1,0,0,4,15,,,,,
,,,,,,RN,CAMPO REDONDO,3558,1251,0,84,0,218,73,0,63,19,1593,167,21,0,38,2,0,1,0,0,0,28,,,,,
,,,,,,RN,CANGUARETAMA,11348,4146,0,232,3,628,281,0,407,57,4280,799,130,0,226,20,0,8,0,0,1,130,,,,,
,,,,,,RN,CARAUBAS,9682,2781,0,178,16,708,166,0,186,61,4427,922,41,0,89,25,0,6,0,0,3,73,,,,,
,,,,,,RN,CARNAUBA DOS DANTAS,4249,1583,0,266,67,345,99,0,7,20,1240,391,14,0,82,82,0,2,0,0,3,48,,,,,
,,,,,,RN,CARNAUBAIS,3488,1373,0,58,1,201,69,0,42,21,1374,232,30,0,59,2,0,3,0,0,0,23,,,,,
,,,,,,RN,CEARA-MIRIM,27536,11864,0,475,43,1692,760,0,746,94,9584,995,306,0,475,74,0,31,0,0,18,379,,,,,
,,,,,,RN,CERRO-CORA,4609,1551,0,124,3,386,95,0,15,24,2133,184,28,0,44,1,0,2,0,0,3,16,,,,,
,,,,,,RN,CORONEL EZEQUIEL,1690,666,0,74,0,100,29,0,3,12,748,33,5,0,6,0,0,1,0,0,0,13,,,,,
,,,,,,RN,CORONEL JOAO PESSOA,1481,376,0,16,0,83,35,0,1,10,895,45,3,0,4,0,0,1,0,0,0,12,,,,,
,,,,,,RN,CRUZETA,3657,979,0,130,6,315,80,0,112,33,1700,197,14,0,54,10,0,3,0,0,1,23,,,,,
,,,,,,RN,CURRAIS NOVOS,28039,9439,0,773,109,1961,799,0,765,95,10252,2767,91,0,401,168,1,33,0,0,12,373,,,,,
,,,,,,RN,DOUTOR SEVERIANO,2586,572,0,41,1,175,42,0,3,15,1508,172,15,0,10,2,0,1,0,0,0,29,,,,,
,,,,,,RN,ENCANTO,2527,635,0,32,7,124,35,0,10,6,1470,158,10,0,9,7,0,2,0,0,1,21,,,,,
,,,,,,RN,EQUADOR,2288,890,0,177,34,255,51,0,2,13,704,85,9,0,12,38,0,0,0,0,2,16,,,,,
,,,,,,RN,ESPIRITO SANTO,2397,915,0,27,0,120,56,0,31,6,1141,31,38,0,15,0,0,1,0,0,0,16,,,,,
,,,,,,RN,EXTREMOZ,19356,8285,0,150,41,1047,559,0,434,36,7229,714,62,0,308,61,0,44,0,0,3,383,,,,,
,,,,,,RN,FELIPE GUERRA,3210,854,0,59,12,187,33,0,11,8,1350,607,13,0,29,12,0,2,0,0,0,33,,,,,
,,,,,,RN,FERNANDO PEDROZA,796,342,0,25,3,50,23,0,5,6,282,31,4,0,18,0,0,0,0,0,0,7,,,,,
,,,,,,RN,FLORANIA,3745,1095,0,91,0,297,92,0,12,20,1819,223,16,0,46,6,0,4,0,1,1,22,,,,,
,,,,,,RN,FRANCISCO DANTAS,1360,335,0,19,0,80,14,0,9,3,758,119,5,0,10,0,0,0,0,0,0,8,,,,,
,,,,,,RN,FRUTUOSO GOMES,2025,549,0,32,3,114,35,0,2,15,1053,135,6,0,42,6,0,0,0,0,0,33,,,,,
,,,,,,RN,GALINHOS,448,187,0,18,2,55,20,0,1,4,100,2,6,0,17,6,0,0,0,0,0,30,,,,,
,,,,,,RN,GOIANINHA,11112,4524,0,250,35,666,320,0,462,69,3696,439,195,0,237,69,0,5,0,3,1,141,,,,,
,,,,,,RN,GOVERNADOR DIX-SEPT ROSADO,5430,1433,0,244,39,263,47,0,120,29,2582,492,36,0,65,45,0,7,0,0,0,28,,,,,
,,,,,,RN,GROSSOS,3799,1006,0,132,33,202,41,0,68,5,1732,414,22,0,52,54,0,3,0,0,2,33,,,,,
,,,,,,RN,GUAMARE,5592,1918,0,112,6,361,137,0,52,29,2159,599,57,0,64,14,0,3,0,0,1,80,,,,,
,,,,,,RN,IELMO MARINHO,3157,1065,0,95,2,212,55,0,7,6,1570,64,40,0,22,5,0,1,0,0,0,13,,,,,
,,,,,,RN,IPANGUACU,5367,1679,0,122,12,355,104,0,50,35,2492,359,49,0,67,8,0,3,0,0,1,31,,,,,
,,,,,,RN,IPUEIRA,988,340,0,18,1,90,14,0,12,11,365,100,6,0,13,6,0,0,0,0,0,12,,,,,
,,,,,,RN,ITAJA,3349,976,0,147,25,190,33,0,77,9,1468,300,9,0,46,30,0,4,0,0,0,35,,,,,
,,,,,,RN,ITAU,2373,691,0,60,3,201,39,0,17,17,1078,183,4,0,38,6,0,2,0,0,1,33,,,,,
,,,,,,RN,JACANA,7819,3483,0,597,16,782,151,0,9,64,2259,208,47,0,82,23,0,6,0,0,0,92,,,,,
,,,,,,RN,JANDAIRA,2084,776,0,78,1,182,54,0,15,2,831,66,23,0,23,1,0,1,0,0,2,29,,,,,
,,,,,,RN,JANDUIS,1676,413,0,32,1,103,28,0,20,10,937,103,4,0,12,1,0,3,0,0,0,9,,,,,
,,,,,,RN,JAPI,1663,839,0,70,1,119,31,0,7,17,509,23,17,0,24,0,0,0,0,0,0,6,,,,,
,,,,,,RN,JARDIM DE ANGICOS,744,266,0,12,0,44,19,0,2,3,360,26,5,0,3,1,0,1,0,0,0,2,,,,,
,,,,,,RN,JARDIM DE PIRANHAS,6938,1871,0,176,9,682,104,0,16,59,3191,657,10,0,66,15,0,2,0,0,3,77,,,,,
,,,,,,RN,JARDIM DO SERIDO,7435,1920,0,202,12,511,158,0,144,25,3211,981,61,0,143,12,0,1,0,0,3,51,,,,,
,,,,,,RN,JOAO CAMARA,17541,5435,0,468,41,1264,425,0,206,47,7189,1899,100,0,197,53,0,13,0,0,11,193,,,,,
,,,,,,RN,JOAO DIAS,678,221,0,8,1,62,18,0,1,6,327,24,1,0,2,1,0,0,0,0,0,6,,,,,
,,,,,,RN,JOSE DA PENHA,2784,827,0,40,4,188,47,0,4,14,1483,118,10,0,28,1,0,1,0,0,0,19,,,,,
,,,,,,RN,JUCURUTU,9297,1989,0,265,22,693,176,0,209,57,5105,581,15,0,105,19,0,6,0,0,2,53,,,,,
,,,,,,RN,JUNDIA,1140,330,0,17,0,71,16,0,9,6,642,26,11,0,7,0,0,0,0,0,0,5,,,,,
,,,,,,RN,LAGOA DANTA,2010,681,0,69,1,133,34,0,0,10,985,57,22,0,5,1,0,3,0,0,1,8,,,,,
,,,,,,RN,LAGOA DE PEDRAS,2289,761,0,43,2,172,39,0,7,16,1083,113,26,0,16,3,0,2,0,0,0,6,,,,,
,,,,,,RN,LAGOA DE VELHOS,959,345,0,44,4,51,28,0,2,4,412,27,16,0,9,6,0,3,0,0,0,8,,,,,
,,,,,,RN,LAGOA NOVA,6789,2469,0,151,4,621,173,0,33,44,2701,435,33,0,70,4,0,2,0,0,0,49,,,,,
,,,,,,RN,LAGOA SALGADA,3378,1093,0,144,1,223,76,0,4,8,1638,119,14,0,21,1,0,3,0,0,1,32,,,,,
,,,,,,RN,LAJES,3401,1294,0,79,3,260,110,0,38,12,1314,183,20,0,52,3,0,2,0,0,1,30,,,,,
,,,,,,RN,LAJES PINTADAS,1887,674,0,29,0,110,35,0,16,12,934,29,6,0,25,0,0,2,0,0,1,14,,,,,
,,,,,,RN,LUCRECIA,1604,465,0,37,1,84,18,0,1,13,827,117,7,0,14,1,0,1,0,0,0,18,,,,,
,,,,,,RN,LUIS GOMES,3644,1587,0,169,9,560,93,0,4,54,937,119,13,0,14,19,0,5,0,0,0,61,,,,,
,,,,,,RN,MACAIBA,34433,12354,0,1109,219,1886,834,0,513,187,15053,825,132,0,598,317,3,31,0,13,10,349,,,,,
,,,,,,RN,MACAU,11075,3048,0,192,44,497,252,0,89,51,5028,1509,78,0,109,67,0,6,0,0,3,102,,,,,
,,,,,,RN,MAJOR SALES,1346,406,0,27,2,99,22,0,1,9,675,70,5,0,18,3,0,1,0,0,0,8,,,,,
,,,,,,RN,MARCELINO VIEIRA,2860,810,0,33,1,220,37,0,3,22,1523,132,9,0,47,0,0,0,0,0,0,23,,,,,
,,,,,,RN,MARTINS,4004,924,0,76,7,251,71,0,22,20,2088,428,13,0,63,7,0,3,0,0,0,31,,,,,
,,,,,,RN,MAXARANGUAPE,2798,1183,0,32,5,251,70,0,19,10,1081,38,13,0,45,3,0,6,0,0,1,41,,,,,
,,,,,,RN,MESSIAS TARGINO,1849,472,0,55,7,145,21,0,33,15,918,130,7,0,21,7,0,2,0,0,1,15,,,,,
,,,,,,RN,MONTANHAS,4108,1432,0,64,3,230,77,0,15,16,2061,98,36,0,44,0,0,3,0,0,1,28,,,,,
,,,,,,RN,MONTE ALEGRE,7477,2755,0,198,7,452,164,0,102,28,3312,221,55,0,89,9,0,4,0,0,1,80,,,,,
,,,,,,RN,MONTE DAS GAMELEIRAS,719,279,0,25,1,68,16,0,0,4,288,19,5,0,9,1,0,0,0,0,0,4,,,,,
,,,,,,RN,MOSSORO,225071,78330,0,5852,1688,13885,5417,0,12844,403,68526,23571,549,0,5615,2833,1,148,0,31,111,5267,,,,,
,,,,,,RN,NATAL,486730,242738,0,8315,924,33410,26216,0,5185,1328,124566,12241,2843,0,8628,1716,21,953,9,66,217,17354,,,,,
,,,,,,RN,NISIA FLORESTA,9711,3811,0,171,16,693,314,0,278,53,3587,253,66,0,194,18,0,12,0,0,5,240,,,,,
,,,,,,RN,NOVA CRUZ,19119,7041,0,540,13,1578,570,0,510,69,7656,589,115,0,142,21,0,13,0,0,5,257,,,,,
,,,,,,RN,OLHO D'AGUA DO BORGES,1630,486,0,35,2,106,31,0,5,7,789,129,3,0,21,1,0,5,0,0,0,10,,,,,
,,,,,,RN,OURO BRANCO,2057,639,0,67,4,194,44,0,8,13,901,126,12,0,24,12,0,0,0,0,0,13,,,,,
,,,,,,RN,PARANA,1429,529,0,22,0,139,25,0,0,14,640,33,6,0,9,0,0,0,0,0,0,12,,,,,
,,,,,,RN,PARAU,1335,465,0,13,1,85,25,0,14,20,638,49,2,0,14,2,0,0,0,0,0,7,,,,,
,,,,,,RN,PARAZINHO,1410,548,0,42,3,124,37,0,4,7,548,55,20,0,7,2,0,0,0,0,1,12,,,,,
,,,,,,RN,PARELHAS,14057,4638,0,566,64,1319,308,0,88,49,5006,1449,59,0,172,93,0,14,0,0,7,225,,,,,
,,,,,,RN,PARNAMIRIM,148582,73771,0,2846,519,9729,6767,0,1352,454,39119,4344,621,0,3120,699,8,129,0,6,67,5031,,,,,
,,,,,,RN,PASSA E FICA,5288,2039,0,213,12,493,141,0,19,52,1977,168,70,0,42,15,0,1,0,0,0,46,,,,,
,,,,,,RN,PASSAGEM,1036,347,0,18,0,55,13,0,4,8,557,16,5,0,5,0,0,0,0,0,0,8,,,,,
,,,,,,RN,PATU,7957,2943,0,206,12,634,172,0,65,40,3178,483,13,0,111,14,0,4,0,0,1,81,,,,,
,,,,,,RN,PAU DOS FERROS,31195,9844,0,774,65,3451,780,0,121,83,11679,3224,45,0,323,83,0,33,0,0,4,686,,,,,
,,,,,,RN,PEDRA GRANDE,1033,380,0,23,0,96,26,0,4,5,451,16,15,0,5,0,0,0,0,0,0,12,,,,,
,,,,,,RN,PEDRA PRETA,830,325,0,31,0,62,27,0,2,3,357,6,9,0,2,0,0,2,0,0,0,4,,,,,
,,,,,,RN,PEDRO AVELINO,1543,542,0,43,1,121,32,0,4,5,713,47,9,0,7,0,0,1,0,0,0,18,,,,,
,,,,,,RN,PEDRO VELHO,4441,1532,0,58,5,212,109,0,53,10,2188,171,24,0,46,0,0,4,0,0,1,28,,,,,
,,,,,,RN,PENDENCIAS,4423,1225,0,83,8,238,63,0,15,18,2464,215,18,0,40,11,0,0,0,0,1,24,,,,,
,,,,,,RN,PILOES,1205,374,0,37,2,73,18,0,1,6,620,38,5,0,16,3,0,3,0,0,0,9,,,,,
,,,,,,RN,POCO BRANCO,3671,1270,0,45,1,204,65,0,14,13,1857,131,15,0,36,1,0,3,0,0,0,16,,,,,
,,,,,,RN,PORTALEGRE,3686,832,0,50,1,262,67,0,9,21,1980,410,10,0,21,2,0,6,0,0,0,15,,,,,
,,,,,,RN,PORTO DO MANGUE,1435,530,0,35,1,141,41,0,9,16,545,70,7,0,15,3,0,1,0,0,1,20,,,,,
,,,,,,RN,PUREZA,2620,968,0,98,4,262,58,0,11,6,1028,79,34,0,45,5,0,3,0,0,0,19,,,,,
,,,,,,RN,RAFAEL FERNANDES,2955,860,0,64,4,187,40,0,9,13,1503,217,1,0,27,4,0,2,0,0,2,22,,,,,
,,,,,,RN,RAFAEL GODEIRO,1109,394,0,24,1,65,24,0,3,2,492,77,7,0,11,2,0,1,0,0,0,6,,,,,
,,,,,,RN,RIACHO DA CRUZ,1042,303,0,14,0,58,12,0,4,7,587,43,3,0,5,0,0,1,0,0,1,4,,,,,
,,,,,,RN,RIACHO DE SANTANA,1655,469,0,10,0,97,33,0,1,12,873,140,11,0,7,0,0,0,0,0,0,2,,,,,
,,,,,,RN,RIACHUELO,2178,866,0,42,5,140,55,0,15,7,942,41,13,0,39,2,0,1,0,0,0,10,,,,,
,,,,,,RN,RIO DO FOGO,2747,1040,0,42,1,338,87,0,15,16,1066,44,16,0,47,0,0,3,0,0,2,30,,,,,
,,,,,,RN,RODOLFO FERNANDES,2367,682,0,65,36,221,47,0,6,12,1021,123,4,0,33,93,0,1,0,0,0,23,,,,,
,,,,,,RN,RUY BARBOSA,932,338,0,21,0,54,35,0,1,6,437,13,7,0,8,0,0,1,0,0,0,11,,,,,
,,,,,,RN,SANTA CRUZ,24788,7470,0,728,34,1441,458,0,1729,67,10372,1691,61,0,386,77,0,16,0,1,7,250,,,,,
,,,,,,RN,SANTA MARIA,1887,788,0,63,15,97,59,0,11,15,742,36,13,0,20,18,0,0,0,0,0,10,,,,,
,,,,,,RN,SANTANA DO MATOS,4093,1369,0,95,2,409,117,0,9,18,1868,116,19,0,39,6,0,3,0,0,2,21,,,,,
,,,,,,RN,SANTANA DO SERIDO,1107,444,0,31,4,83,21,0,5,4,422,65,4,0,9,9,0,0,0,0,0,6,,,,,
,,,,,,RN,SANTO ANTONIO,9844,3349,0,152,7,725,222,0,53,61,4753,292,59,0,65,11,0,7,0,0,2,86,,,,,
,,,,,,RN,SAO BENTO DO NORTE,1022,355,0,14,0,107,17,0,4,6,422,56,13,0,11,0,0,0,0,0,0,17,,,,,
,,,,,,RN,SAO BENTO DO TRAIRI,1438,528,0,20,0,68,15,0,17,5,724,23,15,0,13,0,0,0,0,0,0,10,,,,,
,,,,,,RN,SAO FERNANDO,1421,353,0,37,7,164,42,0,12,19,595,156,5,0,19,6,0,0,0,0,0,6,,,,,
,,,,,,RN,SAO FRANCISCO DO OESTE,2206,540,0,45,0,112,30,0,22,7,1120,273,6,0,24,2,0,2,0,1,2,20,,,,,
,,,,,,RN,SAO GONCALO DO AMARANTE,41940,18049,0,617,116,2257,1347,0,685,156,15520,1292,418,0,669,180,2,37,0,1,13,581,,,,,
,,,,,,RN,SAO JOAO DO SABUGI,2588,696,0,49,3,211,56,0,45,28,1174,265,7,0,31,14,0,1,0,0,0,8,,,,,
,,,,,,RN,SAO JOSE DE MIPIBU,20083,7998,0,613,139,1411,550,0,490,109,7250,491,157,0,344,172,0,23,0,1,2,333,,,,,
,,,,,,RN,SAO JOSE DO CAMPESTRE,2802,1100,0,104,3,230,89,0,3,10,1079,89,29,0,36,4,0,6,0,0,0,20,,,,,
,,,,,,RN,SAO JOSE DO SERIDO,1994,475,0,46,4,153,39,0,55,19,1010,149,3,0,21,5,0,1,0,0,0,14,,,,,
,,,,,,RN,SAO MIGUEL,19324,4362,0,302,11,1498,385,0,5,96,11642,526,39,0,72,20,0,11,0,0,5,350,,,,,
,,,,,,RN,SAO MIGUEL DO GOSTOSO,3584,1209,0,41,2,326,117,0,49,21,1389,220,24,0,36,4,0,2,0,0,3,141,,,,,
,,,,,,RN,SAO PAULO DO POTENGI,6743,2397,0,133,12,398,165,0,22,24,2973,401,44,0,77,14,0,10,0,2,0,71,,,,,
,,,,,,RN,SAO PEDRO,1826,723,0,33,1,92,59,0,6,7,798,49,16,0,30,1,0,1,0,0,0,10,,,,,
,,,,,,RN,SAO RAFAEL,2906,929,0,58,0,285,60,0,10,18,1375,101,10,0,35,1,0,1,0,0,1,22,,,,,
,,,,,,RN,SAO TOME,2755,1044,0,98,0,204,49,0,2,6,1166,107,32,0,28,1,0,2,0,0,0,16,,,,,
,,,,,,RN,SAO VICENTE,2774,798,0,49,3,204,69,0,20,10,1326,250,6,0,21,5,0,3,0,0,1,9,,,,,
,,,,,,RN,SENADOR ELOI DE SOUZA,1822,812,0,31,0,93,40,0,8,7,725,39,14,0,33,0,0,1,0,0,0,19,,,,,
,,,,,,RN,SENADOR GEORGINO AVELINO,1102,411,0,18,0,77,25,0,22,6,483,23,3,0,18,1,0,0,0,0,0,15,,,,,
,,,,,,RN,SERRA CAIADA,2905,1119,0,86,7,198,38,0,19,10,1260,89,17,0,39,4,0,4,0,0,1,14,,,,,
,,,,,,RN,SERRA DE SAO BENTO,1631,642,0,48,3,132,37,0,4,7,684,36,8,0,17,3,0,0,0,0,0,10,,,,,
,,,,,,RN,SERRA DO MEL,5346,2180,0,160,13,724,116,0,17,15,1722,229,28,0,68,16,0,3,0,0,0,55,,,,,
,,,,,,RN,SERRA NEGRA DO NORTE,3072,888,0,69,11,356,94,0,17,30,1160,323,11,0,54,9,0,3,0,0,2,45,,,,,
,,,,,,RN,SERRINHA,2623,936,0,43,3,156,34,0,7,18,1300,91,15,0,6,1,0,3,0,0,0,10,,,,,
,,,,,,RN,SERRINHA DOS PINTOS,2402,478,0,51,3,148,19,0,3,13,1477,153,5,0,23,10,0,1,0,0,1,17,,,,,
,,,,,,RN,SEVERIANO MELO,3265,871,0,52,16,283,56,0,17,12,1639,244,11,0,32,10,0,1,0,0,1,20,,,,,
,,,,,,RN,SITIO NOVO,1197,460,0,25,0,90,20,0,8,13,526,28,7,0,15,0,0,0,0,0,0,5,,,,,
,,,,,,RN,TABOLEIRO GRANDE,961,249,0,15,1,46,25,0,6,10,491,86,3,0,17,0,0,2,0,0,0,10,,,,,
,,,,,,RN,TAIPU,3049,1212,0,69,6,176,79,0,8,8,1297,49,59,0,60,9,0,0,0,0,0,17,,,,,
,,,,,,RN,TANGARA,5738,2018,0,181,13,321,103,0,132,20,2495,250,44,0,99,12,0,7,0,0,1,42,,,,,
,,,,,,RN,TENENTE ANANIAS,4516,1535,0,101,21,760,69,0,2,24,1609,231,11,0,47,23,0,4,0,0,0,79,,,,,
,,,,,,RN,TENENTE LAURENTINO CRUZ,2603,889,0,67,3,319,56,0,7,13,1058,114,9,0,43,12,0,1,0,0,0,12,,,,,
,,,,,,RN,TIBAU,2555,873,0,73,12,217,37,0,80,12,819,249,65,0,69,10,0,3,0,1,0,35,,,,,
,,,,,,RN,TIBAU DO SUL,6550,2301,0,93,1,602,330,0,173,69,2126,448,30,0,100,3,0,12,0,0,0,262,,,,,
,,,,,,RN,TIMBAUBA DOS BATISTAS,889,270,0,13,0,63,27,0,13,11,394,62,7,0,16,0,0,2,0,0,1,10,,,,,
,,,,,,RN,TOUROS,10894,3184,0,226,9,1012,247,0,177,45,4908,726,91,0,106,8,0,7,0,1,3,144,,,,,
,,,,,,RN,TRIUNFO POTIGUAR,1212,298,0,29,0,107,24,0,11,10,671,32,5,0,12,0,0,2,0,0,1,10,,,,,
,,,,,,RN,UMARIZAL,4747,1295,0,80,20,301,81,0,11,26,2373,386,9,0,66,35,0,6,0,0,4,54,,,,,
,,,,,,RN,UPANEMA,5338,1511,0,125,16,353,64,0,67,17,2548,488,21,0,76,20,0,3,0,0,0,29,,,,,
,,,,,,RN,VARZEA,1486,534,0,19,0,83,43,0,8,4,714,38,9,0,21,0,0,2,0,0,0,11,,,,,
,,,,,,RN,VENHA-VER,1155,350,0,15,0,105,26,0,1,6,613,18,11,0,3,0,0,0,0,0,0,7,,,,,
,,,,,,RN,VERA CRUZ,5119,1514,0,221,10,449,99,0,19,14,2538,116,40,0,36,9,0,4,0,0,1,49,,,,,
,,,,,,RN,VICOSA,633,209,0,10,1,32,7,0,1,2,337,21,2,0,7,1,0,1,0,0,0,2,,,,,
,,,,,,RN,VILA FLOR,1059,347,0,16,0,41,27,0,27,3,533,44,3,0,6,0,0,1,0,0,0,11,,,,,
,,,,,,RO,ALTA FLORESTA D'OESTE,19299,3542,0,570,113,2832,205,0,13,15,9007,2387,113,0,210,167,0,8,0,1,1,115,,,,,
,,,,,,RO,ALTO ALEGRE DOS PARECIS,7985,1648,0,177,9,1136,87,0,3,32,4060,653,59,0,64,26,0,2,0,0,0,29,,,,,
,,,,,,RO,ALTO PARAISO,11326,2303,0,372,86,1435,95,0,18,20,4899,1535,117,0,203,179,0,1,0,0,1,62,,,,,
,,,,,,RO,ALVORADA D'OESTE,10879,2336,0,292,30,1216,139,0,10,15,5027,1434,80,0,191,46,0,5,0,0,3,55,,,,,
,,,,,,RO,ARIQUEMES,97178,22963,0,2350,605,10250,1645,1,871,67,33657,19720,266,0,2659,1326,0,47,0,2,26,723,,,,,
,,,,,,RO,BURITIS,30093,5294,0,659,48,3951,276,0,22,15,15450,3810,75,0,237,86,0,1,0,1,15,153,,,,,
,,,,,,RO,CABIXI,4656,1256,0,139,38,579,55,0,1,10,1894,415,48,0,121,75,0,3,0,0,2,20,,,,,
,,,,,,RO,CACAULANDIA,2776,532,0,71,2,456,27,0,4,6,1352,212,40,0,49,11,0,0,0,0,0,14,,,,,
,,,,,,RO,CACOAL,91133,23067,0,2151,711,9514,1642,0,53,96,33348,15940,476,0,2052,1247,4,48,0,3,11,770,,,,,
,,,,,,RO,CAMPO NOVO DE RONDONIA,4514,751,0,107,5,694,39,0,6,18,2295,429,109,0,37,7,0,1,0,0,2,14,,,,,
,,,,,,RO,CANDEIAS DO JAMARI,10229,2793,0,366,123,1126,154,0,45,13,4206,759,58,0,326,201,0,8,0,0,8,43,,,,,
,,,,,,RO,CASTANHEIRAS,1870,566,0,45,4,243,27,0,0,3,800,121,28,0,23,6,0,0,0,0,0,4,,,,,
,,,,,,RO,CEREJEIRAS,14997,3863,0,377,209,1724,239,0,11,16,5490,2116,53,0,388,381,5,8,0,0,6,111,,,,,
,,,,,,RO,CHUPINGUAIA,5090,1285,0,129,45,697,110,0,2,16,2015,476,103,0,123,61,0,0,0,0,2,26,,,,,
,,,,,,RO,COLORADO DO OESTE,14867,3794,0,389,62,1771,269,0,5,26,5998,1846,98,0,365,137,0,10,0,0,3,94,,,,,
,,,,,,RO,CORUMBIARA,5638,1251,0,182,61,758,47,0,0,19,2565,499,37,0,101,92,0,3,0,0,0,23,,,,,
,,,,,,RO,COSTA MARQUES,6183,1229,0,211,12,699,85,0,3,6,2961,780,41,0,97,22,0,3,0,1,0,33,,,,,
,,,,,,RO,CUJUBIM,9624,1770,0,313,67,1152,86,0,18,8,4342,1474,58,0,172,124,0,3,0,0,3,34,,,,,
,,,,,,RO,ESPIGAO D'OESTE,24685,4845,0,730,135,3040,333,0,6,13,10908,3724,187,0,412,201,0,5,0,4,7,135,,,,,
,,,,,,RO,GOVERNADOR JORGE TEIXEIRA,5606,1008,0,100,6,812,51,0,2,8,3096,373,71,0,58,8,0,1,0,0,0,12,,,,,
,,,,,,RO,GUAJARA-MIRIM,21876,5143,0,699,237,2523,444,0,31,26,8158,3527,44,0,363,506,0,34,0,2,17,122,,,,,
,,,,,,RO,ITAPUA DO OESTE,4890,1238,0,286,82,579,72,0,13,13,1687,520,93,0,145,134,0,1,0,1,1,25,,,,,
,,,,,,RO,JARU,48939,10899,0,1194,331,4520,609,0,93,43,20856,8552,237,0,821,500,0,27,0,2,9,246,,,,,
,,,,,,RO,JI-PARANA,120410,32836,0,3156,1119,12258,2515,0,247,119,46081,15853,748,0,2409,2055,1,54,0,9,41,909,,,,,
,,,,,,RO,MACHADINHO D'OESTE,21395,4492,0,488,114,2315,241,0,34,17,10112,2975,68,0,232,193,0,1,0,2,6,105,,,,,
,,,,,,RO,MINISTRO ANDREAZZA,6802,1235,0,241,68,890,74,0,2,6,3365,666,27,0,95,103,0,0,0,0,0,30,,,,,
,,,,,,RO,MIRANTE DA SERRA,8688,1788,0,159,10,726,93,0,7,6,4560,1148,51,0,74,23,0,3,0,0,5,35,,,,,
,,,,,,RO,MONTE NEGRO,9284,1648,0,308,26,1164,99,0,16,14,4338,1322,126,0,142,49,0,8,0,0,1,23,,,,,
,,,,,,RO,NOVA BRASILANDIA D'OESTE,13672,2697,0,268,17,1646,177,0,6,17,6838,1512,162,0,240,25,0,3,0,0,1,63,,,,,
,,,,,,RO,NOVA MAMORE,14309,2867,0,371,65,1996,173,0,8,12,7131,1183,63,0,281,110,0,4,0,0,2,43,,,,,
,,,,,,RO,NOVA UNIAO,4602,942,0,120,8,526,26,0,3,7,2418,458,41,0,25,8,0,0,0,0,3,17,,,,,
,,,,,,RO,NOVO HORIZONTE DO OESTE,6264,1434,0,137,17,789,55,0,5,3,3210,455,30,0,60,30,0,2,0,0,1,36,,,,,
,,,,,,RO,OURO PRETO DO OESTE,33460,7355,0,736,128,3227,533,0,22,41,14764,5596,162,0,437,250,0,10,0,1,5,193,,,,,
,,,,,,RO,PARECIS,2518,536,0,94,5,373,27,0,13,4,1245,146,24,0,29,9,0,1,0,0,1,11,,,,,
,,,,,,RO,PIMENTA BUENO,31983,8129,0,1351,486,3132,676,0,28,44,10477,5481,190,0,925,846,0,19,0,6,10,183,,,,,
,,,,,,RO,PIMENTEIRAS DO OESTE,1504,417,0,83,35,286,22,0,1,5,331,112,41,0,99,61,0,0,0,0,0,11,,,,,
,,,,,,RO,PORTO VELHO,356480,133463,0,9130,1934,35125,10230,0,1662,601,116070,28988,2412,3,8496,3476,11,226,0,18,147,4488,,,,,
,,,,,,RO,PRESIDENTE MEDICI,14996,3648,0,430,386,1695,228,0,27,26,5271,1697,221,0,585,696,0,13,0,0,2,71,,,,,
,,,,,,RO,PRIMAVERA DE RONDONIA,2717,816,0,91,7,460,43,0,1,9,1016,174,20,0,45,14,0,0,0,0,1,20,,,,,
,,,,,,RO,RIO CRESPO,1524,320,0,41,18,222,13,0,3,5,634,132,24,0,55,49,0,1,0,0,1,6,,,,,
,,,,,,RO,ROLIM DE MOURA,57547,14816,0,1265,421,4954,955,0,123,50,23337,9468,190,0,886,665,1,26,0,0,13,377,,,,,
,,,,,,RO,SANTA LUZIA D'OESTE,5759,1312,0,206,21,703,76,0,4,7,2611,589,76,0,86,32,0,3,0,0,1,32,,,,,
,,,,,,RO,SAO FELIPE D'OESTE,4182,1004,0,92,25,537,40,0,0,7,1959,366,50,0,59,27,0,0,0,0,0,16,,,,,
,,,,,,RO,SAO FRANCISCO DO GUAPORE,13039,3054,0,699,71,1646,106,0,7,21,5473,1427,120,0,224,121,0,1,0,0,2,67,,,,,
,,,,,,RO,SAO MIGUEL DO GUAPORE,16225,4152,0,365,70,1618,197,0,79,17,7146,1867,89,0,429,101,0,5,0,1,4,85,,,,,
,,,,,,RO,SERINGUEIRAS,8842,1965,0,264,46,939,79,0,5,12,4386,812,82,0,144,67,0,1,0,1,1,38,,,,,
,,,,,,RO,TEIXEIROPOLIS,3671,738,0,80,9,454,26,0,0,4,1912,346,24,0,44,15,0,0,0,0,0,19,,,,,
,,,,,,RO,THEOBROMA,5362,1380,0,130,8,762,36,0,4,8,2429,421,46,0,88,27,0,1,0,0,2,20,,,,,
,,,,,,RO,URUPA,9551,1778,0,173,23,784,54,0,6,6,5259,1170,161,0,74,30,0,1,0,0,2,30,,,,,
,,,,,,RO,VALE DO ANARI,4803,1097,0,115,8,562,31,0,9,11,2365,469,49,0,49,18,0,2,0,0,3,15,,,,,
,,,,,,RO,VALE DO PARAISO,5206,1132,0,175,10,704,29,0,1,7,2634,430,29,0,34,9,0,0,0,0,2,10,,,,,
,,,,,,RO,VILHENA,91543,28641,0,1820,2602,10403,2279,0,105,100,22677,13602,225,0,3419,4681,1,49,0,5,32,902,,,,,
,,,,,,RR,ALTO ALEGRE,2968,694,0,90,3,359,103,0,6,17,1435,197,25,0,22,8,0,2,0,0,2,5,,,,,
,,,,,,RR,AMAJARI,1208,304,0,61,5,159,42,0,1,8,542,47,7,0,9,19,0,1,0,0,0,3,,,,,
,,,,,,RR,BOA VISTA,269981,94632,0,6102,1637,34705,9622,1,1229,753,85686,23669,1475,0,4010,3066,5,397,0,37,79,2876,,,,,
,,,,,,RR,BONFIM,2026,481,0,56,12,401,57,0,12,8,762,105,27,0,52,36,0,2,0,0,0,15,,,,,
,,,,,,RR,CANTA,2265,592,0,79,14,238,89,0,6,11,993,118,22,0,68,19,0,3,0,0,1,12,,,,,
,,,,,,RR,CARACARAI,4546,1080,0,136,28,365,130,0,18,19,1971,651,21,0,62,43,0,4,0,0,5,13,,,,,
,,,,,,RR,CAROEBE,3845,457,0,188,14,382,86,0,8,13,2270,327,36,0,19,22,0,8,0,1,0,14,,,,,
,,,,,,RR,IRACEMA,1723,421,0,52,13,182,38,0,3,22,736,196,4,0,33,17,0,3,0,0,0,3,,,,,
,,,,,,RR,MUCAJAI,5624,1262,0,160,32,438,146,0,5,48,2735,628,46,0,77,31,0,5,0,0,2,9,,,,,
,,,,,,RR,NORMANDIA,1173,205,0,37,1,122,29,0,2,8,679,60,7,0,10,6,0,4,0,0,0,3,,,,,
,,,,,,RR,PACARAIMA,2801,1299,0,161,12,305,157,0,6,9,644,127,9,0,27,30,0,3,0,0,0,12,,,,,
,,,,,,RR,RORAINOPOLIS,10674,2225,0,418,67,930,188,0,75,40,5387,1030,46,0,112,111,0,1,0,0,9,35,,,,,
,,,,,,RR,SAO JOAO DA BALIZA,2870,419,0,90,4,225,51,0,4,9,1627,378,28,0,17,7,0,5,0,0,1,5,,,,,
,,,,,,RR,SAO LUIZ,2587,425,0,76,11,234,44,0,8,7,1419,299,15,0,24,17,0,4,0,0,1,3,,,,,
,,,,,,RR,UIRAMUTA,154,11,0,10,0,31,2,0,1,2,90,2,1,0,1,1,0,2,0,0,0,0,,,,,
,,,,,,RS,ACEGUA,5212,2690,0,126,116,874,147,0,2,19,713,41,39,0,191,185,0,9,0,8,0,52,,,,,
,,,,,,RS,AGUA SANTA,3378,1557,0,273,63,575,134,0,2,15,518,38,22,0,57,61,0,18,0,3,1,41,,,,,
,,,,,,RS,AGUDO,12956,6909,0,430,155,1548,489,0,3,22,2338,131,85,0,343,281,0,65,0,22,2,133,,,,,
,,,,,,RS,AJURICABA,6891,3329,0,535,113,1100,346,0,1,32,902,58,31,0,142,150,0,29,0,3,1,119,,,,,
,,,,,,RS,ALECRIM,5134,2758,0,154,8,574,178,0,1,14,1199,40,42,0,103,9,0,23,0,1,1,29,,,,,
,,,,,,RS,ALEGRETE,47438,25505,0,1207,462,5315,2204,0,85,85,8014,1394,279,0,1442,724,3,178,0,37,12,492,,,,,
,,,,,,RS,ALEGRIA,2872,1425,0,136,10,346,120,0,0,2,716,24,30,0,19,11,0,6,0,0,0,27,,,,,
,,,,,,RS,ALMIRANTE TAMANDARE DO SUL,1849,900,0,142,16,321,67,0,0,16,272,21,9,0,44,11,0,4,0,3,0,23,,,,,
,,,,,,RS,ALPESTRE,5704,2765,0,238,88,658,149,0,0,25,1323,85,68,0,96,150,0,12,0,2,0,45,,,,,
,,,,,,RS,ALTO ALEGRE,1571,795,0,134,15,258,47,0,0,6,234,16,4,0,22,14,0,11,0,3,0,12,,,,,
,,,,,,RS,ALTO FELIZ,2832,1465,0,150,33,313,102,0,1,16,496,54,18,0,79,33,0,11,0,29,1,31,,,,,
,,,,,,RS,ALVORADA,108750,69896,0,1784,374,4414,4615,0,83,240,20308,2012,582,0,2573,496,2,604,0,86,16,665,,,,,
,,,,,,RS,AMARAL FERRADOR,4400,2231,0,176,22,381,133,0,2,16,1167,79,30,0,99,40,0,5,0,7,0,12,,,,,
,,,,,,RS,AMETISTA DO SUL,6903,3339,0,146,28,849,248,0,2,19,1883,92,52,1,81,45,0,12,0,0,1,105,,,,,
,,,,,,RS,ANDRE DA ROCHA,1012,537,0,79,8,183,49,0,1,19,63,3,10,0,24,6,0,13,0,1,1,15,,,,,
,,,,,,RS,ANTA GORDA,6326,3275,0,339,210,791,207,0,2,28,715,90,21,0,182,324,1,26,0,3,0,112,,,,,
,,,,,,RS,ANTONIO PRADO,12957,6595,0,814,371,1970,760,0,9,29,1044,189,59,0,267,410,0,87,0,11,2,340,,,,,
,,,,,,RS,ARAMBARE,2871,1627,0,88,16,244,88,0,4,8,505,56,20,0,125,24,0,20,0,11,0,35,,,,,
,,,,,,RS,ARARICA,5899,3465,0,157,27,430,224,0,10,12,938,230,22,0,242,31,0,23,0,32,1,55,,,,,
,,,,,,RS,ARATIBA,5732,3153,0,249,27,799,171,0,0,33,924,88,42,0,120,29,0,29,0,1,0,67,,,,,
,,,,,,RS,ARROIO DO MEIO,21063,10687,0,885,181,1770,1039,0,37,76,3345,1373,84,0,827,248,0,99,1,65,3,343,,,,,
,,,,,,RS,ARROIO DO PADRE,2543,1229,0,160,27,274,86,0,2,7,606,19,18,0,58,33,0,3,0,13,0,8,,,,,
,,,,,,RS,ARROIO DO SAL,7425,4344,0,167,16,602,373,0,21,18,952,259,29,0,447,27,2,49,0,12,2,105,,,,,
,,,,,,RS,ARROIO DO TIGRE,9639,5025,0,408,69,1257,374,0,4,25,1747,182,63,0,197,85,1,52,0,4,3,143,,,,,
,,,,,,RS,ARROIO DOS RATOS,9732,5899,0,275,78,693,388,0,11,34,1591,161,95,0,270,109,0,51,0,15,5,57,,,,,
,,,,,,RS,ARROIO GRANDE,14464,7569,0,369,122,1351,540,0,21,41,2862,438,84,0,707,222,0,30,0,17,1,90,,,,,
,,,,,,RS,ARVOREZINHA,10318,5967,0,702,112,1367,376,0,3,44,985,139,63,0,170,160,0,99,0,11,2,118,,,,,
,,,,,,RS,AUGUSTO PESTANA,7177,3351,0,663,102,1160,230,0,4,18,1087,84,47,0,189,123,0,36,0,1,0,82,,,,,
,,,,,,RS,AUREA,3103,1720,0,221,21,457,92,0,0,9,464,21,9,0,18,24,0,15,0,0,1,31,,,,,
,,,,,,RS,BAGE,85662,49223,0,1611,571,7367,3605,0,74,262,15075,2149,420,0,2841,928,8,538,0,36,22,932,,,,,
,,,,,,RS,BALNEARIO PINHAL,6361,4057,0,162,9,361,249,0,6,17,886,120,43,0,344,14,1,32,0,3,2,55,,,,,
,,,,,,RS,BARAO,5558,3147,0,267,44,582,241,0,2,37,723,103,59,0,168,48,0,38,0,12,0,87,,,,,
,,,,,,RS,BARAO DE COTEGIPE,5906,3141,0,351,94,863,185,0,1,16,652,103,21,0,167,138,0,26,0,2,0,146,,,,,
,,,,,,RS,BARAO DO TRIUNFO,4872,2174,0,181,8,500,99,0,1,27,1652,36,102,0,45,12,0,18,0,2,0,15,,,,,
,,,,,,RS,BARRA DO GUARITA,1636,884,0,33,59,111,33,0,1,8,342,53,6,0,23,72,0,4,0,0,0,7,,,,,
,,,,,,RS,BARRA DO QUARAI,2815,1901,0,33,44,291,136,0,2,10,203,21,16,0,81,51,0,3,0,0,1,22,,,,,
,,,,,,RS,BARRA DO RIBEIRO,8376,5029,0,260,46,720,401,0,25,21,1049,117,66,0,406,51,0,63,0,24,3,95,,,,,
,,,,,,RS,BARRA DO RIO AZUL,1291,652,0,58,2,219,32,0,0,10,271,13,10,0,6,1,0,5,0,0,0,12,,,,,
,,,,,,RS,BARRA FUNDA,2508,1163,0,218,62,378,81,0,0,6,324,36,28,0,62,100,0,15,1,2,0,32,,,,,
,,,,,,RS,BARRACAO,3915,2375,0,222,35,572,138,0,0,11,323,26,25,0,48,65,0,18,0,2,0,55,,,,,
,,,,,,RS,BARROS CASSAL,7630,4083,0,263,43,921,206,0,1,42,1684,64,86,0,72,67,0,33,1,14,1,49,,,,,
,,,,,,RS,BENJAMIN CONSTANT DO SUL,1210,686,0,39,9,127,23,0,0,11,244,7,23,0,18,14,0,0,0,0,0,9,,,,,
,,,,,,RS,BENTO GONCALVES,103343,58098,0,3666,1075,8732,6455,0,36,367,12034,5170,406,0,2215,1303,2,841,3,93,11,2836,,,,,
,,,,,,RS,BOA VISTA DAS MISSOES,2016,1003,0,128,51,292,58,0,1,5,264,30,11,0,58,83,0,6,0,1,0,25,,,,,
,,,,,,RS,BOA VISTA DO BURICA,7120,3342,0,369,78,761,274,0,4,14,1506,306,41,0,161,134,0,24,0,5,1,100,,,,,
,,,,,,RS,BOA VISTA DO CADEADO,1815,728,0,204,28,407,47,0,0,9,255,12,21,0,48,34,0,2,0,3,0,17,,,,,
,,,,,,RS,BOA VISTA DO INCRA,2022,974,0,160,26,339,53,0,1,5,316,18,14,0,52,45,0,3,0,3,1,12,,,,,
,,,,,,RS,BOA VISTA DO SUL,2752,1320,0,405,87,354,78,0,1,17,242,42,15,0,45,86,0,14,0,8,1,37,,,,,
,,,,,,RS,BOM JESUS,7684,4481,0,457,69,1125,365,0,2,68,629,21,95,0,183,64,0,42,0,8,0,75,,,,,
,,,,,,RS,BOM PRINCIPIO,12903,7211,0,602,141,1269,673,0,8,39,1529,278,70,0,560,170,0,60,0,39,0,254,,,,,
,,,,,,RS,BOM PROGRESSO,1785,925,0,71,6,157,63,0,0,12,455,30,7,0,30,6,0,13,0,0,0,10,,,,,
,,,,,,RS,BOM RETIRO DO SUL,10740,6103,0,277,68,742,419,0,26,23,2002,415,58,0,342,90,0,67,0,11,1,96,,,,,
,,,,,,RS,BOQUEIRAO DO LEAO,5803,3024,0,219,10,620,150,0,1,23,1451,74,25,0,100,15,0,23,1,18,0,49,,,,,
,,,,,,RS,BOSSOROCA,4056,2130,0,291,36,639,126,0,9,16,518,52,19,0,133,36,0,13,0,2,2,34,,,,,
,,,,,,RS,BOZANO,1855,805,0,216,21,371,57,0,1,10,261,18,7,0,39,34,0,3,0,2,0,10,,,,,
,,,,,,RS,BRAGA,2680,1411,0,139,20,213,64,0,3,6,643,80,24,0,33,24,0,12,0,0,0,8,,,,,
,,,,,,RS,BROCHIER,5271,2556,0,386,33,432,137,0,3,15,1187,211,36,0,169,32,0,30,0,2,0,42,,,,,
,,,,,,RS,BUTIA,13966,8177,0,458,245,917,666,0,26,54,1907,413,165,0,427,341,0,49,0,30,2,89,,,,,
,,,,,,RS,CACAPAVA DO SUL,25529,14698,0,936,304,2867,985,0,173,101,3309,285,239,0,904,415,1,104,1,22,4,181,,,,,
,,,,,,RS,CACEQUI,6431,3682,0,227,52,710,244,0,8,21,911,102,38,0,276,89,0,19,0,6,3,43,,,,,
,,,,,,RS,CACHOEIRA DO SUL,61994,36027,0,1538,385,5394,2594,0,53,169,9287,2143,252,1,2450,530,1,434,0,76,9,651,,,,,
,,,,,,RS,CACHOEIRINHA,99404,62716,0,2542,738,5525,4992,0,131,249,13722,2153,538,1,3145,789,0,738,0,80,9,1336,,,,,
,,,,,,RS,CACIQUE DOBLE,3245,1776,0,161,56,523,88,0,0,11,389,26,19,0,55,86,0,18,0,0,0,37,,,,,
,,,,,,RS,CAIBATE,4307,2260,0,201,127,668,86,0,0,9,571,84,13,0,108,126,0,11,0,2,0,41,,,,,
,,,,,,RS,CAICARA,4146,1878,0,162,45,449,103,0,0,10,1177,141,22,0,61,54,0,8,0,0,1,35,,,,,
,,,,,,RS,CAMAQUA,52802,27510,0,1689,748,4454,1823,0,109,77,10358,2547,304,0,1465,849,9,212,1,50,18,579,,,,,
,,,,,,RS,CAMARGO,2881,1499,0,255,60,478,90,0,1,9,249,28,22,0,63,85,0,12,0,0,0,30,,,,,
,,,,,,RS,CAMBARA DO SUL,4266,2341,0,297,50,605,198,0,1,13,352,30,54,0,160,79,0,24,0,3,0,59,,,,,
,,,,,,RS,CAMPESTRE DA SERRA,2524,1180,0,241,88,434,99,0,1,8,225,29,12,0,57,124,0,8,1,1,0,16,,,,,
,,,,,,RS,CAMPINA DAS MISSOES,5364,2645,0,236,42,601,219,0,7,11,1193,74,50,0,147,47,0,20,0,3,0,69,,,,,
,,,,,,RS,CAMPINAS DO SUL,4769,2636,0,273,87,678,161,0,1,21,507,85,20,0,99,86,0,24,0,0,1,90,,,,,
,,,,,,RS,CAMPO BOM,50663,30288,0,982,202,2620,2576,0,141,110,7608,2801,94,0,1611,284,1,312,7,67,5,954,,,,,
,,,,,,RS,CAMPO NOVO,4524,2513,0,253,77,487,138,0,6,17,649,86,30,0,82,108,0,25,0,4,2,47,,,,,
,,,,,,RS,CAMPOS BORGES,3322,1714,0,228,39,498,102,0,0,12,492,49,21,0,65,64,0,19,0,2,0,17,,,,,
,,,,,,RS,CANDELARIA,22699,12273,0,658,137,2168,890,0,10,54,4579,582,151,0,623,186,1,107,0,16,3,261,,,,,
,,,,,,RS,CANDIDO GODOI,6418,3021,0,436,48,839,295,0,3,15,1361,93,24,0,118,56,0,22,0,4,0,83,,,,,
,,,,,,RS,CANDIOTA,8149,4664,0,275,66,892,265,1,5,52,1129,88,87,0,432,79,0,46,0,10,5,53,,,,,
,,,,,,RS,CANELA,38156,24292,0,756,92,3092,2514,0,32,143,3995,762,128,1,1149,120,0,254,0,29,8,789,,,,,
,,,,,,RS,CANGUCU,47890,23771,0,1808,485,4465,1223,0,30,166,12527,604,305,0,1250,815,0,140,0,50,6,245,,,,,
,,,,,,RS,CANOAS,250395,157708,0,4967,3349,12360,13002,0,332,585,33254,5531,1112,1,7783,4479,2,1381,5,295,50,4199,,,,,
,,,,,,RS,CANUDOS DO VALE,1260,636,0,44,6,154,54,0,3,12,277,11,9,0,25,4,0,4,0,11,0,10,,,,,
,,,,,,RS,CAPAO BONITO DO SUL,1167,618,0,94,10,237,36,0,1,7,104,3,4,0,23,7,0,4,0,0,0,19,,,,,
,,,,,,RS,CAPAO DA CANOA,47028,25512,0,701,92,3187,2502,0,164,89,7384,3313,133,2,2440,131,1,274,0,37,19,1047,,,,,
,,,,,,RS,CAPAO DO CIPO,2444,1048,0,199,40,406,53,0,6,9,488,12,15,0,86,58,0,4,0,4,0,16,,,,,
,,,,,,RS,CAPAO DO LEAO,19291,9734,0,596,566,1079,491,0,44,26,4350,459,51,0,978,708,0,87,0,37,3,82,,,,,
,,,,,,RS,CAPELA DE SANTANA,6925,4233,0,245,63,482,216,0,14,17,991,118,29,0,345,70,0,46,0,8,3,45,,,,,
,,,,,,RS,CAPITAO,2607,1306,0,130,13,255,77,0,0,9,598,97,11,0,53,18,0,14,0,9,0,17,,,,,
,,,,,,RS,CAPIVARI DO SUL,3954,1861,0,223,167,519,138,0,1,22,356,42,26,0,328,136,0,24,1,25,0,85,,,,,
,,,,,,RS,CARAA,4452,2442,0,140,4,505,128,0,6,25,945,61,33,0,94,5,0,16,0,16,6,26,,,,,
,,,,,,RS,CARAZINHO,52699,28735,0,1526,792,4892,2628,0,19,137,7436,2283,215,1,1397,1560,1,344,0,18,11,704,,,,,
,,,,,,RS,CARLOS BARBOSA,26602,14870,0,1008,319,2634,1587,0,35,72,2934,1055,183,0,656,336,0,143,1,46,3,720,,,,,
,,,,,,RS,CARLOS GOMES,1035,582,0,71,6,141,28,0,0,13,165,3,10,0,5,4,0,3,0,1,0,3,,,,,
,,,,,,RS,CASCA,9690,5237,0,613,278,1346,459,0,3,22,750,80,44,0,200,314,0,85,3,13,1,242,,,,,
,,,,,,RS,CASEIROS,2898,1606,0,218,34,479,75,0,1,10,293,10,21,0,65,47,0,18,0,2,0,19,,,,,
,,,,,,RS,CATUIPE,7943,4038,0,547,101,1061,239,0,5,25,1386,160,41,0,143,96,0,32,0,1,1,67,,,,,
,,,,,,RS,CAXIAS DO SUL,386214,236891,0,9404,3151,29317,24079,0,406,1508,42621,8098,1879,8,10625,4668,2,3130,1,304,75,10047,,,,,
,,,,,,RS,CENTENARIO,2354,1281,0,156,18,415,74,0,1,13,305,8,14,0,22,19,0,5,0,1,0,22,,,,,
,,,,,,RS,CERRITO,4436,2131,0,200,76,366,118,0,4,18,1079,80,25,0,156,127,0,23,0,9,0,24,,,,,
,,,,,,RS,CERRO BRANCO,3096,1644,0,89,27,294,90,0,3,9,699,50,61,0,68,27,0,13,0,4,1,17,,,,,
,,,,,,RS,CERRO GRANDE,2014,1073,0,69,19,193,44,0,2,4,482,50,16,0,17,23,0,5,0,0,0,17,,,,,
,,,,,,RS,CERRO GRANDE DO SUL,9383,4264,0,394,66,783,130,0,5,21,3248,149,37,0,143,72,0,28,0,4,1,38,,,,,
,,,,,,RS,CERRO LARGO,12787,6611,0,478,371,1280,556,0,10,14,2098,330,51,0,384,327,0,78,0,10,0,189,,,,,
,,,,,,RS,CHAPADA,9826,4993,0,584,184,1292,406,0,1,69,1458,156,51,0,150,336,0,34,0,0,1,111,,,,,
,,,,,,RS,CHARQUEADAS,22933,14180,0,481,179,1219,1016,0,20,97,3213,511,257,0,1127,239,0,142,1,48,7,196,,,,,
,,,,,,RS,CHARRUA,1763,946,0,136,4,277,59,0,0,9,255,19,15,0,16,10,0,6,0,0,0,11,,,,,
,,,,,,RS,CHIAPETTA,3380,1895,0,215,54,471,121,0,3,16,367,43,15,0,48,86,0,11,0,3,0,32,,,,,
,,,,,,RS,CHUI,8957,5741,0,120,237,656,530,0,6,26,619,150,12,0,341,234,0,38,0,1,0,246,,,,,
,,,,,,RS,CHUVISCA,4103,2062,0,190,53,460,82,0,2,6,978,51,39,0,71,68,0,16,0,3,0,22,,,,,
,,,,,,RS,CIDREIRA,8154,5114,0,124,5,519,383,0,13,20,1227,164,38,0,405,10,0,49,0,2,7,74,,,,,
,,,,,,RS,CIRIACO,4426,2640,0,213,30,530,143,0,0,13,549,69,27,0,76,36,0,56,0,3,0,41,,,,,
,,,,,,RS,COLINAS,2399,1267,0,79,30,208,104,0,3,9,400,76,13,0,102,40,0,15,0,17,0,36,,,,,
,,,,,,RS,COLORADO,3335,1591,0,314,40,650,139,0,1,17,374,41,10,0,65,43,0,22,0,0,2,26,,,,,
,,,,,,RS,CONDOR,6266,3260,0,379,76,925,330,0,1,37,732,73,49,0,143,117,0,41,0,8,3,92,,,,,
,,,,,,RS,CONSTANTINA,9248,5236,0,550,57,1108,368,0,5,23,1059,233,91,0,210,95,0,35,0,8,1,169,,,,,
,,,,,,RS,COQUEIRO BAIXO,959,536,0,31,0,132,26,0,2,8,158,26,2,0,12,0,0,3,1,12,0,10,,,,,
,,,,,,RS,COQUEIROS DO SUL,2093,1009,0,167,16,332,62,0,0,16,404,16,11,0,22,14,0,13,0,1,0,10,,,,,
,,,,,,RS,CORONEL BARROS,2358,1193,0,191,25,375,99,0,0,1,298,28,8,0,75,34,0,6,0,1,0,24,,,,,
,,,,,,RS,CORONEL BICACO,5745,3208,0,341,55,673,143,0,2,17,848,142,45,0,130,71,0,25,0,2,1,42,,,,,
,,,,,,RS,CORONEL PILAR,1304,601,0,229,14,231,41,0,0,7,92,10,10,1,28,12,0,3,0,4,0,21,,,,,
,,,,,,RS,COTIPORA,3578,1807,0,349,12,616,141,0,3,8,348,66,25,0,68,14,0,33,0,5,0,83,,,,,
,,,,,,RS,COXILHA,2751,1444,0,182,86,449,100,0,0,5,222,17,16,0,72,99,0,16,0,6,0,37,,,,,
,,,,,,RS,CRISSIUMAL,12334,5766,0,486,62,1094,508,0,30,26,3490,306,71,0,211,69,0,57,0,10,2,146,,,,,
,,,,,,RS,CRISTAL,5863,3091,0,257,149,528,182,0,3,13,1030,86,75,0,184,177,1,22,0,14,5,46,,,,,
,,,,,,RS,CRISTAL DO SUL,2229,1122,0,84,18,219,50,0,0,18,599,42,21,0,24,19,0,1,0,0,0,12,,,,,
,,,,,,RS,CRUZ ALTA,47440,26401,0,1441,538,4756,2106,0,70,142,7728,1165,192,0,1184,766,3,301,0,21,20,606,,,,,
,,,,,,RS,CRUZALTENSE,1619,777,0,105,9,274,37,0,0,10,324,14,10,0,26,13,0,4,0,0,0,16,,,,,
,,,,,,RS,CRUZEIRO DO SUL,12409,6105,0,781,225,1019,481,0,17,18,2056,595,40,0,562,245,0,70,0,35,3,157,,,,,
,,,,,,RS,DAVID CANABARRO,4473,2368,0,231,47,654,151,0,2,13,697,51,23,0,61,59,0,41,0,1,0,74,,,,,
,,,,,,RS,DERRUBADAS,2203,975,0,182,3,263,73,0,0,7,618,28,16,0,14,5,0,7,0,1,0,11,,,,,
,,,,,,RS,DEZESSEIS DE NOVEMBRO,2062,987,0,80,22,292,54,0,0,6,497,35,11,0,41,21,0,9,0,0,0,7,,,,,
,,,,,,RS,DILERMANDO DE AGUIAR,1579,780,0,71,13,208,57,0,1,1,301,15,31,0,60,16,0,6,0,11,0,8,,,,,
,,,,,,RS,DOIS IRMAOS,23792,14583,0,551,138,1665,1498,0,29,33,2710,588,159,0,868,151,0,77,0,38,3,701,,,,,
,,,,,,RS,DOIS IRMAOS DAS MISSOES,1615,802,0,118,31,238,56,0,0,8,239,16,7,0,35,51,0,3,0,0,0,11,,,,,
,,,,,,RS,DOIS LAJEADOS,2948,1695,0,185,44,362,114,0,0,10,295,44,20,0,74,36,1,25,0,0,2,41,,,,,
,,,,,,RS,DOM FELICIANO,10564,5584,0,365,37,1044,245,0,3,29,2725,141,131,1,141,33,0,20,0,6,1,58,,,,,
,,,,,,RS,DOM PEDRITO,30153,14066,0,800,351,3914,1362,0,310,62,5811,1414,82,0,897,514,5,154,0,10,15,386,,,,,
,,,,,,RS,DOM PEDRO DE ALCANTARA,1790,808,0,134,5,153,45,0,2,4,482,76,8,0,50,5,0,8,0,1,0,9,,,,,
,,,,,,RS,DONA FRANCISCA,2209,1185,0,49,24,260,66,0,0,3,499,25,11,0,38,29,0,10,0,1,0,9,,,,,
,,,,,,RS,DOUTOR MAURICIO CARDOSO,4134,2119,0,278,19,507,161,0,2,12,750,66,21,0,101,31,0,16,0,1,0,50,,,,,
,,,,,,RS,DOUTOR RICARDO,1733,1002,0,98,10,232,40,0,0,8,238,27,9,0,25,19,0,4,0,8,0,13,,,,,
,,,,,,RS,ELDORADO DO SUL,26147,14933,0,805,702,1546,1178,0,42,64,4167,340,102,0,918,858,0,81,1,50,5,355,,,,,
,,,,,,RS,ENCANTADO,21900,11661,0,790,237,2120,1080,0,27,82,3018,1165,139,0,560,309,0,220,0,37,3,452,,,,,
,,,,,,RS,ENCRUZILHADA DO SUL,18326,9926,0,544,218,1814,689,0,16,54,3102,401,263,0,639,435,0,77,0,24,7,117,,,,,
,,,,,,RS,ENGENHO VELHO,891,512,0,50,3,109,40,0,0,5,118,9,12,0,11,8,0,3,0,0,0,11,,,,,
,,,,,,RS,ENTRE IJUIS,8896,4598,0,505,211,1139,310,0,3,7,1319,137,27,0,275,245,0,43,0,4,0,73,,,,,
,,,,,,RS,ENTRE RIOS DO SUL,1781,1070,0,73,6,234,77,0,1,19,184,18,15,0,54,10,0,2,0,0,1,17,,,,,
,,,,,,RS,EREBANGO,2308,1406,0,151,19,285,74,0,0,3,241,31,6,0,28,31,0,13,0,0,0,20,,,,,
,,,,,,RS,ERECHIM,98091,54271,0,2723,1338,9540,4926,0,68,363,12343,4932,632,0,1948,2215,1,515,0,19,7,2250,,,,,
,,,,,,RS,ERNESTINA,3310,1623,0,227,50,509,119,0,0,27,397,29,19,0,158,83,0,41,0,1,1,26,,,,,
,,,,,,RS,ERVAL GRANDE,3581,1694,0,215,40,553,75,0,1,30,649,70,72,0,71,65,0,3,0,2,0,41,,,,,
,,,,,,RS,ERVAL SECO,5434,3138,0,239,21,584,169,0,0,16,965,70,46,0,89,38,0,13,0,0,1,45,,,,,
,,,,,,RS,ESMERALDA,2483,1459,0,146,19,444,108,0,0,6,156,5,20,0,58,21,0,16,0,0,0,25,,,,,
,,,,,,RS,ESPERANCA DO SUL,2383,1144,0,87,11,221,76,0,1,10,697,43,29,0,24,19,0,9,0,1,0,11,,,,,
,,,,,,RS,ESPUMOSO,15478,7816,0,978,196,2328,673,0,10,36,2021,411,108,0,363,258,1,93,0,13,5,168,,,,,
,,,,,,RS,ESTACAO,5617,3241,0,286,94,741,202,0,1,12,452,153,40,0,127,117,0,46,0,1,2,102,,,,,
,,,,,,RS,ESTANCIA VELHA,40186,24439,0,1263,153,2322,2152,0,56,94,5354,1101,135,0,1553,271,0,287,3,196,4,803,,,,,
,,,,,,RS,ESTEIO,53913,34544,0,1146,591,2612,2694,0,158,158,6263,1162,226,1,2382,826,1,340,1,43,11,754,,,,,
,,,,,,RS,ESTRELA,32891,16464,0,1477,1320,2593,1487,0,40,73,4171,1200,71,0,1398,1701,2,234,3,70,5,582,,,,,
,,,,,,RS,ESTRELA VELHA,2791,1416,0,193,40,422,94,0,0,8,403,15,32,0,59,68,0,8,0,5,0,28,,,,,
,,,,,,RS,EUGENIO DE CASTRO,2452,1306,0,155,34,362,64,0,0,12,319,20,20,0,100,38,0,6,0,1,0,15,,,,,
,,,,,,RS,FAGUNDES VARELA,2469,1280,0,162,23,395,111,0,3,8,284,32,14,0,50,24,0,28,0,3,0,52,,,,,
,,,,,,RS,FARROUPILHA,61229,36713,0,2767,886,5087,3759,0,94,289,5556,1210,357,1,1436,918,0,465,2,49,20,1620,,,,,
,,,,,,RS,FAXINAL DO SOTURNO,5398,2886,0,233,47,748,195,0,14,4,839,79,23,0,166,58,0,23,0,13,2,68,,,,,
,,,,,,RS,FAXINALZINHO,1489,875,0,78,16,199,48,0,0,6,191,10,12,0,24,21,0,4,0,0,0,5,,,,,
,,,,,,RS,FAZENDA VILANOVA,3902,2018,0,210,62,331,125,0,5,14,730,84,32,0,160,78,0,13,0,13,0,27,,,,,
,,,,,,RS,FELIZ,12779,6931,0,551,165,1221,665,0,11,29,1772,347,92,0,450,194,0,63,0,34,0,254,,,,,
,,,,,,RS,FLORES DA CUNHA,30329,16356,0,1839,976,3314,1729,0,24,113,2349,428,185,1,837,1035,0,215,0,37,2,889,,,,,
,,,,,,RS,FLORIANO PEIXOTO,1544,805,0,97,3,226,61,0,0,11,277,7,25,0,16,5,0,8,0,0,0,3,,,,,
,,,,,,RS,FONTOURA XAVIER,7834,4674,0,283,146,859,271,0,1,33,1115,33,67,0,75,196,0,28,0,10,1,42,,,,,
,,,,,,RS,FORMIGUEIRO,4754,2607,0,220,38,543,114,0,7,8,850,61,23,0,177,59,0,18,0,5,0,24,,,,,
,,,,,,RS,FORQUETINHA,2064,954,0,104,17,237,61,0,5,9,444,70,12,0,78,8,0,6,0,26,0,33,,,,,
,,,,,,RS,FORTALEZA DOS VALOS,3999,1961,0,300,26,762,200,0,1,12,469,37,21,0,107,28,0,18,0,0,0,57,,,,,
,,,,,,RS,FREDERICO WESTPHALEN,29256,15349,0,1045,362,3046,1417,0,8,54,4546,1565,139,0,651,425,1,58,0,5,4,581,,,,,
,,,,,,RS,GARIBALDI,33794,17869,0,1829,1035,3329,1821,0,39,117,3199,1067,125,0,944,1176,0,262,0,41,2,939,,,,,
,,,,,,RS,GARRUCHOS,1497,700,0,81,6,205,49,0,0,8,341,17,16,0,53,8,0,5,0,0,0,8,,,,,
,,,,,,RS,GAURAMA,5410,2929,0,284,34,739,225,0,3,32,785,113,20,0,100,44,0,33,0,0,0,69,,,,,
,,,,,,RS,GENERAL CAMARA,5106,2959,0,143,27,433,178,0,6,16,844,113,34,0,249,39,0,27,0,11,3,24,,,,,
,,,,,,RS,GENTIL,1509,763,0,132,11,246,59,0,0,11,188,7,24,0,18,14,0,12,0,0,0,24,,,,,
,,,,,,RS,GETULIO VARGAS,15599,9064,0,646,350,1668,693,0,9,55,1447,445,77,0,299,378,0,105,0,2,8,353,,,,,
,,,,,,RS,GIRUA,13597,7566,0,737,299,1693,492,0,9,69,1520,239,50,0,346,376,0,75,0,6,1,119,,,,,
,,,,,,RS,GLORINHA,6493,3702,0,312,85,640,247,0,6,18,821,108,19,0,321,102,0,26,0,22,0,64,,,,,
,,,,,,RS,GRAMADO,35567,21255,0,775,87,3261,2495,0,55,141,3574,935,168,1,1179,102,4,302,0,43,22,1168,,,,,
,,,,,,RS,GRAMADO DOS LOUREIROS,1386,861,0,60,9,183,34,0,1,8,161,10,20,0,22,11,0,3,0,0,0,3,,,,,
,,,,,,RS,GRAMADO XAVIER,2726,1326,0,102,5,304,97,0,0,14,766,18,11,0,44,8,0,12,0,3,0,16,,,,,
,,,,,,RS,GRAVATAI,197701,127426,0,4053,1108,11021,9079,0,270,562,26337,4746,740,2,7013,1288,0,1007,0,238,40,2771,,,,,
,,,,,,RS,GUABIJU,1273,664,0,74,25,247,49,0,0,6,98,6,10,0,26,34,0,10,0,0,0,24,,,,,
,,,,,,RS,GUAIBA,65180,40980,0,1218,785,3939,2990,0,151,223,8892,886,381,0,2271,1205,2,381,1,159,10,706,,,,,
,,,,,,RS,GUAPORE,22064,13988,0,622,159,2388,1171,0,18,60,1742,521,74,0,411,170,0,135,0,31,2,572,,,,,
,,,,,,RS,GUARANI DAS MISSOES,6531,3386,0,403,198,769,273,0,2,12,900,110,43,0,171,193,1,21,0,12,0,37,,,,,
,,,,,,RS,HARMONIA,4745,2615,0,274,43,489,148,0,5,14,666,136,7,0,190,51,0,23,0,19,0,65,,,,,
,,,,,,RS,HERVAL,4942,2659,0,160,33,553,218,0,7,12,903,33,24,0,242,58,0,13,0,8,1,18,,,,,
,,,,,,RS,HERVEIRAS,1815,987,0,104,1,216,53,0,0,4,397,8,2,0,22,4,0,5,0,0,1,11,,,,,
,,,,,,RS,HORIZONTINA,18927,9860,0,481,485,1654,924,0,43,43,2792,914,71,0,593,613,0,115,0,1,1,337,,,,,
,,,,,,RS,HULHA NEGRA,3720,1977,0,142,11,442,108,0,1,10,790,21,30,0,143,19,0,9,0,0,0,17,,,,,
,,,,,,RS,HUMAITA,4348,2189,0,228,28,501,207,0,4,16,830,103,19,0,84,28,0,16,0,1,1,93,,,,,
,,,,,,RS,IBARAMA,3243,1759,0,131,18,416,76,0,0,8,682,15,19,0,53,27,0,14,0,4,1,20,,,,,
,,,,,,RS,IBIACA,4156,2116,0,323,31,797,157,0,0,18,382,68,40,0,93,33,0,30,0,4,0,64,,,,,
,,,,,,RS,IBIRAIARAS,7007,3309,0,569,140,1304,271,0,4,19,720,37,48,0,149,249,0,42,0,3,0,143,,,,,
,,,,,,RS,IBIRAPUITA,3404,2079,0,183,19,428,94,0,1,15,386,23,52,0,51,24,0,35,0,3,0,11,,,,,
,,,,,,RS,IBIRUBA,20591,10730,0,1253,436,3098,1061,0,11,85,1949,372,108,0,510,555,0,154,0,7,3,259,,,,,
,,,,,,RS,IGREJINHA,29350,16720,0,782,118,1845,1336,0,119,64,4732,1646,111,0,979,141,0,209,0,30,20,498,,,,,
,,,,,,RS,IJUI,73389,38606,0,2305,1581,7698,3607,0,95,199,11031,3337,154,0,1757,1534,1,330,0,13,3,1138,,,,,
,,,,,,RS,ILOPOLIS,3859,2045,0,289,34,705,170,0,1,25,331,53,14,0,65,46,0,28,0,5,1,47,,,,,
,,,,,,RS,IMBE,18971,11272,0,391,36,1262,937,0,35,34,2662,863,89,1,940,50,0,102,0,24,10,263,,,,,
,,,,,,RS,IMIGRANTE,2618,1379,0,125,26,278,140,0,3,15,384,74,18,0,76,21,0,24,0,7,0,48,,,,,
,,,,,,RS,INDEPENDENCIA,5983,3311,0,401,50,723,214,0,2,12,870,103,58,0,99,60,0,20,0,2,0,58,,,,,
,,,,,,RS,INHACORA,1631,923,0,88,18,194,41,0,0,9,285,8,10,0,23,14,0,7,0,2,0,9,,,,,
,,,,,,RS,IPE,5465,2858,0,395,57,1014,252,0,0,32,460,45,37,1,107,57,0,50,0,11,1,88,,,,,
,,,,,,RS,IPIRANGA DO SUL,1910,898,0,182,19,326,78,0,1,9,242,24,17,0,39,28,0,20,0,3,0,24,,,,,
,,,,,,RS,IRAI,5680,2916,0,198,78,531,216,0,3,12,1174,192,29,0,150,127,0,8,0,1,3,42,,,,,
,,,,,,RS,ITAARA,4024,2277,0,169,40,427,226,0,2,10,504,50,29,0,147,43,0,21,0,20,3,56,,,,,
,,,,,,RS,ITACURUBI,2065,1077,0,87,21,253,56,0,4,17,438,16,13,0,45,26,1,1,0,2,0,8,,,,,
,,,,,,RS,ITAPUCA,1629,944,0,98,6,237,40,0,0,14,224,11,9,0,17,9,0,16,0,0,0,4,,,,,
,,,,,,RS,ITAQUI,23739,11728,0,702,666,2343,796,0,25,54,4495,897,151,1,713,809,1,85,0,20,12,241,,,,,
,,,,,,RS,ITATI,2056,967,0,100,36,233,64,0,2,8,401,47,14,0,125,36,0,11,0,1,0,11,,,,,
,,,,,,RS,ITATIBA DO SUL,2302,1204,0,96,10,277,92,0,0,18,498,18,15,0,25,16,0,17,0,0,0,16,,,,,
,,,,,,RS,IVORA,1387,688,0,99,6,271,38,0,0,5,206,10,9,0,30,7,0,5,0,4,1,8,,,,,
,,,,,,RS,IVOTI,19233,11528,0,654,117,1369,1223,0,15,62,1983,413,151,0,811,147,0,109,0,16,10,625,,,,,
,,,,,,RS,JABOTICABA,3077,1515,0,128,22,354,78,0,2,7,740,71,38,0,51,33,0,10,0,0,0,28,,,,,
,,,,,,RS,JACUIZINHO,1756,883,0,100,8,258,38,0,0,8,365,18,27,0,33,9,0,2,0,0,0,7,,,,,
,,,,,,RS,JACUTINGA,3468,1972,0,182,27,577,125,0,0,12,348,57,15,0,55,39,0,15,0,1,0,43,,,,,
,,,,,,RS,JAGUARAO,25063,14358,0,389,587,2155,1322,0,32,36,3348,761,93,0,797,709,4,113,0,13,8,338,,,,,
,,,,,,RS,JAGUARI,8561,4287,0,403,40,1393,320,0,17,42,1453,111,56,0,307,50,0,23,0,5,1,53,,,,,
,,,,,,RS,JAQUIRANA,2847,1638,0,215,36,435,112,0,2,20,186,9,28,0,75,35,0,18,0,5,1,32,,,,,
,,,,,,RS,JARI,2564,1212,0,148,12,360,84,0,2,20,598,15,16,0,58,15,0,3,0,1,0,20,,,,,
,,,,,,RS,JOIA,6399,3149,0,446,60,891,158,0,4,31,1238,42,72,0,135,90,0,23,0,5,0,55,,,,,
,,,,,,RS,JULIO DE CASTILHOS,15219,7672,0,837,404,2358,648,0,13,51,1625,201,84,0,457,627,0,47,1,21,4,169,,,,,
,,,,,,RS,LAGOA BONITA DO SUL,1956,1079,0,91,11,253,43,0,1,17,389,3,16,0,19,15,0,6,0,2,0,11,,,,,
,,,,,,RS,LAGOA DOS TRES CANTOS,1643,762,0,137,11,302,96,0,0,4,196,27,12,0,66,13,0,7,0,0,0,10,,,,,
,,,,,,RS,LAGOA VERMELHA,23143,14257,0,840,153,3096,1088,0,23,76,2062,267,89,0,447,211,0,127,0,3,2,402,,,,,
,,,,,,RS,LAGOAO,3862,1959,0,145,6,510,157,0,1,18,915,22,58,0,25,4,0,15,0,2,0,25,,,,,
,,,,,,RS,LAJEADO,87936,46738,0,2657,1283,6720,5351,0,219,220,11382,5100,316,0,2788,1858,1,506,4,166,24,2603,,,,,
,,,,,,RS,LAJEADO DO BUGRE,1591,980,0,43,9,111,21,0,0,12,338,28,16,0,15,9,0,2,0,2,0,5,,,,,
,,,,,,RS,LAVRAS DO SUL,4612,2569,0,145,18,668,194,0,4,17,663,23,38,0,161,32,0,36,0,6,0,38,,,,,
,,,,,,RS,LIBERATO SALZANO,3742,1907,0,210,33,404,82,0,1,9,868,76,37,0,24,49,0,12,0,3,1,26,,,,,
,,,,,,RS,LINDOLFO COLLOR,4525,2815,0,160,27,284,208,0,2,11,602,95,21,0,189,30,0,24,0,8,0,49,,,,,
,,,,,,RS,LINHA NOVA,1422,778,0,94,6,163,54,0,0,6,222,31,5,0,33,7,0,5,0,4,0,14,,,,,
,,,,,,RS,MACAMBARA,1658,819,0,58,39,241,47,0,3,7,275,12,50,0,50,38,0,5,0,4,1,9,,,,,
,,,,,,RS,MACHADINHO,4374,2390,0,185,38,597,156,0,2,21,668,99,27,0,63,67,0,15,0,1,0,45,,,,,
,,,,,,RS,MAMPITUBA,874,359,0,33,1,80,26,0,1,6,338,9,7,0,9,1,0,1,0,0,0,3,,,,,
,,,,,,RS,MANOEL VIANA,5051,2642,0,243,100,696,180,0,3,11,621,63,25,0,254,139,1,14,0,4,0,55,,,,,
,,,,,,RS,MAQUINE,5788,3043,0,332,52,549,233,0,6,17,943,146,32,0,312,50,0,26,0,5,1,41,,,,,
,,,,,,RS,MARATA,2447,1167,0,178,7,240,83,0,2,10,511,120,18,0,70,9,0,10,0,8,0,14,,,,,
,,,,,,RS,MARAU,39760,22681,0,1506,659,4690,2075,0,19,149,3936,1094,216,0,860,810,0,255,0,49,3,758,,,,,
,,,,,,RS,MARCELINO RAMOS,3350,1840,0,166,55,403,117,0,0,27,492,49,28,0,60,62,0,14,0,1,0,36,,,,,
,,,,,,RS,MARIANA PIMENTEL,3319,1825,0,170,7,329,89,0,1,12,703,19,36,0,86,8,0,15,0,3,0,16,,,,,
,,,,,,RS,MARIANO MORO,1748,999,0,102,45,229,36,0,0,12,193,6,7,0,34,68,0,3,0,0,0,14,,,,,
,,,,,,RS,MARQUES DE SOUZA,3311,1597,0,164,27,346,123,0,6,10,661,108,18,0,110,52,0,19,1,27,0,42,,,,,
,,,,,,RS,MATA,3442,1736,0,125,53,447,92,0,3,10,702,26,26,0,114,80,0,13,0,0,0,15,,,,,
,,,,,,RS,MATO CASTELHANO,2198,993,0,175,26,395,87,0,1,16,339,12,18,0,61,37,0,11,0,2,0,25,,,,,
,,,,,,RS,MATO LEITAO,4542,2207,0,217,115,347,181,0,1,16,833,166,19,0,162,186,0,25,0,11,1,55,,,,,
,,,,,,RS,MATO QUEIMADO,1701,738,0,121,41,229,32,0,0,10,354,68,9,0,37,45,0,5,0,2,0,10,,,,,
,,,,,,RS,MAXIMILIANO DE ALMEIDA,4468,2392,0,232,142,489,134,0,1,15,546,66,46,0,113,252,0,10,0,2,0,28,,,,,
,,,,,,RS,MINAS DO LEAO,5184,3325,0,129,63,387,190,0,4,34,582,71,57,0,191,96,0,27,0,5,0,23,,,,,
,,,,,,RS,MIRAGUAI,4331,2254,0,181,56,360,108,0,4,19,1045,109,30,0,57,79,0,7,0,1,0,21,,,,,
,,,,,,RS,MONTAURI,1629,783,0,126,78,295,47,0,1,7,135,7,7,0,27,77,0,9,0,0,1,29,,,,,
,,,,,,RS,MONTE ALEGRE DOS CAMPOS,1956,935,0,158,7,322,70,0,0,7,366,4,37,0,33,6,0,1,0,5,0,5,,,,,
,,,,,,RS,MONTE BELO DO SUL,2431,1186,0,323,26,317,104,0,1,6,263,57,27,0,47,36,0,16,0,2,0,20,,,,,
,,,,,,RS,MONTENEGRO,55364,31183,0,1676,437,3542,2351,0,92,157,8558,2839,200,0,2469,537,1,494,1,128,13,686,,,,,
,,,,,,RS,MORMACO,2061,1128,0,135,14,311,69,0,0,11,277,19,16,0,42,21,0,6,0,2,0,10,,,,,
,,,,,,RS,MORRINHOS DO SUL,2439,948,0,193,42,177,59,0,0,3,739,90,4,0,100,53,0,9,0,4,1,17,,,,,
,,,,,,RS,MORRO REDONDO,6496,3118,0,295,47,524,159,0,9,10,1711,181,29,0,260,94,0,26,0,5,0,28,,,,,
,,,,,,RS,MORRO REUTER,5229,3017,0,271,13,473,258,0,2,20,596,80,22,0,275,20,0,31,0,17,0,134,,,,,
,,,,,,RS,MOSTARDAS,8783,4730,0,401,115,856,435,0,0,32,1109,75,110,0,510,172,0,24,0,28,2,184,,,,,
,,,,,,RS,MUCUM,3861,2268,0,104,28,386,189,0,5,13,495,118,25,0,99,28,0,29,0,4,1,69,,,,,
,,,,,,RS,MUITOS CAPOES,2007,889,0,164,55,437,72,0,0,10,202,10,17,0,71,51,0,7,0,0,0,22,,,,,
,,,,,,RS,MULITERNO,1530,732,0,132,20,289,40,0,0,7,207,19,14,0,21,23,0,4,0,3,0,19,,,,,
,,,,,,RS,NAO-ME-TOQUE,16641,8798,0,684,249,1981,888,0,6,47,2133,545,89,0,474,322,1,88,0,2,1,333,,,,,
,,,,,,RS,NICOLAU VERGUEIRO,1714,829,0,151,21,281,63,0,0,6,232,7,19,0,45,26,0,13,0,2,0,19,,,,,
,,,,,,RS,NONOAI,8599,5339,0,324,66,944,317,0,7,24,961,118,72,0,205,95,0,25,0,3,1,98,,,,,
,,,,,,RS,NOVA ALVORADA,3078,1745,0,227,17,484,105,0,0,7,298,17,18,0,66,18,0,13,0,0,0,63,,,,,
,,,,,,RS,NOVA ARACA,4055,2378,0,169,82,500,183,0,2,20,373,47,57,0,67,71,0,38,1,2,0,65,,,,,
,,,,,,RS,NOVA BASSANO,9522,5056,0,544,194,1293,517,0,8,30,1005,133,77,0,163,204,0,62,0,10,1,225,,,,,
,,,,,,RS,NOVA BOA VISTA,2027,1011,0,131,16,258,84,0,0,14,425,29,9,0,16,18,0,5,0,1,0,10,,,,,
,,,,,,RS,NOVA BRESCIA,2916,1485,0,184,23,346,114,0,1,15,502,65,16,0,60,38,0,17,0,2,0,48,,,,,
,,,,,,RS,NOVA CANDELARIA,3093,1274,0,147,42,311,122,0,2,9,809,156,18,0,84,71,0,3,0,3,0,42,,,,,
,,,,,,RS,NOVA ESPERANCA DO SUL,3685,1938,0,138,23,547,107,0,4,21,660,49,43,0,90,40,0,9,0,2,1,13,,,,,
,,,,,,RS,NOVA HARTZ,15011,9167,0,228,42,889,756,0,55,37,2280,635,148,0,418,50,0,91,3,24,0,188,,,,,
,,,,,,RS,NOVA PADUA,2268,1018,0,389,30,327,103,0,1,6,216,18,8,0,48,29,0,11,0,2,0,62,,,,,
,,,,,,RS,NOVA PALMA,5197,2224,0,384,98,1042,177,0,1,23,854,46,39,0,110,125,0,8,0,13,3,50,,,,,
,,,,,,RS,NOVA PETROPOLIS,20004,12133,0,605,182,1691,1328,0,14,44,1912,340,79,0,679,229,0,153,3,39,4,569,,,,,
,,,,,,RS,NOVA PRATA,24098,14253,0,811,450,2962,1239,0,28,40,2102,361,82,2,439,517,0,195,0,19,1,597,,,,,
,,,,,,RS,NOVA RAMADA,2150,999,0,189,10,362,91,0,1,17,369,17,16,0,30,20,0,8,1,2,0,18,,,,,
,,,,,,RS,NOVA ROMA DO SUL,2844,1440,0,383,22,467,102,0,2,8,197,33,36,0,51,21,0,15,1,7,1,58,,,,,
,,,,,,RS,NOVA SANTA RITA,24784,13792,0,1156,766,1705,932,0,28,80,3036,341,71,0,1214,1163,0,142,0,128,5,225,,,,,
,,,,,,RS,NOVO BARREIRO,3502,1839,0,224,69,403,71,0,3,7,638,50,15,0,68,86,0,11,0,2,1,15,,,,,
,,,,,,RS,NOVO CABRAIS,2925,1492,0,155,36,376,71,0,0,9,514,50,25,0,98,62,0,11,0,3,0,23,,,,,
,,,,,,RS,NOVO HAMBURGO,194010,119734,0,3390,721,10231,10835,0,283,328,28342,6517,379,0,5993,1201,2,1391,15,284,34,4330,,,,,
,,,,,,RS,NOVO MACHADO,3020,1504,0,242,13,347,143,0,0,22,566,42,23,0,63,20,0,8,0,0,1,26,,,,,
,,,,,,RS,NOVO TIRADENTES,1537,812,0,64,14,155,49,0,0,4,327,30,12,0,18,28,0,6,0,1,0,17,,,,,
,,,,,,RS,NOVO XINGU,1174,652,0,88,6,143,23,0,0,11,181,27,12,0,8,3,0,2,0,1,0,17,,,,,
,,,,,,RS,OSORIO,40946,24648,0,1050,313,3058,1994,0,43,74,4754,1477,135,2,2052,353,1,313,0,54,8,617,,,,,
,,,,,,RS,PAIM FILHO,3292,1875,0,186,43,492,114,0,0,8,411,22,27,0,36,47,0,7,0,1,0,23,,,,,
,,,,,,RS,PALMARES DO SUL,8573,4781,0,237,46,796,373,0,6,20,1223,98,70,0,661,88,2,45,0,12,1,114,,,,,
,,,,,,RS,PALMEIRA DAS MISSOES,30347,16319,0,1223,551,3285,1050,0,83,59,3741,1916,127,0,641,884,0,121,0,7,25,315,,,,,
,,,,,,RS,PALMITINHO,7411,3417,0,318,120,757,234,0,3,26,1879,224,59,0,113,149,0,6,0,1,1,104,,,,,
,,,,,,RS,PANAMBI,39571,22725,0,1314,265,4371,2045,1,20,81,5306,1036,159,0,947,362,0,277,0,22,7,633,,,,,
,,,,,,RS,PANTANO GRANDE,7325,4243,0,392,153,703,308,0,4,14,694,79,53,0,329,243,0,23,1,27,2,57,,,,,
,,,,,,RS,PARAI,7819,3675,0,769,229,1324,319,0,9,18,789,60,29,0,156,215,0,68,0,6,3,150,,,,,
,,,,,,RS,PARAISO DO SUL,4928,2664,0,138,16,658,151,0,4,10,997,47,33,0,135,19,0,26,0,5,0,25,,,,,
,,,,,,RS,PARECI NOVO,4469,2213,0,464,69,465,175,0,3,12,515,150,18,0,208,72,0,31,0,15,0,59,,,,,
,,,,,,RS,PAROBE,42025,25184,0,771,131,2422,1783,0,94,92,7107,2043,320,1,1122,130,2,313,2,44,34,430,,,,,
,,,,,,RS,PASSA SETE,3414,1793,0,142,9,476,85,0,1,6,746,18,46,0,32,11,0,15,0,0,1,33,,,,,
,,,,,,RS,PASSO DO SOBRADO,5277,2549,0,233,21,549,173,0,1,12,1213,144,73,0,190,32,0,26,1,16,1,43,,,,,
,,,,,,RS,PASSO FUNDO,166041,96138,0,4352,1626,14218,9434,0,142,308,22864,6193,442,1,3225,1901,0,1023,0,48,33,4093,,,,,
,,,,,,RS,PAULO BENTO,1818,858,0,147,14,305,50,0,1,22,284,34,20,0,40,20,0,6,0,0,0,17,,,,,
,,,,,,RS,PAVERAMA,7138,3603,0,329,125,549,192,0,22,51,1590,202,58,0,169,152,0,38,0,12,0,46,,,,,
,,,,,,RS,PEDRAS ALTAS,1521,769,0,65,2,223,66,0,1,11,241,6,10,0,102,7,0,3,0,3,0,12,,,,,
,,,,,,RS,PEDRO OSORIO,5589,3045,0,163,60,455,163,0,13,17,1117,55,41,0,282,119,1,25,0,1,1,31,,,,,
,,,,,,RS,PEJUCARA,3545,1795,0,291,33,629,137,0,4,7,397,39,20,0,82,51,0,15,0,1,0,44,,,,,
,,,,,,RS,PELOTAS,253068,140032,0,5909,2955,15993,11162,0,876,544,48776,7486,1240,2,7819,4614,6,1577,0,267,56,3754,,,,,
,,,,,,RS,PICADA CAFE,4504,2612,0,113,10,418,237,0,2,26,584,98,64,0,193,15,0,22,0,16,0,94,,,,,
,,,,,,RS,PINHAL,2418,1089,0,181,53,315,53,0,0,5,527,71,11,0,41,37,0,3,0,1,0,31,,,,,
,,,,,,RS,PINHAL DA SERRA,1533,842,0,101,8,253,50,0,1,13,177,10,24,0,30,11,0,3,0,1,0,9,,,,,
,,,,,,RS,PINHAL GRANDE,2954,1449,0,192,12,548,92,0,0,13,461,17,33,0,76,20,0,10,0,9,2,20,,,,,
,,,,,,RS,PINHEIRINHO DO VALE,3152,1377,0,101,23,303,81,0,0,14,1036,91,27,0,45,25,0,0,0,0,1,28,,,,,
,,,,,,RS,PINHEIRO MACHADO,8831,5277,0,220,98,1043,247,0,8,22,1212,43,71,0,395,132,0,20,0,3,3,37,,,,,
,,,,,,RS,PINTO BANDEIRA,1924,879,0,253,8,311,100,0,2,16,155,44,7,0,82,9,0,3,0,7,0,48,,,,,
,,,,,,RS,PIRAPO,1751,859,0,73,10,220,40,0,3,12,446,17,13,0,36,12,0,6,0,0,0,4,,,,,
,,,,,,RS,PIRATINI,12958,7217,0,408,83,1352,402,0,6,73,2551,102,181,0,333,148,0,23,0,7,2,70,,,,,
,,,,,,RS,PLANALTO,7874,4499,0,374,78,921,194,0,0,9,1301,140,41,0,111,121,1,16,0,0,0,68,,,,,
,,,,,,RS,POCO DAS ANTAS,2037,1004,0,136,5,241,76,0,2,13,402,36,13,0,54,6,0,14,0,8,1,26,,,,,
,,,,,,RS,PONTAO,2967,1633,0,227,22,457,99,0,0,17,321,18,31,0,69,36,0,12,0,1,0,24,,,,,
,,,,,,RS,PONTE PRETA,1588,722,0,104,21,257,35,0,0,11,314,22,19,0,42,13,0,8,0,1,0,19,,,,,
,,,,,,RS,PORTAO,32713,19257,0,2198,522,2299,1388,0,60,126,3325,582,174,0,1561,535,2,220,0,47,3,414,,,,,
,,,,,,RS,PORTO ALEGRE,958476,612342,0,15796,3810,50166,71082,1,932,2222,113654,15067,5065,16,21826,4814,26,7523,20,1455,228,32431,,,,,
,,,,,,RS,PORTO LUCENA,3491,1903,0,129,27,380,111,0,0,15,708,61,21,0,82,26,0,10,0,1,0,17,,,,,
,,,,,,RS,PORTO MAUA,1840,914,0,97,22,253,59,0,0,7,337,27,13,0,66,28,0,2,0,0,0,15,,,,,
,,,,,,RS,PORTO VERA CRUZ,1201,586,0,41,11,157,42,0,0,11,265,13,9,0,36,14,0,5,0,0,0,11,,,,,
,,,,,,RS,PORTO XAVIER,9135,4344,0,223,634,948,229,0,9,42,1367,275,82,0,212,635,0,28,0,3,0,104,,,,,
,,,,,,RS,POUSO NOVO,1396,769,0,61,34,186,37,0,0,10,193,6,7,0,27,43,0,2,1,13,1,6,,,,,
,,,,,,RS,PRESIDENTE LUCENA,2817,1509,0,260,12,275,152,0,0,8,330,47,23,0,111,19,0,14,0,9,1,47,,,,,
,,,,,,RS,PROGRESSO,4467,2449,0,154,8,539,148,0,0,34,883,31,37,0,97,5,0,26,0,13,0,43,,,,,
,,,,,,RS,PROTASIO ALVES,1730,969,0,67,11,305,65,0,1,8,180,24,10,0,31,11,0,19,0,7,1,21,,,,,
,,,,,,RS,PUTINGA,3423,1908,0,177,8,405,101,0,0,13,668,38,9,0,36,11,0,15,0,3,0,31,,,,,
,,,,,,RS,QUARAI,26983,17302,0,239,108,2550,1535,0,36,66,3675,579,72,0,384,160,0,73,0,11,7,186,,,,,
,,,,,,RS,QUATRO IRMAOS,1159,617,0,85,11,176,52,0,0,10,145,16,8,0,19,11,0,1,0,0,0,8,,,,,
,,,,,,RS,QUEVEDOS,1988,965,0,82,8,346,46,0,0,12,435,13,14,0,45,11,0,2,0,1,0,8,,,,,
,,,,,,RS,QUINZE DE NOVEMBRO,3658,1948,0,303,31,572,144,0,0,34,352,45,38,0,104,38,0,21,0,5,1,22,,,,,
,,,,,,RS,REDENTORA,4235,2389,0,182,29,418,89,0,1,22,880,79,30,0,41,42,1,10,0,2,0,20,,,,,
,,,,,,RS,RELVADO,1721,956,0,82,4,216,64,0,1,10,277,35,15,0,26,8,0,11,0,1,0,15,,,,,
,,,,,,RS,RESTINGA SECA,10922,6180,0,462,116,1289,384,0,10,15,1498,137,69,0,422,152,0,58,0,14,1,115,,,,,
,,,,,,RS,RIO DOS INDIOS,1822,941,0,126,2,248,42,0,0,15,369,9,32,0,22,3,0,2,0,0,0,11,,,,,
,,,,,,RS,RIO GRANDE,145349,80536,0,2148,2030,7263,5640,0,467,269,30358,5808,799,1,4918,2512,35,892,5,182,42,1444,,,,,
,,,,,,RS,RIO PARDO,23333,13182,0,672,120,1794,923,0,10,91,4515,649,133,0,725,151,0,139,0,65,2,162,,,,,
,,,,,,RS,RIOZINHO,3072,1688,0,71,1,287,168,0,6,16,600,112,32,0,50,1,0,6,0,3,0,31,,,,,
,,,,,,RS,ROCA SALES,7957,4106,0,236,93,576,327,0,11,15,1636,402,49,0,206,100,0,61,2,19,1,117,,,,,
,,,,,,RS,RODEIO BONITO,6951,3558,0,407,167,799,233,0,2,16,1023,172,51,0,113,253,2,13,0,2,1,139,,,,,
,,,,,,RS,ROLADOR,1846,871,0,112,28,287,43,0,0,13,389,10,6,0,37,31,0,4,0,0,0,15,,,,,
,,,,,,RS,ROLANTE,17055,9193,0,403,29,1390,690,0,71,35,3583,631,101,0,501,32,0,87,0,16,5,288,,,,,
,,,,,,RS,RONDA ALTA,7503,4193,0,400,142,1119,303,0,3,29,660,81,47,0,168,192,0,21,0,3,1,141,,,,,
,,,,,,RS,RONDINHA,3981,2280,0,274,33,568,156,0,1,12,437,43,22,0,52,37,0,17,0,0,0,49,,,,,
,,,,,,RS,ROQUE GONZALES,5316,2542,0,205,151,632,168,0,5,8,1061,136,37,0,189,137,0,14,0,1,0,30,,,,,
,,,,,,RS,ROSARIO DO SUL,25622,13518,0,665,209,2777,979,0,30,70,4774,777,131,0,1027,307,3,75,0,13,7,260,,,,,
,,,,,,RS,SAGRADA FAMILIA,1761,986,0,47,13,152,40,0,0,8,399,38,11,0,31,25,0,4,0,0,0,7,,,,,
,,,,,,RS,SALDANHA MARINHO,2394,1260,0,198,38,459,98,0,1,12,179,14,8,0,44,50,0,15,0,0,0,18,,,,,
,,,,,,RS,SALTO DO JACUI,7816,4768,0,248,71,944,290,0,7,23,828,109,39,0,263,102,0,36,0,10,8,70,,,,,
,,,,,,RS,SALVADOR DAS MISSOES,2979,1321,0,180,77,486,136,0,0,8,505,37,8,0,78,94,0,13,0,1,1,34,,,,,
,,,,,,RS,SALVADOR DO SUL,6548,3619,0,381,43,654,278,0,4,23,1028,119,37,0,166,51,0,21,0,21,0,103,,,,,
,,,,,,RS,SANANDUVA,16258,8704,0,823,210,2432,721,0,5,34,1972,280,103,0,317,298,0,94,0,7,3,255,,,,,
,,,,,,RS,SANTA BARBARA DO SUL,7710,3970,0,466,193,1295,382,0,2,25,612,74,38,0,194,301,0,46,0,13,3,96,,,,,
,,,,,,RS,SANTA CECILIA DO SUL,1370,676,0,106,3,211,41,0,0,10,251,16,16,0,18,6,0,2,0,1,0,13,,,,,
,,,,,,RS,SANTA CLARA DO SUL,5913,3188,0,157,23,447,288,0,11,35,1079,244,21,0,222,31,0,40,0,14,1,112,,,,,
,,,,,,RS,SANTA CRUZ DO SUL,113142,62238,0,2792,840,8230,6056,0,152,201,17421,5554,802,1,3887,1383,5,748,1,156,23,2652,,,,,
,,,,,,RS,SANTA MARGARIDA DO SUL,1431,721,0,87,17,213,35,0,6,18,227,7,29,0,44,19,0,2,0,0,0,6,,,,,
,,,,,,RS,SANTA MARIA,191523,110856,0,4293,1037,15870,10096,0,189,435,28936,6278,984,2,6267,1385,5,1095,5,302,81,3407,,,,,
,,,,,,RS,SANTA MARIA DO HERVAL,5482,3151,0,336,28,502,243,0,1,25,689,71,59,0,204,32,0,20,0,15,0,106,,,,,
,,,,,,RS,SANTA ROSA,69884,37964,0,2306,682,6701,3722,0,49,132,10395,3163,220,0,2039,918,2,335,0,20,4,1232,,,,,
,,,,,,RS,SANTA TEREZA,1128,607,0,110,2,178,54,0,0,9,91,37,1,0,25,0,0,6,0,1,0,7,,,,,
,,,,,,RS,SANTA VITORIA DO PALMAR,29054,15233,0,755,334,2423,1193,0,73,40,5031,1261,118,0,1474,472,1,117,0,17,10,502,,,,,
,,,,,,RS,SANTANA DA BOA VISTA,6156,3456,0,173,12,647,172,0,2,26,1287,64,73,0,165,28,0,20,0,3,0,28,,,,,
,,,,,,RS,SANTANA DO LIVRAMENTO,84380,49839,0,1087,545,7275,3926,0,290,182,15355,1849,293,0,1762,804,0,377,0,32,19,745,,,,,
,,,,,,RS,SANTIAGO,38855,20473,0,1193,273,5242,1578,0,186,144,6108,1076,126,0,1332,422,0,184,0,46,9,463,,,,,
,,,,,,RS,SANTO ANGELO,61790,34108,0,1572,386,5484,2757,0,52,127,10780,2912,136,0,1693,523,0,276,0,17,14,953,,,,,
,,,,,,RS,SANTO ANTONIO DA PATRULHA,35248,20261,0,1119,298,2946,1295,0,47,96,5554,1144,236,0,1261,346,0,200,0,88,2,355,,,,,
,,,,,,RS,SANTO ANTONIO DAS MISSOES,7674,4122,0,321,98,988,173,0,5,79,1314,70,57,0,222,123,0,54,0,6,2,40,,,,,
,,,,,,RS,SANTO ANTONIO DO PALMA,1746,998,0,94,8,275,66,0,1,5,215,7,12,0,15,12,0,11,0,0,0,27,,,,,
,,,,,,RS,SANTO ANTONIO DO PLANALTO,2034,1094,0,134,34,251,73,0,0,6,304,25,13,0,46,26,0,11,0,1,0,16,,,,,
,,,,,,RS,SANTO AUGUSTO,12161,6928,0,639,164,1657,495,0,11,63,1273,207,43,0,237,212,0,43,0,2,2,185,,,,,
,,,,,,RS,SANTO CRISTO,15065,7674,0,817,155,1785,696,0,7,27,2693,282,75,0,374,183,0,61,0,3,4,229,,,,,
,,,,,,RS,SANTO EXPEDITO DO SUL,2204,1085,0,117,10,346,83,0,0,7,447,18,14,0,23,24,0,15,0,1,0,14,,,,,
,,,,,,RS,SAO BORJA,45204,24186,0,1384,954,5136,1556,0,45,103,7616,1581,120,1,1226,673,2,107,0,18,11,485,,,,,
,,,,,,RS,SAO DOMINGOS DO SUL,2758,1531,0,152,41,443,79,0,4,6,344,15,13,0,40,46,1,15,0,0,0,28,,,,,
,,,,,,RS,SAO FRANCISCO DE ASSIS,12702,6929,0,470,162,1777,450,0,11,69,1713,72,146,0,542,231,0,50,0,4,0,76,,,,,
,,,,,,RS,SAO FRANCISCO DE PAULA,16644,9723,0,881,179,1907,869,0,3,77,1529,105,143,0,621,254,0,102,0,10,1,240,,,,,
,,,,,,RS,SAO GABRIEL,38120,20722,0,1009,326,4035,1761,0,103,76,6300,1400,180,0,1151,452,1,151,0,18,11,424,,,,,
,,,,,,RS,SAO JERONIMO,13262,8223,0,361,35,930,536,0,9,43,2049,189,138,0,458,64,0,83,0,24,2,118,,,,,
,,,,,,RS,SAO JOAO DA URTIGA,4097,2094,0,210,52,653,130,0,3,10,712,48,28,0,52,67,0,13,0,0,0,25,,,,,
,,,,,,RS,SAO JOAO DO POLESINE,2190,1141,0,126,11,370,87,0,2,6,266,24,6,0,66,21,0,13,0,12,0,39,,,,,
,,,,,,RS,SAO JORGE,2419,1168,0,153,9,484,109,0,1,14,292,26,16,0,65,16,0,14,0,1,0,51,,,,,
,,,,,,RS,SAO JOSE DAS MISSOES,1716,984,0,67,5,195,49,0,0,9,337,16,11,0,19,11,0,3,0,0,0,10,,,,,
,,,,,,RS,SAO JOSE DO HERVAL,1586,922,0,80,57,187,42,0,0,8,152,7,14,0,16,77,0,9,1,6,0,8,,,,,
,,,,,,RS,SAO JOSE DO HORTENCIO,4067,2293,0,230,26,377,160,0,3,15,577,50,41,0,165,32,0,32,0,17,1,48,,,,,
,,,,,,RS,SAO JOSE DO INHACORA,2142,986,0,91,40,226,81,0,0,16,499,68,24,0,39,39,0,7,0,1,0,25,,,,,
,,,,,,RS,SAO JOSE DO NORTE,15650,7788,0,612,105,1206,811,0,50,32,3487,328,209,0,699,128,4,49,0,8,7,127,,,,,
,,,,,,RS,SAO JOSE DO OURO,7147,3623,0,477,268,1090,244,0,1,19,530,71,57,0,196,425,0,24,0,4,1,117,,,,,
,,,,,,RS,SAO JOSE DO SUL,2226,1076,0,195,14,225,68,0,0,14,397,59,19,0,107,12,0,5,1,13,0,21,,,,,
,,,,,,RS,SAO JOSE DOS AUSENTES,2139,1043,0,207,19,403,120,0,1,17,178,7,47,0,43,15,0,9,0,4,0,26,,,,,
,,,,,,RS,SAO LEOPOLDO,153306,94188,0,3924,991,8028,7456,0,277,302,22591,4981,399,2,5536,1078,4,827,8,250,25,2439,,,,,
,,,,,,RS,SAO LOURENCO DO SUL,33912,17711,0,1351,432,3331,1303,0,45,75,6783,627,213,0,1010,559,6,150,1,27,6,282,,,,,
,,,,,,RS,SAO LUIZ GONZAGA,29057,14810,0,910,520,3395,989,0,16,111,5065,1245,107,0,854,594,1,123,0,10,1,306,,,,,
,,,,,,RS,SAO MARCOS,22255,11791,0,884,954,2566,1014,1,13,42,2020,557,147,0,508,1242,0,150,1,14,9,342,,,,,
,,,,,,RS,SAO MARTINHO,5587,2791,0,343,117,634,237,0,1,13,966,103,26,0,126,133,1,22,0,2,0,72,,,,,
,,,,,,RS,SAO MARTINHO DA SERRA,2181,1043,0,99,25,329,59,0,0,9,443,20,16,0,54,52,0,12,0,3,0,17,,,,,
,,,,,,RS,SAO MIGUEL DAS MISSOES,6814,3376,0,394,127,962,210,0,2,27,1081,68,50,0,245,191,0,20,0,2,1,58,,,,,
,,,,,,RS,SAO NICOLAU,3464,1918,0,115,6,436,114,0,3,15,665,47,19,0,88,9,0,10,0,1,1,17,,,,,
,,,,,,RS,SAO PAULO DAS MISSOES,4796,2443,0,177,54,497,197,0,2,5,1104,69,45,0,75,57,0,20,1,0,1,49,,,,,
,,,,,,RS,SAO PEDRO DA SERRA,3424,1928,0,124,26,378,137,0,1,13,489,94,17,0,119,29,0,22,0,8,0,39,,,,,
,,,,,,RS,SAO PEDRO DAS MISSOES,1440,782,0,47,10,181,26,0,1,6,302,29,7,0,23,17,0,2,0,1,0,6,,,,,
,,,,,,RS,SAO PEDRO DO BUTIA,2967,1422,0,185,55,349,121,0,1,5,529,58,23,0,104,62,0,21,0,2,0,30,,,,,
,,,,,,RS,SAO PEDRO DO SUL,12176,6840,0,400,107,1504,387,0,9,68,1883,192,75,0,438,131,0,59,0,6,3,74,,,,,
,,,,,,RS,SAO SEBASTIAO DO CAI,20018,12132,0,879,298,1436,873,0,19,52,2211,406,58,0,903,322,1,165,0,37,1,225,,,,,
,,,,,,RS,SAO SEPE,16715,9345,0,619,319,1835,559,0,49,74,2208,293,135,0,633,448,0,86,0,13,4,95,,,,,
,,,,,,RS,SAO VALENTIM,2538,1496,0,122,25,384,84,0,0,15,269,10,20,0,47,34,0,9,0,2,1,20,,,,,
,,,,,,RS,SAO VALENTIM DO SUL,2021,1160,0,113,9,282,67,0,1,11,234,15,13,0,58,15,0,19,0,5,0,19,,,,,
,,,,,,RS,SAO VALERIO DO SUL,1088,645,0,72,6,130,36,0,0,5,142,7,9,0,14,9,0,5,0,1,0,7,,,,,
,,,,,,RS,SAO VENDELINO,2361,1287,0,92,27,263,119,0,0,16,301,42,25,0,85,25,0,7,0,7,0,65,,,,,
,,,,,,RS,SAO VICENTE DO SUL,6032,3252,0,200,69,727,198,0,8,14,877,146,67,0,314,99,1,16,0,5,3,36,,,,,
,,,,,,RS,SAPIRANGA,61253,36167,0,1159,114,3325,2866,0,129,104,10589,3210,222,0,1722,153,3,517,0,50,22,901,,,,,
,,,,,,RS,SAPUCAIA DO SUL,100515,63967,0,1758,735,4335,4263,0,396,174,15146,2816,150,0,3853,752,0,1258,1,85,11,815,,,,,
,,,,,,RS,SARANDI,19153,11089,0,828,320,2143,862,0,11,44,2037,370,96,0,468,454,0,84,1,8,4,334,,,,,
,,,,,,RS,SEBERI,11100,5734,0,507,174,1205,283,0,4,18,2042,309,109,0,258,293,0,29,0,0,0,135,,,,,
,,,,,,RS,SEDE NOVA,2373,1204,0,150,26,258,80,0,2,19,467,54,18,0,24,45,0,3,0,2,0,21,,,,,
,,,,,,RS,SEGREDO,5207,2581,0,265,27,646,145,0,1,8,1247,56,62,0,64,33,0,24,0,2,0,46,,,,,
,,,,,,RS,SELBACH,5243,2751,0,401,50,814,266,0,3,20,488,61,17,1,181,81,0,38,0,2,1,68,,,,,
,,,,,,RS,SENADOR SALGADO FILHO,2487,1277,0,239,16,348,88,0,3,11,377,23,15,0,40,19,0,8,0,0,0,23,,,,,
,,,,,,RS,SENTINELA DO SUL,4375,2025,0,242,49,418,74,0,1,10,1189,103,19,0,136,57,0,15,0,19,0,18,,,,,
,,,,,,RS,SERAFINA CORREA,14451,8586,0,560,265,1728,630,0,9,45,1312,243,107,0,269,302,0,91,0,7,1,296,,,,,
,,,,,,RS,SERIO,1607,807,0,85,1,190,41,0,2,8,367,26,6,0,32,3,0,10,2,13,0,14,,,,,
,,,,,,RS,SERTAO,5596,3068,0,345,105,802,214,0,1,30,608,47,45,0,100,128,0,40,0,0,1,62,,,,,
,,,,,,RS,SERTAO SANTANA,5523,2898,0,198,50,497,141,0,14,7,1341,47,27,0,163,66,0,19,1,18,0,36,,,,,
,,,,,,RS,SETE DE SETEMBRO,1583,755,0,158,15,242,41,0,0,4,288,19,16,0,20,18,0,3,0,1,0,3,,,,,
,,,,,,RS,SEVERIANO DE ALMEIDA,3241,1724,0,145,35,544,85,0,1,15,522,26,25,0,42,28,0,16,0,0,1,32,,,,,
,,,,,,RS,SILVEIRA MARTINS,1890,930,0,133,35,296,62,0,0,3,245,25,11,0,66,49,0,4,0,6,0,25,,,,,
,,,,,,RS,SINIMBU,5928,3083,0,157,12,523,148,0,3,7,1714,79,11,0,91,17,0,38,0,12,1,32,,,,,
,,,,,,RS,SOBRADINHO,11351,6710,0,402,78,1278,494,0,11,20,1489,140,83,0,287,73,1,58,0,10,0,217,,,,,
,,,,,,RS,SOLEDADE,23552,14288,0,828,199,2892,1072,0,9,71,2263,358,244,0,466,302,4,150,0,30,4,372,,,,,
,,,,,,RS,TABAI,4307,2404,0,224,43,403,109,0,0,16,718,85,25,0,185,34,0,24,0,13,1,23,,,,,
,,,,,,RS,TAPEJARA,22469,12109,0,1003,234,2691,1051,0,10,62,2907,879,125,0,424,376,0,90,0,8,1,499,,,,,
,,,,,,RS,TAPERA,8998,4766,0,492,137,1178,451,0,8,26,1007,249,37,0,257,186,0,53,0,16,0,135,,,,,
,,,,,,RS,TAPES,10872,6217,0,309,121,861,338,0,17,38,1737,387,52,0,398,168,5,66,0,29,2,127,,,,,
,,,,,,RS,TAQUARA,43316,25400,0,1097,93,2791,2139,0,89,76,7060,1510,293,1,1545,107,0,305,0,81,7,722,,,,,
,,,,,,RS,TAQUARI,22500,11846,0,541,165,1482,700,0,31,52,4275,1795,144,0,905,227,2,130,0,44,8,153,,,,,
,,,,,,RS,TAQUARUCU DO SUL,2716,1283,0,116,30,368,101,0,0,4,587,88,11,0,42,50,0,4,0,0,0,32,,,,,
,,,,,,RS,TAVARES,4093,2241,0,176,40,381,191,0,2,27,612,33,41,0,221,62,0,11,0,4,0,51,,,,,
,,,,,,RS,TENENTE PORTELA,11086,5823,0,443,81,1112,461,0,2,25,2212,286,129,0,200,111,5,42,0,9,1,144,,,,,
,,,,,,RS,TERRA DE AREIA,9737,5234,0,417,270,848,397,0,19,15,1290,245,45,0,504,267,0,62,1,13,6,104,,,,,
,,,,,,RS,TEUTONIA,29675,16861,0,942,295,2492,1455,0,47,53,4528,1065,126,0,812,352,0,155,1,60,4,427,,,,,
,,,,,,RS,TIO HUGO,3034,1588,0,210,74,421,101,0,0,4,339,41,21,0,88,105,0,12,0,2,1,27,,,,,
,,,,,,RS,TIRADENTES DO SUL,4233,1872,0,217,11,482,157,0,3,10,1215,128,14,0,70,18,0,11,0,2,0,23,,,,,
,,,,,,RS,TOROPI,2411,1179,0,93,9,340,50,0,0,13,608,20,19,0,49,13,0,10,0,0,1,7,,,,,
,,,,,,RS,TORRES,29014,16469,0,587,201,1954,1606,0,156,42,4389,1330,120,2,1177,242,1,200,0,26,7,505,,,,,
,,,,,,RS,TRAMANDAI,38484,22007,0,765,120,2474,1896,0,67,105,6012,1948,201,0,1868,154,0,285,0,28,7,547,,,,,
,,,,,,RS,TRAVESSEIRO,1874,860,0,67,10,159,61,0,2,12,511,76,20,0,44,13,0,6,0,11,0,22,,,,,
,,,,,,RS,TRES ARROIOS,2634,1176,0,209,34,430,68,0,0,20,493,35,24,0,50,59,0,6,0,2,0,28,,,,,
,,,,,,RS,TRES CACHOEIRAS,10667,4557,0,712,970,859,390,0,8,11,1226,237,31,0,473,950,2,84,0,5,1,151,,,,,
,,,,,,RS,TRES COROAS,19050,10483,0,343,26,1231,895,0,33,46,3588,1342,98,0,507,25,0,124,0,16,8,285,,,,,
,,,,,,RS,TRES DE MAIO,22577,11548,0,920,378,2419,1081,0,30,47,3390,974,96,0,661,444,2,158,0,9,3,417,,,,,
,,,,,,RS,TRES FORQUILHAS,2348,1027,0,119,57,250,78,0,2,5,531,81,12,0,112,54,0,5,0,1,1,13,,,,,
,,,,,,RS,TRES PALMEIRAS,3426,1935,0,147,32,384,128,0,2,15,542,47,36,0,63,40,0,14,0,0,0,41,,,,,
,,,,,,RS,TRES PASSOS,24423,12829,0,753,236,2238,1051,0,47,43,4585,1116,139,0,529,348,9,153,0,4,5,338,,,,,
,,,,,,RS,TRINDADE DO SUL,5220,3065,0,234,21,641,168,0,3,40,723,62,36,0,119,32,0,16,0,2,0,58,,,,,
,,,,,,RS,TRIUNFO,20883,11743,0,824,343,1659,653,0,45,144,2547,633,339,0,1228,351,1,131,5,96,2,139,,,,,
,,,,,,RS,TUCUNDUVA,4946,2733,0,317,74,589,232,0,0,23,507,95,18,0,152,105,0,21,0,0,2,78,,,,,
,,,,,,RS,TUNAS,2841,1387,0,115,6,432,74,0,1,8,709,10,38,0,28,9,0,8,0,1,0,15,,,,,
,,,,,,RS,TUPANCI DO SUL,1363,719,0,89,5,237,51,0,0,9,192,5,14,0,13,9,0,10,0,0,0,10,,,,,
,,,,,,RS,TUPANCIRETA,15629,7606,0,852,234,2368,735,0,21,82,2201,283,119,0,424,372,0,47,0,14,4,267,,,,,
,,,,,,RS,TUPANDI,5328,2530,0,177,274,478,148,0,0,51,824,144,66,0,169,352,0,19,0,21,0,75,,,,,
,,,,,,RS,TUPARENDI,8283,4270,0,415,113,1044,292,0,4,18,1339,208,40,0,245,179,0,21,0,1,2,92,,,,,
,,,,,,RS,TURUCU,3028,1404,0,151,108,286,99,0,2,10,672,32,18,0,85,144,0,4,0,4,1,8,,,,,
,,,,,,RS,UBIRETAMA,1898,918,0,144,4,220,76,0,0,10,444,23,10,0,28,4,0,5,0,0,0,12,,,,,
,,,,,,RS,UNIAO DA SERRA,1081,608,0,79,9,152,33,0,0,5,132,8,8,0,10,10,0,15,0,1,0,11,,,,,
,,,,,,RS,UNISTALDA,1616,802,0,83,10,280,34,0,3,11,289,4,18,0,59,15,0,1,0,4,0,3,,,,,
,,,,,,RS,URUGUAIANA,83707,42743,0,1660,3679,6754,3131,0,217,133,15025,2566,238,1,2309,3819,25,326,0,40,61,980,,,,,
,,,,,,RS,VACARIA,53825,30830,0,2174,1460,6156,2787,0,27,289,4381,911,820,1,1242,1642,0,381,0,41,12,671,,,,,
,,,,,,RS,VALE DO SOL,7323,4208,0,212,22,693,223,0,4,14,1426,142,48,0,207,29,0,34,0,8,2,51,,,,,
,,,,,,RS,VALE REAL,4852,2756,0,250,99,469,233,0,6,24,511,85,14,0,166,127,0,30,0,5,2,75,,,,,
,,,,,,RS,VALE VERDE,2494,1260,0,101,14,238,71,0,1,3,522,69,14,0,143,18,0,8,0,12,1,19,,,,,
,,,,,,RS,VANINI,1922,1015,0,121,21,326,66,0,0,11,242,11,10,0,30,27,0,16,0,2,0,24,,,,,
,,,,,,RS,VENANCIO AIRES,59673,31159,0,1492,401,3971,2838,0,75,152,12074,3021,246,0,2274,530,7,515,0,92,6,820,,,,,
,,,,,,RS,VERA CRUZ,22371,12556,0,660,113,1772,782,0,24,44,4168,899,153,0,678,125,1,149,1,20,1,225,,,,,
,,,,,,RS,VERANOPOLIS,22425,12307,0,1091,431,2932,1130,0,13,54,2092,660,75,0,378,507,0,236,0,24,2,493,,,,,
,,,,,,RS,VESPASIANO CORREA,1782,912,0,145,13,257,59,0,1,11,258,28,9,0,30,12,0,9,0,13,0,25,,,,,
,,,,,,RS,VIADUTOS,3893,2177,0,219,33,504,133,0,0,18,562,37,48,0,55,37,0,28,0,2,0,40,,,,,
,,,,,,RS,VIAMAO,162507,104600,0,2563,320,9781,8058,0,112,440,25133,2113,674,0,5344,370,1,932,1,270,32,1763,,,,,
,,,,,,RS,VICENTE DUTRA,3304,1551,0,109,2,313,80,0,1,7,1021,128,28,0,44,1,1,7,0,0,0,11,,,,,
,,,,,,RS,VICTOR GRAEFF,2932,1379,0,216,15,450,150,0,0,15,464,41,15,0,110,20,0,26,0,2,0,29,,,,,
,,,,,,RS,VILA FLORES,3498,1893,0,205,44,537,156,0,0,18,365,52,31,0,46,54,0,38,0,7,2,50,,,,,
,,,,,,RS,VILA LANGARO,1842,790,0,185,3,352,57,0,0,4,338,20,16,0,29,9,0,4,0,2,0,33,,,,,
,,,,,,RS,VILA MARIA,4533,2231,0,639,123,707,174,0,0,14,232,25,55,0,75,157,0,34,0,3,0,64,,,,,
,,,,,,RS,VILA NOVA DO SUL,3225,1902,0,156,24,375,84,0,7,20,431,26,20,0,118,38,0,14,0,0,2,8,,,,,
,,,,,,RS,VISTA ALEGRE,2401,1146,0,130,15,260,56,0,0,6,647,56,15,0,29,21,0,0,0,0,0,20,,,,,
,,,,,,RS,VISTA ALEGRE DO PRATA,1346,774,0,64,9,193,42,0,0,8,165,18,9,0,21,12,0,10,0,2,0,19,,,,,
,,,,,,RS,VISTA GAUCHA,2353,1059,0,108,94,248,81,0,0,5,517,55,17,0,27,117,0,5,0,0,0,20,,,,,
,,,,,,RS,VITORIA DAS MISSOES,2706,1354,0,193,14,383,55,0,0,6,520,60,24,0,66,12,0,4,0,0,0,15,,,,,
,,,,,,RS,WESTFALIA,2827,1464,0,189,12,317,136,0,1,18,437,87,26,0,58,19,0,8,0,13,0,42,,,,,
,,,,,,RS,XANGRI-LA,15470,7912,0,298,39,1344,904,0,67,30,2115,1010,27,0,1075,49,0,59,0,24,6,511,,,,,
,,,,,,SC,ABDON BATISTA,2100,1143,0,93,8,287,107,0,0,5,368,21,14,0,31,6,0,2,1,1,0,13,,,,,
,,,,,,SC,ABELARDO LUZ,14797,7737,0,486,209,1873,762,0,3,31,2112,291,152,0,416,374,1,44,0,1,1,304,,,,,
,,,,,,SC,AGROLANDIA,10398,5371,0,329,71,1031,513,0,4,26,1679,611,35,0,410,129,1,32,0,5,1,150,,,,,
,,,,,,SC,AGRONOMICA,5459,2851,0,213,55,541,291,0,3,9,776,283,7,0,254,84,0,22,1,2,0,67,,,,,
,,,,,,SC,AGUA DOCE,6507,3245,0,367,300,731,304,0,0,49,712,127,43,0,152,364,2,20,0,1,2,88,,,,,
,,,,,,SC,AGUAS DE CHAPECO,5250,2769,0,142,42,466,192,0,2,10,1171,243,41,0,107,28,0,4,0,2,0,31,,,,,
,,,,,,SC,AGUAS FRIAS,2806,1087,0,103,166,270,107,0,0,9,477,109,4,0,133,286,0,1,0,1,0,53,,,,,
,,,,,,SC,AGUAS MORNAS,6677,3192,0,371,18,695,338,0,0,11,1281,248,19,0,262,20,0,28,0,8,0,186,,,,,
,,,,,,SC,ALFREDO WAGNER,9628,4158,0,414,52,961,374,0,1,26,2549,423,19,0,376,47,1,25,0,4,3,195,,,,,
,,,,,,SC,ALTO BELA VISTA,1845,1023,0,74,4,240,88,0,0,12,287,26,12,0,44,7,0,11,0,0,0,17,,,,,
,,,,,,SC,ANCHIETA,5456,2742,0,249,56,725,277,0,1,26,933,146,28,0,103,77,0,18,0,0,0,75,,,,,
,,,,,,SC,ANGELINA,4994,2013,0,261,19,478,234,0,1,26,1438,247,23,0,133,21,0,10,0,7,1,82,,,,,
,,,,,,SC,ANITA GARIBALDI,6805,3845,0,170,20,762,323,0,0,23,1269,108,38,0,124,31,0,16,0,2,0,74,,,,,
,,,,,,SC,ANITAPOLIS,3354,1432,0,200,13,334,142,0,1,11,903,145,18,0,67,23,0,13,0,2,0,50,,,,,
,,,,,,SC,ANTONIO CARLOS,10617,4573,0,794,143,1038,508,0,8,17,1951,637,21,0,431,157,1,36,0,9,8,285,,,,,
,,,,,,SC,APIUNA,8032,4624,0,233,55,659,446,0,3,42,1168,219,31,0,336,75,1,32,0,6,1,101,,,,,
,,,,,,SC,ARABUTA,4048,1906,0,224,123,467,231,0,0,18,682,77,36,0,75,145,0,16,0,3,2,43,,,,,
,,,,,,SC,ARAQUARI,32589,15705,0,1480,1019,2352,1246,0,31,115,4387,946,95,0,1615,2875,3,116,1,80,6,517,,,,,
,,,,,,SC,ARARANGUA,72731,37749,0,1635,1242,4955,3309,0,136,101,11633,4925,227,1,2748,2133,4,242,2,32,17,1640,,,,,
,,,,,,SC,ARMAZEM,9744,4443,0,342,382,758,349,0,5,18,1860,633,27,0,241,461,0,28,0,2,0,195,,,,,
,,,,,,SC,ARROIO TRINTA,3945,1840,0,220,155,532,176,0,1,21,533,126,36,0,82,155,0,12,0,1,0,55,,,,,
,,,,,,SC,ARVOREDO,1926,964,0,79,4,241,93,0,0,26,399,44,8,0,42,9,0,1,0,2,0,14,,,,,
,,,,,,SC,ASCURRA,8024,4553,0,331,103,635,456,0,7,25,1015,284,85,0,245,114,1,33,0,4,1,132,,,,,
,,,,,,SC,ATALANTA,3348,1694,0,123,25,360,124,0,0,6,672,158,9,0,104,23,0,21,0,1,1,27,,,,,
,,,,,,SC,AURORA,7071,2924,0,323,469,771,304,0,1,7,808,221,25,0,253,826,1,43,0,1,1,93,,,,,
,,,,,,SC,BALNEARIO ARROIO DO SILVA,11196,6347,0,161,32,841,658,0,23,23,1731,516,32,0,464,41,0,39,0,3,2,283,,,,,
,,,,,,SC,BALNEARIO BARRA DO SUL,8091,4740,0,212,71,596,423,0,12,21,997,325,21,0,375,100,1,44,0,11,4,138,,,,,
,,,,,,SC,BALNEARIO CAMBORIU,120441,55834,0,1090,331,7777,9513,0,305,292,21063,10922,274,0,2631,693,3,497,1,55,35,9125,,,,,
,,,,,,SC,BALNEARIO DE PICARRAS,22937,11839,0,464,187,1726,1356,0,77,50,3581,1646,88,0,773,240,3,86,0,17,10,794,,,,,
,,,,,,SC,BALNEARIO GAIVOTA,13267,7428,0,308,82,1057,756,0,19,20,1802,480,38,0,720,123,1,75,0,12,7,339,,,,,
,,,,,,SC,BALNEARIO RINCAO,9918,5728,0,190,36,641,568,0,16,23,1414,342,23,0,562,40,0,20,0,3,2,310,,,,,
,,,,,,SC,BANDEIRANTE,2630,1232,0,77,1,298,94,0,2,17,698,115,22,0,46,3,1,5,0,0,0,19,,,,,
,,,,,,SC,BARRA BONITA,1484,716,0,43,13,152,49,0,1,9,396,41,10,0,17,16,0,2,0,1,1,17,,,,,
,,,,,,SC,BARRA VELHA,34838,18373,0,772,365,2562,1825,0,110,75,5521,2578,95,0,1146,472,15,117,1,12,8,791,,,,,
,,,,,,SC,BELA VISTA DO TOLDO,4886,2242,0,143,10,681,153,0,0,13,1321,136,48,0,95,6,0,7,0,1,1,29,,,,,
,,,,,,SC,BELMONTE,2601,1241,0,97,105,253,87,0,0,10,475,94,7,0,61,149,0,3,0,0,0,19,,,,,
,,,,,,SC,BENEDITO NOVO,11447,5220,0,393,64,907,634,0,35,66,2544,774,51,0,490,84,0,52,0,7,5,121,,,,,
,,,,,,SC,BIGUACU,67702,35596,0,1969,448,4190,3319,0,152,124,13817,4042,205,0,1888,488,0,330,2,74,12,1046,,,,,
,,,,,,SC,BLUMENAU,321624,188437,0,6169,1370,19655,20691,1,371,522,48364,12104,987,2,7252,2136,7,3270,8,359,66,9853,,,,,
,,,,,,SC,BOCAINA DO SUL,2590,1320,0,119,11,361,87,0,0,7,471,28,18,0,112,16,0,17,0,2,1,20,,,,,
,,,,,,SC,BOM JARDIM DA SERRA,3153,1559,0,250,4,544,192,0,1,27,390,17,27,0,73,5,2,10,0,2,1,49,,,,,
,,,,,,SC,BOM JESUS,2661,1383,0,90,88,286,111,0,1,6,345,61,14,0,86,155,0,7,0,0,0,28,,,,,
,,,,,,SC,BOM JESUS DO OESTE,1830,980,0,96,15,169,99,0,0,8,305,55,8,0,39,24,0,5,0,0,0,27,,,,,
,,,,,,SC,BOM RETIRO,7449,4226,0,288,66,730,350,0,1,28,1117,161,38,0,227,78,1,29,0,3,2,104,,,,,
,,,,,,SC,BOMBINHAS,24367,11258,0,277,39,2124,1795,0,29,74,4331,2089,57,0,725,61,4,115,0,7,7,1375,,,,,
,,,,,,SC,BOTUVERA,5858,2447,0,267,157,557,287,0,2,11,1191,357,14,0,174,245,0,15,0,6,0,128,,,,,
,,,,,,SC,BRACO DO NORTE,36569,18469,0,1500,430,3176,1986,0,16,68,5571,2297,99,0,932,699,1,153,0,10,10,1152,,,,,
,,,,,,SC,BRACO DO TROMBUDO,3632,1795,0,145,34,371,213,0,2,10,599,180,13,0,155,50,0,15,0,1,0,49,,,,,
,,,,,,SC,BRUNOPOLIS,1914,937,0,135,3,332,66,0,0,8,354,21,11,0,33,4,0,1,0,0,0,9,,,,,
,,,,,,SC,BRUSQUE,137512,72340,0,3124,1336,10139,8295,0,188,183,23627,9051,280,0,2423,1965,1,587,1,64,22,3886,,,,,
,,,,,,SC,CACADOR,66714,39595,0,2245,954,6220,3704,0,22,196,6915,2081,672,0,1305,1583,3,259,0,9,23,928,,,,,
,,,,,,SC,CAIBI,6780,2853,0,237,530,590,282,0,0,13,852,232,25,0,172,864,0,5,0,1,1,123,,,,,
,,,,,,SC,CALMON,2138,1258,0,68,5,241,107,0,0,14,342,10,31,0,45,8,0,3,0,0,0,6,,,,,
,,,,,,SC,CAMBORIU,88779,37586,0,1369,350,5448,3736,0,170,115,22723,13144,60,0,1820,419,5,204,1,38,22,1569,,,,,
,,,,,,SC,CAMPO ALEGRE,11841,5812,0,582,225,1207,526,0,4,19,2150,265,20,0,459,317,0,60,0,3,5,187,,,,,
,,,,,,SC,CAMPO BELO DO SUL,5023,2959,0,282,25,700,265,0,0,24,491,16,65,0,108,30,2,14,0,4,0,38,,,,,
,,,,,,SC,CAMPO ERE,9175,5057,0,425,116,1006,332,0,2,24,1348,265,42,0,160,164,0,21,0,0,1,212,,,,,
,,,,,,SC,CAMPOS NOVOS,32942,19162,0,1381,507,3819,1715,0,8,161,3023,782,120,0,888,765,3,108,0,14,3,483,,,,,
,,,,,,SC,CANELINHA,10732,4755,0,586,89,844,515,0,10,16,2047,1265,11,0,272,113,0,43,0,22,1,143,,,,,
,,,,,,SC,CANOINHAS,48853,26375,0,1475,504,4852,2283,0,31,92,7633,2023,212,0,1645,805,7,143,1,2,7,763,,,,,
,,,,,,SC,CAPAO ALTO,1899,1055,0,110,17,287,105,0,0,14,170,14,18,0,59,18,0,11,0,2,0,19,,,,,
,,,,,,SC,CAPINZAL,23425,12495,0,646,214,2179,813,0,5,80,4044,1662,112,0,578,233,0,72,0,3,4,285,,,,,
,,,,,,SC,CAPIVARI DE BAIXO,22885,11650,0,427,368,1077,979,0,52,38,4213,2356,38,0,563,546,4,117,0,11,2,444,,,,,
,,,,,,SC,CATANDUVAS,10017,5620,0,428,282,993,510,0,2,51,776,211,65,0,222,684,0,26,0,6,2,139,,,,,
,,,,,,SC,CAXAMBU DO SUL,3655,1720,0,176,18,423,146,0,2,4,861,119,18,0,97,30,0,2,0,0,0,39,,,,,
,,,,,,SC,CELSO RAMOS,2587,1306,0,87,106,290,110,0,1,14,403,70,9,0,58,123,0,0,0,0,0,10,,,,,
,,,,,,SC,CERRO NEGRO,2328,1393,0,93,24,322,81,0,0,11,304,11,19,0,18,33,0,7,0,1,0,11,,,,,
,,,,,,SC,CHAPADAO DO LAGEADO,2840,1322,0,113,4,317,93,0,0,9,721,97,9,0,122,5,0,11,1,1,0,15,,,,,
,,,,,,SC,CHAPECO,245462,124860,0,6195,4817,21151,14468,0,368,437,37626,15166,565,0,6267,6180,18,510,0,64,47,6723,,,,,
,,,,,,SC,COCAL DO SUL,16724,9063,0,377,176,1278,862,0,14,28,2821,681,37,0,668,185,1,65,0,2,1,465,,,,,
,,,,,,SC,CONCORDIA,86999,40119,0,3345,3495,7655,4696,0,41,246,13316,5624,278,0,1652,4619,16,339,0,17,20,1521,,,,,
,,,,,,SC,CORDILHEIRA ALTA,5075,2212,0,402,151,627,220,0,1,37,668,220,75,0,168,196,0,11,0,3,1,83,,,,,
,,,,,,SC,CORONEL FREITAS,9016,4379,0,418,116,1161,448,0,5,18,1511,414,35,0,211,170,1,14,1,0,0,114,,,,,
,,,,,,SC,CORONEL MARTINS,1834,1046,0,70,3,192,64,0,0,9,392,20,7,0,21,4,0,1,0,1,0,4,,,,,
,,,,,,SC,CORREIA PINTO,13393,8003,0,528,197,1410,634,0,8,61,1447,179,83,0,377,317,0,57,0,1,3,88,,,,,
,,,,,,SC,CORUPA,14170,6660,0,549,34,1208,993,0,115,12,2866,789,42,0,522,48,2,56,1,8,2,263,,,,,
,,,,,,SC,CRICIUMA,195805,110890,0,3844,2456,12207,12495,0,223,364,29960,6035,592,0,5691,3026,7,911,2,55,46,7001,,,,,
,,,,,,SC,CUNHA PORA,11045,5540,0,476,226,1065,537,0,4,28,1775,423,64,0,245,414,5,40,0,1,1,201,,,,,
,,,,,,SC,CUNHATAI,1757,905,0,73,13,182,81,0,1,6,357,61,8,0,37,11,0,5,1,0,0,16,,,,,
,,,,,,SC,CURITIBANOS,36528,22607,0,1291,260,3748,1762,0,5,117,3978,912,181,0,714,325,1,103,1,18,11,494,,,,,
,,,,,,SC,DESCANSO,8623,4043,0,277,302,1025,376,0,1,27,1492,301,37,0,176,432,3,16,0,3,4,108,,,,,
,,,,,,SC,DIONISIO CERQUEIRA,12521,6803,0,237,510,1337,575,0,1,22,1597,272,28,0,195,593,0,16,0,3,2,330,,,,,
,,,,,,SC,DONA EMMA,3878,2054,0,158,25,311,172,0,2,16,753,137,25,0,119,34,2,16,0,1,0,53,,,,,
,,,,,,SC,DOUTOR PEDRINHO,3469,1696,0,162,26,318,183,0,5,12,646,176,8,0,146,32,0,20,0,2,0,37,,,,,
,,,,,,SC,ENTRE RIOS,2342,1236,0,39,1,178,58,0,0,7,682,72,33,0,23,2,0,4,0,0,0,7,,,,,
,,,,,,SC,ERMO,3899,1235,0,111,306,250,87,0,4,6,627,119,12,0,176,921,0,7,0,6,1,31,,,,,
,,,,,,SC,ERVAL VELHO,4303,2154,0,216,59,518,206,0,1,17,736,144,24,0,104,67,0,9,0,1,0,47,,,,,
,,,,,,SC,FAXINAL DOS GUEDES,10336,5499,0,636,190,1080,568,0,6,29,1272,299,56,0,239,263,1,36,0,2,4,156,,,,,
,,,,,,SC,FLOR DO SERTAO,1486,764,0,33,11,144,51,0,0,12,362,33,18,0,24,22,0,3,0,0,0,9,,,,,
,,,,,,SC,FLORIANOPOLIS,441111,246257,0,4869,441,25582,36660,2,417,1012,69148,15705,2597,3,11224,750,10,2315,63,441,151,23464,,,,,
,,,,,,SC,FORMOSA DO SUL,2275,1094,0,120,46,296,68,0,0,18,414,67,10,0,51,69,0,2,0,0,0,20,,,,,
,,,,,,SC,FORQUILHINHA,28405,14740,0,700,213,1936,1055,0,40,42,6382,1245,48,0,1074,278,1,136,0,18,3,494,,,,,
,,,,,,SC,FRAIBURGO,30931,19388,0,1149,325,2888,1533,0,2,67,3095,803,270,0,549,336,11,104,0,9,5,397,,,,,
,,,,,,SC,FREI ROGERIO,2120,1076,0,136,4,306,75,0,2,12,429,19,21,0,26,3,0,4,0,1,0,6,,,,,
,,,,,,SC,GALVAO,2639,1445,0,147,17,317,118,0,0,16,412,32,17,0,40,21,0,7,0,0,0,50,,,,,
,,,,,,SC,GAROPABA,27366,12903,0,356,54,2297,2113,0,24,35,5010,1879,90,3,883,71,3,143,0,6,9,1487,,,,,
,,,,,,SC,GARUVA,16244,8149,0,648,677,1328,746,0,13,33,2228,388,56,0,735,922,0,55,1,25,1,239,,,,,
,,,,,,SC,GASPAR,60249,31775,0,1790,449,5002,3415,1,49,94,10109,3099,137,0,1714,572,1,272,1,143,28,1598,,,,,
,,,,,,SC,GOVERNADOR CELSO RAMOS,12588,6141,0,278,29,986,757,0,7,42,2377,1010,27,0,436,48,0,37,0,9,1,403,,,,,
,,,,,,SC,GRAO PARA,6383,3166,0,366,47,671,325,0,1,12,1095,223,40,0,179,56,0,18,0,4,2,178,,,,,
,,,,,,SC,GRAVATAL,12194,5767,0,387,161,909,538,0,18,22,2600,814,38,0,376,228,3,54,2,9,2,266,,,,,
,,,,,,SC,GUABIRUBA,21881,11322,0,446,57,1660,1299,0,18,33,4218,1715,36,0,382,71,0,72,1,5,0,546,,,,,
,,,,,,SC,GUARACIABA,9535,4942,0,374,163,1328,486,0,0,20,1357,198,54,0,189,259,0,18,0,1,1,145,,,,,
,,,,,,SC,GUARAMIRIM,40828,21525,0,1466,525,2833,1979,0,104,49,7161,1946,32,0,1340,976,2,147,3,25,3,712,,,,,
,,,,,,SC,GUARUJA DO SUL,4556,2280,0,200,138,504,189,0,2,15,784,109,17,0,68,177,2,10,0,0,0,61,,,,,
,,,,,,SC,GUATAMBU,6884,3282,0,205,44,749,313,0,3,20,1530,369,31,0,179,71,0,9,0,0,0,79,,,,,
,,,,,,SC,HERVAL D'OESTE,18280,9765,0,455,44,1270,913,1,3,56,3354,1792,67,0,286,60,1,73,0,4,5,131,,,,,
,,,,,,SC,IBIAM,1849,889,0,104,41,227,70,0,0,15,359,37,19,0,38,38,0,4,0,0,0,8,,,,,
,,,,,,SC,IBICARE,3588,1666,0,221,151,382,168,0,0,18,544,117,11,0,77,190,0,9,0,2,2,30,,,,,
,,,,,,SC,IBIRAMA,19193,10162,0,573,156,1475,1037,0,3,65,3327,965,121,0,685,223,2,91,1,21,5,281,,,,,
,,,,,,SC,ICARA,63009,31851,0,2369,1213,4612,3108,0,35,123,10307,2506,186,0,2649,2023,1,306,0,47,13,1660,,,,,
,,,,,,SC,ILHOTA,15644,7618,0,494,334,1064,693,0,11,31,2892,871,29,0,775,566,0,52,0,7,7,200,,,,,
,,,,,,SC,IMARUI,8843,4061,0,205,39,623,445,0,6,53,2266,659,49,0,222,53,1,31,0,4,7,119,,,,,
,,,,,,SC,IMBITUBA,48110,23676,0,723,741,3074,3022,0,142,109,9186,2727,145,1,1668,1265,6,188,0,39,6,1392,,,,,
,,,,,,SC,IMBUIA,6421,3134,0,277,132,811,259,0,0,12,999,286,22,0,242,146,0,37,0,2,1,61,,,,,
,,,,,,SC,INDAIAL,65413,36605,0,1821,448,4392,3696,0,182,129,10556,3271,139,1,1936,545,2,300,1,73,12,1304,,,,,
,,,,,,SC,IOMERE,2803,1295,0,221,71,423,157,0,1,7,347,85,5,0,55,82,0,7,0,0,2,45,,,,,
,,,,,,SC,IPIRA,4386,2355,0,176,22,431,198,0,2,13,746,251,25,0,97,26,0,7,0,1,0,36,,,,,
,,,,,,SC,IPORA DO OESTE,9383,4030,0,420,316,1055,442,0,0,26,1759,337,62,0,250,439,4,24,0,0,2,217,,,,,
,,,,,,SC,IPUACU,4476,2344,0,169,46,474,169,0,2,21,849,131,51,0,105,64,0,9,0,1,0,41,,,,,
,,,,,,SC,IPUMIRIM,6549,3240,0,295,101,700,287,0,3,40,1250,172,30,0,81,257,0,25,1,2,3,62,,,,,
,,,,,,SC,IRACEMINHA,3587,1815,0,154,43,452,167,0,1,9,625,82,28,0,104,61,0,11,0,0,1,34,,,,,
,,,,,,SC,IRANI,8972,5006,0,566,287,948,437,0,3,41,822,135,86,0,188,330,0,23,2,1,3,94,,,,,
,,,,,,SC,IRATI,1799,849,0,74,27,212,64,0,2,8,427,49,6,0,25,41,0,1,0,0,0,14,,,,,
,,,,,,SC,IRINEOPOLIS,8603,4316,0,355,55,1230,350,0,0,14,1662,170,29,0,243,61,1,14,0,8,6,89,,,,,
,,,,,,SC,ITA,6047,3166,0,145,48,668,346,0,6,20,883,299,51,0,227,46,1,13,0,1,3,124,,,,,
,,,,,,SC,ITAIOPOLIS,19320,9979,0,866,83,2077,874,0,3,53,3935,475,142,0,503,79,0,52,0,5,3,191,,,,,
,,,,,,SC,ITAJAI,242111,106303,0,5715,7032,13420,12017,1,544,369,43975,26383,618,1,5782,11767,14,1640,0,90,27,6413,,,,,
,,,,,,SC,ITAPEMA,69802,32244,0,964,223,5628,5059,0,243,95,12745,5517,70,0,1753,324,4,215,1,26,18,4673,,,,,
,,,,,,SC,ITAPIRANGA,16201,7425,0,512,212,1430,780,0,3,29,3657,1105,104,0,368,281,1,32,0,1,1,260,,,,,
,,,,,,SC,ITAPOA,23343,11316,0,351,580,2159,1394,0,34,48,3656,963,58,0,947,787,1,63,2,14,13,957,,,,,
,,,,,,SC,ITUPORANGA,28057,14580,0,996,651,2817,1347,0,6,46,3520,1192,92,0,882,1157,1,137,1,36,1,595,,,,,
,,,,,,SC,JABORA,3565,1881,0,238,48,443,175,0,0,20,397,90,28,0,97,69,2,16,0,3,0,58,,,,,
,,,,,,SC,JACINTO MACHADO,10560,4482,0,514,175,1037,453,0,7,21,2568,479,45,0,351,227,0,23,0,5,2,171,,,,,
,,,,,,SC,JAGUARUNA,20660,10229,0,669,235,1553,1065,0,10,38,3469,1141,126,0,1154,280,2,101,0,11,6,571,,,,,
,,,,,,SC,JARAGUA DO SUL,151103,84539,0,3041,899,10233,9809,0,538,263,22555,7704,491,2,3913,1258,20,1108,1,61,28,4640,,,,,
,,,,,,SC,JARDINOPOLIS,1628,882,0,38,12,204,68,0,1,11,294,39,6,0,29,18,0,2,0,0,0,24,,,,,
,,,,,,SC,JOACABA,29127,15241,0,873,276,2618,1929,0,12,66,4096,2124,46,0,524,380,0,121,4,39,7,771,,,,,
,,,,,,SC,JOINVILLE,526470,313519,0,9320,5245,28959,31736,0,536,1084,75610,17459,1152,2,17614,8715,13,1986,5,423,68,13024,,,,,
,,,,,,SC,JOSE BOITEUX,4343,2314,0,161,55,363,163,0,1,25,854,137,25,0,133,56,0,15,0,5,1,35,,,,,
,,,,,,SC,JUPIA,2046,979,0,80,21,300,75,0,3,5,405,66,9,0,36,34,0,2,0,3,0,28,,,,,
,,,,,,SC,LACERDOPOLIS,2292,1029,0,145,121,298,85,0,0,9,294,78,10,0,59,125,0,8,0,1,0,30,,,,,
,,,,,,SC,LAGEADO GRANDE,1394,672,0,47,27,196,57,0,1,6,252,35,2,0,56,34,0,1,0,0,0,8,,,,,
,,,,,,SC,LAGES,143513,86051,0,3981,1632,11968,8030,0,38,308,17386,4172,439,0,3779,2375,12,617,3,44,23,2655,,,,,
,,,,,,SC,LAGUNA,34705,18498,0,554,141,1829,1933,0,60,130,6877,2575,88,0,819,190,8,152,2,8,8,833,,,,,
,,,,,,SC,LAURENTINO,7252,3614,0,357,56,809,341,0,1,9,1045,507,10,0,298,76,0,30,0,2,1,96,,,,,
,,,,,,SC,LAURO MULLER,16338,7830,0,507,264,964,603,0,7,42,2986,610,60,0,885,1291,1,54,0,5,2,227,,,,,
,,,,,,SC,LEBON REGIS,8513,5312,0,369,56,879,435,0,1,31,911,109,109,0,146,69,0,17,0,0,1,68,,,,,
,,,,,,SC,LEOBERTO LEAL,3097,1323,0,157,27,410,103,0,0,12,810,80,5,0,90,23,0,7,0,1,2,47,,,,,
,,,,,,SC,LINDOIA DO SUL,3702,1846,0,175,57,458,177,0,0,19,661,111,42,0,53,63,0,12,0,0,0,28,,,,,
,,,,,,SC,LONTRAS,11768,6029,0,460,89,1140,585,0,8,36,1921,636,50,0,465,130,1,40,1,2,1,174,,,,,
,,,,,,SC,LUIZ ALVES,13299,6351,0,574,104,1233,699,0,6,19,2588,881,40,0,423,152,1,18,2,5,0,203,,,,,
,,,,,,SC,LUZERNA,6064,3119,0,212,106,611,322,0,2,16,905,336,28,0,123,163,0,24,1,8,0,88,,,,,
,,,,,,SC,MACIEIRA,1329,708,0,89,2,192,70,0,1,10,185,7,19,0,28,5,0,2,0,0,0,11,,,,,
,,,,,,SC,MAFRA,51862,26837,0,1583,558,5303,2707,0,21,110,9075,2003,173,0,1758,753,7,124,1,8,10,831,,,,,
,,,,,,SC,MAJOR GERCINO,2808,1238,0,182,12,277,160,0,0,13,580,177,11,0,89,12,0,12,0,11,0,34,,,,,
,,,,,,SC,MAJOR VIEIRA,6104,2810,0,259,26,810,193,0,1,10,1535,235,20,0,110,42,0,10,0,0,1,42,,,,,
,,,,,,SC,MARACAJA,7579,3697,0,269,233,529,241,0,6,6,1499,359,18,0,233,358,0,24,0,0,1,106,,,,,
,,,,,,SC,MARAVILHA,28365,13502,0,1068,676,2810,1540,0,29,50,3942,2036,101,0,899,1064,0,50,0,13,11,574,,,,,
,,,,,,SC,MAREMA,1783,913,0,80,24,311,71,0,1,6,242,33,11,0,32,30,0,2,0,1,0,26,,,,,
,,,,,,SC,MASSARANDUBA,15585,7146,0,707,177,1496,772,0,30,43,3264,829,43,1,499,220,1,74,1,10,5,267,,,,,
,,,,,,SC,MATOS COSTA,2179,1246,0,79,8,269,120,0,2,11,292,23,21,0,68,16,0,4,0,1,0,19,,,,,
,,,,,,SC,MELEIRO,7376,3391,0,347,134,817,256,0,1,25,1459,271,25,0,311,156,0,8,1,4,2,168,,,,,
,,,,,,SC,MIRIM DOCE,2263,1167,0,96,13,178,98,0,2,9,465,113,17,0,52,19,1,6,0,1,0,26,,,,,
,,,,,,SC,MODELO,3751,1968,0,161,51,389,205,0,1,12,567,143,21,0,73,78,0,9,0,0,0,73,,,,,
,,,,,,SC,MONDAI,9922,4327,0,230,177,683,478,0,2,20,2463,652,56,0,348,309,0,19,0,5,1,152,,,,,
,,,,,,SC,MONTE CARLO,6616,4240,0,224,96,589,305,0,1,29,555,103,130,0,159,111,0,38,0,2,0,34,,,,,
,,,,,,SC,MONTE CASTELO,5956,3333,0,232,78,662,229,0,1,24,936,122,33,0,159,83,0,12,0,0,2,50,,,,,
,,,,,,SC,MORRO DA FUMACA,21921,9900,0,923,369,1299,826,0,28,30,5006,1921,40,0,643,411,1,103,0,20,4,397,,,,,
,,,,,,SC,MORRO GRANDE,2916,1316,0,205,39,268,64,0,3,6,632,177,11,0,95,50,0,2,0,1,1,46,,,,,
,,,,,,SC,NAVEGANTES,72189,31361,0,1088,1247,3627,3253,0,142,165,17121,9685,109,0,1611,1312,5,144,0,26,19,1274,,,,,
,,,,,,SC,NOVA ERECHIM,4287,2226,0,190,60,524,214,0,2,11,592,187,19,0,110,64,1,1,0,2,1,83,,,,,
,,,,,,SC,NOVA ITABERABA,4315,1938,0,179,45,556,151,0,1,13,1067,139,14,0,83,70,0,6,0,0,0,53,,,,,
,,,,,,SC,NOVA TRENTO,13142,6454,0,365,77,1230,774,0,94,80,2247,1073,57,0,315,85,0,39,1,4,1,246,,,,,
,,,,,,SC,NOVA VENEZA,13129,6284,0,548,241,1392,581,0,17,35,2500,426,53,0,453,308,0,29,0,11,1,250,,,,,
,,,,,,SC,NOVO HORIZONTE,2026,1048,0,83,15,284,72,0,0,15,365,48,14,0,35,29,0,3,0,1,0,14,,,,,
,,,,,,SC,ORLEANS,25878,11274,0,1000,916,2104,1161,0,8,57,3938,1390,64,0,1118,2130,1,56,0,1,3,657,,,,,
,,,,,,SC,OTACILIO COSTA,16104,8957,0,583,530,1500,647,0,6,54,1491,403,82,0,680,916,4,77,0,3,5,166,,,,,
,,,,,,SC,OURO,6678,3294,0,293,127,809,258,0,2,29,1004,399,30,0,186,141,1,23,0,2,1,79,,,,,
,,,,,,SC,OURO VERDE,1888,820,0,119,26,276,88,0,3,6,389,34,7,0,46,37,0,4,0,1,0,32,,,,,
,,,,,,SC,PAIAL,1229,571,0,31,22,145,49,0,0,1,282,42,12,0,28,34,0,3,0,0,0,9,,,,,
,,,,,,SC,PAINEL,1404,797,0,50,2,241,68,0,0,10,164,7,8,0,42,3,0,4,0,1,0,7,,,,,
,,,,,,SC,PALHOCA,175350,92698,0,3687,823,10973,9420,1,160,266,35339,10194,513,0,5513,1016,1,613,2,147,34,3950,,,,,
,,,,,,SC,PALMA SOLA,6536,3473,0,245,101,772,314,0,5,17,1044,175,46,0,91,128,0,9,0,1,1,114,,,,,
,,,,,,SC,PALMEIRA,2481,1147,0,169,126,291,91,0,0,7,293,32,8,0,66,208,0,18,0,1,0,24,,,,,
,,,,,,SC,PALMITOS,17269,7471,0,529,1037,1521,655,0,4,51,2854,821,78,0,470,1502,3,47,0,2,1,223,,,,,
,,,,,,SC,PAPANDUVA,15867,8172,0,732,137,1768,629,0,2,30,3002,520,119,0,333,186,1,55,0,0,3,178,,,,,
,,,,,,SC,PARAISO,3393,1801,0,122,17,387,118,0,0,10,740,81,16,0,41,27,0,1,0,0,1,31,,,,,
,,,,,,SC,PASSO DE TORRES,17266,8643,0,261,39,1679,1210,0,49,35,2182,846,49,0,1193,43,2,127,1,15,5,887,,,,,
,,,,,,SC,PASSOS MAIA,3313,1818,0,169,30,448,157,0,0,13,426,56,73,0,58,31,0,8,0,0,0,26,,,,,
,,,,,,SC,PAULO LOPES,7942,3603,0,336,112,694,343,0,6,17,1639,393,43,0,391,153,0,42,1,10,2,157,,,,,
,,,,,,SC,PEDRAS GRANDES,4618,1840,0,300,70,352,189,0,3,22,1261,274,21,0,97,101,0,18,0,0,0,70,,,,,
,,,,,,SC,PENHA,27881,13431,0,506,270,1883,1431,0,87,77,5411,2843,75,0,833,333,6,81,0,16,8,590,,,,,
,,,,,,SC,PERITIBA,2807,1489,0,178,55,317,134,0,0,5,385,66,9,0,59,59,0,16,0,0,1,34,,,,,
,,,,,,SC,PESCARIA BRAVA,6663,2956,0,212,88,493,267,0,10,9,1478,643,15,0,239,102,0,11,0,13,2,125,,,,,
,,,,,,SC,PETROLANDIA,6068,3000,0,224,81,649,271,0,0,13,1115,240,35,0,197,131,0,20,0,0,0,92,,,,,
,,,,,,SC,PINHALZINHO,20754,10849,0,697,500,2042,1196,0,11,31,2581,1102,78,0,521,588,4,45,0,3,3,503,,,,,
,,,,,,SC,PINHEIRO PRETO,3562,1641,0,362,148,404,142,0,0,15,432,120,17,0,62,163,0,8,0,0,0,48,,,,,
,,,,,,SC,PIRATUBA,5666,2979,0,168,22,671,234,0,2,16,837,331,28,0,202,31,0,21,0,0,5,119,,,,,
,,,,,,SC,PLANALTO ALEGRE,2570,1346,0,97,16,256,117,0,1,7,525,86,8,0,58,30,0,0,0,1,0,22,,,,,
,,,,,,SC,POMERODE,31500,17379,0,854,114,2464,1912,0,367,47,4571,1527,86,0,815,253,1,210,0,58,7,835,,,,,
,,,,,,SC,PONTE ALTA,3441,2023,0,209,68,384,145,0,0,11,309,31,15,0,126,82,0,14,0,3,2,19,,,,,
,,,,,,SC,PONTE ALTA DO NORTE,2293,1403,0,96,60,262,86,0,0,18,179,23,13,0,61,72,0,8,0,0,0,12,,,,,
,,,,,,SC,PONTE SERRADA,9421,5450,0,437,157,1014,517,0,3,46,730,164,194,0,291,223,0,42,1,1,4,147,,,,,
,,,,,,SC,PORTO BELO,25102,11867,0,422,83,2140,1551,0,57,60,4638,2040,58,0,879,145,1,106,0,17,5,1033,,,,,
,,,,,,SC,PORTO UNIAO,34733,18882,0,933,249,3556,2073,0,26,53,5288,1562,52,1,815,351,2,65,0,4,5,816,,,,,
,,,,,,SC,POUSO REDONDO,15194,8197,0,655,268,1459,704,0,7,27,2148,495,64,0,540,340,1,65,1,7,4,212,,,,,
,,,,,,SC,PRAIA GRANDE,9913,4416,0,318,27,829,452,0,6,32,2798,312,38,0,410,37,0,22,0,4,3,209,,,,,
,,,,,,SC,PRESIDENTE CASTELO BRANCO,1644,879,0,102,35,182,57,0,0,7,255,33,4,0,36,42,0,4,0,2,0,6,,,,,
,,,,,,SC,PRESIDENTE GETULIO,17089,8847,0,443,112,1400,839,0,13,76,2982,1134,117,0,615,127,2,60,1,5,1,315,,,,,
,,,,,,SC,PRESIDENTE NEREU,1961,893,0,63,5,205,80,0,0,11,533,78,9,0,32,6,0,12,0,1,0,33,,,,,
,,,,,,SC,PRINCESA,2713,1244,0,106,49,280,120,0,0,9,683,79,15,0,35,65,0,2,0,0,0,26,,,,,
,,,,,,SC,QUILOMBO,9800,4804,0,355,216,1037,395,0,4,41,1776,399,58,0,211,331,0,24,0,0,2,147,,,,,
,,,,,,SC,RANCHO QUEIMADO,3372,1477,0,189,7,421,199,0,2,11,675,127,9,0,148,5,0,10,0,3,0,89,,,,,
,,,,,,SC,RIO DAS ANTAS,4604,2511,0,253,24,587,204,0,0,11,689,75,45,0,118,28,0,19,0,1,0,39,,,,,
,,,,,,SC,RIO DO CAMPO,6078,3144,0,252,41,658,346,0,2,23,1104,158,32,0,155,38,2,12,0,5,1,105,,,,,
,,,,,,SC,RIO DO OESTE,6786,3431,0,257,34,710,326,0,0,17,1258,296,38,0,251,36,1,20,0,5,2,104,,,,,
,,,,,,SC,RIO DO SUL,65994,36325,0,1692,556,5551,4438,0,49,80,8078,3690,173,0,2130,832,7,403,1,41,19,1929,,,,,
,,,,,,SC,RIO DOS CEDROS,10636,5489,0,347,35,906,603,0,17,30,2059,441,47,0,370,71,0,42,0,13,2,164,,,,,
,,,,,,SC,RIO FORTUNA,5901,2474,0,371,66,750,274,0,1,13,1202,320,25,0,123,101,0,7,0,2,0,172,,,,,
,,,,,,SC,RIO NEGRINHO,39208,20455,0,1139,1118,3283,1947,0,24,82,5574,1100,139,0,1219,2347,5,208,1,8,13,546,,,,,
,,,,,,SC,RIO RUFINO,1912,1014,0,84,0,209,72,0,1,17,399,37,15,0,34,1,0,8,0,0,0,21,,,,,
,,,,,,SC,RIQUEZA,4329,2136,0,179,45,422,145,0,0,11,1015,124,37,0,91,63,0,8,0,4,1,48,,,,,
,,,,,,SC,RODEIO,12313,6605,0,443,96,957,769,0,13,28,1762,597,45,0,569,159,0,48,0,7,1,214,,,,,
,,,,,,SC,ROMELANDIA,4126,2030,0,125,26,435,136,0,1,19,1104,81,28,0,66,39,0,3,0,5,0,28,,,,,
,,,,,,SC,SALETE,8068,4071,0,249,71,711,353,0,4,10,1578,494,30,0,217,130,1,22,0,1,0,126,,,,,
,,,,,,SC,SALTINHO,3031,1555,0,103,9,281,80,0,3,6,809,83,29,0,45,16,0,2,0,0,0,10,,,,,
,,,,,,SC,SALTO VELOSO,3977,2005,0,204,64,577,228,0,1,20,573,87,17,0,68,73,0,8,0,0,0,52,,,,,
,,,,,,SC,SANGAO,13080,5558,0,564,629,816,443,0,4,22,2566,1039,21,0,377,739,0,53,1,12,2,234,,,,,
,,,,,,SC,SANTA CECILIA,13222,7846,0,524,234,1446,601,0,3,52,1176,116,98,0,432,467,1,36,0,19,4,167,,,,,
,,,,,,SC,SANTA HELENA,2266,1098,0,75,17,247,99,0,1,17,535,82,16,0,38,20,0,2,0,0,0,19,,,,,
,,,,,,SC,SANTA ROSA DE LIMA,2568,1033,0,174,19,276,106,0,0,8,665,162,11,0,44,32,0,4,0,0,0,34,,,,,
,,,,,,SC,SANTA ROSA DO SUL,9125,4476,0,322,189,626,382,0,10,20,1697,341,36,0,654,203,0,29,1,3,2,134,,,,,
,,,,,,SC,SANTA TEREZINHA,6019,2914,0,259,15,746,291,0,0,23,1423,95,34,0,95,20,0,11,0,2,1,90,,,,,
,,,,,,SC,SANTA TEREZINHA DO PROGRESSO,1985,960,0,70,19,186,53,0,0,13,532,56,33,0,26,27,0,3,0,0,0,7,,,,,
,,,,,,SC,SANTIAGO DO SUL,1290,581,0,75,19,171,42,0,0,8,258,59,6,0,25,27,0,3,0,0,0,16,,,,,
,,,,,,SC,SANTO AMARO DA IMPERATRIZ,25845,12702,0,890,139,2226,1348,0,22,40,4671,1716,92,0,984,142,0,90,0,26,3,754,,,,,
,,,,,,SC,SAO BENTO DO SUL,74550,42263,0,1837,663,6604,4194,0,59,181,10127,2830,281,1,2151,1004,13,322,1,14,11,1994,,,,,
,,,,,,SC,SAO BERNARDINO,2066,1031,0,76,6,239,69,0,0,24,483,46,27,0,32,13,0,2,0,1,1,16,,,,,
,,,,,,SC,SAO BONIFACIO,3087,1368,0,194,25,306,185,0,1,14,736,112,11,0,57,34,0,5,0,2,0,37,,,,,
,,,,,,SC,SAO CARLOS,9642,5059,0,283,83,919,424,0,3,23,1720,506,57,0,316,100,1,18,0,1,0,129,,,,,
,,,,,,SC,SAO CRISTOVAO DO SUL,3512,2171,0,203,85,375,162,0,0,14,238,28,15,0,123,68,0,12,0,1,0,17,,,,,
,,,,,,SC,SAO DOMINGOS,8580,4292,0,428,162,1077,419,0,4,47,1162,249,95,0,234,248,0,11,0,3,0,149,,,,,
,,,,,,SC,SAO FRANCISCO DO SUL,41473,21148,0,685,970,2269,2089,0,73,89,7343,2633,120,0,1824,1112,6,274,1,34,11,792,,,,,
,,,,,,SC,SAO JOAO BATISTA,30199,15527,0,757,133,1910,1430,0,51,50,5269,3601,98,0,692,135,0,83,0,7,6,450,,,,,
,,,,,,SC,SAO JOAO DO ITAPERIU,4385,1874,0,350,95,364,172,0,4,10,888,237,11,0,202,110,0,19,0,3,1,45,,,,,
,,,,,,SC,SAO JOAO DO OESTE,6192,2854,0,271,99,726,277,0,0,21,1339,172,24,0,141,143,1,10,0,0,0,114,,,,,
,,,,,,SC,SAO JOAO DO SUL,9195,4256,0,285,61,827,343,0,7,9,2314,339,24,0,507,72,0,32,0,3,2,114,,,,,
,,,,,,SC,SAO JOAQUIM,22261,12510,0,1435,65,3367,1255,0,2,150,2140,106,305,0,475,76,3,73,0,10,2,287,,,,,
,,,,,,SC,SAO JOSE,221156,121816,0,4044,654,13341,13326,0,190,298,43303,9882,327,1,6103,804,2,1036,5,131,54,5839,,,,,
,,,,,,SC,SAO JOSE DO CEDRO,13319,6470,0,510,299,1507,633,0,4,26,2236,599,94,0,253,453,0,32,1,2,4,196,,,,,
,,,,,,SC,SAO JOSE DO CERRITO,5822,3162,0,316,28,878,205,0,0,29,819,31,83,0,162,60,0,11,0,5,0,33,,,,,
,,,,,,SC,SAO LOURENCO D'OESTE,26463,13865,0,1023,560,2598,1211,0,6,60,3810,1033,124,0,746,718,1,70,2,14,10,612,,,,,
,,,,,,SC,SAO LUDGERO,13587,6407,0,739,154,1246,732,0,8,20,2420,832,35,0,353,163,3,40,0,4,0,431,,,,,
,,,,,,SC,SAO MARTINHO,3777,1743,0,190,69,361,160,0,0,14,785,152,6,0,104,91,0,11,0,0,1,90,,,,,
,,,,,,SC,SAO MIGUEL D'OESTE,45829,22987,0,1348,595,4764,2792,0,15,97,6654,2701,156,2,1625,942,2,106,2,9,7,1025,,,,,
,,,,,,SC,SAO MIGUEL DA BOA VISTA,1507,745,0,47,12,152,56,0,0,5,345,61,8,0,41,23,0,2,0,0,0,10,,,,,
,,,,,,SC,SAO PEDRO DE ALCANTARA,3795,1812,0,181,14,406,208,0,1,11,771,142,5,0,129,15,0,8,0,1,1,90,,,,,
,,,,,,SC,SAUDADES,8524,4383,0,359,75,849,371,0,0,22,1624,394,53,0,164,95,2,15,0,2,0,116,,,,,
,,,,,,SC,SCHROEDER,15392,8169,0,354,104,1011,847,0,46,29,2829,856,48,0,585,133,1,51,2,11,5,311,,,,,
,,,,,,SC,SEARA,16985,9063,0,516,410,1577,863,0,7,109,2433,780,145,0,315,481,3,58,0,0,7,218,,,,,
,,,,,,SC,SERRA ALTA,2826,1414,0,108,41,327,131,0,0,8,472,105,21,0,83,45,0,4,0,0,0,67,,,,,
,,,,,,SC,SIDEROPOLIS,12195,6265,0,455,289,991,645,0,7,25,1979,306,69,0,455,419,0,40,0,7,2,241,,,,,
,,,,,,SC,SOMBRIO,31019,16602,0,1077,459,2137,1450,0,40,88,4582,1446,164,0,1550,625,5,139,0,8,6,641,,,,,
,,,,,,SC,SUL BRASIL,2326,1211,0,90,13,229,72,0,1,10,543,69,15,0,31,25,0,8,0,1,0,8,,,,,
,,,,,,SC,TAIO,18620,9249,0,755,149,1742,1130,0,11,31,3276,942,77,0,606,178,9,106,1,17,10,331,,,,,
,,,,,,SC,TANGARA,7666,3873,0,523,170,910,392,0,2,23,1100,213,62,0,110,174,0,32,1,5,0,76,,,,,
,,,,,,SC,TIGRINHOS,1978,932,0,55,18,214,64,0,1,8,458,135,16,0,34,20,0,1,0,0,0,22,,,,,
,,,,,,SC,TIJUCAS,49200,22586,0,1630,1091,3388,2389,0,27,95,8542,4665,145,0,1630,1915,6,153,0,36,4,898,,,,,
,,,,,,SC,TIMBE DO SUL,5001,2218,0,220,28,463,221,0,8,18,1311,207,22,0,140,39,2,14,0,3,0,87,,,,,
,,,,,,SC,TIMBO,39996,22155,0,869,141,3003,2695,1,126,78,5489,2225,60,1,1438,265,4,249,3,41,6,1147,,,,,
,,,,,,SC,TIMBO GRANDE,5077,2774,0,228,30,602,196,0,0,15,908,109,47,0,89,39,0,7,0,1,0,32,,,,,
,,,,,,SC,TRES BARRAS,15228,8276,0,361,316,1106,532,0,3,39,2274,688,79,0,745,612,0,47,0,2,2,146,,,,,
,,,,,,SC,TREVISO,3423,1698,0,112,26,327,169,0,0,13,708,139,10,0,113,55,0,4,0,1,0,48,,,,,
,,,,,,SC,TREZE DE MAIO,8804,3536,0,463,299,659,324,0,5,21,2101,613,32,0,202,351,0,48,0,4,0,146,,,,,
,,,,,,SC,TREZE TILIAS,8940,4289,0,516,349,1200,429,0,4,22,957,264,67,0,214,412,0,14,0,5,0,198,,,,,
,,,,,,SC,TROMBUDO CENTRAL,6803,3661,0,266,68,645,383,0,2,23,892,354,27,0,262,100,1,47,0,3,1,68,,,,,
,,,,,,SC,TUBARAO,115884,54481,0,2917,2285,7382,6242,0,242,141,20368,10428,257,0,2823,3339,31,562,1,33,19,4333,,,,,
,,,,,,SC,TUNAPOLIS,4570,2071,0,147,58,555,187,0,1,36,1114,129,27,0,94,67,0,2,0,0,0,82,,,,,
,,,,,,SC,TURVO,13598,6329,0,630,316,1391,591,0,12,29,2295,582,61,0,459,502,3,26,0,13,4,355,,,,,
,,,,,,SC,UNIAO DO OESTE,2620,1360,0,82,18,259,100,0,0,11,632,35,15,0,60,13,0,6,0,2,0,27,,,,,
,,,,,,SC,URUBICI,10158,4918,0,375,26,1158,697,0,2,41,1733,355,68,0,455,32,1,50,0,7,4,236,,,,,
,,,,,,SC,URUPEMA,1684,918,0,95,2,278,87,0,0,18,188,5,15,0,46,4,0,6,0,2,0,20,,,,,
,,,,,,SC,URUSSANGA,21519,10694,0,576,255,1665,1162,0,9,44,4429,1083,78,0,628,349,0,80,0,2,4,461,,,,,
,,,,,,SC,VARGEAO,3119,1572,0,189,87,373,200,0,2,9,345,67,13,0,93,102,0,6,0,0,0,61,,,,,
,,,,,,SC,VARGEM,1951,1127,0,80,13,215,91,0,0,5,309,19,18,0,45,18,0,5,0,1,0,5,,,,,
,,,,,,SC,VARGEM BONITA,3963,2458,0,215,83,416,171,0,3,10,356,25,17,0,105,72,0,14,0,1,0,17,,,,,
,,,,,,SC,VIDAL RAMOS,5930,2810,0,228,25,663,258,0,0,15,1333,293,17,0,150,28,0,38,0,3,0,69,,,,,
,,,,,,SC,VIDEIRA,55706,28073,0,2110,1618,5434,2642,0,20,160,8120,3541,234,1,895,1769,1,170,1,9,16,892,,,,,
,,,,,,SC,VITOR MEIRELES,4282,2142,0,109,12,439,204,0,2,16,1012,136,19,0,102,17,0,14,0,4,0,54,,,,,
,,,,,,SC,WITMARSUM,3912,1911,0,160,68,413,192,0,3,11,708,103,14,0,165,86,0,20,0,0,0,58,,,,,
,,,,,,SC,XANXERE,49420,25267,0,1566,1072,5193,3000,0,25,146,5680,2869,153,0,1396,1739,2,170,1,19,10,1112,,,,,
,,,,,,SC,XAVANTINA,2985,1336,0,255,41,508,164,0,0,20,431,58,9,0,56,56,0,8,0,0,1,42,,,,,
,,,,,,SC,XAXIM,29756,14140,0,903,1577,2699,1582,0,25,87,3772,1353,161,0,546,2334,3,101,0,0,9,464,,,,,
,,,,,,SC,ZORTEA,2272,1301,0,63,3,291,98,0,0,14,345,63,13,0,53,5,0,7,0,0,0,16,,,,,
,,,,,,SE,AMPARO DE SAO FRANCISCO,715,196,0,10,0,39,7,0,14,16,344,66,7,0,10,0,0,0,0,0,0,6,,,,,
,,,,,,SE,AQUIDABA,7967,2025,0,139,24,384,78,0,50,27,4429,551,63,0,138,22,0,7,0,0,8,22,,,,,
,,,,,,SE,ARACAJU,379705,186835,0,6288,1035,26042,15390,0,7581,1117,86901,19857,3329,2,13441,1335,32,821,0,96,168,9435,,,,,
,,,,,,SE,ARAUA,3433,1196,0,88,6,198,30,0,55,22,1511,209,22,0,79,1,0,4,0,0,0,12,,,,,
,,,,,,SE,AREIA BRANCA,6768,2270,0,219,42,344,66,0,336,30,2728,362,28,0,268,48,0,3,0,0,9,15,,,,,
,,,,,,SE,BARRA DOS COQUEIROS,16122,7457,0,165,34,887,690,0,454,52,4075,1087,58,0,614,51,0,10,0,5,2,481,,,,,
,,,,,,SE,BOQUIM,12441,3428,0,242,20,582,111,0,496,26,5480,1682,61,0,201,18,0,3,0,0,11,80,,,,,
,,,,,,SE,BREJO GRANDE,1257,303,0,9,1,82,8,0,11,9,719,50,20,0,44,0,0,1,0,0,0,0,,,,,
,,,,,,SE,CAMPO DO BRITO,11127,2527,0,1207,48,669,109,0,275,19,4355,1561,73,0,158,52,0,9,0,0,1,64,,,,,
,,,,,,SE,CANHOBA,1200,264,0,11,0,62,7,0,3,8,791,38,10,0,2,0,0,1,0,0,0,3,,,,,
,,,,,,SE,CANINDE DE SAO FRANCISCO,10912,3315,0,234,22,771,93,0,128,118,5389,530,66,0,157,26,0,5,0,0,6,52,,,,,
,,,,,,SE,CAPELA,10888,3447,0,192,24,421,139,0,261,58,4585,1255,103,0,308,39,0,6,0,0,3,47,,,,,
,,,,,,SE,CARIRA,10761,3019,0,333,45,756,116,0,198,36,5406,410,110,0,177,95,0,7,0,1,5,47,,,,,
,,,,,,SE,CARMOPOLIS,5825,2327,0,141,23,319,115,0,279,29,1619,630,20,0,230,41,0,6,0,1,5,40,,,,,
,,,,,,SE,CEDRO DE SAO JOAO,2125,682,0,27,6,104,25,0,30,10,847,229,8,0,138,6,0,2,0,0,2,9,,,,,
,,,,,,SE,CRISTINAPOLIS,6247,1813,0,171,21,329,56,0,217,31,3011,325,71,0,143,22,0,8,0,0,1,28,,,,,
,,,,,,SE,CUMBE,1535,429,0,48,8,71,9,0,9,14,759,119,14,0,29,16,0,0,0,0,0,10,,,,,
,,,,,,SE,DIVINA PASTORA,1061,535,0,15,2,59,15,0,31,7,316,42,10,0,23,2,0,2,0,0,0,2,,,,,
,,,,,,SE,ESTANCIA,35995,11346,0,655,122,2041,596,0,3760,208,11544,3799,421,0,1047,162,4,28,0,0,12,250,,,,,
,,,,,,SE,FEIRA NOVA,2075,616,0,31,1,72,19,0,40,14,1083,117,11,0,29,23,0,2,0,0,0,17,,,,,
,,,,,,SE,FREI PAULO,6307,1998,0,199,24,457,64,0,352,16,2420,481,37,0,183,45,0,3,0,0,3,25,,,,,
,,,,,,SE,GARARU,3099,701,0,64,0,180,23,0,12,16,1943,83,28,0,41,0,0,1,0,0,0,7,,,,,
,,,,,,SE,GENERAL MAYNARD,1080,428,0,13,2,38,34,0,39,9,354,109,12,0,32,5,0,1,0,0,0,4,,,,,
,,,,,,SE,GRACCHO CARDOSO,2221,594,0,30,1,116,10,0,14,10,1326,71,8,0,28,6,0,1,0,0,1,5,,,,,
,,,,,,SE,ILHA DAS FLORES,1878,524,0,22,1,104,19,0,22,11,973,117,16,0,55,4,0,3,0,0,0,7,,,,,
,,,,,,SE,INDIAROBA,4108,1587,0,56,1,265,58,0,242,25,1510,172,29,0,143,1,0,3,0,0,0,16,,,,,
,,,,,,SE,ITABAIANA,84860,19021,0,3991,574,4665,906,0,10434,162,29345,11656,254,0,2267,786,0,44,0,1,104,650,,,,,
,,,,,,SE,ITABAIANINHA,17369,4286,0,720,40,984,160,0,444,86,9201,1026,85,0,171,51,0,9,0,0,7,99,,,,,
,,,,,,SE,ITABI,1881,488,0,28,2,98,7,0,8,4,1115,85,7,0,25,4,0,0,0,1,0,9,,,,,
,,,,,,SE,ITAPORANGA D'AJUDA,10901,3939,0,274,57,552,151,0,408,50,4092,856,80,0,331,62,0,3,0,0,4,42,,,,,
,,,,,,SE,JAPARATUBA,5699,2413,0,96,9,303,120,0,132,31,1969,252,132,0,193,17,0,6,0,0,1,25,,,,,
,,,,,,SE,JAPOATA,4022,1266,0,67,11,287,64,0,44,13,1889,179,55,0,114,16,0,3,0,0,1,13,,,,,
,,,,,,SE,LAGARTO,67797,18242,0,1465,373,4358,960,0,1916,160,28069,9656,303,0,1382,397,0,42,0,1,10,463,,,,,
,,,,,,SE,LARANJEIRAS,8761,3443,0,133,271,351,128,0,344,66,2799,507,47,0,319,291,0,9,0,1,3,49,,,,,
,,,,,,SE,MACAMBIRA,3160,694,0,95,8,149,21,0,23,5,1751,298,16,0,64,17,0,0,0,4,5,10,,,,,
,,,,,,SE,MALHADA DOS BOIS,1304,462,0,29,8,93,23,0,22,6,493,74,14,0,53,18,0,0,0,0,0,9,,,,,
,,,,,,SE,MALHADOR,5038,1376,0,266,40,404,42,0,149,29,2174,263,70,0,166,41,0,3,0,0,2,13,,,,,
,,,,,,SE,MARUIM,4750,2203,0,56,48,204,97,0,301,75,1142,356,37,0,141,43,0,7,0,0,2,38,,,,,
,,,,,,SE,MOITA BONITA,6385,1463,0,517,79,405,32,0,102,18,2472,996,29,0,134,115,0,0,0,1,2,20,,,,,
,,,,,,SE,MONTE ALEGRE DE SERGIPE,5316,1623,0,243,30,389,33,0,18,52,2491,188,63,0,96,67,0,3,0,1,5,14,,,,,
,,,,,,SE,MURIBECA,2361,837,0,50,6,126,25,0,40,6,1020,111,58,0,70,3,0,1,0,0,2,6,,,,,
,,,,,,SE,NEOPOLIS,5617,1607,0,55,4,253,78,0,131,29,2704,532,46,0,128,4,0,5,0,1,1,39,,,,,
,,,,,,SE,NOSSA SENHORA APARECIDA,3908,1158,0,155,21,256,24,0,51,12,1916,184,31,0,63,25,0,1,0,1,0,10,,,,,
,,,,,,SE,NOSSA SENHORA DA GLORIA,25510,6577,0,877,132,1736,281,0,467,156,11778,2233,351,0,456,254,0,7,0,3,25,177,,,,,
,,,,,,SE,NOSSA SENHORA DAS DORES,12372,3343,0,267,44,613,134,0,343,56,5845,956,302,0,371,38,0,8,0,0,8,44,,,,,
,,,,,,SE,NOSSA SENHORA DE LOURDES,2345,581,0,38,9,148,17,0,2,10,1380,65,14,0,53,14,0,0,0,1,2,11,,,,,
,,,,,,SE,NOSSA SENHORA DO SOCORRO,73966,30879,0,1473,364,3120,1406,0,2936,196,25335,4920,514,0,2006,414,2,71,0,20,25,285,,,,,
,,,,,,SE,PACATUBA,4186,1090,0,393,3,192,27,0,19,11,2130,124,87,0,93,0,0,2,0,0,3,12,,,,,
,,,,,,SE,PEDRA MOLE,812,243,0,13,1,52,4,0,11,3,435,30,7,0,12,1,0,0,0,0,0,0,,,,,
,,,,,,SE,PEDRINHAS,3183,831,0,60,0,168,22,0,54,9,1665,254,20,0,68,7,0,5,0,0,2,18,,,,,
,,,,,,SE,PINHAO,2053,611,0,42,19,116,18,0,40,15,1015,80,18,0,51,21,0,1,0,0,0,6,,,,,
,,,,,,SE,PIRAMBU,2467,888,0,45,6,136,41,0,46,7,976,147,34,0,125,1,0,2,0,0,1,12,,,,,
,,,,,,SE,POCO REDONDO,8640,2179,0,259,22,544,57,0,43,68,5026,194,85,0,78,48,0,4,0,0,8,25,,,,,
,,,,,,SE,POCO VERDE,9290,3056,0,162,18,736,117,0,48,47,4279,521,124,0,110,22,0,6,0,0,6,38,,,,,
,,,,,,SE,PORTO DA FOLHA,7865,2083,0,148,3,594,74,0,29,65,4466,259,36,0,65,5,0,3,0,0,5,30,,,,,
,,,,,,SE,PROPRIA,15859,3953,0,276,49,721,209,0,926,29,7208,1924,75,0,348,52,1,14,0,0,12,62,,,,,
,,,,,,SE,RIACHAO DO DANTAS,5393,1529,0,54,1,369,53,0,17,5,2872,393,34,0,51,1,0,4,0,0,0,10,,,,,
,,,,,,SE,RIACHUELO,2055,919,0,54,7,106,48,0,82,12,637,82,12,0,68,13,0,5,0,0,0,10,,,,,
,,,,,,SE,RIBEIROPOLIS,10398,2619,0,269,133,719,97,0,148,39,4111,1439,108,0,328,314,0,4,0,1,1,68,,,,,
,,,,,,SE,ROSARIO DO CATETE,3159,1302,0,54,3,133,49,0,146,25,942,381,15,0,82,13,0,1,0,0,2,11,,,,,
,,,,,,SE,SALGADO,8249,2566,0,182,9,517,97,0,220,19,3547,652,199,0,186,14,1,6,0,3,0,31,,,,,
,,,,,,SE,SANTA LUZIA DO ITANHY,3047,1116,0,47,2,156,42,0,174,16,1242,87,39,0,118,1,0,3,0,0,0,4,,,,,
,,,,,,SE,SANTA ROSA DE LIMA,1101,368,0,23,1,62,10,0,19,6,492,80,12,0,20,1,0,0,0,0,2,5,,,,,
,,,,,,SE,SANTANA DO SAO FRANCISCO,1474,375,0,21,0,65,14,0,27,7,776,152,11,0,22,0,0,0,0,0,0,4,,,,,
,,,,,,SE,SANTO AMARO DAS BROTAS,3634,1476,0,29,12,160,66,0,112,9,1269,347,16,0,107,13,0,3,0,0,1,14,,,,,
,,,,,,SE,SAO CRISTOVAO,36219,15321,0,610,174,1887,668,0,1242,296,11537,2497,540,0,1016,171,0,31,0,1,31,197,,,,,
,,,,,,SE,SAO DOMINGOS,4452,1164,0,212,3,213,32,0,36,10,1995,683,28,0,55,4,0,1,0,0,1,15,,,,,
,,,,,,SE,SAO FRANCISCO,1134,416,0,26,5,61,13,0,16,5,402,106,25,0,52,2,0,1,0,0,0,4,,,,,
,,,,,,SE,SAO MIGUEL DO ALEIXO,1197,327,0,18,3,75,7,0,13,5,604,105,8,0,25,1,0,0,0,0,0,6,,,,,
,,,,,,SE,SIMAO DIAS,22825,5853,0,344,45,1319,241,0,327,52,11838,1910,384,0,328,51,0,6,0,0,16,111,,,,,
,,,,,,SE,SIRIRI,2230,884,0,39,3,122,26,0,45,13,855,78,105,0,48,7,0,0,0,0,0,5,,,,,
,,,,,,SE,TELHA,1269,337,0,19,3,43,9,0,38,10,670,103,8,0,23,1,0,0,0,0,1,4,,,,,
,,,,,,SE,TOBIAS BARRETO,28165,6792,0,456,40,1535,320,0,745,118,14857,2412,317,0,348,37,0,20,0,0,12,156,,,,,
,,,,,,SE,TOMAR DO GERU,4278,1090,0,115,8,240,31,0,28,16,2548,110,21,0,44,10,0,3,0,0,2,12,,,,,
,,,,,,SE,UMBAUBA,13174,3726,0,407,60,723,129,0,912,68,5819,813,58,0,315,74,0,5,0,0,7,58,,,,,
,,,,,,SP,ADAMANTINA,31983,16329,0,792,336,2782,1249,0,227,59,5427,2331,98,0,1192,606,3,87,0,3,9,453,,,,,
,,,,,,SP,ADOLFO,3125,1715,0,68,48,292,73,0,3,3,460,90,27,0,240,66,1,7,0,3,2,27,,,,,
,,,,,,SP,AGUAI,27180,13507,0,1074,319,1975,1068,0,154,106,5928,1587,254,1,481,382,2,43,0,5,7,287,,,,,
,,,,,,SP,AGUAS DA PRATA,5880,3360,0,179,23,559,273,0,22,25,983,197,19,0,86,36,1,12,0,1,1,103,,,,,
,,,,,,SP,AGUAS DE LINDOIA,17814,9470,0,257,15,1396,712,0,22,119,4121,946,181,0,228,26,0,14,0,0,6,301,,,,,
,,,,,,SP,AGUAS DE SANTA BARBARA,5647,3280,0,173,71,592,236,0,3,56,699,110,35,0,219,96,2,8,0,0,1,66,,,,,
,,,,,,SP,AGUAS DE SAO PEDRO,3244,1965,0,36,2,291,190,0,9,13,381,113,7,0,128,4,0,16,0,3,1,85,,,,,
,,,,,,SP,AGUDOS,27997,15850,0,787,447,1961,1060,0,31,141,4605,1492,116,0,606,582,2,54,0,10,8,245,,,,,
,,,,,,SP,ALAMBARI,3779,1878,0,163,17,318,130,0,6,16,936,161,12,0,88,22,0,3,0,2,0,27,,,,,
,,,,,,SP,ALFREDO MARCONDES,3160,1777,0,103,8,397,99,0,5,18,503,82,13,0,115,15,0,5,0,0,2,18,,,,,
,,,,,,SP,ALTAIR,2148,1357,0,74,13,208,54,0,0,15,230,23,50,0,88,23,0,1,0,1,0,11,,,,,
,,,,,,SP,ALTINOPOLIS,12236,7522,0,430,199,1257,611,0,34,59,997,163,152,0,333,247,4,33,0,0,7,188,,,,,
,,,,,,SP,ALTO ALEGRE,3076,1466,0,135,72,398,91,0,0,9,493,63,54,0,187,93,0,3,0,0,0,12,,,,,
,,,,,,SP,ALUMINIO,11353,7449,0,319,89,722,431,0,5,63,1757,172,37,0,162,44,1,27,0,4,5,66,,,,,
,,,,,,SP,ALVARES FLORENCE,2634,1409,0,93,32,313,74,0,2,10,412,82,17,0,116,49,0,6,0,0,1,18,,,,,
,,,,,,SP,ALVARES MACHADO,20388,10503,0,571,96,1821,662,0,29,35,4617,994,44,0,578,141,0,54,0,4,5,234,,,,,
,,,,,,SP,ALVARO DE CARVALHO,1745,1135,0,41,3,125,65,0,1,10,264,13,35,0,40,3,0,3,0,0,0,7,,,,,
,,,,,,SP,ALVINLANDIA,1898,1142,0,48,14,198,71,0,3,8,259,29,26,0,57,19,0,3,0,0,6,15,,,,,
,,,,,,SP,AMERICANA,212466,126425,0,3672,999,16355,11611,0,721,528,33486,7816,571,0,3523,1380,11,634,0,58,50,4626,,,,,
,,,,,,SP,AMERICO BRASILIENSE,29288,15429,0,743,628,1697,1020,0,94,93,6420,838,218,0,964,822,5,76,0,60,12,169,,,,,
,,,,,,SP,AMERICO DE CAMPOS,4656,2668,0,155,30,485,126,0,3,21,658,197,37,0,201,42,0,13,0,0,0,20,,,,,
,,,,,,SP,AMPARO,64089,32932,0,1513,341,4433,3108,0,121,248,15509,3459,172,0,701,498,4,209,0,11,26,804,,,,,
,,,,,,SP,ANALANDIA,3465,2023,0,135,71,263,180,0,11,21,468,44,25,0,91,87,1,6,0,0,2,37,,,,,
,,,,,,SP,ANDRADINA,54587,25300,0,1269,488,3948,1361,0,160,127,12030,6491,216,1,2091,490,10,58,0,5,45,497,,,,,
,,,,,,SP,ANGATUBA,17061,9071,0,477,203,1462,592,0,27,52,3327,834,162,0,366,290,2,62,0,5,6,123,,,,,
,,,,,,SP,ANHEMBI,3222,2005,0,98,14,327,129,0,7,42,371,23,39,0,120,19,0,8,0,1,0,19,,,,,
,,,,,,SP,ANHUMAS,2610,1454,0,95,9,299,80,0,0,18,432,75,17,0,92,18,0,1,0,0,1,19,,,,,
,,,,,,SP,APARECIDA,24540,13271,0,503,55,1639,1520,0,86,101,5055,812,615,0,377,73,1,66,0,8,17,341,,,,,
,,,,,,SP,APARECIDA D'OESTE,3824,2127,0,130,11,360,109,0,10,13,605,166,38,0,213,13,0,11,0,0,0,18,,,,,
,,,,,,SP,APIAI,15536,7796,0,511,202,1360,548,0,10,83,3942,355,122,0,219,247,1,21,0,8,4,107,,,,,
,,,,,,SP,ARACARIGUAMA,15813,8799,0,603,214,1317,680,0,7,74,2709,312,64,0,341,430,0,20,0,18,1,224,,,,,
,,,,,,SP,ARACATUBA,199327,89683,0,3866,1640,12721,7788,0,2474,295,49674,18335,780,0,6302,2376,18,492,0,22,68,2793,,,,,
,,,,,,SP,ARACOIABA DA SERRA,29553,16248,0,712,153,2472,1318,0,21,107,6155,829,35,0,669,157,2,54,0,18,13,590,,,,,
,,,,,,SP,ARAMINA,3703,2320,0,121,69,377,125,0,10,21,291,44,33,0,145,114,0,8,0,1,1,23,,,,,
,,,,,,SP,ARANDU,3855,2267,0,102,8,341,189,0,0,21,627,76,39,0,127,14,0,8,0,1,1,34,,,,,
,,,,,,SP,ARAPEI,1322,778,0,52,2,111,55,0,10,14,242,13,9,0,27,0,0,0,0,0,0,9,,,,,
,,,,,,SP,ARARAQUARA,214548,117972,0,4001,1686,13458,10265,5,1415,538,44067,8129,1201,0,4801,2784,12,353,0,34,144,3683,,,,,
,,,,,,SP,ARARAS,121135,63327,0,2426,879,7473,5216,0,1204,331,24935,10294,480,0,1539,1162,14,336,1,34,28,1456,,,,,
,,,,,,SP,ARCO-IRIS,1247,612,0,92,9,152,33,0,1,7,228,37,14,0,40,15,0,0,0,0,0,7,,,,,
,,,,,,SP,AREALVA,5710,3010,0,243,27,723,207,0,5,44,894,188,42,0,223,39,2,10,0,0,3,50,,,,,
,,,,,,SP,AREIAS,2023,1190,0,59,1,180,74,0,5,4,424,15,9,0,43,2,0,1,0,0,0,16,,,,,
,,,,,,SP,AREIOPOLIS,6697,4153,0,168,49,425,234,0,14,37,899,180,165,0,254,62,1,13,0,0,2,41,,,,,
,,,,,,SP,ARIRANHA,6847,3688,0,257,136,587,229,1,9,24,878,153,170,0,331,325,1,14,0,2,3,39,,,,,
,,,,,,SP,ARTUR NOGUEIRA,48600,26689,0,1220,309,3826,2116,0,133,142,9989,1993,225,0,1018,311,0,101,0,1,9,518,,,,,
,,,,,,SP,ARUJA,71192,42246,0,2809,778,5494,4522,1,107,357,8744,1695,506,0,955,858,3,274,0,80,33,1730,,,,,
,,,,,,SP,ASPASIA,1434,774,0,22,2,146,27,0,1,10,291,29,7,0,108,6,0,7,0,0,0,4,,,,,
,,,,,,SP,ASSIS,95210,45732,0,2356,1090,7155,3696,0,706,224,21684,5786,424,0,2931,1940,7,182,1,74,45,1177,,,,,
,,,,,,SP,ATIBAIA,149540,81409,0,3078,1166,11245,8087,0,205,463,29385,5548,311,1,2099,2773,8,162,0,80,54,3466,,,,,
,,,,,,SP,AURIFLAMA,13444,6498,0,448,76,1345,521,0,23,39,2781,767,68,0,600,108,1,28,0,0,2,139,,,,,
,,,,,,SP,AVAI,2731,1550,0,110,54,261,112,0,1,24,332,27,39,0,121,77,0,6,0,1,0,16,,,,,
,,,,,,SP,AVANHANDAVA,7464,3935,0,226,76,487,217,0,13,21,1404,374,104,0,359,181,0,8,0,4,0,55,,,,,
,,,,,,SP,AVARE,78122,42515,0,1625,407,6082,3644,0,145,167,14832,4144,301,0,2355,571,4,181,0,6,23,1120,,,,,
,,,,,,SP,BADY BASSITT,21374,11922,0,464,281,1936,859,0,43,35,3493,661,79,1,870,405,2,12,0,28,13,270,,,,,
,,,,,,SP,BALBINOS,912,569,0,30,3,78,39,0,0,5,122,22,8,0,23,7,0,1,0,0,0,5,,,,,
,,,,,,SP,BALSAMO,8217,4301,0,271,103,891,357,0,12,6,1185,413,22,0,295,230,2,7,0,3,1,118,,,,,
,,,,,,SP,BANANAL,5388,3146,0,184,30,447,260,0,35,27,934,66,46,0,89,24,0,11,0,1,2,86,,,,,
,,,,,,SP,BARAO DE ANTONINA,1804,1032,0,52,3,182,48,0,0,6,350,33,15,0,65,8,0,4,0,0,1,5,,,,,
,,,,,,SP,BARBOSA,3961,2190,0,131,20,263,93,0,8,11,813,130,57,0,177,41,0,7,0,0,1,19,,,,,
,,,,,,SP,BARIRI,29542,15051,0,1002,274,2586,1307,0,211,77,5605,1658,120,1,850,356,5,191,0,0,10,238,,,,,
,,,,,,SP,BARRA BONITA,32596,18174,0,944,253,2353,1639,8,204,80,5513,1352,279,0,966,341,16,110,0,4,20,340,,,,,
,,,,,,SP,BARRA DO CHAPEU,3259,1357,0,104,7,347,118,0,2,22,1179,35,20,0,35,13,0,3,0,0,2,15,,,,,
,,,,,,SP,BARRA DO TURVO,2537,1253,0,119,36,224,70,0,5,29,547,53,76,0,93,15,1,2,0,0,2,12,,,,,
,,,,,,SP,BARRETOS,116635,55359,0,2539,670,8043,5312,1,921,307,28103,9374,573,1,2616,983,16,188,1,11,49,1568,,,,,
,,,,,,SP,BARRINHA,20738,10909,0,595,153,1463,879,0,109,108,3719,1540,266,0,483,185,1,46,0,54,20,208,,,,,
,,,,,,SP,BARUERI,232592,129358,0,7363,2657,17193,14485,0,139,901,34868,7759,1293,1,2084,4559,4,612,0,225,47,9044,,,,,
,,,,,,SP,BASTOS,20561,9798,0,1037,264,1664,566,0,65,44,3875,1815,196,0,570,414,5,35,0,0,2,211,,,,,
,,,,,,SP,BATATAIS,50783,27570,0,1267,388,4469,2418,0,647,169,8661,1757,227,0,1472,645,3,338,0,3,18,731,,,,,
,,,,,,SP,BAURU,322369,188604,0,6749,1288,23580,14605,2,457,544,56134,11390,1257,1,8941,1999,74,1750,0,50,110,4834,,,,,
,,,,,,SP,BEBEDOURO,77565,36218,0,1887,1203,5854,3177,1,591,200,14188,8684,412,0,2073,1970,2,130,0,11,44,920,,,,,
,,,,,,SP,BENTO DE ABREU,1771,988,0,59,6,126,67,0,3,10,298,72,21,0,84,14,0,13,0,0,0,10,,,,,
,,,,,,SP,BERNARDINO DE CAMPOS,8780,5057,0,413,102,886,323,0,30,43,1090,252,39,0,307,111,4,28,0,0,2,93,,,,,
,,,,,,SP,BERTIOGA,38735,19280,0,572,27,2898,2223,0,117,115,8846,2288,156,1,1212,29,10,49,1,22,28,861,,,,,
,,,,,,SP,BILAC,6696,3510,0,197,44,572,179,0,48,7,1316,401,28,0,240,52,0,18,1,6,1,76,,,,,
,,,,,,SP,BIRIGUI,117744,50845,0,2199,443,7376,3867,0,2972,152,29575,14722,182,0,3056,665,15,381,0,6,35,1253,,,,,
,,,,,,SP,BIRITIBA-MIRIM,17967,11282,0,573,24,1388,961,0,30,203,2421,328,301,0,234,14,0,10,0,24,4,170,,,,,
,,,,,,SP,BOA ESPERANCA DO SUL,9323,5843,0,350,122,819,403,0,62,46,922,174,138,0,235,128,0,26,0,3,3,49,,,,,
,,,,,,SP,BOCAINA,8751,4990,0,199,40,785,406,0,75,48,1253,453,47,0,298,52,0,20,0,2,0,83,,,,,
,,,,,,SP,BOFETE,7395,4328,0,257,45,795,377,0,3,65,1029,89,71,0,204,42,1,28,0,2,1,58,,,,,
,,,,,,SP,BOITUVA,60393,33337,0,1888,1535,4945,2736,0,86,203,8615,1904,189,0,1454,2326,50,72,0,11,23,1019,,,,,
,,,,,,SP,BOM JESUS DOS PERDOES,20729,12004,0,672,96,1614,883,0,23,100,3987,600,80,0,282,88,5,9,0,8,8,270,,,,,
,,,,,,SP,BOM SUCESSO DE ITARARE,2372,1141,0,119,69,235,89,0,3,5,468,10,21,0,81,122,0,0,0,0,1,8,,,,,
,,,,,,SP,BORA,723,313,0,44,12,80,14,0,0,6,108,10,5,0,69,60,0,0,0,0,0,2,,,,,
,,,,,,SP,BORACEIA,3477,1834,0,302,62,356,137,1,4,15,411,66,26,0,153,78,0,7,0,0,2,23,,,,,
,,,,,,SP,BORBOREMA,13392,6983,0,483,195,1272,518,0,53,61,1914,576,151,0,734,280,6,28,0,0,5,133,,,,,
,,,,,,SP,BOREBI,1713,956,0,50,9,181,67,0,1,15,297,49,8,0,53,16,0,3,0,0,1,7,,,,,
,,,,,,SP,BOTUCATU,125106,73380,0,2088,511,9056,6221,0,616,397,21228,4562,582,1,3446,644,4,251,0,33,43,2043,,,,,
,,,,,,SP,BRAGANCA PAULISTA,162526,88016,0,3536,535,12168,7503,0,346,495,33899,8638,605,0,2305,598,21,243,0,34,66,3518,,,,,
,,,,,,SP,BRAUNA,3847,1991,0,122,52,453,146,0,5,12,579,109,108,0,140,97,0,6,0,0,1,26,,,,,
,,,,,,SP,BREJO ALEGRE,1872,805,0,168,18,126,57,0,0,1,314,67,22,0,141,142,0,3,0,0,1,7,,,,,
,,,,,,SP,BRODOWSKI,20231,11379,0,782,156,2413,1024,0,128,72,2322,777,66,0,544,213,2,51,0,5,4,293,,,,,
,,,,,,SP,BROTAS,20618,11303,0,569,276,1704,1273,0,56,91,2698,958,233,0,599,548,3,54,0,0,9,244,,,,,
,,,,,,SP,BURI,13438,6919,0,582,181,1213,470,0,21,67,2524,560,147,0,349,243,2,19,0,2,6,133,,,,,
,,,,,,SP,BURITAMA,14516,6665,0,421,70,1143,495,0,23,43,2861,1621,80,0,765,170,0,29,0,0,3,127,,,,,
,,,,,,SP,BURITIZAL,3762,1832,0,167,93,418,130,0,13,22,470,84,38,0,180,258,1,6,0,0,6,44,,,,,
,,,,,,SP,CABRALIA PAULISTA,3282,1846,0,178,79,260,128,0,7,9,476,50,24,0,113,89,2,13,0,0,0,8,,,,,
,,,,,,SP,CABREUVA,37779,21848,0,1235,264,2843,1562,0,43,147,7356,1142,74,0,420,344,1,48,0,6,27,419,,,,,
,,,,,,SP,CACAPAVA,69789,42429,0,1302,528,4013,3046,0,375,269,12596,2112,244,1,937,767,1,123,4,29,24,989,,,,,
,,,,,,SP,CACHOEIRA PAULISTA,19282,11547,0,401,59,1188,800,0,167,121,3703,589,50,1,342,50,2,52,0,2,5,203,,,,,
,,,,,,SP,CACONDE,13448,8300,0,343,13,1489,632,0,6,104,2008,135,76,0,174,24,0,20,0,0,4,120,,,,,
,,,,,,SP,CAFELANDIA,12622,7199,0,335,177,893,491,0,25,42,1843,501,108,0,485,348,4,37,0,1,5,128,,,,,
,,,,,,SP,CAIABU,2529,1590,0,40,7,250,64,0,2,14,355,65,49,0,71,8,0,2,0,0,0,12,,,,,
,,,,,,SP,CAIEIRAS,59993,37533,0,1347,249,4654,3173,0,40,275,8648,1484,583,1,650,262,3,47,0,23,18,1003,,,,,
,,,,,,SP,CAIUA,2410,1272,0,63,21,207,60,0,3,18,514,78,29,0,106,30,0,5,0,0,0,4,,,,,
,,,,,,SP,CAJAMAR,63368,37277,0,1868,982,4737,3256,0,38,349,9501,1741,549,0,588,1115,0,55,0,17,22,1273,,,,,
,,,,,,SP,CAJATI,19742,9258,0,812,253,1453,625,0,3,77,4671,1272,266,0,508,387,3,11,0,5,10,128,,,,,
,,,,,,SP,CAJOBI,6803,4121,0,254,81,677,238,0,18,18,702,187,123,0,233,100,0,3,0,1,4,43,,,,,
,,,,,,SP,CAJURU,19676,11246,0,534,123,1942,819,0,49,48,2612,1068,156,0,680,127,0,67,0,2,11,192,,,,,
,,,,,,SP,CAMPINA DO MONTE ALEGRE,3878,2170,0,125,31,375,123,0,3,26,674,99,43,0,125,47,0,20,0,0,0,17,,,,,
,,,,,,SP,CAMPINAS,1031878,654687,0,20516,4504,68111,57398,0,820,3680,148490,22977,5382,14,13357,5906,8,4549,2,211,315,20951,,,,,
,,,,,,SP,CAMPO LIMPO PAULISTA,57599,36341,0,769,253,3418,2703,0,39,141,10698,1641,91,0,575,280,0,53,0,11,21,565,,,,,
,,,,,,SP,CAMPOS DO JORDAO,45483,26492,0,790,65,3568,2333,0,48,228,9357,911,72,2,488,65,5,64,0,12,39,944,,,,,
,,,,,,SP,CAMPOS NOVOS PAULISTA,3194,1612,0,153,42,355,106,0,5,13,530,148,59,0,76,61,0,2,0,0,9,23,,,,,
,,,,,,SP,CANANEIA,5172,2599,0,111,4,421,258,0,8,14,1070,387,19,0,191,8,0,7,0,1,2,72,,,,,
,,,,,,SP,CANAS,2657,1494,0,132,20,197,113,0,1,16,529,50,13,0,54,21,0,0,0,2,0,15,,,,,
,,,,,,SP,CANDIDO MOTA,25083,12950,0,1186,320,2401,967,0,168,84,4149,1293,87,0,715,486,11,44,0,1,3,218,,,,,
,,,,,,SP,CANDIDO RODRIGUES,2325,1336,0,137,17,262,81,0,10,14,265,47,19,0,89,26,1,5,0,0,1,15,,,,,
,,,,,,SP,CANITAR,3154,1901,0,67,41,167,90,0,2,17,553,125,22,0,86,75,0,0,0,0,0,8,,,,,
,,,,,,SP,CAPAO BONITO,33324,15883,0,1113,440,2566,1089,0,28,216,6961,3160,284,1,658,577,4,49,0,2,3,290,,,,,
,,,,,,SP,CAPELA DO ALTO,16789,8752,0,736,84,1445,619,0,15,103,3728,647,66,0,330,104,3,32,0,13,9,103,,,,,
,,,,,,SP,CAPIVARI,43877,24805,0,1166,569,3297,1705,0,148,184,7886,1757,356,0,757,651,1,79,0,2,23,491,,,,,
,,,,,,SP,CARAGUATATUBA,92660,48906,0,1929,241,5750,5207,0,85,221,21460,4473,99,0,2030,234,2,119,1,79,81,1743,,,,,
,,,,,,SP,CARAPICUIBA,239668,144291,1,3860,718,13057,11451,0,110,889,50146,9365,897,0,1378,611,1,194,1,61,31,2606,,,,,
,,,,,,SP,CARDOSO,9220,5129,0,215,55,903,297,0,30,25,1311,455,68,0,579,76,2,13,0,0,2,60,,,,,
,,,,,,SP,CASA BRANCA,22971,11870,0,667,89,1893,1076,0,59,68,5170,1106,131,0,351,146,14,58,0,5,12,256,,,,,
,,,,,,SP,CASSIA DOS COQUEIROS,1945,1261,0,38,3,255,84,0,3,10,183,20,22,0,50,6,0,3,0,0,0,7,,,,,
,,,,,,SP,CASTILHO,13170,6791,0,371,97,997,299,0,22,46,2566,796,175,0,701,219,2,18,0,5,12,53,,,,,
,,,,,,SP,CATANDUVA,123815,60808,0,3018,1178,8191,5284,0,489,322,29586,6528,617,0,3885,2016,11,279,0,59,65,1479,,,,,
,,,,,,SP,CATIGUA,4918,2997,0,76,96,321,162,0,12,15,700,142,39,0,189,130,0,9,0,4,0,26,,,,,
,,,,,,SP,CEDRAL,9465,5213,0,341,44,1082,347,0,33,23,1510,243,29,0,390,87,0,12,0,0,1,110,,,,,
,,,,,,SP,CERQUEIRA CESAR,15651,8840,0,453,167,1393,653,0,16,70,2306,529,206,0,582,253,0,40,0,1,9,133,,,,,
,,,,,,SP,CERQUILHO,38054,21498,0,1054,335,3167,1347,0,86,139,6679,1447,144,0,1028,482,0,101,0,5,3,539,,,,,
,,,,,,SP,CESARIO LANGE,15809,9191,0,454,81,1094,505,0,25,50,3223,557,71,0,337,55,1,26,0,4,7,128,,,,,
,,,,,,SP,CHARQUEADA,12459,6915,0,455,145,1224,471,1,18,54,2018,183,101,0,570,159,0,16,0,1,7,121,,,,,
,,,,,,SP,CHAVANTES,7081,4547,0,135,37,467,225,0,31,36,936,210,87,0,250,38,1,17,0,2,6,56,,,,,
,,,,,,SP,CLEMENTINA,6357,3024,0,301,144,474,154,0,23,11,1049,319,89,0,378,356,1,6,0,0,1,27,,,,,
,,,,,,SP,COLINA,15027,7480,0,400,131,1025,641,0,145,48,3102,843,163,0,565,320,0,18,0,0,4,142,,,,,
,,,,,,SP,COLOMBIA,4899,2742,0,218,37,465,172,0,8,52,563,164,99,0,271,58,0,3,0,0,0,47,,,,,
,,,,,,SP,CONCHAL,23545,12077,0,810,285,1991,952,0,76,103,4553,1208,389,0,470,327,5,70,0,0,14,215,,,,,
,,,,,,SP,CONCHAS,12923,7598,0,424,84,1325,530,0,18,52,2045,280,51,0,289,77,3,32,0,2,10,103,,,,,
,,,,,,SP,CORDEIROPOLIS,22420,12027,0,872,853,1604,907,0,87,95,3721,549,64,0,353,984,0,57,0,9,6,232,,,,,
,,,,,,SP,COROADOS,3920,2047,0,140,48,327,131,0,7,8,761,193,28,0,134,70,0,7,0,0,0,19,,,,,
,,,,,,SP,CORONEL MACEDO,2410,1378,0,104,31,249,70,0,3,14,386,33,27,0,61,40,1,0,0,1,1,11,,,,,
,,,,,,SP,CORUMBATAI,3507,1712,0,209,178,356,129,0,16,11,543,50,12,0,81,178,0,3,0,0,0,29,,,,,
,,,,,,SP,COSMOPOLIS,48648,27807,0,1104,399,3367,1978,0,399,302,8973,1997,305,0,903,517,0,161,0,5,15,416,,,,,
,,,,,,SP,COSMORAMA,7250,3745,0,236,61,760,222,0,11,13,1263,349,206,0,252,73,1,12,0,0,3,43,,,,,
,,,,,,SP,COTIA,193819,117688,0,3507,472,13571,10902,0,103,889,30985,6856,858,2,1929,525,5,166,0,227,36,5098,,,,,
,,,,,,SP,CRAVINHOS,29311,15693,0,1051,484,2457,1291,0,192,105,4203,1225,231,0,935,859,0,97,0,4,18,466,,,,,
,,,,,,SP,CRISTAIS PAULISTA,6101,3306,0,207,66,721,269,0,6,25,925,43,40,0,244,111,0,12,0,0,1,125,,,,,
,,,,,,SP,CRUZALIA,1752,927,0,115,22,212,62,0,7,6,261,24,7,0,58,32,0,6,0,1,0,12,,,,,
,,,,,,SP,CRUZEIRO,49511,28224,0,779,178,2737,2561,0,285,192,11333,1581,47,0,602,288,5,137,0,5,12,545,,,,,
,,,,,,SP,CUBATAO,68224,32937,0,2160,3083,2447,3313,0,79,480,12573,4244,355,1,976,4504,2,153,0,240,28,649,,,,,
,,,,,,SP,CUNHA,17021,8248,0,504,15,1517,630,0,9,127,5307,151,50,0,185,17,0,22,0,5,1,233,,,,,
,,,,,,SP,DESCALVADO,30373,15973,0,1233,498,2551,1325,0,155,191,5415,984,244,0,753,651,15,47,0,10,13,315,,,,,
,,,,,,SP,DIADEMA,259612,148410,0,4223,1429,13099,11373,0,163,794,55493,14413,1922,2,1481,3459,23,461,0,40,83,2744,,,,,
,,,,,,SP,DIRCE REIS,1177,609,0,51,1,116,22,0,2,10,254,40,12,0,54,1,0,1,0,0,0,4,,,,,
,,,,,,SP,DIVINOLANDIA,10791,5862,0,548,43,1701,407,0,12,46,1496,158,70,0,176,73,0,16,0,0,2,181,,,,,
,,,,,,SP,DOBRADA,5431,3118,0,71,32,309,180,0,14,28,1195,188,97,0,127,31,2,15,0,0,2,22,,,,,
,,,,,,SP,DOIS CORREGOS,21613,11397,0,845,354,1870,1011,0,138,111,3525,850,220,0,583,441,5,79,0,0,5,179,,,,,
,,,,,,SP,DOLCINOPOLIS,2047,1154,0,56,22,193,55,0,2,13,298,60,13,0,143,28,0,4,0,0,0,6,,,,,
,,,,,,SP,DOURADO,7063,4139,0,212,73,628,359,0,27,52,881,156,97,0,222,122,0,21,0,0,4,70,,,,,
,,,,,,SP,DRACENA,41992,20867,0,1167,341,3667,1413,0,348,75,8171,2985,220,0,1524,569,0,58,0,4,16,567,,,,,
,,,,,,SP,DUARTINA,9363,5548,0,274,74,877,318,0,30,40,1461,199,83,0,282,68,2,33,0,3,3,68,,,,,
,,,,,,SP,DUMONT,6854,3666,0,482,85,825,271,0,20,14,763,128,63,0,281,152,0,13,0,0,4,87,,,,,
,,,,,,SP,ECHAPORA,4116,2496,0,215,40,461,142,0,9,12,437,78,35,0,83,50,0,3,0,1,0,54,,,,,
,,,,,,SP,ELDORADO,6887,3278,0,347,8,650,266,0,5,46,1667,253,75,0,239,5,2,3,0,9,1,33,,,,,
,,,,,,SP,ELIAS FAUSTO,11919,6183,0,448,102,1029,405,0,41,21,2618,473,123,0,230,117,3,17,0,3,6,100,,,,,
,,,,,,SP,ELISIARIO,2090,1203,0,58,25,184,65,0,1,9,346,47,12,0,87,35,0,4,0,0,0,14,,,,,
,,,,,,SP,EMBAUBA,1632,1017,0,59,12,167,54,0,2,8,166,16,36,0,64,21,0,5,0,0,2,3,,,,,
,,,,,,SP,EMBU DAS ARTES,152398,84077,0,2870,1038,8747,7263,0,64,857,33120,7790,849,0,1030,2764,5,130,0,61,40,1693,,,,,
,,,,,,SP,EMBU-GUACU,48821,29322,0,1879,207,3537,2729,0,30,283,7613,1648,296,0,405,221,1,30,0,31,15,574,,,,,
,,,,,,SP,EMILIANOPOLIS,2142,1169,0,60,11,234,57,0,0,9,464,32,13,0,59,21,0,3,0,1,0,9,,,,,
,,,,,,SP,ENGENHEIRO COELHO,14275,7177,0,451,159,1188,574,0,32,88,3256,476,222,0,274,157,0,35,0,1,5,180,,,,,
,,,,,,SP,ESPIRITO SANTO DO PINHAL,35786,20046,0,734,177,3128,1712,0,104,138,6791,1708,97,0,360,197,2,48,0,1,20,523,,,,,
,,,,,,SP,ESPIRITO SANTO DO TURVO,2968,1703,0,123,37,334,106,0,1,28,352,40,52,0,96,61,0,19,0,0,1,15,,,,,
,,,,,,SP,ESTIVA GERBI,9549,5057,0,314,176,749,300,0,42,39,1945,353,40,0,149,225,0,66,0,0,4,90,,,,,
,,,,,,SP,ESTRELA D'OESTE,8017,3781,0,351,180,731,237,0,16,10,1325,584,43,0,397,241,0,44,0,0,3,74,,,,,
,,,,,,SP,ESTRELA DO NORTE,1513,1054,0,26,8,151,41,0,1,2,140,17,12,0,43,5,0,2,0,0,0,11,,,,,
,,,,,,SP,EUCLIDES DA CUNHA PAULISTA,5422,2877,0,131,9,429,148,0,3,14,1256,223,72,0,230,9,0,6,0,0,0,15,,,,,
,,,,,,SP,FARTURA,11842,6730,0,395,73,1256,408,0,8,55,1889,304,42,0,366,120,1,25,0,6,12,152,,,,,
,,,,,,SP,FERNANDO PRESTES,5154,2742,0,337,93,657,172,0,8,15,581,172,28,0,188,112,0,9,0,4,1,35,,,,,
,,,,,,SP,FERNANDOPOLIS,71450,34132,0,1642,591,5566,2348,0,714,97,14357,6593,268,1,3233,833,5,290,0,8,36,736,,,,,
,,,,,,SP,FERNAO,1097,602,0,38,10,117,41,0,1,10,195,18,15,0,38,8,0,0,0,0,0,4,,,,,
,,,,,,SP,FERRAZ DE VASCONCELOS,89435,58875,0,1925,248,5056,5024,0,122,358,13632,1945,501,0,563,145,3,81,0,76,45,836,,,,,
,,,,,,SP,FLORA RICA,1057,645,0,35,7,119,19,0,2,7,146,7,16,0,37,16,0,0,0,0,0,1,,,,,
,,,,,,SP,FLOREAL,2299,1308,0,91,21,247,63,0,8,7,337,49,7,0,118,15,0,15,0,1,3,9,,,,,
,,,,,,SP,FLORIDA PAULISTA,8160,4763,0,401,107,725,193,0,24,26,978,235,167,0,288,182,0,30,0,2,2,37,,,,,
,,,,,,SP,FLORINEA,1796,1073,0,74,12,151,57,0,4,5,278,28,10,0,75,16,0,2,0,0,2,9,,,,,
,,,,,,SP,FRANCA,318316,177120,0,4691,1049,24882,13513,0,1408,482,68159,9776,649,0,6353,1450,19,1167,1,34,99,7464,,,,,
,,,,,,SP,FRANCISCO MORATO,69755,44810,0,598,66,3424,2924,0,52,281,14769,1706,217,0,317,46,0,82,1,6,22,434,,,,,
,,,,,,SP,FRANCO DA ROCHA,78471,49800,0,1431,167,4850,3507,0,47,326,13799,2122,280,0,595,645,0,66,2,32,16,786,,,,,
,,,,,,SP,GABRIEL MONTEIRO,2237,1096,0,85,60,301,73,0,3,8,365,97,16,0,84,27,0,5,0,0,1,16,,,,,
,,,,,,SP,GALIA,4542,2534,0,182,45,385,209,0,10,31,723,108,61,0,136,75,0,9,0,0,2,32,,,,,
,,,,,,SP,GARCA,34791,19064,0,860,167,2261,1526,0,181,99,7426,1643,128,1,709,246,1,67,0,13,30,369,,,,,
,,,,,,SP,GASTAO VIDIGAL,2840,1604,0,74,7,254,54,0,1,12,556,66,78,0,102,17,0,5,0,0,0,10,,,,,
,,,,,,SP,GAVIAO PEIXOTO,3056,1746,0,228,16,334,134,0,5,15,274,28,68,0,115,50,0,2,0,0,2,39,,,,,
,,,,,,SP,GENERAL SALGADO,8992,4947,0,318,123,857,279,0,25,28,1176,344,146,0,478,177,1,26,0,0,7,60,,,,,
,,,,,,SP,GETULINA,5822,3524,0,137,37,446,235,0,3,17,856,220,95,0,160,55,2,4,0,1,0,30,,,,,
,,,,,,SP,GLICERIO,2962,1545,0,184,36,262,73,0,3,7,500,136,41,0,106,47,0,5,0,0,1,16,,,,,
,,,,,,SP,GUAICARA,7606,4052,0,139,40,449,187,0,4,19,1543,466,55,0,311,288,0,5,0,0,3,45,,,,,
,,,,,,SP,GUAIMBE,3144,1982,0,133,20,252,152,0,5,7,401,37,42,0,66,24,0,8,0,0,1,14,,,,,
,,,,,,SP,GUAIRA,36168,16290,0,1404,869,3148,1368,0,237,111,5652,3200,309,0,1495,1628,0,35,0,1,8,413,,,,,
,,,,,,SP,GUAPIACU,16721,8561,0,529,93,1656,525,0,74,87,3319,925,89,0,570,135,2,18,0,0,6,132,,,,,
,,,,,,SP,GUAPIARA,9753,4902,0,449,58,940,303,0,6,60,2426,266,71,0,119,97,0,14,0,1,3,38,,,,,
,,,,,,SP,GUARA,12721,7122,0,297,107,970,517,0,155,66,1563,871,252,0,405,224,0,16,0,0,9,147,,,,,
,,,,,,SP,GUARACAI,6531,3372,0,290,23,762,187,0,7,23,1255,249,37,0,265,24,1,6,0,0,1,29,,,,,
,,,,,,SP,GUARACI,7686,4090,0,230,49,609,281,0,19,45,1104,399,147,0,553,96,1,10,0,0,2,51,,,,,
,,,,,,SP,GUARANI D'OESTE,1522,827,0,48,13,145,34,0,3,7,254,48,16,0,82,29,0,8,0,0,0,8,,,,,
,,,,,,SP,GUARANTA,4226,2367,0,119,27,293,160,0,2,15,705,120,52,0,163,161,0,12,0,0,1,29,,,,,
,,,,,,SP,GUARARAPES,27068,12800,0,722,366,1882,812,0,193,86,5227,2750,190,0,1161,565,1,32,0,2,5,274,,,,,
,,,,,,SP,GUARAREMA,24145,13742,0,667,222,1970,1179,0,47,115,4053,605,101,1,439,487,1,39,1,42,23,411,,,,,
,,,,,,SP,GUARATINGUETA,86646,49310,0,1492,180,5629,4569,0,438,359,19633,1837,232,0,1032,222,8,271,8,46,37,1343,,,,,
,,,,,,SP,GUAREI,8640,4502,0,366,20,830,262,0,23,49,1915,259,180,0,152,29,0,9,0,2,3,39,,,,,
,,,,,,SP,GUARIBA,26833,15127,0,848,158,1874,1099,0,202,99,4255,1549,403,0,635,244,2,91,0,13,12,222,,,,,
,,,,,,SP,GUARUJA,176522,71506,0,1642,2753,6651,8848,0,553,600,48439,28213,561,1,1802,2227,4,196,2,108,101,2315,,,,,
,,,,,,SP,GUARULHOS,869754,533634,0,22467,9232,54250,46212,0,1067,4332,132731,21874,4312,0,7485,15766,9,1251,5,453,219,14455,,,,,
,,,,,,SP,GUATAPARA,4478,2692,0,182,39,370,201,0,11,23,581,65,82,0,117,66,0,12,0,0,1,36,,,,,
,,,,,,SP,GUZOLANDIA,3134,1937,0,116,10,299,82,0,3,11,404,62,42,0,139,7,0,5,0,0,0,17,,,,,
,,,,,,SP,HERCULANDIA,7059,3428,0,562,115,890,229,0,7,13,1055,300,47,0,159,204,0,8,0,0,2,40,,,,,
,,,,,,SP,HOLAMBRA,13873,6801,0,559,68,1679,749,0,27,89,2387,436,172,0,381,119,0,20,0,0,17,369,,,,,
,,,,,,SP,HORTOLANDIA,163590,103973,0,3205,700,11193,6185,0,120,688,27872,3927,913,0,2316,581,0,373,0,34,38,1472,,,,,
,,,,,,SP,IACANGA,8655,4635,0,292,118,817,325,0,7,41,1248,290,62,0,519,207,2,27,0,1,7,57,,,,,
,,,,,,SP,IACRI,4479,2496,0,220,63,408,138,0,7,18,653,181,42,0,135,74,1,7,0,0,0,36,,,,,
,,,,,,SP,IARAS,3277,1905,0,81,14,291,103,0,3,34,590,78,47,0,93,17,0,5,0,0,3,13,,,,,
,,,,,,SP,IBATE,24525,13962,0,678,286,1884,970,0,111,153,4041,584,689,0,523,380,1,54,0,2,12,195,,,,,
,,,,,,SP,IBIRA,8672,4983,0,185,39,811,383,0,30,33,1175,504,63,0,327,66,3,12,0,0,2,56,,,,,
,,,,,,SP,IBIRAREMA,4715,2383,0,240,84,534,121,0,13,23,788,140,40,0,208,99,0,4,0,0,1,37,,,,,
,,,,,,SP,IBITINGA,54442,27269,0,1115,373,4239,1879,0,203,172,12844,3029,321,0,1587,594,5,95,0,2,23,692,,,,,
,,,,,,SP,IBIUNA,66499,35925,0,2722,202,6506,3466,0,24,276,13078,1820,196,0,1165,191,1,60,0,15,15,837,,,,,
,,,,,,SP,ICEM,5879,3196,0,226,80,548,230,0,23,17,759,211,98,0,322,116,4,11,0,2,3,33,,,,,
,,,,,,SP,IEPE,5630,3190,0,212,90,524,145,0,2,15,844,217,39,0,155,146,0,13,0,1,0,37,,,,,
,,,,,,SP,IGARACU DO TIETE,16103,9524,0,375,168,935,645,0,69,35,2965,641,94,0,354,184,2,40,0,0,2,70,,,,,
,,,,,,SP,IGARAPAVA,18765,11340,0,448,303,1545,658,0,86,79,2170,463,172,0,746,500,12,31,0,14,16,182,,,,,
,,,,,,SP,IGARATA,8503,4957,0,199,16,747,407,1,12,34,1552,126,21,0,277,13,0,11,0,6,3,121,,,,,
,,,,,,SP,IGUAPE,14051,7570,0,289,20,944,717,0,24,76,2829,824,106,0,449,20,6,18,0,2,7,150,,,,,
,,,,,,SP,ILHA COMPRIDA,8423,4425,0,201,8,538,445,0,19,48,1582,540,132,0,352,7,0,7,0,1,9,109,,,,,
,,,,,,SP,ILHA SOLTEIRA,22902,11423,0,309,47,1427,754,0,172,42,4458,2631,102,0,1182,76,6,63,0,1,35,174,,,,,
,,,,,,SP,ILHABELA,29585,10859,0,437,47,2211,2015,0,78,105,9499,2391,50,0,473,60,2,23,0,5,20,1310,,,,,
,,,,,,SP,INDAIATUBA,249876,138475,0,4250,1001,18218,11727,1,3532,661,45006,14712,1730,1,2517,1116,5,359,0,177,65,6323,,,,,
,,,,,,SP,INDIANA,3730,2103,0,139,40,358,120,0,7,18,627,102,17,0,118,45,0,8,0,1,2,25,,,,,
,,,,,,SP,INDIAPORA,3351,1985,0,90,19,337,83,0,5,7,467,108,23,0,164,26,1,12,0,0,3,21,,,,,
,,,,,,SP,INUBIA PAULISTA,2555,1524,0,60,22,256,74,0,4,9,355,69,20,0,93,41,0,7,0,0,0,21,,,,,
,,,,,,SP,IPAUSSU,8421,4966,0,230,67,541,275,1,33,31,1279,449,72,0,317,74,5,8,0,0,3,70,,,,,
,,,,,,SP,IPERO,16212,9451,0,328,25,1094,650,0,23,70,3370,600,68,0,359,55,3,14,0,1,5,96,,,,,
,,,,,,SP,IPEUNA,5547,3045,0,201,54,523,264,0,11,34,858,135,37,0,201,80,0,19,0,1,2,82,,,,,
,,,,,,SP,IPIGUA,3703,1907,0,118,24,466,124,0,1,8,663,104,16,0,193,33,0,2,0,0,5,39,,,,,
,,,,,,SP,IPORANGA,1533,824,0,41,2,159,53,0,2,17,340,35,13,0,28,2,0,3,0,0,1,13,,,,,
,,,,,,SP,IPUA,9729,5433,0,280,97,847,342,0,265,40,1205,662,120,0,188,132,0,9,0,0,1,108,,,,,
,,,,,,SP,IRACEMAPOLIS,20401,10605,0,619,640,1612,811,0,134,70,3169,950,127,0,465,886,0,71,0,1,3,238,,,,,
,,,,,,SP,IRAPUA,5008,2924,0,165,55,452,158,0,11,11,574,185,144,0,205,72,0,7,0,0,2,43,,,,,
,,,,,,SP,IRAPURU,4028,2480,0,100,38,394,116,0,10,20,532,85,38,0,127,62,1,7,0,0,0,18,,,,,
,,,,,,SP,ITABERA,12040,5878,0,456,210,1166,338,0,6,96,2392,493,85,0,399,395,1,12,0,1,6,106,,,,,
,,,,,,SP,ITAI,17792,10072,0,678,212,1853,734,0,8,92,2178,495,246,0,669,301,15,27,0,3,5,204,,,,,
,,,,,,SP,ITAJOBI,15018,7909,0,711,147,1802,501,0,41,40,2386,523,93,0,551,142,0,24,0,0,2,146,,,,,
,,,,,,SP,ITAJU,2111,1186,0,99,18,258,89,0,3,13,267,27,40,0,76,15,2,5,0,0,1,12,,,,,
,,,,,,SP,ITANHAEM,63886,35363,0,1389,270,3621,3110,0,173,402,13861,2825,160,0,1552,243,5,72,2,38,38,762,,,,,
,,,,,,SP,ITAOCA,1488,717,0,43,0,133,47,0,3,14,454,24,11,0,27,0,0,2,0,0,2,11,,,,,
,,,,,,SP,ITAPECERICA DA SERRA,102016,58008,0,2553,977,6126,4770,0,51,704,20663,3987,812,0,793,1184,1,128,0,50,16,1193,,,,,
,,,,,,SP,ITAPETININGA,124549,62680,0,3265,809,8453,4668,0,580,436,27544,10035,633,0,2874,1088,2,259,0,45,56,1122,,,,,
,,,,,,SP,ITAPEVA,75502,37870,0,2413,1348,6148,2624,0,36,438,15075,3873,580,0,1944,2303,4,134,0,11,17,684,,,,,
,,,,,,SP,ITAPEVI,132348,78269,0,2315,722,7256,5422,0,62,555,29490,5327,197,0,820,656,0,116,0,43,44,1054,,,,,
,,,,,,SP,ITAPIRA,68405,32937,0,1901,304,4745,3268,0,841,152,17883,3630,182,0,862,415,16,246,0,5,14,1004,,,,,
,,,,,,SP,ITAPIRAPUA PAULISTA,2063,889,0,56,0,237,62,0,0,25,680,33,27,0,34,0,0,1,0,2,1,16,,,,,
,,,,,,SP,ITAPOLIS,39278,20678,0,1437,346,3937,1588,0,278,175,6859,1495,306,0,1112,446,7,128,0,3,37,446,,,,,
,,,,,,SP,ITAPORANGA,9440,4993,0,307,158,879,284,0,8,26,1769,297,95,0,305,211,0,20,0,2,9,77,,,,,
,,,,,,SP,ITAPUI,9280,4965,0,527,48,681,400,1,106,43,1570,518,76,0,184,64,2,17,0,0,4,74,,,,,
,,,,,,SP,ITAPURA,2228,1322,0,48,7,164,50,0,2,12,358,61,28,0,169,7,0,0,0,0,0,0,,,,,
,,,,,,SP,ITAQUAQUECETUBA,179149,114296,0,3785,961,10857,8615,0,440,552,30744,3629,554,0,1411,1417,0,85,1,115,51,1636,,,,,
,,,,,,SP,ITARARE,30898,16593,0,1069,374,2207,1296,0,233,94,6226,1121,279,0,629,463,1,44,0,4,15,250,,,,,
,,,,,,SP,ITARIRI,6650,3336,0,471,76,588,288,0,4,77,1225,213,50,0,162,82,1,8,0,4,2,63,,,,,
,,,,,,SP,ITATIBA,103145,60743,0,2726,602,8084,5457,0,97,286,16690,3767,355,2,1354,802,2,258,0,21,24,1875,,,,,
,,,,,,SP,ITATINGA,12605,7495,0,313,137,1106,508,0,18,73,1748,360,167,0,368,181,1,11,0,1,5,113,,,,,
,,,,,,SP,ITIRAPINA,11701,6610,0,478,162,925,523,0,72,81,1627,384,81,0,395,218,1,31,0,1,6,106,,,,,
,,,,,,SP,ITIRAPUA,3815,2414,0,104,8,381,159,0,5,16,541,37,29,0,68,15,0,4,0,0,1,33,,,,,
,,,,,,SP,ITOBI,5790,3003,0,224,37,485,246,0,13,31,1304,150,140,0,67,38,2,8,0,0,3,39,,,,,
,,,,,,SP,ITU,151302,85126,0,4221,1297,11128,7397,0,378,584,27453,5111,809,0,2366,2255,1,326,0,45,83,2722,,,,,
,,,,,,SP,ITUPEVA,56736,30492,0,1988,1851,4839,2609,0,148,163,8957,1503,182,0,784,1933,1,68,0,9,31,1178,,,,,
,,,,,,SP,ITUVERAVA,32219,16520,0,748,473,2708,1240,0,560,85,5075,2495,204,0,875,710,3,68,0,1,9,445,,,,,
,,,,,,SP,JABORANDI,4996,2246,0,223,93,427,200,0,28,10,948,447,74,0,144,109,0,1,0,0,1,45,,,,,
,,,,,,SP,JABOTICABAL,67711,33200,0,2283,323,5666,2726,1,921,128,12923,4993,199,0,2173,592,6,438,0,15,25,1099,,,,,
,,,,,,SP,JACAREI,172599,107460,0,3104,1226,10441,8246,0,334,615,28983,3861,355,0,2826,1910,2,522,2,139,47,2526,,,,,
,,,,,,SP,JACI,6266,3093,0,284,73,805,185,0,5,8,1114,234,16,0,299,89,0,3,0,0,1,57,,,,,
,,,,,,SP,JACUPIRANGA,11194,5264,0,445,151,783,408,0,10,74,2454,448,442,0,353,202,2,49,0,3,1,105,,,,,
,,,,,,SP,JAGUARIUNA,51996,27796,0,1265,223,3701,2488,0,143,94,11196,2777,155,1,841,239,2,171,0,13,9,882,,,,,
,,,,,,SP,JALES,54189,23736,0,1376,408,4596,1599,0,888,71,11872,5333,119,0,2575,756,30,187,0,5,23,615,,,,,
,,,,,,SP,JAMBEIRO,4062,2302,0,167,29,447,183,0,5,54,548,29,15,0,102,42,0,6,1,7,50,75,,,,,
,,,,,,SP,JANDIRA,72862,42969,0,1277,389,4274,3555,0,46,335,15044,2815,164,0,504,364,0,59,0,17,15,1035,,,,,
,,,,,,SP,JARDINOPOLIS,32216,17349,0,1299,285,2798,1258,0,414,142,4988,1594,196,0,794,664,1,82,0,1,14,337,,,,,
,,,,,,SP,JARINU,28647,16771,0,734,86,2441,1382,0,19,133,5388,568,63,0,556,86,2,43,0,2,8,365,,,,,
,,,,,,SP,JAU,120528,63027,0,2697,669,8181,6220,4,854,377,24502,8164,503,0,2537,911,9,417,0,26,38,1392,,,,,
,,,,,,SP,JERIQUARA,2477,1441,0,78,60,258,115,0,4,14,309,18,27,0,87,34,2,2,0,0,0,28,,,,,
,,,,,,SP,JOANOPOLIS,12935,6648,0,570,36,1249,450,0,9,56,2925,541,28,0,216,48,1,4,0,3,6,145,,,,,
,,,,,,SP,JOAO RAMALHO,2411,1478,0,40,11,237,76,0,1,19,353,52,63,0,52,10,0,4,0,1,1,13,,,,,
,,,,,,SP,JOSE BONIFACIO,37024,16318,0,1150,627,3201,1027,0,168,87,8094,2965,229,0,1630,1011,6,94,0,0,13,404,,,,,
,,,,,,SP,JULIO MESQUITA,2235,1454,0,46,4,158,92,0,0,8,291,28,33,0,100,8,0,4,0,0,0,9,,,,,
,,,,,,SP,JUMIRIM,2153,1216,0,144,20,244,77,0,4,18,284,20,5,0,57,33,0,0,0,13,1,17,,,,,
,,,,,,SP,JUNDIAI,388939,237124,0,8055,4175,26645,22165,0,366,834,55758,10568,1313,0,5043,6918,3,796,2,237,96,8841,,,,,
,,,,,,SP,JUNQUEIROPOLIS,15604,8164,0,601,123,1243,477,0,98,34,2805,861,185,0,593,233,1,28,0,0,11,147,,,,,
,,,,,,SP,JUQUIA,10229,5545,0,498,78,797,408,0,5,63,1947,370,72,0,285,59,0,28,0,7,5,62,,,,,
,,,,,,SP,JUQUITIBA,20711,12370,0,744,85,1542,1320,0,7,159,3399,257,124,0,329,103,1,19,0,9,8,235,,,,,
,,,,,,SP,LAGOINHA,4579,2065,0,181,6,472,195,0,6,23,1457,55,21,0,45,8,0,4,0,3,2,36,,,,,
,,,,,,SP,LARANJAL PAULISTA,22573,12337,0,903,184,2021,1052,0,35,93,3507,889,372,0,588,210,3,82,0,1,12,284,,,,,
,,,,,,SP,LAVINIA,3382,1682,0,92,29,352,106,0,10,8,696,172,26,0,129,51,0,2,0,0,2,25,,,,,
,,,,,,SP,LAVRINHAS,4322,2490,0,94,21,267,176,0,16,19,1041,78,11,0,59,9,1,8,0,1,3,28,,,,,
,,,,,,SP,LEME,89282,42600,0,2677,800,6516,3355,0,1312,264,20375,7294,775,0,1252,1013,8,133,0,15,29,864,,,,,
,,,,,,SP,LENCOIS PAULISTA,61721,31967,0,2175,917,4646,2330,7,271,302,10671,3425,494,0,1786,1893,6,146,0,28,21,636,,,,,
,,,,,,SP,LIMEIRA,265298,146825,0,5269,3647,19151,12361,0,722,966,49533,10896,741,2,3801,5733,8,1408,0,53,65,4117,,,,,
,,,,,,SP,LINDOIA,6676,3736,0,245,26,580,241,0,3,24,1331,236,31,0,92,49,0,11,0,1,3,67,,,,,
,,,,,,SP,LINS,69687,34223,0,1470,2046,3508,2418,0,227,134,13525,5193,229,0,2533,3215,19,138,0,20,9,780,,,,,
,,,,,,SP,LORENA,56042,31758,0,1015,213,3109,2634,0,151,207,12903,2078,68,0,759,290,3,115,0,17,21,701,,,,,
,,,,,,SP,LOURDES,1404,782,0,33,1,118,36,0,1,3,295,76,17,0,31,2,0,3,0,0,2,4,,,,,
,,,,,,SP,LOUVEIRA,42638,22793,0,1155,611,3276,1706,0,31,152,9839,1155,111,0,462,627,0,45,0,4,7,664,,,,,
,,,,,,SP,LUCELIA,15010,8046,0,374,264,1087,389,0,34,30,2775,814,241,0,385,412,0,30,0,0,8,121,,,,,
,,,,,,SP,LUCIANOPOLIS,1660,1009,0,54,19,200,62,0,0,12,186,9,28,0,43,20,0,6,0,0,0,12,,,,,
,,,,,,SP,LUIS ANTONIO,9079,5168,0,290,215,643,346,0,28,63,982,258,233,0,292,413,2,20,0,1,2,123,,,,,
,,,,,,SP,LUIZIANIA,2883,1563,0,93,20,285,67,0,5,12,527,107,57,0,96,29,0,3,0,0,2,17,,,,,
,,,,,,SP,LUPERCIO,2272,1425,0,54,7,170,109,0,5,10,370,21,33,0,43,8,0,3,0,0,3,11,,,,,
,,,,,,SP,LUTECIA,1825,1078,0,67,6,218,81,0,1,16,229,30,21,0,60,5,0,2,0,0,0,11,,,,,
,,,,,,SP,MACATUBA,13013,7451,0,434,167,954,438,0,88,44,1965,533,108,0,515,184,0,50,0,1,2,79,,,,,
,,,,,,SP,MACAUBAL,6533,3643,0,177,32,624,212,0,19,24,1075,268,30,0,323,43,1,15,0,0,3,44,,,,,
,,,,,,SP,MACEDONIA,2689,1449,0,53,21,333,79,0,2,7,440,84,25,0,124,40,0,6,0,0,2,24,,,,,
,,,,,,SP,MAGDA,2622,1501,0,131,37,295,83,0,3,14,284,54,20,0,133,41,0,11,0,0,0,15,,,,,
,,,,,,SP,MAIRINQUE,39592,24413,0,695,135,2904,1697,0,27,128,7346,974,176,0,514,118,1,51,0,27,16,370,,,,,
,,,,,,SP,MAIRIPORA,68341,40469,0,2059,400,5489,3661,0,36,294,10989,1832,163,0,1073,385,1,72,0,65,60,1293,,,,,
,,,,,,SP,MANDURI,8192,4719,0,306,62,762,252,0,9,65,1192,197,134,0,310,97,2,22,0,3,0,60,,,,,
,,,,,,SP,MARABA PAULISTA,2271,1226,0,64,1,271,74,0,0,7,451,49,28,0,77,3,0,6,0,2,0,12,,,,,
,,,,,,SP,MARACAI,10688,5544,0,364,155,823,350,0,56,60,2163,449,60,0,377,211,0,25,0,2,8,41,,,,,
,,,,,,SP,MARAPOAMA,3780,1405,0,201,54,442,95,0,9,9,504,74,24,0,511,414,0,1,0,1,1,35,,,,,
,,,,,,SP,MARIAPOLIS,2098,1232,0,52,6,209,42,0,3,7,355,79,37,0,49,7,0,5,0,0,0,15,,,,,
,,,,,,SP,MARILIA,199026,107255,0,3741,1422,12808,8787,0,928,434,41954,12149,565,0,3376,1660,51,957,0,11,43,2885,,,,,
,,,,,,SP,MARINOPOLIS,1551,791,0,71,0,167,32,0,3,7,250,77,12,0,127,3,0,4,0,0,0,7,,,,,
,,,,,,SP,MARTINOPOLIS,18109,10084,0,552,192,1588,573,0,10,61,2713,1030,170,0,645,305,0,38,0,2,6,140,,,,,
,,,,,,SP,MATAO,78167,40974,0,1795,851,5758,3005,0,555,128,15946,3851,474,0,2290,1304,11,250,0,6,32,937,,,,,
,,,,,,SP,MAUA,275157,178438,0,4317,1181,12164,13426,0,159,1148,48456,7887,1545,0,1588,1645,8,288,4,88,59,2756,,,,,
,,,,,,SP,MENDONCA,4842,2468,0,174,106,483,145,0,2,8,656,165,36,0,382,179,1,7,0,1,1,28,,,,,
,,,,,,SP,MERIDIANO,4023,1850,0,197,147,342,105,0,6,11,532,128,21,0,402,258,0,8,0,0,2,14,,,,,
,,,,,,SP,MESOPOLIS,1351,734,0,21,7,116,30,0,5,14,239,42,23,0,104,10,0,4,0,0,0,2,,,,,
,,,,,,SP,MIGUELOPOLIS,14155,7780,0,302,81,1107,540,0,170,24,1961,1156,111,0,596,136,4,26,0,3,4,154,,,,,
,,,,,,SP,MINEIROS DO TIETE,8517,5158,0,265,132,606,398,3,36,35,1090,177,61,0,309,173,2,19,0,3,2,48,,,,,
,,,,,,SP,MIRA ESTRELA,2360,1297,0,65,4,350,69,0,1,8,285,44,39,0,171,5,0,6,0,0,0,16,,,,,
,,,,,,SP,MIRACATU,12045,5981,0,831,201,1010,405,0,4,68,2554,416,31,0,339,105,0,16,0,6,6,72,,,,,
,,,,,,SP,MIRANDOPOLIS,21493,10233,0,535,450,1771,641,0,108,46,4413,1307,187,0,851,733,5,19,0,0,16,178,,,,,
,,,,,,SP,MIRANTE DO PARANAPANEMA,11335,5894,0,420,134,1107,273,0,5,62,2275,289,118,0,473,221,1,14,0,2,4,43,,,,,
,,,,,,SP,MIRASSOL,56169,28719,0,1455,384,4960,2465,0,309,85,11317,2723,150,0,1911,606,2,88,0,11,16,968,,,,,
,,,,,,SP,MIRASSOLANDIA,3311,1818,0,119,7,375,93,0,0,17,630,45,20,0,160,8,0,3,0,0,0,16,,,,,
,,,,,,SP,MOCOCA,54772,29166,0,1430,551,4055,2088,0,300,161,10985,3310,369,0,880,744,0,107,5,25,7,589,,,,,
,,,,,,SP,MOGI DAS CRUZES,305371,189398,0,6598,1644,19747,17860,1,425,1075,38830,7220,1944,0,5254,8378,6,457,5,254,68,6207,,,,,
,,,,,,SP,MOGI-GUACU,142388,73475,0,2653,1726,9066,5371,0,772,542,33205,7927,493,1,2083,2584,5,642,1,14,30,1798,,,,,
,,,,,,SP,MOGI-MIRIM,87654,45992,0,2330,357,7031,3685,0,513,269,18751,4198,361,0,1699,391,4,338,1,6,27,1701,,,,,
,,,,,,SP,MOMBUCA,2886,1621,0,131,67,257,87,0,3,8,452,53,23,0,96,66,0,3,0,0,0,19,,,,,
,,,,,,SP,MONCOES,2085,880,0,91,45,227,57,0,1,5,290,34,19,0,181,238,0,4,0,0,0,13,,,,,
,,,,,,SP,MONGAGUA,32579,19033,0,587,139,1886,1844,0,77,143,6320,1139,118,0,702,117,1,14,0,26,52,381,,,,,
,,,,,,SP,MONTE ALEGRE DO SUL,7721,3797,0,294,19,746,394,0,7,56,1839,221,53,0,113,22,0,11,0,3,8,138,,,,,
,,,,,,SP,MONTE ALTO,47752,20754,0,1718,273,3767,1895,0,335,101,12318,4860,120,0,746,221,3,180,0,3,20,438,,,,,
,,,,,,SP,MONTE APRAZIVEL,19885,10475,0,686,177,1920,788,0,120,71,3261,583,330,0,905,266,5,46,0,29,16,207,,,,,
,,,,,,SP,MONTE AZUL PAULISTA,16783,8385,0,588,121,1734,695,0,155,64,2477,1341,237,0,550,142,0,29,0,1,6,258,,,,,
,,,,,,SP,MONTE CASTELO,3170,1716,0,118,85,286,67,0,5,13,597,61,16,0,120,63,0,2,0,1,1,19,,,,,
,,,,,,SP,MONTE MOR,46454,28363,0,1264,349,3579,1769,0,57,163,7667,1132,200,0,866,479,6,93,0,15,13,439,,,,,
,,,,,,SP,MONTEIRO LOBATO,3668,1943,0,168,71,390,152,0,2,38,645,38,19,0,41,10,0,33,0,15,60,43,,,,,
,,,,,,SP,MORRO AGUDO,22624,10102,0,743,553,1938,819,0,203,48,3375,2628,233,0,853,768,1,62,0,0,12,286,,,,,
,,,,,,SP,MORUNGABA,12845,7652,0,475,89,1215,664,0,7,63,1853,302,33,0,203,114,1,23,0,3,2,146,,,,,
,,,,,,SP,MOTUCA,2962,1676,0,155,29,273,120,0,10,10,454,38,19,0,114,30,0,19,0,0,1,14,,,,,
,,,,,,SP,MUNICIPIO NAO INFORMADO,4,1,0,0,0,1,0,0,0,0,0,0,0,0,0,0,0,2,0,0,0,0,,,,,
,,,,,,SP,MURUTINGA DO SUL,2958,1541,0,92,5,329,89,0,7,25,519,152,36,0,132,6,4,3,0,0,0,18,,,,,
,,,,,,SP,NANTES,1474,922,0,33,23,166,33,0,1,14,131,13,21,0,57,50,0,0,0,0,0,10,,,,,
,,,,,,SP,NARANDIBA,3428,2032,0,112,33,263,87,0,0,20,460,115,29,0,147,111,0,1,0,2,1,15,,,,,
,,,,,,SP,NATIVIDADE DA SERRA,3832,1918,0,158,9,474,167,0,5,63,868,28,14,0,86,7,0,4,0,2,2,27,,,,,
,,,,,,SP,NAZARE PAULISTA,16260,8632,0,828,140,1461,580,0,17,53,3458,328,111,0,329,128,1,19,0,8,17,150,,,,,
,,,,,,SP,NEVES PAULISTA,7205,4205,0,223,37,692,267,0,27,18,1081,178,34,0,294,59,2,5,0,0,0,83,,,,,
,,,,,,SP,NHANDEARA,8775,4871,0,205,76,929,291,0,53,23,1248,377,72,0,400,94,0,31,1,3,2,99,,,,,
,,,,,,SP,NIPOA,3788,2099,0,104,55,334,85,0,3,10,631,99,38,0,209,94,1,7,0,0,0,19,,,,,
,,,,,,SP,NOVA ALIANCA,5059,2931,0,218,29,518,144,0,12,16,751,123,19,0,220,42,1,5,0,0,0,30,,,,,
,,,,,,SP,NOVA CAMPINA,4238,2219,0,167,41,360,147,0,0,28,1006,93,26,0,81,55,0,2,0,0,0,13,,,,,
,,,,,,SP,NOVA CANAA PAULISTA,1469,889,0,33,2,139,23,0,1,13,216,24,8,0,108,4,0,6,0,0,0,3,,,,,
,,,,,,SP,NOVA CASTILHO,899,510,0,31,5,119,29,0,0,4,116,26,4,0,41,7,0,3,0,0,1,3,,,,,
,,,,,,SP,NOVA EUROPA,6997,3981,0,243,109,579,337,0,13,41,777,100,173,0,362,197,0,17,0,0,5,63,,,,,
,,,,,,SP,NOVA GRANADA,16868,8409,0,509,314,1366,519,0,134,68,3240,791,181,1,605,586,1,28,0,1,7,108,,,,,
,,,,,,SP,NOVA GUATAPORANGA,1571,918,0,52,15,120,31,0,3,8,270,33,16,0,79,15,0,3,0,0,0,8,,,,,
,,,,,,SP,NOVA INDEPENDENCIA,3197,1642,0,114,31,276,68,0,1,11,363,101,17,0,193,358,0,0,0,0,1,21,,,,,
,,,,,,SP,NOVA LUZITANIA,2179,1355,0,51,8,200,46,0,1,4,307,60,26,0,100,13,0,5,0,0,0,3,,,,,
,,,,,,SP,NOVA ODESSA,54628,32323,0,1111,270,4217,2635,0,247,160,9290,2095,184,0,784,286,1,226,0,15,14,770,,,,,
,,,,,,SP,NOVAIS,3265,1661,0,149,103,270,97,0,2,22,555,44,63,0,141,136,0,4,0,0,2,16,,,,,
,,,,,,SP,NOVO HORIZONTE,35673,17130,0,1249,491,2740,1444,0,559,90,6635,1994,481,0,1639,686,19,96,0,10,8,402,,,,,
,,,,,,SP,NUPORANGA,5771,3136,0,317,76,713,225,0,27,33,528,143,257,0,136,110,1,12,0,1,2,54,,,,,
,,,,,,SP,OCAUCU,3056,1735,0,127,21,333,131,0,1,20,461,32,41,0,94,27,2,3,0,1,3,24,,,,,
,,,,,,SP,OLEO,1705,1046,0,47,10,178,63,0,0,20,225,26,11,0,53,13,0,1,0,0,0,12,,,,,
,,,,,,SP,OLIMPIA,50167,26302,0,1085,227,4129,1961,0,256,137,9931,2979,265,0,1580,591,6,68,0,3,17,630,,,,,
,,,,,,SP,ONDA VERDE,3205,1647,0,213,50,272,96,0,6,13,422,49,43,0,266,98,1,7,0,0,0,22,,,,,
,,,,,,SP,ORIENTE,4114,2364,0,101,52,356,149,0,8,25,565,97,44,0,113,203,0,6,0,1,0,30,,,,,
,,,,,,SP,ORINDIUVA,5709,2542,0,332,53,1138,137,0,5,28,481,111,74,0,477,280,0,9,0,1,0,41,,,,,
,,,,,,SP,ORLANDIA,39222,18130,0,1134,583,2888,1594,0,555,100,7021,4394,438,0,684,931,1,100,0,29,17,623,,,,,
,,,,,,SP,OSASCO,516172,315311,0,9980,2865,29825,28893,1,319,2021,87029,20297,2862,0,3603,3313,4,1120,2,198,88,8441,,,,,
,,,,,,SP,OSCAR BRESSANE,1703,934,0,75,8,264,90,0,1,8,212,22,11,0,50,8,1,3,0,0,0,16,,,,,
,,,,,,SP,OSVALDO CRUZ,27582,13565,0,494,938,1792,906,0,265,44,5143,1714,145,0,847,1306,2,113,0,3,12,293,,,,,
,,,,,,SP,OURINHOS,91932,45582,0,2332,898,6325,3440,1,545,182,20137,7074,539,0,2332,1214,3,215,0,21,58,1034,,,,,
,,,,,,SP,OURO VERDE,5199,2954,0,160,50,443,121,0,6,12,894,194,67,0,199,71,0,10,0,1,2,15,,,,,
,,,,,,SP,OUROESTE,8921,4701,0,289,297,792,292,0,14,47,1096,505,54,0,620,130,0,15,0,4,3,62,,,,,
,,,,,,SP,PACAEMBU,8303,4818,0,223,173,704,262,0,13,32,1110,275,45,0,296,281,0,12,0,0,3,56,,,,,
,,,,,,SP,PALESTINA,8359,5001,0,229,82,855,278,0,9,21,990,189,66,0,411,163,0,5,0,0,1,59,,,,,
,,,,,,SP,PALMARES PAULISTA,6152,3448,0,127,72,453,205,0,4,14,1155,125,131,0,197,193,0,6,0,0,1,21,,,,,
,,,,,,SP,PALMEIRA D'OESTE,8589,4532,0,288,64,949,205,0,12,14,1312,413,45,0,583,90,0,27,0,1,3,51,,,,,
,,,,,,SP,PALMITAL,18224,9203,0,806,338,1791,729,0,163,52,2615,1070,66,0,706,471,7,19,0,1,18,169,,,,,
,,,,,,SP,PANORAMA,11962,5591,0,410,197,898,279,0,40,20,2550,962,31,0,552,325,1,13,0,8,6,79,,,,,
,,,,,,SP,PARAGUACU PAULISTA,35755,17816,0,953,440,2201,1141,0,88,185,6878,2947,293,0,1732,861,3,45,0,1,14,157,,,,,
,,,,,,SP,PARAIBUNA,13399,7694,0,310,26,1151,551,0,7,143,2771,153,121,0,293,29,2,21,0,0,2,125,,,,,
,,,,,,SP,PARAISO,5177,2711,0,202,90,551,145,0,6,16,547,93,118,0,478,181,0,4,0,0,0,35,,,,,
,,,,,,SP,PARANAPANEMA,14685,7711,0,785,208,1680,560,0,8,58,1874,407,128,0,759,278,4,25,0,6,4,190,,,,,
,,,,,,SP,PARANAPUA,3464,1766,0,122,18,388,95,0,10,25,621,128,37,0,199,29,5,5,0,1,1,14,,,,,
,,,,,,SP,PARAPUA,8163,4254,0,423,109,780,268,0,11,26,1246,367,75,0,348,171,0,17,0,0,4,64,,,,,
,,,,,,SP,PARDINHO,5764,3090,0,216,82,650,300,0,8,48,720,134,48,0,144,216,0,8,0,0,5,95,,,,,
,,,,,,SP,PARIQUERA-ACU,12488,6024,0,548,55,961,409,0,8,46,2931,748,40,0,491,81,7,11,0,9,8,111,,,,,
,,,,,,SP,PARISI,2124,1090,0,62,11,215,59,0,1,5,415,113,22,0,102,17,0,2,0,0,0,10,,,,,
,,,,,,SP,PATROCINIO PAULISTA,10032,5781,0,421,71,1009,382,0,10,31,1371,125,102,0,397,197,0,11,0,1,1,122,,,,,
,,,,,,SP,PAULICEIA,6973,3328,0,384,103,508,174,0,11,21,1350,354,39,0,471,175,0,5,0,1,5,44,,,,,
,,,,,,SP,PAULINIA,101382,58072,0,2761,2491,7104,5066,1,151,311,12853,1947,698,0,2379,5083,12,265,0,29,81,2078,,,,,
,,,,,,SP,PAULISTANIA,1274,702,0,45,27,174,32,0,0,19,156,20,22,0,42,29,0,1,0,0,0,5,,,,,
,,,,,,SP,PAULO DE FARIA,4886,3008,0,137,54,468,171,0,22,24,490,136,77,0,186,75,0,1,0,0,0,37,,,,,
,,,,,,SP,PEDERNEIRAS,38786,19618,0,1206,303,3000,1356,5,102,118,8686,2274,289,0,994,392,1,130,1,12,10,289,,,,,
,,,,,,SP,PEDRA BELA,6012,2988,0,339,37,697,202,0,3,17,1409,81,21,0,96,67,0,3,0,2,2,48,,,,,
,,,,,,SP,PEDRANOPOLIS,2225,1129,0,62,11,260,65,0,7,8,414,78,20,0,135,19,0,8,0,1,0,8,,,,,
,,,,,,SP,PEDREGULHO,11803,7085,0,361,36,1126,594,0,35,78,1585,169,152,0,350,38,4,27,0,0,3,160,,,,,
,,,,,,SP,PEDREIRA,42555,18582,0,893,94,3126,1916,0,78,179,13034,3425,125,0,434,117,0,60,0,2,12,478,,,,,
,,,,,,SP,PEDRINHAS PAULISTA,2676,1235,0,211,47,376,137,0,19,11,375,57,10,0,95,63,0,11,0,0,1,28,,,,,
,,,,,,SP,PEDRO DE TOLEDO,5073,2781,0,221,42,376,228,0,4,45,930,170,25,0,152,37,0,10,0,6,3,43,,,,,
,,,,,,SP,PENAPOLIS,61393,26565,0,1792,525,4533,2066,0,267,168,14185,6890,364,0,2396,820,7,96,0,2,12,705,,,,,
,,,,,,SP,PEREIRA BARRETO,20216,10016,0,457,177,1391,596,0,140,61,3558,2047,122,0,1062,393,11,34,0,2,17,132,,,,,
,,,,,,SP,PEREIRAS,5424,2948,0,321,30,490,201,0,7,19,942,177,37,0,123,67,0,13,0,1,5,43,,,,,
,,,,,,SP,PERUIBE,47865,26676,0,788,139,2948,2243,0,103,266,9684,2636,107,1,1144,141,5,65,2,43,153,721,,,,,
,,,,,,SP,PIACATU,3984,2224,0,117,50,389,119,0,6,9,657,176,30,0,104,62,0,5,0,0,0,36,,,,,
,,,,,,SP,PIEDADE,46642,23318,0,1982,262,4971,1755,0,17,186,10795,1518,113,0,898,279,1,60,0,13,4,470,,,,,
,,,,,,SP,PILAR DO SUL,28542,14032,0,1291,377,3310,866,0,23,121,6039,788,140,0,733,526,0,20,0,8,7,261,,,,,
,,,,,,SP,PINDAMONHANGABA,116376,67754,0,2108,1040,6422,5490,0,278,537,25008,3281,253,0,1856,800,12,166,3,32,38,1298,,,,,
,,,,,,SP,PINDORAMA,11023,6388,0,367,56,893,420,0,14,66,1898,330,82,0,311,80,0,9,0,0,3,106,,,,,
,,,,,,SP,PINHALZINHO,13445,7702,0,540,48,1454,578,0,15,91,2194,334,33,0,220,52,2,17,0,1,14,150,,,,,
,,,,,,SP,PIQUEROBI,2219,1234,0,81,14,257,66,0,0,13,384,61,16,0,62,23,1,1,0,1,0,5,,,,,
,,,,,,SP,PIQUETE,7482,4556,0,181,24,522,352,0,24,35,1476,77,16,0,115,18,0,15,0,2,7,62,,,,,
,,,,,,SP,PIRACAIA,24417,12960,0,679,77,2104,1153,0,19,101,5737,664,32,0,454,48,7,25,0,5,12,340,,,,,
,,,,,,SP,PIRACICABA,373615,211322,0,8145,2684,28054,18988,1,1420,999,68923,10151,2039,1,7296,4466,28,2144,1,107,100,6746,,,,,
,,,,,,SP,PIRAJU,24225,13853,0,583,94,1973,966,0,23,91,4175,955,97,0,881,120,11,93,0,5,19,286,,,,,
,,,,,,SP,PIRAJUI,15327,8687,0,395,31,1186,714,0,12,31,2690,686,110,0,529,59,1,24,0,0,6,166,,,,,
,,,,,,SP,PIRANGI,9468,4607,0,435,263,1233,343,0,15,27,1173,415,104,0,358,390,0,8,0,0,4,93,,,,,
,,,,,,SP,PIRAPORA DO BOM JESUS,11387,6633,0,338,53,764,420,0,16,65,2300,441,114,0,93,37,0,3,0,5,4,101,,,,,
,,,,,,SP,PIRAPOZINHO,19931,10576,0,544,220,1412,603,0,16,67,3901,1303,149,0,648,284,1,35,0,0,7,165,,,,,
,,,,,,SP,PIRASSUNUNGA,66895,36310,0,1340,647,4138,2774,0,378,166,13793,2879,271,0,1556,1290,23,240,0,7,27,1056,,,,,
,,,,,,SP,PIRATININGA,11570,6738,0,351,106,1150,504,0,20,44,1579,258,56,0,351,156,1,38,0,3,4,211,,,,,
,,,,,,SP,PITANGUEIRAS,25593,12304,0,970,375,1885,858,1,193,59,4582,2010,401,0,1024,638,1,43,0,0,11,238,,,,,
,,,,,,SP,PLANALTO,3954,1768,0,260,73,318,86,0,3,8,535,140,64,0,349,316,0,3,0,1,2,28,,,,,
,,,,,,SP,PLATINA,1884,1014,0,79,14,231,35,0,1,14,357,26,30,0,57,17,0,0,0,0,0,9,,,,,
,,,,,,SP,POA,65970,43339,0,1030,402,3896,3807,0,121,228,9507,1483,109,0,610,377,5,58,0,38,21,939,,,,,
,,,,,,SP,POLONI,4412,2332,0,195,62,470,192,0,12,11,670,67,65,0,214,64,0,8,0,0,1,49,,,,,
,,,,,,SP,POMPEIA,16780,9555,0,378,91,1656,659,0,104,33,2944,559,81,0,408,75,2,39,0,0,4,192,,,,,
,,,,,,SP,PONGAI,2819,1708,0,87,11,298,115,1,3,12,299,55,21,0,133,41,2,6,0,0,0,27,,,,,
,,,,,,SP,PONTAL,26356,13368,0,1047,505,1896,1000,0,125,51,3666,1759,621,0,1242,760,2,54,0,3,35,222,,,,,
,,,,,,SP,PONTALINDA,2405,1270,0,45,5,215,49,0,1,19,501,112,57,0,116,5,0,4,0,0,0,6,,,,,
,,,,,,SP,PONTES GESTAL,1946,1051,0,63,21,186,71,0,2,4,205,36,27,0,168,99,0,2,0,0,0,11,,,,,
,,,,,,SP,POPULINA,3025,1771,0,67,9,300,91,0,9,11,437,80,16,0,185,17,3,5,0,0,1,23,,,,,
,,,,,,SP,PORANGABA,7191,4001,0,252,26,743,335,0,9,23,1320,205,34,0,149,26,0,12,0,1,7,48,,,,,
,,,,,,SP,PORTO FELIZ,44087,24409,0,1509,276,3632,1938,0,55,146,8219,1763,254,0,829,378,5,69,0,28,4,573,,,,,
,,,,,,SP,PORTO FERREIRA,50046,24163,0,1252,724,3357,1993,0,347,129,12917,2213,221,0,946,1013,2,96,0,1,49,623,,,,,
,,,,,,SP,POTIM,9398,4963,0,103,19,514,496,0,14,64,2656,311,32,0,113,31,0,13,0,1,7,61,,,,,
,,,,,,SP,POTIRENDABA,16256,8456,0,610,258,1599,577,0,83,27,2309,852,105,0,763,483,1,18,0,0,5,110,,,,,
,,,,,,SP,PRACINHA,955,584,0,17,8,79,14,0,1,5,194,16,15,0,17,0,0,2,0,0,0,3,,,,,
,,,,,,SP,PRADOPOLIS,13207,6558,0,554,401,1110,496,0,62,50,1526,716,304,0,695,618,0,7,0,5,2,103,,,,,
,,,,,,SP,PRAIA GRANDE,203739,105664,0,2547,942,10080,10793,1,465,514,45817,18328,324,0,3340,838,8,143,1,70,120,3744,,,,,
,,,,,,SP,PRATANIA,5072,2301,0,149,369,337,126,0,6,29,618,38,100,0,347,610,0,9,0,0,1,32,,,,,
,,,,,,SP,PRESIDENTE ALVES,2675,1596,0,82,25,219,106,0,1,14,383,22,76,0,103,25,0,10,0,0,0,13,,,,,
,,,,,,SP,PRESIDENTE BERNARDES,10086,5415,0,326,104,1073,399,0,5,46,1738,317,59,0,339,156,0,18,0,1,2,88,,,,,
,,,,,,SP,PRESIDENTE EPITACIO,35287,17275,0,691,287,2275,1008,0,331,112,7088,3654,218,0,1636,387,7,49,0,7,15,247,,,,,
,,,,,,SP,PRESIDENTE PRUDENTE,199353,105494,0,4331,1237,15640,8081,0,243,435,40694,10761,729,0,5564,1888,2,905,1,47,90,3211,,,,,
,,,,,,SP,PRESIDENTE VENCESLAU,32084,15323,0,731,375,2575,1019,0,42,86,6684,3201,87,0,1006,588,2,46,1,2,11,305,,,,,
,,,,,,SP,PROMISSAO,30043,15243,0,765,288,1992,1018,0,89,175,5666,2520,259,0,1230,497,6,36,0,3,7,249,,,,,
,,,,,,SP,QUADRA,2200,1013,0,109,10,271,68,0,3,16,522,62,20,0,62,12,0,2,0,4,2,24,,,,,
,,,,,,SP,QUATA,9852,5588,0,288,120,720,280,0,8,42,1485,456,147,0,462,185,1,9,0,0,0,61,,,,,
,,,,,,SP,QUEIROZ,1887,1165,0,40,7,172,60,0,1,10,282,36,28,0,58,19,0,0,0,0,0,9,,,,,
,,,,,,SP,QUELUZ,4973,2915,0,136,65,269,199,0,13,37,1063,74,21,0,73,39,0,5,0,33,3,28,,,,,
,,,,,,SP,QUINTANA,4593,2594,0,255,74,413,180,0,6,22,619,102,38,0,163,78,0,8,0,0,0,41,,,,,
,,,,,,SP,RAFARD,7982,3971,0,241,99,585,269,0,32,16,1402,269,34,0,188,809,0,15,0,0,1,51,,,,,
,,,,,,SP,RANCHARIA,23536,12800,0,782,292,1743,769,0,90,71,4492,1090,125,0,645,394,1,30,0,0,6,206,,,,,
,,,,,,SP,REDENCAO DA SERRA,2818,1420,0,123,15,257,130,0,2,68,648,23,40,0,55,11,0,4,0,2,3,17,,,,,
,,,,,,SP,REGENTE FEIJO,15921,8854,0,484,211,1509,473,0,24,55,2555,684,83,0,502,317,0,21,0,3,2,144,,,,,
,,,,,,SP,REGINOPOLIS,4234,2503,0,101,42,411,132,0,1,23,546,130,32,0,223,45,0,9,0,0,1,35,,,,,
,,,,,,SP,REGISTRO,43489,21230,0,1446,151,3191,1569,2,22,186,10234,2910,378,0,1381,234,6,59,0,22,15,453,,,,,
,,,,,,SP,RESTINGA,4884,2601,0,211,42,435,180,0,15,8,960,145,54,0,112,52,0,8,0,0,0,61,,,,,
,,,,,,SP,RIBEIRA,1299,607,0,33,4,101,50,0,0,40,362,31,30,0,33,0,0,3,0,0,0,5,,,,,
,,,,,,SP,RIBEIRAO BONITO,8595,4786,0,320,127,738,357,0,23,62,1301,163,146,0,282,190,0,24,0,2,13,61,,,,,
,,,,,,SP,RIBEIRAO BRANCO,9295,4551,0,414,65,904,226,0,1,64,2516,177,122,0,119,82,0,8,0,2,3,41,,,,,
,,,,,,SP,RIBEIRAO CORRENTE,3424,1746,0,166,22,418,147,0,7,24,651,31,57,0,82,22,0,4,0,0,2,45,,,,,
,,,,,,SP,RIBEIRAO DO SUL,3569,1862,0,174,60,381,91,0,6,12,594,139,24,0,113,86,0,2,0,1,2,22,,,,,
,,,,,,SP,RIBEIRAO DOS INDIOS,1481,670,0,49,4,185,34,0,0,5,415,59,10,0,40,5,0,0,0,0,1,4,,,,,
,,,,,,SP,RIBEIRAO GRANDE,4866,2231,0,100,24,419,154,0,3,24,1401,371,15,0,69,36,0,3,0,1,1,14,,,,,
,,,,,,SP,RIBEIRAO PIRES,81618,54364,0,2596,737,5339,4448,0,52,434,8452,1496,484,0,841,581,1,107,0,237,50,1399,,,,,
,,,,,,SP,RIBEIRAO PRETO,627608,324444,0,12994,3931,45254,29911,0,3163,1785,127543,37996,3211,1,13388,5911,19,2426,0,71,163,15397,,,,,
,,,,,,SP,RIFAINA,3471,1940,0,99,16,395,146,0,19,20,400,74,17,0,254,15,0,3,0,1,3,69,,,,,
,,,,,,SP,RINCAO,6901,4079,0,302,128,509,227,0,34,26,908,114,56,0,216,236,1,15,0,1,7,42,,,,,
,,,,,,SP,RINOPOLIS,8274,3966,0,238,353,648,199,0,27,20,1194,295,84,0,476,672,4,24,0,0,2,72,,,,,
,,,,,,SP,RIO CLARO,198974,97803,0,3615,1211,11471,8360,0,3347,475,46777,17678,418,0,2892,1448,4,884,0,12,53,2526,,,,,
,,,,,,SP,RIO DAS PEDRAS,25835,14683,0,752,694,1957,1057,0,65,109,4083,598,230,0,695,613,1,49,0,30,8,211,,,,,
,,,,,,SP,RIO GRANDE DA SERRA,24130,16359,0,410,155,1101,1217,0,16,190,3542,460,96,0,151,166,0,22,0,36,5,204,,,,,
,,,,,,SP,RIOLANDIA,5548,3096,0,130,28,563,172,0,17,22,732,374,75,0,233,40,0,8,0,0,0,58,,,,,
,,,,,,SP,RIVERSUL,3137,1563,0,124,33,236,70,0,3,21,799,105,35,0,55,63,0,3,0,1,3,23,,,,,
,,,,,,SP,ROSANA,11697,6421,0,199,37,816,323,0,17,54,1737,840,69,0,987,75,1,23,0,8,5,85,,,,,
,,,,,,SP,ROSEIRA,6875,3951,0,168,28,417,316,0,22,81,1484,110,27,0,150,30,0,12,0,0,0,79,,,,,
,,,,,,SP,RUBIACEA,1698,1011,0,38,7,124,61,0,5,4,288,49,16,0,76,12,0,0,0,0,0,7,,,,,
,,,,,,SP,RUBINEIA,3208,1721,0,51,9,281,95,0,2,12,404,126,19,0,442,16,0,4,0,0,1,25,,,,,
,,,,,,SP,SABINO,3555,1853,0,78,20,292,126,0,9,9,682,196,19,0,206,29,3,7,0,0,1,25,,,,,
,,,,,,SP,SAGRES,1358,896,0,23,6,95,27,0,1,4,229,20,8,0,37,5,0,6,0,0,0,1,,,,,
,,,,,,SP,SALES,4602,2644,0,106,33,445,138,0,13,12,563,190,58,0,322,41,0,6,0,0,2,29,,,,,
,,,,,,SP,SALES OLIVEIRA,9002,4953,0,298,171,912,358,1,67,23,1038,463,83,0,253,217,1,29,0,9,5,121,,,,,
,,,,,,SP,SALESOPOLIS,13731,7310,0,874,89,1085,666,0,13,107,2748,175,153,1,275,73,0,14,0,4,6,138,,,,,
,,,,,,SP,SALMOURAO,2453,1454,0,50,23,193,58,0,1,7,430,55,62,0,73,21,0,13,0,0,0,13,,,,,
,,,,,,SP,SALTINHO,7476,3909,0,437,137,1026,374,0,25,38,732,108,15,0,296,211,0,30,0,19,8,111,,,,,
,,,,,,SP,SALTO,99726,60099,0,3087,807,6633,4563,0,245,322,17351,2874,162,1,1267,756,3,182,0,19,22,1333,,,,,
,,,,,,SP,SALTO DE PIRAPORA,32968,19186,0,894,332,2359,1186,1,23,101,6475,1134,97,0,559,349,0,25,0,18,12,217,,,,,
,,,,,,SP,SALTO GRANDE,5660,3183,0,188,70,450,186,0,25,22,946,218,37,0,206,78,1,5,0,0,4,41,,,,,
,,,,,,SP,SANDOVALINA,2667,1557,0,129,13,266,69,0,4,6,355,68,27,0,121,43,0,1,0,0,0,8,,,,,
,,,,,,SP,SANTA ADELIA,13121,6916,0,510,396,981,350,0,15,33,1787,414,87,0,774,754,0,28,0,1,4,71,,,,,
,,,,,,SP,SANTA ALBERTINA,5179,2627,0,158,71,465,114,0,10,11,786,268,28,0,444,149,0,6,0,1,6,35,,,,,
,,,,,,SP,SANTA BARBARA D'OESTE,166941,96898,0,2667,638,10666,7402,0,1422,484,31968,8334,365,0,2602,652,7,1022,2,20,39,1753,,,,,
,,,,,,SP,SANTA BRANCA,8916,5681,0,168,12,682,403,0,5,47,1419,113,45,1,195,11,0,17,0,4,5,108,,,,,
,,,,,,SP,SANTA CLARA D'OESTE,1943,1007,0,51,34,177,60,0,1,7,293,88,16,0,146,44,0,3,0,0,0,16,,,,,
,,,,,,SP,SANTA CRUZ DA CONCEICAO,3525,1885,0,188,30,473,140,0,16,11,506,55,18,0,105,49,0,1,0,0,1,47,,,,,
,,,,,,SP,SANTA CRUZ DA ESPERANCA,1252,762,0,70,15,162,51,0,0,4,89,11,6,0,51,15,0,2,0,0,0,14,,,,,
,,,,,,SP,SANTA CRUZ DAS PALMEIRAS,22799,11878,0,642,733,1423,814,0,192,62,3742,1318,310,0,437,976,3,41,0,1,12,215,,,,,
,,,,,,SP,SANTA CRUZ DO RIO PARDO,41495,19891,0,1955,606,3930,1312,0,155,117,7804,2958,152,0,1310,734,6,67,0,8,11,479,,,,,
,,,,,,SP,SANTA ERNESTINA,4064,2391,0,73,23,348,185,0,11,19,614,136,100,0,93,22,0,11,0,0,2,36,,,,,
,,,,,,SP,SANTA FE DO SUL,33758,16825,0,813,286,2632,1102,0,235,51,4982,3217,81,0,2554,448,3,85,0,0,13,431,,,,,
,,,,,,SP,SANTA GERTRUDES,20427,10199,0,776,424,1310,646,1,185,52,4625,1173,49,0,284,450,0,53,0,2,5,193,,,,,
,,,,,,SP,SANTA ISABEL,38864,21585,0,1615,198,2928,1551,0,51,127,8046,1161,234,0,632,209,1,35,0,46,20,425,,,,,
,,,,,,SP,SANTA LUCIA,4918,3066,0,117,32,279,209,0,18,34,853,76,57,0,105,44,0,7,0,2,2,17,,,,,
,,,,,,SP,SANTA MARIA DA SERRA,4586,2380,0,255,134,495,189,2,16,39,462,57,39,0,199,266,1,13,0,0,3,36,,,,,
,,,,,,SP,SANTA MERCEDES,2330,1254,0,91,100,190,49,0,2,25,304,50,12,0,147,77,1,16,0,0,0,12,,,,,
,,,,,,SP,SANTA RITA D'OESTE,2084,1126,0,48,7,245,55,0,2,7,344,68,10,0,138,9,0,6,0,1,0,18,,,,,
,,,,,,SP,SANTA RITA DO PASSA QUATRO,22231,12906,0,599,171,1773,1109,0,121,89,3459,729,64,0,466,290,1,51,0,1,8,394,,,,,
,,,,,,SP,SANTA ROSA DE VITERBO,19527,12181,0,519,170,1410,809,0,82,74,2641,480,139,0,399,362,0,42,0,3,7,209,,,,,
,,,,,,SP,SANTA SALETE,1532,679,0,64,25,215,46,0,2,6,257,39,9,0,129,54,0,2,0,0,1,4,,,,,
,,,,,,SP,SANTANA DA PONTE PENSA,1299,711,0,36,7,178,30,0,1,7,202,23,4,0,83,6,0,1,0,0,0,10,,,,,
,,,,,,SP,SANTANA DE PARNAIBA,112124,62090,0,2458,576,8578,8113,0,138,352,16634,3871,314,1,1391,599,6,89,0,42,34,6838,,,,,
,,,,,,SP,SANTO ANASTACIO,16458,7919,0,552,268,1427,547,0,7,39,3542,1158,78,0,406,344,15,21,0,1,7,127,,,,,
,,,,,,SP,SANTO ANDRE,619207,407490,0,8910,2392,28734,38140,0,425,1502,87962,20032,1834,3,4995,2354,6,1061,8,226,352,12781,,,,,
,,,,,,SP,SANTO ANTONIO DA ALEGRIA,4754,2900,0,187,20,654,184,0,10,21,427,85,49,0,126,45,0,13,0,0,0,33,,,,,
,,,,,,SP,SANTO ANTONIO DE POSSE,20000,10552,0,976,149,1632,943,0,63,80,3903,745,204,0,332,145,0,41,0,3,9,223,,,,,
,,,,,,SP,SANTO ANTONIO DO ARACANGUA,5465,2881,0,183,34,555,199,0,3,32,816,125,123,0,312,144,0,13,0,1,4,40,,,,,
,,,,,,SP,SANTO ANTONIO DO JARDIM,4836,2717,0,285,26,693,220,0,1,22,606,53,27,0,75,31,0,5,1,1,0,73,,,,,
,,,,,,SP,SANTO ANTONIO DO PINHAL,6813,3516,0,225,8,821,364,0,7,34,1507,67,11,0,106,4,0,6,0,2,5,130,,,,,
,,,,,,SP,SANTO EXPEDITO,1816,1116,0,38,8,179,54,0,1,8,276,30,28,0,60,6,0,2,0,0,0,10,,,,,
,,,,,,SP,SANTOPOLIS DO AGUAPEI,2416,1471,0,68,13,215,61,0,6,9,331,80,43,0,83,23,1,3,0,0,1,8,,,,,
,,,,,,SP,SANTOS,297361,139185,0,3832,7463,11170,18698,0,908,900,55763,32631,1016,7,3232,10717,20,858,3,804,90,10064,,,,,
,,,,,,SP,SAO BENTO DO SAPUCAI,8943,4737,0,249,18,1017,409,0,10,52,1978,110,18,0,134,21,0,3,0,5,3,179,,,,,
,,,,,,SP,SAO BERNARDO DO CAMPO,672170,422993,0,10690,9991,33452,36737,0,392,2267,93898,22426,4427,1,6291,14335,12,1182,1,274,167,12634,,,,,
,,,,,,SP,SAO CAETANO DO SUL,153235,100883,0,2301,758,8641,12262,0,157,455,13872,4863,435,1,1508,828,1,300,6,33,46,5885,,,,,
,,,,,,SP,SAO CARLOS,215566,129560,0,4315,1071,15287,10761,1,745,507,37054,5706,418,1,3906,1636,9,648,0,17,112,3812,,,,,
,,,,,,SP,SAO FRANCISCO,2127,1178,0,60,3,211,58,0,2,4,396,65,17,0,119,7,0,2,0,0,0,5,,,,,
,,,,,,SP,SAO JOAO DA BOA VISTA,85229,45105,0,2253,334,6814,4006,1,337,320,16746,5294,152,0,1193,575,14,179,1,10,45,1850,,,,,
,,,,,,SP,SAO JOAO DAS DUAS PONTES,1682,1066,0,23,9,164,51,0,1,9,215,35,8,0,71,14,1,4,0,0,0,11,,,,,
,,,,,,SP,SAO JOAO DE IRACEMA,1362,814,0,24,11,117,49,0,1,4,239,29,13,0,38,15,0,1,0,0,0,7,,,,,
,,,,,,SP,SAO JOAO DO PAU D'ALHO,1791,986,0,46,8,246,53,0,5,9,269,54,12,0,79,14,0,3,0,0,0,7,,,,,
,,,,,,SP,SAO JOAQUIM DA BARRA,41900,19543,0,863,441,2556,1587,1,1161,109,8138,4440,242,0,1138,1007,7,111,0,5,18,533,,,,,
,,,,,,SP,SAO JOSE DA BELA VISTA,3916,2363,0,87,35,368,137,0,31,26,593,48,59,0,72,53,0,7,0,0,3,34,,,,,
,,,,,,SP,SAO JOSE DO BARREIRO,2044,1145,0,53,2,194,89,0,8,15,436,14,7,0,43,3,0,3,0,2,0,30,,,,,
,,,,,,SP,SAO JOSE DO RIO PARDO,45726,26079,0,1525,465,4315,1935,0,64,170,7873,886,241,0,751,562,3,115,0,7,24,711,,,,,
,,,,,,SP,SAO JOSE DO RIO PRETO,461822,237612,0,9333,2896,36494,21194,1,4417,704,98457,22237,1746,0,13048,3864,42,675,0,72,124,8906,,,,,
,,,,,,SP,SAO JOSE DOS CAMPOS,523100,338597,0,8132,2251,32987,29011,0,747,1952,73151,9648,1749,0,7573,3291,8,1262,1,291,349,12100,,,,,
,,,,,,SP,SAO LOURENCO DA SERRA,10905,6590,0,399,63,861,580,0,3,50,1760,169,31,0,146,53,0,18,0,6,7,169,,,,,
,,,,,,SP,SAO LUIZ DO PARAITINGA,8281,4356,0,279,5,881,348,0,9,43,1923,103,35,0,168,4,0,17,0,4,3,103,,,,,
,,,,,,SP,SAO MANUEL,32353,18978,0,819,516,2085,1332,2,96,167,4842,620,263,0,1338,959,2,85,0,8,8,233,,,,,
,,,,,,SP,SAO MIGUEL ARCANJO,22514,12032,0,899,124,2178,849,0,48,151,4549,733,126,0,469,141,1,39,0,5,6,164,,,,,
,,,,,,SP,SAO PAULO,10118709,6455559,3,148782,40601,559062,654307,10,8151,41317,1388678,309458,54307,86,73069,50826,151,39460,50,3318,2268,289246,,,,,
,,,,,,SP,SAO PEDRO,32818,18297,0,776,281,2655,1403,0,93,183,5391,1710,103,0,1062,279,8,128,0,6,22,421,,,,,
,,,,,,SP,SAO PEDRO DO TURVO,5152,2623,0,258,45,626,143,0,8,27,990,168,72,0,105,49,1,6,0,2,3,26,,,,,
,,,,,,SP,SAO ROQUE,63469,38091,0,1400,308,5202,3269,0,90,238,10294,1709,272,0,983,376,10,85,0,49,19,1074,,,,,
,,,,,,SP,SAO SEBASTIAO,52204,25171,0,1072,150,3863,3151,0,97,152,12170,3287,184,0,1245,225,0,61,1,48,41,1286,,,,,
,,,,,,SP,SAO SEBASTIAO DA GRAMA,7646,4653,0,293,16,751,355,0,7,33,1015,167,57,0,146,24,6,7,0,1,7,108,,,,,
,,,,,,SP,SAO SIMAO,10458,6455,0,450,76,927,524,0,41,48,1138,221,78,0,232,78,1,29,0,0,5,155,,,,,
,,,,,,SP,SAO VICENTE,175014,75210,0,2098,2179,6035,7549,0,522,557,52086,22850,445,1,1595,1890,7,128,2,78,79,1703,,,,,
,,,,,,SP,SARAPUI,7913,3793,0,235,41,607,284,0,6,34,2228,353,25,0,196,51,0,4,0,6,0,50,,,,,
,,,,,,SP,SARUTAIA,2486,1613,0,76,5,223,92,0,1,18,322,17,43,0,50,6,1,4,0,0,0,15,,,,,
,,,,,,SP,SEBASTIANOPOLIS DO SUL,3657,1584,0,290,185,315,82,0,5,7,471,142,18,0,307,222,1,4,0,2,0,22,,,,,
,,,,,,SP,SERRA AZUL,5824,3643,0,214,66,479,212,0,17,28,613,117,148,0,175,63,1,18,0,1,1,28,,,,,
,,,,,,SP,SERRA NEGRA,26480,14176,0,579,39,2120,1265,0,36,70,6001,1337,33,2,323,45,1,40,0,4,19,390,,,,,
,,,,,,SP,SERRANA,30467,16953,0,815,247,2386,1127,0,200,177,5162,1216,335,0,875,576,2,75,0,5,11,305,,,,,
,,,,,,SP,SERTAOZINHO,117590,54611,0,3292,1347,8730,4857,0,1428,248,23859,9640,789,0,3651,2800,3,329,0,310,62,1634,,,,,
,,,,,,SP,SETE BARRAS,7584,3436,0,353,12,739,243,0,5,70,2092,215,43,0,304,15,1,8,0,4,4,40,,,,,
,,,,,,SP,SEVERINIA,10816,6302,0,335,170,832,381,0,30,36,1380,409,311,0,278,265,2,17,0,1,7,60,,,,,
,,,,,,SP,SILVEIRAS,3977,2136,0,114,4,344,127,0,5,21,1079,25,9,0,71,0,0,7,0,0,0,35,,,,,
,,,,,,SP,SOCORRO,39768,19038,0,1156,101,4066,1446,0,37,174,10587,1834,78,0,554,135,3,40,0,7,22,490,,,,,
,,,,,,SP,SOROCABA,583155,350774,0,8730,2275,36922,28355,2,549,1663,109219,20163,1924,2,7811,2509,17,1327,5,241,124,10543,,,,,
,,,,,,SP,SUD MENNUCCI,5134,2912,0,159,41,498,159,0,13,18,614,272,90,0,247,66,0,6,0,3,1,35,,,,,
,,,,,,SP,SUMARE,218916,134344,0,4098,2571,14648,8179,0,439,865,38069,5588,1346,0,3293,2746,3,676,0,30,49,1972,,,,,
,,,,,,SP,SUZANAPOLIS,2883,1531,0,111,59,217,82,0,3,7,345,102,27,0,256,128,0,3,0,0,1,11,,,,,
,,,,,,SP,SUZANO,184387,121007,0,4089,896,11140,10490,0,323,981,24485,3603,1454,0,1779,1168,0,223,0,200,43,2506,,,,,
,,,,,,SP,TABAPUA,9971,5037,0,165,365,842,341,0,28,22,1515,370,85,0,395,717,0,13,0,1,7,68,,,,,
,,,,,,SP,TABATINGA,12634,7127,0,367,208,1303,477,0,20,39,1746,286,242,0,417,252,2,22,0,0,4,122,,,,,
,,,,,,SP,TABOAO DA SERRA,166810,95039,0,2599,549,10033,9207,0,78,1037,34140,8950,534,0,1137,677,7,159,0,58,32,2574,,,,,
,,,,,,SP,TACIBA,3991,2277,0,122,17,442,98,0,2,15,698,104,27,0,121,27,0,6,0,1,2,32,,,,,
,,,,,,SP,TAGUAI,7386,4485,0,265,108,771,237,0,5,29,916,124,53,0,177,126,1,5,0,1,2,81,,,,,
,,,,,,SP,TAIACU,3957,2200,0,169,19,457,232,0,7,18,509,166,49,0,82,18,0,8,0,0,0,23,,,,,
,,,,,,SP,TAIUVA,4260,2350,0,182,61,479,203,0,15,16,433,182,43,0,171,75,1,7,0,0,1,41,,,,,
,,,,,,SP,TAMBAU,18614,10751,0,636,115,1560,743,0,61,76,3183,642,90,0,321,134,1,29,0,0,17,255,,,,,
,,,,,,SP,TANABI,21905,12281,0,544,94,1853,676,0,135,66,3830,1064,156,0,776,226,2,42,0,0,8,152,,,,,
,,,,,,SP,TAPIRAI,4917,2866,0,274,33,397,194,0,2,27,841,51,16,0,115,40,0,22,0,2,4,33,,,,,
,,,,,,SP,TAPIRATIBA,8378,5337,0,349,110,663,262,0,15,46,1028,89,105,0,171,120,1,24,0,0,4,54,,,,,
,,,,,,SP,TAQUARAL,1640,902,0,43,63,171,93,0,2,6,136,23,29,0,66,92,0,4,0,0,0,10,,,,,
,,,,,,SP,TAQUARITINGA,47187,25486,0,1784,344,4109,2042,1,317,185,7933,2203,421,0,1257,425,5,163,0,1,30,481,,,,,
,,,,,,SP,TAQUARITUBA,19123,9853,0,1003,337,2012,716,0,21,117,2893,543,196,0,655,512,6,12,0,2,15,230,,,,,
,,,,,,SP,TAQUARIVAI,3348,1708,0,134,47,423,105,0,2,14,639,90,31,0,84,52,0,4,0,0,0,15,,,,,
,,,,,,SP,TARABAI,4479,2594,0,139,21,306,121,0,1,18,838,209,44,0,132,32,0,7,0,1,1,15,,,,,
,,,,,,SP,TARUMA,10565,5614,0,453,221,786,403,0,15,70,1530,358,208,0,486,305,0,18,0,32,4,62,,,,,
,,,,,,SP,TATUI,106910,51451,0,3335,591,7076,3734,1,522,211,25847,9415,872,1,1643,687,6,411,2,20,26,1059,,,,,
,,,,,,SP,TAUBATE,249426,139365,0,3285,835,12950,13155,0,678,745,58670,10720,439,0,3504,870,3,473,0,42,87,3605,,,,,
,,,,,,SP,TEJUPA,2048,1208,0,80,3,257,73,0,2,36,259,22,21,0,63,3,1,3,0,0,0,17,,,,,
,,,,,,SP,TEODORO SAMPAIO,16821,8195,0,488,137,1212,419,0,26,65,3243,1348,369,0,880,314,0,10,0,2,7,106,,,,,
,,,,,,SP,TERRA ROXA,5918,3392,0,236,78,515,199,1,37,24,688,324,116,0,167,85,0,9,0,0,4,43,,,,,
,,,,,,SP,TIETE,32884,17482,0,1371,199,2912,1444,0,75,95,5971,1243,359,0,829,294,2,93,0,16,9,490,,,,,
,,,,,,SP,TIMBURI,1673,1109,0,38,4,169,45,0,0,10,190,19,8,0,68,3,0,2,0,1,0,7,,,,,
,,,,,,SP,TORRE DE PEDRA,1800,1051,0,67,2,158,68,0,2,15,331,39,11,0,40,4,0,3,0,1,0,8,,,,,
,,,,,,SP,TORRINHA,9122,4968,0,522,275,1069,385,0,45,46,874,247,64,0,213,338,1,15,0,0,2,58,,,,,
,,,,,,SP,TRABIJU,1091,694,0,54,14,105,45,0,2,11,93,15,9,0,21,20,0,1,0,0,0,7,,,,,
,,,,,,SP,TREMEMBE,27950,15869,0,544,52,1569,1522,0,74,75,5848,1172,29,0,526,80,1,30,0,13,13,533,,,,,
,,,,,,SP,TRES FRONTEIRAS,5290,2741,0,107,50,430,131,0,14,20,916,370,23,0,395,67,0,9,0,1,1,15,,,,,
,,,,,,SP,TUIUTI,4998,2706,0,171,7,557,158,0,6,25,1108,111,26,0,71,10,0,5,0,0,0,37,,,,,
,,,,,,SP,TUPA,63892,30021,0,1848,473,4592,2338,0,569,124,14666,5634,359,0,1793,610,7,173,0,2,28,655,,,,,
,,,,,,SP,TUPI PAULISTA,12214,6440,0,380,98,1124,347,0,76,34,2135,672,43,0,556,166,2,10,0,0,7,124,,,,,
,,,,,,SP,TURIUBA,1442,781,0,42,2,149,42,0,3,5,264,64,17,0,57,2,0,5,0,0,0,9,,,,,
,,,,,,SP,TURMALINA,1448,825,0,29,19,215,35,0,1,2,164,19,10,0,92,27,0,3,0,0,0,7,,,,,
,,,,,,SP,UBARANA,3907,2079,0,145,70,304,109,0,6,9,574,133,53,0,259,140,1,7,0,0,1,17,,,,,
,,,,,,SP,UBATUBA,74267,34864,0,1064,58,5023,4510,0,118,235,19803,4570,74,0,2032,101,8,114,0,38,41,1614,,,,,
,,,,,,SP,UBIRAJARA,3533,1967,0,126,34,383,114,0,2,13,585,55,90,0,85,39,0,4,0,1,7,28,,,,,
,,,,,,SP,UCHOA,7971,4388,0,223,39,787,271,0,27,21,1418,346,54,0,235,79,0,10,0,0,7,66,,,,,
,,,,,,SP,UNIAO PAULISTA,1287,742,0,49,14,112,33,0,1,10,213,16,15,0,58,20,0,1,0,0,0,3,,,,,
,,,,,,SP,URANIA,8435,4221,0,190,135,816,253,0,24,25,1385,554,44,0,486,206,5,18,0,0,1,72,,,,,
,,,,,,SP,URU,960,582,0,14,2,89,36,0,0,8,131,24,10,0,57,2,0,1,0,0,0,4,,,,,
,,,,,,SP,URUPES,13126,6454,0,498,413,1340,485,0,79,20,1691,1067,69,0,481,384,4,15,0,0,2,124,,,,,
,,,,,,SP,VALENTIM GENTIL,12395,5923,0,377,108,1174,315,0,40,21,2378,1209,52,0,560,136,3,22,0,0,3,74,,,,,
,,,,,,SP,VALINHOS,121903,73888,0,2523,802,9557,7117,0,108,698,16072,2387,2215,0,1988,936,2,332,0,9,31,3238,,,,,
,,,,,,SP,VALPARAISO,15136,8544,0,489,96,1112,559,0,43,44,2235,861,224,0,584,210,0,15,0,8,7,105,,,,,
,,,,,,SP,VARGEM,10728,6182,0,498,68,1078,427,0,8,60,1687,174,76,0,212,150,1,6,0,2,3,96,,,,,
,,,,,,SP,VARGEM GRANDE DO SUL,34473,17626,0,1380,267,2995,1379,0,105,148,6792,1965,293,0,621,310,6,63,0,9,26,488,,,,,
,,,,,,SP,VARGEM GRANDE PAULISTA,41909,25872,0,1333,177,3510,2247,0,34,133,5487,1177,100,0,547,190,2,47,0,159,3,891,,,,,
,,,,,,SP,VARZEA PAULISTA,86650,51714,0,1280,506,5464,3343,0,71,524,17376,3346,680,0,811,729,0,113,0,30,21,642,,,,,
,,,,,,SP,VERA CRUZ,7634,4609,0,181,18,513,277,0,19,26,1456,178,44,0,187,21,1,26,0,3,3,72,,,,,
,,,,,,SP,VINHEDO,73544,43855,0,1563,391,6014,4149,0,120,189,11209,1893,227,0,912,473,1,155,0,15,44,2334,,,,,
,,,,,,SP,VIRADOURO,14538,7924,0,465,84,1175,581,0,145,37,1847,1477,108,0,449,127,0,13,0,0,14,92,,,,,
,,,,,,SP,VISTA ALEGRE DO ALTO,6628,2890,0,435,124,724,233,0,8,45,947,222,164,0,359,400,1,10,0,1,5,60,,,,,
,,,,,,SP,VITORIA BRASIL,1368,684,0,38,20,144,36,0,1,8,277,33,14,0,68,29,0,2,0,0,0,14,,,,,
,,,,,,SP,VOTORANTIM,92400,53744,0,1439,558,5367,3861,0,77,279,19835,3740,156,0,1314,594,1,122,0,43,24,1246,,,,,
,,,,,,SP,VOTUPORANGA,102282,46650,0,2317,523,7374,3483,0,1056,193,22883,11206,361,0,3727,1130,8,225,0,26,23,1097,,,,,
,,,,,,SP,ZACARIAS,2075,1028,0,104,15,215,51,0,2,4,396,85,32,0,107,19,0,1,0,0,0,16,,,,,
,,,,,,TO,ABREULANDIA,1038,318,0,42,5,150,37,0,0,2,369,71,8,0,24,8,0,0,0,0,0,4,,,,,
,,,,,,TO,AGUIARNOPOLIS,2099,519,0,64,35,138,39,0,13,5,852,267,21,0,85,53,0,0,0,0,0,8,,,,,
,,,,,,TO,ALIANCA DO TOCANTINS,2933,908,0,109,32,304,109,0,8,10,928,298,12,0,146,54,0,0,0,0,1,14,,,,,
,,,,,,TO,ALMAS,2786,859,0,108,17,255,59,0,0,8,1079,270,25,0,57,28,0,0,0,1,0,20,,,,,
,,,,,,TO,ALVORADA,6682,1970,0,286,310,677,144,0,25,19,1487,654,24,0,473,566,0,5,0,0,0,42,,,,,
,,,,,,TO,ANANAS,4347,1016,0,97,9,374,90,0,73,6,1805,675,38,0,132,14,0,0,0,0,1,17,,,,,
,,,,,,TO,ANGICO,960,230,0,41,0,98,19,0,7,6,382,135,9,0,22,3,0,2,0,0,0,6,,,,,
,,,,,,TO,APARECIDA DO RIO NEGRO,2244,632,0,89,33,221,45,0,4,16,806,246,12,0,59,65,0,0,0,0,1,15,,,,,
,,,,,,TO,ARAGOMINAS,1485,277,0,55,3,170,30,0,1,3,671,194,21,0,50,6,0,0,0,0,0,4,,,,,
,,,,,,TO,ARAGUACEMA,1858,506,0,60,15,206,36,0,0,6,718,196,12,0,71,24,0,0,0,0,0,8,,,,,
,,,,,,TO,ARAGUACU,5213,1527,0,157,62,611,181,0,20,18,1646,684,22,0,189,77,0,0,0,0,0,19,,,,,
,,,,,,TO,ARAGUAINA,166784,44845,0,4434,1822,17366,4207,0,268,185,47485,30642,824,1,10431,2406,12,35,0,8,41,1772,,,,,
,,,,,,TO,ARAGUANA,1459,392,0,80,17,95,20,0,2,3,558,168,26,0,68,25,0,0,0,0,0,5,,,,,
,,,,,,TO,ARAGUATINS,16175,3151,0,360,46,1135,252,0,75,52,7622,2847,106,0,405,71,0,4,0,0,0,49,,,,,
,,,,,,TO,ARAPOEMA,3397,646,0,65,12,331,55,0,4,9,1620,486,24,0,120,18,0,1,0,0,0,6,,,,,
,,,,,,TO,ARRAIAS,2864,1127,0,70,6,374,88,0,1,2,909,189,14,0,67,6,0,2,0,0,2,7,,,,,
,,,,,,TO,AUGUSTINOPOLIS,9489,1867,0,315,38,802,109,0,34,40,4352,1590,56,0,171,68,0,0,0,1,3,43,,,,,
,,,,,,TO,AURORA DO TOCANTINS,1054,377,0,21,0,120,19,0,1,2,411,58,10,0,29,3,0,0,0,0,0,3,,,,,
,,,,,,TO,AXIXA DO TOCANTINS,3917,744,0,63,3,246,52,0,14,14,2200,495,13,0,59,6,0,0,0,0,0,8,,,,,
,,,,,,TO,BABACULANDIA,2625,475,0,185,23,238,46,0,1,11,968,550,25,0,67,29,0,0,0,1,0,6,,,,,
,,,,,,TO,BANDEIRANTES DO TOCANTINS,1317,353,0,64,19,150,24,0,2,5,467,155,5,0,48,14,0,0,0,0,0,11,,,,,
,,,,,,TO,BARRA DO OURO,1267,236,0,28,116,126,14,0,0,3,517,157,2,0,39,27,0,0,0,0,0,2,,,,,
,,,,,,TO,BARROLANDIA,2626,655,0,82,8,382,61,0,0,5,1083,251,15,0,63,7,0,0,0,0,0,14,,,,,
,,,,,,TO,BERNARDO SAYAO,2092,405,0,46,6,244,35,0,2,7,1102,191,12,0,31,8,0,0,0,0,0,3,,,,,
,,,,,,TO,BOM JESUS DO TOCANTINS,1507,368,0,29,10,161,18,0,0,1,686,187,4,0,27,11,0,0,0,0,1,4,,,,,
,,,,,,TO,BRASILANDIA DO TOCANTINS,786,215,0,26,1,78,12,0,0,3,347,62,10,0,26,5,0,0,0,0,0,1,,,,,
,,,,,,TO,BREJINHO DE NAZARE,2087,592,0,71,29,197,38,0,3,5,718,280,25,0,70,46,0,1,0,0,0,12,,,,,
,,,,,,TO,BURITI DO TOCANTINS,2971,456,0,71,2,201,29,0,7,17,1912,226,10,0,27,6,0,1,0,0,0,6,,,,,
,,,,,,TO,CACHOEIRINHA,669,199,0,12,1,46,4,0,5,1,267,118,7,0,9,0,0,0,0,0,0,0,,,,,
,,,,,,TO,CAMPOS LINDOS,2497,345,0,69,60,274,32,0,0,4,1172,327,17,0,71,118,0,0,0,0,0,8,,,,,
,,,,,,TO,CARIRI DO TOCANTINS,2175,678,0,86,56,238,72,0,1,7,591,167,34,0,99,135,0,3,0,0,0,8,,,,,
,,,,,,TO,CARMOLANDIA,1390,236,0,151,54,76,24,0,1,15,446,131,85,0,41,124,1,0,0,0,0,5,,,,,
,,,,,,TO,CARRASCO BONITO,892,163,0,15,0,66,7,0,2,3,522,99,5,0,7,1,0,0,0,1,0,1,,,,,
,,,,,,TO,CASEARA,1816,514,0,64,26,221,40,0,1,6,623,171,14,0,67,58,0,0,0,0,0,11,,,,,
,,,,,,TO,CENTENARIO,584,95,0,20,2,85,14,0,1,4,307,45,3,0,3,3,0,1,0,0,0,1,,,,,
,,,,,,TO,CHAPADA DA NATIVIDADE,1104,368,0,40,7,118,26,0,0,5,413,59,18,0,33,16,0,0,0,0,0,1,,,,,
,,,,,,TO,CHAPADA DE AREIA,391,92,0,14,4,41,11,0,0,2,180,17,9,0,14,7,0,0,0,0,0,0,,,,,
,,,,,,TO,COLINAS DO TOCANTINS,28000,6579,0,717,900,2440,514,0,112,21,8425,5262,107,0,1329,1373,0,21,0,1,6,193,,,,,
,,,,,,TO,COLMEIA,5977,1456,0,168,18,543,157,0,3,13,2578,724,22,0,220,41,0,4,0,0,0,30,,,,,
,,,,,,TO,COMBINADO,2360,695,0,56,19,201,35,0,2,2,1019,227,11,0,62,20,0,0,0,0,0,11,,,,,
,,,,,,TO,CONCEICAO DO TOCANTINS,1028,314,0,31,2,142,33,0,1,4,409,62,6,0,18,2,0,0,0,0,0,4,,,,,
,,,,,,TO,COUTO DE MAGALHAES,1785,390,0,49,56,136,19,0,3,7,733,134,22,0,110,113,0,1,0,0,0,12,,,,,
,,,,,,TO,CRISTALANDIA,3589,1137,0,142,27,398,135,0,10,6,1076,442,14,0,129,49,0,3,0,1,1,19,,,,,
,,,,,,TO,CRIXAS DO TOCANTINS,674,241,0,37,17,108,23,0,3,2,164,27,8,0,26,17,0,0,0,0,0,1,,,,,
,,,,,,TO,DARCINOPOLIS,2179,500,0,116,83,215,54,0,1,12,653,200,24,0,148,167,0,0,0,0,0,6,,,,,
,,,,,,TO,DIANOPOLIS,10855,3731,0,336,161,1090,311,0,8,20,3194,1141,105,0,411,260,0,4,0,0,1,82,,,,,
,,,,,,TO,DIVINOPOLIS DO TOCANTINS,4183,1059,0,184,65,537,83,0,4,2,1503,451,12,0,151,113,0,2,0,0,0,17,,,,,
,,,,,,TO,DOIS IRMAOS DO TOCANTINS,2604,631,0,79,14,318,57,0,0,10,1153,204,27,0,73,30,0,1,0,0,0,7,,,,,
,,,,,,TO,DUERE,1780,516,0,74,6,205,50,0,3,5,659,179,7,0,58,12,0,0,0,0,0,6,,,,,
,,,,,,TO,ESPERANTINA,1914,298,0,30,3,115,16,0,5,8,1142,195,18,0,40,40,0,0,0,0,0,4,,,,,
,,,,,,TO,FATIMA,2434,624,0,67,193,186,37,0,0,3,744,287,19,0,121,144,1,2,0,0,0,6,,,,,
,,,,,,TO,FIGUEIROPOLIS,3072,918,0,104,66,359,75,0,5,6,939,343,13,0,147,85,0,1,0,0,0,11,,,,,
,,,,,,TO,FILADELFIA,1591,317,0,56,13,211,46,0,1,9,567,265,13,0,73,12,0,1,0,0,1,6,,,,,
,,,,,,TO,FORMOSO DO ARAGUAIA,10685,3233,0,342,102,1099,283,0,21,11,3540,1330,52,0,439,181,1,2,0,0,0,49,,,,,
,,,,,,TO,FORTALEZA DO TABOCAO,1568,415,0,41,12,124,25,0,1,3,607,218,13,0,47,54,0,2,0,0,0,6,,,,,
,,,,,,TO,GOIANORTE,2586,562,0,59,16,322,36,0,0,1,1189,283,20,0,66,19,0,1,0,0,0,12,,,,,
,,,,,,TO,GOIATINS,2713,473,0,91,26,318,65,0,4,7,1287,273,19,0,92,52,0,0,0,0,1,5,,,,,
,,,,,,TO,GUARAI,17213,4584,0,542,237,1780,392,0,40,36,5226,3144,41,0,708,327,0,8,0,0,6,142,,,,,
,,,,,,TO,GURUPI,82247,25499,0,2075,1034,7164,1845,0,403,61,22471,14716,275,0,4083,1779,7,44,0,5,15,771,,,,,
,,,,,,TO,IPUEIRAS,616,195,0,12,9,53,6,0,0,1,248,53,3,0,16,20,0,0,0,0,0,0,,,,,
,,,,,,TO,ITACAJA,3059,563,0,72,6,264,66,0,2,8,1638,369,10,0,42,8,0,0,0,0,0,11,,,,,
,,,,,,TO,ITAGUATINS,1249,296,0,32,3,107,23,0,5,5,594,137,12,0,25,5,0,0,0,0,0,5,,,,,
,,,,,,TO,ITAPIRATINS,1571,317,0,43,22,176,21,0,0,5,696,176,19,0,47,40,0,0,0,0,1,8,,,,,
,,,,,,TO,ITAPORA DO TOCANTINS,1022,247,0,20,3,123,17,0,0,4,486,75,19,0,24,1,0,0,0,0,0,3,,,,,
,,,,,,TO,JAU DO TOCANTINS,1409,455,0,38,10,166,27,0,1,4,547,76,10,0,67,7,0,0,0,0,0,1,,,,,
,,,,,,TO,JUARINA,917,224,0,15,1,106,12,0,2,3,436,76,13,0,25,2,0,1,0,0,0,1,,,,,
,,,,,,TO,LAGOA DA CONFUSAO,6924,1860,0,330,198,934,129,0,6,14,1987,816,43,0,274,269,0,1,0,0,4,59,,,,,
,,,,,,TO,LAGOA DO TOCANTINS,1052,209,0,23,0,116,10,0,0,0,525,121,15,0,25,2,0,0,0,0,1,5,,,,,
,,,,,,TO,LAJEADO,1311,441,0,39,5,148,24,0,1,2,441,140,13,0,42,7,0,0,0,0,0,8,,,,,
,,,,,,TO,LAVANDEIRA,520,180,0,6,0,44,5,0,0,1,244,28,5,0,6,0,0,0,0,0,0,1,,,,,
,,,,,,TO,LIZARDA,574,70,0,27,0,96,11,0,0,0,314,35,3,0,11,4,0,0,0,0,0,3,,,,,
,,,,,,TO,LUZINOPOLIS,903,215,0,23,6,91,11,0,7,2,370,133,5,0,29,9,0,0,0,0,0,2,,,,,
,,,,,,TO,MARIANOPOLIS DO TOCANTINS,1944,591,0,77,23,235,36,0,1,10,670,150,12,0,77,52,0,0,0,0,0,10,,,,,
,,,,,,TO,MATEIROS,700,73,0,33,7,112,23,0,1,1,320,55,8,0,9,11,0,1,0,0,0,46,,,,,
,,,,,,TO,MAURILANDIA DO TOCANTINS,808,180,0,16,0,79,17,0,2,6,415,70,9,0,13,0,0,0,0,0,0,1,,,,,
,,,,,,TO,MIRACEMA DO TOCANTINS,10971,3547,0,230,93,977,269,0,33,36,3404,1637,58,0,399,213,0,9,0,1,1,64,,,,,
,,,,,,TO,MIRANORTE,9398,2493,0,374,208,1123,281,0,14,18,3198,897,32,0,391,322,0,7,0,0,1,39,,,,,
,,,,,,TO,MONTE DO CARMO,2036,514,0,59,21,241,35,0,2,8,760,263,12,0,69,46,0,1,0,0,0,5,,,,,
,,,,,,TO,MONTE SANTO DO TOCANTINS,841,216,0,30,18,106,15,0,2,3,329,62,3,0,21,32,0,0,0,0,0,4,,,,,
,,,,,,TO,MURICILANDIA,879,189,0,8,3,93,22,0,1,3,421,102,8,0,24,2,0,0,0,0,0,3,,,,,
,,,,,,TO,NATIVIDADE,4713,1366,0,173,53,494,106,0,5,13,1629,592,21,0,144,102,0,1,0,0,1,13,,,,,
,,,,,,TO,NAZARE,1434,384,0,29,2,108,23,0,0,2,632,212,9,0,30,0,0,0,0,0,1,2,,,,,
,,,,,,TO,NOVA OLINDA,4956,1096,0,120,113,489,91,0,9,8,1872,678,40,0,244,183,0,1,0,0,2,10,,,,,
,,,,,,TO,NOVA ROSALANDIA,1750,635,0,49,15,175,33,0,3,1,507,202,15,0,83,25,0,1,0,0,0,6,,,,,
,,,,,,TO,NOVO ACORDO,1450,302,0,51,9,191,23,0,1,5,613,183,12,0,31,19,0,1,0,0,0,9,,,,,
,,,,,,TO,NOVO ALEGRE,477,194,0,18,14,37,12,0,0,2,157,31,3,0,5,2,0,0,0,0,1,1,,,,,
,,,,,,TO,NOVO JARDIM,689,259,0,22,9,62,12,0,0,2,214,36,10,0,45,15,0,0,0,0,1,2,,,,,
,,,,,,TO,OLIVEIRA DE FATIMA,516,169,0,17,10,64,13,0,1,1,166,36,5,0,22,12,0,0,0,0,0,0,,,,,
,,,,,,TO,PALMAS,273315,103592,0,6231,1394,28707,9503,0,527,385,70644,26739,2098,0,14300,2327,30,253,0,23,58,6504,,,,,
,,,,,,TO,PALMEIRANTE,1299,277,0,39,10,154,28,0,0,7,531,168,34,0,32,18,0,0,0,0,0,1,,,,,
,,,,,,TO,PALMEIRAS DO TOCANTINS,1734,531,0,50,25,145,52,0,1,6,591,216,13,0,71,28,0,1,0,0,0,4,,,,,
,,,,,,TO,PALMEIROPOLIS,4835,1384,0,154,43,458,97,0,7,5,1822,531,38,0,241,28,0,0,0,0,1,26,,,,,
,,,,,,TO,PARAISO DO TOCANTINS,44982,12468,0,1465,770,4290,1118,0,300,52,13002,7751,166,0,1811,1344,1,25,0,1,10,408,,,,,
,,,,,,TO,PARANA,2302,739,0,62,8,287,42,0,1,10,872,154,4,0,114,8,0,0,0,0,0,1,,,,,
,,,,,,TO,PAU D'ARCO,1580,327,0,34,0,159,14,0,1,2,719,263,9,0,47,0,0,0,0,0,0,5,,,,,
,,,,,,TO,PEDRO AFONSO,9584,2378,0,303,197,949,185,0,17,14,3263,1367,92,0,420,344,0,2,0,0,1,52,,,,,
,,,,,,TO,PEIXE,4129,1169,0,129,39,470,77,0,5,14,1425,422,61,0,234,62,0,2,0,1,0,19,,,,,
,,,,,,TO,PEQUIZEIRO,2116,544,0,54,16,247,53,0,0,3,966,133,18,0,41,30,0,0,0,0,0,11,,,,,
,,,,,,TO,PINDORAMA DO TOCANTINS,1432,305,0,35,3,147,35,0,0,1,771,105,8,0,18,0,0,0,0,0,0,4,,,,,
,,,,,,TO,PIRAQUE,661,187,0,17,2,73,9,0,1,3,266,68,7,0,23,2,0,0,0,0,0,3,,,,,
,,,,,,TO,PIUM,2468,642,0,90,29,343,61,0,2,9,899,238,26,0,72,47,0,1,0,0,0,9,,,,,
,,,,,,TO,PONTE ALTA DO BOM JESUS,1314,414,0,28,4,146,14,0,0,1,543,92,8,0,52,4,0,0,0,0,1,7,,,,,
,,,,,,TO,PONTE ALTA DO TOCANTINS,2565,509,0,39,5,272,51,0,0,3,1247,305,5,0,46,11,0,1,0,0,2,69,,,,,
,,,,,,TO,PORTO ALEGRE DO TOCANTINS,897,341,0,18,1,80,24,0,2,0,330,62,10,0,23,1,0,0,0,0,0,5,,,,,
,,,,,,TO,PORTO NACIONAL,46978,13270,0,1070,910,3763,1147,0,59,114,14285,7895,403,0,2187,1463,0,25,0,20,3,364,,,,,
,,,,,,TO,PRAIA NORTE,1626,269,0,30,0,80,7,0,7,5,971,229,8,0,14,2,0,0,0,0,0,4,,,,,
,,,,,,TO,PRESIDENTE KENNEDY,1333,392,0,33,12,105,26,0,4,2,514,172,7,0,53,10,0,0,0,0,0,3,,,,,
,,,,,,TO,PUGMIL,1078,346,0,35,16,128,18,0,3,7,342,92,6,0,42,40,0,0,0,0,0,3,,,,,
,,,,,,TO,RECURSOLANDIA,1000,114,0,24,2,123,27,0,0,3,660,38,4,0,4,0,0,0,0,0,0,1,,,,,
,,,,,,TO,RIACHINHO,1548,338,0,101,14,98,30,0,13,9,604,205,65,0,35,33,0,0,0,0,0,3,,,,,
,,,,,,TO,RIO DA CONCEICAO,594,250,0,11,0,65,21,0,1,2,185,42,4,0,12,0,0,0,0,0,0,1,,,,,
,,,,,,TO,RIO DOS BOIS,978,300,0,24,4,118,28,0,2,6,366,71,17,0,27,14,0,0,0,0,0,1,,,,,
,,,,,,TO,RIO SONO,1511,291,0,45,10,202,39,0,0,3,723,142,12,0,24,13,0,0,0,0,0,7,,,,,
,,,,,,TO,SAMPAIO,1192,257,0,49,5,73,9,0,11,3,585,154,9,0,26,4,0,0,0,0,0,7,,,,,
,,,,,,TO,SANDOLANDIA,1644,443,0,39,11,213,44,0,1,14,649,151,2,0,62,10,0,0,0,0,0,5,,,,,
,,,,,,TO,SANTA FE DO ARAGUAIA,2565,606,0,71,9,244,53,0,2,12,1149,286,21,0,97,11,0,0,0,0,0,4,,,,,
,,,,,,TO,SANTA MARIA DO TOCANTINS,982,250,0,31,8,124,18,0,0,5,403,102,15,0,12,9,0,0,0,0,0,5,,,,,
,,,,,,TO,SANTA RITA DO TOCANTINS,703,211,0,22,23,122,15,0,0,7,188,31,6,0,39,35,0,1,0,0,0,3,,,,,
,,,,,,TO,SANTA ROSA DO TOCANTINS,1964,524,0,86,41,208,44,0,2,6,762,143,11,0,58,61,0,1,0,0,0,17,,,,,
,,,,,,TO,SANTA TEREZA DO TOCANTINS,973,232,0,34,4,105,20,0,0,2,450,79,5,0,26,12,0,0,0,0,1,3,,,,,
,,,,,,TO,SANTA TEREZINHA DO TOCANTINS,896,228,0,21,0,71,17,0,5,3,424,108,7,0,11,0,0,0,0,0,0,1,,,,,
,,,,,,TO,SAO BENTO DO TOCANTINS,1608,341,0,38,8,123,20,0,5,4,773,223,15,0,30,22,0,0,0,0,1,5,,,,,
,,,,,,TO,SAO FELIX DO TOCANTINS,402,51,0,11,0,62,7,0,0,2,216,30,5,0,2,3,0,1,0,0,0,12,,,,,
,,,,,,TO,SAO MIGUEL DO TOCANTINS,2422,370,0,171,51,121,30,0,38,27,1136,311,69,0,53,37,0,0,0,0,0,8,,,,,
,,,,,,TO,SAO SALVADOR DO TOCANTINS,864,278,0,27,0,94,25,0,0,5,324,48,11,0,51,0,0,0,0,0,0,1,,,,,
,,,,,,TO,SAO SEBASTIAO DO TOCANTINS,865,152,0,24,1,44,10,0,2,5,539,66,4,0,15,0,0,0,0,0,0,3,,,,,
,,,,,,TO,SAO VALERIO DA NATIVIDADE,1842,502,0,88,22,231,43,0,1,2,644,167,12,0,67,57,0,0,0,0,0,6,,,,,
,,,,,,TO,SILVANOPOLIS,2529,760,0,89,68,303,56,0,2,5,756,280,9,0,69,111,0,0,0,0,0,21,,,,,
,,,,,,TO,SITIO NOVO DO TOCANTINS,3005,571,0,55,6,182,27,0,16,10,1678,385,20,0,42,7,0,0,0,0,1,5,,,,,
,,,,,,TO,SUCUPIRA,760,253,0,21,4,96,13,0,0,1,281,47,10,0,25,8,0,0,0,0,0,1,,,,,
,,,,,,TO,TAGUATINGA,6188,2079,0,188,61,516,111,0,6,15,2262,599,57,0,180,79,0,3,0,0,3,29,,,,,
,,,,,,TO,TAIPAS DO TOCANTINS,455,161,0,20,4,49,8,0,0,1,159,31,3,0,11,7,0,0,0,0,0,1,,,,,
,,,,,,TO,TALISMA,768,263,0,35,9,104,26,0,2,9,204,33,4,0,68,7,0,1,0,0,0,3,,,,,
,,,,,,TO,TOCANTINIA,1794,486,0,33,7,166,62,0,1,6,765,206,15,0,37,5,0,1,0,0,0,4,,,,,
,,,,,,TO,TOCANTINOPOLIS,22264,4050,0,1030,308,1105,585,0,232,202,8986,4139,328,0,726,495,0,8,1,2,21,46,,,,,
,,,,,,TO,TUPIRAMA,759,235,0,27,13,70,12,0,2,5,230,87,17,0,29,28,0,0,0,0,0,4,,,,,
,,,,,,TO,TUPIRATINS,594,179,0,18,1,64,11,0,0,1,212,73,9,0,21,4,0,0,0,0,0,1,,,,,
,,,,,,TO,WANDERLANDIA,3215,889,0,84,34,290,94,0,7,7,1080,498,17,0,141,66,0,0,0,0,0,8,,,,,
,,,,,,TO,XAMBIOA,6470,1195,0,144,116,463,97,0,17,15,2886,1079,31,0,250,143,0,4,0,2,2,26,,,,,
,,,,,,,,,,,,,,,,,,,,,,,,,,,,,,,,,,
,,,,,,,TOTAL,AUTOMÓVEL,BONDE,CAMINHÃO,CAMINHÃO TRATOR,CAMINHONETE,CAMIONETA,CHASSI PLATAFORMA,CICLOMOTOR,MICROÔNIBUS,MOTOCICLETA,MOTONETA,ÔNIBUS,QUADRICICLO,REBOQUE,SEMI-REBOQUE,SIDE-CAR,OUTROS,TRATOR ESTEIRA,TRATOR RODAS,TRICICLO,UTILITÁRIO,,"Grandes Regiões e
Unidades da Federação",,,,
,,,,,,,132323836,65579622,4,3246591,1025843,10422832,5418190,110,626459,471085,30965839,6945480,769940,422,2693592,1488831,8323,332981,619,40664,57808,2228601,,Brasil,,,,
,,,,,,,7823574,2294171,0,187751,50784,722491,182106,5,31123,18105,3061579,892876,54978,7,141592,92516,280,6949,1,582,8530,77148,,Norte,,,,
,,,,,,,401028,112591,0,8600,1707,37834,7704,0,1282,612,173125,43141,1467,0,6596,2983,28,446,0,3,233,2676,,Acre ,,,,
,,,,,,,293783,111711,0,5294,871,31220,8172,1,6278,675,97009,22399,1634,0,2241,2452,33,452,0,11,473,2857,,Amapá ,,,,
,,,,,,,1328112,487099,0,24935,6470,120979,39593,2,2510,4139,472654,118901,11377,0,6163,17719,0,675,0,103,3085,11708,,Amazonas,,,,
,,,,,,,3154647,812244,0,79161,17957,252291,64059,0,13401,8048,1392081,372672,24002,3,46785,29130,138,3773,0,298,4033,34571,,Pará ,,,,
,,,,,,,1330671,369068,0,34497,10778,142603,25869,1,3658,1690,504120,170167,8042,3,28982,19333,23,653,0,60,406,10718,,Rondônia ,,,,
,,,,,,,314445,104507,0,7716,1853,39076,10784,1,1384,974,106976,27834,1769,0,4543,3433,5,444,0,38,100,3008,,Roraima,,,,
,,,,,,,1000888,296951,0,27548,11148,98488,25925,0,2610,1967,315614,137762,6687,1,46282,17466,53,506,1,69,200,11610,,Tocantins,,,,
,,,,,,,24374556,8690847,0,559251,102626,1744894,682441,10,279716,112069,9471867,1620686,165424,18,389586,158676,1408,22752,23,1578,11793,358891,,Nordeste,,,,
,,,,,,,1290570,467825,0,29679,3936,77678,37524,0,22249,8881,496377,75457,11166,0,33450,5974,38,627,0,138,358,19213,,Alagoas,,,,
,,,,,,,5906189,2360091,0,151876,36513,532483,187194,0,31041,37709,1901155,359825,52178,5,105340,58358,453,5591,12,410,3476,82479,,Bahia,,,,
,,,,,,,4216785,1428667,0,85162,14353,271050,96280,0,19245,14153,1832502,271554,22349,7,58308,21809,424,7066,0,241,1907,71708,,Ceará,,,,
,,,,,,,2482755,599249,0,51708,10291,188000,44837,0,17330,6521,1219456,258238,12663,2,29490,18139,23,1138,2,91,673,24904,,Maranhão ,,,,
,,,,,,,1863806,684514,0,35801,4481,115169,52912,0,45579,6308,727604,121311,10120,0,19055,6079,23,457,0,51,611,33731,,Paraíba ,,,,
,,,,,,,4049913,1569352,0,101108,17748,242500,141333,8,57734,22532,1516204,197429,27078,1,69797,24547,137,4415,0,296,2095,55599,,Pernambuco ,,,,
,,,,,,,1683859,471161,0,37357,5586,127000,37850,2,11944,5553,781401,149924,11146,0,14447,9476,233,183,0,76,1427,19093,,Piauí,,,,
,,,,,,,1772697,701111,0,40679,5442,124364,59394,0,35807,6267,609557,101640,9155,1,29192,8712,37,1986,9,131,687,38526,,Rio Grande do Norte ,,,,
,,,,,,,1107982,408877,0,25881,4276,66650,25117,0,38787,4145,387611,85308,9569,2,30507,5582,40,1289,0,144,559,13638,,Sergipe,,,,
,,,,,,,62006801,34989852,4,1411407,419087,4500813,2925894,83,214453,242176,11609426,2465827,352340,200,1036215,566823,3330,140738,203,20514,27110,1080306,,Sudeste,,,,
,,,,,,,2749241,1221013,0,89494,26087,269646,114545,0,4716,10268,648221,187764,18451,4,53074,36295,110,3625,15,3643,3169,59101,,Espírito Santo,,,,
,,,,,,,14834987,7646080,0,411796,115344,1467181,506158,0,64167,57882,3353677,454058,97689,18,299408,140635,1308,26875,27,2787,7661,182236,,Minas Gerais ,,,,
,,,,,,,8449200,5121471,0,168816,29438,413703,432574,2,49672,43361,1483864,348428,47997,19,121390,32968,152,10729,8,812,4558,139238,,Rio de Janeiro,,,,
,,,,,,,35973373,21001288,4,741301,248218,2350283,1872617,81,95898,130665,6123664,1475577,188203,159,562343,356925,1760,99509,153,13272,11722,699731,,São Paulo ,,,,
,,,,,,,25417879,13930208,0,759340,307950,2154686,1215325,12,36917,68210,4074418,1014042,123646,163,658488,429362,1183,132898,385,16414,6171,488061,,Sul,,,,
,,,,,,,9955497,5373997,0,316014,134031,908831,404510,0,16671,28947,1684442,417996,54151,75,209667,187679,482,51848,85,2470,2984,160617,,Paraná,,,,
,,,,,,,8644081,4978602,0,261245,88989,719029,425767,4,11944,24098,1268864,236990,45148,64,254453,114905,262,52045,137,10020,1795,149720,,Rio Grande do Sul ,,,,
,,,,,,,6818301,3577609,0,182081,84930,526826,385048,8,8302,15165,1121112,359056,24347,24,194368,126778,439,29005,163,3924,1392,177724,,Santa Catarina,,,,
,,,,,,,12701026,5674544,0,328842,145396,1299948,412424,0,64250,30525,2748549,952049,73552,34,467711,241454,2122,29644,7,1576,4204,224195,,Centro-Oeste,,,,
,,,,,,,2295892,1493824,0,29661,5127,168114,137497,0,2072,7149,280520,33988,14832,21,29862,6470,692,9738,1,732,746,74846,,Distrito Federal,,,,
,,,,,,,5277684,2294712,0,135814,51036,540260,142596,0,47419,13025,1161488,397561,28567,4,298826,76529,121,13722,1,317,1460,74226,,Goiás,,,,
,,,,,,,3051305,983880,0,99425,61904,361242,78567,0,9893,5256,833707,363184,17977,5,79643,109410,543,1794,1,253,1215,43406,,Mato Grosso,,,,
,,,,,,,2076145,902128,0,63942,27329,230332,53764,0,4866,5095,472834,157316,12176,4,59380,49045,766,4390,4,274,783,31717,,Mato Grosso do Sul,,,,
,,,,,,,,,,,,,,,,,,,,,,,,,,,,,,,,,,
,,,,,,,,,,,,,,,,,,,,,,,,,,,,,,,,,,
,,,,,,,,,,,,,,,,,,,,,,,,,,,,,,,,,,
,,,,,,,,,,,,,,,,,,,,,,,,,,,,,,"Tabela 2 - Percentagem de veículos, por tipo segundo o Brasil - JUL/2026",,,,
,,,,,,,TOTAL,AUTOMÓVEL,BONDE,CAMINHÃO,CAMINHÃO TRATOR,CAMINHONETE,CAMIONETA,CHASSI PLATAFORMA,CICLOMOTOR,MICROÔNIBUS,MOTOCICLETA,MOTONETA,ÔNIBUS,QUADRICICLO,REBOQUE,SEMI-REBOQUE,SIDE-CAR,OUTROS,TRATOR ESTEIRA,TRATOR RODAS,TRICICLO,UTILITÁRIO,,Brasil %,,,,
,,,,,,,132323836,65579622,4,3246591,1025843,10422832,5418190,110,626459,471085,30965839,6945480,769940,422,2693592,1488831,8323,332981,619,40664,57808,2228601,,,,,,
,,,,,,,100%,0.49559946251860476,3.022886972533051e-08,0.02453519409760763,0.0077525186014105575,0.07876760767425152,0.04094643991427213,8.312939174465892e-07,0.004734286874815207,0.0035600917736393315,0.23401557826663974,0.05248850252497214,0.005818603989080244,3.1891457560223693e-06,0.020356060415298118,0.011251419585508389,6.289872068098146e-05,0.00251640981750257,4.677917589994897e-06,0.00030730668962771,0.0004368676252704766,0.01684202232468533,,,,,,
,,,,,,,,,,,,,,,,,,,,,,,,,,,,,,,,,,
,,,,,,,,,,,,,,,,,,,,,,,,,,,,,,,,,,
,,,,,,,,,,,,,,,,,,,,,,,,,,,,,,"Fonte: Ministério dos Transportes, SENATRAN - Secretaria Nacional de Trânsito, RENAVAM-Registro Nacional de Veículos Automotores",,,,
