UF,Município,Combustível Veículo,Qtd. Veículos,_arquivo_origem
SAO PAULO,ADAMANTINA,ALCOOL,1903,copy_of_D_Frota_por_UF_Municipio_COMBUSTIVEL_Julho_2026.xlsx
SAO PAULO,ADAMANTINA,ALCOOL/GASOLINA,14289,copy_of_D_Frota_por_UF_Municipio_COMBUSTIVEL_Julho_2026.xlsx
SAO PAULO,ADAMANTINA,DIESEL,2372,copy_of_D_Frota_por_UF_Municipio_COMBUSTIVEL_Julho_2026.xlsx
SAO PAULO,ADAMANTINA,DIESEL/ELETRICO,2,copy_of_D_Frota_por_UF_Municipio_COMBUSTIVEL_Julho_2026.xlsx
SAO PAULO,ADAMANTINA,ELETRICO,2,copy_of_D_Frota_por_UF_Municipio_COMBUSTIVEL_Julho_2026.xlsx
SAO PAULO,ADAMANTINA,ELETRICO/FONTE EXTERNA,19,copy_of_D_Frota_por_UF_Municipio_COMBUSTIVEL_Julho_2026.xlsx
SAO PAULO,ADAMANTINA,ELETRICO/FONTE INTERNA,1,copy_of_D_Frota_por_UF_Municipio_COMBUSTIVEL_Julho_2026.xlsx
SAO PAULO,ADAMANTINA,GAS METANO,3,copy_of_D_Frota_por_UF_Municipio_COMBUSTIVEL_Julho_2026.xlsx
SAO PAULO,ADAMANTINA,GASOLINA,11391,copy_of_D_Frota_por_UF_Municipio_COMBUSTIVEL_Julho_2026.xlsx
SAO PAULO,ADAMANTINA,GASOLINA/ALCOOL/ELETRICO,70,copy_of_D_Frota_por_UF_Municipio_COMBUSTIVEL_Julho_2026.xlsx
SAO PAULO,ADAMANTINA,GASOLINA/ALCOOL/GAS NATURAL,1,copy_of_D_Frota_por_UF_Municipio_COMBUSTIVEL_Julho_2026.xlsx
SAO PAULO,ADAMANTINA,GASOLINA/ELETRICO,34,copy_of_D_Frota_por_UF_Municipio_COMBUSTIVEL_Julho_2026.xlsx
SAO PAULO,ADAMANTINA,GASOLINA/GAS NATURAL VEICULAR,4,copy_of_D_Frota_por_UF_Municipio_COMBUSTIVEL_Julho_2026.xlsx
SAO PAULO,ADAMANTINA,HIBRIDO,4,copy_of_D_Frota_por_UF_Municipio_COMBUSTIVEL_Julho_2026.xlsx
SAO PAULO,ADAMANTINA,HIBRIDO PLUG-IN,7,copy_of_D_Frota_por_UF_Municipio_COMBUSTIVEL_Julho_2026.xlsx
SAO PAULO,ADAMANTINA,Sem Informação,1881,copy_of_D_Frota_por_UF_Municipio_COMBUSTIVEL_Julho_2026.xlsx
SAO PAULO,ADOLFO,ALCOOL,254,copy_of_D_Frota_por_UF_Municipio_COMBUSTIVEL_Julho_2026.xlsx
SAO PAULO,ADOLFO,ALCOOL/GASOLINA,1226,copy_of_D_Frota_por_UF_Municipio_COMBUSTIVEL_Julho_2026.xlsx
SAO PAULO,ADOLFO,DIESEL,277,copy_of_D_Frota_por_UF_Municipio_COMBUSTIVEL_Julho_2026.xlsx
SAO PAULO,ADOLFO,DIESEL/ELETRICO,1,copy_of_D_Frota_por_UF_Municipio_COMBUSTIVEL_Julho_2026.xlsx
SAO PAULO,ADOLFO,ELETRICO/FONTE EXTERNA,1,copy_of_D_Frota_por_UF_Municipio_COMBUSTIVEL_Julho_2026.xlsx
SAO PAULO,ADOLFO,GASOLINA,1047,copy_of_D_Frota_por_UF_Municipio_COMBUSTIVEL_Julho_2026.xlsx
SAO PAULO,ADOLFO,GASOLINA/ALCOOL/ELETRICO,1,copy_of_D_Frota_por_UF_Municipio_COMBUSTIVEL_Julho_2026.xlsx
SAO PAULO,ADOLFO,GASOLINA/ELETRICO,2,copy_of_D_Frota_por_UF_Municipio_COMBUSTIVEL_Julho_2026.xlsx
SAO PAULO,ADOLFO,HIBRIDO,1,copy_of_D_Frota_por_UF_Municipio_COMBUSTIVEL_Julho_2026.xlsx
SAO PAULO,ADOLFO,HIBRIDO PLUG-IN,2,copy_of_D_Frota_por_UF_Municipio_COMBUSTIVEL_Julho_2026.xlsx
SAO PAULO,ADOLFO,Sem Informação,313,copy_of_D_Frota_por_UF_Municipio_COMBUSTIVEL_Julho_2026.xlsx
SAO PAULO,AGUAI,ALCOOL,1711,copy_of_D_Frota_por_UF_Municipio_COMBUSTIVEL_Julho_2026.xlsx
SAO PAULO,AGUAI,ALCOOL/GAS NATURAL VEICULAR,2,copy_of_D_Frota_por_UF_Municipio_COMBUSTIVEL_Julho_2026.xlsx
SAO PAULO,AGUAI,ALCOOL/GASOLINA,9954,copy_of_D_Frota_por_UF_Municipio_COMBUSTIVEL_Julho_2026.xlsx
SAO PAULO,AGUAI,DIESEL,2556,copy_of_D_Frota_por_UF_Municipio_COMBUSTIVEL_Julho_2026.xlsx
SAO PAULO,AGUAI,ELETRICO/FONTE EXTERNA,15,copy_of_D_Frota_por_UF_Municipio_COMBUSTIVEL_Julho_2026.xlsx
SAO PAULO,AGUAI,ELETRICO/FONTE INTERNA,2,copy_of_D_Frota_por_UF_Municipio_COMBUSTIVEL_Julho_2026.xlsx
SAO PAULO,AGUAI,GASOLINA,11943,copy_of_D_Frota_por_UF_Municipio_COMBUSTIVEL_Julho_2026.xlsx
SAO PAULO,AGUAI,GASOLINA/ALCOOL/ELETRICO,20,copy_of_D_Frota_por_UF_Municipio_COMBUSTIVEL_Julho_2026.xlsx
SAO PAULO,AGUAI,GASOLINA/ALCOOL/GAS NATURAL,11,copy_of_D_Frota_por_UF_Municipio_COMBUSTIVEL_Julho_2026.xlsx
SAO PAULO,AGUAI,GASOLINA/ELETRICO,20,copy_of_D_Frota_por_UF_Municipio_COMBUSTIVEL_Julho_2026.xlsx
SAO PAULO,AGUAI,GASOLINA/GAS NATURAL VEICULAR,30,copy_of_D_Frota_por_UF_Municipio_COMBUSTIVEL_Julho_2026.xlsx
SAO PAULO,AGUAI,HIBRIDO,6,copy_of_D_Frota_por_UF_Municipio_COMBUSTIVEL_Julho_2026.xlsx
SAO PAULO,AGUAI,HIBRIDO PLUG-IN,4,copy_of_D_Frota_por_UF_Municipio_COMBUSTIVEL_Julho_2026.xlsx
SAO PAULO,AGUAI,Sem Informação,906,copy_of_D_Frota_por_UF_Municipio_COMBUSTIVEL_Julho_2026.xlsx
SAO PAULO,AGUAS DA PRATA,ALCOOL,301,copy_of_D_Frota_por_UF_Municipio_COMBUSTIVEL_Julho_2026.xlsx
SAO PAULO,AGUAS DA PRATA,ALCOOL/GASOLINA,2260,copy_of_D_Frota_por_UF_Municipio_COMBUSTIVEL_Julho_2026.xlsx
SAO PAULO,AGUAS DA PRATA,DIESEL,511,copy_of_D_Frota_por_UF_Municipio_COMBUSTIVEL_Julho_2026.xlsx
SAO PAULO,AGUAS DA PRATA,ELETRICO/FONTE EXTERNA,1,copy_of_D_Frota_por_UF_Municipio_COMBUSTIVEL_Julho_2026.xlsx
SAO PAULO,AGUAS DA PRATA,GASOLINA,2653,copy_of_D_Frota_por_UF_Municipio_COMBUSTIVEL_Julho_2026.xlsx
SAO PAULO,AGUAS DA PRATA,GASOLINA/ALCOOL/ELETRICO,7,copy_of_D_Frota_por_UF_Municipio_COMBUSTIVEL_Julho_2026.xlsx
SAO PAULO,AGUAS DA PRATA,GASOLINA/ALCOOL/GAS NATURAL,1,copy_of_D_Frota_por_UF_Municipio_COMBUSTIVEL_Julho_2026.xlsx
SAO PAULO,AGUAS DA PRATA,GASOLINA/ELETRICO,4,copy_of_D_Frota_por_UF_Municipio_COMBUSTIVEL_Julho_2026.xlsx
SAO PAULO,AGUAS DA PRATA,GASOLINA/GAS NATURAL VEICULAR,7,copy_of_D_Frota_por_UF_Municipio_COMBUSTIVEL_Julho_2026.xlsx
SAO PAULO,AGUAS DA PRATA,HIBRIDO,1,copy_of_D_Frota_por_UF_Municipio_COMBUSTIVEL_Julho_2026.xlsx
SAO PAULO,AGUAS DA PRATA,HIBRIDO PLUG-IN,1,copy_of_D_Frota_por_UF_Municipio_COMBUSTIVEL_Julho_2026.xlsx
SAO PAULO,AGUAS DA PRATA,Sem Informação,133,copy_of_D_Frota_por_UF_Municipio_COMBUSTIVEL_Julho_2026.xlsx
SAO PAULO,AGUAS DE LINDOIA,ALCOOL,790,copy_of_D_Frota_por_UF_Municipio_COMBUSTIVEL_Julho_2026.xlsx
SAO PAULO,AGUAS DE LINDOIA,ALCOOL/GAS NATURAL VEICULAR,1,copy_of_D_Frota_por_UF_Municipio_COMBUSTIVEL_Julho_2026.xlsx
SAO PAULO,AGUAS DE LINDOIA,ALCOOL/GASOLINA,7206,copy_of_D_Frota_por_UF_Municipio_COMBUSTIVEL_Julho_2026.xlsx
SAO PAULO,AGUAS DE LINDOIA,DIESEL,1137,copy_of_D_Frota_por_UF_Municipio_COMBUSTIVEL_Julho_2026.xlsx
SAO PAULO,AGUAS DE LINDOIA,ELETRICO/FONTE EXTERNA,15,copy_of_D_Frota_por_UF_Municipio_COMBUSTIVEL_Julho_2026.xlsx
SAO PAULO,AGUAS DE LINDOIA,ELETRICO/FONTE INTERNA,4,copy_of_D_Frota_por_UF_Municipio_COMBUSTIVEL_Julho_2026.xlsx
SAO PAULO,AGUAS DE LINDOIA,GAS NATURAL VEICULAR,1,copy_of_D_Frota_por_UF_Municipio_COMBUSTIVEL_Julho_2026.xlsx
SAO PAULO,AGUAS DE LINDOIA,GASOL/GAS NATURAL COMBUSTIVEL,1,copy_of_D_Frota_por_UF_Municipio_COMBUSTIVEL_Julho_2026.xlsx
SAO PAULO,AGUAS DE LINDOIA,GASOLINA,8314,copy_of_D_Frota_por_UF_Municipio_COMBUSTIVEL_Julho_2026.xlsx
SAO PAULO,AGUAS DE LINDOIA,GASOLINA/ALCOOL/ELETRICO,16,copy_of_D_Frota_por_UF_Municipio_COMBUSTIVEL_Julho_2026.xlsx
SAO PAULO,AGUAS DE LINDOIA,GASOLINA/ALCOOL/GAS NATURAL,6,copy_of_D_Frota_por_UF_Municipio_COMBUSTIVEL_Julho_2026.xlsx
SAO PAULO,AGUAS DE LINDOIA,GASOLINA/ELETRICO,31,copy_of_D_Frota_por_UF_Municipio_COMBUSTIVEL_Julho_2026.xlsx
SAO PAULO,AGUAS DE LINDOIA,GASOLINA/GAS NATURAL VEICULAR,13,copy_of_D_Frota_por_UF_Municipio_COMBUSTIVEL_Julho_2026.xlsx
SAO PAULO,AGUAS DE LINDOIA,HIBRIDO,4,copy_of_D_Frota_por_UF_Municipio_COMBUSTIVEL_Julho_2026.xlsx
SAO PAULO,AGUAS DE LINDOIA,HIBRIDO PLUG-IN,12,copy_of_D_Frota_por_UF_Municipio_COMBUSTIVEL_Julho_2026.xlsx
SAO PAULO,AGUAS DE LINDOIA,Sem Informação,263,copy_of_D_Frota_por_UF_Municipio_COMBUSTIVEL_Julho_2026.xlsx
SAO PAULO,AGUAS DE SANTA BARBARA,ALCOOL,309,copy_of_D_Frota_por_UF_Municipio_COMBUSTIVEL_Julho_2026.xlsx
SAO PAULO,AGUAS DE SANTA BARBARA,ALCOOL/GASOLINA,2352,copy_of_D_Frota_por_UF_Municipio_COMBUSTIVEL_Julho_2026.xlsx
SAO PAULO,AGUAS DE SANTA BARBARA,DIESEL,590,copy_of_D_Frota_por_UF_Municipio_COMBUSTIVEL_Julho_2026.xlsx
SAO PAULO,AGUAS DE SANTA BARBARA,ELETRICO/FONTE EXTERNA,5,copy_of_D_Frota_por_UF_Municipio_COMBUSTIVEL_Julho_2026.xlsx
SAO PAULO,AGUAS DE SANTA BARBARA,ELETRICO/FONTE INTERNA,2,copy_of_D_Frota_por_UF_Municipio_COMBUSTIVEL_Julho_2026.xlsx
SAO PAULO,AGUAS DE SANTA BARBARA,GASOLINA,2045,copy_of_D_Frota_por_UF_Municipio_COMBUSTIVEL_Julho_2026.xlsx
SAO PAULO,AGUAS DE SANTA BARBARA,GASOLINA/ALCOOL/ELETRICO,10,copy_of_D_Frota_por_UF_Municipio_COMBUSTIVEL_Julho_2026.xlsx
SAO PAULO,AGUAS DE SANTA BARBARA,GASOLINA/ELETRICO,5,copy_of_D_Frota_por_UF_Municipio_COMBUSTIVEL_Julho_2026.xlsx
SAO PAULO,AGUAS DE SANTA BARBARA,GASOLINA/GAS NATURAL VEICULAR,6,copy_of_D_Frota_por_UF_Municipio_COMBUSTIVEL_Julho_2026.xlsx
SAO PAULO,AGUAS DE SANTA BARBARA,HIBRIDO,1,copy_of_D_Frota_por_UF_Municipio_COMBUSTIVEL_Julho_2026.xlsx
SAO PAULO,AGUAS DE SANTA BARBARA,Sem Informação,322,copy_of_D_Frota_por_UF_Municipio_COMBUSTIVEL_Julho_2026.xlsx
SAO PAULO,AGUAS DE SAO PEDRO,ALCOOL,125,copy_of_D_Frota_por_UF_Municipio_COMBUSTIVEL_Julho_2026.xlsx
SAO PAULO,AGUAS DE SAO PEDRO,ALCOOL/GAS NATURAL VEICULAR,2,copy_of_D_Frota_por_UF_Municipio_COMBUSTIVEL_Julho_2026.xlsx
SAO PAULO,AGUAS DE SAO PEDRO,ALCOOL/GASOLINA,1569,copy_of_D_Frota_por_UF_Municipio_COMBUSTIVEL_Julho_2026.xlsx
SAO PAULO,AGUAS DE SAO PEDRO,DIESEL,171,copy_of_D_Frota_por_UF_Municipio_COMBUSTIVEL_Julho_2026.xlsx
SAO PAULO,AGUAS DE SAO PEDRO,ELETRICO/FONTE EXTERNA,6,copy_of_D_Frota_por_UF_Municipio_COMBUSTIVEL_Julho_2026.xlsx
SAO PAULO,AGUAS DE SAO PEDRO,GASOLINA,1177,copy_of_D_Frota_por_UF_Municipio_COMBUSTIVEL_Julho_2026.xlsx
SAO PAULO,AGUAS DE SAO PEDRO,GASOLINA/ALCOOL/ELETRICO,17,copy_of_D_Frota_por_UF_Municipio_COMBUSTIVEL_Julho_2026.xlsx
SAO PAULO,AGUAS DE SAO PEDRO,GASOLINA/ALCOOL/GAS NATURAL,2,copy_of_D_Frota_por_UF_Municipio_COMBUSTIVEL_Julho_2026.xlsx
SAO PAULO,AGUAS DE SAO PEDRO,GASOLINA/ELETRICO,13,copy_of_D_Frota_por_UF_Municipio_COMBUSTIVEL_Julho_2026.xlsx
SAO PAULO,AGUAS DE SAO PEDRO,GASOLINA/GAS NATURAL VEICULAR,15,copy_of_D_Frota_por_UF_Municipio_COMBUSTIVEL_Julho_2026.xlsx
SAO PAULO,AGUAS DE SAO PEDRO,HIBRIDO,2,copy_of_D_Frota_por_UF_Municipio_COMBUSTIVEL_Julho_2026.xlsx
SAO PAULO,AGUAS DE SAO PEDRO,HIBRIDO PLUG-IN,1,copy_of_D_Frota_por_UF_Municipio_COMBUSTIVEL_Julho_2026.xlsx
SAO PAULO,AGUAS DE SAO PEDRO,Sem Informação,144,copy_of_D_Frota_por_UF_Municipio_COMBUSTIVEL_Julho_2026.xlsx
SAO PAULO,AGUDOS,ALCOOL,1831,copy_of_D_Frota_por_UF_Municipio_COMBUSTIVEL_Julho_2026.xlsx
SAO PAULO,AGUDOS,ALCOOL/GASOLINA,11788,copy_of_D_Frota_por_UF_Municipio_COMBUSTIVEL_Julho_2026.xlsx
SAO PAULO,AGUDOS,DIESEL,2222,copy_of_D_Frota_por_UF_Municipio_COMBUSTIVEL_Julho_2026.xlsx
SAO PAULO,AGUDOS,DIESEL/ELETRICO,1,copy_of_D_Frota_por_UF_Municipio_COMBUSTIVEL_Julho_2026.xlsx
SAO PAULO,AGUDOS,ELETRICO,3,copy_of_D_Frota_por_UF_Municipio_COMBUSTIVEL_Julho_2026.xlsx
SAO PAULO,AGUDOS,ELETRICO/FONTE EXTERNA,29,copy_of_D_Frota_por_UF_Municipio_COMBUSTIVEL_Julho_2026.xlsx
SAO PAULO,AGUDOS,ELETRICO/FONTE INTERNA,3,copy_of_D_Frota_por_UF_Municipio_COMBUSTIVEL_Julho_2026.xlsx
SAO PAULO,AGUDOS,GAS NATURAL VEICULAR,3,copy_of_D_Frota_por_UF_Municipio_COMBUSTIVEL_Julho_2026.xlsx
SAO PAULO,AGUDOS,GASOLINA,10781,copy_of_D_Frota_por_UF_Municipio_COMBUSTIVEL_Julho_2026.xlsx
SAO PAULO,AGUDOS,GASOLINA/ALCOOL/ELETRICO,27,copy_of_D_Frota_por_UF_Municipio_COMBUSTIVEL_Julho_2026.xlsx
SAO PAULO,AGUDOS,GASOLINA/ALCOOL/GAS NATURAL,4,copy_of_D_Frota_por_UF_Municipio_COMBUSTIVEL_Julho_2026.xlsx
SAO PAULO,AGUDOS,GASOLINA/ELETRICO,42,copy_of_D_Frota_por_UF_Municipio_COMBUSTIVEL_Julho_2026.xlsx
SAO PAULO,AGUDOS,GASOLINA/GAS NATURAL VEICULAR,9,copy_of_D_Frota_por_UF_Municipio_COMBUSTIVEL_Julho_2026.xlsx
SAO PAULO,AGUDOS,HIBRIDO,3,copy_of_D_Frota_por_UF_Municipio_COMBUSTIVEL_Julho_2026.xlsx
SAO PAULO,AGUDOS,HIBRIDO PLUG-IN,13,copy_of_D_Frota_por_UF_Municipio_COMBUSTIVEL_Julho_2026.xlsx
SAO PAULO,AGUDOS,Sem Informação,1238,copy_of_D_Frota_por_UF_Municipio_COMBUSTIVEL_Julho_2026.xlsx
SAO PAULO,ALAMBARI,ALCOOL,144,copy_of_D_Frota_por_UF_Municipio_COMBUSTIVEL_Julho_2026.xlsx
SAO PAULO,ALAMBARI,ALCOOL/GAS NATURAL VEICULAR,1,copy_of_D_Frota_por_UF_Municipio_COMBUSTIVEL_Julho_2026.xlsx
SAO PAULO,ALAMBARI,ALCOOL/GASOLINA,1694,copy_of_D_Frota_por_UF_Municipio_COMBUSTIVEL_Julho_2026.xlsx
SAO PAULO,ALAMBARI,DIESEL,305,copy_of_D_Frota_por_UF_Municipio_COMBUSTIVEL_Julho_2026.xlsx
SAO PAULO,ALAMBARI,ELETRICO,1,copy_of_D_Frota_por_UF_Municipio_COMBUSTIVEL_Julho_2026.xlsx
SAO PAULO,ALAMBARI,GASOLINA,1509,copy_of_D_Frota_por_UF_Municipio_COMBUSTIVEL_Julho_2026.xlsx
SAO PAULO,ALAMBARI,GASOLINA/ALCOOL/ELETRICO,1,copy_of_D_Frota_por_UF_Municipio_COMBUSTIVEL_Julho_2026.xlsx
SAO PAULO,ALAMBARI,GASOLINA/ALCOOL/GAS NATURAL,5,copy_of_D_Frota_por_UF_Municipio_COMBUSTIVEL_Julho_2026.xlsx
SAO PAULO,ALAMBARI,GASOLINA/ELETRICO,4,copy_of_D_Frota_por_UF_Municipio_COMBUSTIVEL_Julho_2026.xlsx
SAO PAULO,ALAMBARI,GASOLINA/GAS NATURAL VEICULAR,4,copy_of_D_Frota_por_UF_Municipio_COMBUSTIVEL_Julho_2026.xlsx
SAO PAULO,ALAMBARI,Sem Informação,111,copy_of_D_Frota_por_UF_Municipio_COMBUSTIVEL_Julho_2026.xlsx
SAO PAULO,ALFREDO MARCONDES,ALCOOL,275,copy_of_D_Frota_por_UF_Municipio_COMBUSTIVEL_Julho_2026.xlsx
SAO PAULO,ALFREDO MARCONDES,ALCOOL/GASOLINA,1343,copy_of_D_Frota_por_UF_Municipio_COMBUSTIVEL_Julho_2026.xlsx
SAO PAULO,ALFREDO MARCONDES,DIESEL,275,copy_of_D_Frota_por_UF_Municipio_COMBUSTIVEL_Julho_2026.xlsx
SAO PAULO,ALFREDO MARCONDES,ELETRICO/FONTE EXTERNA,2,copy_of_D_Frota_por_UF_Municipio_COMBUSTIVEL_Julho_2026.xlsx
SAO PAULO,ALFREDO MARCONDES,GASOLINA,1127,copy_of_D_Frota_por_UF_Municipio_COMBUSTIVEL_Julho_2026.xlsx
SAO PAULO,ALFREDO MARCONDES,GASOLINA/ALCOOL/ELETRICO,1,copy_of_D_Frota_por_UF_Municipio_COMBUSTIVEL_Julho_2026.xlsx
SAO PAULO,ALFREDO MARCONDES,GASOLINA/ELETRICO,2,copy_of_D_Frota_por_UF_Municipio_COMBUSTIVEL_Julho_2026.xlsx
SAO PAULO,ALFREDO MARCONDES,Sem Informação,135,copy_of_D_Frota_por_UF_Municipio_COMBUSTIVEL_Julho_2026.xlsx
SAO PAULO,ALTAIR,ALCOOL,237,copy_of_D_Frota_por_UF_Municipio_COMBUSTIVEL_Julho_2026.xlsx
SAO PAULO,ALTAIR,ALCOOL/GASOLINA,813,copy_of_D_Frota_por_UF_Municipio_COMBUSTIVEL_Julho_2026.xlsx
SAO PAULO,ALTAIR,DIESEL,217,copy_of_D_Frota_por_UF_Municipio_COMBUSTIVEL_Julho_2026.xlsx
SAO PAULO,ALTAIR,GASOLINA,767,copy_of_D_Frota_por_UF_Municipio_COMBUSTIVEL_Julho_2026.xlsx
SAO PAULO,ALTAIR,GASOLINA/ALCOOL/GAS NATURAL,1,copy_of_D_Frota_por_UF_Municipio_COMBUSTIVEL_Julho_2026.xlsx
SAO PAULO,ALTAIR,GASOLINA/GAS NATURAL VEICULAR,1,copy_of_D_Frota_por_UF_Municipio_COMBUSTIVEL_Julho_2026.xlsx
SAO PAULO,ALTAIR,Sem Informação,112,copy_of_D_Frota_por_UF_Municipio_COMBUSTIVEL_Julho_2026.xlsx
SAO PAULO,ALTINOPOLIS,ALCOOL,991,copy_of_D_Frota_por_UF_Municipio_COMBUSTIVEL_Julho_2026.xlsx
SAO PAULO,ALTINOPOLIS,ALCOOL/GASOLINA,4801,copy_of_D_Frota_por_UF_Municipio_COMBUSTIVEL_Julho_2026.xlsx
SAO PAULO,ALTINOPOLIS,DIESEL,1358,copy_of_D_Frota_por_UF_Municipio_COMBUSTIVEL_Julho_2026.xlsx
SAO PAULO,ALTINOPOLIS,DIESEL/ELETRICO,3,copy_of_D_Frota_por_UF_Municipio_COMBUSTIVEL_Julho_2026.xlsx
SAO PAULO,ALTINOPOLIS,ELETRICO/FONTE EXTERNA,3,copy_of_D_Frota_por_UF_Municipio_COMBUSTIVEL_Julho_2026.xlsx
SAO PAULO,ALTINOPOLIS,GASOLINA,4430,copy_of_D_Frota_por_UF_Municipio_COMBUSTIVEL_Julho_2026.xlsx
SAO PAULO,ALTINOPOLIS,GASOLINA/ALCOOL/ELETRICO,6,copy_of_D_Frota_por_UF_Municipio_COMBUSTIVEL_Julho_2026.xlsx
SAO PAULO,ALTINOPOLIS,GASOLINA/ALCOOL/GAS NATURAL,4,copy_of_D_Frota_por_UF_Municipio_COMBUSTIVEL_Julho_2026.xlsx
SAO PAULO,ALTINOPOLIS,GASOLINA/ELETRICO,7,copy_of_D_Frota_por_UF_Municipio_COMBUSTIVEL_Julho_2026.xlsx
SAO PAULO,ALTINOPOLIS,GASOLINA/GAS NATURAL VEICULAR,3,copy_of_D_Frota_por_UF_Municipio_COMBUSTIVEL_Julho_2026.xlsx
SAO PAULO,ALTINOPOLIS,HIBRIDO,7,copy_of_D_Frota_por_UF_Municipio_COMBUSTIVEL_Julho_2026.xlsx
SAO PAULO,ALTINOPOLIS,HIBRIDO PLUG-IN,6,copy_of_D_Frota_por_UF_Municipio_COMBUSTIVEL_Julho_2026.xlsx
SAO PAULO,ALTINOPOLIS,Sem Informação,617,copy_of_D_Frota_por_UF_Municipio_COMBUSTIVEL_Julho_2026.xlsx
SAO PAULO,ALTO ALEGRE,ALCOOL,239,copy_of_D_Frota_por_UF_Municipio_COMBUSTIVEL_Julho_2026.xlsx
SAO PAULO,ALTO ALEGRE,ALCOOL/GASOLINA,1166,copy_of_D_Frota_por_UF_Municipio_COMBUSTIVEL_Julho_2026.xlsx
SAO PAULO,ALTO ALEGRE,DIESEL,454,copy_of_D_Frota_por_UF_Municipio_COMBUSTIVEL_Julho_2026.xlsx
SAO PAULO,ALTO ALEGRE,ELETRICO/FONTE EXTERNA,1,copy_of_D_Frota_por_UF_Municipio_COMBUSTIVEL_Julho_2026.xlsx
SAO PAULO,ALTO ALEGRE,GASOLINA,928,copy_of_D_Frota_por_UF_Municipio_COMBUSTIVEL_Julho_2026.xlsx
SAO PAULO,ALTO ALEGRE,GASOLINA/ALCOOL/ELETRICO,2,copy_of_D_Frota_por_UF_Municipio_COMBUSTIVEL_Julho_2026.xlsx
SAO PAULO,ALTO ALEGRE,GASOLINA/ELETRICO,1,copy_of_D_Frota_por_UF_Municipio_COMBUSTIVEL_Julho_2026.xlsx
SAO PAULO,ALTO ALEGRE,GASOLINA/GAS NATURAL VEICULAR,2,copy_of_D_Frota_por_UF_Municipio_COMBUSTIVEL_Julho_2026.xlsx
SAO PAULO,ALTO ALEGRE,Sem Informação,283,copy_of_D_Frota_por_UF_Municipio_COMBUSTIVEL_Julho_2026.xlsx
SAO PAULO,ALUMINIO,ALCOOL,676,copy_of_D_Frota_por_UF_Municipio_COMBUSTIVEL_Julho_2026.xlsx
SAO PAULO,ALUMINIO,ALCOOL/GAS NATURAL COMBUSTIVEL,1,copy_of_D_Frota_por_UF_Municipio_COMBUSTIVEL_Julho_2026.xlsx
SAO PAULO,ALUMINIO,ALCOOL/GAS NATURAL VEICULAR,1,copy_of_D_Frota_por_UF_Municipio_COMBUSTIVEL_Julho_2026.xlsx
SAO PAULO,ALUMINIO,ALCOOL/GASOLINA,4787,copy_of_D_Frota_por_UF_Municipio_COMBUSTIVEL_Julho_2026.xlsx
SAO PAULO,ALUMINIO,DIESEL,747,copy_of_D_Frota_por_UF_Municipio_COMBUSTIVEL_Julho_2026.xlsx
SAO PAULO,ALUMINIO,DIESEL/GAS NATURAL VEICULAR,1,copy_of_D_Frota_por_UF_Municipio_COMBUSTIVEL_Julho_2026.xlsx
SAO PAULO,ALUMINIO,ELETRICO,1,copy_of_D_Frota_por_UF_Municipio_COMBUSTIVEL_Julho_2026.xlsx
SAO PAULO,ALUMINIO,ELETRICO/FONTE EXTERNA,11,copy_of_D_Frota_por_UF_Municipio_COMBUSTIVEL_Julho_2026.xlsx
SAO PAULO,ALUMINIO,ELETRICO/FONTE INTERNA,1,copy_of_D_Frota_por_UF_Municipio_COMBUSTIVEL_Julho_2026.xlsx
SAO PAULO,ALUMINIO,GASOL/GAS NATURAL COMBUSTIVEL,2,copy_of_D_Frota_por_UF_Municipio_COMBUSTIVEL_Julho_2026.xlsx
SAO PAULO,ALUMINIO,GASOLINA,4813,copy_of_D_Frota_por_UF_Municipio_COMBUSTIVEL_Julho_2026.xlsx
SAO PAULO,ALUMINIO,GASOLINA/ALCOOL/ELETRICO,6,copy_of_D_Frota_por_UF_Municipio_COMBUSTIVEL_Julho_2026.xlsx
SAO PAULO,ALUMINIO,GASOLINA/ALCOOL/GAS NATURAL,9,copy_of_D_Frota_por_UF_Municipio_COMBUSTIVEL_Julho_2026.xlsx
SAO PAULO,ALUMINIO,GASOLINA/ELETRICO,13,copy_of_D_Frota_por_UF_Municipio_COMBUSTIVEL_Julho_2026.xlsx
SAO PAULO,ALUMINIO,GASOLINA/GAS NATURAL VEICULAR,56,copy_of_D_Frota_por_UF_Municipio_COMBUSTIVEL_Julho_2026.xlsx
SAO PAULO,ALUMINIO,HIBRIDO,2,copy_of_D_Frota_por_UF_Municipio_COMBUSTIVEL_Julho_2026.xlsx
SAO PAULO,ALUMINIO,HIBRIDO PLUG-IN,1,copy_of_D_Frota_por_UF_Municipio_COMBUSTIVEL_Julho_2026.xlsx
SAO PAULO,ALUMINIO,Sem Informação,225,copy_of_D_Frota_por_UF_Municipio_COMBUSTIVEL_Julho_2026.xlsx
SAO PAULO,ALVARES FLORENCE,ALCOOL,195,copy_of_D_Frota_por_UF_Municipio_COMBUSTIVEL_Julho_2026.xlsx
SAO PAULO,ALVARES FLORENCE,ALCOOL/GASOLINA,1052,copy_of_D_Frota_por_UF_Municipio_COMBUSTIVEL_Julho_2026.xlsx
SAO PAULO,ALVARES FLORENCE,DIESEL,280,copy_of_D_Frota_por_UF_Municipio_COMBUSTIVEL_Julho_2026.xlsx
SAO PAULO,ALVARES FLORENCE,GASOLINA,937,copy_of_D_Frota_por_UF_Municipio_COMBUSTIVEL_Julho_2026.xlsx
SAO PAULO,ALVARES FLORENCE,GASOLINA/ALCOOL/GAS NATURAL,1,copy_of_D_Frota_por_UF_Municipio_COMBUSTIVEL_Julho_2026.xlsx
SAO PAULO,ALVARES FLORENCE,HIBRIDO,1,copy_of_D_Frota_por_UF_Municipio_COMBUSTIVEL_Julho_2026.xlsx
SAO PAULO,ALVARES FLORENCE,Sem Informação,168,copy_of_D_Frota_por_UF_Municipio_COMBUSTIVEL_Julho_2026.xlsx
SAO PAULO,ALVARES MACHADO,ALCOOL,1342,copy_of_D_Frota_por_UF_Municipio_COMBUSTIVEL_Julho_2026.xlsx
SAO PAULO,ALVARES MACHADO,ALCOOL/GASOLINA,8128,copy_of_D_Frota_por_UF_Municipio_COMBUSTIVEL_Julho_2026.xlsx
SAO PAULO,ALVARES MACHADO,DIESEL,1532,copy_of_D_Frota_por_UF_Municipio_COMBUSTIVEL_Julho_2026.xlsx
SAO PAULO,ALVARES MACHADO,ELETRICO,3,copy_of_D_Frota_por_UF_Municipio_COMBUSTIVEL_Julho_2026.xlsx
SAO PAULO,ALVARES MACHADO,ELETRICO/FONTE EXTERNA,27,copy_of_D_Frota_por_UF_Municipio_COMBUSTIVEL_Julho_2026.xlsx
SAO PAULO,ALVARES MACHADO,ELETRICO/FONTE INTERNA,1,copy_of_D_Frota_por_UF_Municipio_COMBUSTIVEL_Julho_2026.xlsx
SAO PAULO,ALVARES MACHADO,GASOLINA,8490,copy_of_D_Frota_por_UF_Municipio_COMBUSTIVEL_Julho_2026.xlsx
SAO PAULO,ALVARES MACHADO,GASOLINA/ALCOOL/ELETRICO,28,copy_of_D_Frota_por_UF_Municipio_COMBUSTIVEL_Julho_2026.xlsx
SAO PAULO,ALVARES MACHADO,GASOLINA/ALCOOL/GAS NATURAL,4,copy_of_D_Frota_por_UF_Municipio_COMBUSTIVEL_Julho_2026.xlsx
SAO PAULO,ALVARES MACHADO,GASOLINA/ELETRICO,44,copy_of_D_Frota_por_UF_Municipio_COMBUSTIVEL_Julho_2026.xlsx
SAO PAULO,ALVARES MACHADO,GASOLINA/GAS NATURAL VEICULAR,1,copy_of_D_Frota_por_UF_Municipio_COMBUSTIVEL_Julho_2026.xlsx
SAO PAULO,ALVARES MACHADO,HIBRIDO,1,copy_of_D_Frota_por_UF_Municipio_COMBUSTIVEL_Julho_2026.xlsx
SAO PAULO,ALVARES MACHADO,HIBRIDO PLUG-IN,12,copy_of_D_Frota_por_UF_Municipio_COMBUSTIVEL_Julho_2026.xlsx
SAO PAULO,ALVARES MACHADO,Sem Informação,775,copy_of_D_Frota_por_UF_Municipio_COMBUSTIVEL_Julho_2026.xlsx
SAO PAULO,ALVARO DE CARVALHO,ALCOOL,167,copy_of_D_Frota_por_UF_Municipio_COMBUSTIVEL_Julho_2026.xlsx
SAO PAULO,ALVARO DE CARVALHO,ALCOOL/GASOLINA,696,copy_of_D_Frota_por_UF_Municipio_COMBUSTIVEL_Julho_2026.xlsx
SAO PAULO,ALVARO DE CARVALHO,DIESEL,142,copy_of_D_Frota_por_UF_Municipio_COMBUSTIVEL_Julho_2026.xlsx
SAO PAULO,ALVARO DE CARVALHO,GASOLINA,692,copy_of_D_Frota_por_UF_Municipio_COMBUSTIVEL_Julho_2026.xlsx
SAO PAULO,ALVARO DE CARVALHO,GASOLINA/ELETRICO,1,copy_of_D_Frota_por_UF_Municipio_COMBUSTIVEL_Julho_2026.xlsx
SAO PAULO,ALVARO DE CARVALHO,GASOLINA/GAS NATURAL VEICULAR,1,copy_of_D_Frota_por_UF_Municipio_COMBUSTIVEL_Julho_2026.xlsx
SAO PAULO,ALVARO DE CARVALHO,Sem Informação,46,copy_of_D_Frota_por_UF_Municipio_COMBUSTIVEL_Julho_2026.xlsx
SAO PAULO,ALVINLANDIA,ALCOOL,172,copy_of_D_Frota_por_UF_Municipio_COMBUSTIVEL_Julho_2026.xlsx
SAO PAULO,ALVINLANDIA,ALCOOL/GASOLINA,723,copy_of_D_Frota_por_UF_Municipio_COMBUSTIVEL_Julho_2026.xlsx
SAO PAULO,ALVINLANDIA,DIESEL,162,copy_of_D_Frota_por_UF_Municipio_COMBUSTIVEL_Julho_2026.xlsx
SAO PAULO,ALVINLANDIA,DIESEL/ELETRICO,1,copy_of_D_Frota_por_UF_Municipio_COMBUSTIVEL_Julho_2026.xlsx
SAO PAULO,ALVINLANDIA,ELETRICO/FONTE EXTERNA,1,copy_of_D_Frota_por_UF_Municipio_COMBUSTIVEL_Julho_2026.xlsx
SAO PAULO,ALVINLANDIA,GASOLINA,757,copy_of_D_Frota_por_UF_Municipio_COMBUSTIVEL_Julho_2026.xlsx
SAO PAULO,ALVINLANDIA,GASOLINA/ELETRICO,1,copy_of_D_Frota_por_UF_Municipio_COMBUSTIVEL_Julho_2026.xlsx
SAO PAULO,ALVINLANDIA,GASOLINA/GAS NATURAL VEICULAR,1,copy_of_D_Frota_por_UF_Municipio_COMBUSTIVEL_Julho_2026.xlsx
SAO PAULO,ALVINLANDIA,HIBRIDO,1,copy_of_D_Frota_por_UF_Municipio_COMBUSTIVEL_Julho_2026.xlsx
SAO PAULO,ALVINLANDIA,Sem Informação,79,copy_of_D_Frota_por_UF_Municipio_COMBUSTIVEL_Julho_2026.xlsx
SAO PAULO,AMERICANA,ALCOOL,9126,copy_of_D_Frota_por_UF_Municipio_COMBUSTIVEL_Julho_2026.xlsx
SAO PAULO,AMERICANA,ALCOOL/GAS NATURAL COMBUSTIVEL,3,copy_of_D_Frota_por_UF_Municipio_COMBUSTIVEL_Julho_2026.xlsx
SAO PAULO,AMERICANA,ALCOOL/GAS NATURAL VEICULAR,15,copy_of_D_Frota_por_UF_Municipio_COMBUSTIVEL_Julho_2026.xlsx
SAO PAULO,AMERICANA,ALCOOL/GASOLINA,102206,copy_of_D_Frota_por_UF_Municipio_COMBUSTIVEL_Julho_2026.xlsx
SAO PAULO,AMERICANA,DIESEL,12775,copy_of_D_Frota_por_UF_Municipio_COMBUSTIVEL_Julho_2026.xlsx
SAO PAULO,AMERICANA,DIESEL/ELETRICO,27,copy_of_D_Frota_por_UF_Municipio_COMBUSTIVEL_Julho_2026.xlsx
SAO PAULO,AMERICANA,DIESEL/GAS NATURAL VEICULAR,1,copy_of_D_Frota_por_UF_Municipio_COMBUSTIVEL_Julho_2026.xlsx
SAO PAULO,AMERICANA,ELETRICO,66,copy_of_D_Frota_por_UF_Municipio_COMBUSTIVEL_Julho_2026.xlsx
SAO PAULO,AMERICANA,ELETRICO/FONTE EXTERNA,602,copy_of_D_Frota_por_UF_Municipio_COMBUSTIVEL_Julho_2026.xlsx
SAO PAULO,AMERICANA,ELETRICO/FONTE INTERNA,38,copy_of_D_Frota_por_UF_Municipio_COMBUSTIVEL_Julho_2026.xlsx
SAO PAULO,AMERICANA,GAS METANO,1,copy_of_D_Frota_por_UF_Municipio_COMBUSTIVEL_Julho_2026.xlsx
SAO PAULO,AMERICANA,GASOL/GAS NATURAL COMBUSTIVEL,38,copy_of_D_Frota_por_UF_Municipio_COMBUSTIVEL_Julho_2026.xlsx
SAO PAULO,AMERICANA,GASOLINA,79468,copy_of_D_Frota_por_UF_Municipio_COMBUSTIVEL_Julho_2026.xlsx
SAO PAULO,AMERICANA,GASOLINA/ALCOOL/ELETRICO,458,copy_of_D_Frota_por_UF_Municipio_COMBUSTIVEL_Julho_2026.xlsx
SAO PAULO,AMERICANA,GASOLINA/ALCOOL/GAS NATURAL,171,copy_of_D_Frota_por_UF_Municipio_COMBUSTIVEL_Julho_2026.xlsx
SAO PAULO,AMERICANA,GASOLINA/ELETRICO,1070,copy_of_D_Frota_por_UF_Municipio_COMBUSTIVEL_Julho_2026.xlsx
SAO PAULO,AMERICANA,GASOLINA/GAS NATURAL VEICULAR,621,copy_of_D_Frota_por_UF_Municipio_COMBUSTIVEL_Julho_2026.xlsx
SAO PAULO,AMERICANA,HIBRIDO,102,copy_of_D_Frota_por_UF_Municipio_COMBUSTIVEL_Julho_2026.xlsx
SAO PAULO,AMERICANA,HIBRIDO PLUG-IN,237,copy_of_D_Frota_por_UF_Municipio_COMBUSTIVEL_Julho_2026.xlsx
SAO PAULO,AMERICANA,Sem Informação,5440,copy_of_D_Frota_por_UF_Municipio_COMBUSTIVEL_Julho_2026.xlsx
SAO PAULO,AMERICO BRASILIENSE,ALCOOL,1882,copy_of_D_Frota_por_UF_Municipio_COMBUSTIVEL_Julho_2026.xlsx
SAO PAULO,AMERICO BRASILIENSE,ALCOOL/GAS NATURAL COMBUSTIVEL,1,copy_of_D_Frota_por_UF_Municipio_COMBUSTIVEL_Julho_2026.xlsx
SAO PAULO,AMERICO BRASILIENSE,ALCOOL/GAS NATURAL VEICULAR,4,copy_of_D_Frota_por_UF_Municipio_COMBUSTIVEL_Julho_2026.xlsx
SAO PAULO,AMERICO BRASILIENSE,ALCOOL/GASOLINA,10870,copy_of_D_Frota_por_UF_Municipio_COMBUSTIVEL_Julho_2026.xlsx
SAO PAULO,AMERICO BRASILIENSE,DIESEL,2340,copy_of_D_Frota_por_UF_Municipio_COMBUSTIVEL_Julho_2026.xlsx
SAO PAULO,AMERICO BRASILIENSE,DIESEL/GAS NATURAL VEICULAR,6,copy_of_D_Frota_por_UF_Municipio_COMBUSTIVEL_Julho_2026.xlsx
SAO PAULO,AMERICO BRASILIENSE,ELETRICO,1,copy_of_D_Frota_por_UF_Municipio_COMBUSTIVEL_Julho_2026.xlsx
SAO PAULO,AMERICO BRASILIENSE,ELETRICO/FONTE EXTERNA,14,copy_of_D_Frota_por_UF_Municipio_COMBUSTIVEL_Julho_2026.xlsx
SAO PAULO,AMERICO BRASILIENSE,ELETRICO/FONTE INTERNA,2,copy_of_D_Frota_por_UF_Municipio_COMBUSTIVEL_Julho_2026.xlsx
SAO PAULO,AMERICO BRASILIENSE,GAS METANO,1,copy_of_D_Frota_por_UF_Municipio_COMBUSTIVEL_Julho_2026.xlsx
SAO PAULO,AMERICO BRASILIENSE,GAS NATURAL VEICULAR,2,copy_of_D_Frota_por_UF_Municipio_COMBUSTIVEL_Julho_2026.xlsx
SAO PAULO,AMERICO BRASILIENSE,GASOL/GAS NATURAL COMBUSTIVEL,1,copy_of_D_Frota_por_UF_Municipio_COMBUSTIVEL_Julho_2026.xlsx
SAO PAULO,AMERICO BRASILIENSE,GASOLINA,12246,copy_of_D_Frota_por_UF_Municipio_COMBUSTIVEL_Julho_2026.xlsx
SAO PAULO,AMERICO BRASILIENSE,GASOLINA/ALCOOL/ELETRICO,15,copy_of_D_Frota_por_UF_Municipio_COMBUSTIVEL_Julho_2026.xlsx
SAO PAULO,AMERICO BRASILIENSE,GASOLINA/ALCOOL/GAS NATURAL,10,copy_of_D_Frota_por_UF_Municipio_COMBUSTIVEL_Julho_2026.xlsx
SAO PAULO,AMERICO BRASILIENSE,GASOLINA/ELETRICO,14,copy_of_D_Frota_por_UF_Municipio_COMBUSTIVEL_Julho_2026.xlsx
SAO PAULO,AMERICO BRASILIENSE,GASOLINA/GAS NATURAL VEICULAR,42,copy_of_D_Frota_por_UF_Municipio_COMBUSTIVEL_Julho_2026.xlsx
SAO PAULO,AMERICO BRASILIENSE,HIBRIDO,2,copy_of_D_Frota_por_UF_Municipio_COMBUSTIVEL_Julho_2026.xlsx
SAO PAULO,AMERICO BRASILIENSE,HIBRIDO PLUG-IN,5,copy_of_D_Frota_por_UF_Municipio_COMBUSTIVEL_Julho_2026.xlsx
SAO PAULO,AMERICO BRASILIENSE,Sem Informação,1830,copy_of_D_Frota_por_UF_Municipio_COMBUSTIVEL_Julho_2026.xlsx
SAO PAULO,AMERICO DE CAMPOS,ALCOOL,506,copy_of_D_Frota_por_UF_Municipio_COMBUSTIVEL_Julho_2026.xlsx
SAO PAULO,AMERICO DE CAMPOS,ALCOOL/GASOLINA,1762,copy_of_D_Frota_por_UF_Municipio_COMBUSTIVEL_Julho_2026.xlsx
SAO PAULO,AMERICO DE CAMPOS,DIESEL,402,copy_of_D_Frota_por_UF_Municipio_COMBUSTIVEL_Julho_2026.xlsx
SAO PAULO,AMERICO DE CAMPOS,ELETRICO,1,copy_of_D_Frota_por_UF_Municipio_COMBUSTIVEL_Julho_2026.xlsx
SAO PAULO,AMERICO DE CAMPOS,GASOLINA,1727,copy_of_D_Frota_por_UF_Municipio_COMBUSTIVEL_Julho_2026.xlsx
SAO PAULO,AMERICO DE CAMPOS,GASOLINA/ALCOOL/ELETRICO,1,copy_of_D_Frota_por_UF_Municipio_COMBUSTIVEL_Julho_2026.xlsx
SAO PAULO,AMERICO DE CAMPOS,GASOLINA/ALCOOL/GAS NATURAL,1,copy_of_D_Frota_por_UF_Municipio_COMBUSTIVEL_Julho_2026.xlsx
SAO PAULO,AMERICO DE CAMPOS,GASOLINA/ELETRICO,2,copy_of_D_Frota_por_UF_Municipio_COMBUSTIVEL_Julho_2026.xlsx
SAO PAULO,AMERICO DE CAMPOS,GASOLINA/GAS NATURAL VEICULAR,1,copy_of_D_Frota_por_UF_Municipio_COMBUSTIVEL_Julho_2026.xlsx
SAO PAULO,AMERICO DE CAMPOS,Sem Informação,253,copy_of_D_Frota_por_UF_Municipio_COMBUSTIVEL_Julho_2026.xlsx
SAO PAULO,AMPARO,ALCOOL,2924,copy_of_D_Frota_por_UF_Municipio_COMBUSTIVEL_Julho_2026.xlsx
SAO PAULO,AMPARO,ALCOOL/GAS NATURAL VEICULAR,4,copy_of_D_Frota_por_UF_Municipio_COMBUSTIVEL_Julho_2026.xlsx
SAO PAULO,AMPARO,ALCOOL/GASOLINA,26550,copy_of_D_Frota_por_UF_Municipio_COMBUSTIVEL_Julho_2026.xlsx
SAO PAULO,AMPARO,DIESEL,3805,copy_of_D_Frota_por_UF_Municipio_COMBUSTIVEL_Julho_2026.xlsx
SAO PAULO,AMPARO,DIESEL/ELETRICO,1,copy_of_D_Frota_por_UF_Municipio_COMBUSTIVEL_Julho_2026.xlsx
SAO PAULO,AMPARO,ELETRICO,1,copy_of_D_Frota_por_UF_Municipio_COMBUSTIVEL_Julho_2026.xlsx
SAO PAULO,AMPARO,ELETRICO/FONTE EXTERNA,45,copy_of_D_Frota_por_UF_Municipio_COMBUSTIVEL_Julho_2026.xlsx
SAO PAULO,AMPARO,ELETRICO/FONTE INTERNA,6,copy_of_D_Frota_por_UF_Municipio_COMBUSTIVEL_Julho_2026.xlsx
SAO PAULO,AMPARO,GASOLINA,29099,copy_of_D_Frota_por_UF_Municipio_COMBUSTIVEL_Julho_2026.xlsx
SAO PAULO,AMPARO,GASOLINA/ALCOOL/ELETRICO,98,copy_of_D_Frota_por_UF_Municipio_COMBUSTIVEL_Julho_2026.xlsx
SAO PAULO,AMPARO,GASOLINA/ALCOOL/GAS NATURAL,7,copy_of_D_Frota_por_UF_Municipio_COMBUSTIVEL_Julho_2026.xlsx
SAO PAULO,AMPARO,GASOLINA/ELETRICO,90,copy_of_D_Frota_por_UF_Municipio_COMBUSTIVEL_Julho_2026.xlsx
SAO PAULO,AMPARO,GASOLINA/GAS NATURAL VEICULAR,46,copy_of_D_Frota_por_UF_Municipio_COMBUSTIVEL_Julho_2026.xlsx
SAO PAULO,AMPARO,HIBRIDO,11,copy_of_D_Frota_por_UF_Municipio_COMBUSTIVEL_Julho_2026.xlsx
SAO PAULO,AMPARO,HIBRIDO PLUG-IN,14,copy_of_D_Frota_por_UF_Municipio_COMBUSTIVEL_Julho_2026.xlsx
SAO PAULO,AMPARO,Sem Informação,1388,copy_of_D_Frota_por_UF_Municipio_COMBUSTIVEL_Julho_2026.xlsx
SAO PAULO,ANALANDIA,ALCOOL,262,copy_of_D_Frota_por_UF_Municipio_COMBUSTIVEL_Julho_2026.xlsx
SAO PAULO,ANALANDIA,ALCOOL/GASOLINA,1244,copy_of_D_Frota_por_UF_Municipio_COMBUSTIVEL_Julho_2026.xlsx
SAO PAULO,ANALANDIA,DIESEL,352,copy_of_D_Frota_por_UF_Municipio_COMBUSTIVEL_Julho_2026.xlsx
SAO PAULO,ANALANDIA,ELETRICO/FONTE INTERNA,1,copy_of_D_Frota_por_UF_Municipio_COMBUSTIVEL_Julho_2026.xlsx
SAO PAULO,ANALANDIA,GASOLINA,1407,copy_of_D_Frota_por_UF_Municipio_COMBUSTIVEL_Julho_2026.xlsx
SAO PAULO,ANALANDIA,GASOLINA/ALCOOL/ELETRICO,1,copy_of_D_Frota_por_UF_Municipio_COMBUSTIVEL_Julho_2026.xlsx
SAO PAULO,ANALANDIA,GASOLINA/ALCOOL/GAS NATURAL,2,copy_of_D_Frota_por_UF_Municipio_COMBUSTIVEL_Julho_2026.xlsx
SAO PAULO,ANALANDIA,GASOLINA/ELETRICO,2,copy_of_D_Frota_por_UF_Municipio_COMBUSTIVEL_Julho_2026.xlsx
SAO PAULO,ANALANDIA,GASOLINA/GAS NATURAL VEICULAR,7,copy_of_D_Frota_por_UF_Municipio_COMBUSTIVEL_Julho_2026.xlsx
SAO PAULO,ANALANDIA,HIBRIDO,1,copy_of_D_Frota_por_UF_Municipio_COMBUSTIVEL_Julho_2026.xlsx
SAO PAULO,ANALANDIA,HIBRIDO PLUG-IN,3,copy_of_D_Frota_por_UF_Municipio_COMBUSTIVEL_Julho_2026.xlsx
SAO PAULO,ANALANDIA,Sem Informação,183,copy_of_D_Frota_por_UF_Municipio_COMBUSTIVEL_Julho_2026.xlsx
SAO PAULO,ANDRADINA,ALCOOL,3093,copy_of_D_Frota_por_UF_Municipio_COMBUSTIVEL_Julho_2026.xlsx
SAO PAULO,ANDRADINA,ALCOOL/GAS NATURAL VEICULAR,3,copy_of_D_Frota_por_UF_Municipio_COMBUSTIVEL_Julho_2026.xlsx
SAO PAULO,ANDRADINA,ALCOOL/GASOLINA,22422,copy_of_D_Frota_por_UF_Municipio_COMBUSTIVEL_Julho_2026.xlsx
SAO PAULO,ANDRADINA,DIESEL,3821,copy_of_D_Frota_por_UF_Municipio_COMBUSTIVEL_Julho_2026.xlsx
SAO PAULO,ANDRADINA,DIESEL/ELETRICO,6,copy_of_D_Frota_por_UF_Municipio_COMBUSTIVEL_Julho_2026.xlsx
SAO PAULO,ANDRADINA,ELETRICO,2,copy_of_D_Frota_por_UF_Municipio_COMBUSTIVEL_Julho_2026.xlsx
SAO PAULO,ANDRADINA,ELETRICO/FONTE EXTERNA,21,copy_of_D_Frota_por_UF_Municipio_COMBUSTIVEL_Julho_2026.xlsx
SAO PAULO,ANDRADINA,ELETRICO/FONTE INTERNA,2,copy_of_D_Frota_por_UF_Municipio_COMBUSTIVEL_Julho_2026.xlsx
SAO PAULO,ANDRADINA,GAS METANO,1,copy_of_D_Frota_por_UF_Municipio_COMBUSTIVEL_Julho_2026.xlsx
SAO PAULO,ANDRADINA,GASOL/GAS NATURAL COMBUSTIVEL,1,copy_of_D_Frota_por_UF_Municipio_COMBUSTIVEL_Julho_2026.xlsx
SAO PAULO,ANDRADINA,GASOLINA,22425,copy_of_D_Frota_por_UF_Municipio_COMBUSTIVEL_Julho_2026.xlsx
SAO PAULO,ANDRADINA,GASOLINA/ALCOOL/ELETRICO,37,copy_of_D_Frota_por_UF_Municipio_COMBUSTIVEL_Julho_2026.xlsx
SAO PAULO,ANDRADINA,GASOLINA/ALCOOL/GAS NATURAL,3,copy_of_D_Frota_por_UF_Municipio_COMBUSTIVEL_Julho_2026.xlsx
SAO PAULO,ANDRADINA,GASOLINA/ELETRICO,64,copy_of_D_Frota_por_UF_Municipio_COMBUSTIVEL_Julho_2026.xlsx
SAO PAULO,ANDRADINA,GASOLINA/GAS NATURAL VEICULAR,14,copy_of_D_Frota_por_UF_Municipio_COMBUSTIVEL_Julho_2026.xlsx
SAO PAULO,ANDRADINA,HIBRIDO,13,copy_of_D_Frota_por_UF_Municipio_COMBUSTIVEL_Julho_2026.xlsx
SAO PAULO,ANDRADINA,HIBRIDO PLUG-IN,18,copy_of_D_Frota_por_UF_Municipio_COMBUSTIVEL_Julho_2026.xlsx
SAO PAULO,ANDRADINA,Sem Informação,2641,copy_of_D_Frota_por_UF_Municipio_COMBUSTIVEL_Julho_2026.xlsx
SAO PAULO,ANGATUBA,ALCOOL,979,copy_of_D_Frota_por_UF_Municipio_COMBUSTIVEL_Julho_2026.xlsx
SAO PAULO,ANGATUBA,ALCOOL/GASOLINA,6691,copy_of_D_Frota_por_UF_Municipio_COMBUSTIVEL_Julho_2026.xlsx
SAO PAULO,ANGATUBA,DIESEL,1407,copy_of_D_Frota_por_UF_Municipio_COMBUSTIVEL_Julho_2026.xlsx
SAO PAULO,ANGATUBA,ELETRICO/FONTE EXTERNA,8,copy_of_D_Frota_por_UF_Municipio_COMBUSTIVEL_Julho_2026.xlsx
SAO PAULO,ANGATUBA,ELETRICO/FONTE INTERNA,1,copy_of_D_Frota_por_UF_Municipio_COMBUSTIVEL_Julho_2026.xlsx
SAO PAULO,ANGATUBA,GASOLINA,7217,copy_of_D_Frota_por_UF_Municipio_COMBUSTIVEL_Julho_2026.xlsx
SAO PAULO,ANGATUBA,GASOLINA/ALCOOL/ELETRICO,9,copy_of_D_Frota_por_UF_Municipio_COMBUSTIVEL_Julho_2026.xlsx
SAO PAULO,ANGATUBA,GASOLINA/ALCOOL/GAS NATURAL,1,copy_of_D_Frota_por_UF_Municipio_COMBUSTIVEL_Julho_2026.xlsx
SAO PAULO,ANGATUBA,GASOLINA/ELETRICO,20,copy_of_D_Frota_por_UF_Municipio_COMBUSTIVEL_Julho_2026.xlsx
SAO PAULO,ANGATUBA,GASOLINA/GAS NATURAL VEICULAR,9,copy_of_D_Frota_por_UF_Municipio_COMBUSTIVEL_Julho_2026.xlsx
SAO PAULO,ANGATUBA,HIBRIDO,2,copy_of_D_Frota_por_UF_Municipio_COMBUSTIVEL_Julho_2026.xlsx
SAO PAULO,ANGATUBA,HIBRIDO PLUG-IN,2,copy_of_D_Frota_por_UF_Municipio_COMBUSTIVEL_Julho_2026.xlsx
SAO PAULO,ANGATUBA,Sem Informação,715,copy_of_D_Frota_por_UF_Municipio_COMBUSTIVEL_Julho_2026.xlsx
SAO PAULO,ANHEMBI,ALCOOL,267,copy_of_D_Frota_por_UF_Municipio_COMBUSTIVEL_Julho_2026.xlsx
SAO PAULO,ANHEMBI,ALCOOL/GASOLINA,1285,copy_of_D_Frota_por_UF_Municipio_COMBUSTIVEL_Julho_2026.xlsx
SAO PAULO,ANHEMBI,DIESEL,290,copy_of_D_Frota_por_UF_Municipio_COMBUSTIVEL_Julho_2026.xlsx
SAO PAULO,ANHEMBI,ELETRICO/FONTE INTERNA,1,copy_of_D_Frota_por_UF_Municipio_COMBUSTIVEL_Julho_2026.xlsx
SAO PAULO,ANHEMBI,GASOLINA,1226,copy_of_D_Frota_por_UF_Municipio_COMBUSTIVEL_Julho_2026.xlsx
SAO PAULO,ANHEMBI,GASOLINA/ALCOOL/ELETRICO,2,copy_of_D_Frota_por_UF_Municipio_COMBUSTIVEL_Julho_2026.xlsx
SAO PAULO,ANHEMBI,GASOLINA/ALCOOL/GAS NATURAL,1,copy_of_D_Frota_por_UF_Municipio_COMBUSTIVEL_Julho_2026.xlsx
SAO PAULO,ANHEMBI,GASOLINA/GAS NATURAL VEICULAR,5,copy_of_D_Frota_por_UF_Municipio_COMBUSTIVEL_Julho_2026.xlsx
SAO PAULO,ANHEMBI,Sem Informação,145,copy_of_D_Frota_por_UF_Municipio_COMBUSTIVEL_Julho_2026.xlsx
SAO PAULO,ANHUMAS,ALCOOL,177,copy_of_D_Frota_por_UF_Municipio_COMBUSTIVEL_Julho_2026.xlsx
SAO PAULO,ANHUMAS,ALCOOL/GASOLINA,1078,copy_of_D_Frota_por_UF_Municipio_COMBUSTIVEL_Julho_2026.xlsx
SAO PAULO,ANHUMAS,DIESEL,279,copy_of_D_Frota_por_UF_Municipio_COMBUSTIVEL_Julho_2026.xlsx
SAO PAULO,ANHUMAS,GASOL/GAS NATURAL COMBUSTIVEL,1,copy_of_D_Frota_por_UF_Municipio_COMBUSTIVEL_Julho_2026.xlsx
SAO PAULO,ANHUMAS,GASOLINA,963,copy_of_D_Frota_por_UF_Municipio_COMBUSTIVEL_Julho_2026.xlsx
SAO PAULO,ANHUMAS,GASOLINA/GAS NATURAL VEICULAR,1,copy_of_D_Frota_por_UF_Municipio_COMBUSTIVEL_Julho_2026.xlsx
SAO PAULO,ANHUMAS,Sem Informação,111,copy_of_D_Frota_por_UF_Municipio_COMBUSTIVEL_Julho_2026.xlsx
SAO PAULO,APARECIDA,ALCOOL,1066,copy_of_D_Frota_por_UF_Municipio_COMBUSTIVEL_Julho_2026.xlsx
SAO PAULO,APARECIDA,ALCOOL/GAS NATURAL VEICULAR,9,copy_of_D_Frota_por_UF_Municipio_COMBUSTIVEL_Julho_2026.xlsx
SAO PAULO,APARECIDA,ALCOOL/GASOLINA,10405,copy_of_D_Frota_por_UF_Municipio_COMBUSTIVEL_Julho_2026.xlsx
SAO PAULO,APARECIDA,DIESEL,2012,copy_of_D_Frota_por_UF_Municipio_COMBUSTIVEL_Julho_2026.xlsx
SAO PAULO,APARECIDA,DIESEL/ELETRICO,5,copy_of_D_Frota_por_UF_Municipio_COMBUSTIVEL_Julho_2026.xlsx
SAO PAULO,APARECIDA,ELETRICO/FONTE EXTERNA,16,copy_of_D_Frota_por_UF_Municipio_COMBUSTIVEL_Julho_2026.xlsx
SAO PAULO,APARECIDA,ELETRICO/FONTE INTERNA,4,copy_of_D_Frota_por_UF_Municipio_COMBUSTIVEL_Julho_2026.xlsx
SAO PAULO,APARECIDA,GAS NATURAL VEICULAR,1,copy_of_D_Frota_por_UF_Municipio_COMBUSTIVEL_Julho_2026.xlsx
SAO PAULO,APARECIDA,GASOL/GAS NATURAL COMBUSTIVEL,1,copy_of_D_Frota_por_UF_Municipio_COMBUSTIVEL_Julho_2026.xlsx
SAO PAULO,APARECIDA,GASOLINA,10206,copy_of_D_Frota_por_UF_Municipio_COMBUSTIVEL_Julho_2026.xlsx
SAO PAULO,APARECIDA,GASOLINA/ALCOOL/ELETRICO,29,copy_of_D_Frota_por_UF_Municipio_COMBUSTIVEL_Julho_2026.xlsx
SAO PAULO,APARECIDA,GASOLINA/ALCOOL/GAS NATURAL,26,copy_of_D_Frota_por_UF_Municipio_COMBUSTIVEL_Julho_2026.xlsx
SAO PAULO,APARECIDA,GASOLINA/ELETRICO,41,copy_of_D_Frota_por_UF_Municipio_COMBUSTIVEL_Julho_2026.xlsx
SAO PAULO,APARECIDA,GASOLINA/GAS NATURAL VEICULAR,193,copy_of_D_Frota_por_UF_Municipio_COMBUSTIVEL_Julho_2026.xlsx
SAO PAULO,APARECIDA,HIBRIDO,7,copy_of_D_Frota_por_UF_Municipio_COMBUSTIVEL_Julho_2026.xlsx
SAO PAULO,APARECIDA,HIBRIDO PLUG-IN,7,copy_of_D_Frota_por_UF_Municipio_COMBUSTIVEL_Julho_2026.xlsx
SAO PAULO,APARECIDA,Sem Informação,512,copy_of_D_Frota_por_UF_Municipio_COMBUSTIVEL_Julho_2026.xlsx
SAO PAULO,APARECIDA D'OESTE,ALCOOL,434,copy_of_D_Frota_por_UF_Municipio_COMBUSTIVEL_Julho_2026.xlsx
SAO PAULO,APARECIDA D'OESTE,ALCOOL/GASOLINA,1235,copy_of_D_Frota_por_UF_Municipio_COMBUSTIVEL_Julho_2026.xlsx
SAO PAULO,APARECIDA D'OESTE,DIESEL,356,copy_of_D_Frota_por_UF_Municipio_COMBUSTIVEL_Julho_2026.xlsx
SAO PAULO,APARECIDA D'OESTE,ELETRICO/FONTE EXTERNA,1,copy_of_D_Frota_por_UF_Municipio_COMBUSTIVEL_Julho_2026.xlsx
SAO PAULO,APARECIDA D'OESTE,GASOLINA,1557,copy_of_D_Frota_por_UF_Municipio_COMBUSTIVEL_Julho_2026.xlsx
SAO PAULO,APARECIDA D'OESTE,GASOLINA/ALCOOL/ELETRICO,2,copy_of_D_Frota_por_UF_Municipio_COMBUSTIVEL_Julho_2026.xlsx
SAO PAULO,APARECIDA D'OESTE,GASOLINA/GAS NATURAL VEICULAR,1,copy_of_D_Frota_por_UF_Municipio_COMBUSTIVEL_Julho_2026.xlsx
SAO PAULO,APARECIDA D'OESTE,HIBRIDO,1,copy_of_D_Frota_por_UF_Municipio_COMBUSTIVEL_Julho_2026.xlsx
SAO PAULO,APARECIDA D'OESTE,Sem Informação,237,copy_of_D_Frota_por_UF_Municipio_COMBUSTIVEL_Julho_2026.xlsx
SAO PAULO,APIAI,ALCOOL,715,copy_of_D_Frota_por_UF_Municipio_COMBUSTIVEL_Julho_2026.xlsx
SAO PAULO,APIAI,ALCOOL/GAS NATURAL VEICULAR,2,copy_of_D_Frota_por_UF_Municipio_COMBUSTIVEL_Julho_2026.xlsx
SAO PAULO,APIAI,ALCOOL/GASOLINA,6359,copy_of_D_Frota_por_UF_Municipio_COMBUSTIVEL_Julho_2026.xlsx
SAO PAULO,APIAI,DIESEL,1336,copy_of_D_Frota_por_UF_Municipio_COMBUSTIVEL_Julho_2026.xlsx
SAO PAULO,APIAI,ELETRICO/FONTE EXTERNA,9,copy_of_D_Frota_por_UF_Municipio_COMBUSTIVEL_Julho_2026.xlsx
SAO PAULO,APIAI,GAS METANO,1,copy_of_D_Frota_por_UF_Municipio_COMBUSTIVEL_Julho_2026.xlsx
SAO PAULO,APIAI,GAS NATURAL VEICULAR,1,copy_of_D_Frota_por_UF_Municipio_COMBUSTIVEL_Julho_2026.xlsx
SAO PAULO,APIAI,GASOLINA,6603,copy_of_D_Frota_por_UF_Municipio_COMBUSTIVEL_Julho_2026.xlsx
SAO PAULO,APIAI,GASOLINA/ALCOOL/ELETRICO,8,copy_of_D_Frota_por_UF_Municipio_COMBUSTIVEL_Julho_2026.xlsx
SAO PAULO,APIAI,GASOLINA/ALCOOL/GAS NATURAL,4,copy_of_D_Frota_por_UF_Municipio_COMBUSTIVEL_Julho_2026.xlsx
SAO PAULO,APIAI,GASOLINA/ELETRICO,4,copy_of_D_Frota_por_UF_Municipio_COMBUSTIVEL_Julho_2026.xlsx
SAO PAULO,APIAI,GASOLINA/GAS NATURAL VEICULAR,11,copy_of_D_Frota_por_UF_Municipio_COMBUSTIVEL_Julho_2026.xlsx
SAO PAULO,APIAI,HIBRIDO PLUG-IN,1,copy_of_D_Frota_por_UF_Municipio_COMBUSTIVEL_Julho_2026.xlsx
SAO PAULO,APIAI,Sem Informação,482,copy_of_D_Frota_por_UF_Municipio_COMBUSTIVEL_Julho_2026.xlsx
SAO PAULO,ARACARIGUAMA,ALCOOL,598,copy_of_D_Frota_por_UF_Municipio_COMBUSTIVEL_Julho_2026.xlsx
SAO PAULO,ARACARIGUAMA,ALCOOL/GAS NATURAL VEICULAR,6,copy_of_D_Frota_por_UF_Municipio_COMBUSTIVEL_Julho_2026.xlsx
SAO PAULO,ARACARIGUAMA,ALCOOL/GASOLINA,6761,copy_of_D_Frota_por_UF_Municipio_COMBUSTIVEL_Julho_2026.xlsx
SAO PAULO,ARACARIGUAMA,DIESEL,1521,copy_of_D_Frota_por_UF_Municipio_COMBUSTIVEL_Julho_2026.xlsx
SAO PAULO,ARACARIGUAMA,DIESEL/ELETRICO,1,copy_of_D_Frota_por_UF_Municipio_COMBUSTIVEL_Julho_2026.xlsx
SAO PAULO,ARACARIGUAMA,ELETRICO,2,copy_of_D_Frota_por_UF_Municipio_COMBUSTIVEL_Julho_2026.xlsx
SAO PAULO,ARACARIGUAMA,ELETRICO/FONTE EXTERNA,18,copy_of_D_Frota_por_UF_Municipio_COMBUSTIVEL_Julho_2026.xlsx
SAO PAULO,ARACARIGUAMA,GAS METANO,2,copy_of_D_Frota_por_UF_Municipio_COMBUSTIVEL_Julho_2026.xlsx
SAO PAULO,ARACARIGUAMA,GAS NATURAL VEICULAR,1,copy_of_D_Frota_por_UF_Municipio_COMBUSTIVEL_Julho_2026.xlsx
SAO PAULO,ARACARIGUAMA,GASOL/GAS NATURAL COMBUSTIVEL,2,copy_of_D_Frota_por_UF_Municipio_COMBUSTIVEL_Julho_2026.xlsx
SAO PAULO,ARACARIGUAMA,GASOLINA,5955,copy_of_D_Frota_por_UF_Municipio_COMBUSTIVEL_Julho_2026.xlsx
SAO PAULO,ARACARIGUAMA,GASOLINA/ALCOOL/ELETRICO,16,copy_of_D_Frota_por_UF_Municipio_COMBUSTIVEL_Julho_2026.xlsx
SAO PAULO,ARACARIGUAMA,GASOLINA/ALCOOL/GAS NATURAL,24,copy_of_D_Frota_por_UF_Municipio_COMBUSTIVEL_Julho_2026.xlsx
SAO PAULO,ARACARIGUAMA,GASOLINA/ELETRICO,39,copy_of_D_Frota_por_UF_Municipio_COMBUSTIVEL_Julho_2026.xlsx
SAO PAULO,ARACARIGUAMA,GASOLINA/GAS NATURAL VEICULAR,84,copy_of_D_Frota_por_UF_Municipio_COMBUSTIVEL_Julho_2026.xlsx
SAO PAULO,ARACARIGUAMA,HIBRIDO,4,copy_of_D_Frota_por_UF_Municipio_COMBUSTIVEL_Julho_2026.xlsx
SAO PAULO,ARACARIGUAMA,HIBRIDO PLUG-IN,3,copy_of_D_Frota_por_UF_Municipio_COMBUSTIVEL_Julho_2026.xlsx
SAO PAULO,ARACARIGUAMA,Sem Informação,776,copy_of_D_Frota_por_UF_Municipio_COMBUSTIVEL_Julho_2026.xlsx
SAO PAULO,ARACATUBA,ALCOOL,9018,copy_of_D_Frota_por_UF_Municipio_COMBUSTIVEL_Julho_2026.xlsx
SAO PAULO,ARACATUBA,ALCOOL/GAS NATURAL COMBUSTIVEL,1,copy_of_D_Frota_por_UF_Municipio_COMBUSTIVEL_Julho_2026.xlsx
SAO PAULO,ARACATUBA,ALCOOL/GAS NATURAL VEICULAR,22,copy_of_D_Frota_por_UF_Municipio_COMBUSTIVEL_Julho_2026.xlsx
SAO PAULO,ARACATUBA,ALCOOL/GASOLINA,82830,copy_of_D_Frota_por_UF_Municipio_COMBUSTIVEL_Julho_2026.xlsx
SAO PAULO,ARACATUBA,DIESEL,12125,copy_of_D_Frota_por_UF_Municipio_COMBUSTIVEL_Julho_2026.xlsx
SAO PAULO,ARACATUBA,DIESEL/ELETRICO,22,copy_of_D_Frota_por_UF_Municipio_COMBUSTIVEL_Julho_2026.xlsx
SAO PAULO,ARACATUBA,ELETRICO,15,copy_of_D_Frota_por_UF_Municipio_COMBUSTIVEL_Julho_2026.xlsx
SAO PAULO,ARACATUBA,ELETRICO/FONTE EXTERNA,259,copy_of_D_Frota_por_UF_Municipio_COMBUSTIVEL_Julho_2026.xlsx
SAO PAULO,ARACATUBA,ELETRICO/FONTE INTERNA,11,copy_of_D_Frota_por_UF_Municipio_COMBUSTIVEL_Julho_2026.xlsx
SAO PAULO,ARACATUBA,GAS METANO,2,copy_of_D_Frota_por_UF_Municipio_COMBUSTIVEL_Julho_2026.xlsx
SAO PAULO,ARACATUBA,GAS NATURAL VEICULAR,1,copy_of_D_Frota_por_UF_Municipio_COMBUSTIVEL_Julho_2026.xlsx
SAO PAULO,ARACATUBA,GASOL/GAS NATURAL COMBUSTIVEL,4,copy_of_D_Frota_por_UF_Municipio_COMBUSTIVEL_Julho_2026.xlsx
SAO PAULO,ARACATUBA,GASOLINA,84525,copy_of_D_Frota_por_UF_Municipio_COMBUSTIVEL_Julho_2026.xlsx
SAO PAULO,ARACATUBA,GASOLINA/ALCOOL/ELETRICO,290,copy_of_D_Frota_por_UF_Municipio_COMBUSTIVEL_Julho_2026.xlsx
SAO PAULO,ARACATUBA,GASOLINA/ALCOOL/GAS NATURAL,38,copy_of_D_Frota_por_UF_Municipio_COMBUSTIVEL_Julho_2026.xlsx
SAO PAULO,ARACATUBA,GASOLINA/ELETRICO,425,copy_of_D_Frota_por_UF_Municipio_COMBUSTIVEL_Julho_2026.xlsx
SAO PAULO,ARACATUBA,GASOLINA/GAS NATURAL VEICULAR,301,copy_of_D_Frota_por_UF_Municipio_COMBUSTIVEL_Julho_2026.xlsx
SAO PAULO,ARACATUBA,HIBRIDO,143,copy_of_D_Frota_por_UF_Municipio_COMBUSTIVEL_Julho_2026.xlsx
SAO PAULO,ARACATUBA,HIBRIDO PLUG-IN,148,copy_of_D_Frota_por_UF_Municipio_COMBUSTIVEL_Julho_2026.xlsx
SAO PAULO,ARACATUBA,Sem Informação,9147,copy_of_D_Frota_por_UF_Municipio_COMBUSTIVEL_Julho_2026.xlsx
SAO PAULO,ARACOIABA DA SERRA,ALCOOL,1420,copy_of_D_Frota_por_UF_Municipio_COMBUSTIVEL_Julho_2026.xlsx
SAO PAULO,ARACOIABA DA SERRA,ALCOOL/GAS NATURAL COMBUSTIVEL,1,copy_of_D_Frota_por_UF_Municipio_COMBUSTIVEL_Julho_2026.xlsx
SAO PAULO,ARACOIABA DA SERRA,ALCOOL/GAS NATURAL VEICULAR,5,copy_of_D_Frota_por_UF_Municipio_COMBUSTIVEL_Julho_2026.xlsx
SAO PAULO,ARACOIABA DA SERRA,ALCOOL/GASOLINA,13147,copy_of_D_Frota_por_UF_Municipio_COMBUSTIVEL_Julho_2026.xlsx
SAO PAULO,ARACOIABA DA SERRA,DIESEL,1867,copy_of_D_Frota_por_UF_Municipio_COMBUSTIVEL_Julho_2026.xlsx
SAO PAULO,ARACOIABA DA SERRA,DIESEL/ELETRICO,2,copy_of_D_Frota_por_UF_Municipio_COMBUSTIVEL_Julho_2026.xlsx
SAO PAULO,ARACOIABA DA SERRA,ELETRICO,16,copy_of_D_Frota_por_UF_Municipio_COMBUSTIVEL_Julho_2026.xlsx
SAO PAULO,ARACOIABA DA SERRA,ELETRICO/FONTE EXTERNA,84,copy_of_D_Frota_por_UF_Municipio_COMBUSTIVEL_Julho_2026.xlsx
SAO PAULO,ARACOIABA DA SERRA,ELETRICO/FONTE INTERNA,13,copy_of_D_Frota_por_UF_Municipio_COMBUSTIVEL_Julho_2026.xlsx
SAO PAULO,ARACOIABA DA SERRA,GAS METANO,1,copy_of_D_Frota_por_UF_Municipio_COMBUSTIVEL_Julho_2026.xlsx
SAO PAULO,ARACOIABA DA SERRA,GASOL/GAS NATURAL COMBUSTIVEL,3,copy_of_D_Frota_por_UF_Municipio_COMBUSTIVEL_Julho_2026.xlsx
SAO PAULO,ARACOIABA DA SERRA,GASOLINA,11772,copy_of_D_Frota_por_UF_Municipio_COMBUSTIVEL_Julho_2026.xlsx
SAO PAULO,ARACOIABA DA SERRA,GASOLINA/ALCOOL/ELETRICO,61,copy_of_D_Frota_por_UF_Municipio_COMBUSTIVEL_Julho_2026.xlsx
SAO PAULO,ARACOIABA DA SERRA,GASOLINA/ALCOOL/GAS NATURAL,25,copy_of_D_Frota_por_UF_Municipio_COMBUSTIVEL_Julho_2026.xlsx
SAO PAULO,ARACOIABA DA SERRA,GASOLINA/ELETRICO,106,copy_of_D_Frota_por_UF_Municipio_COMBUSTIVEL_Julho_2026.xlsx
SAO PAULO,ARACOIABA DA SERRA,GASOLINA/GAS NATURAL VEICULAR,114,copy_of_D_Frota_por_UF_Municipio_COMBUSTIVEL_Julho_2026.xlsx
SAO PAULO,ARACOIABA DA SERRA,HIBRIDO,16,copy_of_D_Frota_por_UF_Municipio_COMBUSTIVEL_Julho_2026.xlsx
SAO PAULO,ARACOIABA DA SERRA,HIBRIDO PLUG-IN,29,copy_of_D_Frota_por_UF_Municipio_COMBUSTIVEL_Julho_2026.xlsx
SAO PAULO,ARACOIABA DA SERRA,Sem Informação,871,copy_of_D_Frota_por_UF_Municipio_COMBUSTIVEL_Julho_2026.xlsx
SAO PAULO,ARAMINA,ALCOOL,428,copy_of_D_Frota_por_UF_Municipio_COMBUSTIVEL_Julho_2026.xlsx
SAO PAULO,ARAMINA,ALCOOL/GASOLINA,1409,copy_of_D_Frota_por_UF_Municipio_COMBUSTIVEL_Julho_2026.xlsx
SAO PAULO,ARAMINA,DIESEL,428,copy_of_D_Frota_por_UF_Municipio_COMBUSTIVEL_Julho_2026.xlsx
SAO PAULO,ARAMINA,ELETRICO/FONTE EXTERNA,1,copy_of_D_Frota_por_UF_Municipio_COMBUSTIVEL_Julho_2026.xlsx
SAO PAULO,ARAMINA,GASOLINA,1166,copy_of_D_Frota_por_UF_Municipio_COMBUSTIVEL_Julho_2026.xlsx
SAO PAULO,ARAMINA,GASOLINA/ALCOOL/ELETRICO,3,copy_of_D_Frota_por_UF_Municipio_COMBUSTIVEL_Julho_2026.xlsx
SAO PAULO,ARAMINA,GASOLINA/ALCOOL/GAS NATURAL,1,copy_of_D_Frota_por_UF_Municipio_COMBUSTIVEL_Julho_2026.xlsx
SAO PAULO,ARAMINA,Sem Informação,267,copy_of_D_Frota_por_UF_Municipio_COMBUSTIVEL_Julho_2026.xlsx
SAO PAULO,ARANDU,ALCOOL,192,copy_of_D_Frota_por_UF_Municipio_COMBUSTIVEL_Julho_2026.xlsx
SAO PAULO,ARANDU,ALCOOL/GASOLINA,1663,copy_of_D_Frota_por_UF_Municipio_COMBUSTIVEL_Julho_2026.xlsx
SAO PAULO,ARANDU,DIESEL,299,copy_of_D_Frota_por_UF_Municipio_COMBUSTIVEL_Julho_2026.xlsx
SAO PAULO,ARANDU,ELETRICO/FONTE EXTERNA,1,copy_of_D_Frota_por_UF_Municipio_COMBUSTIVEL_Julho_2026.xlsx
SAO PAULO,ARANDU,GASOLINA,1543,copy_of_D_Frota_por_UF_Municipio_COMBUSTIVEL_Julho_2026.xlsx
SAO PAULO,ARANDU,GASOLINA/ALCOOL/ELETRICO,4,copy_of_D_Frota_por_UF_Municipio_COMBUSTIVEL_Julho_2026.xlsx
SAO PAULO,ARANDU,GASOLINA/ELETRICO,1,copy_of_D_Frota_por_UF_Municipio_COMBUSTIVEL_Julho_2026.xlsx
SAO PAULO,ARANDU,GASOLINA/GAS NATURAL VEICULAR,1,copy_of_D_Frota_por_UF_Municipio_COMBUSTIVEL_Julho_2026.xlsx
SAO PAULO,ARANDU,Sem Informação,151,copy_of_D_Frota_por_UF_Municipio_COMBUSTIVEL_Julho_2026.xlsx
SAO PAULO,ARAPEI,ALCOOL,56,copy_of_D_Frota_por_UF_Municipio_COMBUSTIVEL_Julho_2026.xlsx
SAO PAULO,ARAPEI,ALCOOL/GAS NATURAL VEICULAR,6,copy_of_D_Frota_por_UF_Municipio_COMBUSTIVEL_Julho_2026.xlsx
SAO PAULO,ARAPEI,ALCOOL/GASOLINA,402,copy_of_D_Frota_por_UF_Municipio_COMBUSTIVEL_Julho_2026.xlsx
SAO PAULO,ARAPEI,DIESEL,134,copy_of_D_Frota_por_UF_Municipio_COMBUSTIVEL_Julho_2026.xlsx
SAO PAULO,ARAPEI,GASOLINA,643,copy_of_D_Frota_por_UF_Municipio_COMBUSTIVEL_Julho_2026.xlsx
SAO PAULO,ARAPEI,GASOLINA/ALCOOL/GAS NATURAL,11,copy_of_D_Frota_por_UF_Municipio_COMBUSTIVEL_Julho_2026.xlsx
SAO PAULO,ARAPEI,GASOLINA/ELETRICO,1,copy_of_D_Frota_por_UF_Municipio_COMBUSTIVEL_Julho_2026.xlsx
SAO PAULO,ARAPEI,GASOLINA/GAS NATURAL VEICULAR,42,copy_of_D_Frota_por_UF_Municipio_COMBUSTIVEL_Julho_2026.xlsx
SAO PAULO,ARAPEI,Sem Informação,27,copy_of_D_Frota_por_UF_Municipio_COMBUSTIVEL_Julho_2026.xlsx
SAO PAULO,ARARAQUARA,ALCOOL,10947,copy_of_D_Frota_por_UF_Municipio_COMBUSTIVEL_Julho_2026.xlsx
SAO PAULO,ARARAQUARA,ALCOOL/GAS NATURAL COMBUSTIVEL,1,copy_of_D_Frota_por_UF_Municipio_COMBUSTIVEL_Julho_2026.xlsx
SAO PAULO,ARARAQUARA,ALCOOL/GAS NATURAL VEICULAR,27,copy_of_D_Frota_por_UF_Municipio_COMBUSTIVEL_Julho_2026.xlsx
SAO PAULO,ARARAQUARA,ALCOOL/GASOLINA,92207,copy_of_D_Frota_por_UF_Municipio_COMBUSTIVEL_Julho_2026.xlsx
SAO PAULO,ARARAQUARA,DIESEL,13066,copy_of_D_Frota_por_UF_Municipio_COMBUSTIVEL_Julho_2026.xlsx
SAO PAULO,ARARAQUARA,DIESEL/ELETRICO,12,copy_of_D_Frota_por_UF_Municipio_COMBUSTIVEL_Julho_2026.xlsx
SAO PAULO,ARARAQUARA,ELETRICO,33,copy_of_D_Frota_por_UF_Municipio_COMBUSTIVEL_Julho_2026.xlsx
SAO PAULO,ARARAQUARA,ELETRICO/FONTE EXTERNA,425,copy_of_D_Frota_por_UF_Municipio_COMBUSTIVEL_Julho_2026.xlsx
SAO PAULO,ARARAQUARA,ELETRICO/FONTE INTERNA,22,copy_of_D_Frota_por_UF_Municipio_COMBUSTIVEL_Julho_2026.xlsx
SAO PAULO,ARARAQUARA,GAS NATURAL VEICULAR,16,copy_of_D_Frota_por_UF_Municipio_COMBUSTIVEL_Julho_2026.xlsx
SAO PAULO,ARARAQUARA,GASOGENIO,2,copy_of_D_Frota_por_UF_Municipio_COMBUSTIVEL_Julho_2026.xlsx
SAO PAULO,ARARAQUARA,GASOL/GAS NATURAL COMBUSTIVEL,3,copy_of_D_Frota_por_UF_Municipio_COMBUSTIVEL_Julho_2026.xlsx
SAO PAULO,ARARAQUARA,GASOLINA,87979,copy_of_D_Frota_por_UF_Municipio_COMBUSTIVEL_Julho_2026.xlsx
SAO PAULO,ARARAQUARA,GASOLINA/ALCOOL/ELETRICO,398,copy_of_D_Frota_por_UF_Municipio_COMBUSTIVEL_Julho_2026.xlsx
SAO PAULO,ARARAQUARA,GASOLINA/ALCOOL/GAS NATURAL,108,copy_of_D_Frota_por_UF_Municipio_COMBUSTIVEL_Julho_2026.xlsx
SAO PAULO,ARARAQUARA,GASOLINA/ELETRICO,699,copy_of_D_Frota_por_UF_Municipio_COMBUSTIVEL_Julho_2026.xlsx
SAO PAULO,ARARAQUARA,GASOLINA/GAS NATURAL VEICULAR,440,copy_of_D_Frota_por_UF_Municipio_COMBUSTIVEL_Julho_2026.xlsx
SAO PAULO,ARARAQUARA,HIBRIDO,78,copy_of_D_Frota_por_UF_Municipio_COMBUSTIVEL_Julho_2026.xlsx
SAO PAULO,ARARAQUARA,HIBRIDO PLUG-IN,187,copy_of_D_Frota_por_UF_Municipio_COMBUSTIVEL_Julho_2026.xlsx
SAO PAULO,ARARAQUARA,Sem Informação,7898,copy_of_D_Frota_por_UF_Municipio_COMBUSTIVEL_Julho_2026.xlsx
SAO PAULO,ARARAS,ALCOOL,6220,copy_of_D_Frota_por_UF_Municipio_COMBUSTIVEL_Julho_2026.xlsx
SAO PAULO,ARARAS,ALCOOL/GAS NATURAL COMBUSTIVEL,1,copy_of_D_Frota_por_UF_Municipio_COMBUSTIVEL_Julho_2026.xlsx
SAO PAULO,ARARAS,ALCOOL/GAS NATURAL VEICULAR,12,copy_of_D_Frota_por_UF_Municipio_COMBUSTIVEL_Julho_2026.xlsx
SAO PAULO,ARARAS,ALCOOL/GASOLINA,51868,copy_of_D_Frota_por_UF_Municipio_COMBUSTIVEL_Julho_2026.xlsx
SAO PAULO,ARARAS,DIESEL,6752,copy_of_D_Frota_por_UF_Municipio_COMBUSTIVEL_Julho_2026.xlsx
SAO PAULO,ARARAS,DIESEL/ELETRICO,5,copy_of_D_Frota_por_UF_Municipio_COMBUSTIVEL_Julho_2026.xlsx
SAO PAULO,ARARAS,ELETRICO,13,copy_of_D_Frota_por_UF_Municipio_COMBUSTIVEL_Julho_2026.xlsx
SAO PAULO,ARARAS,ELETRICO/FONTE EXTERNA,109,copy_of_D_Frota_por_UF_Municipio_COMBUSTIVEL_Julho_2026.xlsx
SAO PAULO,ARARAS,ELETRICO/FONTE INTERNA,13,copy_of_D_Frota_por_UF_Municipio_COMBUSTIVEL_Julho_2026.xlsx
SAO PAULO,ARARAS,GAS METANO,5,copy_of_D_Frota_por_UF_Municipio_COMBUSTIVEL_Julho_2026.xlsx
SAO PAULO,ARARAS,GAS NATURAL VEICULAR,1,copy_of_D_Frota_por_UF_Municipio_COMBUSTIVEL_Julho_2026.xlsx
SAO PAULO,ARARAS,GASOL/GAS NATURAL COMBUSTIVEL,9,copy_of_D_Frota_por_UF_Municipio_COMBUSTIVEL_Julho_2026.xlsx
SAO PAULO,ARARAS,GASOLINA,52321,copy_of_D_Frota_por_UF_Municipio_COMBUSTIVEL_Julho_2026.xlsx
SAO PAULO,ARARAS,GASOLINA/ALCOOL/ELETRICO,211,copy_of_D_Frota_por_UF_Municipio_COMBUSTIVEL_Julho_2026.xlsx
SAO PAULO,ARARAS,GASOLINA/ALCOOL/GAS NATURAL,33,copy_of_D_Frota_por_UF_Municipio_COMBUSTIVEL_Julho_2026.xlsx
SAO PAULO,ARARAS,GASOLINA/ELETRICO,186,copy_of_D_Frota_por_UF_Municipio_COMBUSTIVEL_Julho_2026.xlsx
SAO PAULO,ARARAS,GASOLINA/GAS NATURAL VEICULAR,285,copy_of_D_Frota_por_UF_Municipio_COMBUSTIVEL_Julho_2026.xlsx
SAO PAULO,ARARAS,HIBRIDO,32,copy_of_D_Frota_por_UF_Municipio_COMBUSTIVEL_Julho_2026.xlsx
SAO PAULO,ARARAS,HIBRIDO PLUG-IN,58,copy_of_D_Frota_por_UF_Municipio_COMBUSTIVEL_Julho_2026.xlsx
SAO PAULO,ARARAS,Sem Informação,3000,copy_of_D_Frota_por_UF_Municipio_COMBUSTIVEL_Julho_2026.xlsx
SAO PAULO,ARCO-IRIS,ALCOOL,88,copy_of_D_Frota_por_UF_Municipio_COMBUSTIVEL_Julho_2026.xlsx
SAO PAULO,ARCO-IRIS,ALCOOL/GASOLINA,508,copy_of_D_Frota_por_UF_Municipio_COMBUSTIVEL_Julho_2026.xlsx
SAO PAULO,ARCO-IRIS,DIESEL,201,copy_of_D_Frota_por_UF_Municipio_COMBUSTIVEL_Julho_2026.xlsx
SAO PAULO,ARCO-IRIS,GASOLINA,395,copy_of_D_Frota_por_UF_Municipio_COMBUSTIVEL_Julho_2026.xlsx
SAO PAULO,ARCO-IRIS,Sem Informação,55,copy_of_D_Frota_por_UF_Municipio_COMBUSTIVEL_Julho_2026.xlsx
SAO PAULO,AREALVA,ALCOOL,376,copy_of_D_Frota_por_UF_Municipio_COMBUSTIVEL_Julho_2026.xlsx
SAO PAULO,AREALVA,ALCOOL/GASOLINA,2299,copy_of_D_Frota_por_UF_Municipio_COMBUSTIVEL_Julho_2026.xlsx
SAO PAULO,AREALVA,DIESEL,643,copy_of_D_Frota_por_UF_Municipio_COMBUSTIVEL_Julho_2026.xlsx
SAO PAULO,AREALVA,ELETRICO/FONTE EXTERNA,2,copy_of_D_Frota_por_UF_Municipio_COMBUSTIVEL_Julho_2026.xlsx
SAO PAULO,AREALVA,GASOLINA,2101,copy_of_D_Frota_por_UF_Municipio_COMBUSTIVEL_Julho_2026.xlsx
SAO PAULO,AREALVA,GASOLINA/ALCOOL/ELETRICO,2,copy_of_D_Frota_por_UF_Municipio_COMBUSTIVEL_Julho_2026.xlsx
SAO PAULO,AREALVA,GASOLINA/ALCOOL/GAS NATURAL,2,copy_of_D_Frota_por_UF_Municipio_COMBUSTIVEL_Julho_2026.xlsx
SAO PAULO,AREALVA,GASOLINA/ELETRICO,5,copy_of_D_Frota_por_UF_Municipio_COMBUSTIVEL_Julho_2026.xlsx
SAO PAULO,AREALVA,GASOLINA/GAS NATURAL VEICULAR,4,copy_of_D_Frota_por_UF_Municipio_COMBUSTIVEL_Julho_2026.xlsx
SAO PAULO,AREALVA,HIBRIDO,2,copy_of_D_Frota_por_UF_Municipio_COMBUSTIVEL_Julho_2026.xlsx
SAO PAULO,AREALVA,Sem Informação,274,copy_of_D_Frota_por_UF_Municipio_COMBUSTIVEL_Julho_2026.xlsx
SAO PAULO,AREIAS,ALCOOL,76,copy_of_D_Frota_por_UF_Municipio_COMBUSTIVEL_Julho_2026.xlsx
SAO PAULO,AREIAS,ALCOOL/GAS NATURAL COMBUSTIVEL,1,copy_of_D_Frota_por_UF_Municipio_COMBUSTIVEL_Julho_2026.xlsx
SAO PAULO,AREIAS,ALCOOL/GAS NATURAL VEICULAR,1,copy_of_D_Frota_por_UF_Municipio_COMBUSTIVEL_Julho_2026.xlsx
SAO PAULO,AREIAS,ALCOOL/GASOLINA,758,copy_of_D_Frota_por_UF_Municipio_COMBUSTIVEL_Julho_2026.xlsx
SAO PAULO,AREIAS,DIESEL,136,copy_of_D_Frota_por_UF_Municipio_COMBUSTIVEL_Julho_2026.xlsx
SAO PAULO,AREIAS,GASOLINA,987,copy_of_D_Frota_por_UF_Municipio_COMBUSTIVEL_Julho_2026.xlsx
SAO PAULO,AREIAS,GASOLINA/ALCOOL/GAS NATURAL,2,copy_of_D_Frota_por_UF_Municipio_COMBUSTIVEL_Julho_2026.xlsx
SAO PAULO,AREIAS,GASOLINA/GAS NATURAL VEICULAR,17,copy_of_D_Frota_por_UF_Municipio_COMBUSTIVEL_Julho_2026.xlsx
SAO PAULO,AREIAS,Sem Informação,45,copy_of_D_Frota_por_UF_Municipio_COMBUSTIVEL_Julho_2026.xlsx
SAO PAULO,AREIOPOLIS,ALCOOL,608,copy_of_D_Frota_por_UF_Municipio_COMBUSTIVEL_Julho_2026.xlsx
SAO PAULO,AREIOPOLIS,ALCOOL/GASOLINA,2619,copy_of_D_Frota_por_UF_Municipio_COMBUSTIVEL_Julho_2026.xlsx
SAO PAULO,AREIOPOLIS,DIESEL,572,copy_of_D_Frota_por_UF_Municipio_COMBUSTIVEL_Julho_2026.xlsx
SAO PAULO,AREIOPOLIS,ELETRICO/FONTE EXTERNA,4,copy_of_D_Frota_por_UF_Municipio_COMBUSTIVEL_Julho_2026.xlsx
SAO PAULO,AREIOPOLIS,GASOLINA,2555,copy_of_D_Frota_por_UF_Municipio_COMBUSTIVEL_Julho_2026.xlsx
SAO PAULO,AREIOPOLIS,GASOLINA/ALCOOL/ELETRICO,4,copy_of_D_Frota_por_UF_Municipio_COMBUSTIVEL_Julho_2026.xlsx
SAO PAULO,AREIOPOLIS,GASOLINA/ELETRICO,1,copy_of_D_Frota_por_UF_Municipio_COMBUSTIVEL_Julho_2026.xlsx
SAO PAULO,AREIOPOLIS,GASOLINA/GAS NATURAL VEICULAR,3,copy_of_D_Frota_por_UF_Municipio_COMBUSTIVEL_Julho_2026.xlsx
SAO PAULO,AREIOPOLIS,HIBRIDO PLUG-IN,1,copy_of_D_Frota_por_UF_Municipio_COMBUSTIVEL_Julho_2026.xlsx
SAO PAULO,AREIOPOLIS,Sem Informação,330,copy_of_D_Frota_por_UF_Municipio_COMBUSTIVEL_Julho_2026.xlsx
SAO PAULO,ARIRANHA,ALCOOL,778,copy_of_D_Frota_por_UF_Municipio_COMBUSTIVEL_Julho_2026.xlsx
SAO PAULO,ARIRANHA,ALCOOL/GASOLINA,2520,copy_of_D_Frota_por_UF_Municipio_COMBUSTIVEL_Julho_2026.xlsx
SAO PAULO,ARIRANHA,DIESEL,798,copy_of_D_Frota_por_UF_Municipio_COMBUSTIVEL_Julho_2026.xlsx
SAO PAULO,ARIRANHA,ELETRICO/FONTE EXTERNA,2,copy_of_D_Frota_por_UF_Municipio_COMBUSTIVEL_Julho_2026.xlsx
SAO PAULO,ARIRANHA,ELETRICO/FONTE INTERNA,1,copy_of_D_Frota_por_UF_Municipio_COMBUSTIVEL_Julho_2026.xlsx
SAO PAULO,ARIRANHA,GASOLINA,2070,copy_of_D_Frota_por_UF_Municipio_COMBUSTIVEL_Julho_2026.xlsx
SAO PAULO,ARIRANHA,GASOLINA/ALCOOL/ELETRICO,2,copy_of_D_Frota_por_UF_Municipio_COMBUSTIVEL_Julho_2026.xlsx
SAO PAULO,ARIRANHA,GASOLINA/ALCOOL/GAS NATURAL,1,copy_of_D_Frota_por_UF_Municipio_COMBUSTIVEL_Julho_2026.xlsx
SAO PAULO,ARIRANHA,GASOLINA/ELETRICO,1,copy_of_D_Frota_por_UF_Municipio_COMBUSTIVEL_Julho_2026.xlsx
SAO PAULO,ARIRANHA,GASOLINA/GAS NATURAL VEICULAR,1,copy_of_D_Frota_por_UF_Municipio_COMBUSTIVEL_Julho_2026.xlsx
SAO PAULO,ARIRANHA,Sem Informação,673,copy_of_D_Frota_por_UF_Municipio_COMBUSTIVEL_Julho_2026.xlsx
SAO PAULO,ARTUR NOGUEIRA,ALCOOL,2817,copy_of_D_Frota_por_UF_Municipio_COMBUSTIVEL_Julho_2026.xlsx
SAO PAULO,ARTUR NOGUEIRA,ALCOOL/GAS NATURAL VEICULAR,4,copy_of_D_Frota_por_UF_Municipio_COMBUSTIVEL_Julho_2026.xlsx
SAO PAULO,ARTUR NOGUEIRA,ALCOOL/GASOLINA,20249,copy_of_D_Frota_por_UF_Municipio_COMBUSTIVEL_Julho_2026.xlsx
SAO PAULO,ARTUR NOGUEIRA,DIESEL,3327,copy_of_D_Frota_por_UF_Municipio_COMBUSTIVEL_Julho_2026.xlsx
SAO PAULO,ARTUR NOGUEIRA,ELETRICO,11,copy_of_D_Frota_por_UF_Municipio_COMBUSTIVEL_Julho_2026.xlsx
SAO PAULO,ARTUR NOGUEIRA,ELETRICO/FONTE EXTERNA,40,copy_of_D_Frota_por_UF_Municipio_COMBUSTIVEL_Julho_2026.xlsx
SAO PAULO,ARTUR NOGUEIRA,ELETRICO/FONTE INTERNA,10,copy_of_D_Frota_por_UF_Municipio_COMBUSTIVEL_Julho_2026.xlsx
SAO PAULO,ARTUR NOGUEIRA,GASOL/GAS NATURAL COMBUSTIVEL,5,copy_of_D_Frota_por_UF_Municipio_COMBUSTIVEL_Julho_2026.xlsx
SAO PAULO,ARTUR NOGUEIRA,GASOLINA,20418,copy_of_D_Frota_por_UF_Municipio_COMBUSTIVEL_Julho_2026.xlsx
SAO PAULO,ARTUR NOGUEIRA,GASOLINA/ALCOOL/ELETRICO,59,copy_of_D_Frota_por_UF_Municipio_COMBUSTIVEL_Julho_2026.xlsx
SAO PAULO,ARTUR NOGUEIRA,GASOLINA/ALCOOL/GAS NATURAL,33,copy_of_D_Frota_por_UF_Municipio_COMBUSTIVEL_Julho_2026.xlsx
SAO PAULO,ARTUR NOGUEIRA,GASOLINA/ELETRICO,52,copy_of_D_Frota_por_UF_Municipio_COMBUSTIVEL_Julho_2026.xlsx
SAO PAULO,ARTUR NOGUEIRA,GASOLINA/GAS NATURAL VEICULAR,137,copy_of_D_Frota_por_UF_Municipio_COMBUSTIVEL_Julho_2026.xlsx
SAO PAULO,ARTUR NOGUEIRA,HIBRIDO,8,copy_of_D_Frota_por_UF_Municipio_COMBUSTIVEL_Julho_2026.xlsx
SAO PAULO,ARTUR NOGUEIRA,HIBRIDO PLUG-IN,24,copy_of_D_Frota_por_UF_Municipio_COMBUSTIVEL_Julho_2026.xlsx
SAO PAULO,ARTUR NOGUEIRA,Sem Informação,1406,copy_of_D_Frota_por_UF_Municipio_COMBUSTIVEL_Julho_2026.xlsx
SAO PAULO,ARUJA,ALCOOL,2900,copy_of_D_Frota_por_UF_Municipio_COMBUSTIVEL_Julho_2026.xlsx
SAO PAULO,ARUJA,ALCOOL/GAS NATURAL COMBUSTIVEL,1,copy_of_D_Frota_por_UF_Municipio_COMBUSTIVEL_Julho_2026.xlsx
SAO PAULO,ARUJA,ALCOOL/GAS NATURAL VEICULAR,27,copy_of_D_Frota_por_UF_Municipio_COMBUSTIVEL_Julho_2026.xlsx
SAO PAULO,ARUJA,ALCOOL/GASOLINA,30478,copy_of_D_Frota_por_UF_Municipio_COMBUSTIVEL_Julho_2026.xlsx
SAO PAULO,ARUJA,DIESEL,7022,copy_of_D_Frota_por_UF_Municipio_COMBUSTIVEL_Julho_2026.xlsx
SAO PAULO,ARUJA,DIESEL/ELETRICO,14,copy_of_D_Frota_por_UF_Municipio_COMBUSTIVEL_Julho_2026.xlsx
SAO PAULO,ARUJA,ELETRICO,27,copy_of_D_Frota_por_UF_Municipio_COMBUSTIVEL_Julho_2026.xlsx
SAO PAULO,ARUJA,ELETRICO/FONTE EXTERNA,210,copy_of_D_Frota_por_UF_Municipio_COMBUSTIVEL_Julho_2026.xlsx
SAO PAULO,ARUJA,ELETRICO/FONTE INTERNA,18,copy_of_D_Frota_por_UF_Municipio_COMBUSTIVEL_Julho_2026.xlsx
SAO PAULO,ARUJA,GAS METANO,9,copy_of_D_Frota_por_UF_Municipio_COMBUSTIVEL_Julho_2026.xlsx
SAO PAULO,ARUJA,GASOL/GAS NATURAL COMBUSTIVEL,16,copy_of_D_Frota_por_UF_Municipio_COMBUSTIVEL_Julho_2026.xlsx
SAO PAULO,ARUJA,GASOLINA,27193,copy_of_D_Frota_por_UF_Municipio_COMBUSTIVEL_Julho_2026.xlsx
SAO PAULO,ARUJA,GASOLINA/ALCOOL/ELETRICO,183,copy_of_D_Frota_por_UF_Municipio_COMBUSTIVEL_Julho_2026.xlsx
SAO PAULO,ARUJA,GASOLINA/ALCOOL/GAS NATURAL,136,copy_of_D_Frota_por_UF_Municipio_COMBUSTIVEL_Julho_2026.xlsx
SAO PAULO,ARUJA,GASOLINA/ELETRICO,302,copy_of_D_Frota_por_UF_Municipio_COMBUSTIVEL_Julho_2026.xlsx
SAO PAULO,ARUJA,GASOLINA/GAS NATURAL VEICULAR,517,copy_of_D_Frota_por_UF_Municipio_COMBUSTIVEL_Julho_2026.xlsx
SAO PAULO,ARUJA,HIBRIDO,43,copy_of_D_Frota_por_UF_Municipio_COMBUSTIVEL_Julho_2026.xlsx
SAO PAULO,ARUJA,HIBRIDO PLUG-IN,86,copy_of_D_Frota_por_UF_Municipio_COMBUSTIVEL_Julho_2026.xlsx
SAO PAULO,ARUJA,Sem Informação,2009,copy_of_D_Frota_por_UF_Municipio_COMBUSTIVEL_Julho_2026.xlsx
SAO PAULO,ASPASIA,ALCOOL,154,copy_of_D_Frota_por_UF_Municipio_COMBUSTIVEL_Julho_2026.xlsx
SAO PAULO,ASPASIA,ALCOOL/GASOLINA,535,copy_of_D_Frota_por_UF_Municipio_COMBUSTIVEL_Julho_2026.xlsx
SAO PAULO,ASPASIA,DIESEL,103,copy_of_D_Frota_por_UF_Municipio_COMBUSTIVEL_Julho_2026.xlsx
SAO PAULO,ASPASIA,GASOLINA,521,copy_of_D_Frota_por_UF_Municipio_COMBUSTIVEL_Julho_2026.xlsx
SAO PAULO,ASPASIA,GASOLINA/GAS NATURAL VEICULAR,1,copy_of_D_Frota_por_UF_Municipio_COMBUSTIVEL_Julho_2026.xlsx
SAO PAULO,ASPASIA,Sem Informação,120,copy_of_D_Frota_por_UF_Municipio_COMBUSTIVEL_Julho_2026.xlsx
SAO PAULO,ASSIS,ALCOOL,4817,copy_of_D_Frota_por_UF_Municipio_COMBUSTIVEL_Julho_2026.xlsx
SAO PAULO,ASSIS,ALCOOL/GAS NATURAL COMBUSTIVEL,1,copy_of_D_Frota_por_UF_Municipio_COMBUSTIVEL_Julho_2026.xlsx
SAO PAULO,ASSIS,ALCOOL/GASOLINA,37674,copy_of_D_Frota_por_UF_Municipio_COMBUSTIVEL_Julho_2026.xlsx
SAO PAULO,ASSIS,DIESEL,7370,copy_of_D_Frota_por_UF_Municipio_COMBUSTIVEL_Julho_2026.xlsx
SAO PAULO,ASSIS,DIESEL/ELETRICO,3,copy_of_D_Frota_por_UF_Municipio_COMBUSTIVEL_Julho_2026.xlsx
SAO PAULO,ASSIS,ELETRICO,6,copy_of_D_Frota_por_UF_Municipio_COMBUSTIVEL_Julho_2026.xlsx
SAO PAULO,ASSIS,ELETRICO/FONTE EXTERNA,128,copy_of_D_Frota_por_UF_Municipio_COMBUSTIVEL_Julho_2026.xlsx
SAO PAULO,ASSIS,ELETRICO/FONTE INTERNA,10,copy_of_D_Frota_por_UF_Municipio_COMBUSTIVEL_Julho_2026.xlsx
SAO PAULO,ASSIS,GAS METANO,1,copy_of_D_Frota_por_UF_Municipio_COMBUSTIVEL_Julho_2026.xlsx
SAO PAULO,ASSIS,GASOLINA,39786,copy_of_D_Frota_por_UF_Municipio_COMBUSTIVEL_Julho_2026.xlsx
SAO PAULO,ASSIS,GASOLINA/ALCOOL/ELETRICO,115,copy_of_D_Frota_por_UF_Municipio_COMBUSTIVEL_Julho_2026.xlsx
SAO PAULO,ASSIS,GASOLINA/ALCOOL/GAS NATURAL,14,copy_of_D_Frota_por_UF_Municipio_COMBUSTIVEL_Julho_2026.xlsx
SAO PAULO,ASSIS,GASOLINA/ELETRICO,164,copy_of_D_Frota_por_UF_Municipio_COMBUSTIVEL_Julho_2026.xlsx
SAO PAULO,ASSIS,GASOLINA/GAS NATURAL VEICULAR,40,copy_of_D_Frota_por_UF_Municipio_COMBUSTIVEL_Julho_2026.xlsx
SAO PAULO,ASSIS,HIBRIDO,9,copy_of_D_Frota_por_UF_Municipio_COMBUSTIVEL_Julho_2026.xlsx
SAO PAULO,ASSIS,HIBRIDO PLUG-IN,35,copy_of_D_Frota_por_UF_Municipio_COMBUSTIVEL_Julho_2026.xlsx
SAO PAULO,ASSIS,Sem Informação,5036,copy_of_D_Frota_por_UF_Municipio_COMBUSTIVEL_Julho_2026.xlsx
SAO PAULO,ATIBAIA,ALCOOL,5539,copy_of_D_Frota_por_UF_Municipio_COMBUSTIVEL_Julho_2026.xlsx
SAO PAULO,ATIBAIA,ALCOOL/GAS NATURAL COMBUSTIVEL,2,copy_of_D_Frota_por_UF_Municipio_COMBUSTIVEL_Julho_2026.xlsx
SAO PAULO,ATIBAIA,ALCOOL/GAS NATURAL VEICULAR,18,copy_of_D_Frota_por_UF_Municipio_COMBUSTIVEL_Julho_2026.xlsx
SAO PAULO,ATIBAIA,ALCOOL/GASOLINA,67607,copy_of_D_Frota_por_UF_Municipio_COMBUSTIVEL_Julho_2026.xlsx
SAO PAULO,ATIBAIA,DIESEL,9826,copy_of_D_Frota_por_UF_Municipio_COMBUSTIVEL_Julho_2026.xlsx
SAO PAULO,ATIBAIA,DIESEL/ELETRICO,17,copy_of_D_Frota_por_UF_Municipio_COMBUSTIVEL_Julho_2026.xlsx
SAO PAULO,ATIBAIA,ELETRICO,54,copy_of_D_Frota_por_UF_Municipio_COMBUSTIVEL_Julho_2026.xlsx
SAO PAULO,ATIBAIA,ELETRICO/FONTE EXTERNA,438,copy_of_D_Frota_por_UF_Municipio_COMBUSTIVEL_Julho_2026.xlsx
SAO PAULO,ATIBAIA,ELETRICO/FONTE INTERNA,60,copy_of_D_Frota_por_UF_Municipio_COMBUSTIVEL_Julho_2026.xlsx
SAO PAULO,ATIBAIA,GAS METANO,6,copy_of_D_Frota_por_UF_Municipio_COMBUSTIVEL_Julho_2026.xlsx
SAO PAULO,ATIBAIA,GAS NATURAL VEICULAR,1,copy_of_D_Frota_por_UF_Municipio_COMBUSTIVEL_Julho_2026.xlsx
SAO PAULO,ATIBAIA,GASOL/GAS NATURAL COMBUSTIVEL,9,copy_of_D_Frota_por_UF_Municipio_COMBUSTIVEL_Julho_2026.xlsx
SAO PAULO,ATIBAIA,GASOLINA,59490,copy_of_D_Frota_por_UF_Municipio_COMBUSTIVEL_Julho_2026.xlsx
SAO PAULO,ATIBAIA,GASOLINA/ALCOOL/ELETRICO,345,copy_of_D_Frota_por_UF_Municipio_COMBUSTIVEL_Julho_2026.xlsx
SAO PAULO,ATIBAIA,GASOLINA/ALCOOL/GAS NATURAL,92,copy_of_D_Frota_por_UF_Municipio_COMBUSTIVEL_Julho_2026.xlsx
SAO PAULO,ATIBAIA,GASOLINA/ELETRICO,558,copy_of_D_Frota_por_UF_Municipio_COMBUSTIVEL_Julho_2026.xlsx
SAO PAULO,ATIBAIA,GASOLINA/GAS NATURAL VEICULAR,341,copy_of_D_Frota_por_UF_Municipio_COMBUSTIVEL_Julho_2026.xlsx
SAO PAULO,ATIBAIA,HIBRIDO,44,copy_of_D_Frota_por_UF_Municipio_COMBUSTIVEL_Julho_2026.xlsx
SAO PAULO,ATIBAIA,HIBRIDO PLUG-IN,109,copy_of_D_Frota_por_UF_Municipio_COMBUSTIVEL_Julho_2026.xlsx
SAO PAULO,ATIBAIA,Sem Informação,4984,copy_of_D_Frota_por_UF_Municipio_COMBUSTIVEL_Julho_2026.xlsx
SAO PAULO,AURIFLAMA,ALCOOL,1116,copy_of_D_Frota_por_UF_Municipio_COMBUSTIVEL_Julho_2026.xlsx
SAO PAULO,AURIFLAMA,ALCOOL/GASOLINA,4697,copy_of_D_Frota_por_UF_Municipio_COMBUSTIVEL_Julho_2026.xlsx
SAO PAULO,AURIFLAMA,DIESEL,1260,copy_of_D_Frota_por_UF_Municipio_COMBUSTIVEL_Julho_2026.xlsx
SAO PAULO,AURIFLAMA,ELETRICO/FONTE EXTERNA,5,copy_of_D_Frota_por_UF_Municipio_COMBUSTIVEL_Julho_2026.xlsx
SAO PAULO,AURIFLAMA,ELETRICO/FONTE INTERNA,1,copy_of_D_Frota_por_UF_Municipio_COMBUSTIVEL_Julho_2026.xlsx
SAO PAULO,AURIFLAMA,GASOLINA,5606,copy_of_D_Frota_por_UF_Municipio_COMBUSTIVEL_Julho_2026.xlsx
SAO PAULO,AURIFLAMA,GASOLINA/ALCOOL/ELETRICO,7,copy_of_D_Frota_por_UF_Municipio_COMBUSTIVEL_Julho_2026.xlsx
SAO PAULO,AURIFLAMA,GASOLINA/ELETRICO,8,copy_of_D_Frota_por_UF_Municipio_COMBUSTIVEL_Julho_2026.xlsx
SAO PAULO,AURIFLAMA,GASOLINA/GAS NATURAL VEICULAR,4,copy_of_D_Frota_por_UF_Municipio_COMBUSTIVEL_Julho_2026.xlsx
SAO PAULO,AURIFLAMA,HIBRIDO,4,copy_of_D_Frota_por_UF_Municipio_COMBUSTIVEL_Julho_2026.xlsx
SAO PAULO,AURIFLAMA,HIBRIDO PLUG-IN,2,copy_of_D_Frota_por_UF_Municipio_COMBUSTIVEL_Julho_2026.xlsx
SAO PAULO,AURIFLAMA,Sem Informação,734,copy_of_D_Frota_por_UF_Municipio_COMBUSTIVEL_Julho_2026.xlsx
SAO PAULO,AVAI,ALCOOL,233,copy_of_D_Frota_por_UF_Municipio_COMBUSTIVEL_Julho_2026.xlsx
SAO PAULO,AVAI,ALCOOL/GASOLINA,997,copy_of_D_Frota_por_UF_Municipio_COMBUSTIVEL_Julho_2026.xlsx
SAO PAULO,AVAI,DIESEL,334,copy_of_D_Frota_por_UF_Municipio_COMBUSTIVEL_Julho_2026.xlsx
SAO PAULO,AVAI,GASOL/GAS NATURAL COMBUSTIVEL,2,copy_of_D_Frota_por_UF_Municipio_COMBUSTIVEL_Julho_2026.xlsx
SAO PAULO,AVAI,GASOLINA,961,copy_of_D_Frota_por_UF_Municipio_COMBUSTIVEL_Julho_2026.xlsx
SAO PAULO,AVAI,Sem Informação,204,copy_of_D_Frota_por_UF_Municipio_COMBUSTIVEL_Julho_2026.xlsx
SAO PAULO,AVANHANDAVA,ALCOOL,633,copy_of_D_Frota_por_UF_Municipio_COMBUSTIVEL_Julho_2026.xlsx
SAO PAULO,AVANHANDAVA,ALCOOL/GASOLINA,2883,copy_of_D_Frota_por_UF_Municipio_COMBUSTIVEL_Julho_2026.xlsx
SAO PAULO,AVANHANDAVA,DIESEL,652,copy_of_D_Frota_por_UF_Municipio_COMBUSTIVEL_Julho_2026.xlsx
SAO PAULO,AVANHANDAVA,ELETRICO/FONTE EXTERNA,3,copy_of_D_Frota_por_UF_Municipio_COMBUSTIVEL_Julho_2026.xlsx
SAO PAULO,AVANHANDAVA,GASOLINA,2734,copy_of_D_Frota_por_UF_Municipio_COMBUSTIVEL_Julho_2026.xlsx
SAO PAULO,AVANHANDAVA,GASOLINA/ALCOOL/ELETRICO,6,copy_of_D_Frota_por_UF_Municipio_COMBUSTIVEL_Julho_2026.xlsx
SAO PAULO,AVANHANDAVA,GASOLINA/ELETRICO,1,copy_of_D_Frota_por_UF_Municipio_COMBUSTIVEL_Julho_2026.xlsx
SAO PAULO,AVANHANDAVA,GASOLINA/GAS NATURAL VEICULAR,2,copy_of_D_Frota_por_UF_Municipio_COMBUSTIVEL_Julho_2026.xlsx
SAO PAULO,AVANHANDAVA,HIBRIDO,2,copy_of_D_Frota_por_UF_Municipio_COMBUSTIVEL_Julho_2026.xlsx
SAO PAULO,AVANHANDAVA,Sem Informação,548,copy_of_D_Frota_por_UF_Municipio_COMBUSTIVEL_Julho_2026.xlsx
SAO PAULO,AVARE,ALCOOL,3614,copy_of_D_Frota_por_UF_Municipio_COMBUSTIVEL_Julho_2026.xlsx
SAO PAULO,AVARE,ALCOOL/GAS NATURAL VEICULAR,1,copy_of_D_Frota_por_UF_Municipio_COMBUSTIVEL_Julho_2026.xlsx
SAO PAULO,AVARE,ALCOOL/GASOLINA,34149,copy_of_D_Frota_por_UF_Municipio_COMBUSTIVEL_Julho_2026.xlsx
SAO PAULO,AVARE,DIESEL,5168,copy_of_D_Frota_por_UF_Municipio_COMBUSTIVEL_Julho_2026.xlsx
SAO PAULO,AVARE,DIESEL/ELETRICO,5,copy_of_D_Frota_por_UF_Municipio_COMBUSTIVEL_Julho_2026.xlsx
SAO PAULO,AVARE,ELETRICO,5,copy_of_D_Frota_por_UF_Municipio_COMBUSTIVEL_Julho_2026.xlsx
SAO PAULO,AVARE,ELETRICO/FONTE EXTERNA,53,copy_of_D_Frota_por_UF_Municipio_COMBUSTIVEL_Julho_2026.xlsx
SAO PAULO,AVARE,ELETRICO/FONTE INTERNA,2,copy_of_D_Frota_por_UF_Municipio_COMBUSTIVEL_Julho_2026.xlsx
SAO PAULO,AVARE,GASOGENIO,1,copy_of_D_Frota_por_UF_Municipio_COMBUSTIVEL_Julho_2026.xlsx
SAO PAULO,AVARE,GASOL/GAS NATURAL COMBUSTIVEL,2,copy_of_D_Frota_por_UF_Municipio_COMBUSTIVEL_Julho_2026.xlsx
SAO PAULO,AVARE,GASOLINA,31733,copy_of_D_Frota_por_UF_Municipio_COMBUSTIVEL_Julho_2026.xlsx
SAO PAULO,AVARE,GASOLINA/ALCOOL/ELETRICO,129,copy_of_D_Frota_por_UF_Municipio_COMBUSTIVEL_Julho_2026.xlsx
SAO PAULO,AVARE,GASOLINA/ALCOOL/GAS NATURAL,14,copy_of_D_Frota_por_UF_Municipio_COMBUSTIVEL_Julho_2026.xlsx
SAO PAULO,AVARE,GASOLINA/ELETRICO,90,copy_of_D_Frota_por_UF_Municipio_COMBUSTIVEL_Julho_2026.xlsx
SAO PAULO,AVARE,GASOLINA/GAS NATURAL VEICULAR,31,copy_of_D_Frota_por_UF_Municipio_COMBUSTIVEL_Julho_2026.xlsx
SAO PAULO,AVARE,HIBRIDO,10,copy_of_D_Frota_por_UF_Municipio_COMBUSTIVEL_Julho_2026.xlsx
SAO PAULO,AVARE,HIBRIDO PLUG-IN,19,copy_of_D_Frota_por_UF_Municipio_COMBUSTIVEL_Julho_2026.xlsx
SAO PAULO,AVARE,Sem Informação,3096,copy_of_D_Frota_por_UF_Municipio_COMBUSTIVEL_Julho_2026.xlsx
SAO PAULO,BADY BASSITT,ALCOOL,1107,copy_of_D_Frota_por_UF_Municipio_COMBUSTIVEL_Julho_2026.xlsx
SAO PAULO,BADY BASSITT,ALCOOL/GASOLINA,10107,copy_of_D_Frota_por_UF_Municipio_COMBUSTIVEL_Julho_2026.xlsx
SAO PAULO,BADY BASSITT,DIESEL,1642,copy_of_D_Frota_por_UF_Municipio_COMBUSTIVEL_Julho_2026.xlsx
SAO PAULO,BADY BASSITT,DIESEL/ELETRICO,1,copy_of_D_Frota_por_UF_Municipio_COMBUSTIVEL_Julho_2026.xlsx
SAO PAULO,BADY BASSITT,ELETRICO,5,copy_of_D_Frota_por_UF_Municipio_COMBUSTIVEL_Julho_2026.xlsx
SAO PAULO,BADY BASSITT,ELETRICO/FONTE EXTERNA,43,copy_of_D_Frota_por_UF_Municipio_COMBUSTIVEL_Julho_2026.xlsx
SAO PAULO,BADY BASSITT,ELETRICO/FONTE INTERNA,8,copy_of_D_Frota_por_UF_Municipio_COMBUSTIVEL_Julho_2026.xlsx
SAO PAULO,BADY BASSITT,GASOLINA,7059,copy_of_D_Frota_por_UF_Municipio_COMBUSTIVEL_Julho_2026.xlsx
SAO PAULO,BADY BASSITT,GASOLINA/ALCOOL/ELETRICO,33,copy_of_D_Frota_por_UF_Municipio_COMBUSTIVEL_Julho_2026.xlsx
SAO PAULO,BADY BASSITT,GASOLINA/ALCOOL/GAS NATURAL,3,copy_of_D_Frota_por_UF_Municipio_COMBUSTIVEL_Julho_2026.xlsx
SAO PAULO,BADY BASSITT,GASOLINA/ELETRICO,48,copy_of_D_Frota_por_UF_Municipio_COMBUSTIVEL_Julho_2026.xlsx
SAO PAULO,BADY BASSITT,GASOLINA/GAS NATURAL VEICULAR,5,copy_of_D_Frota_por_UF_Municipio_COMBUSTIVEL_Julho_2026.xlsx
SAO PAULO,BADY BASSITT,HIBRIDO,13,copy_of_D_Frota_por_UF_Municipio_COMBUSTIVEL_Julho_2026.xlsx
SAO PAULO,BADY BASSITT,HIBRIDO PLUG-IN,21,copy_of_D_Frota_por_UF_Municipio_COMBUSTIVEL_Julho_2026.xlsx
SAO PAULO,BADY BASSITT,Sem Informação,1279,copy_of_D_Frota_por_UF_Municipio_COMBUSTIVEL_Julho_2026.xlsx
SAO PAULO,BALBINOS,ALCOOL,65,copy_of_D_Frota_por_UF_Municipio_COMBUSTIVEL_Julho_2026.xlsx
SAO PAULO,BALBINOS,ALCOOL/GASOLINA,422,copy_of_D_Frota_por_UF_Municipio_COMBUSTIVEL_Julho_2026.xlsx
SAO PAULO,BALBINOS,DIESEL,73,copy_of_D_Frota_por_UF_Municipio_COMBUSTIVEL_Julho_2026.xlsx
SAO PAULO,BALBINOS,GASOLINA,318,copy_of_D_Frota_por_UF_Municipio_COMBUSTIVEL_Julho_2026.xlsx
SAO PAULO,BALBINOS,GASOLINA/ALCOOL/ELETRICO,1,copy_of_D_Frota_por_UF_Municipio_COMBUSTIVEL_Julho_2026.xlsx
SAO PAULO,BALBINOS,GASOLINA/GAS NATURAL VEICULAR,1,copy_of_D_Frota_por_UF_Municipio_COMBUSTIVEL_Julho_2026.xlsx
SAO PAULO,BALBINOS,HIBRIDO PLUG-IN,1,copy_of_D_Frota_por_UF_Municipio_COMBUSTIVEL_Julho_2026.xlsx
SAO PAULO,BALBINOS,Sem Informação,31,copy_of_D_Frota_por_UF_Municipio_COMBUSTIVEL_Julho_2026.xlsx
SAO PAULO,BALSAMO,ALCOOL,553,copy_of_D_Frota_por_UF_Municipio_COMBUSTIVEL_Julho_2026.xlsx
SAO PAULO,BALSAMO,ALCOOL/GAS NATURAL VEICULAR,1,copy_of_D_Frota_por_UF_Municipio_COMBUSTIVEL_Julho_2026.xlsx
SAO PAULO,BALSAMO,ALCOOL/GASOLINA,3370,copy_of_D_Frota_por_UF_Municipio_COMBUSTIVEL_Julho_2026.xlsx
SAO PAULO,BALSAMO,DIESEL,759,copy_of_D_Frota_por_UF_Municipio_COMBUSTIVEL_Julho_2026.xlsx
SAO PAULO,BALSAMO,DIESEL/ELETRICO,3,copy_of_D_Frota_por_UF_Municipio_COMBUSTIVEL_Julho_2026.xlsx
SAO PAULO,BALSAMO,ELETRICO/FONTE EXTERNA,6,copy_of_D_Frota_por_UF_Municipio_COMBUSTIVEL_Julho_2026.xlsx
SAO PAULO,BALSAMO,GAS METANO,1,copy_of_D_Frota_por_UF_Municipio_COMBUSTIVEL_Julho_2026.xlsx
SAO PAULO,BALSAMO,GASOLINA,2961,copy_of_D_Frota_por_UF_Municipio_COMBUSTIVEL_Julho_2026.xlsx
SAO PAULO,BALSAMO,GASOLINA/ALCOOL/ELETRICO,4,copy_of_D_Frota_por_UF_Municipio_COMBUSTIVEL_Julho_2026.xlsx
SAO PAULO,BALSAMO,GASOLINA/ALCOOL/GAS NATURAL,3,copy_of_D_Frota_por_UF_Municipio_COMBUSTIVEL_Julho_2026.xlsx
SAO PAULO,BALSAMO,GASOLINA/ELETRICO,18,copy_of_D_Frota_por_UF_Municipio_COMBUSTIVEL_Julho_2026.xlsx
SAO PAULO,BALSAMO,HIBRIDO,3,copy_of_D_Frota_por_UF_Municipio_COMBUSTIVEL_Julho_2026.xlsx
SAO PAULO,BALSAMO,HIBRIDO PLUG-IN,4,copy_of_D_Frota_por_UF_Municipio_COMBUSTIVEL_Julho_2026.xlsx
SAO PAULO,BALSAMO,Sem Informação,531,copy_of_D_Frota_por_UF_Municipio_COMBUSTIVEL_Julho_2026.xlsx
SAO PAULO,BANANAL,ALCOOL,220,copy_of_D_Frota_por_UF_Municipio_COMBUSTIVEL_Julho_2026.xlsx
SAO PAULO,BANANAL,ALCOOL/GAS NATURAL VEICULAR,17,copy_of_D_Frota_por_UF_Municipio_COMBUSTIVEL_Julho_2026.xlsx
SAO PAULO,BANANAL,ALCOOL/GASOLINA,1826,copy_of_D_Frota_por_UF_Municipio_COMBUSTIVEL_Julho_2026.xlsx
SAO PAULO,BANANAL,DIESEL,512,copy_of_D_Frota_por_UF_Municipio_COMBUSTIVEL_Julho_2026.xlsx
SAO PAULO,BANANAL,DIESEL/ELETRICO,1,copy_of_D_Frota_por_UF_Municipio_COMBUSTIVEL_Julho_2026.xlsx
SAO PAULO,BANANAL,ELETRICO/FONTE EXTERNA,1,copy_of_D_Frota_por_UF_Municipio_COMBUSTIVEL_Julho_2026.xlsx
SAO PAULO,BANANAL,ELETRICO/FONTE INTERNA,1,copy_of_D_Frota_por_UF_Municipio_COMBUSTIVEL_Julho_2026.xlsx
SAO PAULO,BANANAL,GASOL/GAS NATURAL COMBUSTIVEL,5,copy_of_D_Frota_por_UF_Municipio_COMBUSTIVEL_Julho_2026.xlsx
SAO PAULO,BANANAL,GASOLINA,2413,copy_of_D_Frota_por_UF_Municipio_COMBUSTIVEL_Julho_2026.xlsx
SAO PAULO,BANANAL,GASOLINA/ALCOOL/ELETRICO,1,copy_of_D_Frota_por_UF_Municipio_COMBUSTIVEL_Julho_2026.xlsx
SAO PAULO,BANANAL,GASOLINA/ALCOOL/GAS NATURAL,75,copy_of_D_Frota_por_UF_Municipio_COMBUSTIVEL_Julho_2026.xlsx
SAO PAULO,BANANAL,GASOLINA/ELETRICO,1,copy_of_D_Frota_por_UF_Municipio_COMBUSTIVEL_Julho_2026.xlsx
SAO PAULO,BANANAL,GASOLINA/GAS NATURAL VEICULAR,192,copy_of_D_Frota_por_UF_Municipio_COMBUSTIVEL_Julho_2026.xlsx
SAO PAULO,BANANAL,HIBRIDO PLUG-IN,2,copy_of_D_Frota_por_UF_Municipio_COMBUSTIVEL_Julho_2026.xlsx
SAO PAULO,BANANAL,Sem Informação,121,copy_of_D_Frota_por_UF_Municipio_COMBUSTIVEL_Julho_2026.xlsx
SAO PAULO,BARAO DE ANTONINA,ALCOOL,123,copy_of_D_Frota_por_UF_Municipio_COMBUSTIVEL_Julho_2026.xlsx
SAO PAULO,BARAO DE ANTONINA,ALCOOL/GASOLINA,781,copy_of_D_Frota_por_UF_Municipio_COMBUSTIVEL_Julho_2026.xlsx
SAO PAULO,BARAO DE ANTONINA,DIESEL,137,copy_of_D_Frota_por_UF_Municipio_COMBUSTIVEL_Julho_2026.xlsx
SAO PAULO,BARAO DE ANTONINA,GASOLINA,684,copy_of_D_Frota_por_UF_Municipio_COMBUSTIVEL_Julho_2026.xlsx
SAO PAULO,BARAO DE ANTONINA,GASOLINA/ALCOOL/ELETRICO,1,copy_of_D_Frota_por_UF_Municipio_COMBUSTIVEL_Julho_2026.xlsx
SAO PAULO,BARAO DE ANTONINA,GASOLINA/ALCOOL/GAS NATURAL,1,copy_of_D_Frota_por_UF_Municipio_COMBUSTIVEL_Julho_2026.xlsx
SAO PAULO,BARAO DE ANTONINA,GASOLINA/GAS NATURAL VEICULAR,1,copy_of_D_Frota_por_UF_Municipio_COMBUSTIVEL_Julho_2026.xlsx
SAO PAULO,BARAO DE ANTONINA,Sem Informação,76,copy_of_D_Frota_por_UF_Municipio_COMBUSTIVEL_Julho_2026.xlsx
SAO PAULO,BARBOSA,ALCOOL,348,copy_of_D_Frota_por_UF_Municipio_COMBUSTIVEL_Julho_2026.xlsx
SAO PAULO,BARBOSA,ALCOOL/GASOLINA,1419,copy_of_D_Frota_por_UF_Municipio_COMBUSTIVEL_Julho_2026.xlsx
SAO PAULO,BARBOSA,DIESEL,328,copy_of_D_Frota_por_UF_Municipio_COMBUSTIVEL_Julho_2026.xlsx
SAO PAULO,BARBOSA,DIESEL/ELETRICO,1,copy_of_D_Frota_por_UF_Municipio_COMBUSTIVEL_Julho_2026.xlsx
SAO PAULO,BARBOSA,GAS METANO,1,copy_of_D_Frota_por_UF_Municipio_COMBUSTIVEL_Julho_2026.xlsx
SAO PAULO,BARBOSA,GASOLINA,1637,copy_of_D_Frota_por_UF_Municipio_COMBUSTIVEL_Julho_2026.xlsx
SAO PAULO,BARBOSA,GASOLINA/ALCOOL/ELETRICO,2,copy_of_D_Frota_por_UF_Municipio_COMBUSTIVEL_Julho_2026.xlsx
SAO PAULO,BARBOSA,GASOLINA/GAS NATURAL VEICULAR,1,copy_of_D_Frota_por_UF_Municipio_COMBUSTIVEL_Julho_2026.xlsx
SAO PAULO,BARBOSA,Sem Informação,224,copy_of_D_Frota_por_UF_Municipio_COMBUSTIVEL_Julho_2026.xlsx
SAO PAULO,BARIRI,ALCOOL,2070,copy_of_D_Frota_por_UF_Municipio_COMBUSTIVEL_Julho_2026.xlsx
SAO PAULO,BARIRI,ALCOOL/GASOLINA,11762,copy_of_D_Frota_por_UF_Municipio_COMBUSTIVEL_Julho_2026.xlsx
SAO PAULO,BARIRI,DIESEL,2465,copy_of_D_Frota_por_UF_Municipio_COMBUSTIVEL_Julho_2026.xlsx
SAO PAULO,BARIRI,DIESEL/ELETRICO,1,copy_of_D_Frota_por_UF_Municipio_COMBUSTIVEL_Julho_2026.xlsx
SAO PAULO,BARIRI,ELETRICO,1,copy_of_D_Frota_por_UF_Municipio_COMBUSTIVEL_Julho_2026.xlsx
SAO PAULO,BARIRI,ELETRICO/FONTE EXTERNA,17,copy_of_D_Frota_por_UF_Municipio_COMBUSTIVEL_Julho_2026.xlsx
SAO PAULO,BARIRI,GASOL/GAS NATURAL COMBUSTIVEL,2,copy_of_D_Frota_por_UF_Municipio_COMBUSTIVEL_Julho_2026.xlsx
SAO PAULO,BARIRI,GASOLINA,11738,copy_of_D_Frota_por_UF_Municipio_COMBUSTIVEL_Julho_2026.xlsx
SAO PAULO,BARIRI,GASOLINA/ALCOOL/ELETRICO,35,copy_of_D_Frota_por_UF_Municipio_COMBUSTIVEL_Julho_2026.xlsx
SAO PAULO,BARIRI,GASOLINA/ALCOOL/GAS NATURAL,3,copy_of_D_Frota_por_UF_Municipio_COMBUSTIVEL_Julho_2026.xlsx
SAO PAULO,BARIRI,GASOLINA/ELETRICO,25,copy_of_D_Frota_por_UF_Municipio_COMBUSTIVEL_Julho_2026.xlsx
SAO PAULO,BARIRI,GASOLINA/GAS NATURAL VEICULAR,8,copy_of_D_Frota_por_UF_Municipio_COMBUSTIVEL_Julho_2026.xlsx
SAO PAULO,BARIRI,HIBRIDO,8,copy_of_D_Frota_por_UF_Municipio_COMBUSTIVEL_Julho_2026.xlsx
SAO PAULO,BARIRI,HIBRIDO PLUG-IN,10,copy_of_D_Frota_por_UF_Municipio_COMBUSTIVEL_Julho_2026.xlsx
SAO PAULO,BARIRI,Sem Informação,1397,copy_of_D_Frota_por_UF_Municipio_COMBUSTIVEL_Julho_2026.xlsx
SAO PAULO,BARRA BONITA,ALCOOL,2546,copy_of_D_Frota_por_UF_Municipio_COMBUSTIVEL_Julho_2026.xlsx
SAO PAULO,BARRA BONITA,ALCOOL/GASOLINA,12450,copy_of_D_Frota_por_UF_Municipio_COMBUSTIVEL_Julho_2026.xlsx
SAO PAULO,BARRA BONITA,DIESEL,2458,copy_of_D_Frota_por_UF_Municipio_COMBUSTIVEL_Julho_2026.xlsx
SAO PAULO,BARRA BONITA,DIESEL/ELETRICO,2,copy_of_D_Frota_por_UF_Municipio_COMBUSTIVEL_Julho_2026.xlsx
SAO PAULO,BARRA BONITA,ELETRICO,4,copy_of_D_Frota_por_UF_Municipio_COMBUSTIVEL_Julho_2026.xlsx
SAO PAULO,BARRA BONITA,ELETRICO/FONTE EXTERNA,24,copy_of_D_Frota_por_UF_Municipio_COMBUSTIVEL_Julho_2026.xlsx
SAO PAULO,BARRA BONITA,ELETRICO/FONTE INTERNA,6,copy_of_D_Frota_por_UF_Municipio_COMBUSTIVEL_Julho_2026.xlsx
SAO PAULO,BARRA BONITA,GASOLINA,13607,copy_of_D_Frota_por_UF_Municipio_COMBUSTIVEL_Julho_2026.xlsx
SAO PAULO,BARRA BONITA,GASOLINA/ALCOOL/ELETRICO,17,copy_of_D_Frota_por_UF_Municipio_COMBUSTIVEL_Julho_2026.xlsx
SAO PAULO,BARRA BONITA,GASOLINA/ALCOOL/GAS NATURAL,7,copy_of_D_Frota_por_UF_Municipio_COMBUSTIVEL_Julho_2026.xlsx
SAO PAULO,BARRA BONITA,GASOLINA/ELETRICO,38,copy_of_D_Frota_por_UF_Municipio_COMBUSTIVEL_Julho_2026.xlsx
SAO PAULO,BARRA BONITA,GASOLINA/GAS NATURAL VEICULAR,7,copy_of_D_Frota_por_UF_Municipio_COMBUSTIVEL_Julho_2026.xlsx
SAO PAULO,BARRA BONITA,HIBRIDO,7,copy_of_D_Frota_por_UF_Municipio_COMBUSTIVEL_Julho_2026.xlsx
SAO PAULO,BARRA BONITA,HIBRIDO PLUG-IN,15,copy_of_D_Frota_por_UF_Municipio_COMBUSTIVEL_Julho_2026.xlsx
SAO PAULO,BARRA BONITA,Sem Informação,1408,copy_of_D_Frota_por_UF_Municipio_COMBUSTIVEL_Julho_2026.xlsx
SAO PAULO,BARRA DO CHAPEU,ALCOOL,124,copy_of_D_Frota_por_UF_Municipio_COMBUSTIVEL_Julho_2026.xlsx
SAO PAULO,BARRA DO CHAPEU,ALCOOL/GASOLINA,1396,copy_of_D_Frota_por_UF_Municipio_COMBUSTIVEL_Julho_2026.xlsx
SAO PAULO,BARRA DO CHAPEU,DIESEL,262,copy_of_D_Frota_por_UF_Municipio_COMBUSTIVEL_Julho_2026.xlsx
SAO PAULO,BARRA DO CHAPEU,DIESEL/ELETRICO,1,copy_of_D_Frota_por_UF_Municipio_COMBUSTIVEL_Julho_2026.xlsx
SAO PAULO,BARRA DO CHAPEU,GASOLINA,1426,copy_of_D_Frota_por_UF_Municipio_COMBUSTIVEL_Julho_2026.xlsx
SAO PAULO,BARRA DO CHAPEU,Sem Informação,50,copy_of_D_Frota_por_UF_Municipio_COMBUSTIVEL_Julho_2026.xlsx
SAO PAULO,BARRA DO TURVO,ALCOOL,102,copy_of_D_Frota_por_UF_Municipio_COMBUSTIVEL_Julho_2026.xlsx
SAO PAULO,BARRA DO TURVO,ALCOOL/GASOLINA,978,copy_of_D_Frota_por_UF_Municipio_COMBUSTIVEL_Julho_2026.xlsx
SAO PAULO,BARRA DO TURVO,DIESEL,350,copy_of_D_Frota_por_UF_Municipio_COMBUSTIVEL_Julho_2026.xlsx
SAO PAULO,BARRA DO TURVO,GASOLINA,990,copy_of_D_Frota_por_UF_Municipio_COMBUSTIVEL_Julho_2026.xlsx
SAO PAULO,BARRA DO TURVO,GASOLINA/ALCOOL/GAS NATURAL,2,copy_of_D_Frota_por_UF_Municipio_COMBUSTIVEL_Julho_2026.xlsx
SAO PAULO,BARRA DO TURVO,GASOLINA/ELETRICO,1,copy_of_D_Frota_por_UF_Municipio_COMBUSTIVEL_Julho_2026.xlsx
SAO PAULO,BARRA DO TURVO,GASOLINA/GAS NATURAL VEICULAR,4,copy_of_D_Frota_por_UF_Municipio_COMBUSTIVEL_Julho_2026.xlsx
SAO PAULO,BARRA DO TURVO,Sem Informação,110,copy_of_D_Frota_por_UF_Municipio_COMBUSTIVEL_Julho_2026.xlsx
SAO PAULO,BARRETOS,ALCOOL,5355,copy_of_D_Frota_por_UF_Municipio_COMBUSTIVEL_Julho_2026.xlsx
SAO PAULO,BARRETOS,ALCOOL/GAS NATURAL COMBUSTIVEL,2,copy_of_D_Frota_por_UF_Municipio_COMBUSTIVEL_Julho_2026.xlsx
SAO PAULO,BARRETOS,ALCOOL/GAS NATURAL VEICULAR,6,copy_of_D_Frota_por_UF_Municipio_COMBUSTIVEL_Julho_2026.xlsx
SAO PAULO,BARRETOS,ALCOOL/GASOLINA,49031,copy_of_D_Frota_por_UF_Municipio_COMBUSTIVEL_Julho_2026.xlsx
SAO PAULO,BARRETOS,DIESEL,7806,copy_of_D_Frota_por_UF_Municipio_COMBUSTIVEL_Julho_2026.xlsx
SAO PAULO,BARRETOS,DIESEL/ELETRICO,18,copy_of_D_Frota_por_UF_Municipio_COMBUSTIVEL_Julho_2026.xlsx
SAO PAULO,BARRETOS,ELETRICO,14,copy_of_D_Frota_por_UF_Municipio_COMBUSTIVEL_Julho_2026.xlsx
SAO PAULO,BARRETOS,ELETRICO/FONTE EXTERNA,152,copy_of_D_Frota_por_UF_Municipio_COMBUSTIVEL_Julho_2026.xlsx
SAO PAULO,BARRETOS,ELETRICO/FONTE INTERNA,13,copy_of_D_Frota_por_UF_Municipio_COMBUSTIVEL_Julho_2026.xlsx
SAO PAULO,BARRETOS,GASOL/GAS NATURAL COMBUSTIVEL,1,copy_of_D_Frota_por_UF_Municipio_COMBUSTIVEL_Julho_2026.xlsx
SAO PAULO,BARRETOS,GASOLINA,49941,copy_of_D_Frota_por_UF_Municipio_COMBUSTIVEL_Julho_2026.xlsx
SAO PAULO,BARRETOS,GASOLINA/ALCOOL/ELETRICO,182,copy_of_D_Frota_por_UF_Municipio_COMBUSTIVEL_Julho_2026.xlsx
SAO PAULO,BARRETOS,GASOLINA/ALCOOL/GAS NATURAL,64,copy_of_D_Frota_por_UF_Municipio_COMBUSTIVEL_Julho_2026.xlsx
SAO PAULO,BARRETOS,GASOLINA/ELETRICO,157,copy_of_D_Frota_por_UF_Municipio_COMBUSTIVEL_Julho_2026.xlsx
SAO PAULO,BARRETOS,GASOLINA/GAS NATURAL VEICULAR,31,copy_of_D_Frota_por_UF_Municipio_COMBUSTIVEL_Julho_2026.xlsx
SAO PAULO,BARRETOS,HIBRIDO,34,copy_of_D_Frota_por_UF_Municipio_COMBUSTIVEL_Julho_2026.xlsx
SAO PAULO,BARRETOS,HIBRIDO PLUG-IN,48,copy_of_D_Frota_por_UF_Municipio_COMBUSTIVEL_Julho_2026.xlsx
SAO PAULO,BARRETOS,Sem Informação,3780,copy_of_D_Frota_por_UF_Municipio_COMBUSTIVEL_Julho_2026.xlsx
SAO PAULO,BARRINHA,ALCOOL,1615,copy_of_D_Frota_por_UF_Municipio_COMBUSTIVEL_Julho_2026.xlsx
SAO PAULO,BARRINHA,ALCOOL/GAS NATURAL VEICULAR,1,copy_of_D_Frota_por_UF_Municipio_COMBUSTIVEL_Julho_2026.xlsx
SAO PAULO,BARRINHA,ALCOOL/GASOLINA,9005,copy_of_D_Frota_por_UF_Municipio_COMBUSTIVEL_Julho_2026.xlsx
SAO PAULO,BARRINHA,DIESEL,1846,copy_of_D_Frota_por_UF_Municipio_COMBUSTIVEL_Julho_2026.xlsx
SAO PAULO,BARRINHA,DIESEL/ELETRICO,2,copy_of_D_Frota_por_UF_Municipio_COMBUSTIVEL_Julho_2026.xlsx
SAO PAULO,BARRINHA,ELETRICO,1,copy_of_D_Frota_por_UF_Municipio_COMBUSTIVEL_Julho_2026.xlsx
SAO PAULO,BARRINHA,ELETRICO/FONTE EXTERNA,13,copy_of_D_Frota_por_UF_Municipio_COMBUSTIVEL_Julho_2026.xlsx
SAO PAULO,BARRINHA,GASOLINA,7504,copy_of_D_Frota_por_UF_Municipio_COMBUSTIVEL_Julho_2026.xlsx
SAO PAULO,BARRINHA,GASOLINA/ALCOOL/ELETRICO,14,copy_of_D_Frota_por_UF_Municipio_COMBUSTIVEL_Julho_2026.xlsx
SAO PAULO,BARRINHA,GASOLINA/ALCOOL/GAS NATURAL,3,copy_of_D_Frota_por_UF_Municipio_COMBUSTIVEL_Julho_2026.xlsx
SAO PAULO,BARRINHA,GASOLINA/ELETRICO,12,copy_of_D_Frota_por_UF_Municipio_COMBUSTIVEL_Julho_2026.xlsx
SAO PAULO,BARRINHA,GASOLINA/GAS NATURAL VEICULAR,3,copy_of_D_Frota_por_UF_Municipio_COMBUSTIVEL_Julho_2026.xlsx
SAO PAULO,BARRINHA,HIBRIDO,1,copy_of_D_Frota_por_UF_Municipio_COMBUSTIVEL_Julho_2026.xlsx
SAO PAULO,BARRINHA,HIBRIDO PLUG-IN,5,copy_of_D_Frota_por_UF_Municipio_COMBUSTIVEL_Julho_2026.xlsx
SAO PAULO,BARRINHA,Sem Informação,713,copy_of_D_Frota_por_UF_Municipio_COMBUSTIVEL_Julho_2026.xlsx
SAO PAULO,BARUERI,ALCOOL,7168,copy_of_D_Frota_por_UF_Municipio_COMBUSTIVEL_Julho_2026.xlsx
SAO PAULO,BARUERI,ALCOOL/GAS NATURAL COMBUSTIVEL,1,copy_of_D_Frota_por_UF_Municipio_COMBUSTIVEL_Julho_2026.xlsx
SAO PAULO,BARUERI,ALCOOL/GAS NATURAL VEICULAR,51,copy_of_D_Frota_por_UF_Municipio_COMBUSTIVEL_Julho_2026.xlsx
SAO PAULO,BARUERI,ALCOOL/GASOLINA,104063,copy_of_D_Frota_por_UF_Municipio_COMBUSTIVEL_Julho_2026.xlsx
SAO PAULO,BARUERI,CELULA COMBUSTIVEL,1,copy_of_D_Frota_por_UF_Municipio_COMBUSTIVEL_Julho_2026.xlsx
SAO PAULO,BARUERI,DIESEL,20466,copy_of_D_Frota_por_UF_Municipio_COMBUSTIVEL_Julho_2026.xlsx
SAO PAULO,BARUERI,DIESEL/ELETRICO,137,copy_of_D_Frota_por_UF_Municipio_COMBUSTIVEL_Julho_2026.xlsx
SAO PAULO,BARUERI,DIESEL/GAS NATURAL VEICULAR,3,copy_of_D_Frota_por_UF_Municipio_COMBUSTIVEL_Julho_2026.xlsx
SAO PAULO,BARUERI,ELETRICO,90,copy_of_D_Frota_por_UF_Municipio_COMBUSTIVEL_Julho_2026.xlsx
SAO PAULO,BARUERI,ELETRICO/FONTE EXTERNA,1154,copy_of_D_Frota_por_UF_Municipio_COMBUSTIVEL_Julho_2026.xlsx
SAO PAULO,BARUERI,ELETRICO/FONTE INTERNA,64,copy_of_D_Frota_por_UF_Municipio_COMBUSTIVEL_Julho_2026.xlsx
SAO PAULO,BARUERI,GAS METANO,31,copy_of_D_Frota_por_UF_Municipio_COMBUSTIVEL_Julho_2026.xlsx
SAO PAULO,BARUERI,GAS NATURAL VEICULAR,140,copy_of_D_Frota_por_UF_Municipio_COMBUSTIVEL_Julho_2026.xlsx
SAO PAULO,BARUERI,GASOGENIO,1,copy_of_D_Frota_por_UF_Municipio_COMBUSTIVEL_Julho_2026.xlsx
SAO PAULO,BARUERI,GASOL/GAS NATURAL COMBUSTIVEL,53,copy_of_D_Frota_por_UF_Municipio_COMBUSTIVEL_Julho_2026.xlsx
SAO PAULO,BARUERI,GASOLINA,86513,copy_of_D_Frota_por_UF_Municipio_COMBUSTIVEL_Julho_2026.xlsx
SAO PAULO,BARUERI,GASOLINA/ALCOOL/ELETRICO,864,copy_of_D_Frota_por_UF_Municipio_COMBUSTIVEL_Julho_2026.xlsx
SAO PAULO,BARUERI,GASOLINA/ALCOOL/GAS NATURAL,336,copy_of_D_Frota_por_UF_Municipio_COMBUSTIVEL_Julho_2026.xlsx
SAO PAULO,BARUERI,GASOLINA/ELETRICO,2538,copy_of_D_Frota_por_UF_Municipio_COMBUSTIVEL_Julho_2026.xlsx
SAO PAULO,BARUERI,GASOLINA/GAS NATURAL VEICULAR,1203,copy_of_D_Frota_por_UF_Municipio_COMBUSTIVEL_Julho_2026.xlsx
SAO PAULO,BARUERI,HIBRIDO,195,copy_of_D_Frota_por_UF_Municipio_COMBUSTIVEL_Julho_2026.xlsx
SAO PAULO,BARUERI,HIBRIDO PLUG-IN,405,copy_of_D_Frota_por_UF_Municipio_COMBUSTIVEL_Julho_2026.xlsx
SAO PAULO,BARUERI,Sem Informação,7113,copy_of_D_Frota_por_UF_Municipio_COMBUSTIVEL_Julho_2026.xlsx
SAO PAULO,BASTOS,ALCOOL,1394,copy_of_D_Frota_por_UF_Municipio_COMBUSTIVEL_Julho_2026.xlsx
SAO PAULO,BASTOS,ALCOOL/GAS NATURAL VEICULAR,1,copy_of_D_Frota_por_UF_Municipio_COMBUSTIVEL_Julho_2026.xlsx
SAO PAULO,BASTOS,ALCOOL/GASOLINA,8131,copy_of_D_Frota_por_UF_Municipio_COMBUSTIVEL_Julho_2026.xlsx
SAO PAULO,BASTOS,DIESEL,2250,copy_of_D_Frota_por_UF_Municipio_COMBUSTIVEL_Julho_2026.xlsx
SAO PAULO,BASTOS,ELETRICO,1,copy_of_D_Frota_por_UF_Municipio_COMBUSTIVEL_Julho_2026.xlsx
SAO PAULO,BASTOS,ELETRICO/FONTE EXTERNA,6,copy_of_D_Frota_por_UF_Municipio_COMBUSTIVEL_Julho_2026.xlsx
SAO PAULO,BASTOS,GASOLINA,7694,copy_of_D_Frota_por_UF_Municipio_COMBUSTIVEL_Julho_2026.xlsx
SAO PAULO,BASTOS,GASOLINA/ALCOOL/ELETRICO,33,copy_of_D_Frota_por_UF_Municipio_COMBUSTIVEL_Julho_2026.xlsx
SAO PAULO,BASTOS,GASOLINA/ALCOOL/GAS NATURAL,2,copy_of_D_Frota_por_UF_Municipio_COMBUSTIVEL_Julho_2026.xlsx
SAO PAULO,BASTOS,GASOLINA/ELETRICO,15,copy_of_D_Frota_por_UF_Municipio_COMBUSTIVEL_Julho_2026.xlsx
SAO PAULO,BASTOS,GASOLINA/GAS NATURAL VEICULAR,5,copy_of_D_Frota_por_UF_Municipio_COMBUSTIVEL_Julho_2026.xlsx
SAO PAULO,BASTOS,HIBRIDO,4,copy_of_D_Frota_por_UF_Municipio_COMBUSTIVEL_Julho_2026.xlsx
SAO PAULO,BASTOS,HIBRIDO PLUG-IN,2,copy_of_D_Frota_por_UF_Municipio_COMBUSTIVEL_Julho_2026.xlsx
SAO PAULO,BASTOS,Sem Informação,1023,copy_of_D_Frota_por_UF_Municipio_COMBUSTIVEL_Julho_2026.xlsx
SAO PAULO,BATATAIS,ALCOOL,3849,copy_of_D_Frota_por_UF_Municipio_COMBUSTIVEL_Julho_2026.xlsx
SAO PAULO,BATATAIS,ALCOOL/GASOLINA,19841,copy_of_D_Frota_por_UF_Municipio_COMBUSTIVEL_Julho_2026.xlsx
SAO PAULO,BATATAIS,DIESEL,4054,copy_of_D_Frota_por_UF_Municipio_COMBUSTIVEL_Julho_2026.xlsx
SAO PAULO,BATATAIS,DIESEL/ELETRICO,3,copy_of_D_Frota_por_UF_Municipio_COMBUSTIVEL_Julho_2026.xlsx
SAO PAULO,BATATAIS,ELETRICO,2,copy_of_D_Frota_por_UF_Municipio_COMBUSTIVEL_Julho_2026.xlsx
SAO PAULO,BATATAIS,ELETRICO/FONTE EXTERNA,42,copy_of_D_Frota_por_UF_Municipio_COMBUSTIVEL_Julho_2026.xlsx
SAO PAULO,BATATAIS,ELETRICO/FONTE INTERNA,3,copy_of_D_Frota_por_UF_Municipio_COMBUSTIVEL_Julho_2026.xlsx
SAO PAULO,BATATAIS,GAS NATURAL VEICULAR,1,copy_of_D_Frota_por_UF_Municipio_COMBUSTIVEL_Julho_2026.xlsx
SAO PAULO,BATATAIS,GASOLINA,20399,copy_of_D_Frota_por_UF_Municipio_COMBUSTIVEL_Julho_2026.xlsx
SAO PAULO,BATATAIS,GASOLINA/ALCOOL/ELETRICO,58,copy_of_D_Frota_por_UF_Municipio_COMBUSTIVEL_Julho_2026.xlsx
SAO PAULO,BATATAIS,GASOLINA/ALCOOL/GAS NATURAL,8,copy_of_D_Frota_por_UF_Municipio_COMBUSTIVEL_Julho_2026.xlsx
SAO PAULO,BATATAIS,GASOLINA/ELETRICO,55,copy_of_D_Frota_por_UF_Municipio_COMBUSTIVEL_Julho_2026.xlsx
SAO PAULO,BATATAIS,GASOLINA/GAS NATURAL VEICULAR,10,copy_of_D_Frota_por_UF_Municipio_COMBUSTIVEL_Julho_2026.xlsx
SAO PAULO,BATATAIS,HIBRIDO,4,copy_of_D_Frota_por_UF_Municipio_COMBUSTIVEL_Julho_2026.xlsx
SAO PAULO,BATATAIS,HIBRIDO PLUG-IN,12,copy_of_D_Frota_por_UF_Municipio_COMBUSTIVEL_Julho_2026.xlsx
SAO PAULO,BATATAIS,Sem Informação,2442,copy_of_D_Frota_por_UF_Municipio_COMBUSTIVEL_Julho_2026.xlsx
SAO PAULO,BAURU,ALCOOL,17800,copy_of_D_Frota_por_UF_Municipio_COMBUSTIVEL_Julho_2026.xlsx
SAO PAULO,BAURU,ALCOOL/GAS NATURAL COMBUSTIVEL,1,copy_of_D_Frota_por_UF_Municipio_COMBUSTIVEL_Julho_2026.xlsx
SAO PAULO,BAURU,ALCOOL/GAS NATURAL VEICULAR,9,copy_of_D_Frota_por_UF_Municipio_COMBUSTIVEL_Julho_2026.xlsx
SAO PAULO,BAURU,ALCOOL/GASOLINA,148668,copy_of_D_Frota_por_UF_Municipio_COMBUSTIVEL_Julho_2026.xlsx
SAO PAULO,BAURU,DIESEL,18613,copy_of_D_Frota_por_UF_Municipio_COMBUSTIVEL_Julho_2026.xlsx
SAO PAULO,BAURU,DIESEL/ELETRICO,33,copy_of_D_Frota_por_UF_Municipio_COMBUSTIVEL_Julho_2026.xlsx
SAO PAULO,BAURU,DIESEL/GAS NATURAL VEICULAR,3,copy_of_D_Frota_por_UF_Municipio_COMBUSTIVEL_Julho_2026.xlsx
SAO PAULO,BAURU,ELETRICO,72,copy_of_D_Frota_por_UF_Municipio_COMBUSTIVEL_Julho_2026.xlsx
SAO PAULO,BAURU,ELETRICO/FONTE EXTERNA,723,copy_of_D_Frota_por_UF_Municipio_COMBUSTIVEL_Julho_2026.xlsx
SAO PAULO,BAURU,ELETRICO/FONTE INTERNA,47,copy_of_D_Frota_por_UF_Municipio_COMBUSTIVEL_Julho_2026.xlsx
SAO PAULO,BAURU,GAS METANO,3,copy_of_D_Frota_por_UF_Municipio_COMBUSTIVEL_Julho_2026.xlsx
SAO PAULO,BAURU,GASOL/GAS NATURAL COMBUSTIVEL,4,copy_of_D_Frota_por_UF_Municipio_COMBUSTIVEL_Julho_2026.xlsx
SAO PAULO,BAURU,GASOLINA,121320,copy_of_D_Frota_por_UF_Municipio_COMBUSTIVEL_Julho_2026.xlsx
SAO PAULO,BAURU,GASOLINA/ALCOOL/ELETRICO,596,copy_of_D_Frota_por_UF_Municipio_COMBUSTIVEL_Julho_2026.xlsx
SAO PAULO,BAURU,GASOLINA/ALCOOL/GAS NATURAL,60,copy_of_D_Frota_por_UF_Municipio_COMBUSTIVEL_Julho_2026.xlsx
SAO PAULO,BAURU,GASOLINA/ELETRICO,1166,copy_of_D_Frota_por_UF_Municipio_COMBUSTIVEL_Julho_2026.xlsx
SAO PAULO,BAURU,GASOLINA/GAS NATURAL VEICULAR,181,copy_of_D_Frota_por_UF_Municipio_COMBUSTIVEL_Julho_2026.xlsx
SAO PAULO,BAURU,HIBRIDO,173,copy_of_D_Frota_por_UF_Municipio_COMBUSTIVEL_Julho_2026.xlsx
SAO PAULO,BAURU,HIBRIDO PLUG-IN,278,copy_of_D_Frota_por_UF_Municipio_COMBUSTIVEL_Julho_2026.xlsx
SAO PAULO,BAURU,Sem Informação,12619,copy_of_D_Frota_por_UF_Municipio_COMBUSTIVEL_Julho_2026.xlsx
SAO PAULO,BEBEDOURO,ALCOOL,4777,copy_of_D_Frota_por_UF_Municipio_COMBUSTIVEL_Julho_2026.xlsx
SAO PAULO,BEBEDOURO,ALCOOL/GASOLINA,30390,copy_of_D_Frota_por_UF_Municipio_COMBUSTIVEL_Julho_2026.xlsx
SAO PAULO,BEBEDOURO,DIESEL,6125,copy_of_D_Frota_por_UF_Municipio_COMBUSTIVEL_Julho_2026.xlsx
SAO PAULO,BEBEDOURO,DIESEL/ELETRICO,14,copy_of_D_Frota_por_UF_Municipio_COMBUSTIVEL_Julho_2026.xlsx
SAO PAULO,BEBEDOURO,ELETRICO,5,copy_of_D_Frota_por_UF_Municipio_COMBUSTIVEL_Julho_2026.xlsx
SAO PAULO,BEBEDOURO,ELETRICO/FONTE EXTERNA,57,copy_of_D_Frota_por_UF_Municipio_COMBUSTIVEL_Julho_2026.xlsx
SAO PAULO,BEBEDOURO,ELETRICO/FONTE INTERNA,8,copy_of_D_Frota_por_UF_Municipio_COMBUSTIVEL_Julho_2026.xlsx
SAO PAULO,BEBEDOURO,GAS METANO,1,copy_of_D_Frota_por_UF_Municipio_COMBUSTIVEL_Julho_2026.xlsx
SAO PAULO,BEBEDOURO,GAS NATURAL VEICULAR,1,copy_of_D_Frota_por_UF_Municipio_COMBUSTIVEL_Julho_2026.xlsx
SAO PAULO,BEBEDOURO,GASOLINA,31791,copy_of_D_Frota_por_UF_Municipio_COMBUSTIVEL_Julho_2026.xlsx
SAO PAULO,BEBEDOURO,GASOLINA/ALCOOL/ELETRICO,73,copy_of_D_Frota_por_UF_Municipio_COMBUSTIVEL_Julho_2026.xlsx
SAO PAULO,BEBEDOURO,GASOLINA/ALCOOL/GAS NATURAL,5,copy_of_D_Frota_por_UF_Municipio_COMBUSTIVEL_Julho_2026.xlsx
SAO PAULO,BEBEDOURO,GASOLINA/ELETRICO,114,copy_of_D_Frota_por_UF_Municipio_COMBUSTIVEL_Julho_2026.xlsx
SAO PAULO,BEBEDOURO,GASOLINA/GAS NATURAL VEICULAR,12,copy_of_D_Frota_por_UF_Municipio_COMBUSTIVEL_Julho_2026.xlsx
SAO PAULO,BEBEDOURO,HIBRIDO,21,copy_of_D_Frota_por_UF_Municipio_COMBUSTIVEL_Julho_2026.xlsx
SAO PAULO,BEBEDOURO,HIBRIDO PLUG-IN,21,copy_of_D_Frota_por_UF_Municipio_COMBUSTIVEL_Julho_2026.xlsx
SAO PAULO,BEBEDOURO,Sem Informação,4150,copy_of_D_Frota_por_UF_Municipio_COMBUSTIVEL_Julho_2026.xlsx
SAO PAULO,BENTO DE ABREU,ALCOOL,167,copy_of_D_Frota_por_UF_Municipio_COMBUSTIVEL_Julho_2026.xlsx
SAO PAULO,BENTO DE ABREU,ALCOOL/GASOLINA,716,copy_of_D_Frota_por_UF_Municipio_COMBUSTIVEL_Julho_2026.xlsx
SAO PAULO,BENTO DE ABREU,DIESEL,133,copy_of_D_Frota_por_UF_Municipio_COMBUSTIVEL_Julho_2026.xlsx
SAO PAULO,BENTO DE ABREU,GASOLINA,639,copy_of_D_Frota_por_UF_Municipio_COMBUSTIVEL_Julho_2026.xlsx
SAO PAULO,BENTO DE ABREU,GASOLINA/ALCOOL/ELETRICO,4,copy_of_D_Frota_por_UF_Municipio_COMBUSTIVEL_Julho_2026.xlsx
SAO PAULO,BENTO DE ABREU,GASOLINA/ELETRICO,1,copy_of_D_Frota_por_UF_Municipio_COMBUSTIVEL_Julho_2026.xlsx
SAO PAULO,BENTO DE ABREU,Sem Informação,111,copy_of_D_Frota_por_UF_Municipio_COMBUSTIVEL_Julho_2026.xlsx
SAO PAULO,BERNARDINO DE CAMPOS,ALCOOL,704,copy_of_D_Frota_por_UF_Municipio_COMBUSTIVEL_Julho_2026.xlsx
SAO PAULO,BERNARDINO DE CAMPOS,ALCOOL/GAS NATURAL VEICULAR,1,copy_of_D_Frota_por_UF_Municipio_COMBUSTIVEL_Julho_2026.xlsx
SAO PAULO,BERNARDINO DE CAMPOS,ALCOOL/GASOLINA,2968,copy_of_D_Frota_por_UF_Municipio_COMBUSTIVEL_Julho_2026.xlsx
SAO PAULO,BERNARDINO DE CAMPOS,DIESEL,999,copy_of_D_Frota_por_UF_Municipio_COMBUSTIVEL_Julho_2026.xlsx
SAO PAULO,BERNARDINO DE CAMPOS,ELETRICO/FONTE EXTERNA,1,copy_of_D_Frota_por_UF_Municipio_COMBUSTIVEL_Julho_2026.xlsx
SAO PAULO,BERNARDINO DE CAMPOS,GASOLINA,3642,copy_of_D_Frota_por_UF_Municipio_COMBUSTIVEL_Julho_2026.xlsx
SAO PAULO,BERNARDINO DE CAMPOS,GASOLINA/ALCOOL/ELETRICO,2,copy_of_D_Frota_por_UF_Municipio_COMBUSTIVEL_Julho_2026.xlsx
SAO PAULO,BERNARDINO DE CAMPOS,GASOLINA/ALCOOL/GAS NATURAL,2,copy_of_D_Frota_por_UF_Municipio_COMBUSTIVEL_Julho_2026.xlsx
SAO PAULO,BERNARDINO DE CAMPOS,GASOLINA/ELETRICO,7,copy_of_D_Frota_por_UF_Municipio_COMBUSTIVEL_Julho_2026.xlsx
SAO PAULO,BERNARDINO DE CAMPOS,GASOLINA/GAS NATURAL VEICULAR,5,copy_of_D_Frota_por_UF_Municipio_COMBUSTIVEL_Julho_2026.xlsx
SAO PAULO,BERNARDINO DE CAMPOS,HIBRIDO,1,copy_of_D_Frota_por_UF_Municipio_COMBUSTIVEL_Julho_2026.xlsx
SAO PAULO,BERNARDINO DE CAMPOS,Sem Informação,448,copy_of_D_Frota_por_UF_Municipio_COMBUSTIVEL_Julho_2026.xlsx
SAO PAULO,BERTIOGA,ALCOOL,807,copy_of_D_Frota_por_UF_Municipio_COMBUSTIVEL_Julho_2026.xlsx
SAO PAULO,BERTIOGA,ALCOOL/GAS NATURAL VEICULAR,3,copy_of_D_Frota_por_UF_Municipio_COMBUSTIVEL_Julho_2026.xlsx
SAO PAULO,BERTIOGA,ALCOOL/GASOLINA,19500,copy_of_D_Frota_por_UF_Municipio_COMBUSTIVEL_Julho_2026.xlsx
SAO PAULO,BERTIOGA,DIESEL,2000,copy_of_D_Frota_por_UF_Municipio_COMBUSTIVEL_Julho_2026.xlsx
SAO PAULO,BERTIOGA,DIESEL/ELETRICO,5,copy_of_D_Frota_por_UF_Municipio_COMBUSTIVEL_Julho_2026.xlsx
SAO PAULO,BERTIOGA,ELETRICO,5,copy_of_D_Frota_por_UF_Municipio_COMBUSTIVEL_Julho_2026.xlsx
SAO PAULO,BERTIOGA,ELETRICO/FONTE EXTERNA,71,copy_of_D_Frota_por_UF_Municipio_COMBUSTIVEL_Julho_2026.xlsx
SAO PAULO,BERTIOGA,ELETRICO/FONTE INTERNA,29,copy_of_D_Frota_por_UF_Municipio_COMBUSTIVEL_Julho_2026.xlsx
SAO PAULO,BERTIOGA,GAS METANO,2,copy_of_D_Frota_por_UF_Municipio_COMBUSTIVEL_Julho_2026.xlsx
SAO PAULO,BERTIOGA,GASOL/GAS NATURAL COMBUSTIVEL,1,copy_of_D_Frota_por_UF_Municipio_COMBUSTIVEL_Julho_2026.xlsx
SAO PAULO,BERTIOGA,GASOLINA,14656,copy_of_D_Frota_por_UF_Municipio_COMBUSTIVEL_Julho_2026.xlsx
SAO PAULO,BERTIOGA,GASOLINA/ALCOOL/ELETRICO,55,copy_of_D_Frota_por_UF_Municipio_COMBUSTIVEL_Julho_2026.xlsx
SAO PAULO,BERTIOGA,GASOLINA/ALCOOL/GAS NATURAL,44,copy_of_D_Frota_por_UF_Municipio_COMBUSTIVEL_Julho_2026.xlsx
SAO PAULO,BERTIOGA,GASOLINA/ELETRICO,139,copy_of_D_Frota_por_UF_Municipio_COMBUSTIVEL_Julho_2026.xlsx
SAO PAULO,BERTIOGA,GASOLINA/GAS NATURAL VEICULAR,99,copy_of_D_Frota_por_UF_Municipio_COMBUSTIVEL_Julho_2026.xlsx
SAO PAULO,BERTIOGA,HIBRIDO,22,copy_of_D_Frota_por_UF_Municipio_COMBUSTIVEL_Julho_2026.xlsx
SAO PAULO,BERTIOGA,HIBRIDO PLUG-IN,35,copy_of_D_Frota_por_UF_Municipio_COMBUSTIVEL_Julho_2026.xlsx
SAO PAULO,BERTIOGA,Sem Informação,1262,copy_of_D_Frota_por_UF_Municipio_COMBUSTIVEL_Julho_2026.xlsx
SAO PAULO,BILAC,ALCOOL,481,copy_of_D_Frota_por_UF_Municipio_COMBUSTIVEL_Julho_2026.xlsx
SAO PAULO,BILAC,ALCOOL/GAS NATURAL COMBUSTIVEL,2,copy_of_D_Frota_por_UF_Municipio_COMBUSTIVEL_Julho_2026.xlsx
SAO PAULO,BILAC,ALCOOL/GASOLINA,2677,copy_of_D_Frota_por_UF_Municipio_COMBUSTIVEL_Julho_2026.xlsx
SAO PAULO,BILAC,DIESEL,531,copy_of_D_Frota_por_UF_Municipio_COMBUSTIVEL_Julho_2026.xlsx
SAO PAULO,BILAC,ELETRICO,1,copy_of_D_Frota_por_UF_Municipio_COMBUSTIVEL_Julho_2026.xlsx
SAO PAULO,BILAC,ELETRICO/FONTE EXTERNA,2,copy_of_D_Frota_por_UF_Municipio_COMBUSTIVEL_Julho_2026.xlsx
SAO PAULO,BILAC,GASOLINA,2669,copy_of_D_Frota_por_UF_Municipio_COMBUSTIVEL_Julho_2026.xlsx
SAO PAULO,BILAC,GASOLINA/ALCOOL/ELETRICO,9,copy_of_D_Frota_por_UF_Municipio_COMBUSTIVEL_Julho_2026.xlsx
SAO PAULO,BILAC,GASOLINA/ALCOOL/GAS NATURAL,1,copy_of_D_Frota_por_UF_Municipio_COMBUSTIVEL_Julho_2026.xlsx
SAO PAULO,BILAC,GASOLINA/ELETRICO,8,copy_of_D_Frota_por_UF_Municipio_COMBUSTIVEL_Julho_2026.xlsx
SAO PAULO,BILAC,GASOLINA/GAS NATURAL VEICULAR,7,copy_of_D_Frota_por_UF_Municipio_COMBUSTIVEL_Julho_2026.xlsx
SAO PAULO,BILAC,HIBRIDO,1,copy_of_D_Frota_por_UF_Municipio_COMBUSTIVEL_Julho_2026.xlsx
SAO PAULO,BILAC,Sem Informação,307,copy_of_D_Frota_por_UF_Municipio_COMBUSTIVEL_Julho_2026.xlsx
SAO PAULO,BIRIGUI,ALCOOL,6061,copy_of_D_Frota_por_UF_Municipio_COMBUSTIVEL_Julho_2026.xlsx
SAO PAULO,BIRIGUI,ALCOOL/GAS NATURAL VEICULAR,7,copy_of_D_Frota_por_UF_Municipio_COMBUSTIVEL_Julho_2026.xlsx
SAO PAULO,BIRIGUI,ALCOOL/GASOLINA,48104,copy_of_D_Frota_por_UF_Municipio_COMBUSTIVEL_Julho_2026.xlsx
SAO PAULO,BIRIGUI,DIESEL,6276,copy_of_D_Frota_por_UF_Municipio_COMBUSTIVEL_Julho_2026.xlsx
SAO PAULO,BIRIGUI,DIESEL/ELETRICO,2,copy_of_D_Frota_por_UF_Municipio_COMBUSTIVEL_Julho_2026.xlsx
SAO PAULO,BIRIGUI,ELETRICO,9,copy_of_D_Frota_por_UF_Municipio_COMBUSTIVEL_Julho_2026.xlsx
SAO PAULO,BIRIGUI,ELETRICO/FONTE EXTERNA,71,copy_of_D_Frota_por_UF_Municipio_COMBUSTIVEL_Julho_2026.xlsx
SAO PAULO,BIRIGUI,ELETRICO/FONTE INTERNA,6,copy_of_D_Frota_por_UF_Municipio_COMBUSTIVEL_Julho_2026.xlsx
SAO PAULO,BIRIGUI,GAS METANO,2,copy_of_D_Frota_por_UF_Municipio_COMBUSTIVEL_Julho_2026.xlsx
SAO PAULO,BIRIGUI,GASOL/GAS NATURAL COMBUSTIVEL,2,copy_of_D_Frota_por_UF_Municipio_COMBUSTIVEL_Julho_2026.xlsx
SAO PAULO,BIRIGUI,GASOLINA,52671,copy_of_D_Frota_por_UF_Municipio_COMBUSTIVEL_Julho_2026.xlsx
SAO PAULO,BIRIGUI,GASOLINA/ALCOOL/ELETRICO,109,copy_of_D_Frota_por_UF_Municipio_COMBUSTIVEL_Julho_2026.xlsx
SAO PAULO,BIRIGUI,GASOLINA/ALCOOL/GAS NATURAL,14,copy_of_D_Frota_por_UF_Municipio_COMBUSTIVEL_Julho_2026.xlsx
SAO PAULO,BIRIGUI,GASOLINA/ELETRICO,147,copy_of_D_Frota_por_UF_Municipio_COMBUSTIVEL_Julho_2026.xlsx
SAO PAULO,BIRIGUI,GASOLINA/GAS NATURAL VEICULAR,90,copy_of_D_Frota_por_UF_Municipio_COMBUSTIVEL_Julho_2026.xlsx
SAO PAULO,BIRIGUI,HIBRIDO,26,copy_of_D_Frota_por_UF_Municipio_COMBUSTIVEL_Julho_2026.xlsx
SAO PAULO,BIRIGUI,HIBRIDO PLUG-IN,53,copy_of_D_Frota_por_UF_Municipio_COMBUSTIVEL_Julho_2026.xlsx
SAO PAULO,BIRIGUI,Sem Informação,4093,copy_of_D_Frota_por_UF_Municipio_COMBUSTIVEL_Julho_2026.xlsx
SAO PAULO,BIRITIBA-MIRIM,ALCOOL,885,copy_of_D_Frota_por_UF_Municipio_COMBUSTIVEL_Julho_2026.xlsx
SAO PAULO,BIRITIBA-MIRIM,ALCOOL/GAS NATURAL VEICULAR,8,copy_of_D_Frota_por_UF_Municipio_COMBUSTIVEL_Julho_2026.xlsx
SAO PAULO,BIRITIBA-MIRIM,ALCOOL/GASOLINA,7384,copy_of_D_Frota_por_UF_Municipio_COMBUSTIVEL_Julho_2026.xlsx
SAO PAULO,BIRITIBA-MIRIM,DIESEL,1561,copy_of_D_Frota_por_UF_Municipio_COMBUSTIVEL_Julho_2026.xlsx
SAO PAULO,BIRITIBA-MIRIM,ELETRICO/FONTE EXTERNA,14,copy_of_D_Frota_por_UF_Municipio_COMBUSTIVEL_Julho_2026.xlsx
SAO PAULO,BIRITIBA-MIRIM,ELETRICO/FONTE INTERNA,1,copy_of_D_Frota_por_UF_Municipio_COMBUSTIVEL_Julho_2026.xlsx
SAO PAULO,BIRITIBA-MIRIM,GASOL/GAS NATURAL COMBUSTIVEL,2,copy_of_D_Frota_por_UF_Municipio_COMBUSTIVEL_Julho_2026.xlsx
SAO PAULO,BIRITIBA-MIRIM,GASOLINA,7702,copy_of_D_Frota_por_UF_Municipio_COMBUSTIVEL_Julho_2026.xlsx
SAO PAULO,BIRITIBA-MIRIM,GASOLINA/ALCOOL/ELETRICO,11,copy_of_D_Frota_por_UF_Municipio_COMBUSTIVEL_Julho_2026.xlsx
SAO PAULO,BIRITIBA-MIRIM,GASOLINA/ALCOOL/GAS NATURAL,21,copy_of_D_Frota_por_UF_Municipio_COMBUSTIVEL_Julho_2026.xlsx
SAO PAULO,BIRITIBA-MIRIM,GASOLINA/ELETRICO,15,copy_of_D_Frota_por_UF_Municipio_COMBUSTIVEL_Julho_2026.xlsx
SAO PAULO,BIRITIBA-MIRIM,GASOLINA/GAS NATURAL VEICULAR,100,copy_of_D_Frota_por_UF_Municipio_COMBUSTIVEL_Julho_2026.xlsx
SAO PAULO,BIRITIBA-MIRIM,HIBRIDO PLUG-IN,5,copy_of_D_Frota_por_UF_Municipio_COMBUSTIVEL_Julho_2026.xlsx
SAO PAULO,BIRITIBA-MIRIM,Sem Informação,258,copy_of_D_Frota_por_UF_Municipio_COMBUSTIVEL_Julho_2026.xlsx
SAO PAULO,BOA ESPERANCA DO SUL,ALCOOL,909,copy_of_D_Frota_por_UF_Municipio_COMBUSTIVEL_Julho_2026.xlsx
SAO PAULO,BOA ESPERANCA DO SUL,ALCOOL/GAS NATURAL VEICULAR,1,copy_of_D_Frota_por_UF_Municipio_COMBUSTIVEL_Julho_2026.xlsx
SAO PAULO,BOA ESPERANCA DO SUL,ALCOOL/GASOLINA,3194,copy_of_D_Frota_por_UF_Municipio_COMBUSTIVEL_Julho_2026.xlsx
SAO PAULO,BOA ESPERANCA DO SUL,DIESEL,996,copy_of_D_Frota_por_UF_Municipio_COMBUSTIVEL_Julho_2026.xlsx
SAO PAULO,BOA ESPERANCA DO SUL,DIESEL/ELETRICO,1,copy_of_D_Frota_por_UF_Municipio_COMBUSTIVEL_Julho_2026.xlsx
SAO PAULO,BOA ESPERANCA DO SUL,ELETRICO/FONTE EXTERNA,1,copy_of_D_Frota_por_UF_Municipio_COMBUSTIVEL_Julho_2026.xlsx
SAO PAULO,BOA ESPERANCA DO SUL,GASOL/GAS NATURAL COMBUSTIVEL,2,copy_of_D_Frota_por_UF_Municipio_COMBUSTIVEL_Julho_2026.xlsx
SAO PAULO,BOA ESPERANCA DO SUL,GASOLINA,3804,copy_of_D_Frota_por_UF_Municipio_COMBUSTIVEL_Julho_2026.xlsx
SAO PAULO,BOA ESPERANCA DO SUL,GASOLINA/ALCOOL/ELETRICO,3,copy_of_D_Frota_por_UF_Municipio_COMBUSTIVEL_Julho_2026.xlsx
SAO PAULO,BOA ESPERANCA DO SUL,GASOLINA/ALCOOL/GAS NATURAL,4,copy_of_D_Frota_por_UF_Municipio_COMBUSTIVEL_Julho_2026.xlsx
SAO PAULO,BOA ESPERANCA DO SUL,GASOLINA/ELETRICO,6,copy_of_D_Frota_por_UF_Municipio_COMBUSTIVEL_Julho_2026.xlsx
SAO PAULO,BOA ESPERANCA DO SUL,GASOLINA/GAS NATURAL VEICULAR,17,copy_of_D_Frota_por_UF_Municipio_COMBUSTIVEL_Julho_2026.xlsx
SAO PAULO,BOA ESPERANCA DO SUL,Sem Informação,385,copy_of_D_Frota_por_UF_Municipio_COMBUSTIVEL_Julho_2026.xlsx
SAO PAULO,BOCAINA,ALCOOL,705,copy_of_D_Frota_por_UF_Municipio_COMBUSTIVEL_Julho_2026.xlsx
SAO PAULO,BOCAINA,ALCOOL/GASOLINA,3353,copy_of_D_Frota_por_UF_Municipio_COMBUSTIVEL_Julho_2026.xlsx
SAO PAULO,BOCAINA,DIESEL,601,copy_of_D_Frota_por_UF_Municipio_COMBUSTIVEL_Julho_2026.xlsx
SAO PAULO,BOCAINA,DIESEL/ELETRICO,1,copy_of_D_Frota_por_UF_Municipio_COMBUSTIVEL_Julho_2026.xlsx
SAO PAULO,BOCAINA,ELETRICO/FONTE EXTERNA,4,copy_of_D_Frota_por_UF_Municipio_COMBUSTIVEL_Julho_2026.xlsx
SAO PAULO,BOCAINA,GASOLINA,3705,copy_of_D_Frota_por_UF_Municipio_COMBUSTIVEL_Julho_2026.xlsx
SAO PAULO,BOCAINA,GASOLINA/ALCOOL/ELETRICO,3,copy_of_D_Frota_por_UF_Municipio_COMBUSTIVEL_Julho_2026.xlsx
SAO PAULO,BOCAINA,GASOLINA/ALCOOL/GAS NATURAL,1,copy_of_D_Frota_por_UF_Municipio_COMBUSTIVEL_Julho_2026.xlsx
SAO PAULO,BOCAINA,GASOLINA/ELETRICO,6,copy_of_D_Frota_por_UF_Municipio_COMBUSTIVEL_Julho_2026.xlsx
SAO PAULO,BOCAINA,GASOLINA/GAS NATURAL VEICULAR,4,copy_of_D_Frota_por_UF_Municipio_COMBUSTIVEL_Julho_2026.xlsx
SAO PAULO,BOCAINA,HIBRIDO,1,copy_of_D_Frota_por_UF_Municipio_COMBUSTIVEL_Julho_2026.xlsx
SAO PAULO,BOCAINA,Sem Informação,367,copy_of_D_Frota_por_UF_Municipio_COMBUSTIVEL_Julho_2026.xlsx
SAO PAULO,BOFETE,ALCOOL,409,copy_of_D_Frota_por_UF_Municipio_COMBUSTIVEL_Julho_2026.xlsx
SAO PAULO,BOFETE,ALCOOL/GAS NATURAL COMBUSTIVEL,1,copy_of_D_Frota_por_UF_Municipio_COMBUSTIVEL_Julho_2026.xlsx
SAO PAULO,BOFETE,ALCOOL/GAS NATURAL VEICULAR,1,copy_of_D_Frota_por_UF_Municipio_COMBUSTIVEL_Julho_2026.xlsx
SAO PAULO,BOFETE,ALCOOL/GASOLINA,2716,copy_of_D_Frota_por_UF_Municipio_COMBUSTIVEL_Julho_2026.xlsx
SAO PAULO,BOFETE,DIESEL,725,copy_of_D_Frota_por_UF_Municipio_COMBUSTIVEL_Julho_2026.xlsx
SAO PAULO,BOFETE,ELETRICO/FONTE EXTERNA,3,copy_of_D_Frota_por_UF_Municipio_COMBUSTIVEL_Julho_2026.xlsx
SAO PAULO,BOFETE,ELETRICO/FONTE INTERNA,2,copy_of_D_Frota_por_UF_Municipio_COMBUSTIVEL_Julho_2026.xlsx
SAO PAULO,BOFETE,GAS METANO,1,copy_of_D_Frota_por_UF_Municipio_COMBUSTIVEL_Julho_2026.xlsx
SAO PAULO,BOFETE,GASOL/GAS NATURAL COMBUSTIVEL,2,copy_of_D_Frota_por_UF_Municipio_COMBUSTIVEL_Julho_2026.xlsx
SAO PAULO,BOFETE,GASOLINA,3227,copy_of_D_Frota_por_UF_Municipio_COMBUSTIVEL_Julho_2026.xlsx
SAO PAULO,BOFETE,GASOLINA/ALCOOL/ELETRICO,10,copy_of_D_Frota_por_UF_Municipio_COMBUSTIVEL_Julho_2026.xlsx
SAO PAULO,BOFETE,GASOLINA/ALCOOL/GAS NATURAL,4,copy_of_D_Frota_por_UF_Municipio_COMBUSTIVEL_Julho_2026.xlsx
SAO PAULO,BOFETE,GASOLINA/ELETRICO,3,copy_of_D_Frota_por_UF_Municipio_COMBUSTIVEL_Julho_2026.xlsx
SAO PAULO,BOFETE,GASOLINA/GAS NATURAL VEICULAR,24,copy_of_D_Frota_por_UF_Municipio_COMBUSTIVEL_Julho_2026.xlsx
SAO PAULO,BOFETE,HIBRIDO PLUG-IN,1,copy_of_D_Frota_por_UF_Municipio_COMBUSTIVEL_Julho_2026.xlsx
SAO PAULO,BOFETE,Sem Informação,266,copy_of_D_Frota_por_UF_Municipio_COMBUSTIVEL_Julho_2026.xlsx
SAO PAULO,BOITUVA,ALCOOL,2366,copy_of_D_Frota_por_UF_Municipio_COMBUSTIVEL_Julho_2026.xlsx
SAO PAULO,BOITUVA,ALCOOL/GAS NATURAL VEICULAR,27,copy_of_D_Frota_por_UF_Municipio_COMBUSTIVEL_Julho_2026.xlsx
SAO PAULO,BOITUVA,ALCOOL/GASOLINA,26743,copy_of_D_Frota_por_UF_Municipio_COMBUSTIVEL_Julho_2026.xlsx
SAO PAULO,BOITUVA,DIESEL,5596,copy_of_D_Frota_por_UF_Municipio_COMBUSTIVEL_Julho_2026.xlsx
SAO PAULO,BOITUVA,DIESEL/ELETRICO,4,copy_of_D_Frota_por_UF_Municipio_COMBUSTIVEL_Julho_2026.xlsx
SAO PAULO,BOITUVA,DIESEL/GAS NATURAL COMBUSTIVEL,1,copy_of_D_Frota_por_UF_Municipio_COMBUSTIVEL_Julho_2026.xlsx
SAO PAULO,BOITUVA,DIESEL/GAS NATURAL VEICULAR,3,copy_of_D_Frota_por_UF_Municipio_COMBUSTIVEL_Julho_2026.xlsx
SAO PAULO,BOITUVA,ELETRICO,16,copy_of_D_Frota_por_UF_Municipio_COMBUSTIVEL_Julho_2026.xlsx
SAO PAULO,BOITUVA,ELETRICO/FONTE EXTERNA,97,copy_of_D_Frota_por_UF_Municipio_COMBUSTIVEL_Julho_2026.xlsx
SAO PAULO,BOITUVA,ELETRICO/FONTE INTERNA,18,copy_of_D_Frota_por_UF_Municipio_COMBUSTIVEL_Julho_2026.xlsx
SAO PAULO,BOITUVA,GAS METANO,1,copy_of_D_Frota_por_UF_Municipio_COMBUSTIVEL_Julho_2026.xlsx
SAO PAULO,BOITUVA,GAS NATURAL VEICULAR,1,copy_of_D_Frota_por_UF_Municipio_COMBUSTIVEL_Julho_2026.xlsx
SAO PAULO,BOITUVA,GASOL/GAS NATURAL COMBUSTIVEL,11,copy_of_D_Frota_por_UF_Municipio_COMBUSTIVEL_Julho_2026.xlsx
SAO PAULO,BOITUVA,GASOLINA,20938,copy_of_D_Frota_por_UF_Municipio_COMBUSTIVEL_Julho_2026.xlsx
SAO PAULO,BOITUVA,GASOLINA/ALCOOL/ELETRICO,121,copy_of_D_Frota_por_UF_Municipio_COMBUSTIVEL_Julho_2026.xlsx
SAO PAULO,BOITUVA,GASOLINA/ALCOOL/GAS NATURAL,76,copy_of_D_Frota_por_UF_Municipio_COMBUSTIVEL_Julho_2026.xlsx
SAO PAULO,BOITUVA,GASOLINA/ELETRICO,179,copy_of_D_Frota_por_UF_Municipio_COMBUSTIVEL_Julho_2026.xlsx
SAO PAULO,BOITUVA,GASOLINA/GAS NATURAL VEICULAR,261,copy_of_D_Frota_por_UF_Municipio_COMBUSTIVEL_Julho_2026.xlsx
SAO PAULO,BOITUVA,HIBRIDO,19,copy_of_D_Frota_por_UF_Municipio_COMBUSTIVEL_Julho_2026.xlsx
SAO PAULO,BOITUVA,HIBRIDO PLUG-IN,38,copy_of_D_Frota_por_UF_Municipio_COMBUSTIVEL_Julho_2026.xlsx
SAO PAULO,BOITUVA,Sem Informação,3877,copy_of_D_Frota_por_UF_Municipio_COMBUSTIVEL_Julho_2026.xlsx
SAO PAULO,BOM JESUS DOS PERDOES,ALCOOL,980,copy_of_D_Frota_por_UF_Municipio_COMBUSTIVEL_Julho_2026.xlsx
SAO PAULO,BOM JESUS DOS PERDOES,ALCOOL/GAS NATURAL VEICULAR,2,copy_of_D_Frota_por_UF_Municipio_COMBUSTIVEL_Julho_2026.xlsx
SAO PAULO,BOM JESUS DOS PERDOES,ALCOOL/GASOLINA,8876,copy_of_D_Frota_por_UF_Municipio_COMBUSTIVEL_Julho_2026.xlsx
SAO PAULO,BOM JESUS DOS PERDOES,DIESEL,1512,copy_of_D_Frota_por_UF_Municipio_COMBUSTIVEL_Julho_2026.xlsx
SAO PAULO,BOM JESUS DOS PERDOES,DIESEL/ELETRICO,2,copy_of_D_Frota_por_UF_Municipio_COMBUSTIVEL_Julho_2026.xlsx
SAO PAULO,BOM JESUS DOS PERDOES,ELETRICO,1,copy_of_D_Frota_por_UF_Municipio_COMBUSTIVEL_Julho_2026.xlsx
SAO PAULO,BOM JESUS DOS PERDOES,ELETRICO/FONTE EXTERNA,31,copy_of_D_Frota_por_UF_Municipio_COMBUSTIVEL_Julho_2026.xlsx
SAO PAULO,BOM JESUS DOS PERDOES,ELETRICO/FONTE INTERNA,2,copy_of_D_Frota_por_UF_Municipio_COMBUSTIVEL_Julho_2026.xlsx
SAO PAULO,BOM JESUS DOS PERDOES,GASOL/GAS NATURAL COMBUSTIVEL,2,copy_of_D_Frota_por_UF_Municipio_COMBUSTIVEL_Julho_2026.xlsx
SAO PAULO,BOM JESUS DOS PERDOES,GASOLINA,8804,copy_of_D_Frota_por_UF_Municipio_COMBUSTIVEL_Julho_2026.xlsx
SAO PAULO,BOM JESUS DOS PERDOES,GASOLINA/ALCOOL/ELETRICO,20,copy_of_D_Frota_por_UF_Municipio_COMBUSTIVEL_Julho_2026.xlsx
SAO PAULO,BOM JESUS DOS PERDOES,GASOLINA/ALCOOL/GAS NATURAL,24,copy_of_D_Frota_por_UF_Municipio_COMBUSTIVEL_Julho_2026.xlsx
SAO PAULO,BOM JESUS DOS PERDOES,GASOLINA/ELETRICO,36,copy_of_D_Frota_por_UF_Municipio_COMBUSTIVEL_Julho_2026.xlsx
SAO PAULO,BOM JESUS DOS PERDOES,GASOLINA/GAS NATURAL VEICULAR,46,copy_of_D_Frota_por_UF_Municipio_COMBUSTIVEL_Julho_2026.xlsx
SAO PAULO,BOM JESUS DOS PERDOES,HIBRIDO,1,copy_of_D_Frota_por_UF_Municipio_COMBUSTIVEL_Julho_2026.xlsx
SAO PAULO,BOM JESUS DOS PERDOES,HIBRIDO PLUG-IN,8,copy_of_D_Frota_por_UF_Municipio_COMBUSTIVEL_Julho_2026.xlsx
SAO PAULO,BOM JESUS DOS PERDOES,Sem Informação,382,copy_of_D_Frota_por_UF_Municipio_COMBUSTIVEL_Julho_2026.xlsx
SAO PAULO,BOM SUCESSO DE ITARARE,ALCOOL,132,copy_of_D_Frota_por_UF_Municipio_COMBUSTIVEL_Julho_2026.xlsx
SAO PAULO,BOM SUCESSO DE ITARARE,ALCOOL/GASOLINA,900,copy_of_D_Frota_por_UF_Municipio_COMBUSTIVEL_Julho_2026.xlsx
SAO PAULO,BOM SUCESSO DE ITARARE,DIESEL,296,copy_of_D_Frota_por_UF_Municipio_COMBUSTIVEL_Julho_2026.xlsx
SAO PAULO,BOM SUCESSO DE ITARARE,GASOLINA,837,copy_of_D_Frota_por_UF_Municipio_COMBUSTIVEL_Julho_2026.xlsx
SAO PAULO,BOM SUCESSO DE ITARARE,GASOLINA/ELETRICO,2,copy_of_D_Frota_por_UF_Municipio_COMBUSTIVEL_Julho_2026.xlsx
SAO PAULO,BOM SUCESSO DE ITARARE,GASOLINA/GAS NATURAL VEICULAR,2,copy_of_D_Frota_por_UF_Municipio_COMBUSTIVEL_Julho_2026.xlsx
SAO PAULO,BOM SUCESSO DE ITARARE,Sem Informação,203,copy_of_D_Frota_por_UF_Municipio_COMBUSTIVEL_Julho_2026.xlsx
SAO PAULO,BORA,ALCOOL,25,copy_of_D_Frota_por_UF_Municipio_COMBUSTIVEL_Julho_2026.xlsx
SAO PAULO,BORA,ALCOOL/GASOLINA,307,copy_of_D_Frota_por_UF_Municipio_COMBUSTIVEL_Julho_2026.xlsx
SAO PAULO,BORA,DIESEL,90,copy_of_D_Frota_por_UF_Municipio_COMBUSTIVEL_Julho_2026.xlsx
SAO PAULO,BORA,GASOLINA,172,copy_of_D_Frota_por_UF_Municipio_COMBUSTIVEL_Julho_2026.xlsx
SAO PAULO,BORA,Sem Informação,129,copy_of_D_Frota_por_UF_Municipio_COMBUSTIVEL_Julho_2026.xlsx
SAO PAULO,BORACEIA,ALCOOL,230,copy_of_D_Frota_por_UF_Municipio_COMBUSTIVEL_Julho_2026.xlsx
SAO PAULO,BORACEIA,ALCOOL/GASOLINA,1364,copy_of_D_Frota_por_UF_Municipio_COMBUSTIVEL_Julho_2026.xlsx
SAO PAULO,BORACEIA,DIESEL,564,copy_of_D_Frota_por_UF_Municipio_COMBUSTIVEL_Julho_2026.xlsx
SAO PAULO,BORACEIA,ELETRICO/FONTE EXTERNA,2,copy_of_D_Frota_por_UF_Municipio_COMBUSTIVEL_Julho_2026.xlsx
SAO PAULO,BORACEIA,ELETRICO/FONTE INTERNA,1,copy_of_D_Frota_por_UF_Municipio_COMBUSTIVEL_Julho_2026.xlsx
SAO PAULO,BORACEIA,GASOLINA,1069,copy_of_D_Frota_por_UF_Municipio_COMBUSTIVEL_Julho_2026.xlsx
SAO PAULO,BORACEIA,GASOLINA/ALCOOL/ELETRICO,4,copy_of_D_Frota_por_UF_Municipio_COMBUSTIVEL_Julho_2026.xlsx
SAO PAULO,BORACEIA,GASOLINA/ALCOOL/GAS NATURAL,1,copy_of_D_Frota_por_UF_Municipio_COMBUSTIVEL_Julho_2026.xlsx
SAO PAULO,BORACEIA,GASOLINA/ELETRICO,1,copy_of_D_Frota_por_UF_Municipio_COMBUSTIVEL_Julho_2026.xlsx
SAO PAULO,BORACEIA,HIBRIDO,1,copy_of_D_Frota_por_UF_Municipio_COMBUSTIVEL_Julho_2026.xlsx
SAO PAULO,BORACEIA,HIBRIDO PLUG-IN,2,copy_of_D_Frota_por_UF_Municipio_COMBUSTIVEL_Julho_2026.xlsx
SAO PAULO,BORACEIA,Sem Informação,238,copy_of_D_Frota_por_UF_Municipio_COMBUSTIVEL_Julho_2026.xlsx
SAO PAULO,BORBOREMA,ALCOOL,1114,copy_of_D_Frota_por_UF_Municipio_COMBUSTIVEL_Julho_2026.xlsx
SAO PAULO,BORBOREMA,ALCOOL/GASOLINA,4352,copy_of_D_Frota_por_UF_Municipio_COMBUSTIVEL_Julho_2026.xlsx
SAO PAULO,BORBOREMA,DIESEL,1542,copy_of_D_Frota_por_UF_Municipio_COMBUSTIVEL_Julho_2026.xlsx
SAO PAULO,BORBOREMA,ELETRICO/FONTE EXTERNA,4,copy_of_D_Frota_por_UF_Municipio_COMBUSTIVEL_Julho_2026.xlsx
SAO PAULO,BORBOREMA,ELETRICO/FONTE INTERNA,2,copy_of_D_Frota_por_UF_Municipio_COMBUSTIVEL_Julho_2026.xlsx
SAO PAULO,BORBOREMA,GASOLINA,5300,copy_of_D_Frota_por_UF_Municipio_COMBUSTIVEL_Julho_2026.xlsx
SAO PAULO,BORBOREMA,GASOLINA/ALCOOL/ELETRICO,10,copy_of_D_Frota_por_UF_Municipio_COMBUSTIVEL_Julho_2026.xlsx
SAO PAULO,BORBOREMA,GASOLINA/ALCOOL/GAS NATURAL,3,copy_of_D_Frota_por_UF_Municipio_COMBUSTIVEL_Julho_2026.xlsx
SAO PAULO,BORBOREMA,GASOLINA/ELETRICO,11,copy_of_D_Frota_por_UF_Municipio_COMBUSTIVEL_Julho_2026.xlsx
SAO PAULO,BORBOREMA,GASOLINA/GAS NATURAL VEICULAR,2,copy_of_D_Frota_por_UF_Municipio_COMBUSTIVEL_Julho_2026.xlsx
SAO PAULO,BORBOREMA,HIBRIDO,3,copy_of_D_Frota_por_UF_Municipio_COMBUSTIVEL_Julho_2026.xlsx
SAO PAULO,BORBOREMA,HIBRIDO PLUG-IN,4,copy_of_D_Frota_por_UF_Municipio_COMBUSTIVEL_Julho_2026.xlsx
SAO PAULO,BORBOREMA,Sem Informação,1045,copy_of_D_Frota_por_UF_Municipio_COMBUSTIVEL_Julho_2026.xlsx
SAO PAULO,BOREBI,ALCOOL,113,copy_of_D_Frota_por_UF_Municipio_COMBUSTIVEL_Julho_2026.xlsx
SAO PAULO,BOREBI,ALCOOL/GASOLINA,753,copy_of_D_Frota_por_UF_Municipio_COMBUSTIVEL_Julho_2026.xlsx
SAO PAULO,BOREBI,DIESEL,138,copy_of_D_Frota_por_UF_Municipio_COMBUSTIVEL_Julho_2026.xlsx
SAO PAULO,BOREBI,ELETRICO/FONTE EXTERNA,1,copy_of_D_Frota_por_UF_Municipio_COMBUSTIVEL_Julho_2026.xlsx
SAO PAULO,BOREBI,GASOLINA,634,copy_of_D_Frota_por_UF_Municipio_COMBUSTIVEL_Julho_2026.xlsx
SAO PAULO,BOREBI,GASOLINA/ELETRICO,2,copy_of_D_Frota_por_UF_Municipio_COMBUSTIVEL_Julho_2026.xlsx
SAO PAULO,BOREBI,Sem Informação,72,copy_of_D_Frota_por_UF_Municipio_COMBUSTIVEL_Julho_2026.xlsx
SAO PAULO,BOTUCATU,ALCOOL,6220,copy_of_D_Frota_por_UF_Municipio_COMBUSTIVEL_Julho_2026.xlsx
SAO PAULO,BOTUCATU,ALCOOL/GAS NATURAL VEICULAR,5,copy_of_D_Frota_por_UF_Municipio_COMBUSTIVEL_Julho_2026.xlsx
SAO PAULO,BOTUCATU,ALCOOL/GASOLINA,52173,copy_of_D_Frota_por_UF_Municipio_COMBUSTIVEL_Julho_2026.xlsx
SAO PAULO,BOTUCATU,DIESEL,7636,copy_of_D_Frota_por_UF_Municipio_COMBUSTIVEL_Julho_2026.xlsx
SAO PAULO,BOTUCATU,DIESEL/ELETRICO,8,copy_of_D_Frota_por_UF_Municipio_COMBUSTIVEL_Julho_2026.xlsx
SAO PAULO,BOTUCATU,ELETRICO,10,copy_of_D_Frota_por_UF_Municipio_COMBUSTIVEL_Julho_2026.xlsx
SAO PAULO,BOTUCATU,ELETRICO/FONTE EXTERNA,310,copy_of_D_Frota_por_UF_Municipio_COMBUSTIVEL_Julho_2026.xlsx
SAO PAULO,BOTUCATU,ELETRICO/FONTE INTERNA,14,copy_of_D_Frota_por_UF_Municipio_COMBUSTIVEL_Julho_2026.xlsx
SAO PAULO,BOTUCATU,GAS NATURAL VEICULAR,2,copy_of_D_Frota_por_UF_Municipio_COMBUSTIVEL_Julho_2026.xlsx
SAO PAULO,BOTUCATU,GASOL/GAS NATURAL COMBUSTIVEL,2,copy_of_D_Frota_por_UF_Municipio_COMBUSTIVEL_Julho_2026.xlsx
SAO PAULO,BOTUCATU,GASOLINA,53654,copy_of_D_Frota_por_UF_Municipio_COMBUSTIVEL_Julho_2026.xlsx
SAO PAULO,BOTUCATU,GASOLINA/ALCOOL/ELETRICO,252,copy_of_D_Frota_por_UF_Municipio_COMBUSTIVEL_Julho_2026.xlsx
SAO PAULO,BOTUCATU,GASOLINA/ALCOOL/GAS NATURAL,14,copy_of_D_Frota_por_UF_Municipio_COMBUSTIVEL_Julho_2026.xlsx
SAO PAULO,BOTUCATU,GASOLINA/ELETRICO,378,copy_of_D_Frota_por_UF_Municipio_COMBUSTIVEL_Julho_2026.xlsx
SAO PAULO,BOTUCATU,GASOLINA/GAS NATURAL VEICULAR,44,copy_of_D_Frota_por_UF_Municipio_COMBUSTIVEL_Julho_2026.xlsx
SAO PAULO,BOTUCATU,HIBRIDO,19,copy_of_D_Frota_por_UF_Municipio_COMBUSTIVEL_Julho_2026.xlsx
SAO PAULO,BOTUCATU,HIBRIDO PLUG-IN,46,copy_of_D_Frota_por_UF_Municipio_COMBUSTIVEL_Julho_2026.xlsx
SAO PAULO,BOTUCATU,Sem Informação,4319,copy_of_D_Frota_por_UF_Municipio_COMBUSTIVEL_Julho_2026.xlsx
SAO PAULO,BRAGANCA PAULISTA,ALCOOL,6026,copy_of_D_Frota_por_UF_Municipio_COMBUSTIVEL_Julho_2026.xlsx
SAO PAULO,BRAGANCA PAULISTA,ALCOOL/GAS NATURAL VEICULAR,11,copy_of_D_Frota_por_UF_Municipio_COMBUSTIVEL_Julho_2026.xlsx
SAO PAULO,BRAGANCA PAULISTA,ALCOOL/GASOLINA,72639,copy_of_D_Frota_por_UF_Municipio_COMBUSTIVEL_Julho_2026.xlsx
SAO PAULO,BRAGANCA PAULISTA,DIESEL,9752,copy_of_D_Frota_por_UF_Municipio_COMBUSTIVEL_Julho_2026.xlsx
SAO PAULO,BRAGANCA PAULISTA,DIESEL/ELETRICO,10,copy_of_D_Frota_por_UF_Municipio_COMBUSTIVEL_Julho_2026.xlsx
SAO PAULO,BRAGANCA PAULISTA,DIESEL/GAS NATURAL COMBUSTIVEL,1,copy_of_D_Frota_por_UF_Municipio_COMBUSTIVEL_Julho_2026.xlsx
SAO PAULO,BRAGANCA PAULISTA,ELETRICO,52,copy_of_D_Frota_por_UF_Municipio_COMBUSTIVEL_Julho_2026.xlsx
SAO PAULO,BRAGANCA PAULISTA,ELETRICO/FONTE EXTERNA,357,copy_of_D_Frota_por_UF_Municipio_COMBUSTIVEL_Julho_2026.xlsx
SAO PAULO,BRAGANCA PAULISTA,ELETRICO/FONTE INTERNA,23,copy_of_D_Frota_por_UF_Municipio_COMBUSTIVEL_Julho_2026.xlsx
SAO PAULO,BRAGANCA PAULISTA,GAS METANO,1,copy_of_D_Frota_por_UF_Municipio_COMBUSTIVEL_Julho_2026.xlsx
SAO PAULO,BRAGANCA PAULISTA,GASOL/GAS NATURAL COMBUSTIVEL,5,copy_of_D_Frota_por_UF_Municipio_COMBUSTIVEL_Julho_2026.xlsx
SAO PAULO,BRAGANCA PAULISTA,GASOLINA,69276,copy_of_D_Frota_por_UF_Municipio_COMBUSTIVEL_Julho_2026.xlsx
SAO PAULO,BRAGANCA PAULISTA,GASOLINA/ALCOOL/ELETRICO,297,copy_of_D_Frota_por_UF_Municipio_COMBUSTIVEL_Julho_2026.xlsx
SAO PAULO,BRAGANCA PAULISTA,GASOLINA/ALCOOL/GAS NATURAL,43,copy_of_D_Frota_por_UF_Municipio_COMBUSTIVEL_Julho_2026.xlsx
SAO PAULO,BRAGANCA PAULISTA,GASOLINA/ELETRICO,499,copy_of_D_Frota_por_UF_Municipio_COMBUSTIVEL_Julho_2026.xlsx
SAO PAULO,BRAGANCA PAULISTA,GASOLINA/GAS NATURAL VEICULAR,199,copy_of_D_Frota_por_UF_Municipio_COMBUSTIVEL_Julho_2026.xlsx
SAO PAULO,BRAGANCA PAULISTA,HIBRIDO,68,copy_of_D_Frota_por_UF_Municipio_COMBUSTIVEL_Julho_2026.xlsx
SAO PAULO,BRAGANCA PAULISTA,HIBRIDO PLUG-IN,146,copy_of_D_Frota_por_UF_Municipio_COMBUSTIVEL_Julho_2026.xlsx
SAO PAULO,BRAGANCA PAULISTA,Sem Informação,3121,copy_of_D_Frota_por_UF_Municipio_COMBUSTIVEL_Julho_2026.xlsx
SAO PAULO,BRAUNA,ALCOOL,356,copy_of_D_Frota_por_UF_Municipio_COMBUSTIVEL_Julho_2026.xlsx
SAO PAULO,BRAUNA,ALCOOL/GASOLINA,1479,copy_of_D_Frota_por_UF_Municipio_COMBUSTIVEL_Julho_2026.xlsx
SAO PAULO,BRAUNA,DIESEL,517,copy_of_D_Frota_por_UF_Municipio_COMBUSTIVEL_Julho_2026.xlsx
SAO PAULO,BRAUNA,GASOLINA,1239,copy_of_D_Frota_por_UF_Municipio_COMBUSTIVEL_Julho_2026.xlsx
SAO PAULO,BRAUNA,GASOLINA/ALCOOL/ELETRICO,8,copy_of_D_Frota_por_UF_Municipio_COMBUSTIVEL_Julho_2026.xlsx
SAO PAULO,BRAUNA,GASOLINA/ALCOOL/GAS NATURAL,1,copy_of_D_Frota_por_UF_Municipio_COMBUSTIVEL_Julho_2026.xlsx
SAO PAULO,BRAUNA,GASOLINA/ELETRICO,1,copy_of_D_Frota_por_UF_Municipio_COMBUSTIVEL_Julho_2026.xlsx
SAO PAULO,BRAUNA,GASOLINA/GAS NATURAL VEICULAR,2,copy_of_D_Frota_por_UF_Municipio_COMBUSTIVEL_Julho_2026.xlsx
SAO PAULO,BRAUNA,HIBRIDO,1,copy_of_D_Frota_por_UF_Municipio_COMBUSTIVEL_Julho_2026.xlsx
SAO PAULO,BRAUNA,Sem Informação,243,copy_of_D_Frota_por_UF_Municipio_COMBUSTIVEL_Julho_2026.xlsx
SAO PAULO,BREJO ALEGRE,ALCOOL,103,copy_of_D_Frota_por_UF_Municipio_COMBUSTIVEL_Julho_2026.xlsx
SAO PAULO,BREJO ALEGRE,ALCOOL/GASOLINA,645,copy_of_D_Frota_por_UF_Municipio_COMBUSTIVEL_Julho_2026.xlsx
SAO PAULO,BREJO ALEGRE,DIESEL,258,copy_of_D_Frota_por_UF_Municipio_COMBUSTIVEL_Julho_2026.xlsx
SAO PAULO,BREJO ALEGRE,ELETRICO/FONTE EXTERNA,1,copy_of_D_Frota_por_UF_Municipio_COMBUSTIVEL_Julho_2026.xlsx
SAO PAULO,BREJO ALEGRE,GASOLINA,579,copy_of_D_Frota_por_UF_Municipio_COMBUSTIVEL_Julho_2026.xlsx
SAO PAULO,BREJO ALEGRE,GASOLINA/ALCOOL/ELETRICO,2,copy_of_D_Frota_por_UF_Municipio_COMBUSTIVEL_Julho_2026.xlsx
SAO PAULO,BREJO ALEGRE,HIBRIDO PLUG-IN,1,copy_of_D_Frota_por_UF_Municipio_COMBUSTIVEL_Julho_2026.xlsx
SAO PAULO,BREJO ALEGRE,Sem Informação,283,copy_of_D_Frota_por_UF_Municipio_COMBUSTIVEL_Julho_2026.xlsx
SAO PAULO,BRODOWSKI,ALCOOL,1522,copy_of_D_Frota_por_UF_Municipio_COMBUSTIVEL_Julho_2026.xlsx
SAO PAULO,BRODOWSKI,ALCOOL/GASOLINA,8432,copy_of_D_Frota_por_UF_Municipio_COMBUSTIVEL_Julho_2026.xlsx
SAO PAULO,BRODOWSKI,DIESEL,2317,copy_of_D_Frota_por_UF_Municipio_COMBUSTIVEL_Julho_2026.xlsx
SAO PAULO,BRODOWSKI,DIESEL/ELETRICO,3,copy_of_D_Frota_por_UF_Municipio_COMBUSTIVEL_Julho_2026.xlsx
SAO PAULO,BRODOWSKI,ELETRICO,2,copy_of_D_Frota_por_UF_Municipio_COMBUSTIVEL_Julho_2026.xlsx
SAO PAULO,BRODOWSKI,ELETRICO/FONTE EXTERNA,21,copy_of_D_Frota_por_UF_Municipio_COMBUSTIVEL_Julho_2026.xlsx
SAO PAULO,BRODOWSKI,ELETRICO/FONTE INTERNA,11,copy_of_D_Frota_por_UF_Municipio_COMBUSTIVEL_Julho_2026.xlsx
SAO PAULO,BRODOWSKI,GASOL/GAS NATURAL COMBUSTIVEL,2,copy_of_D_Frota_por_UF_Municipio_COMBUSTIVEL_Julho_2026.xlsx
SAO PAULO,BRODOWSKI,GASOLINA,7042,copy_of_D_Frota_por_UF_Municipio_COMBUSTIVEL_Julho_2026.xlsx
SAO PAULO,BRODOWSKI,GASOLINA/ALCOOL/ELETRICO,16,copy_of_D_Frota_por_UF_Municipio_COMBUSTIVEL_Julho_2026.xlsx
SAO PAULO,BRODOWSKI,GASOLINA/ALCOOL/GAS NATURAL,4,copy_of_D_Frota_por_UF_Municipio_COMBUSTIVEL_Julho_2026.xlsx
SAO PAULO,BRODOWSKI,GASOLINA/ELETRICO,24,copy_of_D_Frota_por_UF_Municipio_COMBUSTIVEL_Julho_2026.xlsx
SAO PAULO,BRODOWSKI,GASOLINA/GAS NATURAL VEICULAR,18,copy_of_D_Frota_por_UF_Municipio_COMBUSTIVEL_Julho_2026.xlsx
SAO PAULO,BRODOWSKI,HIBRIDO,5,copy_of_D_Frota_por_UF_Municipio_COMBUSTIVEL_Julho_2026.xlsx
SAO PAULO,BRODOWSKI,HIBRIDO PLUG-IN,6,copy_of_D_Frota_por_UF_Municipio_COMBUSTIVEL_Julho_2026.xlsx
SAO PAULO,BRODOWSKI,Sem Informação,806,copy_of_D_Frota_por_UF_Municipio_COMBUSTIVEL_Julho_2026.xlsx
SAO PAULO,BROTAS,ALCOOL,1594,copy_of_D_Frota_por_UF_Municipio_COMBUSTIVEL_Julho_2026.xlsx
SAO PAULO,BROTAS,ALCOOL/GASOLINA,7596,copy_of_D_Frota_por_UF_Municipio_COMBUSTIVEL_Julho_2026.xlsx
SAO PAULO,BROTAS,DIESEL,2013,copy_of_D_Frota_por_UF_Municipio_COMBUSTIVEL_Julho_2026.xlsx
SAO PAULO,BROTAS,DIESEL/ELETRICO,1,copy_of_D_Frota_por_UF_Municipio_COMBUSTIVEL_Julho_2026.xlsx
SAO PAULO,BROTAS,ELETRICO/FONTE EXTERNA,6,copy_of_D_Frota_por_UF_Municipio_COMBUSTIVEL_Julho_2026.xlsx
SAO PAULO,BROTAS,GASOLINA,8164,copy_of_D_Frota_por_UF_Municipio_COMBUSTIVEL_Julho_2026.xlsx
SAO PAULO,BROTAS,GASOLINA/ALCOOL/ELETRICO,17,copy_of_D_Frota_por_UF_Municipio_COMBUSTIVEL_Julho_2026.xlsx
SAO PAULO,BROTAS,GASOLINA/ALCOOL/GAS NATURAL,3,copy_of_D_Frota_por_UF_Municipio_COMBUSTIVEL_Julho_2026.xlsx
SAO PAULO,BROTAS,GASOLINA/ELETRICO,7,copy_of_D_Frota_por_UF_Municipio_COMBUSTIVEL_Julho_2026.xlsx
SAO PAULO,BROTAS,GASOLINA/GAS NATURAL VEICULAR,12,copy_of_D_Frota_por_UF_Municipio_COMBUSTIVEL_Julho_2026.xlsx
SAO PAULO,BROTAS,HIBRIDO,3,copy_of_D_Frota_por_UF_Municipio_COMBUSTIVEL_Julho_2026.xlsx
SAO PAULO,BROTAS,HIBRIDO PLUG-IN,6,copy_of_D_Frota_por_UF_Municipio_COMBUSTIVEL_Julho_2026.xlsx
SAO PAULO,BROTAS,Sem Informação,1197,copy_of_D_Frota_por_UF_Municipio_COMBUSTIVEL_Julho_2026.xlsx
SAO PAULO,BURI,ALCOOL,699,copy_of_D_Frota_por_UF_Municipio_COMBUSTIVEL_Julho_2026.xlsx
SAO PAULO,BURI,ALCOOL/GASOLINA,5056,copy_of_D_Frota_por_UF_Municipio_COMBUSTIVEL_Julho_2026.xlsx
SAO PAULO,BURI,DIESEL,1509,copy_of_D_Frota_por_UF_Municipio_COMBUSTIVEL_Julho_2026.xlsx
SAO PAULO,BURI,DIESEL/ELETRICO,2,copy_of_D_Frota_por_UF_Municipio_COMBUSTIVEL_Julho_2026.xlsx
SAO PAULO,BURI,ELETRICO,1,copy_of_D_Frota_por_UF_Municipio_COMBUSTIVEL_Julho_2026.xlsx
SAO PAULO,BURI,ELETRICO/FONTE EXTERNA,6,copy_of_D_Frota_por_UF_Municipio_COMBUSTIVEL_Julho_2026.xlsx
SAO PAULO,BURI,ELETRICO/FONTE INTERNA,2,copy_of_D_Frota_por_UF_Municipio_COMBUSTIVEL_Julho_2026.xlsx
SAO PAULO,BURI,GASOL/GAS NATURAL COMBUSTIVEL,2,copy_of_D_Frota_por_UF_Municipio_COMBUSTIVEL_Julho_2026.xlsx
SAO PAULO,BURI,GASOLINA,5523,copy_of_D_Frota_por_UF_Municipio_COMBUSTIVEL_Julho_2026.xlsx
SAO PAULO,BURI,GASOLINA/ALCOOL/ELETRICO,8,copy_of_D_Frota_por_UF_Municipio_COMBUSTIVEL_Julho_2026.xlsx
SAO PAULO,BURI,GASOLINA/ALCOOL/GAS NATURAL,4,copy_of_D_Frota_por_UF_Municipio_COMBUSTIVEL_Julho_2026.xlsx
SAO PAULO,BURI,GASOLINA/ELETRICO,10,copy_of_D_Frota_por_UF_Municipio_COMBUSTIVEL_Julho_2026.xlsx
SAO PAULO,BURI,GASOLINA/GAS NATURAL VEICULAR,9,copy_of_D_Frota_por_UF_Municipio_COMBUSTIVEL_Julho_2026.xlsx
SAO PAULO,BURI,HIBRIDO PLUG-IN,1,copy_of_D_Frota_por_UF_Municipio_COMBUSTIVEL_Julho_2026.xlsx
SAO PAULO,BURI,Sem Informação,607,copy_of_D_Frota_por_UF_Municipio_COMBUSTIVEL_Julho_2026.xlsx
SAO PAULO,BURITAMA,ALCOOL,1033,copy_of_D_Frota_por_UF_Municipio_COMBUSTIVEL_Julho_2026.xlsx
SAO PAULO,BURITAMA,ALCOOL/GASOLINA,5890,copy_of_D_Frota_por_UF_Municipio_COMBUSTIVEL_Julho_2026.xlsx
SAO PAULO,BURITAMA,DIESEL,1099,copy_of_D_Frota_por_UF_Municipio_COMBUSTIVEL_Julho_2026.xlsx
SAO PAULO,BURITAMA,DIESEL/ELETRICO,1,copy_of_D_Frota_por_UF_Municipio_COMBUSTIVEL_Julho_2026.xlsx
SAO PAULO,BURITAMA,ELETRICO/FONTE EXTERNA,3,copy_of_D_Frota_por_UF_Municipio_COMBUSTIVEL_Julho_2026.xlsx
SAO PAULO,BURITAMA,ELETRICO/FONTE INTERNA,1,copy_of_D_Frota_por_UF_Municipio_COMBUSTIVEL_Julho_2026.xlsx
SAO PAULO,BURITAMA,GASOLINA,5490,copy_of_D_Frota_por_UF_Municipio_COMBUSTIVEL_Julho_2026.xlsx
SAO PAULO,BURITAMA,GASOLINA/ALCOOL/ELETRICO,15,copy_of_D_Frota_por_UF_Municipio_COMBUSTIVEL_Julho_2026.xlsx
SAO PAULO,BURITAMA,GASOLINA/ALCOOL/GAS NATURAL,1,copy_of_D_Frota_por_UF_Municipio_COMBUSTIVEL_Julho_2026.xlsx
SAO PAULO,BURITAMA,GASOLINA/ELETRICO,14,copy_of_D_Frota_por_UF_Municipio_COMBUSTIVEL_Julho_2026.xlsx
SAO PAULO,BURITAMA,GASOLINA/GAS NATURAL VEICULAR,4,copy_of_D_Frota_por_UF_Municipio_COMBUSTIVEL_Julho_2026.xlsx
SAO PAULO,BURITAMA,HIBRIDO,4,copy_of_D_Frota_por_UF_Municipio_COMBUSTIVEL_Julho_2026.xlsx
SAO PAULO,BURITAMA,HIBRIDO PLUG-IN,3,copy_of_D_Frota_por_UF_Municipio_COMBUSTIVEL_Julho_2026.xlsx
SAO PAULO,BURITAMA,Sem Informação,958,copy_of_D_Frota_por_UF_Municipio_COMBUSTIVEL_Julho_2026.xlsx
SAO PAULO,BURITIZAL,ALCOOL,296,copy_of_D_Frota_por_UF_Municipio_COMBUSTIVEL_Julho_2026.xlsx
SAO PAULO,BURITIZAL,ALCOOL/GASOLINA,1277,copy_of_D_Frota_por_UF_Municipio_COMBUSTIVEL_Julho_2026.xlsx
SAO PAULO,BURITIZAL,DIESEL,498,copy_of_D_Frota_por_UF_Municipio_COMBUSTIVEL_Julho_2026.xlsx
SAO PAULO,BURITIZAL,ELETRICO/FONTE EXTERNA,2,copy_of_D_Frota_por_UF_Municipio_COMBUSTIVEL_Julho_2026.xlsx
SAO PAULO,BURITIZAL,GASOLINA,1238,copy_of_D_Frota_por_UF_Municipio_COMBUSTIVEL_Julho_2026.xlsx
SAO PAULO,BURITIZAL,GASOLINA/ALCOOL/ELETRICO,3,copy_of_D_Frota_por_UF_Municipio_COMBUSTIVEL_Julho_2026.xlsx
SAO PAULO,BURITIZAL,GASOLINA/ALCOOL/GAS NATURAL,1,copy_of_D_Frota_por_UF_Municipio_COMBUSTIVEL_Julho_2026.xlsx
SAO PAULO,BURITIZAL,GASOLINA/ELETRICO,1,copy_of_D_Frota_por_UF_Municipio_COMBUSTIVEL_Julho_2026.xlsx
SAO PAULO,BURITIZAL,GASOLINA/GAS NATURAL VEICULAR,2,copy_of_D_Frota_por_UF_Municipio_COMBUSTIVEL_Julho_2026.xlsx
SAO PAULO,BURITIZAL,Sem Informação,444,copy_of_D_Frota_por_UF_Municipio_COMBUSTIVEL_Julho_2026.xlsx
SAO PAULO,CABRALIA PAULISTA,ALCOOL,299,copy_of_D_Frota_por_UF_Municipio_COMBUSTIVEL_Julho_2026.xlsx
SAO PAULO,CABRALIA PAULISTA,ALCOOL/GASOLINA,1163,copy_of_D_Frota_por_UF_Municipio_COMBUSTIVEL_Julho_2026.xlsx
SAO PAULO,CABRALIA PAULISTA,DIESEL,387,copy_of_D_Frota_por_UF_Municipio_COMBUSTIVEL_Julho_2026.xlsx
SAO PAULO,CABRALIA PAULISTA,ELETRICO/FONTE EXTERNA,1,copy_of_D_Frota_por_UF_Municipio_COMBUSTIVEL_Julho_2026.xlsx
SAO PAULO,CABRALIA PAULISTA,GASOLINA,1214,copy_of_D_Frota_por_UF_Municipio_COMBUSTIVEL_Julho_2026.xlsx
SAO PAULO,CABRALIA PAULISTA,GASOLINA/GAS NATURAL VEICULAR,1,copy_of_D_Frota_por_UF_Municipio_COMBUSTIVEL_Julho_2026.xlsx
SAO PAULO,CABRALIA PAULISTA,Sem Informação,217,copy_of_D_Frota_por_UF_Municipio_COMBUSTIVEL_Julho_2026.xlsx
SAO PAULO,CABREUVA,ALCOOL,1762,copy_of_D_Frota_por_UF_Municipio_COMBUSTIVEL_Julho_2026.xlsx
SAO PAULO,CABREUVA,ALCOOL/GAS NATURAL VEICULAR,12,copy_of_D_Frota_por_UF_Municipio_COMBUSTIVEL_Julho_2026.xlsx
SAO PAULO,CABREUVA,ALCOOL/GASOLINA,16394,copy_of_D_Frota_por_UF_Municipio_COMBUSTIVEL_Julho_2026.xlsx
SAO PAULO,CABREUVA,DIESEL,2781,copy_of_D_Frota_por_UF_Municipio_COMBUSTIVEL_Julho_2026.xlsx
SAO PAULO,CABREUVA,ELETRICO,12,copy_of_D_Frota_por_UF_Municipio_COMBUSTIVEL_Julho_2026.xlsx
SAO PAULO,CABREUVA,ELETRICO/FONTE EXTERNA,46,copy_of_D_Frota_por_UF_Municipio_COMBUSTIVEL_Julho_2026.xlsx
SAO PAULO,CABREUVA,ELETRICO/FONTE INTERNA,6,copy_of_D_Frota_por_UF_Municipio_COMBUSTIVEL_Julho_2026.xlsx
SAO PAULO,CABREUVA,GASOL/GAS NATURAL COMBUSTIVEL,5,copy_of_D_Frota_por_UF_Municipio_COMBUSTIVEL_Julho_2026.xlsx
SAO PAULO,CABREUVA,GASOLINA,15599,copy_of_D_Frota_por_UF_Municipio_COMBUSTIVEL_Julho_2026.xlsx
SAO PAULO,CABREUVA,GASOLINA/ALCOOL/ELETRICO,39,copy_of_D_Frota_por_UF_Municipio_COMBUSTIVEL_Julho_2026.xlsx
SAO PAULO,CABREUVA,GASOLINA/ALCOOL/GAS NATURAL,20,copy_of_D_Frota_por_UF_Municipio_COMBUSTIVEL_Julho_2026.xlsx
SAO PAULO,CABREUVA,GASOLINA/ELETRICO,78,copy_of_D_Frota_por_UF_Municipio_COMBUSTIVEL_Julho_2026.xlsx
SAO PAULO,CABREUVA,GASOLINA/GAS NATURAL VEICULAR,199,copy_of_D_Frota_por_UF_Municipio_COMBUSTIVEL_Julho_2026.xlsx
SAO PAULO,CABREUVA,HIBRIDO,4,copy_of_D_Frota_por_UF_Municipio_COMBUSTIVEL_Julho_2026.xlsx
SAO PAULO,CABREUVA,HIBRIDO PLUG-IN,13,copy_of_D_Frota_por_UF_Municipio_COMBUSTIVEL_Julho_2026.xlsx
SAO PAULO,CABREUVA,Sem Informação,809,copy_of_D_Frota_por_UF_Municipio_COMBUSTIVEL_Julho_2026.xlsx
SAO PAULO,CACAPAVA,ALCOOL,3626,copy_of_D_Frota_por_UF_Municipio_COMBUSTIVEL_Julho_2026.xlsx
SAO PAULO,CACAPAVA,ALCOOL/GAS NATURAL COMBUSTIVEL,1,copy_of_D_Frota_por_UF_Municipio_COMBUSTIVEL_Julho_2026.xlsx
SAO PAULO,CACAPAVA,ALCOOL/GAS NATURAL VEICULAR,33,copy_of_D_Frota_por_UF_Municipio_COMBUSTIVEL_Julho_2026.xlsx
SAO PAULO,CACAPAVA,ALCOOL/GASOLINA,29568,copy_of_D_Frota_por_UF_Municipio_COMBUSTIVEL_Julho_2026.xlsx
SAO PAULO,CACAPAVA,DIESEL,3776,copy_of_D_Frota_por_UF_Municipio_COMBUSTIVEL_Julho_2026.xlsx
SAO PAULO,CACAPAVA,DIESEL/ELETRICO,5,copy_of_D_Frota_por_UF_Municipio_COMBUSTIVEL_Julho_2026.xlsx
SAO PAULO,CACAPAVA,DIESEL/GAS NATURAL VEICULAR,13,copy_of_D_Frota_por_UF_Municipio_COMBUSTIVEL_Julho_2026.xlsx
SAO PAULO,CACAPAVA,ELETRICO,14,copy_of_D_Frota_por_UF_Municipio_COMBUSTIVEL_Julho_2026.xlsx
SAO PAULO,CACAPAVA,ELETRICO/FONTE EXTERNA,100,copy_of_D_Frota_por_UF_Municipio_COMBUSTIVEL_Julho_2026.xlsx
SAO PAULO,CACAPAVA,ELETRICO/FONTE INTERNA,4,copy_of_D_Frota_por_UF_Municipio_COMBUSTIVEL_Julho_2026.xlsx
SAO PAULO,CACAPAVA,GAS METANO,2,copy_of_D_Frota_por_UF_Municipio_COMBUSTIVEL_Julho_2026.xlsx
SAO PAULO,CACAPAVA,GAS NATURAL VEICULAR,1,copy_of_D_Frota_por_UF_Municipio_COMBUSTIVEL_Julho_2026.xlsx
SAO PAULO,CACAPAVA,GASOL/GAS NATURAL COMBUSTIVEL,4,copy_of_D_Frota_por_UF_Municipio_COMBUSTIVEL_Julho_2026.xlsx
SAO PAULO,CACAPAVA,GASOLINA,29849,copy_of_D_Frota_por_UF_Municipio_COMBUSTIVEL_Julho_2026.xlsx
SAO PAULO,CACAPAVA,GASOLINA/ALCOOL/ELETRICO,52,copy_of_D_Frota_por_UF_Municipio_COMBUSTIVEL_Julho_2026.xlsx
SAO PAULO,CACAPAVA,GASOLINA/ALCOOL/GAS NATURAL,172,copy_of_D_Frota_por_UF_Municipio_COMBUSTIVEL_Julho_2026.xlsx
SAO PAULO,CACAPAVA,GASOLINA/ELETRICO,95,copy_of_D_Frota_por_UF_Municipio_COMBUSTIVEL_Julho_2026.xlsx
SAO PAULO,CACAPAVA,GASOLINA/GAS NATURAL VEICULAR,652,copy_of_D_Frota_por_UF_Municipio_COMBUSTIVEL_Julho_2026.xlsx
SAO PAULO,CACAPAVA,HIBRIDO,10,copy_of_D_Frota_por_UF_Municipio_COMBUSTIVEL_Julho_2026.xlsx
SAO PAULO,CACAPAVA,HIBRIDO PLUG-IN,22,copy_of_D_Frota_por_UF_Municipio_COMBUSTIVEL_Julho_2026.xlsx
SAO PAULO,CACAPAVA,Sem Informação,1790,copy_of_D_Frota_por_UF_Municipio_COMBUSTIVEL_Julho_2026.xlsx
SAO PAULO,CACHOEIRA PAULISTA,ALCOOL,817,copy_of_D_Frota_por_UF_Municipio_COMBUSTIVEL_Julho_2026.xlsx
SAO PAULO,CACHOEIRA PAULISTA,ALCOOL/GAS NATURAL COMBUSTIVEL,1,copy_of_D_Frota_por_UF_Municipio_COMBUSTIVEL_Julho_2026.xlsx
SAO PAULO,CACHOEIRA PAULISTA,ALCOOL/GAS NATURAL VEICULAR,11,copy_of_D_Frota_por_UF_Municipio_COMBUSTIVEL_Julho_2026.xlsx
SAO PAULO,CACHOEIRA PAULISTA,ALCOOL/GASOLINA,8584,copy_of_D_Frota_por_UF_Municipio_COMBUSTIVEL_Julho_2026.xlsx
SAO PAULO,CACHOEIRA PAULISTA,DIESEL,1013,copy_of_D_Frota_por_UF_Municipio_COMBUSTIVEL_Julho_2026.xlsx
SAO PAULO,CACHOEIRA PAULISTA,ELETRICO,3,copy_of_D_Frota_por_UF_Municipio_COMBUSTIVEL_Julho_2026.xlsx
SAO PAULO,CACHOEIRA PAULISTA,ELETRICO/FONTE EXTERNA,12,copy_of_D_Frota_por_UF_Municipio_COMBUSTIVEL_Julho_2026.xlsx
SAO PAULO,CACHOEIRA PAULISTA,ELETRICO/FONTE INTERNA,2,copy_of_D_Frota_por_UF_Municipio_COMBUSTIVEL_Julho_2026.xlsx
SAO PAULO,CACHOEIRA PAULISTA,GASOGENIO,1,copy_of_D_Frota_por_UF_Municipio_COMBUSTIVEL_Julho_2026.xlsx
SAO PAULO,CACHOEIRA PAULISTA,GASOL/GAS NATURAL COMBUSTIVEL,2,copy_of_D_Frota_por_UF_Municipio_COMBUSTIVEL_Julho_2026.xlsx
SAO PAULO,CACHOEIRA PAULISTA,GASOLINA,8102,copy_of_D_Frota_por_UF_Municipio_COMBUSTIVEL_Julho_2026.xlsx
SAO PAULO,CACHOEIRA PAULISTA,GASOLINA/ALCOOL/ELETRICO,16,copy_of_D_Frota_por_UF_Municipio_COMBUSTIVEL_Julho_2026.xlsx
SAO PAULO,CACHOEIRA PAULISTA,GASOLINA/ALCOOL/GAS NATURAL,52,copy_of_D_Frota_por_UF_Municipio_COMBUSTIVEL_Julho_2026.xlsx
SAO PAULO,CACHOEIRA PAULISTA,GASOLINA/ELETRICO,15,copy_of_D_Frota_por_UF_Municipio_COMBUSTIVEL_Julho_2026.xlsx
SAO PAULO,CACHOEIRA PAULISTA,GASOLINA/GAS NATURAL VEICULAR,207,copy_of_D_Frota_por_UF_Municipio_COMBUSTIVEL_Julho_2026.xlsx
SAO PAULO,CACHOEIRA PAULISTA,HIBRIDO,1,copy_of_D_Frota_por_UF_Municipio_COMBUSTIVEL_Julho_2026.xlsx
SAO PAULO,CACHOEIRA PAULISTA,HIBRIDO PLUG-IN,2,copy_of_D_Frota_por_UF_Municipio_COMBUSTIVEL_Julho_2026.xlsx
SAO PAULO,CACHOEIRA PAULISTA,Sem Informação,441,copy_of_D_Frota_por_UF_Municipio_COMBUSTIVEL_Julho_2026.xlsx
SAO PAULO,CACONDE,ALCOOL,1086,copy_of_D_Frota_por_UF_Municipio_COMBUSTIVEL_Julho_2026.xlsx
SAO PAULO,CACONDE,ALCOOL/GASOLINA,4642,copy_of_D_Frota_por_UF_Municipio_COMBUSTIVEL_Julho_2026.xlsx
SAO PAULO,CACONDE,DIESEL,1052,copy_of_D_Frota_por_UF_Municipio_COMBUSTIVEL_Julho_2026.xlsx
SAO PAULO,CACONDE,DIESEL/ELETRICO,1,copy_of_D_Frota_por_UF_Municipio_COMBUSTIVEL_Julho_2026.xlsx
SAO PAULO,CACONDE,ELETRICO,1,copy_of_D_Frota_por_UF_Municipio_COMBUSTIVEL_Julho_2026.xlsx
SAO PAULO,CACONDE,ELETRICO/FONTE EXTERNA,4,copy_of_D_Frota_por_UF_Municipio_COMBUSTIVEL_Julho_2026.xlsx
SAO PAULO,CACONDE,GASOLINA,6421,copy_of_D_Frota_por_UF_Municipio_COMBUSTIVEL_Julho_2026.xlsx
SAO PAULO,CACONDE,GASOLINA/ALCOOL/ELETRICO,11,copy_of_D_Frota_por_UF_Municipio_COMBUSTIVEL_Julho_2026.xlsx
SAO PAULO,CACONDE,GASOLINA/ELETRICO,8,copy_of_D_Frota_por_UF_Municipio_COMBUSTIVEL_Julho_2026.xlsx
SAO PAULO,CACONDE,GASOLINA/GAS NATURAL VEICULAR,7,copy_of_D_Frota_por_UF_Municipio_COMBUSTIVEL_Julho_2026.xlsx
SAO PAULO,CACONDE,HIBRIDO PLUG-IN,2,copy_of_D_Frota_por_UF_Municipio_COMBUSTIVEL_Julho_2026.xlsx
SAO PAULO,CACONDE,Sem Informação,213,copy_of_D_Frota_por_UF_Municipio_COMBUSTIVEL_Julho_2026.xlsx
SAO PAULO,CAFELANDIA,ALCOOL,898,copy_of_D_Frota_por_UF_Municipio_COMBUSTIVEL_Julho_2026.xlsx
SAO PAULO,CAFELANDIA,ALCOOL/GASOLINA,4785,copy_of_D_Frota_por_UF_Municipio_COMBUSTIVEL_Julho_2026.xlsx
SAO PAULO,CAFELANDIA,DIESEL,1024,copy_of_D_Frota_por_UF_Municipio_COMBUSTIVEL_Julho_2026.xlsx
SAO PAULO,CAFELANDIA,ELETRICO,4,copy_of_D_Frota_por_UF_Municipio_COMBUSTIVEL_Julho_2026.xlsx
SAO PAULO,CAFELANDIA,ELETRICO/FONTE EXTERNA,8,copy_of_D_Frota_por_UF_Municipio_COMBUSTIVEL_Julho_2026.xlsx
SAO PAULO,CAFELANDIA,GASOLINA,4994,copy_of_D_Frota_por_UF_Municipio_COMBUSTIVEL_Julho_2026.xlsx
SAO PAULO,CAFELANDIA,GASOLINA/ALCOOL/ELETRICO,12,copy_of_D_Frota_por_UF_Municipio_COMBUSTIVEL_Julho_2026.xlsx
SAO PAULO,CAFELANDIA,GASOLINA/ELETRICO,12,copy_of_D_Frota_por_UF_Municipio_COMBUSTIVEL_Julho_2026.xlsx
SAO PAULO,CAFELANDIA,GASOLINA/GAS NATURAL VEICULAR,2,copy_of_D_Frota_por_UF_Municipio_COMBUSTIVEL_Julho_2026.xlsx
SAO PAULO,CAFELANDIA,HIBRIDO,4,copy_of_D_Frota_por_UF_Municipio_COMBUSTIVEL_Julho_2026.xlsx
SAO PAULO,CAFELANDIA,HIBRIDO PLUG-IN,6,copy_of_D_Frota_por_UF_Municipio_COMBUSTIVEL_Julho_2026.xlsx
SAO PAULO,CAFELANDIA,Sem Informação,874,copy_of_D_Frota_por_UF_Municipio_COMBUSTIVEL_Julho_2026.xlsx
SAO PAULO,CAIABU,ALCOOL,290,copy_of_D_Frota_por_UF_Municipio_COMBUSTIVEL_Julho_2026.xlsx
SAO PAULO,CAIABU,ALCOOL/GASOLINA,886,copy_of_D_Frota_por_UF_Municipio_COMBUSTIVEL_Julho_2026.xlsx
SAO PAULO,CAIABU,DIESEL,202,copy_of_D_Frota_por_UF_Municipio_COMBUSTIVEL_Julho_2026.xlsx
SAO PAULO,CAIABU,GASOLINA,1067,copy_of_D_Frota_por_UF_Municipio_COMBUSTIVEL_Julho_2026.xlsx
SAO PAULO,CAIABU,GASOLINA/GAS NATURAL VEICULAR,2,copy_of_D_Frota_por_UF_Municipio_COMBUSTIVEL_Julho_2026.xlsx
SAO PAULO,CAIABU,HIBRIDO PLUG-IN,1,copy_of_D_Frota_por_UF_Municipio_COMBUSTIVEL_Julho_2026.xlsx
SAO PAULO,CAIABU,Sem Informação,81,copy_of_D_Frota_por_UF_Municipio_COMBUSTIVEL_Julho_2026.xlsx
SAO PAULO,CAIEIRAS,ALCOOL,2454,copy_of_D_Frota_por_UF_Municipio_COMBUSTIVEL_Julho_2026.xlsx
SAO PAULO,CAIEIRAS,ALCOOL/GAS NATURAL COMBUSTIVEL,2,copy_of_D_Frota_por_UF_Municipio_COMBUSTIVEL_Julho_2026.xlsx
SAO PAULO,CAIEIRAS,ALCOOL/GAS NATURAL VEICULAR,37,copy_of_D_Frota_por_UF_Municipio_COMBUSTIVEL_Julho_2026.xlsx
SAO PAULO,CAIEIRAS,ALCOOL/GASOLINA,27467,copy_of_D_Frota_por_UF_Municipio_COMBUSTIVEL_Julho_2026.xlsx
SAO PAULO,CAIEIRAS,DIESEL,4117,copy_of_D_Frota_por_UF_Municipio_COMBUSTIVEL_Julho_2026.xlsx
SAO PAULO,CAIEIRAS,DIESEL/ELETRICO,3,copy_of_D_Frota_por_UF_Municipio_COMBUSTIVEL_Julho_2026.xlsx
SAO PAULO,CAIEIRAS,ELETRICO,10,copy_of_D_Frota_por_UF_Municipio_COMBUSTIVEL_Julho_2026.xlsx
SAO PAULO,CAIEIRAS,ELETRICO/FONTE EXTERNA,109,copy_of_D_Frota_por_UF_Municipio_COMBUSTIVEL_Julho_2026.xlsx
SAO PAULO,CAIEIRAS,ELETRICO/FONTE INTERNA,12,copy_of_D_Frota_por_UF_Municipio_COMBUSTIVEL_Julho_2026.xlsx
SAO PAULO,CAIEIRAS,GAS METANO,4,copy_of_D_Frota_por_UF_Municipio_COMBUSTIVEL_Julho_2026.xlsx
SAO PAULO,CAIEIRAS,GASOGENIO,1,copy_of_D_Frota_por_UF_Municipio_COMBUSTIVEL_Julho_2026.xlsx
SAO PAULO,CAIEIRAS,GASOL/GAS NATURAL COMBUSTIVEL,14,copy_of_D_Frota_por_UF_Municipio_COMBUSTIVEL_Julho_2026.xlsx
SAO PAULO,CAIEIRAS,GASOLINA,24048,copy_of_D_Frota_por_UF_Municipio_COMBUSTIVEL_Julho_2026.xlsx
SAO PAULO,CAIEIRAS,GASOLINA/ALCOOL/ELETRICO,115,copy_of_D_Frota_por_UF_Municipio_COMBUSTIVEL_Julho_2026.xlsx
SAO PAULO,CAIEIRAS,GASOLINA/ALCOOL/GAS NATURAL,93,copy_of_D_Frota_por_UF_Municipio_COMBUSTIVEL_Julho_2026.xlsx
SAO PAULO,CAIEIRAS,GASOLINA/ELETRICO,133,copy_of_D_Frota_por_UF_Municipio_COMBUSTIVEL_Julho_2026.xlsx
SAO PAULO,CAIEIRAS,GASOLINA/GAS NATURAL VEICULAR,386,copy_of_D_Frota_por_UF_Municipio_COMBUSTIVEL_Julho_2026.xlsx
SAO PAULO,CAIEIRAS,HIBRIDO,13,copy_of_D_Frota_por_UF_Municipio_COMBUSTIVEL_Julho_2026.xlsx
SAO PAULO,CAIEIRAS,HIBRIDO PLUG-IN,30,copy_of_D_Frota_por_UF_Municipio_COMBUSTIVEL_Julho_2026.xlsx
SAO PAULO,CAIEIRAS,Sem Informação,945,copy_of_D_Frota_por_UF_Municipio_COMBUSTIVEL_Julho_2026.xlsx
SAO PAULO,CAIUA,ALCOOL,205,copy_of_D_Frota_por_UF_Municipio_COMBUSTIVEL_Julho_2026.xlsx
SAO PAULO,CAIUA,ALCOOL/GASOLINA,941,copy_of_D_Frota_por_UF_Municipio_COMBUSTIVEL_Julho_2026.xlsx
SAO PAULO,CAIUA,DIESEL,197,copy_of_D_Frota_por_UF_Municipio_COMBUSTIVEL_Julho_2026.xlsx
SAO PAULO,CAIUA,GASOLINA,926,copy_of_D_Frota_por_UF_Municipio_COMBUSTIVEL_Julho_2026.xlsx
SAO PAULO,CAIUA,GASOLINA/GAS NATURAL VEICULAR,1,copy_of_D_Frota_por_UF_Municipio_COMBUSTIVEL_Julho_2026.xlsx
SAO PAULO,CAIUA,Sem Informação,140,copy_of_D_Frota_por_UF_Municipio_COMBUSTIVEL_Julho_2026.xlsx
SAO PAULO,CAJAMAR,ALCOOL,2236,copy_of_D_Frota_por_UF_Municipio_COMBUSTIVEL_Julho_2026.xlsx
SAO PAULO,CAJAMAR,ALCOOL/GAS NATURAL COMBUSTIVEL,2,copy_of_D_Frota_por_UF_Municipio_COMBUSTIVEL_Julho_2026.xlsx
SAO PAULO,CAJAMAR,ALCOOL/GAS NATURAL VEICULAR,19,copy_of_D_Frota_por_UF_Municipio_COMBUSTIVEL_Julho_2026.xlsx
SAO PAULO,CAJAMAR,ALCOOL/GASOLINA,29440,copy_of_D_Frota_por_UF_Municipio_COMBUSTIVEL_Julho_2026.xlsx
SAO PAULO,CAJAMAR,DIESEL,5561,copy_of_D_Frota_por_UF_Municipio_COMBUSTIVEL_Julho_2026.xlsx
SAO PAULO,CAJAMAR,DIESEL/ELETRICO,3,copy_of_D_Frota_por_UF_Municipio_COMBUSTIVEL_Julho_2026.xlsx
SAO PAULO,CAJAMAR,ELETRICO,14,copy_of_D_Frota_por_UF_Municipio_COMBUSTIVEL_Julho_2026.xlsx
SAO PAULO,CAJAMAR,ELETRICO/FONTE EXTERNA,101,copy_of_D_Frota_por_UF_Municipio_COMBUSTIVEL_Julho_2026.xlsx
SAO PAULO,CAJAMAR,ELETRICO/FONTE INTERNA,8,copy_of_D_Frota_por_UF_Municipio_COMBUSTIVEL_Julho_2026.xlsx
SAO PAULO,CAJAMAR,GAS METANO,1,copy_of_D_Frota_por_UF_Municipio_COMBUSTIVEL_Julho_2026.xlsx
SAO PAULO,CAJAMAR,GAS NATURAL VEICULAR,2,copy_of_D_Frota_por_UF_Municipio_COMBUSTIVEL_Julho_2026.xlsx
SAO PAULO,CAJAMAR,GASOL/GAS NATURAL COMBUSTIVEL,9,copy_of_D_Frota_por_UF_Municipio_COMBUSTIVEL_Julho_2026.xlsx
SAO PAULO,CAJAMAR,GASOLINA,23252,copy_of_D_Frota_por_UF_Municipio_COMBUSTIVEL_Julho_2026.xlsx
SAO PAULO,CAJAMAR,GASOLINA/ALCOOL/ELETRICO,243,copy_of_D_Frota_por_UF_Municipio_COMBUSTIVEL_Julho_2026.xlsx
SAO PAULO,CAJAMAR,GASOLINA/ALCOOL/GAS NATURAL,117,copy_of_D_Frota_por_UF_Municipio_COMBUSTIVEL_Julho_2026.xlsx
SAO PAULO,CAJAMAR,GASOLINA/ELETRICO,176,copy_of_D_Frota_por_UF_Municipio_COMBUSTIVEL_Julho_2026.xlsx
SAO PAULO,CAJAMAR,GASOLINA/GAS NATURAL VEICULAR,385,copy_of_D_Frota_por_UF_Municipio_COMBUSTIVEL_Julho_2026.xlsx
SAO PAULO,CAJAMAR,HIBRIDO,17,copy_of_D_Frota_por_UF_Municipio_COMBUSTIVEL_Julho_2026.xlsx
SAO PAULO,CAJAMAR,HIBRIDO PLUG-IN,42,copy_of_D_Frota_por_UF_Municipio_COMBUSTIVEL_Julho_2026.xlsx
SAO PAULO,CAJAMAR,Sem Informação,1740,copy_of_D_Frota_por_UF_Municipio_COMBUSTIVEL_Julho_2026.xlsx
SAO PAULO,CAJATI,ALCOOL,605,copy_of_D_Frota_por_UF_Municipio_COMBUSTIVEL_Julho_2026.xlsx
SAO PAULO,CAJATI,ALCOOL/GAS NATURAL VEICULAR,1,copy_of_D_Frota_por_UF_Municipio_COMBUSTIVEL_Julho_2026.xlsx
SAO PAULO,CAJATI,ALCOOL/GASOLINA,7867,copy_of_D_Frota_por_UF_Municipio_COMBUSTIVEL_Julho_2026.xlsx
SAO PAULO,CAJATI,DIESEL,2075,copy_of_D_Frota_por_UF_Municipio_COMBUSTIVEL_Julho_2026.xlsx
SAO PAULO,CAJATI,DIESEL/ELETRICO,1,copy_of_D_Frota_por_UF_Municipio_COMBUSTIVEL_Julho_2026.xlsx
SAO PAULO,CAJATI,ELETRICO/FONTE EXTERNA,5,copy_of_D_Frota_por_UF_Municipio_COMBUSTIVEL_Julho_2026.xlsx
SAO PAULO,CAJATI,GASOLINA,8243,copy_of_D_Frota_por_UF_Municipio_COMBUSTIVEL_Julho_2026.xlsx
SAO PAULO,CAJATI,GASOLINA/ALCOOL/ELETRICO,7,copy_of_D_Frota_por_UF_Municipio_COMBUSTIVEL_Julho_2026.xlsx
SAO PAULO,CAJATI,GASOLINA/ALCOOL/GAS NATURAL,8,copy_of_D_Frota_por_UF_Municipio_COMBUSTIVEL_Julho_2026.xlsx
SAO PAULO,CAJATI,GASOLINA/ELETRICO,4,copy_of_D_Frota_por_UF_Municipio_COMBUSTIVEL_Julho_2026.xlsx
SAO PAULO,CAJATI,GASOLINA/GAS NATURAL VEICULAR,19,copy_of_D_Frota_por_UF_Municipio_COMBUSTIVEL_Julho_2026.xlsx
SAO PAULO,CAJATI,HIBRIDO PLUG-IN,1,copy_of_D_Frota_por_UF_Municipio_COMBUSTIVEL_Julho_2026.xlsx
SAO PAULO,CAJATI,Sem Informação,906,copy_of_D_Frota_por_UF_Municipio_COMBUSTIVEL_Julho_2026.xlsx
SAO PAULO,CAJOBI,ALCOOL,687,copy_of_D_Frota_por_UF_Municipio_COMBUSTIVEL_Julho_2026.xlsx
SAO PAULO,CAJOBI,ALCOOL/GAS NATURAL VEICULAR,1,copy_of_D_Frota_por_UF_Municipio_COMBUSTIVEL_Julho_2026.xlsx
SAO PAULO,CAJOBI,ALCOOL/GASOLINA,2836,copy_of_D_Frota_por_UF_Municipio_COMBUSTIVEL_Julho_2026.xlsx
SAO PAULO,CAJOBI,DIESEL,710,copy_of_D_Frota_por_UF_Municipio_COMBUSTIVEL_Julho_2026.xlsx
SAO PAULO,CAJOBI,ELETRICO/FONTE EXTERNA,4,copy_of_D_Frota_por_UF_Municipio_COMBUSTIVEL_Julho_2026.xlsx
SAO PAULO,CAJOBI,ELETRICO/FONTE INTERNA,1,copy_of_D_Frota_por_UF_Municipio_COMBUSTIVEL_Julho_2026.xlsx
SAO PAULO,CAJOBI,GASOLINA,2217,copy_of_D_Frota_por_UF_Municipio_COMBUSTIVEL_Julho_2026.xlsx
SAO PAULO,CAJOBI,GASOLINA/ALCOOL/ELETRICO,3,copy_of_D_Frota_por_UF_Municipio_COMBUSTIVEL_Julho_2026.xlsx
SAO PAULO,CAJOBI,GASOLINA/ELETRICO,3,copy_of_D_Frota_por_UF_Municipio_COMBUSTIVEL_Julho_2026.xlsx
SAO PAULO,CAJOBI,GASOLINA/GAS NATURAL VEICULAR,2,copy_of_D_Frota_por_UF_Municipio_COMBUSTIVEL_Julho_2026.xlsx
SAO PAULO,CAJOBI,HIBRIDO,1,copy_of_D_Frota_por_UF_Municipio_COMBUSTIVEL_Julho_2026.xlsx
SAO PAULO,CAJOBI,HIBRIDO PLUG-IN,2,copy_of_D_Frota_por_UF_Municipio_COMBUSTIVEL_Julho_2026.xlsx
SAO PAULO,CAJOBI,Sem Informação,336,copy_of_D_Frota_por_UF_Municipio_COMBUSTIVEL_Julho_2026.xlsx
SAO PAULO,CAJURU,ALCOOL,1563,copy_of_D_Frota_por_UF_Municipio_COMBUSTIVEL_Julho_2026.xlsx
SAO PAULO,CAJURU,ALCOOL/GAS NATURAL VEICULAR,1,copy_of_D_Frota_por_UF_Municipio_COMBUSTIVEL_Julho_2026.xlsx
SAO PAULO,CAJURU,ALCOOL/GASOLINA,7731,copy_of_D_Frota_por_UF_Municipio_COMBUSTIVEL_Julho_2026.xlsx
SAO PAULO,CAJURU,DIESEL,1598,copy_of_D_Frota_por_UF_Municipio_COMBUSTIVEL_Julho_2026.xlsx
SAO PAULO,CAJURU,DIESEL/ELETRICO,1,copy_of_D_Frota_por_UF_Municipio_COMBUSTIVEL_Julho_2026.xlsx
SAO PAULO,CAJURU,ELETRICO,1,copy_of_D_Frota_por_UF_Municipio_COMBUSTIVEL_Julho_2026.xlsx
SAO PAULO,CAJURU,ELETRICO/FONTE EXTERNA,4,copy_of_D_Frota_por_UF_Municipio_COMBUSTIVEL_Julho_2026.xlsx
SAO PAULO,CAJURU,ELETRICO/FONTE INTERNA,1,copy_of_D_Frota_por_UF_Municipio_COMBUSTIVEL_Julho_2026.xlsx
SAO PAULO,CAJURU,GASOLINA,7872,copy_of_D_Frota_por_UF_Municipio_COMBUSTIVEL_Julho_2026.xlsx
SAO PAULO,CAJURU,GASOLINA/ALCOOL/ELETRICO,8,copy_of_D_Frota_por_UF_Municipio_COMBUSTIVEL_Julho_2026.xlsx
SAO PAULO,CAJURU,GASOLINA/ALCOOL/GAS NATURAL,3,copy_of_D_Frota_por_UF_Municipio_COMBUSTIVEL_Julho_2026.xlsx
SAO PAULO,CAJURU,GASOLINA/ELETRICO,11,copy_of_D_Frota_por_UF_Municipio_COMBUSTIVEL_Julho_2026.xlsx
SAO PAULO,CAJURU,GASOLINA/GAS NATURAL VEICULAR,7,copy_of_D_Frota_por_UF_Municipio_COMBUSTIVEL_Julho_2026.xlsx
SAO PAULO,CAJURU,HIBRIDO PLUG-IN,6,copy_of_D_Frota_por_UF_Municipio_COMBUSTIVEL_Julho_2026.xlsx
SAO PAULO,CAJURU,Sem Informação,870,copy_of_D_Frota_por_UF_Municipio_COMBUSTIVEL_Julho_2026.xlsx
SAO PAULO,CAMPINA DO MONTE ALEGRE,ALCOOL,225,copy_of_D_Frota_por_UF_Municipio_COMBUSTIVEL_Julho_2026.xlsx
SAO PAULO,CAMPINA DO MONTE ALEGRE,ALCOOL/GASOLINA,1634,copy_of_D_Frota_por_UF_Municipio_COMBUSTIVEL_Julho_2026.xlsx
SAO PAULO,CAMPINA DO MONTE ALEGRE,DIESEL,349,copy_of_D_Frota_por_UF_Municipio_COMBUSTIVEL_Julho_2026.xlsx
SAO PAULO,CAMPINA DO MONTE ALEGRE,ELETRICO/FONTE EXTERNA,3,copy_of_D_Frota_por_UF_Municipio_COMBUSTIVEL_Julho_2026.xlsx
SAO PAULO,CAMPINA DO MONTE ALEGRE,GASOLINA,1471,copy_of_D_Frota_por_UF_Municipio_COMBUSTIVEL_Julho_2026.xlsx
SAO PAULO,CAMPINA DO MONTE ALEGRE,GASOLINA/ALCOOL/ELETRICO,2,copy_of_D_Frota_por_UF_Municipio_COMBUSTIVEL_Julho_2026.xlsx
SAO PAULO,CAMPINA DO MONTE ALEGRE,GASOLINA/GAS NATURAL VEICULAR,2,copy_of_D_Frota_por_UF_Municipio_COMBUSTIVEL_Julho_2026.xlsx
SAO PAULO,CAMPINA DO MONTE ALEGRE,Sem Informação,192,copy_of_D_Frota_por_UF_Municipio_COMBUSTIVEL_Julho_2026.xlsx
SAO PAULO,CAMPINAS,ALCOOL,54752,copy_of_D_Frota_por_UF_Municipio_COMBUSTIVEL_Julho_2026.xlsx
SAO PAULO,CAMPINAS,ALCOOL/GAS NATURAL COMBUSTIVEL,12,copy_of_D_Frota_por_UF_Municipio_COMBUSTIVEL_Julho_2026.xlsx
SAO PAULO,CAMPINAS,ALCOOL/GAS NATURAL VEICULAR,262,copy_of_D_Frota_por_UF_Municipio_COMBUSTIVEL_Julho_2026.xlsx
SAO PAULO,CAMPINAS,ALCOOL/GASOLINA,468758,copy_of_D_Frota_por_UF_Municipio_COMBUSTIVEL_Julho_2026.xlsx
SAO PAULO,CAMPINAS,DIESEL,61264,copy_of_D_Frota_por_UF_Municipio_COMBUSTIVEL_Julho_2026.xlsx
SAO PAULO,CAMPINAS,DIESEL/ELETRICO,149,copy_of_D_Frota_por_UF_Municipio_COMBUSTIVEL_Julho_2026.xlsx
SAO PAULO,CAMPINAS,DIESEL/GAS NATURAL VEICULAR,5,copy_of_D_Frota_por_UF_Municipio_COMBUSTIVEL_Julho_2026.xlsx
SAO PAULO,CAMPINAS,ELETRICO,334,copy_of_D_Frota_por_UF_Municipio_COMBUSTIVEL_Julho_2026.xlsx
SAO PAULO,CAMPINAS,ELETRICO/FONTE EXTERNA,3849,copy_of_D_Frota_por_UF_Municipio_COMBUSTIVEL_Julho_2026.xlsx
SAO PAULO,CAMPINAS,ELETRICO/FONTE INTERNA,335,copy_of_D_Frota_por_UF_Municipio_COMBUSTIVEL_Julho_2026.xlsx
SAO PAULO,CAMPINAS,GAS METANO,22,copy_of_D_Frota_por_UF_Municipio_COMBUSTIVEL_Julho_2026.xlsx
SAO PAULO,CAMPINAS,GAS NATURAL VEICULAR,5,copy_of_D_Frota_por_UF_Municipio_COMBUSTIVEL_Julho_2026.xlsx
SAO PAULO,CAMPINAS,GASOGENIO,2,copy_of_D_Frota_por_UF_Municipio_COMBUSTIVEL_Julho_2026.xlsx
SAO PAULO,CAMPINAS,GASOL/GAS NATURAL COMBUSTIVEL,77,copy_of_D_Frota_por_UF_Municipio_COMBUSTIVEL_Julho_2026.xlsx
SAO PAULO,CAMPINAS,GASOLINA,402035,copy_of_D_Frota_por_UF_Municipio_COMBUSTIVEL_Julho_2026.xlsx
SAO PAULO,CAMPINAS,GASOLINA/ALCOOL/ELETRICO,2701,copy_of_D_Frota_por_UF_Municipio_COMBUSTIVEL_Julho_2026.xlsx
SAO PAULO,CAMPINAS,GASOLINA/ALCOOL/GAS NATURAL,1715,copy_of_D_Frota_por_UF_Municipio_COMBUSTIVEL_Julho_2026.xlsx
SAO PAULO,CAMPINAS,GASOLINA/ELETRICO,6527,copy_of_D_Frota_por_UF_Municipio_COMBUSTIVEL_Julho_2026.xlsx
SAO PAULO,CAMPINAS,GASOLINA/GAS NATURAL VEICULAR,4672,copy_of_D_Frota_por_UF_Municipio_COMBUSTIVEL_Julho_2026.xlsx
SAO PAULO,CAMPINAS,HIBRIDO,469,copy_of_D_Frota_por_UF_Municipio_COMBUSTIVEL_Julho_2026.xlsx
SAO PAULO,CAMPINAS,HIBRIDO PLUG-IN,883,copy_of_D_Frota_por_UF_Municipio_COMBUSTIVEL_Julho_2026.xlsx
SAO PAULO,CAMPINAS,Sem Informação,23050,copy_of_D_Frota_por_UF_Municipio_COMBUSTIVEL_Julho_2026.xlsx
SAO PAULO,CAMPO LIMPO PAULISTA,ALCOOL,3147,copy_of_D_Frota_por_UF_Municipio_COMBUSTIVEL_Julho_2026.xlsx
SAO PAULO,CAMPO LIMPO PAULISTA,ALCOOL/GAS NATURAL COMBUSTIVEL,7,copy_of_D_Frota_por_UF_Municipio_COMBUSTIVEL_Julho_2026.xlsx
SAO PAULO,CAMPO LIMPO PAULISTA,ALCOOL/GAS NATURAL VEICULAR,19,copy_of_D_Frota_por_UF_Municipio_COMBUSTIVEL_Julho_2026.xlsx
SAO PAULO,CAMPO LIMPO PAULISTA,ALCOOL/GASOLINA,24689,copy_of_D_Frota_por_UF_Municipio_COMBUSTIVEL_Julho_2026.xlsx
SAO PAULO,CAMPO LIMPO PAULISTA,DIESEL,2431,copy_of_D_Frota_por_UF_Municipio_COMBUSTIVEL_Julho_2026.xlsx
SAO PAULO,CAMPO LIMPO PAULISTA,DIESEL/ELETRICO,2,copy_of_D_Frota_por_UF_Municipio_COMBUSTIVEL_Julho_2026.xlsx
SAO PAULO,CAMPO LIMPO PAULISTA,ELETRICO,9,copy_of_D_Frota_por_UF_Municipio_COMBUSTIVEL_Julho_2026.xlsx
SAO PAULO,CAMPO LIMPO PAULISTA,ELETRICO/FONTE EXTERNA,72,copy_of_D_Frota_por_UF_Municipio_COMBUSTIVEL_Julho_2026.xlsx
SAO PAULO,CAMPO LIMPO PAULISTA,ELETRICO/FONTE INTERNA,6,copy_of_D_Frota_por_UF_Municipio_COMBUSTIVEL_Julho_2026.xlsx
SAO PAULO,CAMPO LIMPO PAULISTA,GAS METANO,1,copy_of_D_Frota_por_UF_Municipio_COMBUSTIVEL_Julho_2026.xlsx
SAO PAULO,CAMPO LIMPO PAULISTA,GASOL/GAS NATURAL COMBUSTIVEL,5,copy_of_D_Frota_por_UF_Municipio_COMBUSTIVEL_Julho_2026.xlsx
SAO PAULO,CAMPO LIMPO PAULISTA,GASOLINA,25727,copy_of_D_Frota_por_UF_Municipio_COMBUSTIVEL_Julho_2026.xlsx
SAO PAULO,CAMPO LIMPO PAULISTA,GASOLINA/ALCOOL/ELETRICO,45,copy_of_D_Frota_por_UF_Municipio_COMBUSTIVEL_Julho_2026.xlsx
SAO PAULO,CAMPO LIMPO PAULISTA,GASOLINA/ALCOOL/GAS NATURAL,70,copy_of_D_Frota_por_UF_Municipio_COMBUSTIVEL_Julho_2026.xlsx
SAO PAULO,CAMPO LIMPO PAULISTA,GASOLINA/ELETRICO,48,copy_of_D_Frota_por_UF_Municipio_COMBUSTIVEL_Julho_2026.xlsx
SAO PAULO,CAMPO LIMPO PAULISTA,GASOLINA/GAS NATURAL VEICULAR,413,copy_of_D_Frota_por_UF_Municipio_COMBUSTIVEL_Julho_2026.xlsx
SAO PAULO,CAMPO LIMPO PAULISTA,HIBRIDO,4,copy_of_D_Frota_por_UF_Municipio_COMBUSTIVEL_Julho_2026.xlsx
SAO PAULO,CAMPO LIMPO PAULISTA,HIBRIDO PLUG-IN,10,copy_of_D_Frota_por_UF_Municipio_COMBUSTIVEL_Julho_2026.xlsx
SAO PAULO,CAMPO LIMPO PAULISTA,Sem Informação,893,copy_of_D_Frota_por_UF_Municipio_COMBUSTIVEL_Julho_2026.xlsx
SAO PAULO,CAMPOS DO JORDAO,ALCOOL,2314,copy_of_D_Frota_por_UF_Municipio_COMBUSTIVEL_Julho_2026.xlsx
SAO PAULO,CAMPOS DO JORDAO,ALCOOL/GAS NATURAL VEICULAR,4,copy_of_D_Frota_por_UF_Municipio_COMBUSTIVEL_Julho_2026.xlsx
SAO PAULO,CAMPOS DO JORDAO,ALCOOL/GASOLINA,18905,copy_of_D_Frota_por_UF_Municipio_COMBUSTIVEL_Julho_2026.xlsx
SAO PAULO,CAMPOS DO JORDAO,DIESEL,2485,copy_of_D_Frota_por_UF_Municipio_COMBUSTIVEL_Julho_2026.xlsx
SAO PAULO,CAMPOS DO JORDAO,DIESEL/ELETRICO,2,copy_of_D_Frota_por_UF_Municipio_COMBUSTIVEL_Julho_2026.xlsx
SAO PAULO,CAMPOS DO JORDAO,ELETRICO,9,copy_of_D_Frota_por_UF_Municipio_COMBUSTIVEL_Julho_2026.xlsx
SAO PAULO,CAMPOS DO JORDAO,ELETRICO/FONTE EXTERNA,47,copy_of_D_Frota_por_UF_Municipio_COMBUSTIVEL_Julho_2026.xlsx
SAO PAULO,CAMPOS DO JORDAO,ELETRICO/FONTE INTERNA,4,copy_of_D_Frota_por_UF_Municipio_COMBUSTIVEL_Julho_2026.xlsx
SAO PAULO,CAMPOS DO JORDAO,GAS METANO,2,copy_of_D_Frota_por_UF_Municipio_COMBUSTIVEL_Julho_2026.xlsx
SAO PAULO,CAMPOS DO JORDAO,GASOL/GAS NATURAL COMBUSTIVEL,2,copy_of_D_Frota_por_UF_Municipio_COMBUSTIVEL_Julho_2026.xlsx
SAO PAULO,CAMPOS DO JORDAO,GASOLINA,20902,copy_of_D_Frota_por_UF_Municipio_COMBUSTIVEL_Julho_2026.xlsx
SAO PAULO,CAMPOS DO JORDAO,GASOLINA/ALCOOL/ELETRICO,43,copy_of_D_Frota_por_UF_Municipio_COMBUSTIVEL_Julho_2026.xlsx
SAO PAULO,CAMPOS DO JORDAO,GASOLINA/ALCOOL/GAS NATURAL,15,copy_of_D_Frota_por_UF_Municipio_COMBUSTIVEL_Julho_2026.xlsx
SAO PAULO,CAMPOS DO JORDAO,GASOLINA/ELETRICO,45,copy_of_D_Frota_por_UF_Municipio_COMBUSTIVEL_Julho_2026.xlsx
SAO PAULO,CAMPOS DO JORDAO,GASOLINA/GAS NATURAL VEICULAR,76,copy_of_D_Frota_por_UF_Municipio_COMBUSTIVEL_Julho_2026.xlsx
SAO PAULO,CAMPOS DO JORDAO,HIBRIDO,9,copy_of_D_Frota_por_UF_Municipio_COMBUSTIVEL_Julho_2026.xlsx
SAO PAULO,CAMPOS DO JORDAO,HIBRIDO PLUG-IN,11,copy_of_D_Frota_por_UF_Municipio_COMBUSTIVEL_Julho_2026.xlsx
SAO PAULO,CAMPOS DO JORDAO,Sem Informação,608,copy_of_D_Frota_por_UF_Municipio_COMBUSTIVEL_Julho_2026.xlsx
SAO PAULO,CAMPOS NOVOS PAULISTA,ALCOOL,288,copy_of_D_Frota_por_UF_Municipio_COMBUSTIVEL_Julho_2026.xlsx
SAO PAULO,CAMPOS NOVOS PAULISTA,ALCOOL/GASOLINA,1170,copy_of_D_Frota_por_UF_Municipio_COMBUSTIVEL_Julho_2026.xlsx
SAO PAULO,CAMPOS NOVOS PAULISTA,DIESEL,418,copy_of_D_Frota_por_UF_Municipio_COMBUSTIVEL_Julho_2026.xlsx
SAO PAULO,CAMPOS NOVOS PAULISTA,GASOGENIO,1,copy_of_D_Frota_por_UF_Municipio_COMBUSTIVEL_Julho_2026.xlsx
SAO PAULO,CAMPOS NOVOS PAULISTA,GASOLINA,1172,copy_of_D_Frota_por_UF_Municipio_COMBUSTIVEL_Julho_2026.xlsx
SAO PAULO,CAMPOS NOVOS PAULISTA,GASOLINA/ALCOOL/ELETRICO,2,copy_of_D_Frota_por_UF_Municipio_COMBUSTIVEL_Julho_2026.xlsx
SAO PAULO,CAMPOS NOVOS PAULISTA,GASOLINA/ALCOOL/GAS NATURAL,1,copy_of_D_Frota_por_UF_Municipio_COMBUSTIVEL_Julho_2026.xlsx
SAO PAULO,CAMPOS NOVOS PAULISTA,HIBRIDO,1,copy_of_D_Frota_por_UF_Municipio_COMBUSTIVEL_Julho_2026.xlsx
SAO PAULO,CAMPOS NOVOS PAULISTA,HIBRIDO PLUG-IN,1,copy_of_D_Frota_por_UF_Municipio_COMBUSTIVEL_Julho_2026.xlsx
SAO PAULO,CAMPOS NOVOS PAULISTA,Sem Informação,140,copy_of_D_Frota_por_UF_Municipio_COMBUSTIVEL_Julho_2026.xlsx
SAO PAULO,CANANEIA,ALCOOL,116,copy_of_D_Frota_por_UF_Municipio_COMBUSTIVEL_Julho_2026.xlsx
SAO PAULO,CANANEIA,ALCOOL/GASOLINA,2306,copy_of_D_Frota_por_UF_Municipio_COMBUSTIVEL_Julho_2026.xlsx
SAO PAULO,CANANEIA,DIESEL,310,copy_of_D_Frota_por_UF_Municipio_COMBUSTIVEL_Julho_2026.xlsx
SAO PAULO,CANANEIA,ELETRICO/FONTE EXTERNA,3,copy_of_D_Frota_por_UF_Municipio_COMBUSTIVEL_Julho_2026.xlsx
SAO PAULO,CANANEIA,GASOLINA,2218,copy_of_D_Frota_por_UF_Municipio_COMBUSTIVEL_Julho_2026.xlsx
SAO PAULO,CANANEIA,GASOLINA/ALCOOL/ELETRICO,2,copy_of_D_Frota_por_UF_Municipio_COMBUSTIVEL_Julho_2026.xlsx
SAO PAULO,CANANEIA,GASOLINA/ALCOOL/GAS NATURAL,1,copy_of_D_Frota_por_UF_Municipio_COMBUSTIVEL_Julho_2026.xlsx
SAO PAULO,CANANEIA,GASOLINA/ELETRICO,7,copy_of_D_Frota_por_UF_Municipio_COMBUSTIVEL_Julho_2026.xlsx
SAO PAULO,CANANEIA,GASOLINA/GAS NATURAL VEICULAR,3,copy_of_D_Frota_por_UF_Municipio_COMBUSTIVEL_Julho_2026.xlsx
SAO PAULO,CANANEIA,HIBRIDO PLUG-IN,2,copy_of_D_Frota_por_UF_Municipio_COMBUSTIVEL_Julho_2026.xlsx
SAO PAULO,CANANEIA,Sem Informação,204,copy_of_D_Frota_por_UF_Municipio_COMBUSTIVEL_Julho_2026.xlsx
SAO PAULO,CANAS,ALCOOL,99,copy_of_D_Frota_por_UF_Municipio_COMBUSTIVEL_Julho_2026.xlsx
SAO PAULO,CANAS,ALCOOL/GAS NATURAL VEICULAR,1,copy_of_D_Frota_por_UF_Municipio_COMBUSTIVEL_Julho_2026.xlsx
SAO PAULO,CANAS,ALCOOL/GASOLINA,1169,copy_of_D_Frota_por_UF_Municipio_COMBUSTIVEL_Julho_2026.xlsx
SAO PAULO,CANAS,DIESEL,249,copy_of_D_Frota_por_UF_Municipio_COMBUSTIVEL_Julho_2026.xlsx
SAO PAULO,CANAS,ELETRICO/FONTE EXTERNA,1,copy_of_D_Frota_por_UF_Municipio_COMBUSTIVEL_Julho_2026.xlsx
SAO PAULO,CANAS,GASOLINA,1026,copy_of_D_Frota_por_UF_Municipio_COMBUSTIVEL_Julho_2026.xlsx
SAO PAULO,CANAS,GASOLINA/ALCOOL/GAS NATURAL,6,copy_of_D_Frota_por_UF_Municipio_COMBUSTIVEL_Julho_2026.xlsx
SAO PAULO,CANAS,GASOLINA/ELETRICO,3,copy_of_D_Frota_por_UF_Municipio_COMBUSTIVEL_Julho_2026.xlsx
SAO PAULO,CANAS,GASOLINA/GAS NATURAL VEICULAR,26,copy_of_D_Frota_por_UF_Municipio_COMBUSTIVEL_Julho_2026.xlsx
SAO PAULO,CANAS,HIBRIDO PLUG-IN,2,copy_of_D_Frota_por_UF_Municipio_COMBUSTIVEL_Julho_2026.xlsx
SAO PAULO,CANAS,Sem Informação,75,copy_of_D_Frota_por_UF_Municipio_COMBUSTIVEL_Julho_2026.xlsx
SAO PAULO,CANDIDO MOTA,ALCOOL,1665,copy_of_D_Frota_por_UF_Municipio_COMBUSTIVEL_Julho_2026.xlsx
SAO PAULO,CANDIDO MOTA,ALCOOL/GAS NATURAL VEICULAR,1,copy_of_D_Frota_por_UF_Municipio_COMBUSTIVEL_Julho_2026.xlsx
SAO PAULO,CANDIDO MOTA,ALCOOL/GASOLINA,8950,copy_of_D_Frota_por_UF_Municipio_COMBUSTIVEL_Julho_2026.xlsx
SAO PAULO,CANDIDO MOTA,DIESEL,2939,copy_of_D_Frota_por_UF_Municipio_COMBUSTIVEL_Julho_2026.xlsx
SAO PAULO,CANDIDO MOTA,DIESEL/ELETRICO,1,copy_of_D_Frota_por_UF_Municipio_COMBUSTIVEL_Julho_2026.xlsx
SAO PAULO,CANDIDO MOTA,ELETRICO/FONTE EXTERNA,10,copy_of_D_Frota_por_UF_Municipio_COMBUSTIVEL_Julho_2026.xlsx
SAO PAULO,CANDIDO MOTA,GASOL/GAS NATURAL COMBUSTIVEL,1,copy_of_D_Frota_por_UF_Municipio_COMBUSTIVEL_Julho_2026.xlsx
SAO PAULO,CANDIDO MOTA,GASOLINA,10232,copy_of_D_Frota_por_UF_Municipio_COMBUSTIVEL_Julho_2026.xlsx
SAO PAULO,CANDIDO MOTA,GASOLINA/ALCOOL/ELETRICO,11,copy_of_D_Frota_por_UF_Municipio_COMBUSTIVEL_Julho_2026.xlsx
SAO PAULO,CANDIDO MOTA,GASOLINA/ALCOOL/GAS NATURAL,3,copy_of_D_Frota_por_UF_Municipio_COMBUSTIVEL_Julho_2026.xlsx
SAO PAULO,CANDIDO MOTA,GASOLINA/ELETRICO,9,copy_of_D_Frota_por_UF_Municipio_COMBUSTIVEL_Julho_2026.xlsx
SAO PAULO,CANDIDO MOTA,GASOLINA/GAS NATURAL VEICULAR,8,copy_of_D_Frota_por_UF_Municipio_COMBUSTIVEL_Julho_2026.xlsx
SAO PAULO,CANDIDO MOTA,HIBRIDO,1,copy_of_D_Frota_por_UF_Municipio_COMBUSTIVEL_Julho_2026.xlsx
SAO PAULO,CANDIDO MOTA,HIBRIDO PLUG-IN,6,copy_of_D_Frota_por_UF_Municipio_COMBUSTIVEL_Julho_2026.xlsx
SAO PAULO,CANDIDO MOTA,Sem Informação,1246,copy_of_D_Frota_por_UF_Municipio_COMBUSTIVEL_Julho_2026.xlsx
SAO PAULO,CANDIDO RODRIGUES,ALCOOL,229,copy_of_D_Frota_por_UF_Municipio_COMBUSTIVEL_Julho_2026.xlsx
SAO PAULO,CANDIDO RODRIGUES,ALCOOL/GASOLINA,923,copy_of_D_Frota_por_UF_Municipio_COMBUSTIVEL_Julho_2026.xlsx
SAO PAULO,CANDIDO RODRIGUES,DIESEL,269,copy_of_D_Frota_por_UF_Municipio_COMBUSTIVEL_Julho_2026.xlsx
SAO PAULO,CANDIDO RODRIGUES,ELETRICO/FONTE EXTERNA,2,copy_of_D_Frota_por_UF_Municipio_COMBUSTIVEL_Julho_2026.xlsx
SAO PAULO,CANDIDO RODRIGUES,GASOLINA,777,copy_of_D_Frota_por_UF_Municipio_COMBUSTIVEL_Julho_2026.xlsx
SAO PAULO,CANDIDO RODRIGUES,GASOLINA/ALCOOL/ELETRICO,3,copy_of_D_Frota_por_UF_Municipio_COMBUSTIVEL_Julho_2026.xlsx
SAO PAULO,CANDIDO RODRIGUES,GASOLINA/ELETRICO,1,copy_of_D_Frota_por_UF_Municipio_COMBUSTIVEL_Julho_2026.xlsx
SAO PAULO,CANDIDO RODRIGUES,GASOLINA/GAS NATURAL VEICULAR,1,copy_of_D_Frota_por_UF_Municipio_COMBUSTIVEL_Julho_2026.xlsx
SAO PAULO,CANDIDO RODRIGUES,Sem Informação,120,copy_of_D_Frota_por_UF_Municipio_COMBUSTIVEL_Julho_2026.xlsx
SAO PAULO,CANITAR,ALCOOL,215,copy_of_D_Frota_por_UF_Municipio_COMBUSTIVEL_Julho_2026.xlsx
SAO PAULO,CANITAR,ALCOOL/GASOLINA,1473,copy_of_D_Frota_por_UF_Municipio_COMBUSTIVEL_Julho_2026.xlsx
SAO PAULO,CANITAR,DIESEL,177,copy_of_D_Frota_por_UF_Municipio_COMBUSTIVEL_Julho_2026.xlsx
SAO PAULO,CANITAR,ELETRICO/FONTE EXTERNA,1,copy_of_D_Frota_por_UF_Municipio_COMBUSTIVEL_Julho_2026.xlsx
SAO PAULO,CANITAR,GASOLINA,1119,copy_of_D_Frota_por_UF_Municipio_COMBUSTIVEL_Julho_2026.xlsx
SAO PAULO,CANITAR,GASOLINA/ALCOOL/ELETRICO,1,copy_of_D_Frota_por_UF_Municipio_COMBUSTIVEL_Julho_2026.xlsx
SAO PAULO,CANITAR,GASOLINA/ALCOOL/GAS NATURAL,6,copy_of_D_Frota_por_UF_Municipio_COMBUSTIVEL_Julho_2026.xlsx
SAO PAULO,CANITAR,HIBRIDO,1,copy_of_D_Frota_por_UF_Municipio_COMBUSTIVEL_Julho_2026.xlsx
SAO PAULO,CANITAR,Sem Informação,161,copy_of_D_Frota_por_UF_Municipio_COMBUSTIVEL_Julho_2026.xlsx
SAO PAULO,CAPAO BONITO,ALCOOL,1699,copy_of_D_Frota_por_UF_Municipio_COMBUSTIVEL_Julho_2026.xlsx
SAO PAULO,CAPAO BONITO,ALCOOL/GAS NATURAL VEICULAR,1,copy_of_D_Frota_por_UF_Municipio_COMBUSTIVEL_Julho_2026.xlsx
SAO PAULO,CAPAO BONITO,ALCOOL/GASOLINA,13241,copy_of_D_Frota_por_UF_Municipio_COMBUSTIVEL_Julho_2026.xlsx
SAO PAULO,CAPAO BONITO,DIESEL,3077,copy_of_D_Frota_por_UF_Municipio_COMBUSTIVEL_Julho_2026.xlsx
SAO PAULO,CAPAO BONITO,DIESEL/ELETRICO,1,copy_of_D_Frota_por_UF_Municipio_COMBUSTIVEL_Julho_2026.xlsx
SAO PAULO,CAPAO BONITO,ELETRICO/FONTE EXTERNA,16,copy_of_D_Frota_por_UF_Municipio_COMBUSTIVEL_Julho_2026.xlsx
SAO PAULO,CAPAO BONITO,ELETRICO/FONTE INTERNA,1,copy_of_D_Frota_por_UF_Municipio_COMBUSTIVEL_Julho_2026.xlsx
SAO PAULO,CAPAO BONITO,GASOLINA,13936,copy_of_D_Frota_por_UF_Municipio_COMBUSTIVEL_Julho_2026.xlsx
SAO PAULO,CAPAO BONITO,GASOLINA/ALCOOL/ELETRICO,24,copy_of_D_Frota_por_UF_Municipio_COMBUSTIVEL_Julho_2026.xlsx
SAO PAULO,CAPAO BONITO,GASOLINA/ALCOOL/GAS NATURAL,6,copy_of_D_Frota_por_UF_Municipio_COMBUSTIVEL_Julho_2026.xlsx
SAO PAULO,CAPAO BONITO,GASOLINA/ELETRICO,20,copy_of_D_Frota_por_UF_Municipio_COMBUSTIVEL_Julho_2026.xlsx
SAO PAULO,CAPAO BONITO,GASOLINA/GAS NATURAL VEICULAR,17,copy_of_D_Frota_por_UF_Municipio_COMBUSTIVEL_Julho_2026.xlsx
SAO PAULO,CAPAO BONITO,HIBRIDO,3,copy_of_D_Frota_por_UF_Municipio_COMBUSTIVEL_Julho_2026.xlsx
SAO PAULO,CAPAO BONITO,HIBRIDO PLUG-IN,5,copy_of_D_Frota_por_UF_Municipio_COMBUSTIVEL_Julho_2026.xlsx
SAO PAULO,CAPAO BONITO,Sem Informação,1277,copy_of_D_Frota_por_UF_Municipio_COMBUSTIVEL_Julho_2026.xlsx
SAO PAULO,CAPELA DO ALTO,ALCOOL,828,copy_of_D_Frota_por_UF_Municipio_COMBUSTIVEL_Julho_2026.xlsx
SAO PAULO,CAPELA DO ALTO,ALCOOL/GAS NATURAL VEICULAR,3,copy_of_D_Frota_por_UF_Municipio_COMBUSTIVEL_Julho_2026.xlsx
SAO PAULO,CAPELA DO ALTO,ALCOOL/GASOLINA,6565,copy_of_D_Frota_por_UF_Municipio_COMBUSTIVEL_Julho_2026.xlsx
SAO PAULO,CAPELA DO ALTO,DIESEL,1560,copy_of_D_Frota_por_UF_Municipio_COMBUSTIVEL_Julho_2026.xlsx
SAO PAULO,CAPELA DO ALTO,ELETRICO,1,copy_of_D_Frota_por_UF_Municipio_COMBUSTIVEL_Julho_2026.xlsx
SAO PAULO,CAPELA DO ALTO,ELETRICO/FONTE EXTERNA,8,copy_of_D_Frota_por_UF_Municipio_COMBUSTIVEL_Julho_2026.xlsx
SAO PAULO,CAPELA DO ALTO,GAS METANO,2,copy_of_D_Frota_por_UF_Municipio_COMBUSTIVEL_Julho_2026.xlsx
SAO PAULO,CAPELA DO ALTO,GASOL/GAS NATURAL COMBUSTIVEL,2,copy_of_D_Frota_por_UF_Municipio_COMBUSTIVEL_Julho_2026.xlsx
SAO PAULO,CAPELA DO ALTO,GASOLINA,7249,copy_of_D_Frota_por_UF_Municipio_COMBUSTIVEL_Julho_2026.xlsx
SAO PAULO,CAPELA DO ALTO,GASOLINA/ALCOOL/ELETRICO,9,copy_of_D_Frota_por_UF_Municipio_COMBUSTIVEL_Julho_2026.xlsx
SAO PAULO,CAPELA DO ALTO,GASOLINA/ALCOOL/GAS NATURAL,9,copy_of_D_Frota_por_UF_Municipio_COMBUSTIVEL_Julho_2026.xlsx
SAO PAULO,CAPELA DO ALTO,GASOLINA/ELETRICO,23,copy_of_D_Frota_por_UF_Municipio_COMBUSTIVEL_Julho_2026.xlsx
SAO PAULO,CAPELA DO ALTO,GASOLINA/GAS NATURAL VEICULAR,57,copy_of_D_Frota_por_UF_Municipio_COMBUSTIVEL_Julho_2026.xlsx
SAO PAULO,CAPELA DO ALTO,HIBRIDO,2,copy_of_D_Frota_por_UF_Municipio_COMBUSTIVEL_Julho_2026.xlsx
SAO PAULO,CAPELA DO ALTO,HIBRIDO PLUG-IN,3,copy_of_D_Frota_por_UF_Municipio_COMBUSTIVEL_Julho_2026.xlsx
SAO PAULO,CAPELA DO ALTO,Sem Informação,468,copy_of_D_Frota_por_UF_Municipio_COMBUSTIVEL_Julho_2026.xlsx
SAO PAULO,CAPIVARI,ALCOOL,3081,copy_of_D_Frota_por_UF_Municipio_COMBUSTIVEL_Julho_2026.xlsx
SAO PAULO,CAPIVARI,ALCOOL/GAS NATURAL COMBUSTIVEL,1,copy_of_D_Frota_por_UF_Municipio_COMBUSTIVEL_Julho_2026.xlsx
SAO PAULO,CAPIVARI,ALCOOL/GAS NATURAL VEICULAR,6,copy_of_D_Frota_por_UF_Municipio_COMBUSTIVEL_Julho_2026.xlsx
SAO PAULO,CAPIVARI,ALCOOL/GASOLINA,17667,copy_of_D_Frota_por_UF_Municipio_COMBUSTIVEL_Julho_2026.xlsx
SAO PAULO,CAPIVARI,DIESEL,3640,copy_of_D_Frota_por_UF_Municipio_COMBUSTIVEL_Julho_2026.xlsx
SAO PAULO,CAPIVARI,DIESEL/ELETRICO,4,copy_of_D_Frota_por_UF_Municipio_COMBUSTIVEL_Julho_2026.xlsx
SAO PAULO,CAPIVARI,ELETRICO,6,copy_of_D_Frota_por_UF_Municipio_COMBUSTIVEL_Julho_2026.xlsx
SAO PAULO,CAPIVARI,ELETRICO/FONTE EXTERNA,24,copy_of_D_Frota_por_UF_Municipio_COMBUSTIVEL_Julho_2026.xlsx
SAO PAULO,CAPIVARI,ELETRICO/FONTE INTERNA,3,copy_of_D_Frota_por_UF_Municipio_COMBUSTIVEL_Julho_2026.xlsx
SAO PAULO,CAPIVARI,GASOL/GAS NATURAL COMBUSTIVEL,5,copy_of_D_Frota_por_UF_Municipio_COMBUSTIVEL_Julho_2026.xlsx
SAO PAULO,CAPIVARI,GASOLINA,17778,copy_of_D_Frota_por_UF_Municipio_COMBUSTIVEL_Julho_2026.xlsx
SAO PAULO,CAPIVARI,GASOLINA/ALCOOL/ELETRICO,50,copy_of_D_Frota_por_UF_Municipio_COMBUSTIVEL_Julho_2026.xlsx
SAO PAULO,CAPIVARI,GASOLINA/ALCOOL/GAS NATURAL,16,copy_of_D_Frota_por_UF_Municipio_COMBUSTIVEL_Julho_2026.xlsx
SAO PAULO,CAPIVARI,GASOLINA/ELETRICO,43,copy_of_D_Frota_por_UF_Municipio_COMBUSTIVEL_Julho_2026.xlsx
SAO PAULO,CAPIVARI,GASOLINA/GAS NATURAL VEICULAR,53,copy_of_D_Frota_por_UF_Municipio_COMBUSTIVEL_Julho_2026.xlsx
SAO PAULO,CAPIVARI,HIBRIDO,2,copy_of_D_Frota_por_UF_Municipio_COMBUSTIVEL_Julho_2026.xlsx
SAO PAULO,CAPIVARI,HIBRIDO PLUG-IN,11,copy_of_D_Frota_por_UF_Municipio_COMBUSTIVEL_Julho_2026.xlsx
SAO PAULO,CAPIVARI,Sem Informação,1487,copy_of_D_Frota_por_UF_Municipio_COMBUSTIVEL_Julho_2026.xlsx
SAO PAULO,CARAGUATATUBA,ALCOOL,2947,copy_of_D_Frota_por_UF_Municipio_COMBUSTIVEL_Julho_2026.xlsx
SAO PAULO,CARAGUATATUBA,ALCOOL/GAS NATURAL VEICULAR,13,copy_of_D_Frota_por_UF_Municipio_COMBUSTIVEL_Julho_2026.xlsx
SAO PAULO,CARAGUATATUBA,ALCOOL/GASOLINA,41627,copy_of_D_Frota_por_UF_Municipio_COMBUSTIVEL_Julho_2026.xlsx
SAO PAULO,CARAGUATATUBA,DIESEL,5333,copy_of_D_Frota_por_UF_Municipio_COMBUSTIVEL_Julho_2026.xlsx
SAO PAULO,CARAGUATATUBA,DIESEL/ELETRICO,3,copy_of_D_Frota_por_UF_Municipio_COMBUSTIVEL_Julho_2026.xlsx
SAO PAULO,CARAGUATATUBA,ELETRICO,10,copy_of_D_Frota_por_UF_Municipio_COMBUSTIVEL_Julho_2026.xlsx
SAO PAULO,CARAGUATATUBA,ELETRICO/FONTE EXTERNA,204,copy_of_D_Frota_por_UF_Municipio_COMBUSTIVEL_Julho_2026.xlsx
SAO PAULO,CARAGUATATUBA,ELETRICO/FONTE INTERNA,47,copy_of_D_Frota_por_UF_Municipio_COMBUSTIVEL_Julho_2026.xlsx
SAO PAULO,CARAGUATATUBA,GAS METANO,1,copy_of_D_Frota_por_UF_Municipio_COMBUSTIVEL_Julho_2026.xlsx
SAO PAULO,CARAGUATATUBA,GASOL/GAS NATURAL COMBUSTIVEL,6,copy_of_D_Frota_por_UF_Municipio_COMBUSTIVEL_Julho_2026.xlsx
SAO PAULO,CARAGUATATUBA,GASOLINA,39415,copy_of_D_Frota_por_UF_Municipio_COMBUSTIVEL_Julho_2026.xlsx
SAO PAULO,CARAGUATATUBA,GASOLINA/ALCOOL/ELETRICO,131,copy_of_D_Frota_por_UF_Municipio_COMBUSTIVEL_Julho_2026.xlsx
SAO PAULO,CARAGUATATUBA,GASOLINA/ALCOOL/GAS NATURAL,83,copy_of_D_Frota_por_UF_Municipio_COMBUSTIVEL_Julho_2026.xlsx
SAO PAULO,CARAGUATATUBA,GASOLINA/ELETRICO,252,copy_of_D_Frota_por_UF_Municipio_COMBUSTIVEL_Julho_2026.xlsx
SAO PAULO,CARAGUATATUBA,GASOLINA/GAS NATURAL VEICULAR,229,copy_of_D_Frota_por_UF_Municipio_COMBUSTIVEL_Julho_2026.xlsx
SAO PAULO,CARAGUATATUBA,HIBRIDO,16,copy_of_D_Frota_por_UF_Municipio_COMBUSTIVEL_Julho_2026.xlsx
SAO PAULO,CARAGUATATUBA,HIBRIDO PLUG-IN,39,copy_of_D_Frota_por_UF_Municipio_COMBUSTIVEL_Julho_2026.xlsx
SAO PAULO,CARAGUATATUBA,Sem Informação,2304,copy_of_D_Frota_por_UF_Municipio_COMBUSTIVEL_Julho_2026.xlsx
SAO PAULO,CARAPICUIBA,ALCOOL,12278,copy_of_D_Frota_por_UF_Municipio_COMBUSTIVEL_Julho_2026.xlsx
SAO PAULO,CARAPICUIBA,ALCOOL/GAS NATURAL COMBUSTIVEL,4,copy_of_D_Frota_por_UF_Municipio_COMBUSTIVEL_Julho_2026.xlsx
SAO PAULO,CARAPICUIBA,ALCOOL/GAS NATURAL VEICULAR,90,copy_of_D_Frota_por_UF_Municipio_COMBUSTIVEL_Julho_2026.xlsx
SAO PAULO,CARAPICUIBA,ALCOOL/GASOLINA,100612,copy_of_D_Frota_por_UF_Municipio_COMBUSTIVEL_Julho_2026.xlsx
SAO PAULO,CARAPICUIBA,DIESEL,11510,copy_of_D_Frota_por_UF_Municipio_COMBUSTIVEL_Julho_2026.xlsx
SAO PAULO,CARAPICUIBA,DIESEL/ELETRICO,4,copy_of_D_Frota_por_UF_Municipio_COMBUSTIVEL_Julho_2026.xlsx
SAO PAULO,CARAPICUIBA,ELETRICO,26,copy_of_D_Frota_por_UF_Municipio_COMBUSTIVEL_Julho_2026.xlsx
SAO PAULO,CARAPICUIBA,ELETRICO/FONTE EXTERNA,244,copy_of_D_Frota_por_UF_Municipio_COMBUSTIVEL_Julho_2026.xlsx
SAO PAULO,CARAPICUIBA,ELETRICO/FONTE INTERNA,26,copy_of_D_Frota_por_UF_Municipio_COMBUSTIVEL_Julho_2026.xlsx
SAO PAULO,CARAPICUIBA,GAS METANO,34,copy_of_D_Frota_por_UF_Municipio_COMBUSTIVEL_Julho_2026.xlsx
SAO PAULO,CARAPICUIBA,GAS NATURAL VEICULAR,1,copy_of_D_Frota_por_UF_Municipio_COMBUSTIVEL_Julho_2026.xlsx
SAO PAULO,CARAPICUIBA,GASOL/GAS NATURAL COMBUSTIVEL,67,copy_of_D_Frota_por_UF_Municipio_COMBUSTIVEL_Julho_2026.xlsx
SAO PAULO,CARAPICUIBA,GASOLINA,110008,copy_of_D_Frota_por_UF_Municipio_COMBUSTIVEL_Julho_2026.xlsx
SAO PAULO,CARAPICUIBA,GASOLINA/ALCOOL/ELETRICO,218,copy_of_D_Frota_por_UF_Municipio_COMBUSTIVEL_Julho_2026.xlsx
SAO PAULO,CARAPICUIBA,GASOLINA/ALCOOL/GAS NATURAL,330,copy_of_D_Frota_por_UF_Municipio_COMBUSTIVEL_Julho_2026.xlsx
SAO PAULO,CARAPICUIBA,GASOLINA/ELETRICO,298,copy_of_D_Frota_por_UF_Municipio_COMBUSTIVEL_Julho_2026.xlsx
SAO PAULO,CARAPICUIBA,GASOLINA/GAS NATURAL VEICULAR,1708,copy_of_D_Frota_por_UF_Municipio_COMBUSTIVEL_Julho_2026.xlsx
SAO PAULO,CARAPICUIBA,HIBRIDO,23,copy_of_D_Frota_por_UF_Municipio_COMBUSTIVEL_Julho_2026.xlsx
SAO PAULO,CARAPICUIBA,HIBRIDO PLUG-IN,48,copy_of_D_Frota_por_UF_Municipio_COMBUSTIVEL_Julho_2026.xlsx
SAO PAULO,CARAPICUIBA,Sem Informação,2139,copy_of_D_Frota_por_UF_Municipio_COMBUSTIVEL_Julho_2026.xlsx
SAO PAULO,CARDOSO,ALCOOL,940,copy_of_D_Frota_por_UF_Municipio_COMBUSTIVEL_Julho_2026.xlsx
SAO PAULO,CARDOSO,ALCOOL/GAS NATURAL VEICULAR,1,copy_of_D_Frota_por_UF_Municipio_COMBUSTIVEL_Julho_2026.xlsx
SAO PAULO,CARDOSO,ALCOOL/GASOLINA,3180,copy_of_D_Frota_por_UF_Municipio_COMBUSTIVEL_Julho_2026.xlsx
SAO PAULO,CARDOSO,DIESEL,752,copy_of_D_Frota_por_UF_Municipio_COMBUSTIVEL_Julho_2026.xlsx
SAO PAULO,CARDOSO,ELETRICO/FONTE EXTERNA,2,copy_of_D_Frota_por_UF_Municipio_COMBUSTIVEL_Julho_2026.xlsx
SAO PAULO,CARDOSO,GASOLINA,3666,copy_of_D_Frota_por_UF_Municipio_COMBUSTIVEL_Julho_2026.xlsx
SAO PAULO,CARDOSO,GASOLINA/ALCOOL/ELETRICO,3,copy_of_D_Frota_por_UF_Municipio_COMBUSTIVEL_Julho_2026.xlsx
SAO PAULO,CARDOSO,GASOLINA/ALCOOL/GAS NATURAL,1,copy_of_D_Frota_por_UF_Municipio_COMBUSTIVEL_Julho_2026.xlsx
SAO PAULO,CARDOSO,GASOLINA/ELETRICO,1,copy_of_D_Frota_por_UF_Municipio_COMBUSTIVEL_Julho_2026.xlsx
SAO PAULO,CARDOSO,GASOLINA/GAS NATURAL VEICULAR,2,copy_of_D_Frota_por_UF_Municipio_COMBUSTIVEL_Julho_2026.xlsx
SAO PAULO,CARDOSO,HIBRIDO PLUG-IN,1,copy_of_D_Frota_por_UF_Municipio_COMBUSTIVEL_Julho_2026.xlsx
SAO PAULO,CARDOSO,Sem Informação,671,copy_of_D_Frota_por_UF_Municipio_COMBUSTIVEL_Julho_2026.xlsx
SAO PAULO,CASA BRANCA,ALCOOL,1469,copy_of_D_Frota_por_UF_Municipio_COMBUSTIVEL_Julho_2026.xlsx
SAO PAULO,CASA BRANCA,ALCOOL/GASOLINA,8929,copy_of_D_Frota_por_UF_Municipio_COMBUSTIVEL_Julho_2026.xlsx
SAO PAULO,CASA BRANCA,DIESEL,1790,copy_of_D_Frota_por_UF_Municipio_COMBUSTIVEL_Julho_2026.xlsx
SAO PAULO,CASA BRANCA,ELETRICO/FONTE EXTERNA,4,copy_of_D_Frota_por_UF_Municipio_COMBUSTIVEL_Julho_2026.xlsx
SAO PAULO,CASA BRANCA,ELETRICO/FONTE INTERNA,2,copy_of_D_Frota_por_UF_Municipio_COMBUSTIVEL_Julho_2026.xlsx
SAO PAULO,CASA BRANCA,GASOL/GAS NATURAL COMBUSTIVEL,1,copy_of_D_Frota_por_UF_Municipio_COMBUSTIVEL_Julho_2026.xlsx
SAO PAULO,CASA BRANCA,GASOLINA,10165,copy_of_D_Frota_por_UF_Municipio_COMBUSTIVEL_Julho_2026.xlsx
SAO PAULO,CASA BRANCA,GASOLINA/ALCOOL/ELETRICO,15,copy_of_D_Frota_por_UF_Municipio_COMBUSTIVEL_Julho_2026.xlsx
SAO PAULO,CASA BRANCA,GASOLINA/ALCOOL/GAS NATURAL,3,copy_of_D_Frota_por_UF_Municipio_COMBUSTIVEL_Julho_2026.xlsx
SAO PAULO,CASA BRANCA,GASOLINA/ELETRICO,12,copy_of_D_Frota_por_UF_Municipio_COMBUSTIVEL_Julho_2026.xlsx
SAO PAULO,CASA BRANCA,GASOLINA/GAS NATURAL VEICULAR,10,copy_of_D_Frota_por_UF_Municipio_COMBUSTIVEL_Julho_2026.xlsx
SAO PAULO,CASA BRANCA,HIBRIDO PLUG-IN,6,copy_of_D_Frota_por_UF_Municipio_COMBUSTIVEL_Julho_2026.xlsx
SAO PAULO,CASA BRANCA,Sem Informação,565,copy_of_D_Frota_por_UF_Municipio_COMBUSTIVEL_Julho_2026.xlsx
SAO PAULO,CASSIA DOS COQUEIROS,ALCOOL,209,copy_of_D_Frota_por_UF_Municipio_COMBUSTIVEL_Julho_2026.xlsx
SAO PAULO,CASSIA DOS COQUEIROS,ALCOOL/GASOLINA,768,copy_of_D_Frota_por_UF_Municipio_COMBUSTIVEL_Julho_2026.xlsx
SAO PAULO,CASSIA DOS COQUEIROS,DIESEL,142,copy_of_D_Frota_por_UF_Municipio_COMBUSTIVEL_Julho_2026.xlsx
SAO PAULO,CASSIA DOS COQUEIROS,GASOLINA,763,copy_of_D_Frota_por_UF_Municipio_COMBUSTIVEL_Julho_2026.xlsx
SAO PAULO,CASSIA DOS COQUEIROS,GASOLINA/ALCOOL/GAS NATURAL,1,copy_of_D_Frota_por_UF_Municipio_COMBUSTIVEL_Julho_2026.xlsx
SAO PAULO,CASSIA DOS COQUEIROS,GASOLINA/GAS NATURAL VEICULAR,1,copy_of_D_Frota_por_UF_Municipio_COMBUSTIVEL_Julho_2026.xlsx
SAO PAULO,CASSIA DOS COQUEIROS,HIBRIDO,2,copy_of_D_Frota_por_UF_Municipio_COMBUSTIVEL_Julho_2026.xlsx
SAO PAULO,CASSIA DOS COQUEIROS,Sem Informação,59,copy_of_D_Frota_por_UF_Municipio_COMBUSTIVEL_Julho_2026.xlsx
SAO PAULO,CASTILHO,ALCOOL,929,copy_of_D_Frota_por_UF_Municipio_COMBUSTIVEL_Julho_2026.xlsx
SAO PAULO,CASTILHO,ALCOOL/GAS NATURAL VEICULAR,1,copy_of_D_Frota_por_UF_Municipio_COMBUSTIVEL_Julho_2026.xlsx
SAO PAULO,CASTILHO,ALCOOL/GASOLINA,4989,copy_of_D_Frota_por_UF_Municipio_COMBUSTIVEL_Julho_2026.xlsx
SAO PAULO,CASTILHO,DIESEL,1083,copy_of_D_Frota_por_UF_Municipio_COMBUSTIVEL_Julho_2026.xlsx
SAO PAULO,CASTILHO,ELETRICO/FONTE EXTERNA,5,copy_of_D_Frota_por_UF_Municipio_COMBUSTIVEL_Julho_2026.xlsx
SAO PAULO,CASTILHO,GASOLINA,5212,copy_of_D_Frota_por_UF_Municipio_COMBUSTIVEL_Julho_2026.xlsx
SAO PAULO,CASTILHO,GASOLINA/ALCOOL/ELETRICO,2,copy_of_D_Frota_por_UF_Municipio_COMBUSTIVEL_Julho_2026.xlsx
SAO PAULO,CASTILHO,GASOLINA/ALCOOL/GAS NATURAL,2,copy_of_D_Frota_por_UF_Municipio_COMBUSTIVEL_Julho_2026.xlsx
SAO PAULO,CASTILHO,GASOLINA/ELETRICO,6,copy_of_D_Frota_por_UF_Municipio_COMBUSTIVEL_Julho_2026.xlsx
SAO PAULO,CASTILHO,GASOLINA/GAS NATURAL VEICULAR,4,copy_of_D_Frota_por_UF_Municipio_COMBUSTIVEL_Julho_2026.xlsx
SAO PAULO,CASTILHO,HIBRIDO,1,copy_of_D_Frota_por_UF_Municipio_COMBUSTIVEL_Julho_2026.xlsx
SAO PAULO,CASTILHO,Sem Informação,936,copy_of_D_Frota_por_UF_Municipio_COMBUSTIVEL_Julho_2026.xlsx
SAO PAULO,CATANDUVA,ALCOOL,9374,copy_of_D_Frota_por_UF_Municipio_COMBUSTIVEL_Julho_2026.xlsx
SAO PAULO,CATANDUVA,ALCOOL/GAS NATURAL COMBUSTIVEL,3,copy_of_D_Frota_por_UF_Municipio_COMBUSTIVEL_Julho_2026.xlsx
SAO PAULO,CATANDUVA,ALCOOL/GAS NATURAL VEICULAR,11,copy_of_D_Frota_por_UF_Municipio_COMBUSTIVEL_Julho_2026.xlsx
SAO PAULO,CATANDUVA,ALCOOL/GASOLINA,48519,copy_of_D_Frota_por_UF_Municipio_COMBUSTIVEL_Julho_2026.xlsx
SAO PAULO,CATANDUVA,DIESEL,8927,copy_of_D_Frota_por_UF_Municipio_COMBUSTIVEL_Julho_2026.xlsx
SAO PAULO,CATANDUVA,DIESEL/ELETRICO,11,copy_of_D_Frota_por_UF_Municipio_COMBUSTIVEL_Julho_2026.xlsx
SAO PAULO,CATANDUVA,ELETRICO,14,copy_of_D_Frota_por_UF_Municipio_COMBUSTIVEL_Julho_2026.xlsx
SAO PAULO,CATANDUVA,ELETRICO/FONTE EXTERNA,122,copy_of_D_Frota_por_UF_Municipio_COMBUSTIVEL_Julho_2026.xlsx
SAO PAULO,CATANDUVA,ELETRICO/FONTE INTERNA,23,copy_of_D_Frota_por_UF_Municipio_COMBUSTIVEL_Julho_2026.xlsx
SAO PAULO,CATANDUVA,GASOL/GAS NATURAL COMBUSTIVEL,2,copy_of_D_Frota_por_UF_Municipio_COMBUSTIVEL_Julho_2026.xlsx
SAO PAULO,CATANDUVA,GASOLINA,50075,copy_of_D_Frota_por_UF_Municipio_COMBUSTIVEL_Julho_2026.xlsx
SAO PAULO,CATANDUVA,GASOLINA/ALCOOL/ELETRICO,171,copy_of_D_Frota_por_UF_Municipio_COMBUSTIVEL_Julho_2026.xlsx
SAO PAULO,CATANDUVA,GASOLINA/ALCOOL/GAS NATURAL,27,copy_of_D_Frota_por_UF_Municipio_COMBUSTIVEL_Julho_2026.xlsx
SAO PAULO,CATANDUVA,GASOLINA/ELETRICO,226,copy_of_D_Frota_por_UF_Municipio_COMBUSTIVEL_Julho_2026.xlsx
SAO PAULO,CATANDUVA,GASOLINA/GAS NATURAL VEICULAR,26,copy_of_D_Frota_por_UF_Municipio_COMBUSTIVEL_Julho_2026.xlsx
SAO PAULO,CATANDUVA,HIBRIDO,44,copy_of_D_Frota_por_UF_Municipio_COMBUSTIVEL_Julho_2026.xlsx
SAO PAULO,CATANDUVA,HIBRIDO PLUG-IN,76,copy_of_D_Frota_por_UF_Municipio_COMBUSTIVEL_Julho_2026.xlsx
SAO PAULO,CATANDUVA,Sem Informação,6162,copy_of_D_Frota_por_UF_Municipio_COMBUSTIVEL_Julho_2026.xlsx
SAO PAULO,CATIGUA,ALCOOL,639,copy_of_D_Frota_por_UF_Municipio_COMBUSTIVEL_Julho_2026.xlsx
SAO PAULO,CATIGUA,ALCOOL/GASOLINA,2022,copy_of_D_Frota_por_UF_Municipio_COMBUSTIVEL_Julho_2026.xlsx
SAO PAULO,CATIGUA,DIESEL,326,copy_of_D_Frota_por_UF_Municipio_COMBUSTIVEL_Julho_2026.xlsx
SAO PAULO,CATIGUA,ELETRICO/FONTE EXTERNA,1,copy_of_D_Frota_por_UF_Municipio_COMBUSTIVEL_Julho_2026.xlsx
SAO PAULO,CATIGUA,GASOLINA,1596,copy_of_D_Frota_por_UF_Municipio_COMBUSTIVEL_Julho_2026.xlsx
SAO PAULO,CATIGUA,GASOLINA/ALCOOL/ELETRICO,3,copy_of_D_Frota_por_UF_Municipio_COMBUSTIVEL_Julho_2026.xlsx
SAO PAULO,CATIGUA,GASOLINA/ALCOOL/GAS NATURAL,1,copy_of_D_Frota_por_UF_Municipio_COMBUSTIVEL_Julho_2026.xlsx
SAO PAULO,CATIGUA,GASOLINA/ELETRICO,1,copy_of_D_Frota_por_UF_Municipio_COMBUSTIVEL_Julho_2026.xlsx
SAO PAULO,CATIGUA,Sem Informação,329,copy_of_D_Frota_por_UF_Municipio_COMBUSTIVEL_Julho_2026.xlsx
SAO PAULO,CEDRAL,ALCOOL,534,copy_of_D_Frota_por_UF_Municipio_COMBUSTIVEL_Julho_2026.xlsx
SAO PAULO,CEDRAL,ALCOOL/GAS NATURAL VEICULAR,1,copy_of_D_Frota_por_UF_Municipio_COMBUSTIVEL_Julho_2026.xlsx
SAO PAULO,CEDRAL,ALCOOL/GASOLINA,4124,copy_of_D_Frota_por_UF_Municipio_COMBUSTIVEL_Julho_2026.xlsx
SAO PAULO,CEDRAL,DIESEL,852,copy_of_D_Frota_por_UF_Municipio_COMBUSTIVEL_Julho_2026.xlsx
SAO PAULO,CEDRAL,ELETRICO,2,copy_of_D_Frota_por_UF_Municipio_COMBUSTIVEL_Julho_2026.xlsx
SAO PAULO,CEDRAL,ELETRICO/FONTE EXTERNA,13,copy_of_D_Frota_por_UF_Municipio_COMBUSTIVEL_Julho_2026.xlsx
SAO PAULO,CEDRAL,GASOLINA,3414,copy_of_D_Frota_por_UF_Municipio_COMBUSTIVEL_Julho_2026.xlsx
SAO PAULO,CEDRAL,GASOLINA/ALCOOL/ELETRICO,12,copy_of_D_Frota_por_UF_Municipio_COMBUSTIVEL_Julho_2026.xlsx
SAO PAULO,CEDRAL,GASOLINA/ALCOOL/GAS NATURAL,2,copy_of_D_Frota_por_UF_Municipio_COMBUSTIVEL_Julho_2026.xlsx
SAO PAULO,CEDRAL,GASOLINA/ELETRICO,11,copy_of_D_Frota_por_UF_Municipio_COMBUSTIVEL_Julho_2026.xlsx
SAO PAULO,CEDRAL,GASOLINA/GAS NATURAL VEICULAR,3,copy_of_D_Frota_por_UF_Municipio_COMBUSTIVEL_Julho_2026.xlsx
SAO PAULO,CEDRAL,HIBRIDO,4,copy_of_D_Frota_por_UF_Municipio_COMBUSTIVEL_Julho_2026.xlsx
SAO PAULO,CEDRAL,HIBRIDO PLUG-IN,7,copy_of_D_Frota_por_UF_Municipio_COMBUSTIVEL_Julho_2026.xlsx
SAO PAULO,CEDRAL,Sem Informação,486,copy_of_D_Frota_por_UF_Municipio_COMBUSTIVEL_Julho_2026.xlsx
SAO PAULO,CERQUEIRA CESAR,ALCOOL,992,copy_of_D_Frota_por_UF_Municipio_COMBUSTIVEL_Julho_2026.xlsx
SAO PAULO,CERQUEIRA CESAR,ALCOOL/GAS NATURAL COMBUSTIVEL,1,copy_of_D_Frota_por_UF_Municipio_COMBUSTIVEL_Julho_2026.xlsx
SAO PAULO,CERQUEIRA CESAR,ALCOOL/GASOLINA,6009,copy_of_D_Frota_por_UF_Municipio_COMBUSTIVEL_Julho_2026.xlsx
SAO PAULO,CERQUEIRA CESAR,DIESEL,1388,copy_of_D_Frota_por_UF_Municipio_COMBUSTIVEL_Julho_2026.xlsx
SAO PAULO,CERQUEIRA CESAR,DIESEL/ELETRICO,1,copy_of_D_Frota_por_UF_Municipio_COMBUSTIVEL_Julho_2026.xlsx
SAO PAULO,CERQUEIRA CESAR,ELETRICO/FONTE EXTERNA,9,copy_of_D_Frota_por_UF_Municipio_COMBUSTIVEL_Julho_2026.xlsx
SAO PAULO,CERQUEIRA CESAR,ELETRICO/FONTE INTERNA,1,copy_of_D_Frota_por_UF_Municipio_COMBUSTIVEL_Julho_2026.xlsx
SAO PAULO,CERQUEIRA CESAR,GASOLINA,6351,copy_of_D_Frota_por_UF_Municipio_COMBUSTIVEL_Julho_2026.xlsx
SAO PAULO,CERQUEIRA CESAR,GASOLINA/ALCOOL/ELETRICO,18,copy_of_D_Frota_por_UF_Municipio_COMBUSTIVEL_Julho_2026.xlsx
SAO PAULO,CERQUEIRA CESAR,GASOLINA/ALCOOL/GAS NATURAL,1,copy_of_D_Frota_por_UF_Municipio_COMBUSTIVEL_Julho_2026.xlsx
SAO PAULO,CERQUEIRA CESAR,GASOLINA/ELETRICO,5,copy_of_D_Frota_por_UF_Municipio_COMBUSTIVEL_Julho_2026.xlsx
SAO PAULO,CERQUEIRA CESAR,GASOLINA/GAS NATURAL VEICULAR,6,copy_of_D_Frota_por_UF_Municipio_COMBUSTIVEL_Julho_2026.xlsx
SAO PAULO,CERQUEIRA CESAR,HIBRIDO,1,copy_of_D_Frota_por_UF_Municipio_COMBUSTIVEL_Julho_2026.xlsx
SAO PAULO,CERQUEIRA CESAR,Sem Informação,868,copy_of_D_Frota_por_UF_Municipio_COMBUSTIVEL_Julho_2026.xlsx
SAO PAULO,CERQUILHO,ALCOOL,2248,copy_of_D_Frota_por_UF_Municipio_COMBUSTIVEL_Julho_2026.xlsx
SAO PAULO,CERQUILHO,ALCOOL/GAS NATURAL VEICULAR,2,copy_of_D_Frota_por_UF_Municipio_COMBUSTIVEL_Julho_2026.xlsx
SAO PAULO,CERQUILHO,ALCOOL/GASOLINA,15850,copy_of_D_Frota_por_UF_Municipio_COMBUSTIVEL_Julho_2026.xlsx
SAO PAULO,CERQUILHO,DIESEL,2843,copy_of_D_Frota_por_UF_Municipio_COMBUSTIVEL_Julho_2026.xlsx
SAO PAULO,CERQUILHO,ELETRICO,4,copy_of_D_Frota_por_UF_Municipio_COMBUSTIVEL_Julho_2026.xlsx
SAO PAULO,CERQUILHO,ELETRICO/FONTE EXTERNA,41,copy_of_D_Frota_por_UF_Municipio_COMBUSTIVEL_Julho_2026.xlsx
SAO PAULO,CERQUILHO,ELETRICO/FONTE INTERNA,5,copy_of_D_Frota_por_UF_Municipio_COMBUSTIVEL_Julho_2026.xlsx
SAO PAULO,CERQUILHO,GAS METANO,1,copy_of_D_Frota_por_UF_Municipio_COMBUSTIVEL_Julho_2026.xlsx
SAO PAULO,CERQUILHO,GASOL/GAS NATURAL COMBUSTIVEL,1,copy_of_D_Frota_por_UF_Municipio_COMBUSTIVEL_Julho_2026.xlsx
SAO PAULO,CERQUILHO,GASOLINA,15224,copy_of_D_Frota_por_UF_Municipio_COMBUSTIVEL_Julho_2026.xlsx
SAO PAULO,CERQUILHO,GASOLINA/ALCOOL/ELETRICO,61,copy_of_D_Frota_por_UF_Municipio_COMBUSTIVEL_Julho_2026.xlsx
SAO PAULO,CERQUILHO,GASOLINA/ALCOOL/GAS NATURAL,15,copy_of_D_Frota_por_UF_Municipio_COMBUSTIVEL_Julho_2026.xlsx
SAO PAULO,CERQUILHO,GASOLINA/ELETRICO,78,copy_of_D_Frota_por_UF_Municipio_COMBUSTIVEL_Julho_2026.xlsx
SAO PAULO,CERQUILHO,GASOLINA/GAS NATURAL VEICULAR,63,copy_of_D_Frota_por_UF_Municipio_COMBUSTIVEL_Julho_2026.xlsx
SAO PAULO,CERQUILHO,HIBRIDO,5,copy_of_D_Frota_por_UF_Municipio_COMBUSTIVEL_Julho_2026.xlsx
SAO PAULO,CERQUILHO,HIBRIDO PLUG-IN,21,copy_of_D_Frota_por_UF_Municipio_COMBUSTIVEL_Julho_2026.xlsx
SAO PAULO,CERQUILHO,Sem Informação,1592,copy_of_D_Frota_por_UF_Municipio_COMBUSTIVEL_Julho_2026.xlsx
SAO PAULO,CESARIO LANGE,ALCOOL,943,copy_of_D_Frota_por_UF_Municipio_COMBUSTIVEL_Julho_2026.xlsx
SAO PAULO,CESARIO LANGE,ALCOOL/GAS NATURAL VEICULAR,3,copy_of_D_Frota_por_UF_Municipio_COMBUSTIVEL_Julho_2026.xlsx
SAO PAULO,CESARIO LANGE,ALCOOL/GASOLINA,7303,copy_of_D_Frota_por_UF_Municipio_COMBUSTIVEL_Julho_2026.xlsx
SAO PAULO,CESARIO LANGE,DIESEL,1026,copy_of_D_Frota_por_UF_Municipio_COMBUSTIVEL_Julho_2026.xlsx
SAO PAULO,CESARIO LANGE,DIESEL/ELETRICO,1,copy_of_D_Frota_por_UF_Municipio_COMBUSTIVEL_Julho_2026.xlsx
SAO PAULO,CESARIO LANGE,ELETRICO,2,copy_of_D_Frota_por_UF_Municipio_COMBUSTIVEL_Julho_2026.xlsx
SAO PAULO,CESARIO LANGE,ELETRICO/FONTE EXTERNA,8,copy_of_D_Frota_por_UF_Municipio_COMBUSTIVEL_Julho_2026.xlsx
SAO PAULO,CESARIO LANGE,ELETRICO/FONTE INTERNA,1,copy_of_D_Frota_por_UF_Municipio_COMBUSTIVEL_Julho_2026.xlsx
SAO PAULO,CESARIO LANGE,GASOL/GAS NATURAL COMBUSTIVEL,3,copy_of_D_Frota_por_UF_Municipio_COMBUSTIVEL_Julho_2026.xlsx
SAO PAULO,CESARIO LANGE,GASOLINA,6030,copy_of_D_Frota_por_UF_Municipio_COMBUSTIVEL_Julho_2026.xlsx
SAO PAULO,CESARIO LANGE,GASOLINA/ALCOOL/ELETRICO,15,copy_of_D_Frota_por_UF_Municipio_COMBUSTIVEL_Julho_2026.xlsx
SAO PAULO,CESARIO LANGE,GASOLINA/ALCOOL/GAS NATURAL,11,copy_of_D_Frota_por_UF_Municipio_COMBUSTIVEL_Julho_2026.xlsx
SAO PAULO,CESARIO LANGE,GASOLINA/ELETRICO,11,copy_of_D_Frota_por_UF_Municipio_COMBUSTIVEL_Julho_2026.xlsx
SAO PAULO,CESARIO LANGE,GASOLINA/GAS NATURAL VEICULAR,38,copy_of_D_Frota_por_UF_Municipio_COMBUSTIVEL_Julho_2026.xlsx
SAO PAULO,CESARIO LANGE,HIBRIDO,1,copy_of_D_Frota_por_UF_Municipio_COMBUSTIVEL_Julho_2026.xlsx
SAO PAULO,CESARIO LANGE,Sem Informação,413,copy_of_D_Frota_por_UF_Municipio_COMBUSTIVEL_Julho_2026.xlsx
SAO PAULO,CHARQUEADA,ALCOOL,1071,copy_of_D_Frota_por_UF_Municipio_COMBUSTIVEL_Julho_2026.xlsx
SAO PAULO,CHARQUEADA,ALCOOL/GAS NATURAL VEICULAR,2,copy_of_D_Frota_por_UF_Municipio_COMBUSTIVEL_Julho_2026.xlsx
SAO PAULO,CHARQUEADA,ALCOOL/GASOLINA,4920,copy_of_D_Frota_por_UF_Municipio_COMBUSTIVEL_Julho_2026.xlsx
SAO PAULO,CHARQUEADA,DIESEL,1257,copy_of_D_Frota_por_UF_Municipio_COMBUSTIVEL_Julho_2026.xlsx
SAO PAULO,CHARQUEADA,ELETRICO,1,copy_of_D_Frota_por_UF_Municipio_COMBUSTIVEL_Julho_2026.xlsx
SAO PAULO,CHARQUEADA,ELETRICO/FONTE EXTERNA,5,copy_of_D_Frota_por_UF_Municipio_COMBUSTIVEL_Julho_2026.xlsx
SAO PAULO,CHARQUEADA,ELETRICO/FONTE INTERNA,1,copy_of_D_Frota_por_UF_Municipio_COMBUSTIVEL_Julho_2026.xlsx
SAO PAULO,CHARQUEADA,GASOL/GAS NATURAL COMBUSTIVEL,1,copy_of_D_Frota_por_UF_Municipio_COMBUSTIVEL_Julho_2026.xlsx
SAO PAULO,CHARQUEADA,GASOLINA,4422,copy_of_D_Frota_por_UF_Municipio_COMBUSTIVEL_Julho_2026.xlsx
SAO PAULO,CHARQUEADA,GASOLINA/ALCOOL/ELETRICO,4,copy_of_D_Frota_por_UF_Municipio_COMBUSTIVEL_Julho_2026.xlsx
SAO PAULO,CHARQUEADA,GASOLINA/ALCOOL/GAS NATURAL,4,copy_of_D_Frota_por_UF_Municipio_COMBUSTIVEL_Julho_2026.xlsx
SAO PAULO,CHARQUEADA,GASOLINA/ELETRICO,4,copy_of_D_Frota_por_UF_Municipio_COMBUSTIVEL_Julho_2026.xlsx
SAO PAULO,CHARQUEADA,GASOLINA/GAS NATURAL VEICULAR,21,copy_of_D_Frota_por_UF_Municipio_COMBUSTIVEL_Julho_2026.xlsx
SAO PAULO,CHARQUEADA,HIBRIDO PLUG-IN,2,copy_of_D_Frota_por_UF_Municipio_COMBUSTIVEL_Julho_2026.xlsx
SAO PAULO,CHARQUEADA,Sem Informação,744,copy_of_D_Frota_por_UF_Municipio_COMBUSTIVEL_Julho_2026.xlsx
SAO PAULO,CHAVANTES,ALCOOL,558,copy_of_D_Frota_por_UF_Municipio_COMBUSTIVEL_Julho_2026.xlsx
SAO PAULO,CHAVANTES,ALCOOL/GASOLINA,2824,copy_of_D_Frota_por_UF_Municipio_COMBUSTIVEL_Julho_2026.xlsx
SAO PAULO,CHAVANTES,DIESEL,462,copy_of_D_Frota_por_UF_Municipio_COMBUSTIVEL_Julho_2026.xlsx
SAO PAULO,CHAVANTES,ELETRICO/FONTE EXTERNA,2,copy_of_D_Frota_por_UF_Municipio_COMBUSTIVEL_Julho_2026.xlsx
SAO PAULO,CHAVANTES,ELETRICO/FONTE INTERNA,1,copy_of_D_Frota_por_UF_Municipio_COMBUSTIVEL_Julho_2026.xlsx
SAO PAULO,CHAVANTES,GASOLINA,2913,copy_of_D_Frota_por_UF_Municipio_COMBUSTIVEL_Julho_2026.xlsx
SAO PAULO,CHAVANTES,GASOLINA/ALCOOL/ELETRICO,9,copy_of_D_Frota_por_UF_Municipio_COMBUSTIVEL_Julho_2026.xlsx
SAO PAULO,CHAVANTES,GASOLINA/ALCOOL/GAS NATURAL,1,copy_of_D_Frota_por_UF_Municipio_COMBUSTIVEL_Julho_2026.xlsx
SAO PAULO,CHAVANTES,GASOLINA/ELETRICO,5,copy_of_D_Frota_por_UF_Municipio_COMBUSTIVEL_Julho_2026.xlsx
SAO PAULO,CHAVANTES,GASOLINA/GAS NATURAL VEICULAR,1,copy_of_D_Frota_por_UF_Municipio_COMBUSTIVEL_Julho_2026.xlsx
SAO PAULO,CHAVANTES,Sem Informação,305,copy_of_D_Frota_por_UF_Municipio_COMBUSTIVEL_Julho_2026.xlsx
SAO PAULO,CLEMENTINA,ALCOOL,577,copy_of_D_Frota_por_UF_Municipio_COMBUSTIVEL_Julho_2026.xlsx
SAO PAULO,CLEMENTINA,ALCOOL/GASOLINA,2311,copy_of_D_Frota_por_UF_Municipio_COMBUSTIVEL_Julho_2026.xlsx
SAO PAULO,CLEMENTINA,DIESEL,698,copy_of_D_Frota_por_UF_Municipio_COMBUSTIVEL_Julho_2026.xlsx
SAO PAULO,CLEMENTINA,ELETRICO/FONTE EXTERNA,2,copy_of_D_Frota_por_UF_Municipio_COMBUSTIVEL_Julho_2026.xlsx
SAO PAULO,CLEMENTINA,GAS METANO,1,copy_of_D_Frota_por_UF_Municipio_COMBUSTIVEL_Julho_2026.xlsx
SAO PAULO,CLEMENTINA,GASOLINA,2017,copy_of_D_Frota_por_UF_Municipio_COMBUSTIVEL_Julho_2026.xlsx
SAO PAULO,CLEMENTINA,GASOLINA/ALCOOL/ELETRICO,2,copy_of_D_Frota_por_UF_Municipio_COMBUSTIVEL_Julho_2026.xlsx
SAO PAULO,CLEMENTINA,GASOLINA/ELETRICO,2,copy_of_D_Frota_por_UF_Municipio_COMBUSTIVEL_Julho_2026.xlsx
SAO PAULO,CLEMENTINA,GASOLINA/GAS NATURAL VEICULAR,5,copy_of_D_Frota_por_UF_Municipio_COMBUSTIVEL_Julho_2026.xlsx
SAO PAULO,CLEMENTINA,HIBRIDO PLUG-IN,2,copy_of_D_Frota_por_UF_Municipio_COMBUSTIVEL_Julho_2026.xlsx
SAO PAULO,CLEMENTINA,Sem Informação,740,copy_of_D_Frota_por_UF_Municipio_COMBUSTIVEL_Julho_2026.xlsx
SAO PAULO,COLINA,ALCOOL,1122,copy_of_D_Frota_por_UF_Municipio_COMBUSTIVEL_Julho_2026.xlsx
SAO PAULO,COLINA,ALCOOL/GASOLINA,5425,copy_of_D_Frota_por_UF_Municipio_COMBUSTIVEL_Julho_2026.xlsx
SAO PAULO,COLINA,DIESEL,1169,copy_of_D_Frota_por_UF_Municipio_COMBUSTIVEL_Julho_2026.xlsx
SAO PAULO,COLINA,ELETRICO,1,copy_of_D_Frota_por_UF_Municipio_COMBUSTIVEL_Julho_2026.xlsx
SAO PAULO,COLINA,ELETRICO/FONTE EXTERNA,9,copy_of_D_Frota_por_UF_Municipio_COMBUSTIVEL_Julho_2026.xlsx
SAO PAULO,COLINA,ELETRICO/FONTE INTERNA,2,copy_of_D_Frota_por_UF_Municipio_COMBUSTIVEL_Julho_2026.xlsx
SAO PAULO,COLINA,GASOLINA,6366,copy_of_D_Frota_por_UF_Municipio_COMBUSTIVEL_Julho_2026.xlsx
SAO PAULO,COLINA,GASOLINA/ALCOOL/ELETRICO,10,copy_of_D_Frota_por_UF_Municipio_COMBUSTIVEL_Julho_2026.xlsx
SAO PAULO,COLINA,GASOLINA/ALCOOL/GAS NATURAL,4,copy_of_D_Frota_por_UF_Municipio_COMBUSTIVEL_Julho_2026.xlsx
SAO PAULO,COLINA,GASOLINA/ELETRICO,11,copy_of_D_Frota_por_UF_Municipio_COMBUSTIVEL_Julho_2026.xlsx
SAO PAULO,COLINA,GASOLINA/GAS NATURAL VEICULAR,2,copy_of_D_Frota_por_UF_Municipio_COMBUSTIVEL_Julho_2026.xlsx
SAO PAULO,COLINA,HIBRIDO,2,copy_of_D_Frota_por_UF_Municipio_COMBUSTIVEL_Julho_2026.xlsx
SAO PAULO,COLINA,HIBRIDO PLUG-IN,4,copy_of_D_Frota_por_UF_Municipio_COMBUSTIVEL_Julho_2026.xlsx
SAO PAULO,COLINA,Sem Informação,900,copy_of_D_Frota_por_UF_Municipio_COMBUSTIVEL_Julho_2026.xlsx
SAO PAULO,COLOMBIA,ALCOOL,391,copy_of_D_Frota_por_UF_Municipio_COMBUSTIVEL_Julho_2026.xlsx
SAO PAULO,COLOMBIA,ALCOOL/GASOLINA,1883,copy_of_D_Frota_por_UF_Municipio_COMBUSTIVEL_Julho_2026.xlsx
SAO PAULO,COLOMBIA,DIESEL,584,copy_of_D_Frota_por_UF_Municipio_COMBUSTIVEL_Julho_2026.xlsx
SAO PAULO,COLOMBIA,DIESEL/ELETRICO,1,copy_of_D_Frota_por_UF_Municipio_COMBUSTIVEL_Julho_2026.xlsx
SAO PAULO,COLOMBIA,ELETRICO/FONTE EXTERNA,1,copy_of_D_Frota_por_UF_Municipio_COMBUSTIVEL_Julho_2026.xlsx
SAO PAULO,COLOMBIA,GASOLINA,1694,copy_of_D_Frota_por_UF_Municipio_COMBUSTIVEL_Julho_2026.xlsx
SAO PAULO,COLOMBIA,GASOLINA/ALCOOL/ELETRICO,2,copy_of_D_Frota_por_UF_Municipio_COMBUSTIVEL_Julho_2026.xlsx
SAO PAULO,COLOMBIA,GASOLINA/ALCOOL/GAS NATURAL,1,copy_of_D_Frota_por_UF_Municipio_COMBUSTIVEL_Julho_2026.xlsx
SAO PAULO,COLOMBIA,GASOLINA/ELETRICO,4,copy_of_D_Frota_por_UF_Municipio_COMBUSTIVEL_Julho_2026.xlsx
SAO PAULO,COLOMBIA,GASOLINA/GAS NATURAL VEICULAR,4,copy_of_D_Frota_por_UF_Municipio_COMBUSTIVEL_Julho_2026.xlsx
SAO PAULO,COLOMBIA,HIBRIDO,1,copy_of_D_Frota_por_UF_Municipio_COMBUSTIVEL_Julho_2026.xlsx
SAO PAULO,COLOMBIA,HIBRIDO PLUG-IN,1,copy_of_D_Frota_por_UF_Municipio_COMBUSTIVEL_Julho_2026.xlsx
SAO PAULO,COLOMBIA,Sem Informação,332,copy_of_D_Frota_por_UF_Municipio_COMBUSTIVEL_Julho_2026.xlsx
SAO PAULO,CONCHAL,ALCOOL,1659,copy_of_D_Frota_por_UF_Municipio_COMBUSTIVEL_Julho_2026.xlsx
SAO PAULO,CONCHAL,ALCOOL/GAS NATURAL VEICULAR,2,copy_of_D_Frota_por_UF_Municipio_COMBUSTIVEL_Julho_2026.xlsx
SAO PAULO,CONCHAL,ALCOOL/GASOLINA,8609,copy_of_D_Frota_por_UF_Municipio_COMBUSTIVEL_Julho_2026.xlsx
SAO PAULO,CONCHAL,DIESEL,2331,copy_of_D_Frota_por_UF_Municipio_COMBUSTIVEL_Julho_2026.xlsx
SAO PAULO,CONCHAL,DIESEL/ELETRICO,1,copy_of_D_Frota_por_UF_Municipio_COMBUSTIVEL_Julho_2026.xlsx
SAO PAULO,CONCHAL,ELETRICO,2,copy_of_D_Frota_por_UF_Municipio_COMBUSTIVEL_Julho_2026.xlsx
SAO PAULO,CONCHAL,ELETRICO/FONTE EXTERNA,14,copy_of_D_Frota_por_UF_Municipio_COMBUSTIVEL_Julho_2026.xlsx
SAO PAULO,CONCHAL,ELETRICO/FONTE INTERNA,3,copy_of_D_Frota_por_UF_Municipio_COMBUSTIVEL_Julho_2026.xlsx
SAO PAULO,CONCHAL,GASOL/GAS NATURAL COMBUSTIVEL,1,copy_of_D_Frota_por_UF_Municipio_COMBUSTIVEL_Julho_2026.xlsx
SAO PAULO,CONCHAL,GASOLINA,9974,copy_of_D_Frota_por_UF_Municipio_COMBUSTIVEL_Julho_2026.xlsx
SAO PAULO,CONCHAL,GASOLINA/ALCOOL/ELETRICO,20,copy_of_D_Frota_por_UF_Municipio_COMBUSTIVEL_Julho_2026.xlsx
SAO PAULO,CONCHAL,GASOLINA/ALCOOL/GAS NATURAL,6,copy_of_D_Frota_por_UF_Municipio_COMBUSTIVEL_Julho_2026.xlsx
SAO PAULO,CONCHAL,GASOLINA/ELETRICO,19,copy_of_D_Frota_por_UF_Municipio_COMBUSTIVEL_Julho_2026.xlsx
SAO PAULO,CONCHAL,GASOLINA/GAS NATURAL VEICULAR,26,copy_of_D_Frota_por_UF_Municipio_COMBUSTIVEL_Julho_2026.xlsx
SAO PAULO,CONCHAL,HIBRIDO,3,copy_of_D_Frota_por_UF_Municipio_COMBUSTIVEL_Julho_2026.xlsx
SAO PAULO,CONCHAL,HIBRIDO PLUG-IN,3,copy_of_D_Frota_por_UF_Municipio_COMBUSTIVEL_Julho_2026.xlsx
SAO PAULO,CONCHAL,Sem Informação,872,copy_of_D_Frota_por_UF_Municipio_COMBUSTIVEL_Julho_2026.xlsx
SAO PAULO,CONCHAS,ALCOOL,875,copy_of_D_Frota_por_UF_Municipio_COMBUSTIVEL_Julho_2026.xlsx
SAO PAULO,CONCHAS,ALCOOL/GAS NATURAL VEICULAR,1,copy_of_D_Frota_por_UF_Municipio_COMBUSTIVEL_Julho_2026.xlsx
SAO PAULO,CONCHAS,ALCOOL/GASOLINA,4894,copy_of_D_Frota_por_UF_Municipio_COMBUSTIVEL_Julho_2026.xlsx
SAO PAULO,CONCHAS,DIESEL,1047,copy_of_D_Frota_por_UF_Municipio_COMBUSTIVEL_Julho_2026.xlsx
SAO PAULO,CONCHAS,DIESEL/ELETRICO,1,copy_of_D_Frota_por_UF_Municipio_COMBUSTIVEL_Julho_2026.xlsx
SAO PAULO,CONCHAS,ELETRICO,1,copy_of_D_Frota_por_UF_Municipio_COMBUSTIVEL_Julho_2026.xlsx
SAO PAULO,CONCHAS,ELETRICO/FONTE EXTERNA,4,copy_of_D_Frota_por_UF_Municipio_COMBUSTIVEL_Julho_2026.xlsx
SAO PAULO,CONCHAS,GASOL/GAS NATURAL COMBUSTIVEL,1,copy_of_D_Frota_por_UF_Municipio_COMBUSTIVEL_Julho_2026.xlsx
SAO PAULO,CONCHAS,GASOLINA,5646,copy_of_D_Frota_por_UF_Municipio_COMBUSTIVEL_Julho_2026.xlsx
SAO PAULO,CONCHAS,GASOLINA/ALCOOL/ELETRICO,8,copy_of_D_Frota_por_UF_Municipio_COMBUSTIVEL_Julho_2026.xlsx
SAO PAULO,CONCHAS,GASOLINA/ALCOOL/GAS NATURAL,9,copy_of_D_Frota_por_UF_Municipio_COMBUSTIVEL_Julho_2026.xlsx
SAO PAULO,CONCHAS,GASOLINA/ELETRICO,10,copy_of_D_Frota_por_UF_Municipio_COMBUSTIVEL_Julho_2026.xlsx
SAO PAULO,CONCHAS,GASOLINA/GAS NATURAL VEICULAR,22,copy_of_D_Frota_por_UF_Municipio_COMBUSTIVEL_Julho_2026.xlsx
SAO PAULO,CONCHAS,HIBRIDO,2,copy_of_D_Frota_por_UF_Municipio_COMBUSTIVEL_Julho_2026.xlsx
SAO PAULO,CONCHAS,HIBRIDO PLUG-IN,1,copy_of_D_Frota_por_UF_Municipio_COMBUSTIVEL_Julho_2026.xlsx
SAO PAULO,CONCHAS,Sem Informação,401,copy_of_D_Frota_por_UF_Municipio_COMBUSTIVEL_Julho_2026.xlsx
SAO PAULO,CORDEIROPOLIS,ALCOOL,1123,copy_of_D_Frota_por_UF_Municipio_COMBUSTIVEL_Julho_2026.xlsx
SAO PAULO,CORDEIROPOLIS,ALCOOL/GAS NATURAL VEICULAR,2,copy_of_D_Frota_por_UF_Municipio_COMBUSTIVEL_Julho_2026.xlsx
SAO PAULO,CORDEIROPOLIS,ALCOOL/GASOLINA,8924,copy_of_D_Frota_por_UF_Municipio_COMBUSTIVEL_Julho_2026.xlsx
SAO PAULO,CORDEIROPOLIS,DIESEL,2425,copy_of_D_Frota_por_UF_Municipio_COMBUSTIVEL_Julho_2026.xlsx
SAO PAULO,CORDEIROPOLIS,DIESEL/ELETRICO,2,copy_of_D_Frota_por_UF_Municipio_COMBUSTIVEL_Julho_2026.xlsx
SAO PAULO,CORDEIROPOLIS,ELETRICO,1,copy_of_D_Frota_por_UF_Municipio_COMBUSTIVEL_Julho_2026.xlsx
SAO PAULO,CORDEIROPOLIS,ELETRICO/FONTE EXTERNA,20,copy_of_D_Frota_por_UF_Municipio_COMBUSTIVEL_Julho_2026.xlsx
SAO PAULO,CORDEIROPOLIS,ELETRICO/FONTE INTERNA,4,copy_of_D_Frota_por_UF_Municipio_COMBUSTIVEL_Julho_2026.xlsx
SAO PAULO,CORDEIROPOLIS,GAS METANO,2,copy_of_D_Frota_por_UF_Municipio_COMBUSTIVEL_Julho_2026.xlsx
SAO PAULO,CORDEIROPOLIS,GAS NATURAL VEICULAR,1,copy_of_D_Frota_por_UF_Municipio_COMBUSTIVEL_Julho_2026.xlsx
SAO PAULO,CORDEIROPOLIS,GASOLINA,8350,copy_of_D_Frota_por_UF_Municipio_COMBUSTIVEL_Julho_2026.xlsx
SAO PAULO,CORDEIROPOLIS,GASOLINA/ALCOOL/ELETRICO,27,copy_of_D_Frota_por_UF_Municipio_COMBUSTIVEL_Julho_2026.xlsx
SAO PAULO,CORDEIROPOLIS,GASOLINA/ALCOOL/GAS NATURAL,20,copy_of_D_Frota_por_UF_Municipio_COMBUSTIVEL_Julho_2026.xlsx
SAO PAULO,CORDEIROPOLIS,GASOLINA/ELETRICO,39,copy_of_D_Frota_por_UF_Municipio_COMBUSTIVEL_Julho_2026.xlsx
SAO PAULO,CORDEIROPOLIS,GASOLINA/GAS NATURAL VEICULAR,71,copy_of_D_Frota_por_UF_Municipio_COMBUSTIVEL_Julho_2026.xlsx
SAO PAULO,CORDEIROPOLIS,HIBRIDO,9,copy_of_D_Frota_por_UF_Municipio_COMBUSTIVEL_Julho_2026.xlsx
SAO PAULO,CORDEIROPOLIS,HIBRIDO PLUG-IN,12,copy_of_D_Frota_por_UF_Municipio_COMBUSTIVEL_Julho_2026.xlsx
SAO PAULO,CORDEIROPOLIS,Sem Informação,1388,copy_of_D_Frota_por_UF_Municipio_COMBUSTIVEL_Julho_2026.xlsx
SAO PAULO,COROADOS,ALCOOL,320,copy_of_D_Frota_por_UF_Municipio_COMBUSTIVEL_Julho_2026.xlsx
SAO PAULO,COROADOS,ALCOOL/GASOLINA,1519,copy_of_D_Frota_por_UF_Municipio_COMBUSTIVEL_Julho_2026.xlsx
SAO PAULO,COROADOS,DIESEL,365,copy_of_D_Frota_por_UF_Municipio_COMBUSTIVEL_Julho_2026.xlsx
SAO PAULO,COROADOS,ELETRICO/FONTE EXTERNA,1,copy_of_D_Frota_por_UF_Municipio_COMBUSTIVEL_Julho_2026.xlsx
SAO PAULO,COROADOS,GASOLINA,1501,copy_of_D_Frota_por_UF_Municipio_COMBUSTIVEL_Julho_2026.xlsx
SAO PAULO,COROADOS,GASOLINA/ALCOOL/GAS NATURAL,1,copy_of_D_Frota_por_UF_Municipio_COMBUSTIVEL_Julho_2026.xlsx
SAO PAULO,COROADOS,GASOLINA/ELETRICO,2,copy_of_D_Frota_por_UF_Municipio_COMBUSTIVEL_Julho_2026.xlsx
SAO PAULO,COROADOS,HIBRIDO,1,copy_of_D_Frota_por_UF_Municipio_COMBUSTIVEL_Julho_2026.xlsx
SAO PAULO,COROADOS,HIBRIDO PLUG-IN,1,copy_of_D_Frota_por_UF_Municipio_COMBUSTIVEL_Julho_2026.xlsx
SAO PAULO,COROADOS,Sem Informação,209,copy_of_D_Frota_por_UF_Municipio_COMBUSTIVEL_Julho_2026.xlsx
SAO PAULO,CORONEL MACEDO,ALCOOL,171,copy_of_D_Frota_por_UF_Municipio_COMBUSTIVEL_Julho_2026.xlsx
SAO PAULO,CORONEL MACEDO,ALCOOL/GASOLINA,987,copy_of_D_Frota_por_UF_Municipio_COMBUSTIVEL_Julho_2026.xlsx
SAO PAULO,CORONEL MACEDO,DIESEL,284,copy_of_D_Frota_por_UF_Municipio_COMBUSTIVEL_Julho_2026.xlsx
SAO PAULO,CORONEL MACEDO,ELETRICO/FONTE EXTERNA,3,copy_of_D_Frota_por_UF_Municipio_COMBUSTIVEL_Julho_2026.xlsx
SAO PAULO,CORONEL MACEDO,GASOLINA,863,copy_of_D_Frota_por_UF_Municipio_COMBUSTIVEL_Julho_2026.xlsx
SAO PAULO,CORONEL MACEDO,Sem Informação,102,copy_of_D_Frota_por_UF_Municipio_COMBUSTIVEL_Julho_2026.xlsx
SAO PAULO,CORUMBATAI,ALCOOL,233,copy_of_D_Frota_por_UF_Municipio_COMBUSTIVEL_Julho_2026.xlsx
SAO PAULO,CORUMBATAI,ALCOOL/GASOLINA,1140,copy_of_D_Frota_por_UF_Municipio_COMBUSTIVEL_Julho_2026.xlsx
SAO PAULO,CORUMBATAI,DIESEL,549,copy_of_D_Frota_por_UF_Municipio_COMBUSTIVEL_Julho_2026.xlsx
SAO PAULO,CORUMBATAI,DIESEL/ELETRICO,2,copy_of_D_Frota_por_UF_Municipio_COMBUSTIVEL_Julho_2026.xlsx
SAO PAULO,CORUMBATAI,ELETRICO/FONTE EXTERNA,1,copy_of_D_Frota_por_UF_Municipio_COMBUSTIVEL_Julho_2026.xlsx
SAO PAULO,CORUMBATAI,GASOLINA,1307,copy_of_D_Frota_por_UF_Municipio_COMBUSTIVEL_Julho_2026.xlsx
SAO PAULO,CORUMBATAI,GASOLINA/ALCOOL/GAS NATURAL,3,copy_of_D_Frota_por_UF_Municipio_COMBUSTIVEL_Julho_2026.xlsx
SAO PAULO,CORUMBATAI,GASOLINA/GAS NATURAL VEICULAR,12,copy_of_D_Frota_por_UF_Municipio_COMBUSTIVEL_Julho_2026.xlsx
SAO PAULO,CORUMBATAI,Sem Informação,260,copy_of_D_Frota_por_UF_Municipio_COMBUSTIVEL_Julho_2026.xlsx
SAO PAULO,COSMOPOLIS,ALCOOL,2494,copy_of_D_Frota_por_UF_Municipio_COMBUSTIVEL_Julho_2026.xlsx
SAO PAULO,COSMOPOLIS,ALCOOL/GAS NATURAL COMBUSTIVEL,2,copy_of_D_Frota_por_UF_Municipio_COMBUSTIVEL_Julho_2026.xlsx
SAO PAULO,COSMOPOLIS,ALCOOL/GAS NATURAL VEICULAR,5,copy_of_D_Frota_por_UF_Municipio_COMBUSTIVEL_Julho_2026.xlsx
SAO PAULO,COSMOPOLIS,ALCOOL/GASOLINA,19898,copy_of_D_Frota_por_UF_Municipio_COMBUSTIVEL_Julho_2026.xlsx
SAO PAULO,COSMOPOLIS,DIESEL,3213,copy_of_D_Frota_por_UF_Municipio_COMBUSTIVEL_Julho_2026.xlsx
SAO PAULO,COSMOPOLIS,ELETRICO,1,copy_of_D_Frota_por_UF_Municipio_COMBUSTIVEL_Julho_2026.xlsx
SAO PAULO,COSMOPOLIS,ELETRICO/FONTE EXTERNA,39,copy_of_D_Frota_por_UF_Municipio_COMBUSTIVEL_Julho_2026.xlsx
SAO PAULO,COSMOPOLIS,ELETRICO/FONTE INTERNA,16,copy_of_D_Frota_por_UF_Municipio_COMBUSTIVEL_Julho_2026.xlsx
SAO PAULO,COSMOPOLIS,GAS METANO,1,copy_of_D_Frota_por_UF_Municipio_COMBUSTIVEL_Julho_2026.xlsx
SAO PAULO,COSMOPOLIS,GASOL/GAS NATURAL COMBUSTIVEL,2,copy_of_D_Frota_por_UF_Municipio_COMBUSTIVEL_Julho_2026.xlsx
SAO PAULO,COSMOPOLIS,GASOLINA,21182,copy_of_D_Frota_por_UF_Municipio_COMBUSTIVEL_Julho_2026.xlsx
SAO PAULO,COSMOPOLIS,GASOLINA/ALCOOL/ELETRICO,55,copy_of_D_Frota_por_UF_Municipio_COMBUSTIVEL_Julho_2026.xlsx
SAO PAULO,COSMOPOLIS,GASOLINA/ALCOOL/GAS NATURAL,28,copy_of_D_Frota_por_UF_Municipio_COMBUSTIVEL_Julho_2026.xlsx
SAO PAULO,COSMOPOLIS,GASOLINA/ELETRICO,48,copy_of_D_Frota_por_UF_Municipio_COMBUSTIVEL_Julho_2026.xlsx
SAO PAULO,COSMOPOLIS,GASOLINA/GAS NATURAL VEICULAR,96,copy_of_D_Frota_por_UF_Municipio_COMBUSTIVEL_Julho_2026.xlsx
SAO PAULO,COSMOPOLIS,HIBRIDO,3,copy_of_D_Frota_por_UF_Municipio_COMBUSTIVEL_Julho_2026.xlsx
SAO PAULO,COSMOPOLIS,HIBRIDO PLUG-IN,10,copy_of_D_Frota_por_UF_Municipio_COMBUSTIVEL_Julho_2026.xlsx
SAO PAULO,COSMOPOLIS,Sem Informação,1555,copy_of_D_Frota_por_UF_Municipio_COMBUSTIVEL_Julho_2026.xlsx
SAO PAULO,COSMORAMA,ALCOOL,559,copy_of_D_Frota_por_UF_Municipio_COMBUSTIVEL_Julho_2026.xlsx
SAO PAULO,COSMORAMA,ALCOOL/GASOLINA,2866,copy_of_D_Frota_por_UF_Municipio_COMBUSTIVEL_Julho_2026.xlsx
SAO PAULO,COSMORAMA,DIESEL,832,copy_of_D_Frota_por_UF_Municipio_COMBUSTIVEL_Julho_2026.xlsx
SAO PAULO,COSMORAMA,ELETRICO/FONTE EXTERNA,2,copy_of_D_Frota_por_UF_Municipio_COMBUSTIVEL_Julho_2026.xlsx
SAO PAULO,COSMORAMA,ELETRICO/FONTE INTERNA,4,copy_of_D_Frota_por_UF_Municipio_COMBUSTIVEL_Julho_2026.xlsx
SAO PAULO,COSMORAMA,GASOLINA,2643,copy_of_D_Frota_por_UF_Municipio_COMBUSTIVEL_Julho_2026.xlsx
SAO PAULO,COSMORAMA,GASOLINA/ALCOOL/ELETRICO,3,copy_of_D_Frota_por_UF_Municipio_COMBUSTIVEL_Julho_2026.xlsx
SAO PAULO,COSMORAMA,GASOLINA/ALCOOL/GAS NATURAL,1,copy_of_D_Frota_por_UF_Municipio_COMBUSTIVEL_Julho_2026.xlsx
SAO PAULO,COSMORAMA,GASOLINA/ELETRICO,2,copy_of_D_Frota_por_UF_Municipio_COMBUSTIVEL_Julho_2026.xlsx
SAO PAULO,COSMORAMA,GASOLINA/GAS NATURAL VEICULAR,1,copy_of_D_Frota_por_UF_Municipio_COMBUSTIVEL_Julho_2026.xlsx
SAO PAULO,COSMORAMA,HIBRIDO PLUG-IN,3,copy_of_D_Frota_por_UF_Municipio_COMBUSTIVEL_Julho_2026.xlsx
SAO PAULO,COSMORAMA,Sem Informação,335,copy_of_D_Frota_por_UF_Municipio_COMBUSTIVEL_Julho_2026.xlsx
SAO PAULO,COTIA,ALCOOL,7004,copy_of_D_Frota_por_UF_Municipio_COMBUSTIVEL_Julho_2026.xlsx
SAO PAULO,COTIA,ALCOOL/GAS NATURAL COMBUSTIVEL,3,copy_of_D_Frota_por_UF_Municipio_COMBUSTIVEL_Julho_2026.xlsx
SAO PAULO,COTIA,ALCOOL/GAS NATURAL VEICULAR,68,copy_of_D_Frota_por_UF_Municipio_COMBUSTIVEL_Julho_2026.xlsx
SAO PAULO,COTIA,ALCOOL/GASOLINA,92060,copy_of_D_Frota_por_UF_Municipio_COMBUSTIVEL_Julho_2026.xlsx
SAO PAULO,COTIA,DIESEL,11284,copy_of_D_Frota_por_UF_Municipio_COMBUSTIVEL_Julho_2026.xlsx
SAO PAULO,COTIA,DIESEL/ELETRICO,18,copy_of_D_Frota_por_UF_Municipio_COMBUSTIVEL_Julho_2026.xlsx
SAO PAULO,COTIA,ELETRICO,72,copy_of_D_Frota_por_UF_Municipio_COMBUSTIVEL_Julho_2026.xlsx
SAO PAULO,COTIA,ELETRICO/FONTE EXTERNA,489,copy_of_D_Frota_por_UF_Municipio_COMBUSTIVEL_Julho_2026.xlsx
SAO PAULO,COTIA,ELETRICO/FONTE INTERNA,49,copy_of_D_Frota_por_UF_Municipio_COMBUSTIVEL_Julho_2026.xlsx
SAO PAULO,COTIA,GAS METANO,16,copy_of_D_Frota_por_UF_Municipio_COMBUSTIVEL_Julho_2026.xlsx
SAO PAULO,COTIA,GASOL/GAS NATURAL COMBUSTIVEL,36,copy_of_D_Frota_por_UF_Municipio_COMBUSTIVEL_Julho_2026.xlsx
SAO PAULO,COTIA,GASOLINA,77544,copy_of_D_Frota_por_UF_Municipio_COMBUSTIVEL_Julho_2026.xlsx
SAO PAULO,COTIA,GASOLINA/ALCOOL/ELETRICO,439,copy_of_D_Frota_por_UF_Municipio_COMBUSTIVEL_Julho_2026.xlsx
SAO PAULO,COTIA,GASOLINA/ALCOOL/GAS NATURAL,231,copy_of_D_Frota_por_UF_Municipio_COMBUSTIVEL_Julho_2026.xlsx
SAO PAULO,COTIA,GASOLINA/ELETRICO,736,copy_of_D_Frota_por_UF_Municipio_COMBUSTIVEL_Julho_2026.xlsx
SAO PAULO,COTIA,GASOLINA/GAS NATURAL VEICULAR,981,copy_of_D_Frota_por_UF_Municipio_COMBUSTIVEL_Julho_2026.xlsx
SAO PAULO,COTIA,HIBRIDO,65,copy_of_D_Frota_por_UF_Municipio_COMBUSTIVEL_Julho_2026.xlsx
SAO PAULO,COTIA,HIBRIDO PLUG-IN,157,copy_of_D_Frota_por_UF_Municipio_COMBUSTIVEL_Julho_2026.xlsx
SAO PAULO,COTIA,Sem Informação,2565,copy_of_D_Frota_por_UF_Municipio_COMBUSTIVEL_Julho_2026.xlsx
SAO PAULO,CRAVINHOS,ALCOOL,1880,copy_of_D_Frota_por_UF_Municipio_COMBUSTIVEL_Julho_2026.xlsx
SAO PAULO,CRAVINHOS,ALCOOL/GAS NATURAL VEICULAR,3,copy_of_D_Frota_por_UF_Municipio_COMBUSTIVEL_Julho_2026.xlsx
SAO PAULO,CRAVINHOS,ALCOOL/GASOLINA,11549,copy_of_D_Frota_por_UF_Municipio_COMBUSTIVEL_Julho_2026.xlsx
SAO PAULO,CRAVINHOS,DIESEL,3084,copy_of_D_Frota_por_UF_Municipio_COMBUSTIVEL_Julho_2026.xlsx
SAO PAULO,CRAVINHOS,DIESEL/ELETRICO,2,copy_of_D_Frota_por_UF_Municipio_COMBUSTIVEL_Julho_2026.xlsx
SAO PAULO,CRAVINHOS,ELETRICO,3,copy_of_D_Frota_por_UF_Municipio_COMBUSTIVEL_Julho_2026.xlsx
SAO PAULO,CRAVINHOS,ELETRICO/FONTE EXTERNA,58,copy_of_D_Frota_por_UF_Municipio_COMBUSTIVEL_Julho_2026.xlsx
SAO PAULO,CRAVINHOS,ELETRICO/FONTE INTERNA,6,copy_of_D_Frota_por_UF_Municipio_COMBUSTIVEL_Julho_2026.xlsx
SAO PAULO,CRAVINHOS,GASOLINA,10711,copy_of_D_Frota_por_UF_Municipio_COMBUSTIVEL_Julho_2026.xlsx
SAO PAULO,CRAVINHOS,GASOLINA/ALCOOL/ELETRICO,22,copy_of_D_Frota_por_UF_Municipio_COMBUSTIVEL_Julho_2026.xlsx
SAO PAULO,CRAVINHOS,GASOLINA/ALCOOL/GAS NATURAL,7,copy_of_D_Frota_por_UF_Municipio_COMBUSTIVEL_Julho_2026.xlsx
SAO PAULO,CRAVINHOS,GASOLINA/ELETRICO,72,copy_of_D_Frota_por_UF_Municipio_COMBUSTIVEL_Julho_2026.xlsx
SAO PAULO,CRAVINHOS,GASOLINA/GAS NATURAL VEICULAR,15,copy_of_D_Frota_por_UF_Municipio_COMBUSTIVEL_Julho_2026.xlsx
SAO PAULO,CRAVINHOS,HIBRIDO,6,copy_of_D_Frota_por_UF_Municipio_COMBUSTIVEL_Julho_2026.xlsx
SAO PAULO,CRAVINHOS,HIBRIDO PLUG-IN,10,copy_of_D_Frota_por_UF_Municipio_COMBUSTIVEL_Julho_2026.xlsx
SAO PAULO,CRAVINHOS,Sem Informação,1883,copy_of_D_Frota_por_UF_Municipio_COMBUSTIVEL_Julho_2026.xlsx
SAO PAULO,CRISTAIS PAULISTA,ALCOOL,462,copy_of_D_Frota_por_UF_Municipio_COMBUSTIVEL_Julho_2026.xlsx
SAO PAULO,CRISTAIS PAULISTA,ALCOOL/GASOLINA,2572,copy_of_D_Frota_por_UF_Municipio_COMBUSTIVEL_Julho_2026.xlsx
SAO PAULO,CRISTAIS PAULISTA,DIESEL,682,copy_of_D_Frota_por_UF_Municipio_COMBUSTIVEL_Julho_2026.xlsx
SAO PAULO,CRISTAIS PAULISTA,DIESEL/ELETRICO,2,copy_of_D_Frota_por_UF_Municipio_COMBUSTIVEL_Julho_2026.xlsx
SAO PAULO,CRISTAIS PAULISTA,ELETRICO/FONTE EXTERNA,5,copy_of_D_Frota_por_UF_Municipio_COMBUSTIVEL_Julho_2026.xlsx
SAO PAULO,CRISTAIS PAULISTA,GASOLINA,1990,copy_of_D_Frota_por_UF_Municipio_COMBUSTIVEL_Julho_2026.xlsx
SAO PAULO,CRISTAIS PAULISTA,GASOLINA/ALCOOL/ELETRICO,9,copy_of_D_Frota_por_UF_Municipio_COMBUSTIVEL_Julho_2026.xlsx
SAO PAULO,CRISTAIS PAULISTA,GASOLINA/ELETRICO,11,copy_of_D_Frota_por_UF_Municipio_COMBUSTIVEL_Julho_2026.xlsx
SAO PAULO,CRISTAIS PAULISTA,HIBRIDO PLUG-IN,1,copy_of_D_Frota_por_UF_Municipio_COMBUSTIVEL_Julho_2026.xlsx
SAO PAULO,CRISTAIS PAULISTA,Sem Informação,367,copy_of_D_Frota_por_UF_Municipio_COMBUSTIVEL_Julho_2026.xlsx
SAO PAULO,CRUZALIA,ALCOOL,165,copy_of_D_Frota_por_UF_Municipio_COMBUSTIVEL_Julho_2026.xlsx
SAO PAULO,CRUZALIA,ALCOOL/GASOLINA,664,copy_of_D_Frota_por_UF_Municipio_COMBUSTIVEL_Julho_2026.xlsx
SAO PAULO,CRUZALIA,DIESEL,255,copy_of_D_Frota_por_UF_Municipio_COMBUSTIVEL_Julho_2026.xlsx
SAO PAULO,CRUZALIA,GASOLINA,570,copy_of_D_Frota_por_UF_Municipio_COMBUSTIVEL_Julho_2026.xlsx
SAO PAULO,CRUZALIA,GASOLINA/ALCOOL/ELETRICO,1,copy_of_D_Frota_por_UF_Municipio_COMBUSTIVEL_Julho_2026.xlsx
SAO PAULO,CRUZALIA,GASOLINA/GAS NATURAL VEICULAR,1,copy_of_D_Frota_por_UF_Municipio_COMBUSTIVEL_Julho_2026.xlsx
SAO PAULO,CRUZALIA,Sem Informação,96,copy_of_D_Frota_por_UF_Municipio_COMBUSTIVEL_Julho_2026.xlsx
SAO PAULO,CRUZEIRO,ALCOOL,1975,copy_of_D_Frota_por_UF_Municipio_COMBUSTIVEL_Julho_2026.xlsx
SAO PAULO,CRUZEIRO,ALCOOL/GAS NATURAL VEICULAR,30,copy_of_D_Frota_por_UF_Municipio_COMBUSTIVEL_Julho_2026.xlsx
SAO PAULO,CRUZEIRO,ALCOOL/GASOLINA,21646,copy_of_D_Frota_por_UF_Municipio_COMBUSTIVEL_Julho_2026.xlsx
SAO PAULO,CRUZEIRO,DIESEL,2124,copy_of_D_Frota_por_UF_Municipio_COMBUSTIVEL_Julho_2026.xlsx
SAO PAULO,CRUZEIRO,DIESEL/ELETRICO,1,copy_of_D_Frota_por_UF_Municipio_COMBUSTIVEL_Julho_2026.xlsx
SAO PAULO,CRUZEIRO,ELETRICO,1,copy_of_D_Frota_por_UF_Municipio_COMBUSTIVEL_Julho_2026.xlsx
SAO PAULO,CRUZEIRO,ELETRICO/FONTE EXTERNA,25,copy_of_D_Frota_por_UF_Municipio_COMBUSTIVEL_Julho_2026.xlsx
SAO PAULO,CRUZEIRO,ELETRICO/FONTE INTERNA,5,copy_of_D_Frota_por_UF_Municipio_COMBUSTIVEL_Julho_2026.xlsx
SAO PAULO,CRUZEIRO,GASOL/GAS NATURAL COMBUSTIVEL,11,copy_of_D_Frota_por_UF_Municipio_COMBUSTIVEL_Julho_2026.xlsx
SAO PAULO,CRUZEIRO,GASOLINA,21735,copy_of_D_Frota_por_UF_Municipio_COMBUSTIVEL_Julho_2026.xlsx
SAO PAULO,CRUZEIRO,GASOLINA/ALCOOL/ELETRICO,38,copy_of_D_Frota_por_UF_Municipio_COMBUSTIVEL_Julho_2026.xlsx
SAO PAULO,CRUZEIRO,GASOLINA/ALCOOL/GAS NATURAL,217,copy_of_D_Frota_por_UF_Municipio_COMBUSTIVEL_Julho_2026.xlsx
SAO PAULO,CRUZEIRO,GASOLINA/ELETRICO,33,copy_of_D_Frota_por_UF_Municipio_COMBUSTIVEL_Julho_2026.xlsx
SAO PAULO,CRUZEIRO,GASOLINA/GAS NATURAL VEICULAR,622,copy_of_D_Frota_por_UF_Municipio_COMBUSTIVEL_Julho_2026.xlsx
SAO PAULO,CRUZEIRO,HIBRIDO,17,copy_of_D_Frota_por_UF_Municipio_COMBUSTIVEL_Julho_2026.xlsx
SAO PAULO,CRUZEIRO,HIBRIDO PLUG-IN,13,copy_of_D_Frota_por_UF_Municipio_COMBUSTIVEL_Julho_2026.xlsx
SAO PAULO,CRUZEIRO,Sem Informação,1018,copy_of_D_Frota_por_UF_Municipio_COMBUSTIVEL_Julho_2026.xlsx
SAO PAULO,CUBATAO,ALCOOL,1514,copy_of_D_Frota_por_UF_Municipio_COMBUSTIVEL_Julho_2026.xlsx
SAO PAULO,CUBATAO,ALCOOL/GAS NATURAL COMBUSTIVEL,1,copy_of_D_Frota_por_UF_Municipio_COMBUSTIVEL_Julho_2026.xlsx
SAO PAULO,CUBATAO,ALCOOL/GAS NATURAL VEICULAR,9,copy_of_D_Frota_por_UF_Municipio_COMBUSTIVEL_Julho_2026.xlsx
SAO PAULO,CUBATAO,ALCOOL/GASOLINA,26929,copy_of_D_Frota_por_UF_Municipio_COMBUSTIVEL_Julho_2026.xlsx
SAO PAULO,CUBATAO,DIESEL,7330,copy_of_D_Frota_por_UF_Municipio_COMBUSTIVEL_Julho_2026.xlsx
SAO PAULO,CUBATAO,DIESEL/ELETRICO,4,copy_of_D_Frota_por_UF_Municipio_COMBUSTIVEL_Julho_2026.xlsx
SAO PAULO,CUBATAO,ELETRICO,2,copy_of_D_Frota_por_UF_Municipio_COMBUSTIVEL_Julho_2026.xlsx
SAO PAULO,CUBATAO,ELETRICO/FONTE EXTERNA,39,copy_of_D_Frota_por_UF_Municipio_COMBUSTIVEL_Julho_2026.xlsx
SAO PAULO,CUBATAO,ELETRICO/FONTE INTERNA,2,copy_of_D_Frota_por_UF_Municipio_COMBUSTIVEL_Julho_2026.xlsx
SAO PAULO,CUBATAO,GAS METANO,5,copy_of_D_Frota_por_UF_Municipio_COMBUSTIVEL_Julho_2026.xlsx
SAO PAULO,CUBATAO,GAS NATURAL VEICULAR,11,copy_of_D_Frota_por_UF_Municipio_COMBUSTIVEL_Julho_2026.xlsx
SAO PAULO,CUBATAO,GASOL/GAS NATURAL COMBUSTIVEL,10,copy_of_D_Frota_por_UF_Municipio_COMBUSTIVEL_Julho_2026.xlsx
SAO PAULO,CUBATAO,GASOLINA,26144,copy_of_D_Frota_por_UF_Municipio_COMBUSTIVEL_Julho_2026.xlsx
SAO PAULO,CUBATAO,GASOLINA/ALCOOL/ELETRICO,37,copy_of_D_Frota_por_UF_Municipio_COMBUSTIVEL_Julho_2026.xlsx
SAO PAULO,CUBATAO,GASOLINA/ALCOOL/GAS NATURAL,229,copy_of_D_Frota_por_UF_Municipio_COMBUSTIVEL_Julho_2026.xlsx
SAO PAULO,CUBATAO,GASOLINA/ELETRICO,55,copy_of_D_Frota_por_UF_Municipio_COMBUSTIVEL_Julho_2026.xlsx
SAO PAULO,CUBATAO,GASOLINA/GAS NATURAL VEICULAR,295,copy_of_D_Frota_por_UF_Municipio_COMBUSTIVEL_Julho_2026.xlsx
SAO PAULO,CUBATAO,HIBRIDO,5,copy_of_D_Frota_por_UF_Municipio_COMBUSTIVEL_Julho_2026.xlsx
SAO PAULO,CUBATAO,HIBRIDO PLUG-IN,17,copy_of_D_Frota_por_UF_Municipio_COMBUSTIVEL_Julho_2026.xlsx
SAO PAULO,CUBATAO,Sem Informação,5586,copy_of_D_Frota_por_UF_Municipio_COMBUSTIVEL_Julho_2026.xlsx
SAO PAULO,CUNHA,ALCOOL,415,copy_of_D_Frota_por_UF_Municipio_COMBUSTIVEL_Julho_2026.xlsx
SAO PAULO,CUNHA,ALCOOL/GAS NATURAL VEICULAR,2,copy_of_D_Frota_por_UF_Municipio_COMBUSTIVEL_Julho_2026.xlsx
SAO PAULO,CUNHA,ALCOOL/GASOLINA,6644,copy_of_D_Frota_por_UF_Municipio_COMBUSTIVEL_Julho_2026.xlsx
SAO PAULO,CUNHA,DIESEL,1247,copy_of_D_Frota_por_UF_Municipio_COMBUSTIVEL_Julho_2026.xlsx
SAO PAULO,CUNHA,ELETRICO,2,copy_of_D_Frota_por_UF_Municipio_COMBUSTIVEL_Julho_2026.xlsx
SAO PAULO,CUNHA,ELETRICO/FONTE EXTERNA,5,copy_of_D_Frota_por_UF_Municipio_COMBUSTIVEL_Julho_2026.xlsx
SAO PAULO,CUNHA,GASOL/GAS NATURAL COMBUSTIVEL,2,copy_of_D_Frota_por_UF_Municipio_COMBUSTIVEL_Julho_2026.xlsx
SAO PAULO,CUNHA,GASOLINA,8429,copy_of_D_Frota_por_UF_Municipio_COMBUSTIVEL_Julho_2026.xlsx
SAO PAULO,CUNHA,GASOLINA/ALCOOL/ELETRICO,4,copy_of_D_Frota_por_UF_Municipio_COMBUSTIVEL_Julho_2026.xlsx
SAO PAULO,CUNHA,GASOLINA/ALCOOL/GAS NATURAL,6,copy_of_D_Frota_por_UF_Municipio_COMBUSTIVEL_Julho_2026.xlsx
SAO PAULO,CUNHA,GASOLINA/ELETRICO,7,copy_of_D_Frota_por_UF_Municipio_COMBUSTIVEL_Julho_2026.xlsx
SAO PAULO,CUNHA,GASOLINA/GAS NATURAL VEICULAR,31,copy_of_D_Frota_por_UF_Municipio_COMBUSTIVEL_Julho_2026.xlsx
SAO PAULO,CUNHA,HIBRIDO,1,copy_of_D_Frota_por_UF_Municipio_COMBUSTIVEL_Julho_2026.xlsx
SAO PAULO,CUNHA,HIBRIDO PLUG-IN,2,copy_of_D_Frota_por_UF_Municipio_COMBUSTIVEL_Julho_2026.xlsx
SAO PAULO,CUNHA,Sem Informação,224,copy_of_D_Frota_por_UF_Municipio_COMBUSTIVEL_Julho_2026.xlsx
SAO PAULO,DESCALVADO,ALCOOL,1859,copy_of_D_Frota_por_UF_Municipio_COMBUSTIVEL_Julho_2026.xlsx
SAO PAULO,DESCALVADO,ALCOOL/GAS NATURAL VEICULAR,4,copy_of_D_Frota_por_UF_Municipio_COMBUSTIVEL_Julho_2026.xlsx
SAO PAULO,DESCALVADO,ALCOOL/GASOLINA,10487,copy_of_D_Frota_por_UF_Municipio_COMBUSTIVEL_Julho_2026.xlsx
SAO PAULO,DESCALVADO,DIESEL,3147,copy_of_D_Frota_por_UF_Municipio_COMBUSTIVEL_Julho_2026.xlsx
SAO PAULO,DESCALVADO,DIESEL/ELETRICO,1,copy_of_D_Frota_por_UF_Municipio_COMBUSTIVEL_Julho_2026.xlsx
SAO PAULO,DESCALVADO,ELETRICO,2,copy_of_D_Frota_por_UF_Municipio_COMBUSTIVEL_Julho_2026.xlsx
SAO PAULO,DESCALVADO,ELETRICO/FONTE EXTERNA,10,copy_of_D_Frota_por_UF_Municipio_COMBUSTIVEL_Julho_2026.xlsx
SAO PAULO,DESCALVADO,ELETRICO/FONTE INTERNA,1,copy_of_D_Frota_por_UF_Municipio_COMBUSTIVEL_Julho_2026.xlsx
SAO PAULO,DESCALVADO,GAS NATURAL VEICULAR,1,copy_of_D_Frota_por_UF_Municipio_COMBUSTIVEL_Julho_2026.xlsx
SAO PAULO,DESCALVADO,GASOL/GAS NATURAL COMBUSTIVEL,2,copy_of_D_Frota_por_UF_Municipio_COMBUSTIVEL_Julho_2026.xlsx
SAO PAULO,DESCALVADO,GASOLINA,13286,copy_of_D_Frota_por_UF_Municipio_COMBUSTIVEL_Julho_2026.xlsx
SAO PAULO,DESCALVADO,GASOLINA/ALCOOL/ELETRICO,29,copy_of_D_Frota_por_UF_Municipio_COMBUSTIVEL_Julho_2026.xlsx
SAO PAULO,DESCALVADO,GASOLINA/ALCOOL/GAS NATURAL,5,copy_of_D_Frota_por_UF_Municipio_COMBUSTIVEL_Julho_2026.xlsx
SAO PAULO,DESCALVADO,GASOLINA/ELETRICO,33,copy_of_D_Frota_por_UF_Municipio_COMBUSTIVEL_Julho_2026.xlsx
SAO PAULO,DESCALVADO,GASOLINA/GAS NATURAL VEICULAR,34,copy_of_D_Frota_por_UF_Municipio_COMBUSTIVEL_Julho_2026.xlsx
SAO PAULO,DESCALVADO,HIBRIDO,2,copy_of_D_Frota_por_UF_Municipio_COMBUSTIVEL_Julho_2026.xlsx
SAO PAULO,DESCALVADO,HIBRIDO PLUG-IN,5,copy_of_D_Frota_por_UF_Municipio_COMBUSTIVEL_Julho_2026.xlsx
SAO PAULO,DESCALVADO,Sem Informação,1465,copy_of_D_Frota_por_UF_Municipio_COMBUSTIVEL_Julho_2026.xlsx
SAO PAULO,DIADEMA,ALCOOL,11201,copy_of_D_Frota_por_UF_Municipio_COMBUSTIVEL_Julho_2026.xlsx
SAO PAULO,DIADEMA,ALCOOL/GAS NATURAL COMBUSTIVEL,24,copy_of_D_Frota_por_UF_Municipio_COMBUSTIVEL_Julho_2026.xlsx
SAO PAULO,DIADEMA,ALCOOL/GAS NATURAL VEICULAR,122,copy_of_D_Frota_por_UF_Municipio_COMBUSTIVEL_Julho_2026.xlsx
SAO PAULO,DIADEMA,ALCOOL/GASOLINA,103335,copy_of_D_Frota_por_UF_Municipio_COMBUSTIVEL_Julho_2026.xlsx
SAO PAULO,DIADEMA,DIESEL,12786,copy_of_D_Frota_por_UF_Municipio_COMBUSTIVEL_Julho_2026.xlsx
SAO PAULO,DIADEMA,DIESEL/ELETRICO,11,copy_of_D_Frota_por_UF_Municipio_COMBUSTIVEL_Julho_2026.xlsx
SAO PAULO,DIADEMA,ELETRICO,19,copy_of_D_Frota_por_UF_Municipio_COMBUSTIVEL_Julho_2026.xlsx
SAO PAULO,DIADEMA,ELETRICO/FONTE EXTERNA,202,copy_of_D_Frota_por_UF_Municipio_COMBUSTIVEL_Julho_2026.xlsx
SAO PAULO,DIADEMA,ELETRICO/FONTE INTERNA,20,copy_of_D_Frota_por_UF_Municipio_COMBUSTIVEL_Julho_2026.xlsx
SAO PAULO,DIADEMA,GAS METANO,25,copy_of_D_Frota_por_UF_Municipio_COMBUSTIVEL_Julho_2026.xlsx
SAO PAULO,DIADEMA,GASOL/GAS NATURAL COMBUSTIVEL,253,copy_of_D_Frota_por_UF_Municipio_COMBUSTIVEL_Julho_2026.xlsx
SAO PAULO,DIADEMA,GASOLINA,122977,copy_of_D_Frota_por_UF_Municipio_COMBUSTIVEL_Julho_2026.xlsx
SAO PAULO,DIADEMA,GASOLINA/ALCOOL/ELETRICO,320,copy_of_D_Frota_por_UF_Municipio_COMBUSTIVEL_Julho_2026.xlsx
SAO PAULO,DIADEMA,GASOLINA/ALCOOL/GAS NATURAL,440,copy_of_D_Frota_por_UF_Municipio_COMBUSTIVEL_Julho_2026.xlsx
SAO PAULO,DIADEMA,GASOLINA/ELETRICO,411,copy_of_D_Frota_por_UF_Municipio_COMBUSTIVEL_Julho_2026.xlsx
SAO PAULO,DIADEMA,GASOLINA/GAS NATURAL VEICULAR,2067,copy_of_D_Frota_por_UF_Municipio_COMBUSTIVEL_Julho_2026.xlsx
SAO PAULO,DIADEMA,HIBRIDO,37,copy_of_D_Frota_por_UF_Municipio_COMBUSTIVEL_Julho_2026.xlsx
SAO PAULO,DIADEMA,HIBRIDO PLUG-IN,47,copy_of_D_Frota_por_UF_Municipio_COMBUSTIVEL_Julho_2026.xlsx
SAO PAULO,DIADEMA,Sem Informação,5314,copy_of_D_Frota_por_UF_Municipio_COMBUSTIVEL_Julho_2026.xlsx
SAO PAULO,DIRCE REIS,ALCOOL,84,copy_of_D_Frota_por_UF_Municipio_COMBUSTIVEL_Julho_2026.xlsx
SAO PAULO,DIRCE REIS,ALCOOL/GASOLINA,476,copy_of_D_Frota_por_UF_Municipio_COMBUSTIVEL_Julho_2026.xlsx
SAO PAULO,DIRCE REIS,DIESEL,112,copy_of_D_Frota_por_UF_Municipio_COMBUSTIVEL_Julho_2026.xlsx
SAO PAULO,DIRCE REIS,GASOLINA,449,copy_of_D_Frota_por_UF_Municipio_COMBUSTIVEL_Julho_2026.xlsx
SAO PAULO,DIRCE REIS,Sem Informação,56,copy_of_D_Frota_por_UF_Municipio_COMBUSTIVEL_Julho_2026.xlsx
SAO PAULO,DIVINOLANDIA,ALCOOL,627,copy_of_D_Frota_por_UF_Municipio_COMBUSTIVEL_Julho_2026.xlsx
SAO PAULO,DIVINOLANDIA,ALCOOL/GAS NATURAL VEICULAR,1,copy_of_D_Frota_por_UF_Municipio_COMBUSTIVEL_Julho_2026.xlsx
SAO PAULO,DIVINOLANDIA,ALCOOL/GASOLINA,3841,copy_of_D_Frota_por_UF_Municipio_COMBUSTIVEL_Julho_2026.xlsx
SAO PAULO,DIVINOLANDIA,DIESEL,1511,copy_of_D_Frota_por_UF_Municipio_COMBUSTIVEL_Julho_2026.xlsx
SAO PAULO,DIVINOLANDIA,DIESEL/ELETRICO,1,copy_of_D_Frota_por_UF_Municipio_COMBUSTIVEL_Julho_2026.xlsx
SAO PAULO,DIVINOLANDIA,ELETRICO/FONTE EXTERNA,3,copy_of_D_Frota_por_UF_Municipio_COMBUSTIVEL_Julho_2026.xlsx
SAO PAULO,DIVINOLANDIA,GASOLINA,4512,copy_of_D_Frota_por_UF_Municipio_COMBUSTIVEL_Julho_2026.xlsx
SAO PAULO,DIVINOLANDIA,GASOLINA/ALCOOL/ELETRICO,19,copy_of_D_Frota_por_UF_Municipio_COMBUSTIVEL_Julho_2026.xlsx
SAO PAULO,DIVINOLANDIA,GASOLINA/ALCOOL/GAS NATURAL,1,copy_of_D_Frota_por_UF_Municipio_COMBUSTIVEL_Julho_2026.xlsx
SAO PAULO,DIVINOLANDIA,GASOLINA/ELETRICO,8,copy_of_D_Frota_por_UF_Municipio_COMBUSTIVEL_Julho_2026.xlsx
SAO PAULO,DIVINOLANDIA,GASOLINA/GAS NATURAL VEICULAR,2,copy_of_D_Frota_por_UF_Municipio_COMBUSTIVEL_Julho_2026.xlsx
SAO PAULO,DIVINOLANDIA,HIBRIDO PLUG-IN,7,copy_of_D_Frota_por_UF_Municipio_COMBUSTIVEL_Julho_2026.xlsx
SAO PAULO,DIVINOLANDIA,Sem Informação,258,copy_of_D_Frota_por_UF_Municipio_COMBUSTIVEL_Julho_2026.xlsx
SAO PAULO,DOBRADA,ALCOOL,385,copy_of_D_Frota_por_UF_Municipio_COMBUSTIVEL_Julho_2026.xlsx
SAO PAULO,DOBRADA,ALCOOL/GASOLINA,2246,copy_of_D_Frota_por_UF_Municipio_COMBUSTIVEL_Julho_2026.xlsx
SAO PAULO,DOBRADA,DIESEL,307,copy_of_D_Frota_por_UF_Municipio_COMBUSTIVEL_Julho_2026.xlsx
SAO PAULO,DOBRADA,ELETRICO,1,copy_of_D_Frota_por_UF_Municipio_COMBUSTIVEL_Julho_2026.xlsx
SAO PAULO,DOBRADA,ELETRICO/FONTE EXTERNA,3,copy_of_D_Frota_por_UF_Municipio_COMBUSTIVEL_Julho_2026.xlsx
SAO PAULO,DOBRADA,ELETRICO/FONTE INTERNA,1,copy_of_D_Frota_por_UF_Municipio_COMBUSTIVEL_Julho_2026.xlsx
SAO PAULO,DOBRADA,GASOLINA,2295,copy_of_D_Frota_por_UF_Municipio_COMBUSTIVEL_Julho_2026.xlsx
SAO PAULO,DOBRADA,GASOLINA/ALCOOL/ELETRICO,6,copy_of_D_Frota_por_UF_Municipio_COMBUSTIVEL_Julho_2026.xlsx
SAO PAULO,DOBRADA,GASOLINA/ALCOOL/GAS NATURAL,3,copy_of_D_Frota_por_UF_Municipio_COMBUSTIVEL_Julho_2026.xlsx
SAO PAULO,DOBRADA,GASOLINA/ELETRICO,1,copy_of_D_Frota_por_UF_Municipio_COMBUSTIVEL_Julho_2026.xlsx
SAO PAULO,DOBRADA,GASOLINA/GAS NATURAL VEICULAR,7,copy_of_D_Frota_por_UF_Municipio_COMBUSTIVEL_Julho_2026.xlsx
SAO PAULO,DOBRADA,HIBRIDO PLUG-IN,2,copy_of_D_Frota_por_UF_Municipio_COMBUSTIVEL_Julho_2026.xlsx
SAO PAULO,DOBRADA,Sem Informação,174,copy_of_D_Frota_por_UF_Municipio_COMBUSTIVEL_Julho_2026.xlsx
SAO PAULO,DOIS CORREGOS,ALCOOL,1677,copy_of_D_Frota_por_UF_Municipio_COMBUSTIVEL_Julho_2026.xlsx
SAO PAULO,DOIS CORREGOS,ALCOOL/GAS NATURAL VEICULAR,3,copy_of_D_Frota_por_UF_Municipio_COMBUSTIVEL_Julho_2026.xlsx
SAO PAULO,DOIS CORREGOS,ALCOOL/GASOLINA,7380,copy_of_D_Frota_por_UF_Municipio_COMBUSTIVEL_Julho_2026.xlsx
SAO PAULO,DOIS CORREGOS,DIESEL,2193,copy_of_D_Frota_por_UF_Municipio_COMBUSTIVEL_Julho_2026.xlsx
SAO PAULO,DOIS CORREGOS,DIESEL/ELETRICO,1,copy_of_D_Frota_por_UF_Municipio_COMBUSTIVEL_Julho_2026.xlsx
SAO PAULO,DOIS CORREGOS,ELETRICO/FONTE EXTERNA,10,copy_of_D_Frota_por_UF_Municipio_COMBUSTIVEL_Julho_2026.xlsx
SAO PAULO,DOIS CORREGOS,ELETRICO/FONTE INTERNA,10,copy_of_D_Frota_por_UF_Municipio_COMBUSTIVEL_Julho_2026.xlsx
SAO PAULO,DOIS CORREGOS,GAS NATURAL VEICULAR,4,copy_of_D_Frota_por_UF_Municipio_COMBUSTIVEL_Julho_2026.xlsx
SAO PAULO,DOIS CORREGOS,GASOLINA,9193,copy_of_D_Frota_por_UF_Municipio_COMBUSTIVEL_Julho_2026.xlsx
SAO PAULO,DOIS CORREGOS,GASOLINA/ALCOOL/ELETRICO,15,copy_of_D_Frota_por_UF_Municipio_COMBUSTIVEL_Julho_2026.xlsx
SAO PAULO,DOIS CORREGOS,GASOLINA/ELETRICO,12,copy_of_D_Frota_por_UF_Municipio_COMBUSTIVEL_Julho_2026.xlsx
SAO PAULO,DOIS CORREGOS,GASOLINA/GAS NATURAL VEICULAR,9,copy_of_D_Frota_por_UF_Municipio_COMBUSTIVEL_Julho_2026.xlsx
SAO PAULO,DOIS CORREGOS,HIBRIDO,1,copy_of_D_Frota_por_UF_Municipio_COMBUSTIVEL_Julho_2026.xlsx
SAO PAULO,DOIS CORREGOS,HIBRIDO PLUG-IN,5,copy_of_D_Frota_por_UF_Municipio_COMBUSTIVEL_Julho_2026.xlsx
SAO PAULO,DOIS CORREGOS,Sem Informação,1100,copy_of_D_Frota_por_UF_Municipio_COMBUSTIVEL_Julho_2026.xlsx
SAO PAULO,DOLCINOPOLIS,ALCOOL,222,copy_of_D_Frota_por_UF_Municipio_COMBUSTIVEL_Julho_2026.xlsx
SAO PAULO,DOLCINOPOLIS,ALCOOL/GASOLINA,690,copy_of_D_Frota_por_UF_Municipio_COMBUSTIVEL_Julho_2026.xlsx
SAO PAULO,DOLCINOPOLIS,DIESEL,175,copy_of_D_Frota_por_UF_Municipio_COMBUSTIVEL_Julho_2026.xlsx
SAO PAULO,DOLCINOPOLIS,ELETRICO,1,copy_of_D_Frota_por_UF_Municipio_COMBUSTIVEL_Julho_2026.xlsx
SAO PAULO,DOLCINOPOLIS,ELETRICO/FONTE EXTERNA,1,copy_of_D_Frota_por_UF_Municipio_COMBUSTIVEL_Julho_2026.xlsx
SAO PAULO,DOLCINOPOLIS,GASOLINA,780,copy_of_D_Frota_por_UF_Municipio_COMBUSTIVEL_Julho_2026.xlsx
SAO PAULO,DOLCINOPOLIS,GASOLINA/ALCOOL/ELETRICO,1,copy_of_D_Frota_por_UF_Municipio_COMBUSTIVEL_Julho_2026.xlsx
SAO PAULO,DOLCINOPOLIS,GASOLINA/GAS NATURAL VEICULAR,1,copy_of_D_Frota_por_UF_Municipio_COMBUSTIVEL_Julho_2026.xlsx
SAO PAULO,DOLCINOPOLIS,HIBRIDO PLUG-IN,1,copy_of_D_Frota_por_UF_Municipio_COMBUSTIVEL_Julho_2026.xlsx
SAO PAULO,DOLCINOPOLIS,Sem Informação,175,copy_of_D_Frota_por_UF_Municipio_COMBUSTIVEL_Julho_2026.xlsx
SAO PAULO,DOURADO,ALCOOL,503,copy_of_D_Frota_por_UF_Municipio_COMBUSTIVEL_Julho_2026.xlsx
SAO PAULO,DOURADO,ALCOOL/GAS NATURAL VEICULAR,1,copy_of_D_Frota_por_UF_Municipio_COMBUSTIVEL_Julho_2026.xlsx
SAO PAULO,DOURADO,ALCOOL/GASOLINA,2546,copy_of_D_Frota_por_UF_Municipio_COMBUSTIVEL_Julho_2026.xlsx
SAO PAULO,DOURADO,DIESEL,682,copy_of_D_Frota_por_UF_Municipio_COMBUSTIVEL_Julho_2026.xlsx
SAO PAULO,DOURADO,DIESEL/ELETRICO,1,copy_of_D_Frota_por_UF_Municipio_COMBUSTIVEL_Julho_2026.xlsx
SAO PAULO,DOURADO,ELETRICO/FONTE EXTERNA,2,copy_of_D_Frota_por_UF_Municipio_COMBUSTIVEL_Julho_2026.xlsx
SAO PAULO,DOURADO,GASOLINA,2943,copy_of_D_Frota_por_UF_Municipio_COMBUSTIVEL_Julho_2026.xlsx
SAO PAULO,DOURADO,GASOLINA/ALCOOL/ELETRICO,1,copy_of_D_Frota_por_UF_Municipio_COMBUSTIVEL_Julho_2026.xlsx
SAO PAULO,DOURADO,GASOLINA/ALCOOL/GAS NATURAL,4,copy_of_D_Frota_por_UF_Municipio_COMBUSTIVEL_Julho_2026.xlsx
SAO PAULO,DOURADO,GASOLINA/ELETRICO,5,copy_of_D_Frota_por_UF_Municipio_COMBUSTIVEL_Julho_2026.xlsx
SAO PAULO,DOURADO,GASOLINA/GAS NATURAL VEICULAR,6,copy_of_D_Frota_por_UF_Municipio_COMBUSTIVEL_Julho_2026.xlsx
SAO PAULO,DOURADO,HIBRIDO,1,copy_of_D_Frota_por_UF_Municipio_COMBUSTIVEL_Julho_2026.xlsx
SAO PAULO,DOURADO,HIBRIDO PLUG-IN,1,copy_of_D_Frota_por_UF_Municipio_COMBUSTIVEL_Julho_2026.xlsx
SAO PAULO,DOURADO,Sem Informação,367,copy_of_D_Frota_por_UF_Municipio_COMBUSTIVEL_Julho_2026.xlsx
SAO PAULO,DRACENA,ALCOOL,2910,copy_of_D_Frota_por_UF_Municipio_COMBUSTIVEL_Julho_2026.xlsx
SAO PAULO,DRACENA,ALCOOL/GASOLINA,17090,copy_of_D_Frota_por_UF_Municipio_COMBUSTIVEL_Julho_2026.xlsx
SAO PAULO,DRACENA,DIESEL,3505,copy_of_D_Frota_por_UF_Municipio_COMBUSTIVEL_Julho_2026.xlsx
SAO PAULO,DRACENA,DIESEL/ELETRICO,2,copy_of_D_Frota_por_UF_Municipio_COMBUSTIVEL_Julho_2026.xlsx
SAO PAULO,DRACENA,ELETRICO/FONTE EXTERNA,23,copy_of_D_Frota_por_UF_Municipio_COMBUSTIVEL_Julho_2026.xlsx
SAO PAULO,DRACENA,GASOLINA,16238,copy_of_D_Frota_por_UF_Municipio_COMBUSTIVEL_Julho_2026.xlsx
SAO PAULO,DRACENA,GASOLINA/ALCOOL/ELETRICO,39,copy_of_D_Frota_por_UF_Municipio_COMBUSTIVEL_Julho_2026.xlsx
SAO PAULO,DRACENA,GASOLINA/ALCOOL/GAS NATURAL,2,copy_of_D_Frota_por_UF_Municipio_COMBUSTIVEL_Julho_2026.xlsx
SAO PAULO,DRACENA,GASOLINA/ELETRICO,36,copy_of_D_Frota_por_UF_Municipio_COMBUSTIVEL_Julho_2026.xlsx
SAO PAULO,DRACENA,GASOLINA/GAS NATURAL VEICULAR,4,copy_of_D_Frota_por_UF_Municipio_COMBUSTIVEL_Julho_2026.xlsx
SAO PAULO,DRACENA,HIBRIDO,1,copy_of_D_Frota_por_UF_Municipio_COMBUSTIVEL_Julho_2026.xlsx
SAO PAULO,DRACENA,HIBRIDO PLUG-IN,4,copy_of_D_Frota_por_UF_Municipio_COMBUSTIVEL_Julho_2026.xlsx
SAO PAULO,DRACENA,Sem Informação,2138,copy_of_D_Frota_por_UF_Municipio_COMBUSTIVEL_Julho_2026.xlsx
SAO PAULO,DUARTINA,ALCOOL,721,copy_of_D_Frota_por_UF_Municipio_COMBUSTIVEL_Julho_2026.xlsx
SAO PAULO,DUARTINA,ALCOOL/GASOLINA,3879,copy_of_D_Frota_por_UF_Municipio_COMBUSTIVEL_Julho_2026.xlsx
SAO PAULO,DUARTINA,DIESEL,844,copy_of_D_Frota_por_UF_Municipio_COMBUSTIVEL_Julho_2026.xlsx
SAO PAULO,DUARTINA,ELETRICO/FONTE EXTERNA,3,copy_of_D_Frota_por_UF_Municipio_COMBUSTIVEL_Julho_2026.xlsx
SAO PAULO,DUARTINA,GASOL/GAS NATURAL COMBUSTIVEL,1,copy_of_D_Frota_por_UF_Municipio_COMBUSTIVEL_Julho_2026.xlsx
SAO PAULO,DUARTINA,GASOLINA,3521,copy_of_D_Frota_por_UF_Municipio_COMBUSTIVEL_Julho_2026.xlsx
SAO PAULO,DUARTINA,GASOLINA/ALCOOL/ELETRICO,4,copy_of_D_Frota_por_UF_Municipio_COMBUSTIVEL_Julho_2026.xlsx
SAO PAULO,DUARTINA,GASOLINA/ALCOOL/GAS NATURAL,1,copy_of_D_Frota_por_UF_Municipio_COMBUSTIVEL_Julho_2026.xlsx
SAO PAULO,DUARTINA,GASOLINA/ELETRICO,3,copy_of_D_Frota_por_UF_Municipio_COMBUSTIVEL_Julho_2026.xlsx
SAO PAULO,DUARTINA,GASOLINA/GAS NATURAL VEICULAR,1,copy_of_D_Frota_por_UF_Municipio_COMBUSTIVEL_Julho_2026.xlsx
SAO PAULO,DUARTINA,HIBRIDO,1,copy_of_D_Frota_por_UF_Municipio_COMBUSTIVEL_Julho_2026.xlsx
SAO PAULO,DUARTINA,HIBRIDO PLUG-IN,1,copy_of_D_Frota_por_UF_Municipio_COMBUSTIVEL_Julho_2026.xlsx
SAO PAULO,DUARTINA,Sem Informação,383,copy_of_D_Frota_por_UF_Municipio_COMBUSTIVEL_Julho_2026.xlsx
SAO PAULO,DUMONT,ALCOOL,493,copy_of_D_Frota_por_UF_Municipio_COMBUSTIVEL_Julho_2026.xlsx
SAO PAULO,DUMONT,ALCOOL/GASOLINA,2938,copy_of_D_Frota_por_UF_Municipio_COMBUSTIVEL_Julho_2026.xlsx
SAO PAULO,DUMONT,DIESEL,1039,copy_of_D_Frota_por_UF_Municipio_COMBUSTIVEL_Julho_2026.xlsx
SAO PAULO,DUMONT,DIESEL/ELETRICO,2,copy_of_D_Frota_por_UF_Municipio_COMBUSTIVEL_Julho_2026.xlsx
SAO PAULO,DUMONT,ELETRICO/FONTE EXTERNA,13,copy_of_D_Frota_por_UF_Municipio_COMBUSTIVEL_Julho_2026.xlsx
SAO PAULO,DUMONT,ELETRICO/FONTE INTERNA,1,copy_of_D_Frota_por_UF_Municipio_COMBUSTIVEL_Julho_2026.xlsx
SAO PAULO,DUMONT,GASOLINA,1901,copy_of_D_Frota_por_UF_Municipio_COMBUSTIVEL_Julho_2026.xlsx
SAO PAULO,DUMONT,GASOLINA/ALCOOL/ELETRICO,5,copy_of_D_Frota_por_UF_Municipio_COMBUSTIVEL_Julho_2026.xlsx
SAO PAULO,DUMONT,GASOLINA/ALCOOL/GAS NATURAL,4,copy_of_D_Frota_por_UF_Municipio_COMBUSTIVEL_Julho_2026.xlsx
SAO PAULO,DUMONT,GASOLINA/ELETRICO,7,copy_of_D_Frota_por_UF_Municipio_COMBUSTIVEL_Julho_2026.xlsx
SAO PAULO,DUMONT,HIBRIDO,1,copy_of_D_Frota_por_UF_Municipio_COMBUSTIVEL_Julho_2026.xlsx
SAO PAULO,DUMONT,HIBRIDO PLUG-IN,4,copy_of_D_Frota_por_UF_Municipio_COMBUSTIVEL_Julho_2026.xlsx
SAO PAULO,DUMONT,Sem Informação,446,copy_of_D_Frota_por_UF_Municipio_COMBUSTIVEL_Julho_2026.xlsx
SAO PAULO,ECHAPORA,ALCOOL,357,copy_of_D_Frota_por_UF_Municipio_COMBUSTIVEL_Julho_2026.xlsx
SAO PAULO,ECHAPORA,ALCOOL/GASOLINA,1677,copy_of_D_Frota_por_UF_Municipio_COMBUSTIVEL_Julho_2026.xlsx
SAO PAULO,ECHAPORA,DIESEL,517,copy_of_D_Frota_por_UF_Municipio_COMBUSTIVEL_Julho_2026.xlsx
SAO PAULO,ECHAPORA,DIESEL/ELETRICO,1,copy_of_D_Frota_por_UF_Municipio_COMBUSTIVEL_Julho_2026.xlsx
SAO PAULO,ECHAPORA,ELETRICO/FONTE EXTERNA,2,copy_of_D_Frota_por_UF_Municipio_COMBUSTIVEL_Julho_2026.xlsx
SAO PAULO,ECHAPORA,ELETRICO/FONTE INTERNA,1,copy_of_D_Frota_por_UF_Municipio_COMBUSTIVEL_Julho_2026.xlsx
SAO PAULO,ECHAPORA,GASOLINA,1423,copy_of_D_Frota_por_UF_Municipio_COMBUSTIVEL_Julho_2026.xlsx
SAO PAULO,ECHAPORA,GASOLINA/ALCOOL/ELETRICO,1,copy_of_D_Frota_por_UF_Municipio_COMBUSTIVEL_Julho_2026.xlsx
SAO PAULO,ECHAPORA,GASOLINA/ALCOOL/GAS NATURAL,1,copy_of_D_Frota_por_UF_Municipio_COMBUSTIVEL_Julho_2026.xlsx
SAO PAULO,ECHAPORA,GASOLINA/GAS NATURAL VEICULAR,1,copy_of_D_Frota_por_UF_Municipio_COMBUSTIVEL_Julho_2026.xlsx
SAO PAULO,ECHAPORA,Sem Informação,135,copy_of_D_Frota_por_UF_Municipio_COMBUSTIVEL_Julho_2026.xlsx
SAO PAULO,ELDORADO,ALCOOL,219,copy_of_D_Frota_por_UF_Municipio_COMBUSTIVEL_Julho_2026.xlsx
SAO PAULO,ELDORADO,ALCOOL/GASOLINA,2834,copy_of_D_Frota_por_UF_Municipio_COMBUSTIVEL_Julho_2026.xlsx
SAO PAULO,ELDORADO,DIESEL,699,copy_of_D_Frota_por_UF_Municipio_COMBUSTIVEL_Julho_2026.xlsx
SAO PAULO,ELDORADO,DIESEL/ELETRICO,1,copy_of_D_Frota_por_UF_Municipio_COMBUSTIVEL_Julho_2026.xlsx
SAO PAULO,ELDORADO,ELETRICO/FONTE EXTERNA,1,copy_of_D_Frota_por_UF_Municipio_COMBUSTIVEL_Julho_2026.xlsx
SAO PAULO,ELDORADO,ELETRICO/FONTE INTERNA,1,copy_of_D_Frota_por_UF_Municipio_COMBUSTIVEL_Julho_2026.xlsx
SAO PAULO,ELDORADO,GASOL/GAS NATURAL COMBUSTIVEL,1,copy_of_D_Frota_por_UF_Municipio_COMBUSTIVEL_Julho_2026.xlsx
SAO PAULO,ELDORADO,GASOLINA,2873,copy_of_D_Frota_por_UF_Municipio_COMBUSTIVEL_Julho_2026.xlsx
SAO PAULO,ELDORADO,GASOLINA/ALCOOL/ELETRICO,3,copy_of_D_Frota_por_UF_Municipio_COMBUSTIVEL_Julho_2026.xlsx
SAO PAULO,ELDORADO,GASOLINA/ALCOOL/GAS NATURAL,1,copy_of_D_Frota_por_UF_Municipio_COMBUSTIVEL_Julho_2026.xlsx
SAO PAULO,ELDORADO,GASOLINA/GAS NATURAL VEICULAR,6,copy_of_D_Frota_por_UF_Municipio_COMBUSTIVEL_Julho_2026.xlsx
SAO PAULO,ELDORADO,Sem Informação,248,copy_of_D_Frota_por_UF_Municipio_COMBUSTIVEL_Julho_2026.xlsx
SAO PAULO,ELIAS FAUSTO,ALCOOL,583,copy_of_D_Frota_por_UF_Municipio_COMBUSTIVEL_Julho_2026.xlsx
SAO PAULO,ELIAS FAUSTO,ALCOOL/GAS NATURAL VEICULAR,2,copy_of_D_Frota_por_UF_Municipio_COMBUSTIVEL_Julho_2026.xlsx
SAO PAULO,ELIAS FAUSTO,ALCOOL/GASOLINA,5144,copy_of_D_Frota_por_UF_Municipio_COMBUSTIVEL_Julho_2026.xlsx
SAO PAULO,ELIAS FAUSTO,DIESEL,1052,copy_of_D_Frota_por_UF_Municipio_COMBUSTIVEL_Julho_2026.xlsx
SAO PAULO,ELIAS FAUSTO,ELETRICO,2,copy_of_D_Frota_por_UF_Municipio_COMBUSTIVEL_Julho_2026.xlsx
SAO PAULO,ELIAS FAUSTO,ELETRICO/FONTE EXTERNA,6,copy_of_D_Frota_por_UF_Municipio_COMBUSTIVEL_Julho_2026.xlsx
SAO PAULO,ELIAS FAUSTO,ELETRICO/FONTE INTERNA,2,copy_of_D_Frota_por_UF_Municipio_COMBUSTIVEL_Julho_2026.xlsx
SAO PAULO,ELIAS FAUSTO,GASOLINA,4711,copy_of_D_Frota_por_UF_Municipio_COMBUSTIVEL_Julho_2026.xlsx
SAO PAULO,ELIAS FAUSTO,GASOLINA/ALCOOL/ELETRICO,20,copy_of_D_Frota_por_UF_Municipio_COMBUSTIVEL_Julho_2026.xlsx
SAO PAULO,ELIAS FAUSTO,GASOLINA/ALCOOL/GAS NATURAL,5,copy_of_D_Frota_por_UF_Municipio_COMBUSTIVEL_Julho_2026.xlsx
SAO PAULO,ELIAS FAUSTO,GASOLINA/ELETRICO,10,copy_of_D_Frota_por_UF_Municipio_COMBUSTIVEL_Julho_2026.xlsx
SAO PAULO,ELIAS FAUSTO,GASOLINA/GAS NATURAL VEICULAR,15,copy_of_D_Frota_por_UF_Municipio_COMBUSTIVEL_Julho_2026.xlsx
SAO PAULO,ELIAS FAUSTO,HIBRIDO,2,copy_of_D_Frota_por_UF_Municipio_COMBUSTIVEL_Julho_2026.xlsx
SAO PAULO,ELIAS FAUSTO,HIBRIDO PLUG-IN,3,copy_of_D_Frota_por_UF_Municipio_COMBUSTIVEL_Julho_2026.xlsx
SAO PAULO,ELIAS FAUSTO,Sem Informação,362,copy_of_D_Frota_por_UF_Municipio_COMBUSTIVEL_Julho_2026.xlsx
SAO PAULO,ELISIARIO,ALCOOL,221,copy_of_D_Frota_por_UF_Municipio_COMBUSTIVEL_Julho_2026.xlsx
SAO PAULO,ELISIARIO,ALCOOL/GASOLINA,844,copy_of_D_Frota_por_UF_Municipio_COMBUSTIVEL_Julho_2026.xlsx
SAO PAULO,ELISIARIO,DIESEL,183,copy_of_D_Frota_por_UF_Municipio_COMBUSTIVEL_Julho_2026.xlsx
SAO PAULO,ELISIARIO,ELETRICO/FONTE INTERNA,1,copy_of_D_Frota_por_UF_Municipio_COMBUSTIVEL_Julho_2026.xlsx
SAO PAULO,ELISIARIO,GASOLINA,713,copy_of_D_Frota_por_UF_Municipio_COMBUSTIVEL_Julho_2026.xlsx
SAO PAULO,ELISIARIO,GASOLINA/ELETRICO,2,copy_of_D_Frota_por_UF_Municipio_COMBUSTIVEL_Julho_2026.xlsx
SAO PAULO,ELISIARIO,GASOLINA/GAS NATURAL VEICULAR,1,copy_of_D_Frota_por_UF_Municipio_COMBUSTIVEL_Julho_2026.xlsx
SAO PAULO,ELISIARIO,Sem Informação,125,copy_of_D_Frota_por_UF_Municipio_COMBUSTIVEL_Julho_2026.xlsx
SAO PAULO,EMBAUBA,ALCOOL,284,copy_of_D_Frota_por_UF_Municipio_COMBUSTIVEL_Julho_2026.xlsx
SAO PAULO,EMBAUBA,ALCOOL/GASOLINA,605,copy_of_D_Frota_por_UF_Municipio_COMBUSTIVEL_Julho_2026.xlsx
SAO PAULO,EMBAUBA,DIESEL,170,copy_of_D_Frota_por_UF_Municipio_COMBUSTIVEL_Julho_2026.xlsx
SAO PAULO,EMBAUBA,GASOLINA,480,copy_of_D_Frota_por_UF_Municipio_COMBUSTIVEL_Julho_2026.xlsx
SAO PAULO,EMBAUBA,GASOLINA/ELETRICO,1,copy_of_D_Frota_por_UF_Municipio_COMBUSTIVEL_Julho_2026.xlsx
SAO PAULO,EMBAUBA,GASOLINA/GAS NATURAL VEICULAR,1,copy_of_D_Frota_por_UF_Municipio_COMBUSTIVEL_Julho_2026.xlsx
SAO PAULO,EMBAUBA,Sem Informação,91,copy_of_D_Frota_por_UF_Municipio_COMBUSTIVEL_Julho_2026.xlsx
SAO PAULO,EMBU DAS ARTES,ALCOOL,5776,copy_of_D_Frota_por_UF_Municipio_COMBUSTIVEL_Julho_2026.xlsx
SAO PAULO,EMBU DAS ARTES,ALCOOL/GAS NATURAL COMBUSTIVEL,3,copy_of_D_Frota_por_UF_Municipio_COMBUSTIVEL_Julho_2026.xlsx
SAO PAULO,EMBU DAS ARTES,ALCOOL/GAS NATURAL VEICULAR,55,copy_of_D_Frota_por_UF_Municipio_COMBUSTIVEL_Julho_2026.xlsx
SAO PAULO,EMBU DAS ARTES,ALCOOL/GASOLINA,64273,copy_of_D_Frota_por_UF_Municipio_COMBUSTIVEL_Julho_2026.xlsx
SAO PAULO,EMBU DAS ARTES,DIESEL,8788,copy_of_D_Frota_por_UF_Municipio_COMBUSTIVEL_Julho_2026.xlsx
SAO PAULO,EMBU DAS ARTES,DIESEL/ELETRICO,4,copy_of_D_Frota_por_UF_Municipio_COMBUSTIVEL_Julho_2026.xlsx
SAO PAULO,EMBU DAS ARTES,ELETRICO,13,copy_of_D_Frota_por_UF_Municipio_COMBUSTIVEL_Julho_2026.xlsx
SAO PAULO,EMBU DAS ARTES,ELETRICO/FONTE EXTERNA,140,copy_of_D_Frota_por_UF_Municipio_COMBUSTIVEL_Julho_2026.xlsx
SAO PAULO,EMBU DAS ARTES,ELETRICO/FONTE INTERNA,13,copy_of_D_Frota_por_UF_Municipio_COMBUSTIVEL_Julho_2026.xlsx
SAO PAULO,EMBU DAS ARTES,GAS METANO,24,copy_of_D_Frota_por_UF_Municipio_COMBUSTIVEL_Julho_2026.xlsx
SAO PAULO,EMBU DAS ARTES,GASOL/GAS NATURAL COMBUSTIVEL,47,copy_of_D_Frota_por_UF_Municipio_COMBUSTIVEL_Julho_2026.xlsx
SAO PAULO,EMBU DAS ARTES,GASOLINA,67842,copy_of_D_Frota_por_UF_Municipio_COMBUSTIVEL_Julho_2026.xlsx
SAO PAULO,EMBU DAS ARTES,GASOLINA/ALCOOL/ELETRICO,147,copy_of_D_Frota_por_UF_Municipio_COMBUSTIVEL_Julho_2026.xlsx
SAO PAULO,EMBU DAS ARTES,GASOLINA/ALCOOL/GAS NATURAL,220,copy_of_D_Frota_por_UF_Municipio_COMBUSTIVEL_Julho_2026.xlsx
SAO PAULO,EMBU DAS ARTES,GASOLINA/ELETRICO,165,copy_of_D_Frota_por_UF_Municipio_COMBUSTIVEL_Julho_2026.xlsx
SAO PAULO,EMBU DAS ARTES,GASOLINA/GAS NATURAL VEICULAR,953,copy_of_D_Frota_por_UF_Municipio_COMBUSTIVEL_Julho_2026.xlsx
SAO PAULO,EMBU DAS ARTES,HIBRIDO,13,copy_of_D_Frota_por_UF_Municipio_COMBUSTIVEL_Julho_2026.xlsx
SAO PAULO,EMBU DAS ARTES,HIBRIDO PLUG-IN,38,copy_of_D_Frota_por_UF_Municipio_COMBUSTIVEL_Julho_2026.xlsx
SAO PAULO,EMBU DAS ARTES,Sem Informação,3884,copy_of_D_Frota_por_UF_Municipio_COMBUSTIVEL_Julho_2026.xlsx
SAO PAULO,EMBU-GUACU,ALCOOL,2740,copy_of_D_Frota_por_UF_Municipio_COMBUSTIVEL_Julho_2026.xlsx
SAO PAULO,EMBU-GUACU,ALCOOL/GAS NATURAL COMBUSTIVEL,4,copy_of_D_Frota_por_UF_Municipio_COMBUSTIVEL_Julho_2026.xlsx
SAO PAULO,EMBU-GUACU,ALCOOL/GAS NATURAL VEICULAR,39,copy_of_D_Frota_por_UF_Municipio_COMBUSTIVEL_Julho_2026.xlsx
SAO PAULO,EMBU-GUACU,ALCOOL/GASOLINA,17669,copy_of_D_Frota_por_UF_Municipio_COMBUSTIVEL_Julho_2026.xlsx
SAO PAULO,EMBU-GUACU,DIESEL,4070,copy_of_D_Frota_por_UF_Municipio_COMBUSTIVEL_Julho_2026.xlsx
SAO PAULO,EMBU-GUACU,ELETRICO,3,copy_of_D_Frota_por_UF_Municipio_COMBUSTIVEL_Julho_2026.xlsx
SAO PAULO,EMBU-GUACU,ELETRICO/FONTE EXTERNA,53,copy_of_D_Frota_por_UF_Municipio_COMBUSTIVEL_Julho_2026.xlsx
SAO PAULO,EMBU-GUACU,ELETRICO/FONTE INTERNA,5,copy_of_D_Frota_por_UF_Municipio_COMBUSTIVEL_Julho_2026.xlsx
SAO PAULO,EMBU-GUACU,GAS METANO,7,copy_of_D_Frota_por_UF_Municipio_COMBUSTIVEL_Julho_2026.xlsx
SAO PAULO,EMBU-GUACU,GASOL/GAS NATURAL COMBUSTIVEL,20,copy_of_D_Frota_por_UF_Municipio_COMBUSTIVEL_Julho_2026.xlsx
SAO PAULO,EMBU-GUACU,GASOLINA,22901,copy_of_D_Frota_por_UF_Municipio_COMBUSTIVEL_Julho_2026.xlsx
SAO PAULO,EMBU-GUACU,GASOLINA/ALCOOL/ELETRICO,53,copy_of_D_Frota_por_UF_Municipio_COMBUSTIVEL_Julho_2026.xlsx
SAO PAULO,EMBU-GUACU,GASOLINA/ALCOOL/GAS NATURAL,67,copy_of_D_Frota_por_UF_Municipio_COMBUSTIVEL_Julho_2026.xlsx
SAO PAULO,EMBU-GUACU,GASOLINA/ELETRICO,53,copy_of_D_Frota_por_UF_Municipio_COMBUSTIVEL_Julho_2026.xlsx
SAO PAULO,EMBU-GUACU,GASOLINA/GAS NATURAL VEICULAR,484,copy_of_D_Frota_por_UF_Municipio_COMBUSTIVEL_Julho_2026.xlsx
SAO PAULO,EMBU-GUACU,HIBRIDO,6,copy_of_D_Frota_por_UF_Municipio_COMBUSTIVEL_Julho_2026.xlsx
SAO PAULO,EMBU-GUACU,HIBRIDO PLUG-IN,5,copy_of_D_Frota_por_UF_Municipio_COMBUSTIVEL_Julho_2026.xlsx
SAO PAULO,EMBU-GUACU,Sem Informação,642,copy_of_D_Frota_por_UF_Municipio_COMBUSTIVEL_Julho_2026.xlsx
SAO PAULO,EMILIANOPOLIS,ALCOOL,224,copy_of_D_Frota_por_UF_Municipio_COMBUSTIVEL_Julho_2026.xlsx
SAO PAULO,EMILIANOPOLIS,ALCOOL/GASOLINA,857,copy_of_D_Frota_por_UF_Municipio_COMBUSTIVEL_Julho_2026.xlsx
SAO PAULO,EMILIANOPOLIS,DIESEL,196,copy_of_D_Frota_por_UF_Municipio_COMBUSTIVEL_Julho_2026.xlsx
SAO PAULO,EMILIANOPOLIS,ELETRICO/FONTE EXTERNA,1,copy_of_D_Frota_por_UF_Municipio_COMBUSTIVEL_Julho_2026.xlsx
SAO PAULO,EMILIANOPOLIS,GASOLINA,776,copy_of_D_Frota_por_UF_Municipio_COMBUSTIVEL_Julho_2026.xlsx
SAO PAULO,EMILIANOPOLIS,GASOLINA/ALCOOL/ELETRICO,4,copy_of_D_Frota_por_UF_Municipio_COMBUSTIVEL_Julho_2026.xlsx
SAO PAULO,EMILIANOPOLIS,GASOLINA/ELETRICO,1,copy_of_D_Frota_por_UF_Municipio_COMBUSTIVEL_Julho_2026.xlsx
SAO PAULO,EMILIANOPOLIS,Sem Informação,83,copy_of_D_Frota_por_UF_Municipio_COMBUSTIVEL_Julho_2026.xlsx
SAO PAULO,ENGENHEIRO COELHO,ALCOOL,652,copy_of_D_Frota_por_UF_Municipio_COMBUSTIVEL_Julho_2026.xlsx
SAO PAULO,ENGENHEIRO COELHO,ALCOOL/GAS NATURAL VEICULAR,4,copy_of_D_Frota_por_UF_Municipio_COMBUSTIVEL_Julho_2026.xlsx
SAO PAULO,ENGENHEIRO COELHO,ALCOOL/GASOLINA,6145,copy_of_D_Frota_por_UF_Municipio_COMBUSTIVEL_Julho_2026.xlsx
SAO PAULO,ENGENHEIRO COELHO,DIESEL,1336,copy_of_D_Frota_por_UF_Municipio_COMBUSTIVEL_Julho_2026.xlsx
SAO PAULO,ENGENHEIRO COELHO,DIESEL/ELETRICO,2,copy_of_D_Frota_por_UF_Municipio_COMBUSTIVEL_Julho_2026.xlsx
SAO PAULO,ENGENHEIRO COELHO,ELETRICO,3,copy_of_D_Frota_por_UF_Municipio_COMBUSTIVEL_Julho_2026.xlsx
SAO PAULO,ENGENHEIRO COELHO,ELETRICO/FONTE EXTERNA,17,copy_of_D_Frota_por_UF_Municipio_COMBUSTIVEL_Julho_2026.xlsx
SAO PAULO,ENGENHEIRO COELHO,ELETRICO/FONTE INTERNA,3,copy_of_D_Frota_por_UF_Municipio_COMBUSTIVEL_Julho_2026.xlsx
SAO PAULO,ENGENHEIRO COELHO,GASOLINA,5527,copy_of_D_Frota_por_UF_Municipio_COMBUSTIVEL_Julho_2026.xlsx
SAO PAULO,ENGENHEIRO COELHO,GASOLINA/ALCOOL/ELETRICO,16,copy_of_D_Frota_por_UF_Municipio_COMBUSTIVEL_Julho_2026.xlsx
SAO PAULO,ENGENHEIRO COELHO,GASOLINA/ALCOOL/GAS NATURAL,17,copy_of_D_Frota_por_UF_Municipio_COMBUSTIVEL_Julho_2026.xlsx
SAO PAULO,ENGENHEIRO COELHO,GASOLINA/ELETRICO,17,copy_of_D_Frota_por_UF_Municipio_COMBUSTIVEL_Julho_2026.xlsx
SAO PAULO,ENGENHEIRO COELHO,GASOLINA/GAS NATURAL VEICULAR,65,copy_of_D_Frota_por_UF_Municipio_COMBUSTIVEL_Julho_2026.xlsx
SAO PAULO,ENGENHEIRO COELHO,HIBRIDO,2,copy_of_D_Frota_por_UF_Municipio_COMBUSTIVEL_Julho_2026.xlsx
SAO PAULO,ENGENHEIRO COELHO,HIBRIDO PLUG-IN,6,copy_of_D_Frota_por_UF_Municipio_COMBUSTIVEL_Julho_2026.xlsx
SAO PAULO,ENGENHEIRO COELHO,Sem Informação,463,copy_of_D_Frota_por_UF_Municipio_COMBUSTIVEL_Julho_2026.xlsx
SAO PAULO,ESPIRITO SANTO DO PINHAL,ALCOOL,1968,copy_of_D_Frota_por_UF_Municipio_COMBUSTIVEL_Julho_2026.xlsx
SAO PAULO,ESPIRITO SANTO DO PINHAL,ALCOOL/GASOLINA,14536,copy_of_D_Frota_por_UF_Municipio_COMBUSTIVEL_Julho_2026.xlsx
SAO PAULO,ESPIRITO SANTO DO PINHAL,DIESEL,2231,copy_of_D_Frota_por_UF_Municipio_COMBUSTIVEL_Julho_2026.xlsx
SAO PAULO,ESPIRITO SANTO DO PINHAL,DIESEL/ELETRICO,2,copy_of_D_Frota_por_UF_Municipio_COMBUSTIVEL_Julho_2026.xlsx
SAO PAULO,ESPIRITO SANTO DO PINHAL,ELETRICO,4,copy_of_D_Frota_por_UF_Municipio_COMBUSTIVEL_Julho_2026.xlsx
SAO PAULO,ESPIRITO SANTO DO PINHAL,ELETRICO/FONTE EXTERNA,25,copy_of_D_Frota_por_UF_Municipio_COMBUSTIVEL_Julho_2026.xlsx
SAO PAULO,ESPIRITO SANTO DO PINHAL,ELETRICO/FONTE INTERNA,2,copy_of_D_Frota_por_UF_Municipio_COMBUSTIVEL_Julho_2026.xlsx
SAO PAULO,ESPIRITO SANTO DO PINHAL,GASOLINA,16265,copy_of_D_Frota_por_UF_Municipio_COMBUSTIVEL_Julho_2026.xlsx
SAO PAULO,ESPIRITO SANTO DO PINHAL,GASOLINA/ALCOOL/ELETRICO,46,copy_of_D_Frota_por_UF_Municipio_COMBUSTIVEL_Julho_2026.xlsx
SAO PAULO,ESPIRITO SANTO DO PINHAL,GASOLINA/ELETRICO,43,copy_of_D_Frota_por_UF_Municipio_COMBUSTIVEL_Julho_2026.xlsx
SAO PAULO,ESPIRITO SANTO DO PINHAL,GASOLINA/GAS NATURAL VEICULAR,38,copy_of_D_Frota_por_UF_Municipio_COMBUSTIVEL_Julho_2026.xlsx
SAO PAULO,ESPIRITO SANTO DO PINHAL,HIBRIDO,8,copy_of_D_Frota_por_UF_Municipio_COMBUSTIVEL_Julho_2026.xlsx
SAO PAULO,ESPIRITO SANTO DO PINHAL,HIBRIDO PLUG-IN,15,copy_of_D_Frota_por_UF_Municipio_COMBUSTIVEL_Julho_2026.xlsx
SAO PAULO,ESPIRITO SANTO DO PINHAL,Sem Informação,603,copy_of_D_Frota_por_UF_Municipio_COMBUSTIVEL_Julho_2026.xlsx
SAO PAULO,ESPIRITO SANTO DO TURVO,ALCOOL,273,copy_of_D_Frota_por_UF_Municipio_COMBUSTIVEL_Julho_2026.xlsx
SAO PAULO,ESPIRITO SANTO DO TURVO,ALCOOL/GASOLINA,1092,copy_of_D_Frota_por_UF_Municipio_COMBUSTIVEL_Julho_2026.xlsx
SAO PAULO,ESPIRITO SANTO DO TURVO,DIESEL,360,copy_of_D_Frota_por_UF_Municipio_COMBUSTIVEL_Julho_2026.xlsx
SAO PAULO,ESPIRITO SANTO DO TURVO,ELETRICO/FONTE EXTERNA,1,copy_of_D_Frota_por_UF_Municipio_COMBUSTIVEL_Julho_2026.xlsx
SAO PAULO,ESPIRITO SANTO DO TURVO,GASOLINA,1065,copy_of_D_Frota_por_UF_Municipio_COMBUSTIVEL_Julho_2026.xlsx
SAO PAULO,ESPIRITO SANTO DO TURVO,GASOLINA/ALCOOL/ELETRICO,1,copy_of_D_Frota_por_UF_Municipio_COMBUSTIVEL_Julho_2026.xlsx
SAO PAULO,ESPIRITO SANTO DO TURVO,GASOLINA/GAS NATURAL VEICULAR,3,copy_of_D_Frota_por_UF_Municipio_COMBUSTIVEL_Julho_2026.xlsx
SAO PAULO,ESPIRITO SANTO DO TURVO,HIBRIDO,1,copy_of_D_Frota_por_UF_Municipio_COMBUSTIVEL_Julho_2026.xlsx
SAO PAULO,ESPIRITO SANTO DO TURVO,Sem Informação,172,copy_of_D_Frota_por_UF_Municipio_COMBUSTIVEL_Julho_2026.xlsx
SAO PAULO,ESTIVA GERBI,ALCOOL,537,copy_of_D_Frota_por_UF_Municipio_COMBUSTIVEL_Julho_2026.xlsx
SAO PAULO,ESTIVA GERBI,ALCOOL/GAS NATURAL VEICULAR,3,copy_of_D_Frota_por_UF_Municipio_COMBUSTIVEL_Julho_2026.xlsx
SAO PAULO,ESTIVA GERBI,ALCOOL/GASOLINA,3753,copy_of_D_Frota_por_UF_Municipio_COMBUSTIVEL_Julho_2026.xlsx
SAO PAULO,ESTIVA GERBI,DIESEL,812,copy_of_D_Frota_por_UF_Municipio_COMBUSTIVEL_Julho_2026.xlsx
SAO PAULO,ESTIVA GERBI,DIESEL/ELETRICO,1,copy_of_D_Frota_por_UF_Municipio_COMBUSTIVEL_Julho_2026.xlsx
SAO PAULO,ESTIVA GERBI,ELETRICO/FONTE EXTERNA,4,copy_of_D_Frota_por_UF_Municipio_COMBUSTIVEL_Julho_2026.xlsx
SAO PAULO,ESTIVA GERBI,GASOGENIO,1,copy_of_D_Frota_por_UF_Municipio_COMBUSTIVEL_Julho_2026.xlsx
SAO PAULO,ESTIVA GERBI,GASOL/GAS NATURAL COMBUSTIVEL,1,copy_of_D_Frota_por_UF_Municipio_COMBUSTIVEL_Julho_2026.xlsx
SAO PAULO,ESTIVA GERBI,GASOLINA,3945,copy_of_D_Frota_por_UF_Municipio_COMBUSTIVEL_Julho_2026.xlsx
SAO PAULO,ESTIVA GERBI,GASOLINA/ALCOOL/ELETRICO,14,copy_of_D_Frota_por_UF_Municipio_COMBUSTIVEL_Julho_2026.xlsx
SAO PAULO,ESTIVA GERBI,GASOLINA/ALCOOL/GAS NATURAL,8,copy_of_D_Frota_por_UF_Municipio_COMBUSTIVEL_Julho_2026.xlsx
SAO PAULO,ESTIVA GERBI,GASOLINA/ELETRICO,5,copy_of_D_Frota_por_UF_Municipio_COMBUSTIVEL_Julho_2026.xlsx
SAO PAULO,ESTIVA GERBI,GASOLINA/GAS NATURAL VEICULAR,27,copy_of_D_Frota_por_UF_Municipio_COMBUSTIVEL_Julho_2026.xlsx
SAO PAULO,ESTIVA GERBI,HIBRIDO,1,copy_of_D_Frota_por_UF_Municipio_COMBUSTIVEL_Julho_2026.xlsx
SAO PAULO,ESTIVA GERBI,HIBRIDO PLUG-IN,4,copy_of_D_Frota_por_UF_Municipio_COMBUSTIVEL_Julho_2026.xlsx
SAO PAULO,ESTIVA GERBI,Sem Informação,433,copy_of_D_Frota_por_UF_Municipio_COMBUSTIVEL_Julho_2026.xlsx
SAO PAULO,ESTRELA D'OESTE,ALCOOL,538,copy_of_D_Frota_por_UF_Municipio_COMBUSTIVEL_Julho_2026.xlsx
SAO PAULO,ESTRELA D'OESTE,ALCOOL/GASOLINA,2942,copy_of_D_Frota_por_UF_Municipio_COMBUSTIVEL_Julho_2026.xlsx
SAO PAULO,ESTRELA D'OESTE,DIESEL,927,copy_of_D_Frota_por_UF_Municipio_COMBUSTIVEL_Julho_2026.xlsx
SAO PAULO,ESTRELA D'OESTE,DIESEL/ELETRICO,1,copy_of_D_Frota_por_UF_Municipio_COMBUSTIVEL_Julho_2026.xlsx
SAO PAULO,ESTRELA D'OESTE,GASOLINA,2916,copy_of_D_Frota_por_UF_Municipio_COMBUSTIVEL_Julho_2026.xlsx
SAO PAULO,ESTRELA D'OESTE,GASOLINA/ALCOOL/ELETRICO,8,copy_of_D_Frota_por_UF_Municipio_COMBUSTIVEL_Julho_2026.xlsx
SAO PAULO,ESTRELA D'OESTE,GASOLINA/ALCOOL/GAS NATURAL,1,copy_of_D_Frota_por_UF_Municipio_COMBUSTIVEL_Julho_2026.xlsx
SAO PAULO,ESTRELA D'OESTE,GASOLINA/ELETRICO,3,copy_of_D_Frota_por_UF_Municipio_COMBUSTIVEL_Julho_2026.xlsx
SAO PAULO,ESTRELA D'OESTE,GASOLINA/GAS NATURAL VEICULAR,2,copy_of_D_Frota_por_UF_Municipio_COMBUSTIVEL_Julho_2026.xlsx
SAO PAULO,ESTRELA D'OESTE,HIBRIDO,1,copy_of_D_Frota_por_UF_Municipio_COMBUSTIVEL_Julho_2026.xlsx
SAO PAULO,ESTRELA D'OESTE,Sem Informação,678,copy_of_D_Frota_por_UF_Municipio_COMBUSTIVEL_Julho_2026.xlsx
SAO PAULO,ESTRELA DO NORTE,ALCOOL,152,copy_of_D_Frota_por_UF_Municipio_COMBUSTIVEL_Julho_2026.xlsx
SAO PAULO,ESTRELA DO NORTE,ALCOOL/GASOLINA,626,copy_of_D_Frota_por_UF_Municipio_COMBUSTIVEL_Julho_2026.xlsx
SAO PAULO,ESTRELA DO NORTE,DIESEL,99,copy_of_D_Frota_por_UF_Municipio_COMBUSTIVEL_Julho_2026.xlsx
SAO PAULO,ESTRELA DO NORTE,GASOLINA,583,copy_of_D_Frota_por_UF_Municipio_COMBUSTIVEL_Julho_2026.xlsx
SAO PAULO,ESTRELA DO NORTE,GASOLINA/ALCOOL/ELETRICO,1,copy_of_D_Frota_por_UF_Municipio_COMBUSTIVEL_Julho_2026.xlsx
SAO PAULO,ESTRELA DO NORTE,GASOLINA/ALCOOL/GAS NATURAL,1,copy_of_D_Frota_por_UF_Municipio_COMBUSTIVEL_Julho_2026.xlsx
SAO PAULO,ESTRELA DO NORTE,GASOLINA/GAS NATURAL VEICULAR,1,copy_of_D_Frota_por_UF_Municipio_COMBUSTIVEL_Julho_2026.xlsx
SAO PAULO,ESTRELA DO NORTE,Sem Informação,50,copy_of_D_Frota_por_UF_Municipio_COMBUSTIVEL_Julho_2026.xlsx
SAO PAULO,EUCLIDES DA CUNHA PAULISTA,ALCOOL,512,copy_of_D_Frota_por_UF_Municipio_COMBUSTIVEL_Julho_2026.xlsx
SAO PAULO,EUCLIDES DA CUNHA PAULISTA,ALCOOL/GASOLINA,1820,copy_of_D_Frota_por_UF_Municipio_COMBUSTIVEL_Julho_2026.xlsx
SAO PAULO,EUCLIDES DA CUNHA PAULISTA,DIESEL,413,copy_of_D_Frota_por_UF_Municipio_COMBUSTIVEL_Julho_2026.xlsx
SAO PAULO,EUCLIDES DA CUNHA PAULISTA,GASOLINA,2423,copy_of_D_Frota_por_UF_Municipio_COMBUSTIVEL_Julho_2026.xlsx
SAO PAULO,EUCLIDES DA CUNHA PAULISTA,GASOLINA/ALCOOL/ELETRICO,2,copy_of_D_Frota_por_UF_Municipio_COMBUSTIVEL_Julho_2026.xlsx
SAO PAULO,EUCLIDES DA CUNHA PAULISTA,GASOLINA/ALCOOL/GAS NATURAL,1,copy_of_D_Frota_por_UF_Municipio_COMBUSTIVEL_Julho_2026.xlsx
SAO PAULO,EUCLIDES DA CUNHA PAULISTA,GASOLINA/ELETRICO,3,copy_of_D_Frota_por_UF_Municipio_COMBUSTIVEL_Julho_2026.xlsx
SAO PAULO,EUCLIDES DA CUNHA PAULISTA,GASOLINA/GAS NATURAL VEICULAR,2,copy_of_D_Frota_por_UF_Municipio_COMBUSTIVEL_Julho_2026.xlsx
SAO PAULO,EUCLIDES DA CUNHA PAULISTA,HIBRIDO,1,copy_of_D_Frota_por_UF_Municipio_COMBUSTIVEL_Julho_2026.xlsx
SAO PAULO,EUCLIDES DA CUNHA PAULISTA,Sem Informação,245,copy_of_D_Frota_por_UF_Municipio_COMBUSTIVEL_Julho_2026.xlsx
SAO PAULO,FARTURA,ALCOOL,843,copy_of_D_Frota_por_UF_Municipio_COMBUSTIVEL_Julho_2026.xlsx
SAO PAULO,FARTURA,ALCOOL/GAS NATURAL VEICULAR,2,copy_of_D_Frota_por_UF_Municipio_COMBUSTIVEL_Julho_2026.xlsx
SAO PAULO,FARTURA,ALCOOL/GASOLINA,4907,copy_of_D_Frota_por_UF_Municipio_COMBUSTIVEL_Julho_2026.xlsx
SAO PAULO,FARTURA,DIESEL,1105,copy_of_D_Frota_por_UF_Municipio_COMBUSTIVEL_Julho_2026.xlsx
SAO PAULO,FARTURA,ELETRICO/FONTE EXTERNA,5,copy_of_D_Frota_por_UF_Municipio_COMBUSTIVEL_Julho_2026.xlsx
SAO PAULO,FARTURA,GASOLINA,4451,copy_of_D_Frota_por_UF_Municipio_COMBUSTIVEL_Julho_2026.xlsx
SAO PAULO,FARTURA,GASOLINA/ALCOOL/ELETRICO,6,copy_of_D_Frota_por_UF_Municipio_COMBUSTIVEL_Julho_2026.xlsx
SAO PAULO,FARTURA,GASOLINA/ALCOOL/GAS NATURAL,1,copy_of_D_Frota_por_UF_Municipio_COMBUSTIVEL_Julho_2026.xlsx
SAO PAULO,FARTURA,GASOLINA/ELETRICO,9,copy_of_D_Frota_por_UF_Municipio_COMBUSTIVEL_Julho_2026.xlsx
SAO PAULO,FARTURA,GASOLINA/GAS NATURAL VEICULAR,2,copy_of_D_Frota_por_UF_Municipio_COMBUSTIVEL_Julho_2026.xlsx
SAO PAULO,FARTURA,Sem Informação,511,copy_of_D_Frota_por_UF_Municipio_COMBUSTIVEL_Julho_2026.xlsx
SAO PAULO,FERNANDO PRESTES,ALCOOL,437,copy_of_D_Frota_por_UF_Municipio_COMBUSTIVEL_Julho_2026.xlsx
SAO PAULO,FERNANDO PRESTES,ALCOOL/GASOLINA,2056,copy_of_D_Frota_por_UF_Municipio_COMBUSTIVEL_Julho_2026.xlsx
SAO PAULO,FERNANDO PRESTES,DIESEL,691,copy_of_D_Frota_por_UF_Municipio_COMBUSTIVEL_Julho_2026.xlsx
SAO PAULO,FERNANDO PRESTES,ELETRICO/FONTE EXTERNA,3,copy_of_D_Frota_por_UF_Municipio_COMBUSTIVEL_Julho_2026.xlsx
SAO PAULO,FERNANDO PRESTES,GAS METANO,1,copy_of_D_Frota_por_UF_Municipio_COMBUSTIVEL_Julho_2026.xlsx
SAO PAULO,FERNANDO PRESTES,GASOLINA,1640,copy_of_D_Frota_por_UF_Municipio_COMBUSTIVEL_Julho_2026.xlsx
SAO PAULO,FERNANDO PRESTES,GASOLINA/ALCOOL/ELETRICO,4,copy_of_D_Frota_por_UF_Municipio_COMBUSTIVEL_Julho_2026.xlsx
SAO PAULO,FERNANDO PRESTES,GASOLINA/ELETRICO,6,copy_of_D_Frota_por_UF_Municipio_COMBUSTIVEL_Julho_2026.xlsx
SAO PAULO,FERNANDO PRESTES,GASOLINA/GAS NATURAL VEICULAR,3,copy_of_D_Frota_por_UF_Municipio_COMBUSTIVEL_Julho_2026.xlsx
SAO PAULO,FERNANDO PRESTES,HIBRIDO,1,copy_of_D_Frota_por_UF_Municipio_COMBUSTIVEL_Julho_2026.xlsx
SAO PAULO,FERNANDO PRESTES,HIBRIDO PLUG-IN,4,copy_of_D_Frota_por_UF_Municipio_COMBUSTIVEL_Julho_2026.xlsx
SAO PAULO,FERNANDO PRESTES,Sem Informação,308,copy_of_D_Frota_por_UF_Municipio_COMBUSTIVEL_Julho_2026.xlsx
SAO PAULO,FERNANDOPOLIS,ALCOOL,4165,copy_of_D_Frota_por_UF_Municipio_COMBUSTIVEL_Julho_2026.xlsx
SAO PAULO,FERNANDOPOLIS,ALCOOL/GASOLINA,27831,copy_of_D_Frota_por_UF_Municipio_COMBUSTIVEL_Julho_2026.xlsx
SAO PAULO,FERNANDOPOLIS,DIESEL,5164,copy_of_D_Frota_por_UF_Municipio_COMBUSTIVEL_Julho_2026.xlsx
SAO PAULO,FERNANDOPOLIS,DIESEL/ELETRICO,5,copy_of_D_Frota_por_UF_Municipio_COMBUSTIVEL_Julho_2026.xlsx
SAO PAULO,FERNANDOPOLIS,ELETRICO,4,copy_of_D_Frota_por_UF_Municipio_COMBUSTIVEL_Julho_2026.xlsx
SAO PAULO,FERNANDOPOLIS,ELETRICO/FONTE EXTERNA,75,copy_of_D_Frota_por_UF_Municipio_COMBUSTIVEL_Julho_2026.xlsx
SAO PAULO,FERNANDOPOLIS,ELETRICO/FONTE INTERNA,28,copy_of_D_Frota_por_UF_Municipio_COMBUSTIVEL_Julho_2026.xlsx
SAO PAULO,FERNANDOPOLIS,GASOL/GAS NATURAL COMBUSTIVEL,1,copy_of_D_Frota_por_UF_Municipio_COMBUSTIVEL_Julho_2026.xlsx
SAO PAULO,FERNANDOPOLIS,GASOLINA,29641,copy_of_D_Frota_por_UF_Municipio_COMBUSTIVEL_Julho_2026.xlsx
SAO PAULO,FERNANDOPOLIS,GASOLINA/ALCOOL/ELETRICO,60,copy_of_D_Frota_por_UF_Municipio_COMBUSTIVEL_Julho_2026.xlsx
SAO PAULO,FERNANDOPOLIS,GASOLINA/ALCOOL/GAS NATURAL,4,copy_of_D_Frota_por_UF_Municipio_COMBUSTIVEL_Julho_2026.xlsx
SAO PAULO,FERNANDOPOLIS,GASOLINA/ELETRICO,70,copy_of_D_Frota_por_UF_Municipio_COMBUSTIVEL_Julho_2026.xlsx
SAO PAULO,FERNANDOPOLIS,GASOLINA/GAS NATURAL VEICULAR,10,copy_of_D_Frota_por_UF_Municipio_COMBUSTIVEL_Julho_2026.xlsx
SAO PAULO,FERNANDOPOLIS,HIBRIDO,22,copy_of_D_Frota_por_UF_Municipio_COMBUSTIVEL_Julho_2026.xlsx
SAO PAULO,FERNANDOPOLIS,HIBRIDO PLUG-IN,31,copy_of_D_Frota_por_UF_Municipio_COMBUSTIVEL_Julho_2026.xlsx
SAO PAULO,FERNANDOPOLIS,Sem Informação,4337,copy_of_D_Frota_por_UF_Municipio_COMBUSTIVEL_Julho_2026.xlsx
SAO PAULO,FERNAO,ALCOOL,75,copy_of_D_Frota_por_UF_Municipio_COMBUSTIVEL_Julho_2026.xlsx
SAO PAULO,FERNAO,ALCOOL/GASOLINA,453,copy_of_D_Frota_por_UF_Municipio_COMBUSTIVEL_Julho_2026.xlsx
SAO PAULO,FERNAO,DIESEL,104,copy_of_D_Frota_por_UF_Municipio_COMBUSTIVEL_Julho_2026.xlsx
SAO PAULO,FERNAO,GASOLINA,418,copy_of_D_Frota_por_UF_Municipio_COMBUSTIVEL_Julho_2026.xlsx
SAO PAULO,FERNAO,GASOLINA/ALCOOL/GAS NATURAL,1,copy_of_D_Frota_por_UF_Municipio_COMBUSTIVEL_Julho_2026.xlsx
SAO PAULO,FERNAO,Sem Informação,46,copy_of_D_Frota_por_UF_Municipio_COMBUSTIVEL_Julho_2026.xlsx
SAO PAULO,FERRAZ DE VASCONCELOS,ALCOOL,4713,copy_of_D_Frota_por_UF_Municipio_COMBUSTIVEL_Julho_2026.xlsx
SAO PAULO,FERRAZ DE VASCONCELOS,ALCOOL/GAS NATURAL COMBUSTIVEL,5,copy_of_D_Frota_por_UF_Municipio_COMBUSTIVEL_Julho_2026.xlsx
SAO PAULO,FERRAZ DE VASCONCELOS,ALCOOL/GAS NATURAL VEICULAR,99,copy_of_D_Frota_por_UF_Municipio_COMBUSTIVEL_Julho_2026.xlsx
SAO PAULO,FERRAZ DE VASCONCELOS,ALCOOL/GASOLINA,39147,copy_of_D_Frota_por_UF_Municipio_COMBUSTIVEL_Julho_2026.xlsx
SAO PAULO,FERRAZ DE VASCONCELOS,DIESEL,4699,copy_of_D_Frota_por_UF_Municipio_COMBUSTIVEL_Julho_2026.xlsx
SAO PAULO,FERRAZ DE VASCONCELOS,DIESEL/ELETRICO,4,copy_of_D_Frota_por_UF_Municipio_COMBUSTIVEL_Julho_2026.xlsx
SAO PAULO,FERRAZ DE VASCONCELOS,DIESEL/GAS NATURAL VEICULAR,1,copy_of_D_Frota_por_UF_Municipio_COMBUSTIVEL_Julho_2026.xlsx
SAO PAULO,FERRAZ DE VASCONCELOS,ELETRICO,1,copy_of_D_Frota_por_UF_Municipio_COMBUSTIVEL_Julho_2026.xlsx
SAO PAULO,FERRAZ DE VASCONCELOS,ELETRICO/FONTE EXTERNA,60,copy_of_D_Frota_por_UF_Municipio_COMBUSTIVEL_Julho_2026.xlsx
SAO PAULO,FERRAZ DE VASCONCELOS,ELETRICO/FONTE INTERNA,9,copy_of_D_Frota_por_UF_Municipio_COMBUSTIVEL_Julho_2026.xlsx
SAO PAULO,FERRAZ DE VASCONCELOS,GAS METANO,13,copy_of_D_Frota_por_UF_Municipio_COMBUSTIVEL_Julho_2026.xlsx
SAO PAULO,FERRAZ DE VASCONCELOS,GASOGENIO,2,copy_of_D_Frota_por_UF_Municipio_COMBUSTIVEL_Julho_2026.xlsx
SAO PAULO,FERRAZ DE VASCONCELOS,GASOL/GAS NATURAL COMBUSTIVEL,43,copy_of_D_Frota_por_UF_Municipio_COMBUSTIVEL_Julho_2026.xlsx
SAO PAULO,FERRAZ DE VASCONCELOS,GASOLINA,38186,copy_of_D_Frota_por_UF_Municipio_COMBUSTIVEL_Julho_2026.xlsx
SAO PAULO,FERRAZ DE VASCONCELOS,GASOLINA/ALCOOL/ELETRICO,65,copy_of_D_Frota_por_UF_Municipio_COMBUSTIVEL_Julho_2026.xlsx
SAO PAULO,FERRAZ DE VASCONCELOS,GASOLINA/ALCOOL/GAS NATURAL,288,copy_of_D_Frota_por_UF_Municipio_COMBUSTIVEL_Julho_2026.xlsx
SAO PAULO,FERRAZ DE VASCONCELOS,GASOLINA/ELETRICO,77,copy_of_D_Frota_por_UF_Municipio_COMBUSTIVEL_Julho_2026.xlsx
SAO PAULO,FERRAZ DE VASCONCELOS,GASOLINA/GAS NATURAL VEICULAR,1232,copy_of_D_Frota_por_UF_Municipio_COMBUSTIVEL_Julho_2026.xlsx
SAO PAULO,FERRAZ DE VASCONCELOS,HIBRIDO,7,copy_of_D_Frota_por_UF_Municipio_COMBUSTIVEL_Julho_2026.xlsx
SAO PAULO,FERRAZ DE VASCONCELOS,HIBRIDO PLUG-IN,8,copy_of_D_Frota_por_UF_Municipio_COMBUSTIVEL_Julho_2026.xlsx
SAO PAULO,FERRAZ DE VASCONCELOS,Sem Informação,777,copy_of_D_Frota_por_UF_Municipio_COMBUSTIVEL_Julho_2026.xlsx
SAO PAULO,FLORA RICA,ALCOOL,150,copy_of_D_Frota_por_UF_Municipio_COMBUSTIVEL_Julho_2026.xlsx
SAO PAULO,FLORA RICA,ALCOOL/GASOLINA,405,copy_of_D_Frota_por_UF_Municipio_COMBUSTIVEL_Julho_2026.xlsx
SAO PAULO,FLORA RICA,DIESEL,103,copy_of_D_Frota_por_UF_Municipio_COMBUSTIVEL_Julho_2026.xlsx
SAO PAULO,FLORA RICA,GASOLINA,346,copy_of_D_Frota_por_UF_Municipio_COMBUSTIVEL_Julho_2026.xlsx
SAO PAULO,FLORA RICA,Sem Informação,53,copy_of_D_Frota_por_UF_Municipio_COMBUSTIVEL_Julho_2026.xlsx
SAO PAULO,FLOREAL,ALCOOL,231,copy_of_D_Frota_por_UF_Municipio_COMBUSTIVEL_Julho_2026.xlsx
SAO PAULO,FLOREAL,ALCOOL/GASOLINA,848,copy_of_D_Frota_por_UF_Municipio_COMBUSTIVEL_Julho_2026.xlsx
SAO PAULO,FLOREAL,DIESEL,242,copy_of_D_Frota_por_UF_Municipio_COMBUSTIVEL_Julho_2026.xlsx
SAO PAULO,FLOREAL,ELETRICO/FONTE EXTERNA,2,copy_of_D_Frota_por_UF_Municipio_COMBUSTIVEL_Julho_2026.xlsx
SAO PAULO,FLOREAL,GASOLINA,826,copy_of_D_Frota_por_UF_Municipio_COMBUSTIVEL_Julho_2026.xlsx
SAO PAULO,FLOREAL,GASOLINA/ELETRICO,1,copy_of_D_Frota_por_UF_Municipio_COMBUSTIVEL_Julho_2026.xlsx
SAO PAULO,FLOREAL,GASOLINA/GAS NATURAL VEICULAR,1,copy_of_D_Frota_por_UF_Municipio_COMBUSTIVEL_Julho_2026.xlsx
SAO PAULO,FLOREAL,HIBRIDO PLUG-IN,1,copy_of_D_Frota_por_UF_Municipio_COMBUSTIVEL_Julho_2026.xlsx
SAO PAULO,FLOREAL,Sem Informação,147,copy_of_D_Frota_por_UF_Municipio_COMBUSTIVEL_Julho_2026.xlsx
SAO PAULO,FLORIDA PAULISTA,ALCOOL,1003,copy_of_D_Frota_por_UF_Municipio_COMBUSTIVEL_Julho_2026.xlsx
SAO PAULO,FLORIDA PAULISTA,ALCOOL/GASOLINA,2898,copy_of_D_Frota_por_UF_Municipio_COMBUSTIVEL_Julho_2026.xlsx
SAO PAULO,FLORIDA PAULISTA,DIESEL,1018,copy_of_D_Frota_por_UF_Municipio_COMBUSTIVEL_Julho_2026.xlsx
SAO PAULO,FLORIDA PAULISTA,ELETRICO/FONTE EXTERNA,1,copy_of_D_Frota_por_UF_Municipio_COMBUSTIVEL_Julho_2026.xlsx
SAO PAULO,FLORIDA PAULISTA,GASOL/GAS NATURAL COMBUSTIVEL,1,copy_of_D_Frota_por_UF_Municipio_COMBUSTIVEL_Julho_2026.xlsx
SAO PAULO,FLORIDA PAULISTA,GASOLINA,2735,copy_of_D_Frota_por_UF_Municipio_COMBUSTIVEL_Julho_2026.xlsx
SAO PAULO,FLORIDA PAULISTA,GASOLINA/ALCOOL/ELETRICO,4,copy_of_D_Frota_por_UF_Municipio_COMBUSTIVEL_Julho_2026.xlsx
SAO PAULO,FLORIDA PAULISTA,GASOLINA/ALCOOL/GAS NATURAL,1,copy_of_D_Frota_por_UF_Municipio_COMBUSTIVEL_Julho_2026.xlsx
SAO PAULO,FLORIDA PAULISTA,GASOLINA/ELETRICO,1,copy_of_D_Frota_por_UF_Municipio_COMBUSTIVEL_Julho_2026.xlsx
SAO PAULO,FLORIDA PAULISTA,GASOLINA/GAS NATURAL VEICULAR,1,copy_of_D_Frota_por_UF_Municipio_COMBUSTIVEL_Julho_2026.xlsx
SAO PAULO,FLORIDA PAULISTA,Sem Informação,496,copy_of_D_Frota_por_UF_Municipio_COMBUSTIVEL_Julho_2026.xlsx
SAO PAULO,FLORINEA,ALCOOL,178,copy_of_D_Frota_por_UF_Municipio_COMBUSTIVEL_Julho_2026.xlsx
SAO PAULO,FLORINEA,ALCOOL/GASOLINA,554,copy_of_D_Frota_por_UF_Municipio_COMBUSTIVEL_Julho_2026.xlsx
SAO PAULO,FLORINEA,DIESEL,177,copy_of_D_Frota_por_UF_Municipio_COMBUSTIVEL_Julho_2026.xlsx
SAO PAULO,FLORINEA,ELETRICO/FONTE EXTERNA,1,copy_of_D_Frota_por_UF_Municipio_COMBUSTIVEL_Julho_2026.xlsx
SAO PAULO,FLORINEA,GASOLINA,791,copy_of_D_Frota_por_UF_Municipio_COMBUSTIVEL_Julho_2026.xlsx
SAO PAULO,FLORINEA,GASOLINA/ALCOOL/ELETRICO,1,copy_of_D_Frota_por_UF_Municipio_COMBUSTIVEL_Julho_2026.xlsx
SAO PAULO,FLORINEA,GASOLINA/ELETRICO,1,copy_of_D_Frota_por_UF_Municipio_COMBUSTIVEL_Julho_2026.xlsx
SAO PAULO,FLORINEA,Sem Informação,93,copy_of_D_Frota_por_UF_Municipio_COMBUSTIVEL_Julho_2026.xlsx
SAO PAULO,FRANCA,ALCOOL,24352,copy_of_D_Frota_por_UF_Municipio_COMBUSTIVEL_Julho_2026.xlsx
SAO PAULO,FRANCA,ALCOOL/GAS NATURAL VEICULAR,6,copy_of_D_Frota_por_UF_Municipio_COMBUSTIVEL_Julho_2026.xlsx
SAO PAULO,FRANCA,ALCOOL/GASOLINA,135202,copy_of_D_Frota_por_UF_Municipio_COMBUSTIVEL_Julho_2026.xlsx
SAO PAULO,FRANCA,DIESEL,19193,copy_of_D_Frota_por_UF_Municipio_COMBUSTIVEL_Julho_2026.xlsx
SAO PAULO,FRANCA,DIESEL/ELETRICO,15,copy_of_D_Frota_por_UF_Municipio_COMBUSTIVEL_Julho_2026.xlsx
SAO PAULO,FRANCA,ELETRICO,29,copy_of_D_Frota_por_UF_Municipio_COMBUSTIVEL_Julho_2026.xlsx
SAO PAULO,FRANCA,ELETRICO/FONTE EXTERNA,369,copy_of_D_Frota_por_UF_Municipio_COMBUSTIVEL_Julho_2026.xlsx
SAO PAULO,FRANCA,ELETRICO/FONTE INTERNA,32,copy_of_D_Frota_por_UF_Municipio_COMBUSTIVEL_Julho_2026.xlsx
SAO PAULO,FRANCA,GASOL/GAS NATURAL COMBUSTIVEL,2,copy_of_D_Frota_por_UF_Municipio_COMBUSTIVEL_Julho_2026.xlsx
SAO PAULO,FRANCA,GASOLINA,128751,copy_of_D_Frota_por_UF_Municipio_COMBUSTIVEL_Julho_2026.xlsx
SAO PAULO,FRANCA,GASOLINA/ALCOOL/ELETRICO,527,copy_of_D_Frota_por_UF_Municipio_COMBUSTIVEL_Julho_2026.xlsx
SAO PAULO,FRANCA,GASOLINA/ALCOOL/GAS NATURAL,64,copy_of_D_Frota_por_UF_Municipio_COMBUSTIVEL_Julho_2026.xlsx
SAO PAULO,FRANCA,GASOLINA/ELETRICO,569,copy_of_D_Frota_por_UF_Municipio_COMBUSTIVEL_Julho_2026.xlsx
SAO PAULO,FRANCA,GASOLINA/GAS NATURAL VEICULAR,69,copy_of_D_Frota_por_UF_Municipio_COMBUSTIVEL_Julho_2026.xlsx
SAO PAULO,FRANCA,HIBRIDO,74,copy_of_D_Frota_por_UF_Municipio_COMBUSTIVEL_Julho_2026.xlsx
SAO PAULO,FRANCA,HIBRIDO PLUG-IN,153,copy_of_D_Frota_por_UF_Municipio_COMBUSTIVEL_Julho_2026.xlsx
SAO PAULO,FRANCA,Sem Informação,8909,copy_of_D_Frota_por_UF_Municipio_COMBUSTIVEL_Julho_2026.xlsx
SAO PAULO,FRANCISCO MORATO,ALCOOL,3376,copy_of_D_Frota_por_UF_Municipio_COMBUSTIVEL_Julho_2026.xlsx
SAO PAULO,FRANCISCO MORATO,ALCOOL/GAS NATURAL COMBUSTIVEL,2,copy_of_D_Frota_por_UF_Municipio_COMBUSTIVEL_Julho_2026.xlsx
SAO PAULO,FRANCISCO MORATO,ALCOOL/GAS NATURAL VEICULAR,20,copy_of_D_Frota_por_UF_Municipio_COMBUSTIVEL_Julho_2026.xlsx
SAO PAULO,FRANCISCO MORATO,ALCOOL/GASOLINA,32456,copy_of_D_Frota_por_UF_Municipio_COMBUSTIVEL_Julho_2026.xlsx
SAO PAULO,FRANCISCO MORATO,DIESEL,2037,copy_of_D_Frota_por_UF_Municipio_COMBUSTIVEL_Julho_2026.xlsx
SAO PAULO,FRANCISCO MORATO,ELETRICO/FONTE EXTERNA,82,copy_of_D_Frota_por_UF_Municipio_COMBUSTIVEL_Julho_2026.xlsx
SAO PAULO,FRANCISCO MORATO,ELETRICO/FONTE INTERNA,3,copy_of_D_Frota_por_UF_Municipio_COMBUSTIVEL_Julho_2026.xlsx
SAO PAULO,FRANCISCO MORATO,GAS METANO,5,copy_of_D_Frota_por_UF_Municipio_COMBUSTIVEL_Julho_2026.xlsx
SAO PAULO,FRANCISCO MORATO,GASOL/GAS NATURAL COMBUSTIVEL,19,copy_of_D_Frota_por_UF_Municipio_COMBUSTIVEL_Julho_2026.xlsx
SAO PAULO,FRANCISCO MORATO,GASOLINA,30814,copy_of_D_Frota_por_UF_Municipio_COMBUSTIVEL_Julho_2026.xlsx
SAO PAULO,FRANCISCO MORATO,GASOLINA/ALCOOL/ELETRICO,36,copy_of_D_Frota_por_UF_Municipio_COMBUSTIVEL_Julho_2026.xlsx
SAO PAULO,FRANCISCO MORATO,GASOLINA/ALCOOL/GAS NATURAL,104,copy_of_D_Frota_por_UF_Municipio_COMBUSTIVEL_Julho_2026.xlsx
SAO PAULO,FRANCISCO MORATO,GASOLINA/ELETRICO,45,copy_of_D_Frota_por_UF_Municipio_COMBUSTIVEL_Julho_2026.xlsx
SAO PAULO,FRANCISCO MORATO,GASOLINA/GAS NATURAL VEICULAR,317,copy_of_D_Frota_por_UF_Municipio_COMBUSTIVEL_Julho_2026.xlsx
SAO PAULO,FRANCISCO MORATO,HIBRIDO,1,copy_of_D_Frota_por_UF_Municipio_COMBUSTIVEL_Julho_2026.xlsx
SAO PAULO,FRANCISCO MORATO,HIBRIDO PLUG-IN,5,copy_of_D_Frota_por_UF_Municipio_COMBUSTIVEL_Julho_2026.xlsx
SAO PAULO,FRANCISCO MORATO,Sem Informação,433,copy_of_D_Frota_por_UF_Municipio_COMBUSTIVEL_Julho_2026.xlsx
SAO PAULO,FRANCO DA ROCHA,ALCOOL,3610,copy_of_D_Frota_por_UF_Municipio_COMBUSTIVEL_Julho_2026.xlsx
SAO PAULO,FRANCO DA ROCHA,ALCOOL/GAS NATURAL VEICULAR,35,copy_of_D_Frota_por_UF_Municipio_COMBUSTIVEL_Julho_2026.xlsx
SAO PAULO,FRANCO DA ROCHA,ALCOOL/GASOLINA,35073,copy_of_D_Frota_por_UF_Municipio_COMBUSTIVEL_Julho_2026.xlsx
SAO PAULO,FRANCO DA ROCHA,DIESEL,3853,copy_of_D_Frota_por_UF_Municipio_COMBUSTIVEL_Julho_2026.xlsx
SAO PAULO,FRANCO DA ROCHA,DIESEL/ELETRICO,3,copy_of_D_Frota_por_UF_Municipio_COMBUSTIVEL_Julho_2026.xlsx
SAO PAULO,FRANCO DA ROCHA,ELETRICO,3,copy_of_D_Frota_por_UF_Municipio_COMBUSTIVEL_Julho_2026.xlsx
SAO PAULO,FRANCO DA ROCHA,ELETRICO/FONTE EXTERNA,83,copy_of_D_Frota_por_UF_Municipio_COMBUSTIVEL_Julho_2026.xlsx
SAO PAULO,FRANCO DA ROCHA,ELETRICO/FONTE INTERNA,7,copy_of_D_Frota_por_UF_Municipio_COMBUSTIVEL_Julho_2026.xlsx
SAO PAULO,FRANCO DA ROCHA,GAS METANO,6,copy_of_D_Frota_por_UF_Municipio_COMBUSTIVEL_Julho_2026.xlsx
SAO PAULO,FRANCO DA ROCHA,GASOL/GAS NATURAL COMBUSTIVEL,18,copy_of_D_Frota_por_UF_Municipio_COMBUSTIVEL_Julho_2026.xlsx
SAO PAULO,FRANCO DA ROCHA,GASOLINA,33783,copy_of_D_Frota_por_UF_Municipio_COMBUSTIVEL_Julho_2026.xlsx
SAO PAULO,FRANCO DA ROCHA,GASOLINA/ALCOOL/ELETRICO,100,copy_of_D_Frota_por_UF_Municipio_COMBUSTIVEL_Julho_2026.xlsx
SAO PAULO,FRANCO DA ROCHA,GASOLINA/ALCOOL/GAS NATURAL,124,copy_of_D_Frota_por_UF_Municipio_COMBUSTIVEL_Julho_2026.xlsx
SAO PAULO,FRANCO DA ROCHA,GASOLINA/ELETRICO,42,copy_of_D_Frota_por_UF_Municipio_COMBUSTIVEL_Julho_2026.xlsx
SAO PAULO,FRANCO DA ROCHA,GASOLINA/GAS NATURAL VEICULAR,438,copy_of_D_Frota_por_UF_Municipio_COMBUSTIVEL_Julho_2026.xlsx
SAO PAULO,FRANCO DA ROCHA,HIBRIDO,1,copy_of_D_Frota_por_UF_Municipio_COMBUSTIVEL_Julho_2026.xlsx
SAO PAULO,FRANCO DA ROCHA,HIBRIDO PLUG-IN,8,copy_of_D_Frota_por_UF_Municipio_COMBUSTIVEL_Julho_2026.xlsx
SAO PAULO,FRANCO DA ROCHA,Sem Informação,1284,copy_of_D_Frota_por_UF_Municipio_COMBUSTIVEL_Julho_2026.xlsx
SAO PAULO,GABRIEL MONTEIRO,ALCOOL,160,copy_of_D_Frota_por_UF_Municipio_COMBUSTIVEL_Julho_2026.xlsx
SAO PAULO,GABRIEL MONTEIRO,ALCOOL/GASOLINA,962,copy_of_D_Frota_por_UF_Municipio_COMBUSTIVEL_Julho_2026.xlsx
SAO PAULO,GABRIEL MONTEIRO,DIESEL,280,copy_of_D_Frota_por_UF_Municipio_COMBUSTIVEL_Julho_2026.xlsx
SAO PAULO,GABRIEL MONTEIRO,ELETRICO/FONTE EXTERNA,5,copy_of_D_Frota_por_UF_Municipio_COMBUSTIVEL_Julho_2026.xlsx
SAO PAULO,GABRIEL MONTEIRO,GASOLINA,710,copy_of_D_Frota_por_UF_Municipio_COMBUSTIVEL_Julho_2026.xlsx
SAO PAULO,GABRIEL MONTEIRO,GASOLINA/ALCOOL/ELETRICO,2,copy_of_D_Frota_por_UF_Municipio_COMBUSTIVEL_Julho_2026.xlsx
SAO PAULO,GABRIEL MONTEIRO,GASOLINA/GAS NATURAL VEICULAR,2,copy_of_D_Frota_por_UF_Municipio_COMBUSTIVEL_Julho_2026.xlsx
SAO PAULO,GABRIEL MONTEIRO,Sem Informação,116,copy_of_D_Frota_por_UF_Municipio_COMBUSTIVEL_Julho_2026.xlsx
SAO PAULO,GALIA,ALCOOL,387,copy_of_D_Frota_por_UF_Municipio_COMBUSTIVEL_Julho_2026.xlsx
SAO PAULO,GALIA,ALCOOL/GASOLINA,1677,copy_of_D_Frota_por_UF_Municipio_COMBUSTIVEL_Julho_2026.xlsx
SAO PAULO,GALIA,DIESEL,440,copy_of_D_Frota_por_UF_Municipio_COMBUSTIVEL_Julho_2026.xlsx
SAO PAULO,GALIA,ELETRICO/FONTE EXTERNA,2,copy_of_D_Frota_por_UF_Municipio_COMBUSTIVEL_Julho_2026.xlsx
SAO PAULO,GALIA,GASOLINA,1807,copy_of_D_Frota_por_UF_Municipio_COMBUSTIVEL_Julho_2026.xlsx
SAO PAULO,GALIA,GASOLINA/ALCOOL/ELETRICO,5,copy_of_D_Frota_por_UF_Municipio_COMBUSTIVEL_Julho_2026.xlsx
SAO PAULO,GALIA,GASOLINA/ELETRICO,3,copy_of_D_Frota_por_UF_Municipio_COMBUSTIVEL_Julho_2026.xlsx
SAO PAULO,GALIA,HIBRIDO PLUG-IN,1,copy_of_D_Frota_por_UF_Municipio_COMBUSTIVEL_Julho_2026.xlsx
SAO PAULO,GALIA,Sem Informação,220,copy_of_D_Frota_por_UF_Municipio_COMBUSTIVEL_Julho_2026.xlsx
SAO PAULO,GARCA,ALCOOL,2161,copy_of_D_Frota_por_UF_Municipio_COMBUSTIVEL_Julho_2026.xlsx
SAO PAULO,GARCA,ALCOOL/GAS NATURAL COMBUSTIVEL,1,copy_of_D_Frota_por_UF_Municipio_COMBUSTIVEL_Julho_2026.xlsx
SAO PAULO,GARCA,ALCOOL/GASOLINA,13324,copy_of_D_Frota_por_UF_Municipio_COMBUSTIVEL_Julho_2026.xlsx
SAO PAULO,GARCA,DIESEL,2079,copy_of_D_Frota_por_UF_Municipio_COMBUSTIVEL_Julho_2026.xlsx
SAO PAULO,GARCA,DIESEL/ELETRICO,3,copy_of_D_Frota_por_UF_Municipio_COMBUSTIVEL_Julho_2026.xlsx
SAO PAULO,GARCA,ELETRICO,1,copy_of_D_Frota_por_UF_Municipio_COMBUSTIVEL_Julho_2026.xlsx
SAO PAULO,GARCA,ELETRICO/FONTE EXTERNA,27,copy_of_D_Frota_por_UF_Municipio_COMBUSTIVEL_Julho_2026.xlsx
SAO PAULO,GARCA,ELETRICO/FONTE INTERNA,9,copy_of_D_Frota_por_UF_Municipio_COMBUSTIVEL_Julho_2026.xlsx
SAO PAULO,GARCA,GAS METANO,1,copy_of_D_Frota_por_UF_Municipio_COMBUSTIVEL_Julho_2026.xlsx
SAO PAULO,GARCA,GASOLINA,16002,copy_of_D_Frota_por_UF_Municipio_COMBUSTIVEL_Julho_2026.xlsx
SAO PAULO,GARCA,GASOLINA/ALCOOL/ELETRICO,41,copy_of_D_Frota_por_UF_Municipio_COMBUSTIVEL_Julho_2026.xlsx
SAO PAULO,GARCA,GASOLINA/ALCOOL/GAS NATURAL,10,copy_of_D_Frota_por_UF_Municipio_COMBUSTIVEL_Julho_2026.xlsx
SAO PAULO,GARCA,GASOLINA/ELETRICO,77,copy_of_D_Frota_por_UF_Municipio_COMBUSTIVEL_Julho_2026.xlsx
SAO PAULO,GARCA,GASOLINA/GAS NATURAL VEICULAR,9,copy_of_D_Frota_por_UF_Municipio_COMBUSTIVEL_Julho_2026.xlsx
SAO PAULO,GARCA,HIBRIDO,13,copy_of_D_Frota_por_UF_Municipio_COMBUSTIVEL_Julho_2026.xlsx
SAO PAULO,GARCA,HIBRIDO PLUG-IN,14,copy_of_D_Frota_por_UF_Municipio_COMBUSTIVEL_Julho_2026.xlsx
SAO PAULO,GARCA,Sem Informação,1019,copy_of_D_Frota_por_UF_Municipio_COMBUSTIVEL_Julho_2026.xlsx
SAO PAULO,GASTAO VIDIGAL,ALCOOL,341,copy_of_D_Frota_por_UF_Municipio_COMBUSTIVEL_Julho_2026.xlsx
SAO PAULO,GASTAO VIDIGAL,ALCOOL/GASOLINA,1037,copy_of_D_Frota_por_UF_Municipio_COMBUSTIVEL_Julho_2026.xlsx
SAO PAULO,GASTAO VIDIGAL,DIESEL,273,copy_of_D_Frota_por_UF_Municipio_COMBUSTIVEL_Julho_2026.xlsx
SAO PAULO,GASTAO VIDIGAL,ELETRICO/FONTE EXTERNA,1,copy_of_D_Frota_por_UF_Municipio_COMBUSTIVEL_Julho_2026.xlsx
SAO PAULO,GASTAO VIDIGAL,GASOLINA,1063,copy_of_D_Frota_por_UF_Municipio_COMBUSTIVEL_Julho_2026.xlsx
SAO PAULO,GASTAO VIDIGAL,GASOLINA/ALCOOL/ELETRICO,1,copy_of_D_Frota_por_UF_Municipio_COMBUSTIVEL_Julho_2026.xlsx
SAO PAULO,GASTAO VIDIGAL,GASOLINA/ELETRICO,1,copy_of_D_Frota_por_UF_Municipio_COMBUSTIVEL_Julho_2026.xlsx
SAO PAULO,GASTAO VIDIGAL,Sem Informação,122,copy_of_D_Frota_por_UF_Municipio_COMBUSTIVEL_Julho_2026.xlsx
SAO PAULO,GAVIAO PEIXOTO,ALCOOL,225,copy_of_D_Frota_por_UF_Municipio_COMBUSTIVEL_Julho_2026.xlsx
SAO PAULO,GAVIAO PEIXOTO,ALCOOL/GASOLINA,1261,copy_of_D_Frota_por_UF_Municipio_COMBUSTIVEL_Julho_2026.xlsx
SAO PAULO,GAVIAO PEIXOTO,DIESEL,435,copy_of_D_Frota_por_UF_Municipio_COMBUSTIVEL_Julho_2026.xlsx
SAO PAULO,GAVIAO PEIXOTO,GASOLINA,962,copy_of_D_Frota_por_UF_Municipio_COMBUSTIVEL_Julho_2026.xlsx
SAO PAULO,GAVIAO PEIXOTO,GASOLINA/ALCOOL/GAS NATURAL,1,copy_of_D_Frota_por_UF_Municipio_COMBUSTIVEL_Julho_2026.xlsx
SAO PAULO,GAVIAO PEIXOTO,GASOLINA/ELETRICO,1,copy_of_D_Frota_por_UF_Municipio_COMBUSTIVEL_Julho_2026.xlsx
SAO PAULO,GAVIAO PEIXOTO,GASOLINA/GAS NATURAL VEICULAR,5,copy_of_D_Frota_por_UF_Municipio_COMBUSTIVEL_Julho_2026.xlsx
SAO PAULO,GAVIAO PEIXOTO,Sem Informação,166,copy_of_D_Frota_por_UF_Municipio_COMBUSTIVEL_Julho_2026.xlsx
SAO PAULO,GENERAL SALGADO,ALCOOL,992,copy_of_D_Frota_por_UF_Municipio_COMBUSTIVEL_Julho_2026.xlsx
SAO PAULO,GENERAL SALGADO,ALCOOL/GASOLINA,3175,copy_of_D_Frota_por_UF_Municipio_COMBUSTIVEL_Julho_2026.xlsx
SAO PAULO,GENERAL SALGADO,DIESEL,997,copy_of_D_Frota_por_UF_Municipio_COMBUSTIVEL_Julho_2026.xlsx
SAO PAULO,GENERAL SALGADO,DIESEL/ELETRICO,1,copy_of_D_Frota_por_UF_Municipio_COMBUSTIVEL_Julho_2026.xlsx
SAO PAULO,GENERAL SALGADO,ELETRICO/FONTE EXTERNA,2,copy_of_D_Frota_por_UF_Municipio_COMBUSTIVEL_Julho_2026.xlsx
SAO PAULO,GENERAL SALGADO,GASOLINA,3133,copy_of_D_Frota_por_UF_Municipio_COMBUSTIVEL_Julho_2026.xlsx
SAO PAULO,GENERAL SALGADO,GASOLINA/ALCOOL/ELETRICO,11,copy_of_D_Frota_por_UF_Municipio_COMBUSTIVEL_Julho_2026.xlsx
SAO PAULO,GENERAL SALGADO,GASOLINA/ALCOOL/GAS NATURAL,1,copy_of_D_Frota_por_UF_Municipio_COMBUSTIVEL_Julho_2026.xlsx
SAO PAULO,GENERAL SALGADO,GASOLINA/ELETRICO,1,copy_of_D_Frota_por_UF_Municipio_COMBUSTIVEL_Julho_2026.xlsx
SAO PAULO,GENERAL SALGADO,Sem Informação,679,copy_of_D_Frota_por_UF_Municipio_COMBUSTIVEL_Julho_2026.xlsx
SAO PAULO,GETULINA,ALCOOL,521,copy_of_D_Frota_por_UF_Municipio_COMBUSTIVEL_Julho_2026.xlsx
SAO PAULO,GETULINA,ALCOOL/GASOLINA,2197,copy_of_D_Frota_por_UF_Municipio_COMBUSTIVEL_Julho_2026.xlsx
SAO PAULO,GETULINA,DIESEL,484,copy_of_D_Frota_por_UF_Municipio_COMBUSTIVEL_Julho_2026.xlsx
SAO PAULO,GETULINA,ELETRICO/FONTE EXTERNA,4,copy_of_D_Frota_por_UF_Municipio_COMBUSTIVEL_Julho_2026.xlsx
SAO PAULO,GETULINA,GASOLINA,2379,copy_of_D_Frota_por_UF_Municipio_COMBUSTIVEL_Julho_2026.xlsx
SAO PAULO,GETULINA,GASOLINA/ALCOOL/ELETRICO,6,copy_of_D_Frota_por_UF_Municipio_COMBUSTIVEL_Julho_2026.xlsx
SAO PAULO,GETULINA,GASOLINA/ELETRICO,2,copy_of_D_Frota_por_UF_Municipio_COMBUSTIVEL_Julho_2026.xlsx
SAO PAULO,GETULINA,GASOLINA/GAS NATURAL VEICULAR,2,copy_of_D_Frota_por_UF_Municipio_COMBUSTIVEL_Julho_2026.xlsx
SAO PAULO,GETULINA,HIBRIDO,1,copy_of_D_Frota_por_UF_Municipio_COMBUSTIVEL_Julho_2026.xlsx
SAO PAULO,GETULINA,HIBRIDO PLUG-IN,2,copy_of_D_Frota_por_UF_Municipio_COMBUSTIVEL_Julho_2026.xlsx
SAO PAULO,GETULINA,Sem Informação,224,copy_of_D_Frota_por_UF_Municipio_COMBUSTIVEL_Julho_2026.xlsx
SAO PAULO,GLICERIO,ALCOOL,242,copy_of_D_Frota_por_UF_Municipio_COMBUSTIVEL_Julho_2026.xlsx
SAO PAULO,GLICERIO,ALCOOL/GASOLINA,1120,copy_of_D_Frota_por_UF_Municipio_COMBUSTIVEL_Julho_2026.xlsx
SAO PAULO,GLICERIO,DIESEL,369,copy_of_D_Frota_por_UF_Municipio_COMBUSTIVEL_Julho_2026.xlsx
SAO PAULO,GLICERIO,ELETRICO/FONTE EXTERNA,2,copy_of_D_Frota_por_UF_Municipio_COMBUSTIVEL_Julho_2026.xlsx
SAO PAULO,GLICERIO,GASOLINA,1067,copy_of_D_Frota_por_UF_Municipio_COMBUSTIVEL_Julho_2026.xlsx
SAO PAULO,GLICERIO,GASOLINA/ALCOOL/ELETRICO,2,copy_of_D_Frota_por_UF_Municipio_COMBUSTIVEL_Julho_2026.xlsx
SAO PAULO,GLICERIO,GASOLINA/ELETRICO,2,copy_of_D_Frota_por_UF_Municipio_COMBUSTIVEL_Julho_2026.xlsx
SAO PAULO,GLICERIO,GASOLINA/GAS NATURAL VEICULAR,1,copy_of_D_Frota_por_UF_Municipio_COMBUSTIVEL_Julho_2026.xlsx
SAO PAULO,GLICERIO,Sem Informação,157,copy_of_D_Frota_por_UF_Municipio_COMBUSTIVEL_Julho_2026.xlsx
SAO PAULO,GUAICARA,ALCOOL,556,copy_of_D_Frota_por_UF_Municipio_COMBUSTIVEL_Julho_2026.xlsx
SAO PAULO,GUAICARA,ALCOOL/GAS NATURAL VEICULAR,1,copy_of_D_Frota_por_UF_Municipio_COMBUSTIVEL_Julho_2026.xlsx
SAO PAULO,GUAICARA,ALCOOL/GASOLINA,3014,copy_of_D_Frota_por_UF_Municipio_COMBUSTIVEL_Julho_2026.xlsx
SAO PAULO,GUAICARA,DIESEL,428,copy_of_D_Frota_por_UF_Municipio_COMBUSTIVEL_Julho_2026.xlsx
SAO PAULO,GUAICARA,ELETRICO/FONTE EXTERNA,8,copy_of_D_Frota_por_UF_Municipio_COMBUSTIVEL_Julho_2026.xlsx
SAO PAULO,GUAICARA,ELETRICO/FONTE INTERNA,1,copy_of_D_Frota_por_UF_Municipio_COMBUSTIVEL_Julho_2026.xlsx
SAO PAULO,GUAICARA,GASOLINA,2979,copy_of_D_Frota_por_UF_Municipio_COMBUSTIVEL_Julho_2026.xlsx
SAO PAULO,GUAICARA,GASOLINA/ALCOOL/ELETRICO,2,copy_of_D_Frota_por_UF_Municipio_COMBUSTIVEL_Julho_2026.xlsx
SAO PAULO,GUAICARA,GASOLINA/ALCOOL/GAS NATURAL,4,copy_of_D_Frota_por_UF_Municipio_COMBUSTIVEL_Julho_2026.xlsx
SAO PAULO,GUAICARA,GASOLINA/ELETRICO,6,copy_of_D_Frota_por_UF_Municipio_COMBUSTIVEL_Julho_2026.xlsx
SAO PAULO,GUAICARA,GASOLINA/GAS NATURAL VEICULAR,2,copy_of_D_Frota_por_UF_Municipio_COMBUSTIVEL_Julho_2026.xlsx
SAO PAULO,GUAICARA,HIBRIDO PLUG-IN,1,copy_of_D_Frota_por_UF_Municipio_COMBUSTIVEL_Julho_2026.xlsx
SAO PAULO,GUAICARA,Sem Informação,604,copy_of_D_Frota_por_UF_Municipio_COMBUSTIVEL_Julho_2026.xlsx
SAO PAULO,GUAIMBE,ALCOOL,285,copy_of_D_Frota_por_UF_Municipio_COMBUSTIVEL_Julho_2026.xlsx
SAO PAULO,GUAIMBE,ALCOOL/GASOLINA,1146,copy_of_D_Frota_por_UF_Municipio_COMBUSTIVEL_Julho_2026.xlsx
SAO PAULO,GUAIMBE,DIESEL,294,copy_of_D_Frota_por_UF_Municipio_COMBUSTIVEL_Julho_2026.xlsx
SAO PAULO,GUAIMBE,ELETRICO/FONTE EXTERNA,1,copy_of_D_Frota_por_UF_Municipio_COMBUSTIVEL_Julho_2026.xlsx
SAO PAULO,GUAIMBE,GASOLINA,1314,copy_of_D_Frota_por_UF_Municipio_COMBUSTIVEL_Julho_2026.xlsx
SAO PAULO,GUAIMBE,GASOLINA/ALCOOL/ELETRICO,2,copy_of_D_Frota_por_UF_Municipio_COMBUSTIVEL_Julho_2026.xlsx
SAO PAULO,GUAIMBE,GASOLINA/ALCOOL/GAS NATURAL,2,copy_of_D_Frota_por_UF_Municipio_COMBUSTIVEL_Julho_2026.xlsx
SAO PAULO,GUAIMBE,GASOLINA/ELETRICO,1,copy_of_D_Frota_por_UF_Municipio_COMBUSTIVEL_Julho_2026.xlsx
SAO PAULO,GUAIMBE,GASOLINA/GAS NATURAL VEICULAR,1,copy_of_D_Frota_por_UF_Municipio_COMBUSTIVEL_Julho_2026.xlsx
SAO PAULO,GUAIMBE,Sem Informação,98,copy_of_D_Frota_por_UF_Municipio_COMBUSTIVEL_Julho_2026.xlsx
SAO PAULO,GUAIRA,ALCOOL,2300,copy_of_D_Frota_por_UF_Municipio_COMBUSTIVEL_Julho_2026.xlsx
SAO PAULO,GUAIRA,ALCOOL/GASOLINA,13980,copy_of_D_Frota_por_UF_Municipio_COMBUSTIVEL_Julho_2026.xlsx
SAO PAULO,GUAIRA,DIESEL,4081,copy_of_D_Frota_por_UF_Municipio_COMBUSTIVEL_Julho_2026.xlsx
SAO PAULO,GUAIRA,DIESEL/ELETRICO,4,copy_of_D_Frota_por_UF_Municipio_COMBUSTIVEL_Julho_2026.xlsx
SAO PAULO,GUAIRA,ELETRICO,1,copy_of_D_Frota_por_UF_Municipio_COMBUSTIVEL_Julho_2026.xlsx
SAO PAULO,GUAIRA,ELETRICO/FONTE EXTERNA,38,copy_of_D_Frota_por_UF_Municipio_COMBUSTIVEL_Julho_2026.xlsx
SAO PAULO,GUAIRA,ELETRICO/FONTE INTERNA,2,copy_of_D_Frota_por_UF_Municipio_COMBUSTIVEL_Julho_2026.xlsx
SAO PAULO,GUAIRA,GAS NATURAL VEICULAR,9,copy_of_D_Frota_por_UF_Municipio_COMBUSTIVEL_Julho_2026.xlsx
SAO PAULO,GUAIRA,GASOL/GAS NATURAL COMBUSTIVEL,1,copy_of_D_Frota_por_UF_Municipio_COMBUSTIVEL_Julho_2026.xlsx
SAO PAULO,GUAIRA,GASOLINA,12496,copy_of_D_Frota_por_UF_Municipio_COMBUSTIVEL_Julho_2026.xlsx
SAO PAULO,GUAIRA,GASOLINA/ALCOOL/ELETRICO,20,copy_of_D_Frota_por_UF_Municipio_COMBUSTIVEL_Julho_2026.xlsx
SAO PAULO,GUAIRA,GASOLINA/ALCOOL/GAS NATURAL,3,copy_of_D_Frota_por_UF_Municipio_COMBUSTIVEL_Julho_2026.xlsx
SAO PAULO,GUAIRA,GASOLINA/ELETRICO,44,copy_of_D_Frota_por_UF_Municipio_COMBUSTIVEL_Julho_2026.xlsx
SAO PAULO,GUAIRA,GASOLINA/GAS NATURAL VEICULAR,11,copy_of_D_Frota_por_UF_Municipio_COMBUSTIVEL_Julho_2026.xlsx
SAO PAULO,GUAIRA,HIBRIDO,7,copy_of_D_Frota_por_UF_Municipio_COMBUSTIVEL_Julho_2026.xlsx
SAO PAULO,GUAIRA,HIBRIDO PLUG-IN,17,copy_of_D_Frota_por_UF_Municipio_COMBUSTIVEL_Julho_2026.xlsx
SAO PAULO,GUAIRA,Sem Informação,3154,copy_of_D_Frota_por_UF_Municipio_COMBUSTIVEL_Julho_2026.xlsx
SAO PAULO,GUAPIACU,ALCOOL,886,copy_of_D_Frota_por_UF_Municipio_COMBUSTIVEL_Julho_2026.xlsx
SAO PAULO,GUAPIACU,ALCOOL/GAS NATURAL VEICULAR,1,copy_of_D_Frota_por_UF_Municipio_COMBUSTIVEL_Julho_2026.xlsx
SAO PAULO,GUAPIACU,ALCOOL/GASOLINA,7229,copy_of_D_Frota_por_UF_Municipio_COMBUSTIVEL_Julho_2026.xlsx
SAO PAULO,GUAPIACU,DIESEL,1421,copy_of_D_Frota_por_UF_Municipio_COMBUSTIVEL_Julho_2026.xlsx
SAO PAULO,GUAPIACU,ELETRICO/FONTE EXTERNA,14,copy_of_D_Frota_por_UF_Municipio_COMBUSTIVEL_Julho_2026.xlsx
SAO PAULO,GUAPIACU,ELETRICO/FONTE INTERNA,1,copy_of_D_Frota_por_UF_Municipio_COMBUSTIVEL_Julho_2026.xlsx
SAO PAULO,GUAPIACU,GASOLINA,6409,copy_of_D_Frota_por_UF_Municipio_COMBUSTIVEL_Julho_2026.xlsx
SAO PAULO,GUAPIACU,GASOLINA/ALCOOL/ELETRICO,8,copy_of_D_Frota_por_UF_Municipio_COMBUSTIVEL_Julho_2026.xlsx
SAO PAULO,GUAPIACU,GASOLINA/ALCOOL/GAS NATURAL,2,copy_of_D_Frota_por_UF_Municipio_COMBUSTIVEL_Julho_2026.xlsx
SAO PAULO,GUAPIACU,GASOLINA/ELETRICO,18,copy_of_D_Frota_por_UF_Municipio_COMBUSTIVEL_Julho_2026.xlsx
SAO PAULO,GUAPIACU,GASOLINA/GAS NATURAL VEICULAR,3,copy_of_D_Frota_por_UF_Municipio_COMBUSTIVEL_Julho_2026.xlsx
SAO PAULO,GUAPIACU,HIBRIDO,2,copy_of_D_Frota_por_UF_Municipio_COMBUSTIVEL_Julho_2026.xlsx
SAO PAULO,GUAPIACU,HIBRIDO PLUG-IN,9,copy_of_D_Frota_por_UF_Municipio_COMBUSTIVEL_Julho_2026.xlsx
SAO PAULO,GUAPIACU,Sem Informação,718,copy_of_D_Frota_por_UF_Municipio_COMBUSTIVEL_Julho_2026.xlsx
SAO PAULO,GUAPIARA,ALCOOL,526,copy_of_D_Frota_por_UF_Municipio_COMBUSTIVEL_Julho_2026.xlsx
SAO PAULO,GUAPIARA,ALCOOL/GASOLINA,3825,copy_of_D_Frota_por_UF_Municipio_COMBUSTIVEL_Julho_2026.xlsx
SAO PAULO,GUAPIARA,DIESEL,884,copy_of_D_Frota_por_UF_Municipio_COMBUSTIVEL_Julho_2026.xlsx
SAO PAULO,GUAPIARA,DIESEL/ELETRICO,1,copy_of_D_Frota_por_UF_Municipio_COMBUSTIVEL_Julho_2026.xlsx
SAO PAULO,GUAPIARA,GASOLINA,4270,copy_of_D_Frota_por_UF_Municipio_COMBUSTIVEL_Julho_2026.xlsx
SAO PAULO,GUAPIARA,GASOLINA/ALCOOL/ELETRICO,1,copy_of_D_Frota_por_UF_Municipio_COMBUSTIVEL_Julho_2026.xlsx
SAO PAULO,GUAPIARA,GASOLINA/ALCOOL/GAS NATURAL,3,copy_of_D_Frota_por_UF_Municipio_COMBUSTIVEL_Julho_2026.xlsx
SAO PAULO,GUAPIARA,GASOLINA/ELETRICO,6,copy_of_D_Frota_por_UF_Municipio_COMBUSTIVEL_Julho_2026.xlsx
SAO PAULO,GUAPIARA,GASOLINA/GAS NATURAL VEICULAR,6,copy_of_D_Frota_por_UF_Municipio_COMBUSTIVEL_Julho_2026.xlsx
SAO PAULO,GUAPIARA,HIBRIDO,1,copy_of_D_Frota_por_UF_Municipio_COMBUSTIVEL_Julho_2026.xlsx
SAO PAULO,GUAPIARA,Sem Informação,230,copy_of_D_Frota_por_UF_Municipio_COMBUSTIVEL_Julho_2026.xlsx
SAO PAULO,GUARA,ALCOOL,1188,copy_of_D_Frota_por_UF_Municipio_COMBUSTIVEL_Julho_2026.xlsx
SAO PAULO,GUARA,ALCOOL/GAS NATURAL VEICULAR,2,copy_of_D_Frota_por_UF_Municipio_COMBUSTIVEL_Julho_2026.xlsx
SAO PAULO,GUARA,ALCOOL/GASOLINA,5140,copy_of_D_Frota_por_UF_Municipio_COMBUSTIVEL_Julho_2026.xlsx
SAO PAULO,GUARA,DIESEL,1193,copy_of_D_Frota_por_UF_Municipio_COMBUSTIVEL_Julho_2026.xlsx
SAO PAULO,GUARA,DIESEL/ELETRICO,1,copy_of_D_Frota_por_UF_Municipio_COMBUSTIVEL_Julho_2026.xlsx
SAO PAULO,GUARA,ELETRICO,1,copy_of_D_Frota_por_UF_Municipio_COMBUSTIVEL_Julho_2026.xlsx
SAO PAULO,GUARA,ELETRICO/FONTE EXTERNA,2,copy_of_D_Frota_por_UF_Municipio_COMBUSTIVEL_Julho_2026.xlsx
SAO PAULO,GUARA,ELETRICO/FONTE INTERNA,1,copy_of_D_Frota_por_UF_Municipio_COMBUSTIVEL_Julho_2026.xlsx
SAO PAULO,GUARA,GASOLINA,4527,copy_of_D_Frota_por_UF_Municipio_COMBUSTIVEL_Julho_2026.xlsx
SAO PAULO,GUARA,GASOLINA/ALCOOL/ELETRICO,11,copy_of_D_Frota_por_UF_Municipio_COMBUSTIVEL_Julho_2026.xlsx
SAO PAULO,GUARA,GASOLINA/ALCOOL/GAS NATURAL,2,copy_of_D_Frota_por_UF_Municipio_COMBUSTIVEL_Julho_2026.xlsx
SAO PAULO,GUARA,GASOLINA/ELETRICO,5,copy_of_D_Frota_por_UF_Municipio_COMBUSTIVEL_Julho_2026.xlsx
SAO PAULO,GUARA,GASOLINA/GAS NATURAL VEICULAR,1,copy_of_D_Frota_por_UF_Municipio_COMBUSTIVEL_Julho_2026.xlsx
SAO PAULO,GUARA,HIBRIDO,3,copy_of_D_Frota_por_UF_Municipio_COMBUSTIVEL_Julho_2026.xlsx
SAO PAULO,GUARA,Sem Informação,644,copy_of_D_Frota_por_UF_Municipio_COMBUSTIVEL_Julho_2026.xlsx
SAO PAULO,GUARACAI,ALCOOL,581,copy_of_D_Frota_por_UF_Municipio_COMBUSTIVEL_Julho_2026.xlsx
SAO PAULO,GUARACAI,ALCOOL/GASOLINA,2433,copy_of_D_Frota_por_UF_Municipio_COMBUSTIVEL_Julho_2026.xlsx
SAO PAULO,GUARACAI,DIESEL,715,copy_of_D_Frota_por_UF_Municipio_COMBUSTIVEL_Julho_2026.xlsx
SAO PAULO,GUARACAI,GASOLINA,2494,copy_of_D_Frota_por_UF_Municipio_COMBUSTIVEL_Julho_2026.xlsx
SAO PAULO,GUARACAI,GASOLINA/ALCOOL/ELETRICO,3,copy_of_D_Frota_por_UF_Municipio_COMBUSTIVEL_Julho_2026.xlsx
SAO PAULO,GUARACAI,GASOLINA/ELETRICO,3,copy_of_D_Frota_por_UF_Municipio_COMBUSTIVEL_Julho_2026.xlsx
SAO PAULO,GUARACAI,GASOLINA/GAS NATURAL VEICULAR,4,copy_of_D_Frota_por_UF_Municipio_COMBUSTIVEL_Julho_2026.xlsx
SAO PAULO,GUARACAI,HIBRIDO PLUG-IN,2,copy_of_D_Frota_por_UF_Municipio_COMBUSTIVEL_Julho_2026.xlsx
SAO PAULO,GUARACAI,Sem Informação,296,copy_of_D_Frota_por_UF_Municipio_COMBUSTIVEL_Julho_2026.xlsx
SAO PAULO,GUARACI,ALCOOL,559,copy_of_D_Frota_por_UF_Municipio_COMBUSTIVEL_Julho_2026.xlsx
SAO PAULO,GUARACI,ALCOOL/GASOLINA,3021,copy_of_D_Frota_por_UF_Municipio_COMBUSTIVEL_Julho_2026.xlsx
SAO PAULO,GUARACI,DIESEL,703,copy_of_D_Frota_por_UF_Municipio_COMBUSTIVEL_Julho_2026.xlsx
SAO PAULO,GUARACI,DIESEL/ELETRICO,1,copy_of_D_Frota_por_UF_Municipio_COMBUSTIVEL_Julho_2026.xlsx
SAO PAULO,GUARACI,ELETRICO/FONTE EXTERNA,4,copy_of_D_Frota_por_UF_Municipio_COMBUSTIVEL_Julho_2026.xlsx
SAO PAULO,GUARACI,GASOLINA,2733,copy_of_D_Frota_por_UF_Municipio_COMBUSTIVEL_Julho_2026.xlsx
SAO PAULO,GUARACI,GASOLINA/ELETRICO,4,copy_of_D_Frota_por_UF_Municipio_COMBUSTIVEL_Julho_2026.xlsx
SAO PAULO,GUARACI,HIBRIDO,2,copy_of_D_Frota_por_UF_Municipio_COMBUSTIVEL_Julho_2026.xlsx
SAO PAULO,GUARACI,Sem Informação,659,copy_of_D_Frota_por_UF_Municipio_COMBUSTIVEL_Julho_2026.xlsx
SAO PAULO,GUARANI D'OESTE,ALCOOL,151,copy_of_D_Frota_por_UF_Municipio_COMBUSTIVEL_Julho_2026.xlsx
SAO PAULO,GUARANI D'OESTE,ALCOOL/GASOLINA,499,copy_of_D_Frota_por_UF_Municipio_COMBUSTIVEL_Julho_2026.xlsx
SAO PAULO,GUARANI D'OESTE,DIESEL,149,copy_of_D_Frota_por_UF_Municipio_COMBUSTIVEL_Julho_2026.xlsx
SAO PAULO,GUARANI D'OESTE,ELETRICO/FONTE EXTERNA,1,copy_of_D_Frota_por_UF_Municipio_COMBUSTIVEL_Julho_2026.xlsx
SAO PAULO,GUARANI D'OESTE,GASOLINA,603,copy_of_D_Frota_por_UF_Municipio_COMBUSTIVEL_Julho_2026.xlsx
SAO PAULO,GUARANI D'OESTE,GASOLINA/ALCOOL/ELETRICO,1,copy_of_D_Frota_por_UF_Municipio_COMBUSTIVEL_Julho_2026.xlsx
SAO PAULO,GUARANI D'OESTE,Sem Informação,118,copy_of_D_Frota_por_UF_Municipio_COMBUSTIVEL_Julho_2026.xlsx
SAO PAULO,GUARANTA,ALCOOL,324,copy_of_D_Frota_por_UF_Municipio_COMBUSTIVEL_Julho_2026.xlsx
SAO PAULO,GUARANTA,ALCOOL/GASOLINA,1611,copy_of_D_Frota_por_UF_Municipio_COMBUSTIVEL_Julho_2026.xlsx
SAO PAULO,GUARANTA,DIESEL,320,copy_of_D_Frota_por_UF_Municipio_COMBUSTIVEL_Julho_2026.xlsx
SAO PAULO,GUARANTA,DIESEL/ELETRICO,1,copy_of_D_Frota_por_UF_Municipio_COMBUSTIVEL_Julho_2026.xlsx
SAO PAULO,GUARANTA,ELETRICO/FONTE EXTERNA,1,copy_of_D_Frota_por_UF_Municipio_COMBUSTIVEL_Julho_2026.xlsx
SAO PAULO,GUARANTA,GASOLINA,1622,copy_of_D_Frota_por_UF_Municipio_COMBUSTIVEL_Julho_2026.xlsx
SAO PAULO,GUARANTA,GASOLINA/ALCOOL/ELETRICO,3,copy_of_D_Frota_por_UF_Municipio_COMBUSTIVEL_Julho_2026.xlsx
SAO PAULO,GUARANTA,GASOLINA/ELETRICO,4,copy_of_D_Frota_por_UF_Municipio_COMBUSTIVEL_Julho_2026.xlsx
SAO PAULO,GUARANTA,GASOLINA/GAS NATURAL VEICULAR,2,copy_of_D_Frota_por_UF_Municipio_COMBUSTIVEL_Julho_2026.xlsx
SAO PAULO,GUARANTA,HIBRIDO PLUG-IN,2,copy_of_D_Frota_por_UF_Municipio_COMBUSTIVEL_Julho_2026.xlsx
SAO PAULO,GUARANTA,Sem Informação,336,copy_of_D_Frota_por_UF_Municipio_COMBUSTIVEL_Julho_2026.xlsx
SAO PAULO,GUARARAPES,ALCOOL,1902,copy_of_D_Frota_por_UF_Municipio_COMBUSTIVEL_Julho_2026.xlsx
SAO PAULO,GUARARAPES,ALCOOL/GAS NATURAL COMBUSTIVEL,1,copy_of_D_Frota_por_UF_Municipio_COMBUSTIVEL_Julho_2026.xlsx
SAO PAULO,GUARARAPES,ALCOOL/GAS NATURAL VEICULAR,1,copy_of_D_Frota_por_UF_Municipio_COMBUSTIVEL_Julho_2026.xlsx
SAO PAULO,GUARARAPES,ALCOOL/GASOLINA,10421,copy_of_D_Frota_por_UF_Municipio_COMBUSTIVEL_Julho_2026.xlsx
SAO PAULO,GUARARAPES,DIESEL,2293,copy_of_D_Frota_por_UF_Municipio_COMBUSTIVEL_Julho_2026.xlsx
SAO PAULO,GUARARAPES,DIESEL/ELETRICO,4,copy_of_D_Frota_por_UF_Municipio_COMBUSTIVEL_Julho_2026.xlsx
SAO PAULO,GUARARAPES,ELETRICO,1,copy_of_D_Frota_por_UF_Municipio_COMBUSTIVEL_Julho_2026.xlsx
SAO PAULO,GUARARAPES,ELETRICO/FONTE EXTERNA,12,copy_of_D_Frota_por_UF_Municipio_COMBUSTIVEL_Julho_2026.xlsx
SAO PAULO,GUARARAPES,ELETRICO/FONTE INTERNA,1,copy_of_D_Frota_por_UF_Municipio_COMBUSTIVEL_Julho_2026.xlsx
SAO PAULO,GUARARAPES,GAS METANO,1,copy_of_D_Frota_por_UF_Municipio_COMBUSTIVEL_Julho_2026.xlsx
SAO PAULO,GUARARAPES,GASOLINA,10596,copy_of_D_Frota_por_UF_Municipio_COMBUSTIVEL_Julho_2026.xlsx
SAO PAULO,GUARARAPES,GASOLINA/ALCOOL/ELETRICO,24,copy_of_D_Frota_por_UF_Municipio_COMBUSTIVEL_Julho_2026.xlsx
SAO PAULO,GUARARAPES,GASOLINA/ALCOOL/GAS NATURAL,3,copy_of_D_Frota_por_UF_Municipio_COMBUSTIVEL_Julho_2026.xlsx
SAO PAULO,GUARARAPES,GASOLINA/ELETRICO,27,copy_of_D_Frota_por_UF_Municipio_COMBUSTIVEL_Julho_2026.xlsx
SAO PAULO,GUARARAPES,GASOLINA/GAS NATURAL VEICULAR,14,copy_of_D_Frota_por_UF_Municipio_COMBUSTIVEL_Julho_2026.xlsx
SAO PAULO,GUARARAPES,HIBRIDO,10,copy_of_D_Frota_por_UF_Municipio_COMBUSTIVEL_Julho_2026.xlsx
SAO PAULO,GUARARAPES,HIBRIDO PLUG-IN,4,copy_of_D_Frota_por_UF_Municipio_COMBUSTIVEL_Julho_2026.xlsx
SAO PAULO,GUARARAPES,Sem Informação,1753,copy_of_D_Frota_por_UF_Municipio_COMBUSTIVEL_Julho_2026.xlsx
SAO PAULO,GUARAREMA,ALCOOL,1016,copy_of_D_Frota_por_UF_Municipio_COMBUSTIVEL_Julho_2026.xlsx
SAO PAULO,GUARAREMA,ALCOOL/GAS NATURAL VEICULAR,16,copy_of_D_Frota_por_UF_Municipio_COMBUSTIVEL_Julho_2026.xlsx
SAO PAULO,GUARAREMA,ALCOOL/GASOLINA,10124,copy_of_D_Frota_por_UF_Municipio_COMBUSTIVEL_Julho_2026.xlsx
SAO PAULO,GUARAREMA,DIESEL,1845,copy_of_D_Frota_por_UF_Municipio_COMBUSTIVEL_Julho_2026.xlsx
SAO PAULO,GUARAREMA,ELETRICO,10,copy_of_D_Frota_por_UF_Municipio_COMBUSTIVEL_Julho_2026.xlsx
SAO PAULO,GUARAREMA,ELETRICO/FONTE EXTERNA,62,copy_of_D_Frota_por_UF_Municipio_COMBUSTIVEL_Julho_2026.xlsx
SAO PAULO,GUARAREMA,ELETRICO/FONTE INTERNA,5,copy_of_D_Frota_por_UF_Municipio_COMBUSTIVEL_Julho_2026.xlsx
SAO PAULO,GUARAREMA,GASOL/GAS NATURAL COMBUSTIVEL,3,copy_of_D_Frota_por_UF_Municipio_COMBUSTIVEL_Julho_2026.xlsx
SAO PAULO,GUARAREMA,GASOLINA,9781,copy_of_D_Frota_por_UF_Municipio_COMBUSTIVEL_Julho_2026.xlsx
SAO PAULO,GUARAREMA,GASOLINA/ALCOOL/ELETRICO,37,copy_of_D_Frota_por_UF_Municipio_COMBUSTIVEL_Julho_2026.xlsx
SAO PAULO,GUARAREMA,GASOLINA/ALCOOL/GAS NATURAL,27,copy_of_D_Frota_por_UF_Municipio_COMBUSTIVEL_Julho_2026.xlsx
SAO PAULO,GUARAREMA,GASOLINA/ELETRICO,43,copy_of_D_Frota_por_UF_Municipio_COMBUSTIVEL_Julho_2026.xlsx
SAO PAULO,GUARAREMA,GASOLINA/GAS NATURAL VEICULAR,195,copy_of_D_Frota_por_UF_Municipio_COMBUSTIVEL_Julho_2026.xlsx
SAO PAULO,GUARAREMA,HIBRIDO,3,copy_of_D_Frota_por_UF_Municipio_COMBUSTIVEL_Julho_2026.xlsx
SAO PAULO,GUARAREMA,HIBRIDO PLUG-IN,22,copy_of_D_Frota_por_UF_Municipio_COMBUSTIVEL_Julho_2026.xlsx
SAO PAULO,GUARAREMA,Sem Informação,956,copy_of_D_Frota_por_UF_Municipio_COMBUSTIVEL_Julho_2026.xlsx
SAO PAULO,GUARATINGUETA,ALCOOL,3426,copy_of_D_Frota_por_UF_Municipio_COMBUSTIVEL_Julho_2026.xlsx
SAO PAULO,GUARATINGUETA,ALCOOL/GAS NATURAL COMBUSTIVEL,3,copy_of_D_Frota_por_UF_Municipio_COMBUSTIVEL_Julho_2026.xlsx
SAO PAULO,GUARATINGUETA,ALCOOL/GAS NATURAL VEICULAR,39,copy_of_D_Frota_por_UF_Municipio_COMBUSTIVEL_Julho_2026.xlsx
SAO PAULO,GUARATINGUETA,ALCOOL/GASOLINA,39352,copy_of_D_Frota_por_UF_Municipio_COMBUSTIVEL_Julho_2026.xlsx
SAO PAULO,GUARATINGUETA,DIESEL,4602,copy_of_D_Frota_por_UF_Municipio_COMBUSTIVEL_Julho_2026.xlsx
SAO PAULO,GUARATINGUETA,DIESEL/ELETRICO,4,copy_of_D_Frota_por_UF_Municipio_COMBUSTIVEL_Julho_2026.xlsx
SAO PAULO,GUARATINGUETA,ELETRICO,5,copy_of_D_Frota_por_UF_Municipio_COMBUSTIVEL_Julho_2026.xlsx
SAO PAULO,GUARATINGUETA,ELETRICO/FONTE EXTERNA,71,copy_of_D_Frota_por_UF_Municipio_COMBUSTIVEL_Julho_2026.xlsx
SAO PAULO,GUARATINGUETA,ELETRICO/FONTE INTERNA,11,copy_of_D_Frota_por_UF_Municipio_COMBUSTIVEL_Julho_2026.xlsx
SAO PAULO,GUARATINGUETA,GAS METANO,2,copy_of_D_Frota_por_UF_Municipio_COMBUSTIVEL_Julho_2026.xlsx
SAO PAULO,GUARATINGUETA,GASOL/GAS NATURAL COMBUSTIVEL,19,copy_of_D_Frota_por_UF_Municipio_COMBUSTIVEL_Julho_2026.xlsx
SAO PAULO,GUARATINGUETA,GASOLINA,36475,copy_of_D_Frota_por_UF_Municipio_COMBUSTIVEL_Julho_2026.xlsx
SAO PAULO,GUARATINGUETA,GASOLINA/ALCOOL/ELETRICO,85,copy_of_D_Frota_por_UF_Municipio_COMBUSTIVEL_Julho_2026.xlsx
SAO PAULO,GUARATINGUETA,GASOLINA/ALCOOL/GAS NATURAL,147,copy_of_D_Frota_por_UF_Municipio_COMBUSTIVEL_Julho_2026.xlsx
SAO PAULO,GUARATINGUETA,GASOLINA/ELETRICO,113,copy_of_D_Frota_por_UF_Municipio_COMBUSTIVEL_Julho_2026.xlsx
SAO PAULO,GUARATINGUETA,GASOLINA/GAS NATURAL VEICULAR,721,copy_of_D_Frota_por_UF_Municipio_COMBUSTIVEL_Julho_2026.xlsx
SAO PAULO,GUARATINGUETA,HIBRIDO,19,copy_of_D_Frota_por_UF_Municipio_COMBUSTIVEL_Julho_2026.xlsx
SAO PAULO,GUARATINGUETA,HIBRIDO PLUG-IN,32,copy_of_D_Frota_por_UF_Municipio_COMBUSTIVEL_Julho_2026.xlsx
SAO PAULO,GUARATINGUETA,Sem Informação,1519,copy_of_D_Frota_por_UF_Municipio_COMBUSTIVEL_Julho_2026.xlsx
SAO PAULO,GUAREI,ALCOOL,381,copy_of_D_Frota_por_UF_Municipio_COMBUSTIVEL_Julho_2026.xlsx
SAO PAULO,GUAREI,ALCOOL/GASOLINA,3525,copy_of_D_Frota_por_UF_Municipio_COMBUSTIVEL_Julho_2026.xlsx
SAO PAULO,GUAREI,DIESEL,898,copy_of_D_Frota_por_UF_Municipio_COMBUSTIVEL_Julho_2026.xlsx
SAO PAULO,GUAREI,ELETRICO/FONTE EXTERNA,4,copy_of_D_Frota_por_UF_Municipio_COMBUSTIVEL_Julho_2026.xlsx
SAO PAULO,GUAREI,GASOLINA,3628,copy_of_D_Frota_por_UF_Municipio_COMBUSTIVEL_Julho_2026.xlsx
SAO PAULO,GUAREI,GASOLINA/ALCOOL/ELETRICO,2,copy_of_D_Frota_por_UF_Municipio_COMBUSTIVEL_Julho_2026.xlsx
SAO PAULO,GUAREI,GASOLINA/ALCOOL/GAS NATURAL,2,copy_of_D_Frota_por_UF_Municipio_COMBUSTIVEL_Julho_2026.xlsx
SAO PAULO,GUAREI,GASOLINA/ELETRICO,5,copy_of_D_Frota_por_UF_Municipio_COMBUSTIVEL_Julho_2026.xlsx
SAO PAULO,GUAREI,GASOLINA/GAS NATURAL VEICULAR,5,copy_of_D_Frota_por_UF_Municipio_COMBUSTIVEL_Julho_2026.xlsx
SAO PAULO,GUAREI,HIBRIDO PLUG-IN,1,copy_of_D_Frota_por_UF_Municipio_COMBUSTIVEL_Julho_2026.xlsx
SAO PAULO,GUAREI,Sem Informação,189,copy_of_D_Frota_por_UF_Municipio_COMBUSTIVEL_Julho_2026.xlsx
SAO PAULO,GUARIBA,ALCOOL,2513,copy_of_D_Frota_por_UF_Municipio_COMBUSTIVEL_Julho_2026.xlsx
SAO PAULO,GUARIBA,ALCOOL/GAS NATURAL VEICULAR,1,copy_of_D_Frota_por_UF_Municipio_COMBUSTIVEL_Julho_2026.xlsx
SAO PAULO,GUARIBA,ALCOOL/GASOLINA,10860,copy_of_D_Frota_por_UF_Municipio_COMBUSTIVEL_Julho_2026.xlsx
SAO PAULO,GUARIBA,DIESEL,2188,copy_of_D_Frota_por_UF_Municipio_COMBUSTIVEL_Julho_2026.xlsx
SAO PAULO,GUARIBA,DIESEL/ELETRICO,1,copy_of_D_Frota_por_UF_Municipio_COMBUSTIVEL_Julho_2026.xlsx
SAO PAULO,GUARIBA,ELETRICO/FONTE EXTERNA,13,copy_of_D_Frota_por_UF_Municipio_COMBUSTIVEL_Julho_2026.xlsx
SAO PAULO,GUARIBA,ELETRICO/FONTE INTERNA,2,copy_of_D_Frota_por_UF_Municipio_COMBUSTIVEL_Julho_2026.xlsx
SAO PAULO,GUARIBA,GASOLINA,10213,copy_of_D_Frota_por_UF_Municipio_COMBUSTIVEL_Julho_2026.xlsx
SAO PAULO,GUARIBA,GASOLINA/ALCOOL/ELETRICO,28,copy_of_D_Frota_por_UF_Municipio_COMBUSTIVEL_Julho_2026.xlsx
SAO PAULO,GUARIBA,GASOLINA/ALCOOL/GAS NATURAL,4,copy_of_D_Frota_por_UF_Municipio_COMBUSTIVEL_Julho_2026.xlsx
SAO PAULO,GUARIBA,GASOLINA/ELETRICO,26,copy_of_D_Frota_por_UF_Municipio_COMBUSTIVEL_Julho_2026.xlsx
SAO PAULO,GUARIBA,GASOLINA/GAS NATURAL VEICULAR,8,copy_of_D_Frota_por_UF_Municipio_COMBUSTIVEL_Julho_2026.xlsx
SAO PAULO,GUARIBA,HIBRIDO,2,copy_of_D_Frota_por_UF_Municipio_COMBUSTIVEL_Julho_2026.xlsx
SAO PAULO,GUARIBA,HIBRIDO PLUG-IN,5,copy_of_D_Frota_por_UF_Municipio_COMBUSTIVEL_Julho_2026.xlsx
SAO PAULO,GUARIBA,Sem Informação,969,copy_of_D_Frota_por_UF_Municipio_COMBUSTIVEL_Julho_2026.xlsx
SAO PAULO,GUARUJA,ALCOOL,2960,copy_of_D_Frota_por_UF_Municipio_COMBUSTIVEL_Julho_2026.xlsx
SAO PAULO,GUARUJA,ALCOOL/GAS NATURAL VEICULAR,7,copy_of_D_Frota_por_UF_Municipio_COMBUSTIVEL_Julho_2026.xlsx
SAO PAULO,GUARUJA,ALCOOL/GASOLINA,81481,copy_of_D_Frota_por_UF_Municipio_COMBUSTIVEL_Julho_2026.xlsx
SAO PAULO,GUARUJA,DIESEL,8203,copy_of_D_Frota_por_UF_Municipio_COMBUSTIVEL_Julho_2026.xlsx
SAO PAULO,GUARUJA,DIESEL/ELETRICO,3,copy_of_D_Frota_por_UF_Municipio_COMBUSTIVEL_Julho_2026.xlsx
SAO PAULO,GUARUJA,ELETRICO,23,copy_of_D_Frota_por_UF_Municipio_COMBUSTIVEL_Julho_2026.xlsx
SAO PAULO,GUARUJA,ELETRICO/FONTE EXTERNA,158,copy_of_D_Frota_por_UF_Municipio_COMBUSTIVEL_Julho_2026.xlsx
SAO PAULO,GUARUJA,ELETRICO/FONTE INTERNA,46,copy_of_D_Frota_por_UF_Municipio_COMBUSTIVEL_Julho_2026.xlsx
SAO PAULO,GUARUJA,GAS METANO,5,copy_of_D_Frota_por_UF_Municipio_COMBUSTIVEL_Julho_2026.xlsx
SAO PAULO,GUARUJA,GAS NATURAL VEICULAR,1,copy_of_D_Frota_por_UF_Municipio_COMBUSTIVEL_Julho_2026.xlsx
SAO PAULO,GUARUJA,GASOL/GAS NATURAL COMBUSTIVEL,9,copy_of_D_Frota_por_UF_Municipio_COMBUSTIVEL_Julho_2026.xlsx
SAO PAULO,GUARUJA,GASOLINA,78486,copy_of_D_Frota_por_UF_Municipio_COMBUSTIVEL_Julho_2026.xlsx
SAO PAULO,GUARUJA,GASOLINA/ALCOOL/ELETRICO,203,copy_of_D_Frota_por_UF_Municipio_COMBUSTIVEL_Julho_2026.xlsx
SAO PAULO,GUARUJA,GASOLINA/ALCOOL/GAS NATURAL,92,copy_of_D_Frota_por_UF_Municipio_COMBUSTIVEL_Julho_2026.xlsx
SAO PAULO,GUARUJA,GASOLINA/ELETRICO,260,copy_of_D_Frota_por_UF_Municipio_COMBUSTIVEL_Julho_2026.xlsx
SAO PAULO,GUARUJA,GASOLINA/GAS NATURAL VEICULAR,307,copy_of_D_Frota_por_UF_Municipio_COMBUSTIVEL_Julho_2026.xlsx
SAO PAULO,GUARUJA,HIBRIDO,47,copy_of_D_Frota_por_UF_Municipio_COMBUSTIVEL_Julho_2026.xlsx
SAO PAULO,GUARUJA,HIBRIDO PLUG-IN,66,copy_of_D_Frota_por_UF_Municipio_COMBUSTIVEL_Julho_2026.xlsx
SAO PAULO,GUARUJA,Sem Informação,4165,copy_of_D_Frota_por_UF_Municipio_COMBUSTIVEL_Julho_2026.xlsx
SAO PAULO,GUARULHOS,ALCOOL,38699,copy_of_D_Frota_por_UF_Municipio_COMBUSTIVEL_Julho_2026.xlsx
SAO PAULO,GUARULHOS,ALCOOL/GAS NATURAL COMBUSTIVEL,53,copy_of_D_Frota_por_UF_Municipio_COMBUSTIVEL_Julho_2026.xlsx
SAO PAULO,GUARULHOS,ALCOOL/GAS NATURAL VEICULAR,466,copy_of_D_Frota_por_UF_Municipio_COMBUSTIVEL_Julho_2026.xlsx
SAO PAULO,GUARULHOS,ALCOOL/GASOLINA,384419,copy_of_D_Frota_por_UF_Municipio_COMBUSTIVEL_Julho_2026.xlsx
SAO PAULO,GUARULHOS,DIESEL,62447,copy_of_D_Frota_por_UF_Municipio_COMBUSTIVEL_Julho_2026.xlsx
SAO PAULO,GUARULHOS,DIESEL/ELETRICO,52,copy_of_D_Frota_por_UF_Municipio_COMBUSTIVEL_Julho_2026.xlsx
SAO PAULO,GUARULHOS,DIESEL/GAS NATURAL VEICULAR,6,copy_of_D_Frota_por_UF_Municipio_COMBUSTIVEL_Julho_2026.xlsx
SAO PAULO,GUARULHOS,ELETRICO,91,copy_of_D_Frota_por_UF_Municipio_COMBUSTIVEL_Julho_2026.xlsx
SAO PAULO,GUARULHOS,ELETRICO/FONTE EXTERNA,1077,copy_of_D_Frota_por_UF_Municipio_COMBUSTIVEL_Julho_2026.xlsx
SAO PAULO,GUARULHOS,ELETRICO/FONTE INTERNA,120,copy_of_D_Frota_por_UF_Municipio_COMBUSTIVEL_Julho_2026.xlsx
SAO PAULO,GUARULHOS,GAS METANO,155,copy_of_D_Frota_por_UF_Municipio_COMBUSTIVEL_Julho_2026.xlsx
SAO PAULO,GUARULHOS,GAS NATURAL VEICULAR,91,copy_of_D_Frota_por_UF_Municipio_COMBUSTIVEL_Julho_2026.xlsx
SAO PAULO,GUARULHOS,GASOGENIO,2,copy_of_D_Frota_por_UF_Municipio_COMBUSTIVEL_Julho_2026.xlsx
SAO PAULO,GUARULHOS,GASOL/GAS NATURAL COMBUSTIVEL,419,copy_of_D_Frota_por_UF_Municipio_COMBUSTIVEL_Julho_2026.xlsx
SAO PAULO,GUARULHOS,GASOLINA,341772,copy_of_D_Frota_por_UF_Municipio_COMBUSTIVEL_Julho_2026.xlsx
SAO PAULO,GUARULHOS,GASOLINA/ALCOOL/ELETRICO,1692,copy_of_D_Frota_por_UF_Municipio_COMBUSTIVEL_Julho_2026.xlsx
SAO PAULO,GUARULHOS,GASOLINA/ALCOOL/GAS NATURAL,3724,copy_of_D_Frota_por_UF_Municipio_COMBUSTIVEL_Julho_2026.xlsx
SAO PAULO,GUARULHOS,GASOLINA/ELETRICO,1818,copy_of_D_Frota_por_UF_Municipio_COMBUSTIVEL_Julho_2026.xlsx
SAO PAULO,GUARULHOS,GASOLINA/GAS NATURAL VEICULAR,7924,copy_of_D_Frota_por_UF_Municipio_COMBUSTIVEL_Julho_2026.xlsx
SAO PAULO,GUARULHOS,HIBRIDO,246,copy_of_D_Frota_por_UF_Municipio_COMBUSTIVEL_Julho_2026.xlsx
SAO PAULO,GUARULHOS,HIBRIDO PLUG-IN,373,copy_of_D_Frota_por_UF_Municipio_COMBUSTIVEL_Julho_2026.xlsx
SAO PAULO,GUARULHOS,Sem Informação,24110,copy_of_D_Frota_por_UF_Municipio_COMBUSTIVEL_Julho_2026.xlsx
SAO PAULO,GUATAPARA,ALCOOL,471,copy_of_D_Frota_por_UF_Municipio_COMBUSTIVEL_Julho_2026.xlsx
SAO PAULO,GUATAPARA,ALCOOL/GASOLINA,1509,copy_of_D_Frota_por_UF_Municipio_COMBUSTIVEL_Julho_2026.xlsx
SAO PAULO,GUATAPARA,DIESEL,476,copy_of_D_Frota_por_UF_Municipio_COMBUSTIVEL_Julho_2026.xlsx
SAO PAULO,GUATAPARA,ELETRICO/FONTE EXTERNA,5,copy_of_D_Frota_por_UF_Municipio_COMBUSTIVEL_Julho_2026.xlsx
SAO PAULO,GUATAPARA,GASOLINA,1815,copy_of_D_Frota_por_UF_Municipio_COMBUSTIVEL_Julho_2026.xlsx
SAO PAULO,GUATAPARA,GASOLINA/ALCOOL/ELETRICO,1,copy_of_D_Frota_por_UF_Municipio_COMBUSTIVEL_Julho_2026.xlsx
SAO PAULO,GUATAPARA,GASOLINA/ALCOOL/GAS NATURAL,1,copy_of_D_Frota_por_UF_Municipio_COMBUSTIVEL_Julho_2026.xlsx
SAO PAULO,GUATAPARA,GASOLINA/GAS NATURAL VEICULAR,3,copy_of_D_Frota_por_UF_Municipio_COMBUSTIVEL_Julho_2026.xlsx
SAO PAULO,GUATAPARA,HIBRIDO PLUG-IN,1,copy_of_D_Frota_por_UF_Municipio_COMBUSTIVEL_Julho_2026.xlsx
SAO PAULO,GUATAPARA,Sem Informação,196,copy_of_D_Frota_por_UF_Municipio_COMBUSTIVEL_Julho_2026.xlsx
SAO PAULO,GUZOLANDIA,ALCOOL,383,copy_of_D_Frota_por_UF_Municipio_COMBUSTIVEL_Julho_2026.xlsx
SAO PAULO,GUZOLANDIA,ALCOOL/GASOLINA,1052,copy_of_D_Frota_por_UF_Municipio_COMBUSTIVEL_Julho_2026.xlsx
SAO PAULO,GUZOLANDIA,DIESEL,312,copy_of_D_Frota_por_UF_Municipio_COMBUSTIVEL_Julho_2026.xlsx
SAO PAULO,GUZOLANDIA,GASOLINA,1233,copy_of_D_Frota_por_UF_Municipio_COMBUSTIVEL_Julho_2026.xlsx
SAO PAULO,GUZOLANDIA,GASOLINA/ALCOOL/ELETRICO,1,copy_of_D_Frota_por_UF_Municipio_COMBUSTIVEL_Julho_2026.xlsx
SAO PAULO,GUZOLANDIA,GASOLINA/ELETRICO,2,copy_of_D_Frota_por_UF_Municipio_COMBUSTIVEL_Julho_2026.xlsx
SAO PAULO,GUZOLANDIA,Sem Informação,151,copy_of_D_Frota_por_UF_Municipio_COMBUSTIVEL_Julho_2026.xlsx
SAO PAULO,HERCULANDIA,ALCOOL,507,copy_of_D_Frota_por_UF_Municipio_COMBUSTIVEL_Julho_2026.xlsx
SAO PAULO,HERCULANDIA,ALCOOL/GASOLINA,2679,copy_of_D_Frota_por_UF_Municipio_COMBUSTIVEL_Julho_2026.xlsx
SAO PAULO,HERCULANDIA,DIESEL,1096,copy_of_D_Frota_por_UF_Municipio_COMBUSTIVEL_Julho_2026.xlsx
SAO PAULO,HERCULANDIA,ELETRICO/FONTE EXTERNA,1,copy_of_D_Frota_por_UF_Municipio_COMBUSTIVEL_Julho_2026.xlsx
SAO PAULO,HERCULANDIA,GASOLINA,2393,copy_of_D_Frota_por_UF_Municipio_COMBUSTIVEL_Julho_2026.xlsx
SAO PAULO,HERCULANDIA,GASOLINA/ALCOOL/ELETRICO,1,copy_of_D_Frota_por_UF_Municipio_COMBUSTIVEL_Julho_2026.xlsx
SAO PAULO,HERCULANDIA,GASOLINA/ALCOOL/GAS NATURAL,1,copy_of_D_Frota_por_UF_Municipio_COMBUSTIVEL_Julho_2026.xlsx
SAO PAULO,HERCULANDIA,GASOLINA/ELETRICO,5,copy_of_D_Frota_por_UF_Municipio_COMBUSTIVEL_Julho_2026.xlsx
SAO PAULO,HERCULANDIA,GASOLINA/GAS NATURAL VEICULAR,2,copy_of_D_Frota_por_UF_Municipio_COMBUSTIVEL_Julho_2026.xlsx
SAO PAULO,HERCULANDIA,HIBRIDO,1,copy_of_D_Frota_por_UF_Municipio_COMBUSTIVEL_Julho_2026.xlsx
SAO PAULO,HERCULANDIA,HIBRIDO PLUG-IN,2,copy_of_D_Frota_por_UF_Municipio_COMBUSTIVEL_Julho_2026.xlsx
SAO PAULO,HERCULANDIA,Sem Informação,371,copy_of_D_Frota_por_UF_Municipio_COMBUSTIVEL_Julho_2026.xlsx
SAO PAULO,HOLAMBRA,ALCOOL,412,copy_of_D_Frota_por_UF_Municipio_COMBUSTIVEL_Julho_2026.xlsx
SAO PAULO,HOLAMBRA,ALCOOL/GAS NATURAL VEICULAR,1,copy_of_D_Frota_por_UF_Municipio_COMBUSTIVEL_Julho_2026.xlsx
SAO PAULO,HOLAMBRA,ALCOOL/GASOLINA,6771,copy_of_D_Frota_por_UF_Municipio_COMBUSTIVEL_Julho_2026.xlsx
SAO PAULO,HOLAMBRA,DIESEL,1574,copy_of_D_Frota_por_UF_Municipio_COMBUSTIVEL_Julho_2026.xlsx
SAO PAULO,HOLAMBRA,DIESEL/ELETRICO,3,copy_of_D_Frota_por_UF_Municipio_COMBUSTIVEL_Julho_2026.xlsx
SAO PAULO,HOLAMBRA,ELETRICO,7,copy_of_D_Frota_por_UF_Municipio_COMBUSTIVEL_Julho_2026.xlsx
SAO PAULO,HOLAMBRA,ELETRICO/FONTE EXTERNA,36,copy_of_D_Frota_por_UF_Municipio_COMBUSTIVEL_Julho_2026.xlsx
SAO PAULO,HOLAMBRA,ELETRICO/FONTE INTERNA,8,copy_of_D_Frota_por_UF_Municipio_COMBUSTIVEL_Julho_2026.xlsx
SAO PAULO,HOLAMBRA,GAS METANO,1,copy_of_D_Frota_por_UF_Municipio_COMBUSTIVEL_Julho_2026.xlsx
SAO PAULO,HOLAMBRA,GASOLINA,4397,copy_of_D_Frota_por_UF_Municipio_COMBUSTIVEL_Julho_2026.xlsx
SAO PAULO,HOLAMBRA,GASOLINA/ALCOOL/ELETRICO,63,copy_of_D_Frota_por_UF_Municipio_COMBUSTIVEL_Julho_2026.xlsx
SAO PAULO,HOLAMBRA,GASOLINA/ALCOOL/GAS NATURAL,8,copy_of_D_Frota_por_UF_Municipio_COMBUSTIVEL_Julho_2026.xlsx
SAO PAULO,HOLAMBRA,GASOLINA/ELETRICO,43,copy_of_D_Frota_por_UF_Municipio_COMBUSTIVEL_Julho_2026.xlsx
SAO PAULO,HOLAMBRA,GASOLINA/GAS NATURAL VEICULAR,16,copy_of_D_Frota_por_UF_Municipio_COMBUSTIVEL_Julho_2026.xlsx
SAO PAULO,HOLAMBRA,HIBRIDO,2,copy_of_D_Frota_por_UF_Municipio_COMBUSTIVEL_Julho_2026.xlsx
SAO PAULO,HOLAMBRA,HIBRIDO PLUG-IN,14,copy_of_D_Frota_por_UF_Municipio_COMBUSTIVEL_Julho_2026.xlsx
SAO PAULO,HOLAMBRA,Sem Informação,517,copy_of_D_Frota_por_UF_Municipio_COMBUSTIVEL_Julho_2026.xlsx
SAO PAULO,HORTOLANDIA,ALCOOL,9063,copy_of_D_Frota_por_UF_Municipio_COMBUSTIVEL_Julho_2026.xlsx
SAO PAULO,HORTOLANDIA,ALCOOL/GAS NATURAL VEICULAR,26,copy_of_D_Frota_por_UF_Municipio_COMBUSTIVEL_Julho_2026.xlsx
SAO PAULO,HORTOLANDIA,ALCOOL/GASOLINA,77087,copy_of_D_Frota_por_UF_Municipio_COMBUSTIVEL_Julho_2026.xlsx
SAO PAULO,HORTOLANDIA,DIESEL,9047,copy_of_D_Frota_por_UF_Municipio_COMBUSTIVEL_Julho_2026.xlsx
SAO PAULO,HORTOLANDIA,DIESEL/ELETRICO,5,copy_of_D_Frota_por_UF_Municipio_COMBUSTIVEL_Julho_2026.xlsx
SAO PAULO,HORTOLANDIA,ELETRICO,17,copy_of_D_Frota_por_UF_Municipio_COMBUSTIVEL_Julho_2026.xlsx
SAO PAULO,HORTOLANDIA,ELETRICO/FONTE EXTERNA,158,copy_of_D_Frota_por_UF_Municipio_COMBUSTIVEL_Julho_2026.xlsx
SAO PAULO,HORTOLANDIA,ELETRICO/FONTE INTERNA,20,copy_of_D_Frota_por_UF_Municipio_COMBUSTIVEL_Julho_2026.xlsx
SAO PAULO,HORTOLANDIA,GAS METANO,1,copy_of_D_Frota_por_UF_Municipio_COMBUSTIVEL_Julho_2026.xlsx
SAO PAULO,HORTOLANDIA,GASOL/GAS NATURAL COMBUSTIVEL,27,copy_of_D_Frota_por_UF_Municipio_COMBUSTIVEL_Julho_2026.xlsx
SAO PAULO,HORTOLANDIA,GASOLINA,63564,copy_of_D_Frota_por_UF_Municipio_COMBUSTIVEL_Julho_2026.xlsx
SAO PAULO,HORTOLANDIA,GASOLINA/ALCOOL/ELETRICO,197,copy_of_D_Frota_por_UF_Municipio_COMBUSTIVEL_Julho_2026.xlsx
SAO PAULO,HORTOLANDIA,GASOLINA/ALCOOL/GAS NATURAL,246,copy_of_D_Frota_por_UF_Municipio_COMBUSTIVEL_Julho_2026.xlsx
SAO PAULO,HORTOLANDIA,GASOLINA/ELETRICO,214,copy_of_D_Frota_por_UF_Municipio_COMBUSTIVEL_Julho_2026.xlsx
SAO PAULO,HORTOLANDIA,GASOLINA/GAS NATURAL VEICULAR,644,copy_of_D_Frota_por_UF_Municipio_COMBUSTIVEL_Julho_2026.xlsx
SAO PAULO,HORTOLANDIA,HIBRIDO,21,copy_of_D_Frota_por_UF_Municipio_COMBUSTIVEL_Julho_2026.xlsx
SAO PAULO,HORTOLANDIA,HIBRIDO PLUG-IN,43,copy_of_D_Frota_por_UF_Municipio_COMBUSTIVEL_Julho_2026.xlsx
SAO PAULO,HORTOLANDIA,Sem Informação,3210,copy_of_D_Frota_por_UF_Municipio_COMBUSTIVEL_Julho_2026.xlsx
SAO PAULO,IACANGA,ALCOOL,571,copy_of_D_Frota_por_UF_Municipio_COMBUSTIVEL_Julho_2026.xlsx
SAO PAULO,IACANGA,ALCOOL/GASOLINA,3501,copy_of_D_Frota_por_UF_Municipio_COMBUSTIVEL_Julho_2026.xlsx
SAO PAULO,IACANGA,DIESEL,775,copy_of_D_Frota_por_UF_Municipio_COMBUSTIVEL_Julho_2026.xlsx
SAO PAULO,IACANGA,ELETRICO,1,copy_of_D_Frota_por_UF_Municipio_COMBUSTIVEL_Julho_2026.xlsx
SAO PAULO,IACANGA,ELETRICO/FONTE EXTERNA,3,copy_of_D_Frota_por_UF_Municipio_COMBUSTIVEL_Julho_2026.xlsx
SAO PAULO,IACANGA,ELETRICO/FONTE INTERNA,1,copy_of_D_Frota_por_UF_Municipio_COMBUSTIVEL_Julho_2026.xlsx
SAO PAULO,IACANGA,GASOLINA,3025,copy_of_D_Frota_por_UF_Municipio_COMBUSTIVEL_Julho_2026.xlsx
SAO PAULO,IACANGA,GASOLINA/ALCOOL/ELETRICO,8,copy_of_D_Frota_por_UF_Municipio_COMBUSTIVEL_Julho_2026.xlsx
SAO PAULO,IACANGA,GASOLINA/ELETRICO,7,copy_of_D_Frota_por_UF_Municipio_COMBUSTIVEL_Julho_2026.xlsx
SAO PAULO,IACANGA,GASOLINA/GAS NATURAL VEICULAR,4,copy_of_D_Frota_por_UF_Municipio_COMBUSTIVEL_Julho_2026.xlsx
SAO PAULO,IACANGA,HIBRIDO,2,copy_of_D_Frota_por_UF_Municipio_COMBUSTIVEL_Julho_2026.xlsx
SAO PAULO,IACANGA,HIBRIDO PLUG-IN,1,copy_of_D_Frota_por_UF_Municipio_COMBUSTIVEL_Julho_2026.xlsx
SAO PAULO,IACANGA,Sem Informação,756,copy_of_D_Frota_por_UF_Municipio_COMBUSTIVEL_Julho_2026.xlsx
SAO PAULO,IACRI,ALCOOL,430,copy_of_D_Frota_por_UF_Municipio_COMBUSTIVEL_Julho_2026.xlsx
SAO PAULO,IACRI,ALCOOL/GASOLINA,1685,copy_of_D_Frota_por_UF_Municipio_COMBUSTIVEL_Julho_2026.xlsx
SAO PAULO,IACRI,DIESEL,510,copy_of_D_Frota_por_UF_Municipio_COMBUSTIVEL_Julho_2026.xlsx
SAO PAULO,IACRI,GASOLINA,1625,copy_of_D_Frota_por_UF_Municipio_COMBUSTIVEL_Julho_2026.xlsx
SAO PAULO,IACRI,GASOLINA/ALCOOL/ELETRICO,2,copy_of_D_Frota_por_UF_Municipio_COMBUSTIVEL_Julho_2026.xlsx
SAO PAULO,IACRI,GASOLINA/ELETRICO,7,copy_of_D_Frota_por_UF_Municipio_COMBUSTIVEL_Julho_2026.xlsx
SAO PAULO,IACRI,GASOLINA/GAS NATURAL VEICULAR,1,copy_of_D_Frota_por_UF_Municipio_COMBUSTIVEL_Julho_2026.xlsx
SAO PAULO,IACRI,HIBRIDO PLUG-IN,2,copy_of_D_Frota_por_UF_Municipio_COMBUSTIVEL_Julho_2026.xlsx
SAO PAULO,IACRI,Sem Informação,216,copy_of_D_Frota_por_UF_Municipio_COMBUSTIVEL_Julho_2026.xlsx
SAO PAULO,IARAS,ALCOOL,244,copy_of_D_Frota_por_UF_Municipio_COMBUSTIVEL_Julho_2026.xlsx
SAO PAULO,IARAS,ALCOOL/GASOLINA,1360,copy_of_D_Frota_por_UF_Municipio_COMBUSTIVEL_Julho_2026.xlsx
SAO PAULO,IARAS,DIESEL,280,copy_of_D_Frota_por_UF_Municipio_COMBUSTIVEL_Julho_2026.xlsx
SAO PAULO,IARAS,GASOLINA,1275,copy_of_D_Frota_por_UF_Municipio_COMBUSTIVEL_Julho_2026.xlsx
SAO PAULO,IARAS,GASOLINA/GAS NATURAL VEICULAR,3,copy_of_D_Frota_por_UF_Municipio_COMBUSTIVEL_Julho_2026.xlsx
SAO PAULO,IARAS,Sem Informação,114,copy_of_D_Frota_por_UF_Municipio_COMBUSTIVEL_Julho_2026.xlsx
SAO PAULO,IBATE,ALCOOL,1715,copy_of_D_Frota_por_UF_Municipio_COMBUSTIVEL_Julho_2026.xlsx
SAO PAULO,IBATE,ALCOOL/GAS NATURAL VEICULAR,3,copy_of_D_Frota_por_UF_Municipio_COMBUSTIVEL_Julho_2026.xlsx
SAO PAULO,IBATE,ALCOOL/GASOLINA,9474,copy_of_D_Frota_por_UF_Municipio_COMBUSTIVEL_Julho_2026.xlsx
SAO PAULO,IBATE,DIESEL,2455,copy_of_D_Frota_por_UF_Municipio_COMBUSTIVEL_Julho_2026.xlsx
SAO PAULO,IBATE,DIESEL/ELETRICO,1,copy_of_D_Frota_por_UF_Municipio_COMBUSTIVEL_Julho_2026.xlsx
SAO PAULO,IBATE,ELETRICO,3,copy_of_D_Frota_por_UF_Municipio_COMBUSTIVEL_Julho_2026.xlsx
SAO PAULO,IBATE,ELETRICO/FONTE EXTERNA,5,copy_of_D_Frota_por_UF_Municipio_COMBUSTIVEL_Julho_2026.xlsx
SAO PAULO,IBATE,ELETRICO/FONTE INTERNA,1,copy_of_D_Frota_por_UF_Municipio_COMBUSTIVEL_Julho_2026.xlsx
SAO PAULO,IBATE,GASOL/GAS NATURAL COMBUSTIVEL,1,copy_of_D_Frota_por_UF_Municipio_COMBUSTIVEL_Julho_2026.xlsx
SAO PAULO,IBATE,GASOLINA,9818,copy_of_D_Frota_por_UF_Municipio_COMBUSTIVEL_Julho_2026.xlsx
SAO PAULO,IBATE,GASOLINA/ALCOOL/ELETRICO,14,copy_of_D_Frota_por_UF_Municipio_COMBUSTIVEL_Julho_2026.xlsx
SAO PAULO,IBATE,GASOLINA/ALCOOL/GAS NATURAL,11,copy_of_D_Frota_por_UF_Municipio_COMBUSTIVEL_Julho_2026.xlsx
SAO PAULO,IBATE,GASOLINA/ELETRICO,19,copy_of_D_Frota_por_UF_Municipio_COMBUSTIVEL_Julho_2026.xlsx
SAO PAULO,IBATE,GASOLINA/GAS NATURAL VEICULAR,45,copy_of_D_Frota_por_UF_Municipio_COMBUSTIVEL_Julho_2026.xlsx
SAO PAULO,IBATE,HIBRIDO,3,copy_of_D_Frota_por_UF_Municipio_COMBUSTIVEL_Julho_2026.xlsx
SAO PAULO,IBATE,HIBRIDO PLUG-IN,2,copy_of_D_Frota_por_UF_Municipio_COMBUSTIVEL_Julho_2026.xlsx
SAO PAULO,IBATE,Sem Informação,955,copy_of_D_Frota_por_UF_Municipio_COMBUSTIVEL_Julho_2026.xlsx
SAO PAULO,IBIRA,ALCOOL,716,copy_of_D_Frota_por_UF_Municipio_COMBUSTIVEL_Julho_2026.xlsx
SAO PAULO,IBIRA,ALCOOL/GASOLINA,3579,copy_of_D_Frota_por_UF_Municipio_COMBUSTIVEL_Julho_2026.xlsx
SAO PAULO,IBIRA,DIESEL,632,copy_of_D_Frota_por_UF_Municipio_COMBUSTIVEL_Julho_2026.xlsx
SAO PAULO,IBIRA,DIESEL/ELETRICO,1,copy_of_D_Frota_por_UF_Municipio_COMBUSTIVEL_Julho_2026.xlsx
SAO PAULO,IBIRA,ELETRICO,2,copy_of_D_Frota_por_UF_Municipio_COMBUSTIVEL_Julho_2026.xlsx
SAO PAULO,IBIRA,ELETRICO/FONTE EXTERNA,5,copy_of_D_Frota_por_UF_Municipio_COMBUSTIVEL_Julho_2026.xlsx
SAO PAULO,IBIRA,ELETRICO/FONTE INTERNA,4,copy_of_D_Frota_por_UF_Municipio_COMBUSTIVEL_Julho_2026.xlsx
SAO PAULO,IBIRA,GASOLINA,3301,copy_of_D_Frota_por_UF_Municipio_COMBUSTIVEL_Julho_2026.xlsx
SAO PAULO,IBIRA,GASOLINA/ALCOOL/ELETRICO,7,copy_of_D_Frota_por_UF_Municipio_COMBUSTIVEL_Julho_2026.xlsx
SAO PAULO,IBIRA,GASOLINA/ALCOOL/GAS NATURAL,2,copy_of_D_Frota_por_UF_Municipio_COMBUSTIVEL_Julho_2026.xlsx
SAO PAULO,IBIRA,GASOLINA/ELETRICO,5,copy_of_D_Frota_por_UF_Municipio_COMBUSTIVEL_Julho_2026.xlsx
SAO PAULO,IBIRA,GASOLINA/GAS NATURAL VEICULAR,4,copy_of_D_Frota_por_UF_Municipio_COMBUSTIVEL_Julho_2026.xlsx
SAO PAULO,IBIRA,HIBRIDO PLUG-IN,6,copy_of_D_Frota_por_UF_Municipio_COMBUSTIVEL_Julho_2026.xlsx
SAO PAULO,IBIRA,Sem Informação,408,copy_of_D_Frota_por_UF_Municipio_COMBUSTIVEL_Julho_2026.xlsx
SAO PAULO,IBIRAREMA,ALCOOL,355,copy_of_D_Frota_por_UF_Municipio_COMBUSTIVEL_Julho_2026.xlsx
SAO PAULO,IBIRAREMA,ALCOOL/GAS NATURAL VEICULAR,1,copy_of_D_Frota_por_UF_Municipio_COMBUSTIVEL_Julho_2026.xlsx
SAO PAULO,IBIRAREMA,ALCOOL/GASOLINA,1637,copy_of_D_Frota_por_UF_Municipio_COMBUSTIVEL_Julho_2026.xlsx
SAO PAULO,IBIRAREMA,DIESEL,602,copy_of_D_Frota_por_UF_Municipio_COMBUSTIVEL_Julho_2026.xlsx
SAO PAULO,IBIRAREMA,GASOLINA,1802,copy_of_D_Frota_por_UF_Municipio_COMBUSTIVEL_Julho_2026.xlsx
SAO PAULO,IBIRAREMA,GASOLINA/ALCOOL/ELETRICO,4,copy_of_D_Frota_por_UF_Municipio_COMBUSTIVEL_Julho_2026.xlsx
SAO PAULO,IBIRAREMA,GASOLINA/ALCOOL/GAS NATURAL,2,copy_of_D_Frota_por_UF_Municipio_COMBUSTIVEL_Julho_2026.xlsx
SAO PAULO,IBIRAREMA,GASOLINA/GAS NATURAL VEICULAR,2,copy_of_D_Frota_por_UF_Municipio_COMBUSTIVEL_Julho_2026.xlsx
SAO PAULO,IBIRAREMA,Sem Informação,310,copy_of_D_Frota_por_UF_Municipio_COMBUSTIVEL_Julho_2026.xlsx
SAO PAULO,IBITINGA,ALCOOL,3509,copy_of_D_Frota_por_UF_Municipio_COMBUSTIVEL_Julho_2026.xlsx
SAO PAULO,IBITINGA,ALCOOL/GAS NATURAL COMBUSTIVEL,1,copy_of_D_Frota_por_UF_Municipio_COMBUSTIVEL_Julho_2026.xlsx
SAO PAULO,IBITINGA,ALCOOL/GAS NATURAL VEICULAR,4,copy_of_D_Frota_por_UF_Municipio_COMBUSTIVEL_Julho_2026.xlsx
SAO PAULO,IBITINGA,ALCOOL/GASOLINA,20518,copy_of_D_Frota_por_UF_Municipio_COMBUSTIVEL_Julho_2026.xlsx
SAO PAULO,IBITINGA,DIESEL,3785,copy_of_D_Frota_por_UF_Municipio_COMBUSTIVEL_Julho_2026.xlsx
SAO PAULO,IBITINGA,DIESEL/ELETRICO,5,copy_of_D_Frota_por_UF_Municipio_COMBUSTIVEL_Julho_2026.xlsx
SAO PAULO,IBITINGA,ELETRICO,6,copy_of_D_Frota_por_UF_Municipio_COMBUSTIVEL_Julho_2026.xlsx
SAO PAULO,IBITINGA,ELETRICO/FONTE EXTERNA,61,copy_of_D_Frota_por_UF_Municipio_COMBUSTIVEL_Julho_2026.xlsx
SAO PAULO,IBITINGA,ELETRICO/FONTE INTERNA,6,copy_of_D_Frota_por_UF_Municipio_COMBUSTIVEL_Julho_2026.xlsx
SAO PAULO,IBITINGA,GAS/NATURAL/LIQUEFEITO,1,copy_of_D_Frota_por_UF_Municipio_COMBUSTIVEL_Julho_2026.xlsx
SAO PAULO,IBITINGA,GASOLINA,24023,copy_of_D_Frota_por_UF_Municipio_COMBUSTIVEL_Julho_2026.xlsx
SAO PAULO,IBITINGA,GASOLINA/ALCOOL/ELETRICO,62,copy_of_D_Frota_por_UF_Municipio_COMBUSTIVEL_Julho_2026.xlsx
SAO PAULO,IBITINGA,GASOLINA/ALCOOL/GAS NATURAL,16,copy_of_D_Frota_por_UF_Municipio_COMBUSTIVEL_Julho_2026.xlsx
SAO PAULO,IBITINGA,GASOLINA/ELETRICO,109,copy_of_D_Frota_por_UF_Municipio_COMBUSTIVEL_Julho_2026.xlsx
SAO PAULO,IBITINGA,GASOLINA/GAS NATURAL VEICULAR,32,copy_of_D_Frota_por_UF_Municipio_COMBUSTIVEL_Julho_2026.xlsx
SAO PAULO,IBITINGA,HIBRIDO,9,copy_of_D_Frota_por_UF_Municipio_COMBUSTIVEL_Julho_2026.xlsx
SAO PAULO,IBITINGA,HIBRIDO PLUG-IN,21,copy_of_D_Frota_por_UF_Municipio_COMBUSTIVEL_Julho_2026.xlsx
SAO PAULO,IBITINGA,Sem Informação,2274,copy_of_D_Frota_por_UF_Municipio_COMBUSTIVEL_Julho_2026.xlsx
SAO PAULO,IBIUNA,ALCOOL,3355,copy_of_D_Frota_por_UF_Municipio_COMBUSTIVEL_Julho_2026.xlsx
SAO PAULO,IBIUNA,ALCOOL/GAS NATURAL COMBUSTIVEL,1,copy_of_D_Frota_por_UF_Municipio_COMBUSTIVEL_Julho_2026.xlsx
SAO PAULO,IBIUNA,ALCOOL/GAS NATURAL VEICULAR,20,copy_of_D_Frota_por_UF_Municipio_COMBUSTIVEL_Julho_2026.xlsx
SAO PAULO,IBIUNA,ALCOOL/GASOLINA,26582,copy_of_D_Frota_por_UF_Municipio_COMBUSTIVEL_Julho_2026.xlsx
SAO PAULO,IBIUNA,DIESEL,5762,copy_of_D_Frota_por_UF_Municipio_COMBUSTIVEL_Julho_2026.xlsx
SAO PAULO,IBIUNA,DIESEL/ELETRICO,1,copy_of_D_Frota_por_UF_Municipio_COMBUSTIVEL_Julho_2026.xlsx
SAO PAULO,IBIUNA,ELETRICO,1,copy_of_D_Frota_por_UF_Municipio_COMBUSTIVEL_Julho_2026.xlsx
SAO PAULO,IBIUNA,ELETRICO/FONTE EXTERNA,38,copy_of_D_Frota_por_UF_Municipio_COMBUSTIVEL_Julho_2026.xlsx
SAO PAULO,IBIUNA,ELETRICO/FONTE INTERNA,7,copy_of_D_Frota_por_UF_Municipio_COMBUSTIVEL_Julho_2026.xlsx
SAO PAULO,IBIUNA,GAS METANO,3,copy_of_D_Frota_por_UF_Municipio_COMBUSTIVEL_Julho_2026.xlsx
SAO PAULO,IBIUNA,GAS NATURAL VEICULAR,1,copy_of_D_Frota_por_UF_Municipio_COMBUSTIVEL_Julho_2026.xlsx
SAO PAULO,IBIUNA,GASOL/GAS NATURAL COMBUSTIVEL,5,copy_of_D_Frota_por_UF_Municipio_COMBUSTIVEL_Julho_2026.xlsx
SAO PAULO,IBIUNA,GASOLINA,28944,copy_of_D_Frota_por_UF_Municipio_COMBUSTIVEL_Julho_2026.xlsx
SAO PAULO,IBIUNA,GASOLINA/ALCOOL/ELETRICO,59,copy_of_D_Frota_por_UF_Municipio_COMBUSTIVEL_Julho_2026.xlsx
SAO PAULO,IBIUNA,GASOLINA/ALCOOL/GAS NATURAL,41,copy_of_D_Frota_por_UF_Municipio_COMBUSTIVEL_Julho_2026.xlsx
SAO PAULO,IBIUNA,GASOLINA/ELETRICO,60,copy_of_D_Frota_por_UF_Municipio_COMBUSTIVEL_Julho_2026.xlsx
SAO PAULO,IBIUNA,GASOLINA/GAS NATURAL VEICULAR,200,copy_of_D_Frota_por_UF_Municipio_COMBUSTIVEL_Julho_2026.xlsx
SAO PAULO,IBIUNA,HIBRIDO,8,copy_of_D_Frota_por_UF_Municipio_COMBUSTIVEL_Julho_2026.xlsx
SAO PAULO,IBIUNA,HIBRIDO PLUG-IN,14,copy_of_D_Frota_por_UF_Municipio_COMBUSTIVEL_Julho_2026.xlsx
SAO PAULO,IBIUNA,Sem Informação,1397,copy_of_D_Frota_por_UF_Municipio_COMBUSTIVEL_Julho_2026.xlsx
SAO PAULO,ICEM,ALCOOL,524,copy_of_D_Frota_por_UF_Municipio_COMBUSTIVEL_Julho_2026.xlsx
SAO PAULO,ICEM,ALCOOL/GASOLINA,2043,copy_of_D_Frota_por_UF_Municipio_COMBUSTIVEL_Julho_2026.xlsx
SAO PAULO,ICEM,DIESEL,655,copy_of_D_Frota_por_UF_Municipio_COMBUSTIVEL_Julho_2026.xlsx
SAO PAULO,ICEM,ELETRICO,1,copy_of_D_Frota_por_UF_Municipio_COMBUSTIVEL_Julho_2026.xlsx
SAO PAULO,ICEM,ELETRICO/FONTE EXTERNA,2,copy_of_D_Frota_por_UF_Municipio_COMBUSTIVEL_Julho_2026.xlsx
SAO PAULO,ICEM,ELETRICO/FONTE INTERNA,4,copy_of_D_Frota_por_UF_Municipio_COMBUSTIVEL_Julho_2026.xlsx
SAO PAULO,ICEM,GASOLINA,2195,copy_of_D_Frota_por_UF_Municipio_COMBUSTIVEL_Julho_2026.xlsx
SAO PAULO,ICEM,GASOLINA/ALCOOL/ELETRICO,6,copy_of_D_Frota_por_UF_Municipio_COMBUSTIVEL_Julho_2026.xlsx
SAO PAULO,ICEM,GASOLINA/ELETRICO,1,copy_of_D_Frota_por_UF_Municipio_COMBUSTIVEL_Julho_2026.xlsx
SAO PAULO,ICEM,Sem Informação,448,copy_of_D_Frota_por_UF_Municipio_COMBUSTIVEL_Julho_2026.xlsx
SAO PAULO,IEPE,ALCOOL,460,copy_of_D_Frota_por_UF_Municipio_COMBUSTIVEL_Julho_2026.xlsx
SAO PAULO,IEPE,ALCOOL/GASOLINA,1953,copy_of_D_Frota_por_UF_Municipio_COMBUSTIVEL_Julho_2026.xlsx
SAO PAULO,IEPE,DIESEL,574,copy_of_D_Frota_por_UF_Municipio_COMBUSTIVEL_Julho_2026.xlsx
SAO PAULO,IEPE,ELETRICO/FONTE EXTERNA,2,copy_of_D_Frota_por_UF_Municipio_COMBUSTIVEL_Julho_2026.xlsx
SAO PAULO,IEPE,ELETRICO/FONTE INTERNA,1,copy_of_D_Frota_por_UF_Municipio_COMBUSTIVEL_Julho_2026.xlsx
SAO PAULO,IEPE,GASOLINA,2319,copy_of_D_Frota_por_UF_Municipio_COMBUSTIVEL_Julho_2026.xlsx
SAO PAULO,IEPE,GASOLINA/ALCOOL/ELETRICO,3,copy_of_D_Frota_por_UF_Municipio_COMBUSTIVEL_Julho_2026.xlsx
SAO PAULO,IEPE,GASOLINA/ELETRICO,5,copy_of_D_Frota_por_UF_Municipio_COMBUSTIVEL_Julho_2026.xlsx
SAO PAULO,IEPE,GASOLINA/GAS NATURAL VEICULAR,2,copy_of_D_Frota_por_UF_Municipio_COMBUSTIVEL_Julho_2026.xlsx
SAO PAULO,IEPE,Sem Informação,311,copy_of_D_Frota_por_UF_Municipio_COMBUSTIVEL_Julho_2026.xlsx
SAO PAULO,IGARACU DO TIETE,ALCOOL,1571,copy_of_D_Frota_por_UF_Municipio_COMBUSTIVEL_Julho_2026.xlsx
SAO PAULO,IGARACU DO TIETE,ALCOOL/GASOLINA,5908,copy_of_D_Frota_por_UF_Municipio_COMBUSTIVEL_Julho_2026.xlsx
SAO PAULO,IGARACU DO TIETE,DIESEL,966,copy_of_D_Frota_por_UF_Municipio_COMBUSTIVEL_Julho_2026.xlsx
SAO PAULO,IGARACU DO TIETE,ELETRICO,1,copy_of_D_Frota_por_UF_Municipio_COMBUSTIVEL_Julho_2026.xlsx
SAO PAULO,IGARACU DO TIETE,ELETRICO/FONTE EXTERNA,5,copy_of_D_Frota_por_UF_Municipio_COMBUSTIVEL_Julho_2026.xlsx
SAO PAULO,IGARACU DO TIETE,GASOLINA,7066,copy_of_D_Frota_por_UF_Municipio_COMBUSTIVEL_Julho_2026.xlsx
SAO PAULO,IGARACU DO TIETE,GASOLINA/ALCOOL/ELETRICO,4,copy_of_D_Frota_por_UF_Municipio_COMBUSTIVEL_Julho_2026.xlsx
SAO PAULO,IGARACU DO TIETE,GASOLINA/ALCOOL/GAS NATURAL,2,copy_of_D_Frota_por_UF_Municipio_COMBUSTIVEL_Julho_2026.xlsx
SAO PAULO,IGARACU DO TIETE,GASOLINA/ELETRICO,5,copy_of_D_Frota_por_UF_Municipio_COMBUSTIVEL_Julho_2026.xlsx
SAO PAULO,IGARACU DO TIETE,GASOLINA/GAS NATURAL VEICULAR,2,copy_of_D_Frota_por_UF_Municipio_COMBUSTIVEL_Julho_2026.xlsx
SAO PAULO,IGARACU DO TIETE,HIBRIDO PLUG-IN,1,copy_of_D_Frota_por_UF_Municipio_COMBUSTIVEL_Julho_2026.xlsx
SAO PAULO,IGARACU DO TIETE,Sem Informação,572,copy_of_D_Frota_por_UF_Municipio_COMBUSTIVEL_Julho_2026.xlsx
SAO PAULO,IGARAPAVA,ALCOOL,1827,copy_of_D_Frota_por_UF_Municipio_COMBUSTIVEL_Julho_2026.xlsx
SAO PAULO,IGARAPAVA,ALCOOL/GASOLINA,6962,copy_of_D_Frota_por_UF_Municipio_COMBUSTIVEL_Julho_2026.xlsx
SAO PAULO,IGARAPAVA,DIESEL,1614,copy_of_D_Frota_por_UF_Municipio_COMBUSTIVEL_Julho_2026.xlsx
SAO PAULO,IGARAPAVA,ELETRICO/FONTE EXTERNA,2,copy_of_D_Frota_por_UF_Municipio_COMBUSTIVEL_Julho_2026.xlsx
SAO PAULO,IGARAPAVA,GASOLINA,7046,copy_of_D_Frota_por_UF_Municipio_COMBUSTIVEL_Julho_2026.xlsx
SAO PAULO,IGARAPAVA,GASOLINA/ALCOOL/ELETRICO,15,copy_of_D_Frota_por_UF_Municipio_COMBUSTIVEL_Julho_2026.xlsx
SAO PAULO,IGARAPAVA,GASOLINA/ELETRICO,11,copy_of_D_Frota_por_UF_Municipio_COMBUSTIVEL_Julho_2026.xlsx
SAO PAULO,IGARAPAVA,GASOLINA/GAS NATURAL VEICULAR,2,copy_of_D_Frota_por_UF_Municipio_COMBUSTIVEL_Julho_2026.xlsx
SAO PAULO,IGARAPAVA,HIBRIDO,1,copy_of_D_Frota_por_UF_Municipio_COMBUSTIVEL_Julho_2026.xlsx
SAO PAULO,IGARAPAVA,Sem Informação,1285,copy_of_D_Frota_por_UF_Municipio_COMBUSTIVEL_Julho_2026.xlsx
SAO PAULO,IGARATA,ALCOOL,407,copy_of_D_Frota_por_UF_Municipio_COMBUSTIVEL_Julho_2026.xlsx
SAO PAULO,IGARATA,ALCOOL/GAS NATURAL VEICULAR,4,copy_of_D_Frota_por_UF_Municipio_COMBUSTIVEL_Julho_2026.xlsx
SAO PAULO,IGARATA,ALCOOL/GASOLINA,3258,copy_of_D_Frota_por_UF_Municipio_COMBUSTIVEL_Julho_2026.xlsx
SAO PAULO,IGARATA,DIESEL,548,copy_of_D_Frota_por_UF_Municipio_COMBUSTIVEL_Julho_2026.xlsx
SAO PAULO,IGARATA,ELETRICO,2,copy_of_D_Frota_por_UF_Municipio_COMBUSTIVEL_Julho_2026.xlsx
SAO PAULO,IGARATA,ELETRICO/FONTE EXTERNA,7,copy_of_D_Frota_por_UF_Municipio_COMBUSTIVEL_Julho_2026.xlsx
SAO PAULO,IGARATA,ELETRICO/FONTE INTERNA,1,copy_of_D_Frota_por_UF_Municipio_COMBUSTIVEL_Julho_2026.xlsx
SAO PAULO,IGARATA,GAS METANO,1,copy_of_D_Frota_por_UF_Municipio_COMBUSTIVEL_Julho_2026.xlsx
SAO PAULO,IGARATA,GASOL/GAS NATURAL COMBUSTIVEL,1,copy_of_D_Frota_por_UF_Municipio_COMBUSTIVEL_Julho_2026.xlsx
SAO PAULO,IGARATA,GASOLINA,3883,copy_of_D_Frota_por_UF_Municipio_COMBUSTIVEL_Julho_2026.xlsx
SAO PAULO,IGARATA,GASOLINA/ALCOOL/ELETRICO,6,copy_of_D_Frota_por_UF_Municipio_COMBUSTIVEL_Julho_2026.xlsx
SAO PAULO,IGARATA,GASOLINA/ALCOOL/GAS NATURAL,5,copy_of_D_Frota_por_UF_Municipio_COMBUSTIVEL_Julho_2026.xlsx
SAO PAULO,IGARATA,GASOLINA/ELETRICO,14,copy_of_D_Frota_por_UF_Municipio_COMBUSTIVEL_Julho_2026.xlsx
SAO PAULO,IGARATA,GASOLINA/GAS NATURAL VEICULAR,63,copy_of_D_Frota_por_UF_Municipio_COMBUSTIVEL_Julho_2026.xlsx
SAO PAULO,IGARATA,HIBRIDO,4,copy_of_D_Frota_por_UF_Municipio_COMBUSTIVEL_Julho_2026.xlsx
SAO PAULO,IGARATA,HIBRIDO PLUG-IN,2,copy_of_D_Frota_por_UF_Municipio_COMBUSTIVEL_Julho_2026.xlsx
SAO PAULO,IGARATA,Sem Informação,297,copy_of_D_Frota_por_UF_Municipio_COMBUSTIVEL_Julho_2026.xlsx
SAO PAULO,IGUAPE,ALCOOL,480,copy_of_D_Frota_por_UF_Municipio_COMBUSTIVEL_Julho_2026.xlsx
SAO PAULO,IGUAPE,ALCOOL/GAS NATURAL VEICULAR,2,copy_of_D_Frota_por_UF_Municipio_COMBUSTIVEL_Julho_2026.xlsx
SAO PAULO,IGUAPE,ALCOOL/GASOLINA,6145,copy_of_D_Frota_por_UF_Municipio_COMBUSTIVEL_Julho_2026.xlsx
SAO PAULO,IGUAPE,DIESEL,799,copy_of_D_Frota_por_UF_Municipio_COMBUSTIVEL_Julho_2026.xlsx
SAO PAULO,IGUAPE,ELETRICO,3,copy_of_D_Frota_por_UF_Municipio_COMBUSTIVEL_Julho_2026.xlsx
SAO PAULO,IGUAPE,ELETRICO/FONTE EXTERNA,8,copy_of_D_Frota_por_UF_Municipio_COMBUSTIVEL_Julho_2026.xlsx
SAO PAULO,IGUAPE,GAS METANO,1,copy_of_D_Frota_por_UF_Municipio_COMBUSTIVEL_Julho_2026.xlsx
SAO PAULO,IGUAPE,GASOLINA,6059,copy_of_D_Frota_por_UF_Municipio_COMBUSTIVEL_Julho_2026.xlsx
SAO PAULO,IGUAPE,GASOLINA/ALCOOL/ELETRICO,21,copy_of_D_Frota_por_UF_Municipio_COMBUSTIVEL_Julho_2026.xlsx
SAO PAULO,IGUAPE,GASOLINA/ALCOOL/GAS NATURAL,6,copy_of_D_Frota_por_UF_Municipio_COMBUSTIVEL_Julho_2026.xlsx
SAO PAULO,IGUAPE,GASOLINA/ELETRICO,9,copy_of_D_Frota_por_UF_Municipio_COMBUSTIVEL_Julho_2026.xlsx
SAO PAULO,IGUAPE,GASOLINA/GAS NATURAL VEICULAR,23,copy_of_D_Frota_por_UF_Municipio_COMBUSTIVEL_Julho_2026.xlsx
SAO PAULO,IGUAPE,HIBRIDO,1,copy_of_D_Frota_por_UF_Municipio_COMBUSTIVEL_Julho_2026.xlsx
SAO PAULO,IGUAPE,HIBRIDO PLUG-IN,2,copy_of_D_Frota_por_UF_Municipio_COMBUSTIVEL_Julho_2026.xlsx
SAO PAULO,IGUAPE,Sem Informação,492,copy_of_D_Frota_por_UF_Municipio_COMBUSTIVEL_Julho_2026.xlsx
SAO PAULO,ILHA COMPRIDA,ALCOOL,315,copy_of_D_Frota_por_UF_Municipio_COMBUSTIVEL_Julho_2026.xlsx
SAO PAULO,ILHA COMPRIDA,ALCOOL/GAS NATURAL VEICULAR,1,copy_of_D_Frota_por_UF_Municipio_COMBUSTIVEL_Julho_2026.xlsx
SAO PAULO,ILHA COMPRIDA,ALCOOL/GASOLINA,3086,copy_of_D_Frota_por_UF_Municipio_COMBUSTIVEL_Julho_2026.xlsx
SAO PAULO,ILHA COMPRIDA,DIESEL,649,copy_of_D_Frota_por_UF_Municipio_COMBUSTIVEL_Julho_2026.xlsx
SAO PAULO,ILHA COMPRIDA,DIESEL/ELETRICO,2,copy_of_D_Frota_por_UF_Municipio_COMBUSTIVEL_Julho_2026.xlsx
SAO PAULO,ILHA COMPRIDA,ELETRICO/FONTE EXTERNA,3,copy_of_D_Frota_por_UF_Municipio_COMBUSTIVEL_Julho_2026.xlsx
SAO PAULO,ILHA COMPRIDA,ELETRICO/FONTE INTERNA,3,copy_of_D_Frota_por_UF_Municipio_COMBUSTIVEL_Julho_2026.xlsx
SAO PAULO,ILHA COMPRIDA,GAS METANO,2,copy_of_D_Frota_por_UF_Municipio_COMBUSTIVEL_Julho_2026.xlsx
SAO PAULO,ILHA COMPRIDA,GASOL/GAS NATURAL COMBUSTIVEL,2,copy_of_D_Frota_por_UF_Municipio_COMBUSTIVEL_Julho_2026.xlsx
SAO PAULO,ILHA COMPRIDA,GASOLINA,3957,copy_of_D_Frota_por_UF_Municipio_COMBUSTIVEL_Julho_2026.xlsx
SAO PAULO,ILHA COMPRIDA,GASOLINA/ALCOOL/ELETRICO,11,copy_of_D_Frota_por_UF_Municipio_COMBUSTIVEL_Julho_2026.xlsx
SAO PAULO,ILHA COMPRIDA,GASOLINA/ALCOOL/GAS NATURAL,4,copy_of_D_Frota_por_UF_Municipio_COMBUSTIVEL_Julho_2026.xlsx
SAO PAULO,ILHA COMPRIDA,GASOLINA/ELETRICO,3,copy_of_D_Frota_por_UF_Municipio_COMBUSTIVEL_Julho_2026.xlsx
SAO PAULO,ILHA COMPRIDA,GASOLINA/GAS NATURAL VEICULAR,24,copy_of_D_Frota_por_UF_Municipio_COMBUSTIVEL_Julho_2026.xlsx
SAO PAULO,ILHA COMPRIDA,Sem Informação,361,copy_of_D_Frota_por_UF_Municipio_COMBUSTIVEL_Julho_2026.xlsx
SAO PAULO,ILHA SOLTEIRA,ALCOOL,1434,copy_of_D_Frota_por_UF_Municipio_COMBUSTIVEL_Julho_2026.xlsx
SAO PAULO,ILHA SOLTEIRA,ALCOOL/GASOLINA,8712,copy_of_D_Frota_por_UF_Municipio_COMBUSTIVEL_Julho_2026.xlsx
SAO PAULO,ILHA SOLTEIRA,DIESEL,1119,copy_of_D_Frota_por_UF_Municipio_COMBUSTIVEL_Julho_2026.xlsx
SAO PAULO,ILHA SOLTEIRA,ELETRICO,1,copy_of_D_Frota_por_UF_Municipio_COMBUSTIVEL_Julho_2026.xlsx
SAO PAULO,ILHA SOLTEIRA,ELETRICO/FONTE EXTERNA,12,copy_of_D_Frota_por_UF_Municipio_COMBUSTIVEL_Julho_2026.xlsx
SAO PAULO,ILHA SOLTEIRA,ELETRICO/FONTE INTERNA,2,copy_of_D_Frota_por_UF_Municipio_COMBUSTIVEL_Julho_2026.xlsx
SAO PAULO,ILHA SOLTEIRA,GAS METANO,1,copy_of_D_Frota_por_UF_Municipio_COMBUSTIVEL_Julho_2026.xlsx
SAO PAULO,ILHA SOLTEIRA,GASOL/GAS NATURAL COMBUSTIVEL,2,copy_of_D_Frota_por_UF_Municipio_COMBUSTIVEL_Julho_2026.xlsx
SAO PAULO,ILHA SOLTEIRA,GASOLINA,10250,copy_of_D_Frota_por_UF_Municipio_COMBUSTIVEL_Julho_2026.xlsx
SAO PAULO,ILHA SOLTEIRA,GASOLINA/ALCOOL/ELETRICO,11,copy_of_D_Frota_por_UF_Municipio_COMBUSTIVEL_Julho_2026.xlsx
SAO PAULO,ILHA SOLTEIRA,GASOLINA/ALCOOL/GAS NATURAL,2,copy_of_D_Frota_por_UF_Municipio_COMBUSTIVEL_Julho_2026.xlsx
SAO PAULO,ILHA SOLTEIRA,GASOLINA/ELETRICO,19,copy_of_D_Frota_por_UF_Municipio_COMBUSTIVEL_Julho_2026.xlsx
SAO PAULO,ILHA SOLTEIRA,GASOLINA/GAS NATURAL VEICULAR,4,copy_of_D_Frota_por_UF_Municipio_COMBUSTIVEL_Julho_2026.xlsx
SAO PAULO,ILHA SOLTEIRA,HIBRIDO,6,copy_of_D_Frota_por_UF_Municipio_COMBUSTIVEL_Julho_2026.xlsx
SAO PAULO,ILHA SOLTEIRA,HIBRIDO PLUG-IN,7,copy_of_D_Frota_por_UF_Municipio_COMBUSTIVEL_Julho_2026.xlsx
SAO PAULO,ILHA SOLTEIRA,Sem Informação,1320,copy_of_D_Frota_por_UF_Municipio_COMBUSTIVEL_Julho_2026.xlsx
SAO PAULO,ILHABELA,ALCOOL,360,copy_of_D_Frota_por_UF_Municipio_COMBUSTIVEL_Julho_2026.xlsx
SAO PAULO,ILHABELA,ALCOOL/GAS NATURAL VEICULAR,1,copy_of_D_Frota_por_UF_Municipio_COMBUSTIVEL_Julho_2026.xlsx
SAO PAULO,ILHABELA,ALCOOL/GASOLINA,13803,copy_of_D_Frota_por_UF_Municipio_COMBUSTIVEL_Julho_2026.xlsx
SAO PAULO,ILHABELA,DIESEL,2231,copy_of_D_Frota_por_UF_Municipio_COMBUSTIVEL_Julho_2026.xlsx
SAO PAULO,ILHABELA,DIESEL/ELETRICO,2,copy_of_D_Frota_por_UF_Municipio_COMBUSTIVEL_Julho_2026.xlsx
SAO PAULO,ILHABELA,ELETRICO,5,copy_of_D_Frota_por_UF_Municipio_COMBUSTIVEL_Julho_2026.xlsx
SAO PAULO,ILHABELA,ELETRICO/FONTE EXTERNA,44,copy_of_D_Frota_por_UF_Municipio_COMBUSTIVEL_Julho_2026.xlsx
SAO PAULO,ILHABELA,ELETRICO/FONTE INTERNA,3,copy_of_D_Frota_por_UF_Municipio_COMBUSTIVEL_Julho_2026.xlsx
SAO PAULO,ILHABELA,GAS METANO,1,copy_of_D_Frota_por_UF_Municipio_COMBUSTIVEL_Julho_2026.xlsx
SAO PAULO,ILHABELA,GASOLINA,12360,copy_of_D_Frota_por_UF_Municipio_COMBUSTIVEL_Julho_2026.xlsx
SAO PAULO,ILHABELA,GASOLINA/ALCOOL/ELETRICO,37,copy_of_D_Frota_por_UF_Municipio_COMBUSTIVEL_Julho_2026.xlsx
SAO PAULO,ILHABELA,GASOLINA/ALCOOL/GAS NATURAL,18,copy_of_D_Frota_por_UF_Municipio_COMBUSTIVEL_Julho_2026.xlsx
SAO PAULO,ILHABELA,GASOLINA/ELETRICO,104,copy_of_D_Frota_por_UF_Municipio_COMBUSTIVEL_Julho_2026.xlsx
SAO PAULO,ILHABELA,GASOLINA/GAS NATURAL VEICULAR,38,copy_of_D_Frota_por_UF_Municipio_COMBUSTIVEL_Julho_2026.xlsx
SAO PAULO,ILHABELA,HIBRIDO,12,copy_of_D_Frota_por_UF_Municipio_COMBUSTIVEL_Julho_2026.xlsx
SAO PAULO,ILHABELA,HIBRIDO PLUG-IN,24,copy_of_D_Frota_por_UF_Municipio_COMBUSTIVEL_Julho_2026.xlsx
SAO PAULO,ILHABELA,Sem Informação,542,copy_of_D_Frota_por_UF_Municipio_COMBUSTIVEL_Julho_2026.xlsx
SAO PAULO,INDAIATUBA,ALCOOL,8129,copy_of_D_Frota_por_UF_Municipio_COMBUSTIVEL_Julho_2026.xlsx
SAO PAULO,INDAIATUBA,ALCOOL/GAS NATURAL COMBUSTIVEL,2,copy_of_D_Frota_por_UF_Municipio_COMBUSTIVEL_Julho_2026.xlsx
SAO PAULO,INDAIATUBA,ALCOOL/GAS NATURAL VEICULAR,23,copy_of_D_Frota_por_UF_Municipio_COMBUSTIVEL_Julho_2026.xlsx
SAO PAULO,INDAIATUBA,ALCOOL/GASOLINA,122282,copy_of_D_Frota_por_UF_Municipio_COMBUSTIVEL_Julho_2026.xlsx
SAO PAULO,INDAIATUBA,DIESEL,14665,copy_of_D_Frota_por_UF_Municipio_COMBUSTIVEL_Julho_2026.xlsx
SAO PAULO,INDAIATUBA,DIESEL/ELETRICO,25,copy_of_D_Frota_por_UF_Municipio_COMBUSTIVEL_Julho_2026.xlsx
SAO PAULO,INDAIATUBA,ELETRICO,113,copy_of_D_Frota_por_UF_Municipio_COMBUSTIVEL_Julho_2026.xlsx
SAO PAULO,INDAIATUBA,ELETRICO/FONTE EXTERNA,1351,copy_of_D_Frota_por_UF_Municipio_COMBUSTIVEL_Julho_2026.xlsx
SAO PAULO,INDAIATUBA,ELETRICO/FONTE INTERNA,225,copy_of_D_Frota_por_UF_Municipio_COMBUSTIVEL_Julho_2026.xlsx
SAO PAULO,INDAIATUBA,GAS METANO,14,copy_of_D_Frota_por_UF_Municipio_COMBUSTIVEL_Julho_2026.xlsx
SAO PAULO,INDAIATUBA,GASOGENIO,2,copy_of_D_Frota_por_UF_Municipio_COMBUSTIVEL_Julho_2026.xlsx
SAO PAULO,INDAIATUBA,GASOL/GAS NATURAL COMBUSTIVEL,26,copy_of_D_Frota_por_UF_Municipio_COMBUSTIVEL_Julho_2026.xlsx
SAO PAULO,INDAIATUBA,GASOLINA,94628,copy_of_D_Frota_por_UF_Municipio_COMBUSTIVEL_Julho_2026.xlsx
SAO PAULO,INDAIATUBA,GASOLINA/ALCOOL/ELETRICO,1382,copy_of_D_Frota_por_UF_Municipio_COMBUSTIVEL_Julho_2026.xlsx
SAO PAULO,INDAIATUBA,GASOLINA/ALCOOL/GAS NATURAL,184,copy_of_D_Frota_por_UF_Municipio_COMBUSTIVEL_Julho_2026.xlsx
SAO PAULO,INDAIATUBA,GASOLINA/ELETRICO,1776,copy_of_D_Frota_por_UF_Municipio_COMBUSTIVEL_Julho_2026.xlsx
SAO PAULO,INDAIATUBA,GASOLINA/GAS NATURAL VEICULAR,737,copy_of_D_Frota_por_UF_Municipio_COMBUSTIVEL_Julho_2026.xlsx
SAO PAULO,INDAIATUBA,HIBRIDO,105,copy_of_D_Frota_por_UF_Municipio_COMBUSTIVEL_Julho_2026.xlsx
SAO PAULO,INDAIATUBA,HIBRIDO PLUG-IN,348,copy_of_D_Frota_por_UF_Municipio_COMBUSTIVEL_Julho_2026.xlsx
SAO PAULO,INDAIATUBA,Sem Informação,3859,copy_of_D_Frota_por_UF_Municipio_COMBUSTIVEL_Julho_2026.xlsx
SAO PAULO,INDIANA,ALCOOL,273,copy_of_D_Frota_por_UF_Municipio_COMBUSTIVEL_Julho_2026.xlsx
SAO PAULO,INDIANA,ALCOOL/GASOLINA,1471,copy_of_D_Frota_por_UF_Municipio_COMBUSTIVEL_Julho_2026.xlsx
SAO PAULO,INDIANA,DIESEL,351,copy_of_D_Frota_por_UF_Municipio_COMBUSTIVEL_Julho_2026.xlsx
SAO PAULO,INDIANA,ELETRICO/FONTE EXTERNA,1,copy_of_D_Frota_por_UF_Municipio_COMBUSTIVEL_Julho_2026.xlsx
SAO PAULO,INDIANA,GASOLINA,1460,copy_of_D_Frota_por_UF_Municipio_COMBUSTIVEL_Julho_2026.xlsx
SAO PAULO,INDIANA,GASOLINA/ALCOOL/ELETRICO,2,copy_of_D_Frota_por_UF_Municipio_COMBUSTIVEL_Julho_2026.xlsx
SAO PAULO,INDIANA,GASOLINA/ELETRICO,1,copy_of_D_Frota_por_UF_Municipio_COMBUSTIVEL_Julho_2026.xlsx
SAO PAULO,INDIANA,HIBRIDO PLUG-IN,1,copy_of_D_Frota_por_UF_Municipio_COMBUSTIVEL_Julho_2026.xlsx
SAO PAULO,INDIANA,Sem Informação,170,copy_of_D_Frota_por_UF_Municipio_COMBUSTIVEL_Julho_2026.xlsx
SAO PAULO,INDIAPORA,ALCOOL,368,copy_of_D_Frota_por_UF_Municipio_COMBUSTIVEL_Julho_2026.xlsx
SAO PAULO,INDIAPORA,ALCOOL/GAS NATURAL VEICULAR,1,copy_of_D_Frota_por_UF_Municipio_COMBUSTIVEL_Julho_2026.xlsx
SAO PAULO,INDIAPORA,ALCOOL/GASOLINA,1077,copy_of_D_Frota_por_UF_Municipio_COMBUSTIVEL_Julho_2026.xlsx
SAO PAULO,INDIAPORA,DIESEL,284,copy_of_D_Frota_por_UF_Municipio_COMBUSTIVEL_Julho_2026.xlsx
SAO PAULO,INDIAPORA,ELETRICO/FONTE EXTERNA,1,copy_of_D_Frota_por_UF_Municipio_COMBUSTIVEL_Julho_2026.xlsx
SAO PAULO,INDIAPORA,GASOLINA,1415,copy_of_D_Frota_por_UF_Municipio_COMBUSTIVEL_Julho_2026.xlsx
SAO PAULO,INDIAPORA,GASOLINA/ELETRICO,1,copy_of_D_Frota_por_UF_Municipio_COMBUSTIVEL_Julho_2026.xlsx
SAO PAULO,INDIAPORA,HIBRIDO PLUG-IN,1,copy_of_D_Frota_por_UF_Municipio_COMBUSTIVEL_Julho_2026.xlsx
SAO PAULO,INDIAPORA,Sem Informação,203,copy_of_D_Frota_por_UF_Municipio_COMBUSTIVEL_Julho_2026.xlsx
SAO PAULO,INUBIA PAULISTA,ALCOOL,278,copy_of_D_Frota_por_UF_Municipio_COMBUSTIVEL_Julho_2026.xlsx
SAO PAULO,INUBIA PAULISTA,ALCOOL/GASOLINA,965,copy_of_D_Frota_por_UF_Municipio_COMBUSTIVEL_Julho_2026.xlsx
SAO PAULO,INUBIA PAULISTA,DIESEL,204,copy_of_D_Frota_por_UF_Municipio_COMBUSTIVEL_Julho_2026.xlsx
SAO PAULO,INUBIA PAULISTA,ELETRICO,1,copy_of_D_Frota_por_UF_Municipio_COMBUSTIVEL_Julho_2026.xlsx
SAO PAULO,INUBIA PAULISTA,GASOLINA,962,copy_of_D_Frota_por_UF_Municipio_COMBUSTIVEL_Julho_2026.xlsx
SAO PAULO,INUBIA PAULISTA,GASOLINA/ALCOOL/ELETRICO,3,copy_of_D_Frota_por_UF_Municipio_COMBUSTIVEL_Julho_2026.xlsx
SAO PAULO,INUBIA PAULISTA,GASOLINA/ELETRICO,1,copy_of_D_Frota_por_UF_Municipio_COMBUSTIVEL_Julho_2026.xlsx
SAO PAULO,INUBIA PAULISTA,GASOLINA/GAS NATURAL VEICULAR,1,copy_of_D_Frota_por_UF_Municipio_COMBUSTIVEL_Julho_2026.xlsx
SAO PAULO,INUBIA PAULISTA,Sem Informação,140,copy_of_D_Frota_por_UF_Municipio_COMBUSTIVEL_Julho_2026.xlsx
SAO PAULO,IPAUSSU,ALCOOL,628,copy_of_D_Frota_por_UF_Municipio_COMBUSTIVEL_Julho_2026.xlsx
SAO PAULO,IPAUSSU,ALCOOL/GASOLINA,3345,copy_of_D_Frota_por_UF_Municipio_COMBUSTIVEL_Julho_2026.xlsx
SAO PAULO,IPAUSSU,DIESEL,593,copy_of_D_Frota_por_UF_Municipio_COMBUSTIVEL_Julho_2026.xlsx
SAO PAULO,IPAUSSU,ELETRICO/FONTE EXTERNA,4,copy_of_D_Frota_por_UF_Municipio_COMBUSTIVEL_Julho_2026.xlsx
SAO PAULO,IPAUSSU,GASOLINA,3436,copy_of_D_Frota_por_UF_Municipio_COMBUSTIVEL_Julho_2026.xlsx
SAO PAULO,IPAUSSU,GASOLINA/ALCOOL/ELETRICO,7,copy_of_D_Frota_por_UF_Municipio_COMBUSTIVEL_Julho_2026.xlsx
SAO PAULO,IPAUSSU,GASOLINA/ALCOOL/GAS NATURAL,1,copy_of_D_Frota_por_UF_Municipio_COMBUSTIVEL_Julho_2026.xlsx
SAO PAULO,IPAUSSU,GASOLINA/GAS NATURAL VEICULAR,3,copy_of_D_Frota_por_UF_Municipio_COMBUSTIVEL_Julho_2026.xlsx
SAO PAULO,IPAUSSU,Sem Informação,404,copy_of_D_Frota_por_UF_Municipio_COMBUSTIVEL_Julho_2026.xlsx
SAO PAULO,IPERO,ALCOOL,944,copy_of_D_Frota_por_UF_Municipio_COMBUSTIVEL_Julho_2026.xlsx
SAO PAULO,IPERO,ALCOOL/GAS NATURAL VEICULAR,6,copy_of_D_Frota_por_UF_Municipio_COMBUSTIVEL_Julho_2026.xlsx
SAO PAULO,IPERO,ALCOOL/GASOLINA,6722,copy_of_D_Frota_por_UF_Municipio_COMBUSTIVEL_Julho_2026.xlsx
SAO PAULO,IPERO,DIESEL,859,copy_of_D_Frota_por_UF_Municipio_COMBUSTIVEL_Julho_2026.xlsx
SAO PAULO,IPERO,ELETRICO,1,copy_of_D_Frota_por_UF_Municipio_COMBUSTIVEL_Julho_2026.xlsx
SAO PAULO,IPERO,ELETRICO/FONTE EXTERNA,10,copy_of_D_Frota_por_UF_Municipio_COMBUSTIVEL_Julho_2026.xlsx
SAO PAULO,IPERO,ELETRICO/FONTE INTERNA,1,copy_of_D_Frota_por_UF_Municipio_COMBUSTIVEL_Julho_2026.xlsx
SAO PAULO,IPERO,GASOL/GAS NATURAL COMBUSTIVEL,3,copy_of_D_Frota_por_UF_Municipio_COMBUSTIVEL_Julho_2026.xlsx
SAO PAULO,IPERO,GASOLINA,7124,copy_of_D_Frota_por_UF_Municipio_COMBUSTIVEL_Julho_2026.xlsx
SAO PAULO,IPERO,GASOLINA/ALCOOL/ELETRICO,10,copy_of_D_Frota_por_UF_Municipio_COMBUSTIVEL_Julho_2026.xlsx
SAO PAULO,IPERO,GASOLINA/ALCOOL/GAS NATURAL,19,copy_of_D_Frota_por_UF_Municipio_COMBUSTIVEL_Julho_2026.xlsx
SAO PAULO,IPERO,GASOLINA/ELETRICO,13,copy_of_D_Frota_por_UF_Municipio_COMBUSTIVEL_Julho_2026.xlsx
SAO PAULO,IPERO,GASOLINA/GAS NATURAL VEICULAR,70,copy_of_D_Frota_por_UF_Municipio_COMBUSTIVEL_Julho_2026.xlsx
SAO PAULO,IPERO,HIBRIDO,3,copy_of_D_Frota_por_UF_Municipio_COMBUSTIVEL_Julho_2026.xlsx
SAO PAULO,IPERO,HIBRIDO PLUG-IN,1,copy_of_D_Frota_por_UF_Municipio_COMBUSTIVEL_Julho_2026.xlsx
SAO PAULO,IPERO,Sem Informação,427,copy_of_D_Frota_por_UF_Municipio_COMBUSTIVEL_Julho_2026.xlsx
SAO PAULO,IPEUNA,ALCOOL,325,copy_of_D_Frota_por_UF_Municipio_COMBUSTIVEL_Julho_2026.xlsx
SAO PAULO,IPEUNA,ALCOOL/GASOLINA,2204,copy_of_D_Frota_por_UF_Municipio_COMBUSTIVEL_Julho_2026.xlsx
SAO PAULO,IPEUNA,DIESEL,563,copy_of_D_Frota_por_UF_Municipio_COMBUSTIVEL_Julho_2026.xlsx
SAO PAULO,IPEUNA,ELETRICO,2,copy_of_D_Frota_por_UF_Municipio_COMBUSTIVEL_Julho_2026.xlsx
SAO PAULO,IPEUNA,ELETRICO/FONTE EXTERNA,6,copy_of_D_Frota_por_UF_Municipio_COMBUSTIVEL_Julho_2026.xlsx
SAO PAULO,IPEUNA,GASOLINA,2110,copy_of_D_Frota_por_UF_Municipio_COMBUSTIVEL_Julho_2026.xlsx
SAO PAULO,IPEUNA,GASOLINA/ALCOOL/ELETRICO,9,copy_of_D_Frota_por_UF_Municipio_COMBUSTIVEL_Julho_2026.xlsx
SAO PAULO,IPEUNA,GASOLINA/ALCOOL/GAS NATURAL,3,copy_of_D_Frota_por_UF_Municipio_COMBUSTIVEL_Julho_2026.xlsx
SAO PAULO,IPEUNA,GASOLINA/ELETRICO,10,copy_of_D_Frota_por_UF_Municipio_COMBUSTIVEL_Julho_2026.xlsx
SAO PAULO,IPEUNA,GASOLINA/GAS NATURAL VEICULAR,15,copy_of_D_Frota_por_UF_Municipio_COMBUSTIVEL_Julho_2026.xlsx
SAO PAULO,IPEUNA,HIBRIDO PLUG-IN,4,copy_of_D_Frota_por_UF_Municipio_COMBUSTIVEL_Julho_2026.xlsx
SAO PAULO,IPEUNA,Sem Informação,296,copy_of_D_Frota_por_UF_Municipio_COMBUSTIVEL_Julho_2026.xlsx
SAO PAULO,IPIGUA,ALCOOL,184,copy_of_D_Frota_por_UF_Municipio_COMBUSTIVEL_Julho_2026.xlsx
SAO PAULO,IPIGUA,ALCOOL/GASOLINA,1763,copy_of_D_Frota_por_UF_Municipio_COMBUSTIVEL_Julho_2026.xlsx
SAO PAULO,IPIGUA,DIESEL,319,copy_of_D_Frota_por_UF_Municipio_COMBUSTIVEL_Julho_2026.xlsx
SAO PAULO,IPIGUA,ELETRICO,1,copy_of_D_Frota_por_UF_Municipio_COMBUSTIVEL_Julho_2026.xlsx
SAO PAULO,IPIGUA,ELETRICO/FONTE EXTERNA,6,copy_of_D_Frota_por_UF_Municipio_COMBUSTIVEL_Julho_2026.xlsx
SAO PAULO,IPIGUA,ELETRICO/FONTE INTERNA,1,copy_of_D_Frota_por_UF_Municipio_COMBUSTIVEL_Julho_2026.xlsx
SAO PAULO,IPIGUA,GASOLINA,1198,copy_of_D_Frota_por_UF_Municipio_COMBUSTIVEL_Julho_2026.xlsx
SAO PAULO,IPIGUA,GASOLINA/ALCOOL/ELETRICO,2,copy_of_D_Frota_por_UF_Municipio_COMBUSTIVEL_Julho_2026.xlsx
SAO PAULO,IPIGUA,GASOLINA/ELETRICO,2,copy_of_D_Frota_por_UF_Municipio_COMBUSTIVEL_Julho_2026.xlsx
SAO PAULO,IPIGUA,Sem Informação,227,copy_of_D_Frota_por_UF_Municipio_COMBUSTIVEL_Julho_2026.xlsx
SAO PAULO,IPORANGA,ALCOOL,78,copy_of_D_Frota_por_UF_Municipio_COMBUSTIVEL_Julho_2026.xlsx
SAO PAULO,IPORANGA,ALCOOL/GASOLINA,642,copy_of_D_Frota_por_UF_Municipio_COMBUSTIVEL_Julho_2026.xlsx
SAO PAULO,IPORANGA,DIESEL,117,copy_of_D_Frota_por_UF_Municipio_COMBUSTIVEL_Julho_2026.xlsx
SAO PAULO,IPORANGA,GASOL/GAS NATURAL COMBUSTIVEL,1,copy_of_D_Frota_por_UF_Municipio_COMBUSTIVEL_Julho_2026.xlsx
SAO PAULO,IPORANGA,GASOLINA,656,copy_of_D_Frota_por_UF_Municipio_COMBUSTIVEL_Julho_2026.xlsx
SAO PAULO,IPORANGA,GASOLINA/ALCOOL/ELETRICO,1,copy_of_D_Frota_por_UF_Municipio_COMBUSTIVEL_Julho_2026.xlsx
SAO PAULO,IPORANGA,GASOLINA/ALCOOL/GAS NATURAL,1,copy_of_D_Frota_por_UF_Municipio_COMBUSTIVEL_Julho_2026.xlsx
SAO PAULO,IPORANGA,GASOLINA/GAS NATURAL VEICULAR,5,copy_of_D_Frota_por_UF_Municipio_COMBUSTIVEL_Julho_2026.xlsx
SAO PAULO,IPORANGA,Sem Informação,32,copy_of_D_Frota_por_UF_Municipio_COMBUSTIVEL_Julho_2026.xlsx
SAO PAULO,IPUA,ALCOOL,878,copy_of_D_Frota_por_UF_Municipio_COMBUSTIVEL_Julho_2026.xlsx
SAO PAULO,IPUA,ALCOOL/GASOLINA,4051,copy_of_D_Frota_por_UF_Municipio_COMBUSTIVEL_Julho_2026.xlsx
SAO PAULO,IPUA,DIESEL,916,copy_of_D_Frota_por_UF_Municipio_COMBUSTIVEL_Julho_2026.xlsx
SAO PAULO,IPUA,DIESEL/ELETRICO,2,copy_of_D_Frota_por_UF_Municipio_COMBUSTIVEL_Julho_2026.xlsx
SAO PAULO,IPUA,ELETRICO/FONTE EXTERNA,1,copy_of_D_Frota_por_UF_Municipio_COMBUSTIVEL_Julho_2026.xlsx
SAO PAULO,IPUA,GASOLINA,3525,copy_of_D_Frota_por_UF_Municipio_COMBUSTIVEL_Julho_2026.xlsx
SAO PAULO,IPUA,GASOLINA/ALCOOL/ELETRICO,10,copy_of_D_Frota_por_UF_Municipio_COMBUSTIVEL_Julho_2026.xlsx
SAO PAULO,IPUA,GASOLINA/ALCOOL/GAS NATURAL,1,copy_of_D_Frota_por_UF_Municipio_COMBUSTIVEL_Julho_2026.xlsx
SAO PAULO,IPUA,GASOLINA/ELETRICO,11,copy_of_D_Frota_por_UF_Municipio_COMBUSTIVEL_Julho_2026.xlsx
SAO PAULO,IPUA,GASOLINA/GAS NATURAL VEICULAR,1,copy_of_D_Frota_por_UF_Municipio_COMBUSTIVEL_Julho_2026.xlsx
SAO PAULO,IPUA,HIBRIDO,2,copy_of_D_Frota_por_UF_Municipio_COMBUSTIVEL_Julho_2026.xlsx
SAO PAULO,IPUA,HIBRIDO PLUG-IN,1,copy_of_D_Frota_por_UF_Municipio_COMBUSTIVEL_Julho_2026.xlsx
SAO PAULO,IPUA,Sem Informação,330,copy_of_D_Frota_por_UF_Municipio_COMBUSTIVEL_Julho_2026.xlsx
SAO PAULO,IRACEMAPOLIS,ALCOOL,1156,copy_of_D_Frota_por_UF_Municipio_COMBUSTIVEL_Julho_2026.xlsx
SAO PAULO,IRACEMAPOLIS,ALCOOL/GAS NATURAL COMBUSTIVEL,5,copy_of_D_Frota_por_UF_Municipio_COMBUSTIVEL_Julho_2026.xlsx
SAO PAULO,IRACEMAPOLIS,ALCOOL/GAS NATURAL VEICULAR,1,copy_of_D_Frota_por_UF_Municipio_COMBUSTIVEL_Julho_2026.xlsx
SAO PAULO,IRACEMAPOLIS,ALCOOL/GASOLINA,8427,copy_of_D_Frota_por_UF_Municipio_COMBUSTIVEL_Julho_2026.xlsx
SAO PAULO,IRACEMAPOLIS,DIESEL,1995,copy_of_D_Frota_por_UF_Municipio_COMBUSTIVEL_Julho_2026.xlsx
SAO PAULO,IRACEMAPOLIS,DIESEL/ELETRICO,3,copy_of_D_Frota_por_UF_Municipio_COMBUSTIVEL_Julho_2026.xlsx
SAO PAULO,IRACEMAPOLIS,DIESEL/GAS NATURAL VEICULAR,1,copy_of_D_Frota_por_UF_Municipio_COMBUSTIVEL_Julho_2026.xlsx
SAO PAULO,IRACEMAPOLIS,ELETRICO/FONTE EXTERNA,14,copy_of_D_Frota_por_UF_Municipio_COMBUSTIVEL_Julho_2026.xlsx
SAO PAULO,IRACEMAPOLIS,ELETRICO/FONTE INTERNA,4,copy_of_D_Frota_por_UF_Municipio_COMBUSTIVEL_Julho_2026.xlsx
SAO PAULO,IRACEMAPOLIS,GASOL/GAS NATURAL COMBUSTIVEL,14,copy_of_D_Frota_por_UF_Municipio_COMBUSTIVEL_Julho_2026.xlsx
SAO PAULO,IRACEMAPOLIS,GASOLINA,7244,copy_of_D_Frota_por_UF_Municipio_COMBUSTIVEL_Julho_2026.xlsx
SAO PAULO,IRACEMAPOLIS,GASOLINA/ALCOOL/ELETRICO,18,copy_of_D_Frota_por_UF_Municipio_COMBUSTIVEL_Julho_2026.xlsx
SAO PAULO,IRACEMAPOLIS,GASOLINA/ALCOOL/GAS NATURAL,6,copy_of_D_Frota_por_UF_Municipio_COMBUSTIVEL_Julho_2026.xlsx
SAO PAULO,IRACEMAPOLIS,GASOLINA/ELETRICO,35,copy_of_D_Frota_por_UF_Municipio_COMBUSTIVEL_Julho_2026.xlsx
SAO PAULO,IRACEMAPOLIS,GASOLINA/GAS NATURAL VEICULAR,42,copy_of_D_Frota_por_UF_Municipio_COMBUSTIVEL_Julho_2026.xlsx
SAO PAULO,IRACEMAPOLIS,HIBRIDO,10,copy_of_D_Frota_por_UF_Municipio_COMBUSTIVEL_Julho_2026.xlsx
SAO PAULO,IRACEMAPOLIS,HIBRIDO PLUG-IN,11,copy_of_D_Frota_por_UF_Municipio_COMBUSTIVEL_Julho_2026.xlsx
SAO PAULO,IRACEMAPOLIS,Sem Informação,1415,copy_of_D_Frota_por_UF_Municipio_COMBUSTIVEL_Julho_2026.xlsx
SAO PAULO,IRAPUA,ALCOOL,478,copy_of_D_Frota_por_UF_Municipio_COMBUSTIVEL_Julho_2026.xlsx
SAO PAULO,IRAPUA,ALCOOL/GASOLINA,1855,copy_of_D_Frota_por_UF_Municipio_COMBUSTIVEL_Julho_2026.xlsx
SAO PAULO,IRAPUA,DIESEL,544,copy_of_D_Frota_por_UF_Municipio_COMBUSTIVEL_Julho_2026.xlsx
SAO PAULO,IRAPUA,GASOLINA,1839,copy_of_D_Frota_por_UF_Municipio_COMBUSTIVEL_Julho_2026.xlsx
SAO PAULO,IRAPUA,GASOLINA/ALCOOL/ELETRICO,1,copy_of_D_Frota_por_UF_Municipio_COMBUSTIVEL_Julho_2026.xlsx
SAO PAULO,IRAPUA,GASOLINA/ELETRICO,2,copy_of_D_Frota_por_UF_Municipio_COMBUSTIVEL_Julho_2026.xlsx
SAO PAULO,IRAPUA,GASOLINA/GAS NATURAL VEICULAR,2,copy_of_D_Frota_por_UF_Municipio_COMBUSTIVEL_Julho_2026.xlsx
SAO PAULO,IRAPUA,HIBRIDO,2,copy_of_D_Frota_por_UF_Municipio_COMBUSTIVEL_Julho_2026.xlsx
SAO PAULO,IRAPUA,HIBRIDO PLUG-IN,1,copy_of_D_Frota_por_UF_Municipio_COMBUSTIVEL_Julho_2026.xlsx
SAO PAULO,IRAPUA,Sem Informação,284,copy_of_D_Frota_por_UF_Municipio_COMBUSTIVEL_Julho_2026.xlsx
SAO PAULO,IRAPURU,ALCOOL,500,copy_of_D_Frota_por_UF_Municipio_COMBUSTIVEL_Julho_2026.xlsx
SAO PAULO,IRAPURU,ALCOOL/GASOLINA,1491,copy_of_D_Frota_por_UF_Municipio_COMBUSTIVEL_Julho_2026.xlsx
SAO PAULO,IRAPURU,DIESEL,354,copy_of_D_Frota_por_UF_Municipio_COMBUSTIVEL_Julho_2026.xlsx
SAO PAULO,IRAPURU,ELETRICO/FONTE EXTERNA,1,copy_of_D_Frota_por_UF_Municipio_COMBUSTIVEL_Julho_2026.xlsx
SAO PAULO,IRAPURU,GASOLINA,1483,copy_of_D_Frota_por_UF_Municipio_COMBUSTIVEL_Julho_2026.xlsx
SAO PAULO,IRAPURU,GASOLINA/ALCOOL/ELETRICO,1,copy_of_D_Frota_por_UF_Municipio_COMBUSTIVEL_Julho_2026.xlsx
SAO PAULO,IRAPURU,GASOLINA/ALCOOL/GAS NATURAL,1,copy_of_D_Frota_por_UF_Municipio_COMBUSTIVEL_Julho_2026.xlsx
SAO PAULO,IRAPURU,GASOLINA/GAS NATURAL VEICULAR,1,copy_of_D_Frota_por_UF_Municipio_COMBUSTIVEL_Julho_2026.xlsx
SAO PAULO,IRAPURU,HIBRIDO PLUG-IN,1,copy_of_D_Frota_por_UF_Municipio_COMBUSTIVEL_Julho_2026.xlsx
SAO PAULO,IRAPURU,Sem Informação,195,copy_of_D_Frota_por_UF_Municipio_COMBUSTIVEL_Julho_2026.xlsx
SAO PAULO,ITABERA,ALCOOL,626,copy_of_D_Frota_por_UF_Municipio_COMBUSTIVEL_Julho_2026.xlsx
SAO PAULO,ITABERA,ALCOOL/GASOLINA,5026,copy_of_D_Frota_por_UF_Municipio_COMBUSTIVEL_Julho_2026.xlsx
SAO PAULO,ITABERA,DIESEL,1373,copy_of_D_Frota_por_UF_Municipio_COMBUSTIVEL_Julho_2026.xlsx
SAO PAULO,ITABERA,DIESEL/ELETRICO,1,copy_of_D_Frota_por_UF_Municipio_COMBUSTIVEL_Julho_2026.xlsx
SAO PAULO,ITABERA,ELETRICO/FONTE EXTERNA,4,copy_of_D_Frota_por_UF_Municipio_COMBUSTIVEL_Julho_2026.xlsx
SAO PAULO,ITABERA,ELETRICO/FONTE INTERNA,2,copy_of_D_Frota_por_UF_Municipio_COMBUSTIVEL_Julho_2026.xlsx
SAO PAULO,ITABERA,GASOLINA,4181,copy_of_D_Frota_por_UF_Municipio_COMBUSTIVEL_Julho_2026.xlsx
SAO PAULO,ITABERA,GASOLINA/ALCOOL/ELETRICO,5,copy_of_D_Frota_por_UF_Municipio_COMBUSTIVEL_Julho_2026.xlsx
SAO PAULO,ITABERA,GASOLINA/ALCOOL/GAS NATURAL,2,copy_of_D_Frota_por_UF_Municipio_COMBUSTIVEL_Julho_2026.xlsx
SAO PAULO,ITABERA,GASOLINA/ELETRICO,10,copy_of_D_Frota_por_UF_Municipio_COMBUSTIVEL_Julho_2026.xlsx
SAO PAULO,ITABERA,GASOLINA/GAS NATURAL VEICULAR,1,copy_of_D_Frota_por_UF_Municipio_COMBUSTIVEL_Julho_2026.xlsx
SAO PAULO,ITABERA,HIBRIDO PLUG-IN,4,copy_of_D_Frota_por_UF_Municipio_COMBUSTIVEL_Julho_2026.xlsx
SAO PAULO,ITABERA,Sem Informação,805,copy_of_D_Frota_por_UF_Municipio_COMBUSTIVEL_Julho_2026.xlsx
SAO PAULO,ITAI,ALCOOL,1166,copy_of_D_Frota_por_UF_Municipio_COMBUSTIVEL_Julho_2026.xlsx
SAO PAULO,ITAI,ALCOOL/GAS NATURAL VEICULAR,1,copy_of_D_Frota_por_UF_Municipio_COMBUSTIVEL_Julho_2026.xlsx
SAO PAULO,ITAI,ALCOOL/GASOLINA,6921,copy_of_D_Frota_por_UF_Municipio_COMBUSTIVEL_Julho_2026.xlsx
SAO PAULO,ITAI,DIESEL,2078,copy_of_D_Frota_por_UF_Municipio_COMBUSTIVEL_Julho_2026.xlsx
SAO PAULO,ITAI,DIESEL/ELETRICO,6,copy_of_D_Frota_por_UF_Municipio_COMBUSTIVEL_Julho_2026.xlsx
SAO PAULO,ITAI,ELETRICO/FONTE EXTERNA,9,copy_of_D_Frota_por_UF_Municipio_COMBUSTIVEL_Julho_2026.xlsx
SAO PAULO,ITAI,ELETRICO/FONTE INTERNA,3,copy_of_D_Frota_por_UF_Municipio_COMBUSTIVEL_Julho_2026.xlsx
SAO PAULO,ITAI,GASOLINA,6550,copy_of_D_Frota_por_UF_Municipio_COMBUSTIVEL_Julho_2026.xlsx
SAO PAULO,ITAI,GASOLINA/ALCOOL/ELETRICO,18,copy_of_D_Frota_por_UF_Municipio_COMBUSTIVEL_Julho_2026.xlsx
SAO PAULO,ITAI,GASOLINA/ALCOOL/GAS NATURAL,2,copy_of_D_Frota_por_UF_Municipio_COMBUSTIVEL_Julho_2026.xlsx
SAO PAULO,ITAI,GASOLINA/ELETRICO,17,copy_of_D_Frota_por_UF_Municipio_COMBUSTIVEL_Julho_2026.xlsx
SAO PAULO,ITAI,GASOLINA/GAS NATURAL VEICULAR,9,copy_of_D_Frota_por_UF_Municipio_COMBUSTIVEL_Julho_2026.xlsx
SAO PAULO,ITAI,HIBRIDO,1,copy_of_D_Frota_por_UF_Municipio_COMBUSTIVEL_Julho_2026.xlsx
SAO PAULO,ITAI,HIBRIDO PLUG-IN,1,copy_of_D_Frota_por_UF_Municipio_COMBUSTIVEL_Julho_2026.xlsx
SAO PAULO,ITAI,Sem Informação,1010,copy_of_D_Frota_por_UF_Municipio_COMBUSTIVEL_Julho_2026.xlsx
SAO PAULO,ITAJOBI,ALCOOL,1516,copy_of_D_Frota_por_UF_Municipio_COMBUSTIVEL_Julho_2026.xlsx
SAO PAULO,ITAJOBI,ALCOOL/GASOLINA,6018,copy_of_D_Frota_por_UF_Municipio_COMBUSTIVEL_Julho_2026.xlsx
SAO PAULO,ITAJOBI,DIESEL,1674,copy_of_D_Frota_por_UF_Municipio_COMBUSTIVEL_Julho_2026.xlsx
SAO PAULO,ITAJOBI,DIESEL/ELETRICO,3,copy_of_D_Frota_por_UF_Municipio_COMBUSTIVEL_Julho_2026.xlsx
SAO PAULO,ITAJOBI,ELETRICO/FONTE EXTERNA,6,copy_of_D_Frota_por_UF_Municipio_COMBUSTIVEL_Julho_2026.xlsx
SAO PAULO,ITAJOBI,GASOLINA,5058,copy_of_D_Frota_por_UF_Municipio_COMBUSTIVEL_Julho_2026.xlsx
SAO PAULO,ITAJOBI,GASOLINA/ALCOOL/ELETRICO,10,copy_of_D_Frota_por_UF_Municipio_COMBUSTIVEL_Julho_2026.xlsx
SAO PAULO,ITAJOBI,GASOLINA/ALCOOL/GAS NATURAL,1,copy_of_D_Frota_por_UF_Municipio_COMBUSTIVEL_Julho_2026.xlsx
SAO PAULO,ITAJOBI,GASOLINA/ELETRICO,5,copy_of_D_Frota_por_UF_Municipio_COMBUSTIVEL_Julho_2026.xlsx
SAO PAULO,ITAJOBI,GASOLINA/GAS NATURAL VEICULAR,3,copy_of_D_Frota_por_UF_Municipio_COMBUSTIVEL_Julho_2026.xlsx
SAO PAULO,ITAJOBI,HIBRIDO,5,copy_of_D_Frota_por_UF_Municipio_COMBUSTIVEL_Julho_2026.xlsx
SAO PAULO,ITAJOBI,HIBRIDO PLUG-IN,5,copy_of_D_Frota_por_UF_Municipio_COMBUSTIVEL_Julho_2026.xlsx
SAO PAULO,ITAJOBI,Sem Informação,714,copy_of_D_Frota_por_UF_Municipio_COMBUSTIVEL_Julho_2026.xlsx
SAO PAULO,ITAJU,ALCOOL,138,copy_of_D_Frota_por_UF_Municipio_COMBUSTIVEL_Julho_2026.xlsx
SAO PAULO,ITAJU,ALCOOL/GASOLINA,956,copy_of_D_Frota_por_UF_Municipio_COMBUSTIVEL_Julho_2026.xlsx
SAO PAULO,ITAJU,DIESEL,263,copy_of_D_Frota_por_UF_Municipio_COMBUSTIVEL_Julho_2026.xlsx
SAO PAULO,ITAJU,ELETRICO/FONTE EXTERNA,1,copy_of_D_Frota_por_UF_Municipio_COMBUSTIVEL_Julho_2026.xlsx
SAO PAULO,ITAJU,GASOLINA,653,copy_of_D_Frota_por_UF_Municipio_COMBUSTIVEL_Julho_2026.xlsx
SAO PAULO,ITAJU,GASOLINA/GAS NATURAL VEICULAR,1,copy_of_D_Frota_por_UF_Municipio_COMBUSTIVEL_Julho_2026.xlsx
SAO PAULO,ITAJU,Sem Informação,99,copy_of_D_Frota_por_UF_Municipio_COMBUSTIVEL_Julho_2026.xlsx
SAO PAULO,ITANHAEM,ALCOOL,1794,copy_of_D_Frota_por_UF_Municipio_COMBUSTIVEL_Julho_2026.xlsx
SAO PAULO,ITANHAEM,ALCOOL/GAS NATURAL COMBUSTIVEL,1,copy_of_D_Frota_por_UF_Municipio_COMBUSTIVEL_Julho_2026.xlsx
SAO PAULO,ITANHAEM,ALCOOL/GAS NATURAL VEICULAR,9,copy_of_D_Frota_por_UF_Municipio_COMBUSTIVEL_Julho_2026.xlsx
SAO PAULO,ITANHAEM,ALCOOL/GASOLINA,28264,copy_of_D_Frota_por_UF_Municipio_COMBUSTIVEL_Julho_2026.xlsx
SAO PAULO,ITANHAEM,DIESEL,3505,copy_of_D_Frota_por_UF_Municipio_COMBUSTIVEL_Julho_2026.xlsx
SAO PAULO,ITANHAEM,DIESEL/ELETRICO,1,copy_of_D_Frota_por_UF_Municipio_COMBUSTIVEL_Julho_2026.xlsx
SAO PAULO,ITANHAEM,ELETRICO,6,copy_of_D_Frota_por_UF_Municipio_COMBUSTIVEL_Julho_2026.xlsx
SAO PAULO,ITANHAEM,ELETRICO/FONTE EXTERNA,76,copy_of_D_Frota_por_UF_Municipio_COMBUSTIVEL_Julho_2026.xlsx
SAO PAULO,ITANHAEM,ELETRICO/FONTE INTERNA,14,copy_of_D_Frota_por_UF_Municipio_COMBUSTIVEL_Julho_2026.xlsx
SAO PAULO,ITANHAEM,GAS METANO,3,copy_of_D_Frota_por_UF_Municipio_COMBUSTIVEL_Julho_2026.xlsx
SAO PAULO,ITANHAEM,GASOL/GAS NATURAL COMBUSTIVEL,11,copy_of_D_Frota_por_UF_Municipio_COMBUSTIVEL_Julho_2026.xlsx
SAO PAULO,ITANHAEM,GASOLINA,27873,copy_of_D_Frota_por_UF_Municipio_COMBUSTIVEL_Julho_2026.xlsx
SAO PAULO,ITANHAEM,GASOLINA/ALCOOL/ELETRICO,71,copy_of_D_Frota_por_UF_Municipio_COMBUSTIVEL_Julho_2026.xlsx
SAO PAULO,ITANHAEM,GASOLINA/ALCOOL/GAS NATURAL,75,copy_of_D_Frota_por_UF_Municipio_COMBUSTIVEL_Julho_2026.xlsx
SAO PAULO,ITANHAEM,GASOLINA/ELETRICO,80,copy_of_D_Frota_por_UF_Municipio_COMBUSTIVEL_Julho_2026.xlsx
SAO PAULO,ITANHAEM,GASOLINA/GAS NATURAL VEICULAR,251,copy_of_D_Frota_por_UF_Municipio_COMBUSTIVEL_Julho_2026.xlsx
SAO PAULO,ITANHAEM,HIBRIDO,2,copy_of_D_Frota_por_UF_Municipio_COMBUSTIVEL_Julho_2026.xlsx
SAO PAULO,ITANHAEM,HIBRIDO PLUG-IN,15,copy_of_D_Frota_por_UF_Municipio_COMBUSTIVEL_Julho_2026.xlsx
SAO PAULO,ITANHAEM,Sem Informação,1835,copy_of_D_Frota_por_UF_Municipio_COMBUSTIVEL_Julho_2026.xlsx
SAO PAULO,ITAOCA,ALCOOL,51,copy_of_D_Frota_por_UF_Municipio_COMBUSTIVEL_Julho_2026.xlsx
SAO PAULO,ITAOCA,ALCOOL/GASOLINA,642,copy_of_D_Frota_por_UF_Municipio_COMBUSTIVEL_Julho_2026.xlsx
SAO PAULO,ITAOCA,DIESEL,105,copy_of_D_Frota_por_UF_Municipio_COMBUSTIVEL_Julho_2026.xlsx
SAO PAULO,ITAOCA,GASOLINA,661,copy_of_D_Frota_por_UF_Municipio_COMBUSTIVEL_Julho_2026.xlsx
SAO PAULO,ITAOCA,Sem Informação,29,copy_of_D_Frota_por_UF_Municipio_COMBUSTIVEL_Julho_2026.xlsx
SAO PAULO,ITAPECERICA DA SERRA,ALCOOL,5027,copy_of_D_Frota_por_UF_Municipio_COMBUSTIVEL_Julho_2026.xlsx
SAO PAULO,ITAPECERICA DA SERRA,ALCOOL/GAS NATURAL COMBUSTIVEL,7,copy_of_D_Frota_por_UF_Municipio_COMBUSTIVEL_Julho_2026.xlsx
SAO PAULO,ITAPECERICA DA SERRA,ALCOOL/GAS NATURAL VEICULAR,54,copy_of_D_Frota_por_UF_Municipio_COMBUSTIVEL_Julho_2026.xlsx
SAO PAULO,ITAPECERICA DA SERRA,ALCOOL/GASOLINA,40171,copy_of_D_Frota_por_UF_Municipio_COMBUSTIVEL_Julho_2026.xlsx
SAO PAULO,ITAPECERICA DA SERRA,DIESEL,7519,copy_of_D_Frota_por_UF_Municipio_COMBUSTIVEL_Julho_2026.xlsx
SAO PAULO,ITAPECERICA DA SERRA,DIESEL/ELETRICO,2,copy_of_D_Frota_por_UF_Municipio_COMBUSTIVEL_Julho_2026.xlsx
SAO PAULO,ITAPECERICA DA SERRA,ELETRICO,3,copy_of_D_Frota_por_UF_Municipio_COMBUSTIVEL_Julho_2026.xlsx
SAO PAULO,ITAPECERICA DA SERRA,ELETRICO/FONTE EXTERNA,88,copy_of_D_Frota_por_UF_Municipio_COMBUSTIVEL_Julho_2026.xlsx
SAO PAULO,ITAPECERICA DA SERRA,ELETRICO/FONTE INTERNA,7,copy_of_D_Frota_por_UF_Municipio_COMBUSTIVEL_Julho_2026.xlsx
SAO PAULO,ITAPECERICA DA SERRA,GAS METANO,14,copy_of_D_Frota_por_UF_Municipio_COMBUSTIVEL_Julho_2026.xlsx
SAO PAULO,ITAPECERICA DA SERRA,GAS NATURAL VEICULAR,4,copy_of_D_Frota_por_UF_Municipio_COMBUSTIVEL_Julho_2026.xlsx
SAO PAULO,ITAPECERICA DA SERRA,GASOL/GAS NATURAL COMBUSTIVEL,19,copy_of_D_Frota_por_UF_Municipio_COMBUSTIVEL_Julho_2026.xlsx
SAO PAULO,ITAPECERICA DA SERRA,GASOLINA,46056,copy_of_D_Frota_por_UF_Municipio_COMBUSTIVEL_Julho_2026.xlsx
SAO PAULO,ITAPECERICA DA SERRA,GASOLINA/ALCOOL/ELETRICO,107,copy_of_D_Frota_por_UF_Municipio_COMBUSTIVEL_Julho_2026.xlsx
SAO PAULO,ITAPECERICA DA SERRA,GASOLINA/ALCOOL/GAS NATURAL,171,copy_of_D_Frota_por_UF_Municipio_COMBUSTIVEL_Julho_2026.xlsx
SAO PAULO,ITAPECERICA DA SERRA,GASOLINA/ELETRICO,90,copy_of_D_Frota_por_UF_Municipio_COMBUSTIVEL_Julho_2026.xlsx
SAO PAULO,ITAPECERICA DA SERRA,GASOLINA/GAS NATURAL VEICULAR,595,copy_of_D_Frota_por_UF_Municipio_COMBUSTIVEL_Julho_2026.xlsx
SAO PAULO,ITAPECERICA DA SERRA,HIBRIDO,10,copy_of_D_Frota_por_UF_Municipio_COMBUSTIVEL_Julho_2026.xlsx
SAO PAULO,ITAPECERICA DA SERRA,HIBRIDO PLUG-IN,19,copy_of_D_Frota_por_UF_Municipio_COMBUSTIVEL_Julho_2026.xlsx
SAO PAULO,ITAPECERICA DA SERRA,Sem Informação,2053,copy_of_D_Frota_por_UF_Municipio_COMBUSTIVEL_Julho_2026.xlsx
SAO PAULO,ITAPETININGA,ALCOOL,5398,copy_of_D_Frota_por_UF_Municipio_COMBUSTIVEL_Julho_2026.xlsx
SAO PAULO,ITAPETININGA,ALCOOL/GAS NATURAL VEICULAR,2,copy_of_D_Frota_por_UF_Municipio_COMBUSTIVEL_Julho_2026.xlsx
SAO PAULO,ITAPETININGA,ALCOOL/GASOLINA,52033,copy_of_D_Frota_por_UF_Municipio_COMBUSTIVEL_Julho_2026.xlsx
SAO PAULO,ITAPETININGA,DIESEL,8258,copy_of_D_Frota_por_UF_Municipio_COMBUSTIVEL_Julho_2026.xlsx
SAO PAULO,ITAPETININGA,DIESEL/ELETRICO,5,copy_of_D_Frota_por_UF_Municipio_COMBUSTIVEL_Julho_2026.xlsx
SAO PAULO,ITAPETININGA,ELETRICO,9,copy_of_D_Frota_por_UF_Municipio_COMBUSTIVEL_Julho_2026.xlsx
SAO PAULO,ITAPETININGA,ELETRICO/FONTE EXTERNA,165,copy_of_D_Frota_por_UF_Municipio_COMBUSTIVEL_Julho_2026.xlsx
SAO PAULO,ITAPETININGA,ELETRICO/FONTE INTERNA,24,copy_of_D_Frota_por_UF_Municipio_COMBUSTIVEL_Julho_2026.xlsx
SAO PAULO,ITAPETININGA,GASOL/GAS NATURAL COMBUSTIVEL,2,copy_of_D_Frota_por_UF_Municipio_COMBUSTIVEL_Julho_2026.xlsx
SAO PAULO,ITAPETININGA,GASOLINA,53829,copy_of_D_Frota_por_UF_Municipio_COMBUSTIVEL_Julho_2026.xlsx
SAO PAULO,ITAPETININGA,GASOLINA/ALCOOL/ELETRICO,119,copy_of_D_Frota_por_UF_Municipio_COMBUSTIVEL_Julho_2026.xlsx
SAO PAULO,ITAPETININGA,GASOLINA/ALCOOL/GAS NATURAL,54,copy_of_D_Frota_por_UF_Municipio_COMBUSTIVEL_Julho_2026.xlsx
SAO PAULO,ITAPETININGA,GASOLINA/ELETRICO,289,copy_of_D_Frota_por_UF_Municipio_COMBUSTIVEL_Julho_2026.xlsx
SAO PAULO,ITAPETININGA,GASOLINA/GAS NATURAL VEICULAR,141,copy_of_D_Frota_por_UF_Municipio_COMBUSTIVEL_Julho_2026.xlsx
SAO PAULO,ITAPETININGA,HIBRIDO,5,copy_of_D_Frota_por_UF_Municipio_COMBUSTIVEL_Julho_2026.xlsx
SAO PAULO,ITAPETININGA,HIBRIDO PLUG-IN,27,copy_of_D_Frota_por_UF_Municipio_COMBUSTIVEL_Julho_2026.xlsx
SAO PAULO,ITAPETININGA,Sem Informação,4189,copy_of_D_Frota_por_UF_Municipio_COMBUSTIVEL_Julho_2026.xlsx
SAO PAULO,ITAPEVA,ALCOOL,3831,copy_of_D_Frota_por_UF_Municipio_COMBUSTIVEL_Julho_2026.xlsx
SAO PAULO,ITAPEVA,ALCOOL/GAS NATURAL COMBUSTIVEL,1,copy_of_D_Frota_por_UF_Municipio_COMBUSTIVEL_Julho_2026.xlsx
SAO PAULO,ITAPEVA,ALCOOL/GAS NATURAL VEICULAR,3,copy_of_D_Frota_por_UF_Municipio_COMBUSTIVEL_Julho_2026.xlsx
SAO PAULO,ITAPEVA,ALCOOL/GASOLINA,30153,copy_of_D_Frota_por_UF_Municipio_COMBUSTIVEL_Julho_2026.xlsx
SAO PAULO,ITAPEVA,DIESEL,7064,copy_of_D_Frota_por_UF_Municipio_COMBUSTIVEL_Julho_2026.xlsx
SAO PAULO,ITAPEVA,DIESEL/ELETRICO,4,copy_of_D_Frota_por_UF_Municipio_COMBUSTIVEL_Julho_2026.xlsx
SAO PAULO,ITAPEVA,ELETRICO,6,copy_of_D_Frota_por_UF_Municipio_COMBUSTIVEL_Julho_2026.xlsx
SAO PAULO,ITAPEVA,ELETRICO/FONTE EXTERNA,33,copy_of_D_Frota_por_UF_Municipio_COMBUSTIVEL_Julho_2026.xlsx
SAO PAULO,ITAPEVA,ELETRICO/FONTE INTERNA,7,copy_of_D_Frota_por_UF_Municipio_COMBUSTIVEL_Julho_2026.xlsx
SAO PAULO,ITAPEVA,GASOLINA,29763,copy_of_D_Frota_por_UF_Municipio_COMBUSTIVEL_Julho_2026.xlsx
SAO PAULO,ITAPEVA,GASOLINA/ALCOOL/ELETRICO,85,copy_of_D_Frota_por_UF_Municipio_COMBUSTIVEL_Julho_2026.xlsx
SAO PAULO,ITAPEVA,GASOLINA/ALCOOL/GAS NATURAL,30,copy_of_D_Frota_por_UF_Municipio_COMBUSTIVEL_Julho_2026.xlsx
SAO PAULO,ITAPEVA,GASOLINA/ELETRICO,96,copy_of_D_Frota_por_UF_Municipio_COMBUSTIVEL_Julho_2026.xlsx
SAO PAULO,ITAPEVA,GASOLINA/GAS NATURAL VEICULAR,41,copy_of_D_Frota_por_UF_Municipio_COMBUSTIVEL_Julho_2026.xlsx
SAO PAULO,ITAPEVA,HIBRIDO,9,copy_of_D_Frota_por_UF_Municipio_COMBUSTIVEL_Julho_2026.xlsx
SAO PAULO,ITAPEVA,HIBRIDO PLUG-IN,18,copy_of_D_Frota_por_UF_Municipio_COMBUSTIVEL_Julho_2026.xlsx
SAO PAULO,ITAPEVA,Sem Informação,4358,copy_of_D_Frota_por_UF_Municipio_COMBUSTIVEL_Julho_2026.xlsx
SAO PAULO,ITAPEVI,ALCOOL,6391,copy_of_D_Frota_por_UF_Municipio_COMBUSTIVEL_Julho_2026.xlsx
SAO PAULO,ITAPEVI,ALCOOL/GAS NATURAL COMBUSTIVEL,3,copy_of_D_Frota_por_UF_Municipio_COMBUSTIVEL_Julho_2026.xlsx
SAO PAULO,ITAPEVI,ALCOOL/GAS NATURAL VEICULAR,47,copy_of_D_Frota_por_UF_Municipio_COMBUSTIVEL_Julho_2026.xlsx
SAO PAULO,ITAPEVI,ALCOOL/GASOLINA,56374,copy_of_D_Frota_por_UF_Municipio_COMBUSTIVEL_Julho_2026.xlsx
SAO PAULO,ITAPEVI,DIESEL,6228,copy_of_D_Frota_por_UF_Municipio_COMBUSTIVEL_Julho_2026.xlsx
SAO PAULO,ITAPEVI,DIESEL/ELETRICO,4,copy_of_D_Frota_por_UF_Municipio_COMBUSTIVEL_Julho_2026.xlsx
SAO PAULO,ITAPEVI,DIESEL/GAS NATURAL VEICULAR,6,copy_of_D_Frota_por_UF_Municipio_COMBUSTIVEL_Julho_2026.xlsx
SAO PAULO,ITAPEVI,ELETRICO,10,copy_of_D_Frota_por_UF_Municipio_COMBUSTIVEL_Julho_2026.xlsx
SAO PAULO,ITAPEVI,ELETRICO/FONTE EXTERNA,149,copy_of_D_Frota_por_UF_Municipio_COMBUSTIVEL_Julho_2026.xlsx
SAO PAULO,ITAPEVI,ELETRICO/FONTE INTERNA,14,copy_of_D_Frota_por_UF_Municipio_COMBUSTIVEL_Julho_2026.xlsx
SAO PAULO,ITAPEVI,GAS METANO,12,copy_of_D_Frota_por_UF_Municipio_COMBUSTIVEL_Julho_2026.xlsx
SAO PAULO,ITAPEVI,GAS NATURAL VEICULAR,1,copy_of_D_Frota_por_UF_Municipio_COMBUSTIVEL_Julho_2026.xlsx
SAO PAULO,ITAPEVI,GASOGENIO,1,copy_of_D_Frota_por_UF_Municipio_COMBUSTIVEL_Julho_2026.xlsx
SAO PAULO,ITAPEVI,GASOL/GAS NATURAL COMBUSTIVEL,40,copy_of_D_Frota_por_UF_Municipio_COMBUSTIVEL_Julho_2026.xlsx
SAO PAULO,ITAPEVI,GASOLINA,60189,copy_of_D_Frota_por_UF_Municipio_COMBUSTIVEL_Julho_2026.xlsx
SAO PAULO,ITAPEVI,GASOLINA/ALCOOL/ELETRICO,116,copy_of_D_Frota_por_UF_Municipio_COMBUSTIVEL_Julho_2026.xlsx
SAO PAULO,ITAPEVI,GASOLINA/ALCOOL/GAS NATURAL,206,copy_of_D_Frota_por_UF_Municipio_COMBUSTIVEL_Julho_2026.xlsx
SAO PAULO,ITAPEVI,GASOLINA/ELETRICO,136,copy_of_D_Frota_por_UF_Municipio_COMBUSTIVEL_Julho_2026.xlsx
SAO PAULO,ITAPEVI,GASOLINA/GAS NATURAL VEICULAR,833,copy_of_D_Frota_por_UF_Municipio_COMBUSTIVEL_Julho_2026.xlsx
SAO PAULO,ITAPEVI,HIBRIDO,4,copy_of_D_Frota_por_UF_Municipio_COMBUSTIVEL_Julho_2026.xlsx
SAO PAULO,ITAPEVI,HIBRIDO PLUG-IN,11,copy_of_D_Frota_por_UF_Municipio_COMBUSTIVEL_Julho_2026.xlsx
SAO PAULO,ITAPEVI,Sem Informação,1573,copy_of_D_Frota_por_UF_Municipio_COMBUSTIVEL_Julho_2026.xlsx
SAO PAULO,ITAPIRA,ALCOOL,2941,copy_of_D_Frota_por_UF_Municipio_COMBUSTIVEL_Julho_2026.xlsx
SAO PAULO,ITAPIRA,ALCOOL/GAS NATURAL COMBUSTIVEL,1,copy_of_D_Frota_por_UF_Municipio_COMBUSTIVEL_Julho_2026.xlsx
SAO PAULO,ITAPIRA,ALCOOL/GAS NATURAL VEICULAR,1,copy_of_D_Frota_por_UF_Municipio_COMBUSTIVEL_Julho_2026.xlsx
SAO PAULO,ITAPIRA,ALCOOL/GASOLINA,26472,copy_of_D_Frota_por_UF_Municipio_COMBUSTIVEL_Julho_2026.xlsx
SAO PAULO,ITAPIRA,DIESEL,4478,copy_of_D_Frota_por_UF_Municipio_COMBUSTIVEL_Julho_2026.xlsx
SAO PAULO,ITAPIRA,DIESEL/ELETRICO,4,copy_of_D_Frota_por_UF_Municipio_COMBUSTIVEL_Julho_2026.xlsx
SAO PAULO,ITAPIRA,ELETRICO,8,copy_of_D_Frota_por_UF_Municipio_COMBUSTIVEL_Julho_2026.xlsx
SAO PAULO,ITAPIRA,ELETRICO/FONTE EXTERNA,62,copy_of_D_Frota_por_UF_Municipio_COMBUSTIVEL_Julho_2026.xlsx
SAO PAULO,ITAPIRA,ELETRICO/FONTE INTERNA,2,copy_of_D_Frota_por_UF_Municipio_COMBUSTIVEL_Julho_2026.xlsx
SAO PAULO,ITAPIRA,GASOLINA,32665,copy_of_D_Frota_por_UF_Municipio_COMBUSTIVEL_Julho_2026.xlsx
SAO PAULO,ITAPIRA,GASOLINA/ALCOOL/ELETRICO,81,copy_of_D_Frota_por_UF_Municipio_COMBUSTIVEL_Julho_2026.xlsx
SAO PAULO,ITAPIRA,GASOLINA/ALCOOL/GAS NATURAL,12,copy_of_D_Frota_por_UF_Municipio_COMBUSTIVEL_Julho_2026.xlsx
SAO PAULO,ITAPIRA,GASOLINA/ELETRICO,76,copy_of_D_Frota_por_UF_Municipio_COMBUSTIVEL_Julho_2026.xlsx
SAO PAULO,ITAPIRA,GASOLINA/GAS NATURAL VEICULAR,53,copy_of_D_Frota_por_UF_Municipio_COMBUSTIVEL_Julho_2026.xlsx
SAO PAULO,ITAPIRA,HIBRIDO,11,copy_of_D_Frota_por_UF_Municipio_COMBUSTIVEL_Julho_2026.xlsx
SAO PAULO,ITAPIRA,HIBRIDO PLUG-IN,18,copy_of_D_Frota_por_UF_Municipio_COMBUSTIVEL_Julho_2026.xlsx
SAO PAULO,ITAPIRA,Sem Informação,1520,copy_of_D_Frota_por_UF_Municipio_COMBUSTIVEL_Julho_2026.xlsx
SAO PAULO,ITAPIRAPUA PAULISTA,ALCOOL,71,copy_of_D_Frota_por_UF_Municipio_COMBUSTIVEL_Julho_2026.xlsx
SAO PAULO,ITAPIRAPUA PAULISTA,ALCOOL/GASOLINA,892,copy_of_D_Frota_por_UF_Municipio_COMBUSTIVEL_Julho_2026.xlsx
SAO PAULO,ITAPIRAPUA PAULISTA,DIESEL,218,copy_of_D_Frota_por_UF_Municipio_COMBUSTIVEL_Julho_2026.xlsx
SAO PAULO,ITAPIRAPUA PAULISTA,GASOLINA,847,copy_of_D_Frota_por_UF_Municipio_COMBUSTIVEL_Julho_2026.xlsx
SAO PAULO,ITAPIRAPUA PAULISTA,GASOLINA/GAS NATURAL VEICULAR,1,copy_of_D_Frota_por_UF_Municipio_COMBUSTIVEL_Julho_2026.xlsx
SAO PAULO,ITAPIRAPUA PAULISTA,Sem Informação,34,copy_of_D_Frota_por_UF_Municipio_COMBUSTIVEL_Julho_2026.xlsx
SAO PAULO,ITAPOLIS,ALCOOL,3520,copy_of_D_Frota_por_UF_Municipio_COMBUSTIVEL_Julho_2026.xlsx
SAO PAULO,ITAPOLIS,ALCOOL/GAS NATURAL VEICULAR,2,copy_of_D_Frota_por_UF_Municipio_COMBUSTIVEL_Julho_2026.xlsx
SAO PAULO,ITAPOLIS,ALCOOL/GASOLINA,14320,copy_of_D_Frota_por_UF_Municipio_COMBUSTIVEL_Julho_2026.xlsx
SAO PAULO,ITAPOLIS,DIESEL,3723,copy_of_D_Frota_por_UF_Municipio_COMBUSTIVEL_Julho_2026.xlsx
SAO PAULO,ITAPOLIS,DIESEL/ELETRICO,3,copy_of_D_Frota_por_UF_Municipio_COMBUSTIVEL_Julho_2026.xlsx
SAO PAULO,ITAPOLIS,ELETRICO,3,copy_of_D_Frota_por_UF_Municipio_COMBUSTIVEL_Julho_2026.xlsx
SAO PAULO,ITAPOLIS,ELETRICO/FONTE EXTERNA,12,copy_of_D_Frota_por_UF_Municipio_COMBUSTIVEL_Julho_2026.xlsx
SAO PAULO,ITAPOLIS,ELETRICO/FONTE INTERNA,5,copy_of_D_Frota_por_UF_Municipio_COMBUSTIVEL_Julho_2026.xlsx
SAO PAULO,ITAPOLIS,GASOL/GAS NATURAL COMBUSTIVEL,1,copy_of_D_Frota_por_UF_Municipio_COMBUSTIVEL_Julho_2026.xlsx
SAO PAULO,ITAPOLIS,GASOLINA,15891,copy_of_D_Frota_por_UF_Municipio_COMBUSTIVEL_Julho_2026.xlsx
SAO PAULO,ITAPOLIS,GASOLINA/ALCOOL/ELETRICO,37,copy_of_D_Frota_por_UF_Municipio_COMBUSTIVEL_Julho_2026.xlsx
SAO PAULO,ITAPOLIS,GASOLINA/ALCOOL/GAS NATURAL,4,copy_of_D_Frota_por_UF_Municipio_COMBUSTIVEL_Julho_2026.xlsx
SAO PAULO,ITAPOLIS,GASOLINA/ELETRICO,41,copy_of_D_Frota_por_UF_Municipio_COMBUSTIVEL_Julho_2026.xlsx
SAO PAULO,ITAPOLIS,GASOLINA/GAS NATURAL VEICULAR,12,copy_of_D_Frota_por_UF_Municipio_COMBUSTIVEL_Julho_2026.xlsx
SAO PAULO,ITAPOLIS,HIBRIDO,10,copy_of_D_Frota_por_UF_Municipio_COMBUSTIVEL_Julho_2026.xlsx
SAO PAULO,ITAPOLIS,HIBRIDO PLUG-IN,12,copy_of_D_Frota_por_UF_Municipio_COMBUSTIVEL_Julho_2026.xlsx
SAO PAULO,ITAPOLIS,Sem Informação,1682,copy_of_D_Frota_por_UF_Municipio_COMBUSTIVEL_Julho_2026.xlsx
SAO PAULO,ITAPORANGA,ALCOOL,595,copy_of_D_Frota_por_UF_Municipio_COMBUSTIVEL_Julho_2026.xlsx
SAO PAULO,ITAPORANGA,ALCOOL/GAS NATURAL VEICULAR,1,copy_of_D_Frota_por_UF_Municipio_COMBUSTIVEL_Julho_2026.xlsx
SAO PAULO,ITAPORANGA,ALCOOL/GASOLINA,3646,copy_of_D_Frota_por_UF_Municipio_COMBUSTIVEL_Julho_2026.xlsx
SAO PAULO,ITAPORANGA,DIESEL,939,copy_of_D_Frota_por_UF_Municipio_COMBUSTIVEL_Julho_2026.xlsx
SAO PAULO,ITAPORANGA,DIESEL/ELETRICO,1,copy_of_D_Frota_por_UF_Municipio_COMBUSTIVEL_Julho_2026.xlsx
SAO PAULO,ITAPORANGA,ELETRICO/FONTE EXTERNA,3,copy_of_D_Frota_por_UF_Municipio_COMBUSTIVEL_Julho_2026.xlsx
SAO PAULO,ITAPORANGA,GASOLINA,3710,copy_of_D_Frota_por_UF_Municipio_COMBUSTIVEL_Julho_2026.xlsx
SAO PAULO,ITAPORANGA,GASOLINA/ALCOOL/ELETRICO,3,copy_of_D_Frota_por_UF_Municipio_COMBUSTIVEL_Julho_2026.xlsx
SAO PAULO,ITAPORANGA,GASOLINA/ALCOOL/GAS NATURAL,2,copy_of_D_Frota_por_UF_Municipio_COMBUSTIVEL_Julho_2026.xlsx
SAO PAULO,ITAPORANGA,GASOLINA/ELETRICO,3,copy_of_D_Frota_por_UF_Municipio_COMBUSTIVEL_Julho_2026.xlsx
SAO PAULO,ITAPORANGA,GASOLINA/GAS NATURAL VEICULAR,5,copy_of_D_Frota_por_UF_Municipio_COMBUSTIVEL_Julho_2026.xlsx
SAO PAULO,ITAPORANGA,HIBRIDO,1,copy_of_D_Frota_por_UF_Municipio_COMBUSTIVEL_Julho_2026.xlsx
SAO PAULO,ITAPORANGA,HIBRIDO PLUG-IN,1,copy_of_D_Frota_por_UF_Municipio_COMBUSTIVEL_Julho_2026.xlsx
SAO PAULO,ITAPORANGA,Sem Informação,530,copy_of_D_Frota_por_UF_Municipio_COMBUSTIVEL_Julho_2026.xlsx
SAO PAULO,ITAPUI,ALCOOL,541,copy_of_D_Frota_por_UF_Municipio_COMBUSTIVEL_Julho_2026.xlsx
SAO PAULO,ITAPUI,ALCOOL/GAS NATURAL VEICULAR,2,copy_of_D_Frota_por_UF_Municipio_COMBUSTIVEL_Julho_2026.xlsx
SAO PAULO,ITAPUI,ALCOOL/GASOLINA,3559,copy_of_D_Frota_por_UF_Municipio_COMBUSTIVEL_Julho_2026.xlsx
SAO PAULO,ITAPUI,DIESEL,963,copy_of_D_Frota_por_UF_Municipio_COMBUSTIVEL_Julho_2026.xlsx
SAO PAULO,ITAPUI,DIESEL/ELETRICO,1,copy_of_D_Frota_por_UF_Municipio_COMBUSTIVEL_Julho_2026.xlsx
SAO PAULO,ITAPUI,ELETRICO/FONTE EXTERNA,3,copy_of_D_Frota_por_UF_Municipio_COMBUSTIVEL_Julho_2026.xlsx
SAO PAULO,ITAPUI,ELETRICO/FONTE INTERNA,1,copy_of_D_Frota_por_UF_Municipio_COMBUSTIVEL_Julho_2026.xlsx
SAO PAULO,ITAPUI,GASOLINA,3919,copy_of_D_Frota_por_UF_Municipio_COMBUSTIVEL_Julho_2026.xlsx
SAO PAULO,ITAPUI,GASOLINA/ALCOOL/ELETRICO,5,copy_of_D_Frota_por_UF_Municipio_COMBUSTIVEL_Julho_2026.xlsx
SAO PAULO,ITAPUI,GASOLINA/ELETRICO,13,copy_of_D_Frota_por_UF_Municipio_COMBUSTIVEL_Julho_2026.xlsx
SAO PAULO,ITAPUI,GASOLINA/GAS NATURAL VEICULAR,3,copy_of_D_Frota_por_UF_Municipio_COMBUSTIVEL_Julho_2026.xlsx
SAO PAULO,ITAPUI,HIBRIDO,1,copy_of_D_Frota_por_UF_Municipio_COMBUSTIVEL_Julho_2026.xlsx
SAO PAULO,ITAPUI,HIBRIDO PLUG-IN,1,copy_of_D_Frota_por_UF_Municipio_COMBUSTIVEL_Julho_2026.xlsx
SAO PAULO,ITAPUI,Sem Informação,268,copy_of_D_Frota_por_UF_Municipio_COMBUSTIVEL_Julho_2026.xlsx
SAO PAULO,ITAPURA,ALCOOL,178,copy_of_D_Frota_por_UF_Municipio_COMBUSTIVEL_Julho_2026.xlsx
SAO PAULO,ITAPURA,ALCOOL/GASOLINA,790,copy_of_D_Frota_por_UF_Municipio_COMBUSTIVEL_Julho_2026.xlsx
SAO PAULO,ITAPURA,DIESEL,143,copy_of_D_Frota_por_UF_Municipio_COMBUSTIVEL_Julho_2026.xlsx
SAO PAULO,ITAPURA,ELETRICO/FONTE EXTERNA,1,copy_of_D_Frota_por_UF_Municipio_COMBUSTIVEL_Julho_2026.xlsx
SAO PAULO,ITAPURA,GASOL/GAS NATURAL COMBUSTIVEL,1,copy_of_D_Frota_por_UF_Municipio_COMBUSTIVEL_Julho_2026.xlsx
SAO PAULO,ITAPURA,GASOLINA,934,copy_of_D_Frota_por_UF_Municipio_COMBUSTIVEL_Julho_2026.xlsx
SAO PAULO,ITAPURA,GASOLINA/GAS NATURAL VEICULAR,5,copy_of_D_Frota_por_UF_Municipio_COMBUSTIVEL_Julho_2026.xlsx
SAO PAULO,ITAPURA,Sem Informação,176,copy_of_D_Frota_por_UF_Municipio_COMBUSTIVEL_Julho_2026.xlsx
SAO PAULO,ITAQUAQUECETUBA,ALCOOL,7299,copy_of_D_Frota_por_UF_Municipio_COMBUSTIVEL_Julho_2026.xlsx
SAO PAULO,ITAQUAQUECETUBA,ALCOOL/GAS NATURAL COMBUSTIVEL,10,copy_of_D_Frota_por_UF_Municipio_COMBUSTIVEL_Julho_2026.xlsx
SAO PAULO,ITAQUAQUECETUBA,ALCOOL/GAS NATURAL VEICULAR,119,copy_of_D_Frota_por_UF_Municipio_COMBUSTIVEL_Julho_2026.xlsx
SAO PAULO,ITAQUAQUECETUBA,ALCOOL/GASOLINA,84416,copy_of_D_Frota_por_UF_Municipio_COMBUSTIVEL_Julho_2026.xlsx
SAO PAULO,ITAQUAQUECETUBA,DIESEL,9487,copy_of_D_Frota_por_UF_Municipio_COMBUSTIVEL_Julho_2026.xlsx
SAO PAULO,ITAQUAQUECETUBA,DIESEL/ELETRICO,2,copy_of_D_Frota_por_UF_Municipio_COMBUSTIVEL_Julho_2026.xlsx
SAO PAULO,ITAQUAQUECETUBA,DIESEL/GAS NATURAL VEICULAR,1,copy_of_D_Frota_por_UF_Municipio_COMBUSTIVEL_Julho_2026.xlsx
SAO PAULO,ITAQUAQUECETUBA,ELETRICO,11,copy_of_D_Frota_por_UF_Municipio_COMBUSTIVEL_Julho_2026.xlsx
SAO PAULO,ITAQUAQUECETUBA,ELETRICO/FONTE EXTERNA,139,copy_of_D_Frota_por_UF_Municipio_COMBUSTIVEL_Julho_2026.xlsx
SAO PAULO,ITAQUAQUECETUBA,ELETRICO/FONTE INTERNA,15,copy_of_D_Frota_por_UF_Municipio_COMBUSTIVEL_Julho_2026.xlsx
SAO PAULO,ITAQUAQUECETUBA,GAS METANO,16,copy_of_D_Frota_por_UF_Municipio_COMBUSTIVEL_Julho_2026.xlsx
SAO PAULO,ITAQUAQUECETUBA,GASOL/GAS NATURAL COMBUSTIVEL,46,copy_of_D_Frota_por_UF_Municipio_COMBUSTIVEL_Julho_2026.xlsx
SAO PAULO,ITAQUAQUECETUBA,GASOLINA,72192,copy_of_D_Frota_por_UF_Municipio_COMBUSTIVEL_Julho_2026.xlsx
SAO PAULO,ITAQUAQUECETUBA,GASOLINA/ALCOOL/ELETRICO,154,copy_of_D_Frota_por_UF_Municipio_COMBUSTIVEL_Julho_2026.xlsx
SAO PAULO,ITAQUAQUECETUBA,GASOLINA/ALCOOL/GAS NATURAL,547,copy_of_D_Frota_por_UF_Municipio_COMBUSTIVEL_Julho_2026.xlsx
SAO PAULO,ITAQUAQUECETUBA,GASOLINA/ELETRICO,130,copy_of_D_Frota_por_UF_Municipio_COMBUSTIVEL_Julho_2026.xlsx
SAO PAULO,ITAQUAQUECETUBA,GASOLINA/GAS NATURAL VEICULAR,1630,copy_of_D_Frota_por_UF_Municipio_COMBUSTIVEL_Julho_2026.xlsx
SAO PAULO,ITAQUAQUECETUBA,HIBRIDO,13,copy_of_D_Frota_por_UF_Municipio_COMBUSTIVEL_Julho_2026.xlsx
SAO PAULO,ITAQUAQUECETUBA,HIBRIDO PLUG-IN,32,copy_of_D_Frota_por_UF_Municipio_COMBUSTIVEL_Julho_2026.xlsx
SAO PAULO,ITAQUAQUECETUBA,Sem Informação,2891,copy_of_D_Frota_por_UF_Municipio_COMBUSTIVEL_Julho_2026.xlsx
SAO PAULO,ITARARE,ALCOOL,1455,copy_of_D_Frota_por_UF_Municipio_COMBUSTIVEL_Julho_2026.xlsx
SAO PAULO,ITARARE,ALCOOL/GAS NATURAL VEICULAR,1,copy_of_D_Frota_por_UF_Municipio_COMBUSTIVEL_Julho_2026.xlsx
SAO PAULO,ITARARE,ALCOOL/GASOLINA,12444,copy_of_D_Frota_por_UF_Municipio_COMBUSTIVEL_Julho_2026.xlsx
SAO PAULO,ITARARE,DIESEL,2778,copy_of_D_Frota_por_UF_Municipio_COMBUSTIVEL_Julho_2026.xlsx
SAO PAULO,ITARARE,DIESEL/ELETRICO,1,copy_of_D_Frota_por_UF_Municipio_COMBUSTIVEL_Julho_2026.xlsx
SAO PAULO,ITARARE,ELETRICO/FONTE EXTERNA,5,copy_of_D_Frota_por_UF_Municipio_COMBUSTIVEL_Julho_2026.xlsx
SAO PAULO,ITARARE,ELETRICO/FONTE INTERNA,1,copy_of_D_Frota_por_UF_Municipio_COMBUSTIVEL_Julho_2026.xlsx
SAO PAULO,ITARARE,GAS METANO,1,copy_of_D_Frota_por_UF_Municipio_COMBUSTIVEL_Julho_2026.xlsx
SAO PAULO,ITARARE,GASOLINA,13027,copy_of_D_Frota_por_UF_Municipio_COMBUSTIVEL_Julho_2026.xlsx
SAO PAULO,ITARARE,GASOLINA/ALCOOL/ELETRICO,17,copy_of_D_Frota_por_UF_Municipio_COMBUSTIVEL_Julho_2026.xlsx
SAO PAULO,ITARARE,GASOLINA/ALCOOL/GAS NATURAL,5,copy_of_D_Frota_por_UF_Municipio_COMBUSTIVEL_Julho_2026.xlsx
SAO PAULO,ITARARE,GASOLINA/ELETRICO,16,copy_of_D_Frota_por_UF_Municipio_COMBUSTIVEL_Julho_2026.xlsx
SAO PAULO,ITARARE,GASOLINA/GAS NATURAL VEICULAR,9,copy_of_D_Frota_por_UF_Municipio_COMBUSTIVEL_Julho_2026.xlsx
SAO PAULO,ITARARE,HIBRIDO,4,copy_of_D_Frota_por_UF_Municipio_COMBUSTIVEL_Julho_2026.xlsx
SAO PAULO,ITARARE,HIBRIDO PLUG-IN,6,copy_of_D_Frota_por_UF_Municipio_COMBUSTIVEL_Julho_2026.xlsx
SAO PAULO,ITARARE,Sem Informação,1128,copy_of_D_Frota_por_UF_Municipio_COMBUSTIVEL_Julho_2026.xlsx
SAO PAULO,ITARIRI,ALCOOL,207,copy_of_D_Frota_por_UF_Municipio_COMBUSTIVEL_Julho_2026.xlsx
SAO PAULO,ITARIRI,ALCOOL/GAS NATURAL VEICULAR,1,copy_of_D_Frota_por_UF_Municipio_COMBUSTIVEL_Julho_2026.xlsx
SAO PAULO,ITARIRI,ALCOOL/GASOLINA,2730,copy_of_D_Frota_por_UF_Municipio_COMBUSTIVEL_Julho_2026.xlsx
SAO PAULO,ITARIRI,DIESEL,939,copy_of_D_Frota_por_UF_Municipio_COMBUSTIVEL_Julho_2026.xlsx
SAO PAULO,ITARIRI,ELETRICO/FONTE EXTERNA,4,copy_of_D_Frota_por_UF_Municipio_COMBUSTIVEL_Julho_2026.xlsx
SAO PAULO,ITARIRI,GASOLINA,2499,copy_of_D_Frota_por_UF_Municipio_COMBUSTIVEL_Julho_2026.xlsx
SAO PAULO,ITARIRI,GASOLINA/ALCOOL/ELETRICO,6,copy_of_D_Frota_por_UF_Municipio_COMBUSTIVEL_Julho_2026.xlsx
SAO PAULO,ITARIRI,GASOLINA/ALCOOL/GAS NATURAL,3,copy_of_D_Frota_por_UF_Municipio_COMBUSTIVEL_Julho_2026.xlsx
SAO PAULO,ITARIRI,GASOLINA/ELETRICO,5,copy_of_D_Frota_por_UF_Municipio_COMBUSTIVEL_Julho_2026.xlsx
SAO PAULO,ITARIRI,GASOLINA/GAS NATURAL VEICULAR,9,copy_of_D_Frota_por_UF_Municipio_COMBUSTIVEL_Julho_2026.xlsx
SAO PAULO,ITARIRI,HIBRIDO,1,copy_of_D_Frota_por_UF_Municipio_COMBUSTIVEL_Julho_2026.xlsx
SAO PAULO,ITARIRI,HIBRIDO PLUG-IN,1,copy_of_D_Frota_por_UF_Municipio_COMBUSTIVEL_Julho_2026.xlsx
SAO PAULO,ITARIRI,Sem Informação,245,copy_of_D_Frota_por_UF_Municipio_COMBUSTIVEL_Julho_2026.xlsx
SAO PAULO,ITATIBA,ALCOOL,4268,copy_of_D_Frota_por_UF_Municipio_COMBUSTIVEL_Julho_2026.xlsx
SAO PAULO,ITATIBA,ALCOOL/GAS NATURAL COMBUSTIVEL,1,copy_of_D_Frota_por_UF_Municipio_COMBUSTIVEL_Julho_2026.xlsx
SAO PAULO,ITATIBA,ALCOOL/GAS NATURAL VEICULAR,32,copy_of_D_Frota_por_UF_Municipio_COMBUSTIVEL_Julho_2026.xlsx
SAO PAULO,ITATIBA,ALCOOL/GASOLINA,46925,copy_of_D_Frota_por_UF_Municipio_COMBUSTIVEL_Julho_2026.xlsx
SAO PAULO,ITATIBA,DIESEL,6961,copy_of_D_Frota_por_UF_Municipio_COMBUSTIVEL_Julho_2026.xlsx
SAO PAULO,ITATIBA,DIESEL/ELETRICO,4,copy_of_D_Frota_por_UF_Municipio_COMBUSTIVEL_Julho_2026.xlsx
SAO PAULO,ITATIBA,ELETRICO,54,copy_of_D_Frota_por_UF_Municipio_COMBUSTIVEL_Julho_2026.xlsx
SAO PAULO,ITATIBA,ELETRICO/FONTE EXTERNA,224,copy_of_D_Frota_por_UF_Municipio_COMBUSTIVEL_Julho_2026.xlsx
SAO PAULO,ITATIBA,ELETRICO/FONTE INTERNA,19,copy_of_D_Frota_por_UF_Municipio_COMBUSTIVEL_Julho_2026.xlsx
SAO PAULO,ITATIBA,GAS METANO,6,copy_of_D_Frota_por_UF_Municipio_COMBUSTIVEL_Julho_2026.xlsx
SAO PAULO,ITATIBA,GAS NATURAL VEICULAR,2,copy_of_D_Frota_por_UF_Municipio_COMBUSTIVEL_Julho_2026.xlsx
SAO PAULO,ITATIBA,GASOL/GAS NATURAL COMBUSTIVEL,12,copy_of_D_Frota_por_UF_Municipio_COMBUSTIVEL_Julho_2026.xlsx
SAO PAULO,ITATIBA,GASOLINA,41072,copy_of_D_Frota_por_UF_Municipio_COMBUSTIVEL_Julho_2026.xlsx
SAO PAULO,ITATIBA,GASOLINA/ALCOOL/ELETRICO,178,copy_of_D_Frota_por_UF_Municipio_COMBUSTIVEL_Julho_2026.xlsx
SAO PAULO,ITATIBA,GASOLINA/ALCOOL/GAS NATURAL,121,copy_of_D_Frota_por_UF_Municipio_COMBUSTIVEL_Julho_2026.xlsx
SAO PAULO,ITATIBA,GASOLINA/ELETRICO,284,copy_of_D_Frota_por_UF_Municipio_COMBUSTIVEL_Julho_2026.xlsx
SAO PAULO,ITATIBA,GASOLINA/GAS NATURAL VEICULAR,496,copy_of_D_Frota_por_UF_Municipio_COMBUSTIVEL_Julho_2026.xlsx
SAO PAULO,ITATIBA,HIBRIDO,35,copy_of_D_Frota_por_UF_Municipio_COMBUSTIVEL_Julho_2026.xlsx
SAO PAULO,ITATIBA,HIBRIDO PLUG-IN,83,copy_of_D_Frota_por_UF_Municipio_COMBUSTIVEL_Julho_2026.xlsx
SAO PAULO,ITATIBA,Sem Informação,2368,copy_of_D_Frota_por_UF_Municipio_COMBUSTIVEL_Julho_2026.xlsx
SAO PAULO,ITATINGA,ALCOOL,709,copy_of_D_Frota_por_UF_Municipio_COMBUSTIVEL_Julho_2026.xlsx
SAO PAULO,ITATINGA,ALCOOL/GASOLINA,4715,copy_of_D_Frota_por_UF_Municipio_COMBUSTIVEL_Julho_2026.xlsx
SAO PAULO,ITATINGA,DIESEL,1135,copy_of_D_Frota_por_UF_Municipio_COMBUSTIVEL_Julho_2026.xlsx
SAO PAULO,ITATINGA,ELETRICO,2,copy_of_D_Frota_por_UF_Municipio_COMBUSTIVEL_Julho_2026.xlsx
SAO PAULO,ITATINGA,ELETRICO/FONTE EXTERNA,6,copy_of_D_Frota_por_UF_Municipio_COMBUSTIVEL_Julho_2026.xlsx
SAO PAULO,ITATINGA,GASOLINA,5457,copy_of_D_Frota_por_UF_Municipio_COMBUSTIVEL_Julho_2026.xlsx
SAO PAULO,ITATINGA,GASOLINA/ALCOOL/ELETRICO,9,copy_of_D_Frota_por_UF_Municipio_COMBUSTIVEL_Julho_2026.xlsx
SAO PAULO,ITATINGA,GASOLINA/ELETRICO,7,copy_of_D_Frota_por_UF_Municipio_COMBUSTIVEL_Julho_2026.xlsx
SAO PAULO,ITATINGA,GASOLINA/GAS NATURAL VEICULAR,5,copy_of_D_Frota_por_UF_Municipio_COMBUSTIVEL_Julho_2026.xlsx
SAO PAULO,ITATINGA,HIBRIDO PLUG-IN,1,copy_of_D_Frota_por_UF_Municipio_COMBUSTIVEL_Julho_2026.xlsx
SAO PAULO,ITATINGA,Sem Informação,559,copy_of_D_Frota_por_UF_Municipio_COMBUSTIVEL_Julho_2026.xlsx
SAO PAULO,ITIRAPINA,ALCOOL,743,copy_of_D_Frota_por_UF_Municipio_COMBUSTIVEL_Julho_2026.xlsx
SAO PAULO,ITIRAPINA,ALCOOL/GAS NATURAL VEICULAR,2,copy_of_D_Frota_por_UF_Municipio_COMBUSTIVEL_Julho_2026.xlsx
SAO PAULO,ITIRAPINA,ALCOOL/GASOLINA,4225,copy_of_D_Frota_por_UF_Municipio_COMBUSTIVEL_Julho_2026.xlsx
SAO PAULO,ITIRAPINA,DIESEL,1198,copy_of_D_Frota_por_UF_Municipio_COMBUSTIVEL_Julho_2026.xlsx
SAO PAULO,ITIRAPINA,ELETRICO,1,copy_of_D_Frota_por_UF_Municipio_COMBUSTIVEL_Julho_2026.xlsx
SAO PAULO,ITIRAPINA,ELETRICO/FONTE EXTERNA,3,copy_of_D_Frota_por_UF_Municipio_COMBUSTIVEL_Julho_2026.xlsx
SAO PAULO,ITIRAPINA,ELETRICO/FONTE INTERNA,2,copy_of_D_Frota_por_UF_Municipio_COMBUSTIVEL_Julho_2026.xlsx
SAO PAULO,ITIRAPINA,GASOL/GAS NATURAL COMBUSTIVEL,1,copy_of_D_Frota_por_UF_Municipio_COMBUSTIVEL_Julho_2026.xlsx
SAO PAULO,ITIRAPINA,GASOLINA,4840,copy_of_D_Frota_por_UF_Municipio_COMBUSTIVEL_Julho_2026.xlsx
SAO PAULO,ITIRAPINA,GASOLINA/ALCOOL/ELETRICO,8,copy_of_D_Frota_por_UF_Municipio_COMBUSTIVEL_Julho_2026.xlsx
SAO PAULO,ITIRAPINA,GASOLINA/ALCOOL/GAS NATURAL,4,copy_of_D_Frota_por_UF_Municipio_COMBUSTIVEL_Julho_2026.xlsx
SAO PAULO,ITIRAPINA,GASOLINA/ELETRICO,6,copy_of_D_Frota_por_UF_Municipio_COMBUSTIVEL_Julho_2026.xlsx
SAO PAULO,ITIRAPINA,GASOLINA/GAS NATURAL VEICULAR,27,copy_of_D_Frota_por_UF_Municipio_COMBUSTIVEL_Julho_2026.xlsx
SAO PAULO,ITIRAPINA,HIBRIDO PLUG-IN,2,copy_of_D_Frota_por_UF_Municipio_COMBUSTIVEL_Julho_2026.xlsx
SAO PAULO,ITIRAPINA,Sem Informação,639,copy_of_D_Frota_por_UF_Municipio_COMBUSTIVEL_Julho_2026.xlsx
SAO PAULO,ITIRAPUA,ALCOOL,550,copy_of_D_Frota_por_UF_Municipio_COMBUSTIVEL_Julho_2026.xlsx
SAO PAULO,ITIRAPUA,ALCOOL/GASOLINA,1301,copy_of_D_Frota_por_UF_Municipio_COMBUSTIVEL_Julho_2026.xlsx
SAO PAULO,ITIRAPUA,DIESEL,286,copy_of_D_Frota_por_UF_Municipio_COMBUSTIVEL_Julho_2026.xlsx
SAO PAULO,ITIRAPUA,ELETRICO/FONTE EXTERNA,2,copy_of_D_Frota_por_UF_Municipio_COMBUSTIVEL_Julho_2026.xlsx
SAO PAULO,ITIRAPUA,GASOLINA,1583,copy_of_D_Frota_por_UF_Municipio_COMBUSTIVEL_Julho_2026.xlsx
SAO PAULO,ITIRAPUA,GASOLINA/ELETRICO,2,copy_of_D_Frota_por_UF_Municipio_COMBUSTIVEL_Julho_2026.xlsx
SAO PAULO,ITIRAPUA,GASOLINA/GAS NATURAL VEICULAR,1,copy_of_D_Frota_por_UF_Municipio_COMBUSTIVEL_Julho_2026.xlsx
SAO PAULO,ITIRAPUA,HIBRIDO,1,copy_of_D_Frota_por_UF_Municipio_COMBUSTIVEL_Julho_2026.xlsx
SAO PAULO,ITIRAPUA,HIBRIDO PLUG-IN,1,copy_of_D_Frota_por_UF_Municipio_COMBUSTIVEL_Julho_2026.xlsx
SAO PAULO,ITIRAPUA,Sem Informação,88,copy_of_D_Frota_por_UF_Municipio_COMBUSTIVEL_Julho_2026.xlsx
SAO PAULO,ITOBI,ALCOOL,297,copy_of_D_Frota_por_UF_Municipio_COMBUSTIVEL_Julho_2026.xlsx
SAO PAULO,ITOBI,ALCOOL/GASOLINA,2435,copy_of_D_Frota_por_UF_Municipio_COMBUSTIVEL_Julho_2026.xlsx
SAO PAULO,ITOBI,DIESEL,620,copy_of_D_Frota_por_UF_Municipio_COMBUSTIVEL_Julho_2026.xlsx
SAO PAULO,ITOBI,ELETRICO,1,copy_of_D_Frota_por_UF_Municipio_COMBUSTIVEL_Julho_2026.xlsx
SAO PAULO,ITOBI,ELETRICO/FONTE EXTERNA,3,copy_of_D_Frota_por_UF_Municipio_COMBUSTIVEL_Julho_2026.xlsx
SAO PAULO,ITOBI,GASOLINA,2303,copy_of_D_Frota_por_UF_Municipio_COMBUSTIVEL_Julho_2026.xlsx
SAO PAULO,ITOBI,GASOLINA/ALCOOL/ELETRICO,4,copy_of_D_Frota_por_UF_Municipio_COMBUSTIVEL_Julho_2026.xlsx
SAO PAULO,ITOBI,GASOLINA/ELETRICO,3,copy_of_D_Frota_por_UF_Municipio_COMBUSTIVEL_Julho_2026.xlsx
SAO PAULO,ITOBI,GASOLINA/GAS NATURAL VEICULAR,5,copy_of_D_Frota_por_UF_Municipio_COMBUSTIVEL_Julho_2026.xlsx
SAO PAULO,ITOBI,Sem Informação,119,copy_of_D_Frota_por_UF_Municipio_COMBUSTIVEL_Julho_2026.xlsx
SAO PAULO,ITU,ALCOOL,6332,copy_of_D_Frota_por_UF_Municipio_COMBUSTIVEL_Julho_2026.xlsx
SAO PAULO,ITU,ALCOOL/GAS NATURAL COMBUSTIVEL,1,copy_of_D_Frota_por_UF_Municipio_COMBUSTIVEL_Julho_2026.xlsx
SAO PAULO,ITU,ALCOOL/GAS NATURAL VEICULAR,45,copy_of_D_Frota_por_UF_Municipio_COMBUSTIVEL_Julho_2026.xlsx
SAO PAULO,ITU,ALCOOL/GASOLINA,65984,copy_of_D_Frota_por_UF_Municipio_COMBUSTIVEL_Julho_2026.xlsx
SAO PAULO,ITU,DIESEL,11174,copy_of_D_Frota_por_UF_Municipio_COMBUSTIVEL_Julho_2026.xlsx
SAO PAULO,ITU,DIESEL/ELETRICO,26,copy_of_D_Frota_por_UF_Municipio_COMBUSTIVEL_Julho_2026.xlsx
SAO PAULO,ITU,DIESEL/GAS NATURAL VEICULAR,1,copy_of_D_Frota_por_UF_Municipio_COMBUSTIVEL_Julho_2026.xlsx
SAO PAULO,ITU,ELETRICO,49,copy_of_D_Frota_por_UF_Municipio_COMBUSTIVEL_Julho_2026.xlsx
SAO PAULO,ITU,ELETRICO/FONTE EXTERNA,539,copy_of_D_Frota_por_UF_Municipio_COMBUSTIVEL_Julho_2026.xlsx
SAO PAULO,ITU,ELETRICO/FONTE INTERNA,85,copy_of_D_Frota_por_UF_Municipio_COMBUSTIVEL_Julho_2026.xlsx
SAO PAULO,ITU,GAS METANO,2,copy_of_D_Frota_por_UF_Municipio_COMBUSTIVEL_Julho_2026.xlsx
SAO PAULO,ITU,GAS NATURAL VEICULAR,82,copy_of_D_Frota_por_UF_Municipio_COMBUSTIVEL_Julho_2026.xlsx
SAO PAULO,ITU,GASOL/GAS NATURAL COMBUSTIVEL,14,copy_of_D_Frota_por_UF_Municipio_COMBUSTIVEL_Julho_2026.xlsx
SAO PAULO,ITU,GASOLINA,59956,copy_of_D_Frota_por_UF_Municipio_COMBUSTIVEL_Julho_2026.xlsx
SAO PAULO,ITU,GASOLINA/ALCOOL/ELETRICO,337,copy_of_D_Frota_por_UF_Municipio_COMBUSTIVEL_Julho_2026.xlsx
SAO PAULO,ITU,GASOLINA/ALCOOL/GAS NATURAL,131,copy_of_D_Frota_por_UF_Municipio_COMBUSTIVEL_Julho_2026.xlsx
SAO PAULO,ITU,GASOLINA/ELETRICO,751,copy_of_D_Frota_por_UF_Municipio_COMBUSTIVEL_Julho_2026.xlsx
SAO PAULO,ITU,GASOLINA/GAS NATURAL VEICULAR,820,copy_of_D_Frota_por_UF_Municipio_COMBUSTIVEL_Julho_2026.xlsx
SAO PAULO,ITU,HIBRIDO,34,copy_of_D_Frota_por_UF_Municipio_COMBUSTIVEL_Julho_2026.xlsx
SAO PAULO,ITU,HIBRIDO PLUG-IN,110,copy_of_D_Frota_por_UF_Municipio_COMBUSTIVEL_Julho_2026.xlsx
SAO PAULO,ITU,Sem Informação,4830,copy_of_D_Frota_por_UF_Municipio_COMBUSTIVEL_Julho_2026.xlsx
SAO PAULO,ITUPEVA,ALCOOL,1814,copy_of_D_Frota_por_UF_Municipio_COMBUSTIVEL_Julho_2026.xlsx
SAO PAULO,ITUPEVA,ALCOOL/GAS NATURAL COMBUSTIVEL,2,copy_of_D_Frota_por_UF_Municipio_COMBUSTIVEL_Julho_2026.xlsx
SAO PAULO,ITUPEVA,ALCOOL/GAS NATURAL VEICULAR,10,copy_of_D_Frota_por_UF_Municipio_COMBUSTIVEL_Julho_2026.xlsx
SAO PAULO,ITUPEVA,ALCOOL/GASOLINA,25753,copy_of_D_Frota_por_UF_Municipio_COMBUSTIVEL_Julho_2026.xlsx
SAO PAULO,ITUPEVA,DIESEL,6024,copy_of_D_Frota_por_UF_Municipio_COMBUSTIVEL_Julho_2026.xlsx
SAO PAULO,ITUPEVA,DIESEL/ELETRICO,5,copy_of_D_Frota_por_UF_Municipio_COMBUSTIVEL_Julho_2026.xlsx
SAO PAULO,ITUPEVA,DIESEL/GAS NATURAL VEICULAR,4,copy_of_D_Frota_por_UF_Municipio_COMBUSTIVEL_Julho_2026.xlsx
SAO PAULO,ITUPEVA,ELETRICO,27,copy_of_D_Frota_por_UF_Municipio_COMBUSTIVEL_Julho_2026.xlsx
SAO PAULO,ITUPEVA,ELETRICO/FONTE EXTERNA,197,copy_of_D_Frota_por_UF_Municipio_COMBUSTIVEL_Julho_2026.xlsx
SAO PAULO,ITUPEVA,ELETRICO/FONTE INTERNA,86,copy_of_D_Frota_por_UF_Municipio_COMBUSTIVEL_Julho_2026.xlsx
SAO PAULO,ITUPEVA,GAS METANO,1,copy_of_D_Frota_por_UF_Municipio_COMBUSTIVEL_Julho_2026.xlsx
SAO PAULO,ITUPEVA,GAS NATURAL VEICULAR,11,copy_of_D_Frota_por_UF_Municipio_COMBUSTIVEL_Julho_2026.xlsx
SAO PAULO,ITUPEVA,GASOL/GAS NATURAL COMBUSTIVEL,4,copy_of_D_Frota_por_UF_Municipio_COMBUSTIVEL_Julho_2026.xlsx
SAO PAULO,ITUPEVA,GASOLINA,19319,copy_of_D_Frota_por_UF_Municipio_COMBUSTIVEL_Julho_2026.xlsx
SAO PAULO,ITUPEVA,GASOLINA/ALCOOL/ELETRICO,114,copy_of_D_Frota_por_UF_Municipio_COMBUSTIVEL_Julho_2026.xlsx
SAO PAULO,ITUPEVA,GASOLINA/ALCOOL/GAS NATURAL,109,copy_of_D_Frota_por_UF_Municipio_COMBUSTIVEL_Julho_2026.xlsx
SAO PAULO,ITUPEVA,GASOLINA/ELETRICO,193,copy_of_D_Frota_por_UF_Municipio_COMBUSTIVEL_Julho_2026.xlsx
SAO PAULO,ITUPEVA,GASOLINA/GAS NATURAL VEICULAR,223,copy_of_D_Frota_por_UF_Municipio_COMBUSTIVEL_Julho_2026.xlsx
SAO PAULO,ITUPEVA,HIBRIDO,25,copy_of_D_Frota_por_UF_Municipio_COMBUSTIVEL_Julho_2026.xlsx
SAO PAULO,ITUPEVA,HIBRIDO PLUG-IN,61,copy_of_D_Frota_por_UF_Municipio_COMBUSTIVEL_Julho_2026.xlsx
SAO PAULO,ITUPEVA,Sem Informação,2754,copy_of_D_Frota_por_UF_Municipio_COMBUSTIVEL_Julho_2026.xlsx
SAO PAULO,ITUVERAVA,ALCOOL,2495,copy_of_D_Frota_por_UF_Municipio_COMBUSTIVEL_Julho_2026.xlsx
SAO PAULO,ITUVERAVA,ALCOOL/GAS NATURAL VEICULAR,1,copy_of_D_Frota_por_UF_Municipio_COMBUSTIVEL_Julho_2026.xlsx
SAO PAULO,ITUVERAVA,ALCOOL/GASOLINA,12654,copy_of_D_Frota_por_UF_Municipio_COMBUSTIVEL_Julho_2026.xlsx
SAO PAULO,ITUVERAVA,DIESEL,2832,copy_of_D_Frota_por_UF_Municipio_COMBUSTIVEL_Julho_2026.xlsx
SAO PAULO,ITUVERAVA,DIESEL/ELETRICO,3,copy_of_D_Frota_por_UF_Municipio_COMBUSTIVEL_Julho_2026.xlsx
SAO PAULO,ITUVERAVA,ELETRICO,1,copy_of_D_Frota_por_UF_Municipio_COMBUSTIVEL_Julho_2026.xlsx
SAO PAULO,ITUVERAVA,ELETRICO/FONTE EXTERNA,16,copy_of_D_Frota_por_UF_Municipio_COMBUSTIVEL_Julho_2026.xlsx
SAO PAULO,ITUVERAVA,GAS METANO,1,copy_of_D_Frota_por_UF_Municipio_COMBUSTIVEL_Julho_2026.xlsx
SAO PAULO,ITUVERAVA,GASOL/GAS NATURAL COMBUSTIVEL,1,copy_of_D_Frota_por_UF_Municipio_COMBUSTIVEL_Julho_2026.xlsx
SAO PAULO,ITUVERAVA,GASOLINA,12452,copy_of_D_Frota_por_UF_Municipio_COMBUSTIVEL_Julho_2026.xlsx
SAO PAULO,ITUVERAVA,GASOLINA/ALCOOL/ELETRICO,51,copy_of_D_Frota_por_UF_Municipio_COMBUSTIVEL_Julho_2026.xlsx
SAO PAULO,ITUVERAVA,GASOLINA/ALCOOL/GAS NATURAL,4,copy_of_D_Frota_por_UF_Municipio_COMBUSTIVEL_Julho_2026.xlsx
SAO PAULO,ITUVERAVA,GASOLINA/ELETRICO,32,copy_of_D_Frota_por_UF_Municipio_COMBUSTIVEL_Julho_2026.xlsx
SAO PAULO,ITUVERAVA,GASOLINA/GAS NATURAL VEICULAR,5,copy_of_D_Frota_por_UF_Municipio_COMBUSTIVEL_Julho_2026.xlsx
SAO PAULO,ITUVERAVA,HIBRIDO,4,copy_of_D_Frota_por_UF_Municipio_COMBUSTIVEL_Julho_2026.xlsx
SAO PAULO,ITUVERAVA,HIBRIDO PLUG-IN,18,copy_of_D_Frota_por_UF_Municipio_COMBUSTIVEL_Julho_2026.xlsx
SAO PAULO,ITUVERAVA,Sem Informação,1649,copy_of_D_Frota_por_UF_Municipio_COMBUSTIVEL_Julho_2026.xlsx
SAO PAULO,JABORANDI,ALCOOL,311,copy_of_D_Frota_por_UF_Municipio_COMBUSTIVEL_Julho_2026.xlsx
SAO PAULO,JABORANDI,ALCOOL/GASOLINA,1951,copy_of_D_Frota_por_UF_Municipio_COMBUSTIVEL_Julho_2026.xlsx
SAO PAULO,JABORANDI,DIESEL,633,copy_of_D_Frota_por_UF_Municipio_COMBUSTIVEL_Julho_2026.xlsx
SAO PAULO,JABORANDI,ELETRICO/FONTE EXTERNA,2,copy_of_D_Frota_por_UF_Municipio_COMBUSTIVEL_Julho_2026.xlsx
SAO PAULO,JABORANDI,GASOLINA,1838,copy_of_D_Frota_por_UF_Municipio_COMBUSTIVEL_Julho_2026.xlsx
SAO PAULO,JABORANDI,GASOLINA/ALCOOL/ELETRICO,2,copy_of_D_Frota_por_UF_Municipio_COMBUSTIVEL_Julho_2026.xlsx
SAO PAULO,JABORANDI,GASOLINA/ALCOOL/GAS NATURAL,1,copy_of_D_Frota_por_UF_Municipio_COMBUSTIVEL_Julho_2026.xlsx
SAO PAULO,JABORANDI,GASOLINA/ELETRICO,3,copy_of_D_Frota_por_UF_Municipio_COMBUSTIVEL_Julho_2026.xlsx
SAO PAULO,JABORANDI,HIBRIDO,2,copy_of_D_Frota_por_UF_Municipio_COMBUSTIVEL_Julho_2026.xlsx
SAO PAULO,JABORANDI,Sem Informação,253,copy_of_D_Frota_por_UF_Municipio_COMBUSTIVEL_Julho_2026.xlsx
SAO PAULO,JABOTICABAL,ALCOOL,4792,copy_of_D_Frota_por_UF_Municipio_COMBUSTIVEL_Julho_2026.xlsx
SAO PAULO,JABOTICABAL,ALCOOL/GAS NATURAL VEICULAR,1,copy_of_D_Frota_por_UF_Municipio_COMBUSTIVEL_Julho_2026.xlsx
SAO PAULO,JABOTICABAL,ALCOOL/GASOLINA,27648,copy_of_D_Frota_por_UF_Municipio_COMBUSTIVEL_Julho_2026.xlsx
SAO PAULO,JABOTICABAL,DIESEL,5365,copy_of_D_Frota_por_UF_Municipio_COMBUSTIVEL_Julho_2026.xlsx
SAO PAULO,JABOTICABAL,DIESEL/ELETRICO,8,copy_of_D_Frota_por_UF_Municipio_COMBUSTIVEL_Julho_2026.xlsx
SAO PAULO,JABOTICABAL,ELETRICO,9,copy_of_D_Frota_por_UF_Municipio_COMBUSTIVEL_Julho_2026.xlsx
SAO PAULO,JABOTICABAL,ELETRICO/FONTE EXTERNA,59,copy_of_D_Frota_por_UF_Municipio_COMBUSTIVEL_Julho_2026.xlsx
SAO PAULO,JABOTICABAL,ELETRICO/FONTE INTERNA,7,copy_of_D_Frota_por_UF_Municipio_COMBUSTIVEL_Julho_2026.xlsx
SAO PAULO,JABOTICABAL,GASOLINA,26314,copy_of_D_Frota_por_UF_Municipio_COMBUSTIVEL_Julho_2026.xlsx
SAO PAULO,JABOTICABAL,GASOLINA/ALCOOL/ELETRICO,114,copy_of_D_Frota_por_UF_Municipio_COMBUSTIVEL_Julho_2026.xlsx
SAO PAULO,JABOTICABAL,GASOLINA/ALCOOL/GAS NATURAL,8,copy_of_D_Frota_por_UF_Municipio_COMBUSTIVEL_Julho_2026.xlsx
SAO PAULO,JABOTICABAL,GASOLINA/ELETRICO,125,copy_of_D_Frota_por_UF_Municipio_COMBUSTIVEL_Julho_2026.xlsx
SAO PAULO,JABOTICABAL,GASOLINA/GAS NATURAL VEICULAR,24,copy_of_D_Frota_por_UF_Municipio_COMBUSTIVEL_Julho_2026.xlsx
SAO PAULO,JABOTICABAL,HIBRIDO,16,copy_of_D_Frota_por_UF_Municipio_COMBUSTIVEL_Julho_2026.xlsx
SAO PAULO,JABOTICABAL,HIBRIDO PLUG-IN,36,copy_of_D_Frota_por_UF_Municipio_COMBUSTIVEL_Julho_2026.xlsx
SAO PAULO,JABOTICABAL,Sem Informação,3184,copy_of_D_Frota_por_UF_Municipio_COMBUSTIVEL_Julho_2026.xlsx
SAO PAULO,JACAREI,ALCOOL,8613,copy_of_D_Frota_por_UF_Municipio_COMBUSTIVEL_Julho_2026.xlsx
SAO PAULO,JACAREI,ALCOOL/GAS NATURAL VEICULAR,86,copy_of_D_Frota_por_UF_Municipio_COMBUSTIVEL_Julho_2026.xlsx
SAO PAULO,JACAREI,ALCOOL/GASOLINA,76433,copy_of_D_Frota_por_UF_Municipio_COMBUSTIVEL_Julho_2026.xlsx
SAO PAULO,JACAREI,DIESEL,8949,copy_of_D_Frota_por_UF_Municipio_COMBUSTIVEL_Julho_2026.xlsx
SAO PAULO,JACAREI,DIESEL/ELETRICO,6,copy_of_D_Frota_por_UF_Municipio_COMBUSTIVEL_Julho_2026.xlsx
SAO PAULO,JACAREI,DIESEL/GAS NATURAL VEICULAR,7,copy_of_D_Frota_por_UF_Municipio_COMBUSTIVEL_Julho_2026.xlsx
SAO PAULO,JACAREI,ELETRICO,27,copy_of_D_Frota_por_UF_Municipio_COMBUSTIVEL_Julho_2026.xlsx
SAO PAULO,JACAREI,ELETRICO/FONTE EXTERNA,249,copy_of_D_Frota_por_UF_Municipio_COMBUSTIVEL_Julho_2026.xlsx
SAO PAULO,JACAREI,ELETRICO/FONTE INTERNA,24,copy_of_D_Frota_por_UF_Municipio_COMBUSTIVEL_Julho_2026.xlsx
SAO PAULO,JACAREI,GAS METANO,5,copy_of_D_Frota_por_UF_Municipio_COMBUSTIVEL_Julho_2026.xlsx
SAO PAULO,JACAREI,GAS NATURAL VEICULAR,2,copy_of_D_Frota_por_UF_Municipio_COMBUSTIVEL_Julho_2026.xlsx
SAO PAULO,JACAREI,GASOL/GAS NATURAL COMBUSTIVEL,30,copy_of_D_Frota_por_UF_Municipio_COMBUSTIVEL_Julho_2026.xlsx
SAO PAULO,JACAREI,GASOLINA,70038,copy_of_D_Frota_por_UF_Municipio_COMBUSTIVEL_Julho_2026.xlsx
SAO PAULO,JACAREI,GASOLINA/ALCOOL/ELETRICO,230,copy_of_D_Frota_por_UF_Municipio_COMBUSTIVEL_Julho_2026.xlsx
SAO PAULO,JACAREI,GASOLINA/ALCOOL/GAS NATURAL,439,copy_of_D_Frota_por_UF_Municipio_COMBUSTIVEL_Julho_2026.xlsx
SAO PAULO,JACAREI,GASOLINA/ELETRICO,319,copy_of_D_Frota_por_UF_Municipio_COMBUSTIVEL_Julho_2026.xlsx
SAO PAULO,JACAREI,GASOLINA/GAS NATURAL VEICULAR,1808,copy_of_D_Frota_por_UF_Municipio_COMBUSTIVEL_Julho_2026.xlsx
SAO PAULO,JACAREI,HIBRIDO,46,copy_of_D_Frota_por_UF_Municipio_COMBUSTIVEL_Julho_2026.xlsx
SAO PAULO,JACAREI,HIBRIDO PLUG-IN,81,copy_of_D_Frota_por_UF_Municipio_COMBUSTIVEL_Julho_2026.xlsx
SAO PAULO,JACAREI,Sem Informação,5206,copy_of_D_Frota_por_UF_Municipio_COMBUSTIVEL_Julho_2026.xlsx
SAO PAULO,JACI,ALCOOL,328,copy_of_D_Frota_por_UF_Municipio_COMBUSTIVEL_Julho_2026.xlsx
SAO PAULO,JACI,ALCOOL/GASOLINA,2786,copy_of_D_Frota_por_UF_Municipio_COMBUSTIVEL_Julho_2026.xlsx
SAO PAULO,JACI,DIESEL,702,copy_of_D_Frota_por_UF_Municipio_COMBUSTIVEL_Julho_2026.xlsx
SAO PAULO,JACI,DIESEL/ELETRICO,1,copy_of_D_Frota_por_UF_Municipio_COMBUSTIVEL_Julho_2026.xlsx
SAO PAULO,JACI,ELETRICO,1,copy_of_D_Frota_por_UF_Municipio_COMBUSTIVEL_Julho_2026.xlsx
SAO PAULO,JACI,ELETRICO/FONTE EXTERNA,3,copy_of_D_Frota_por_UF_Municipio_COMBUSTIVEL_Julho_2026.xlsx
SAO PAULO,JACI,GASOL/GAS NATURAL COMBUSTIVEL,1,copy_of_D_Frota_por_UF_Municipio_COMBUSTIVEL_Julho_2026.xlsx
SAO PAULO,JACI,GASOLINA,2038,copy_of_D_Frota_por_UF_Municipio_COMBUSTIVEL_Julho_2026.xlsx
SAO PAULO,JACI,GASOLINA/ALCOOL/ELETRICO,3,copy_of_D_Frota_por_UF_Municipio_COMBUSTIVEL_Julho_2026.xlsx
SAO PAULO,JACI,GASOLINA/ELETRICO,3,copy_of_D_Frota_por_UF_Municipio_COMBUSTIVEL_Julho_2026.xlsx
SAO PAULO,JACI,GASOLINA/GAS NATURAL VEICULAR,1,copy_of_D_Frota_por_UF_Municipio_COMBUSTIVEL_Julho_2026.xlsx
SAO PAULO,JACI,HIBRIDO,2,copy_of_D_Frota_por_UF_Municipio_COMBUSTIVEL_Julho_2026.xlsx
SAO PAULO,JACI,HIBRIDO PLUG-IN,6,copy_of_D_Frota_por_UF_Municipio_COMBUSTIVEL_Julho_2026.xlsx
SAO PAULO,JACI,Sem Informação,391,copy_of_D_Frota_por_UF_Municipio_COMBUSTIVEL_Julho_2026.xlsx
SAO PAULO,JACUPIRANGA,ALCOOL,353,copy_of_D_Frota_por_UF_Municipio_COMBUSTIVEL_Julho_2026.xlsx
SAO PAULO,JACUPIRANGA,ALCOOL/GAS NATURAL VEICULAR,1,copy_of_D_Frota_por_UF_Municipio_COMBUSTIVEL_Julho_2026.xlsx
SAO PAULO,JACUPIRANGA,ALCOOL/GASOLINA,4329,copy_of_D_Frota_por_UF_Municipio_COMBUSTIVEL_Julho_2026.xlsx
SAO PAULO,JACUPIRANGA,DIESEL,1477,copy_of_D_Frota_por_UF_Municipio_COMBUSTIVEL_Julho_2026.xlsx
SAO PAULO,JACUPIRANGA,ELETRICO/FONTE EXTERNA,2,copy_of_D_Frota_por_UF_Municipio_COMBUSTIVEL_Julho_2026.xlsx
SAO PAULO,JACUPIRANGA,GAS METANO,1,copy_of_D_Frota_por_UF_Municipio_COMBUSTIVEL_Julho_2026.xlsx
SAO PAULO,JACUPIRANGA,GASOLINA,4406,copy_of_D_Frota_por_UF_Municipio_COMBUSTIVEL_Julho_2026.xlsx
SAO PAULO,JACUPIRANGA,GASOLINA/ALCOOL/ELETRICO,7,copy_of_D_Frota_por_UF_Municipio_COMBUSTIVEL_Julho_2026.xlsx
SAO PAULO,JACUPIRANGA,GASOLINA/ELETRICO,5,copy_of_D_Frota_por_UF_Municipio_COMBUSTIVEL_Julho_2026.xlsx
SAO PAULO,JACUPIRANGA,GASOLINA/GAS NATURAL VEICULAR,11,copy_of_D_Frota_por_UF_Municipio_COMBUSTIVEL_Julho_2026.xlsx
SAO PAULO,JACUPIRANGA,HIBRIDO PLUG-IN,2,copy_of_D_Frota_por_UF_Municipio_COMBUSTIVEL_Julho_2026.xlsx
SAO PAULO,JACUPIRANGA,Sem Informação,600,copy_of_D_Frota_por_UF_Municipio_COMBUSTIVEL_Julho_2026.xlsx
SAO PAULO,JAGUARIUNA,ALCOOL,1877,copy_of_D_Frota_por_UF_Municipio_COMBUSTIVEL_Julho_2026.xlsx
SAO PAULO,JAGUARIUNA,ALCOOL/GAS NATURAL COMBUSTIVEL,1,copy_of_D_Frota_por_UF_Municipio_COMBUSTIVEL_Julho_2026.xlsx
SAO PAULO,JAGUARIUNA,ALCOOL/GAS NATURAL VEICULAR,3,copy_of_D_Frota_por_UF_Municipio_COMBUSTIVEL_Julho_2026.xlsx
SAO PAULO,JAGUARIUNA,ALCOOL/GASOLINA,23363,copy_of_D_Frota_por_UF_Municipio_COMBUSTIVEL_Julho_2026.xlsx
SAO PAULO,JAGUARIUNA,DIESEL,3255,copy_of_D_Frota_por_UF_Municipio_COMBUSTIVEL_Julho_2026.xlsx
SAO PAULO,JAGUARIUNA,DIESEL/ELETRICO,4,copy_of_D_Frota_por_UF_Municipio_COMBUSTIVEL_Julho_2026.xlsx
SAO PAULO,JAGUARIUNA,ELETRICO,12,copy_of_D_Frota_por_UF_Municipio_COMBUSTIVEL_Julho_2026.xlsx
SAO PAULO,JAGUARIUNA,ELETRICO/FONTE EXTERNA,95,copy_of_D_Frota_por_UF_Municipio_COMBUSTIVEL_Julho_2026.xlsx
SAO PAULO,JAGUARIUNA,ELETRICO/FONTE INTERNA,10,copy_of_D_Frota_por_UF_Municipio_COMBUSTIVEL_Julho_2026.xlsx
SAO PAULO,JAGUARIUNA,GAS METANO,1,copy_of_D_Frota_por_UF_Municipio_COMBUSTIVEL_Julho_2026.xlsx
SAO PAULO,JAGUARIUNA,GASOL/GAS NATURAL COMBUSTIVEL,5,copy_of_D_Frota_por_UF_Municipio_COMBUSTIVEL_Julho_2026.xlsx
SAO PAULO,JAGUARIUNA,GASOLINA,21635,copy_of_D_Frota_por_UF_Municipio_COMBUSTIVEL_Julho_2026.xlsx
SAO PAULO,JAGUARIUNA,GASOLINA/ALCOOL/ELETRICO,148,copy_of_D_Frota_por_UF_Municipio_COMBUSTIVEL_Julho_2026.xlsx
SAO PAULO,JAGUARIUNA,GASOLINA/ALCOOL/GAS NATURAL,38,copy_of_D_Frota_por_UF_Municipio_COMBUSTIVEL_Julho_2026.xlsx
SAO PAULO,JAGUARIUNA,GASOLINA/ELETRICO,129,copy_of_D_Frota_por_UF_Municipio_COMBUSTIVEL_Julho_2026.xlsx
SAO PAULO,JAGUARIUNA,GASOLINA/GAS NATURAL VEICULAR,95,copy_of_D_Frota_por_UF_Municipio_COMBUSTIVEL_Julho_2026.xlsx
SAO PAULO,JAGUARIUNA,HIBRIDO,25,copy_of_D_Frota_por_UF_Municipio_COMBUSTIVEL_Julho_2026.xlsx
SAO PAULO,JAGUARIUNA,HIBRIDO PLUG-IN,47,copy_of_D_Frota_por_UF_Municipio_COMBUSTIVEL_Julho_2026.xlsx
SAO PAULO,JAGUARIUNA,Sem Informação,1253,copy_of_D_Frota_por_UF_Municipio_COMBUSTIVEL_Julho_2026.xlsx
SAO PAULO,JALES,ALCOOL,2916,copy_of_D_Frota_por_UF_Municipio_COMBUSTIVEL_Julho_2026.xlsx
SAO PAULO,JALES,ALCOOL/GASOLINA,20085,copy_of_D_Frota_por_UF_Municipio_COMBUSTIVEL_Julho_2026.xlsx
SAO PAULO,JALES,DIESEL,4182,copy_of_D_Frota_por_UF_Municipio_COMBUSTIVEL_Julho_2026.xlsx
SAO PAULO,JALES,ELETRICO,2,copy_of_D_Frota_por_UF_Municipio_COMBUSTIVEL_Julho_2026.xlsx
SAO PAULO,JALES,ELETRICO/FONTE EXTERNA,32,copy_of_D_Frota_por_UF_Municipio_COMBUSTIVEL_Julho_2026.xlsx
SAO PAULO,JALES,ELETRICO/FONTE INTERNA,7,copy_of_D_Frota_por_UF_Municipio_COMBUSTIVEL_Julho_2026.xlsx
SAO PAULO,JALES,GASOLINA,23316,copy_of_D_Frota_por_UF_Municipio_COMBUSTIVEL_Julho_2026.xlsx
SAO PAULO,JALES,GASOLINA/ALCOOL/ELETRICO,31,copy_of_D_Frota_por_UF_Municipio_COMBUSTIVEL_Julho_2026.xlsx
SAO PAULO,JALES,GASOLINA/ALCOOL/GAS NATURAL,4,copy_of_D_Frota_por_UF_Municipio_COMBUSTIVEL_Julho_2026.xlsx
SAO PAULO,JALES,GASOLINA/ELETRICO,38,copy_of_D_Frota_por_UF_Municipio_COMBUSTIVEL_Julho_2026.xlsx
SAO PAULO,JALES,GASOLINA/GAS NATURAL VEICULAR,7,copy_of_D_Frota_por_UF_Municipio_COMBUSTIVEL_Julho_2026.xlsx
SAO PAULO,JALES,HIBRIDO,12,copy_of_D_Frota_por_UF_Municipio_COMBUSTIVEL_Julho_2026.xlsx
SAO PAULO,JALES,HIBRIDO PLUG-IN,30,copy_of_D_Frota_por_UF_Municipio_COMBUSTIVEL_Julho_2026.xlsx
SAO PAULO,JALES,Sem Informação,3527,copy_of_D_Frota_por_UF_Municipio_COMBUSTIVEL_Julho_2026.xlsx
SAO PAULO,JAMBEIRO,ALCOOL,204,copy_of_D_Frota_por_UF_Municipio_COMBUSTIVEL_Julho_2026.xlsx
SAO PAULO,JAMBEIRO,ALCOOL/GAS NATURAL VEICULAR,1,copy_of_D_Frota_por_UF_Municipio_COMBUSTIVEL_Julho_2026.xlsx
SAO PAULO,JAMBEIRO,ALCOOL/GASOLINA,1702,copy_of_D_Frota_por_UF_Municipio_COMBUSTIVEL_Julho_2026.xlsx
SAO PAULO,JAMBEIRO,DIESEL,446,copy_of_D_Frota_por_UF_Municipio_COMBUSTIVEL_Julho_2026.xlsx
SAO PAULO,JAMBEIRO,ELETRICO,4,copy_of_D_Frota_por_UF_Municipio_COMBUSTIVEL_Julho_2026.xlsx
SAO PAULO,JAMBEIRO,ELETRICO/FONTE EXTERNA,10,copy_of_D_Frota_por_UF_Municipio_COMBUSTIVEL_Julho_2026.xlsx
SAO PAULO,JAMBEIRO,ELETRICO/FONTE INTERNA,1,copy_of_D_Frota_por_UF_Municipio_COMBUSTIVEL_Julho_2026.xlsx
SAO PAULO,JAMBEIRO,GASOLINA,1488,copy_of_D_Frota_por_UF_Municipio_COMBUSTIVEL_Julho_2026.xlsx
SAO PAULO,JAMBEIRO,GASOLINA/ALCOOL/ELETRICO,4,copy_of_D_Frota_por_UF_Municipio_COMBUSTIVEL_Julho_2026.xlsx
SAO PAULO,JAMBEIRO,GASOLINA/ALCOOL/GAS NATURAL,6,copy_of_D_Frota_por_UF_Municipio_COMBUSTIVEL_Julho_2026.xlsx
SAO PAULO,JAMBEIRO,GASOLINA/ELETRICO,6,copy_of_D_Frota_por_UF_Municipio_COMBUSTIVEL_Julho_2026.xlsx
SAO PAULO,JAMBEIRO,GASOLINA/GAS NATURAL VEICULAR,37,copy_of_D_Frota_por_UF_Municipio_COMBUSTIVEL_Julho_2026.xlsx
SAO PAULO,JAMBEIRO,HIBRIDO,2,copy_of_D_Frota_por_UF_Municipio_COMBUSTIVEL_Julho_2026.xlsx
SAO PAULO,JAMBEIRO,HIBRIDO PLUG-IN,3,copy_of_D_Frota_por_UF_Municipio_COMBUSTIVEL_Julho_2026.xlsx
SAO PAULO,JAMBEIRO,Sem Informação,148,copy_of_D_Frota_por_UF_Municipio_COMBUSTIVEL_Julho_2026.xlsx
SAO PAULO,JANDIRA,ALCOOL,3101,copy_of_D_Frota_por_UF_Municipio_COMBUSTIVEL_Julho_2026.xlsx
SAO PAULO,JANDIRA,ALCOOL/GAS NATURAL COMBUSTIVEL,4,copy_of_D_Frota_por_UF_Municipio_COMBUSTIVEL_Julho_2026.xlsx
SAO PAULO,JANDIRA,ALCOOL/GAS NATURAL VEICULAR,17,copy_of_D_Frota_por_UF_Municipio_COMBUSTIVEL_Julho_2026.xlsx
SAO PAULO,JANDIRA,ALCOOL/GASOLINA,32493,copy_of_D_Frota_por_UF_Municipio_COMBUSTIVEL_Julho_2026.xlsx
SAO PAULO,JANDIRA,DIESEL,3825,copy_of_D_Frota_por_UF_Municipio_COMBUSTIVEL_Julho_2026.xlsx
SAO PAULO,JANDIRA,DIESEL/ELETRICO,5,copy_of_D_Frota_por_UF_Municipio_COMBUSTIVEL_Julho_2026.xlsx
SAO PAULO,JANDIRA,ELETRICO,8,copy_of_D_Frota_por_UF_Municipio_COMBUSTIVEL_Julho_2026.xlsx
SAO PAULO,JANDIRA,ELETRICO/FONTE EXTERNA,136,copy_of_D_Frota_por_UF_Municipio_COMBUSTIVEL_Julho_2026.xlsx
SAO PAULO,JANDIRA,ELETRICO/FONTE INTERNA,18,copy_of_D_Frota_por_UF_Municipio_COMBUSTIVEL_Julho_2026.xlsx
SAO PAULO,JANDIRA,GAS METANO,8,copy_of_D_Frota_por_UF_Municipio_COMBUSTIVEL_Julho_2026.xlsx
SAO PAULO,JANDIRA,GASOL/GAS NATURAL COMBUSTIVEL,17,copy_of_D_Frota_por_UF_Municipio_COMBUSTIVEL_Julho_2026.xlsx
SAO PAULO,JANDIRA,GASOLINA,31496,copy_of_D_Frota_por_UF_Municipio_COMBUSTIVEL_Julho_2026.xlsx
SAO PAULO,JANDIRA,GASOLINA/ALCOOL/ELETRICO,97,copy_of_D_Frota_por_UF_Municipio_COMBUSTIVEL_Julho_2026.xlsx
SAO PAULO,JANDIRA,GASOLINA/ALCOOL/GAS NATURAL,104,copy_of_D_Frota_por_UF_Municipio_COMBUSTIVEL_Julho_2026.xlsx
SAO PAULO,JANDIRA,GASOLINA/ELETRICO,176,copy_of_D_Frota_por_UF_Municipio_COMBUSTIVEL_Julho_2026.xlsx
SAO PAULO,JANDIRA,GASOLINA/GAS NATURAL VEICULAR,415,copy_of_D_Frota_por_UF_Municipio_COMBUSTIVEL_Julho_2026.xlsx
SAO PAULO,JANDIRA,HIBRIDO,11,copy_of_D_Frota_por_UF_Municipio_COMBUSTIVEL_Julho_2026.xlsx
SAO PAULO,JANDIRA,HIBRIDO PLUG-IN,22,copy_of_D_Frota_por_UF_Municipio_COMBUSTIVEL_Julho_2026.xlsx
SAO PAULO,JANDIRA,Sem Informação,908,copy_of_D_Frota_por_UF_Municipio_COMBUSTIVEL_Julho_2026.xlsx
SAO PAULO,JARDINOPOLIS,ALCOOL,2382,copy_of_D_Frota_por_UF_Municipio_COMBUSTIVEL_Julho_2026.xlsx
SAO PAULO,JARDINOPOLIS,ALCOOL/GAS NATURAL VEICULAR,1,copy_of_D_Frota_por_UF_Municipio_COMBUSTIVEL_Julho_2026.xlsx
SAO PAULO,JARDINOPOLIS,ALCOOL/GASOLINA,13078,copy_of_D_Frota_por_UF_Municipio_COMBUSTIVEL_Julho_2026.xlsx
SAO PAULO,JARDINOPOLIS,DIESEL,3112,copy_of_D_Frota_por_UF_Municipio_COMBUSTIVEL_Julho_2026.xlsx
SAO PAULO,JARDINOPOLIS,DIESEL/ELETRICO,2,copy_of_D_Frota_por_UF_Municipio_COMBUSTIVEL_Julho_2026.xlsx
SAO PAULO,JARDINOPOLIS,ELETRICO,1,copy_of_D_Frota_por_UF_Municipio_COMBUSTIVEL_Julho_2026.xlsx
SAO PAULO,JARDINOPOLIS,ELETRICO/FONTE EXTERNA,35,copy_of_D_Frota_por_UF_Municipio_COMBUSTIVEL_Julho_2026.xlsx
SAO PAULO,JARDINOPOLIS,ELETRICO/FONTE INTERNA,3,copy_of_D_Frota_por_UF_Municipio_COMBUSTIVEL_Julho_2026.xlsx
SAO PAULO,JARDINOPOLIS,GASOLINA,11965,copy_of_D_Frota_por_UF_Municipio_COMBUSTIVEL_Julho_2026.xlsx
SAO PAULO,JARDINOPOLIS,GASOLINA/ALCOOL/ELETRICO,30,copy_of_D_Frota_por_UF_Municipio_COMBUSTIVEL_Julho_2026.xlsx
SAO PAULO,JARDINOPOLIS,GASOLINA/ALCOOL/GAS NATURAL,6,copy_of_D_Frota_por_UF_Municipio_COMBUSTIVEL_Julho_2026.xlsx
SAO PAULO,JARDINOPOLIS,GASOLINA/ELETRICO,41,copy_of_D_Frota_por_UF_Municipio_COMBUSTIVEL_Julho_2026.xlsx
SAO PAULO,JARDINOPOLIS,GASOLINA/GAS NATURAL VEICULAR,17,copy_of_D_Frota_por_UF_Municipio_COMBUSTIVEL_Julho_2026.xlsx
SAO PAULO,JARDINOPOLIS,HIBRIDO,3,copy_of_D_Frota_por_UF_Municipio_COMBUSTIVEL_Julho_2026.xlsx
SAO PAULO,JARDINOPOLIS,HIBRIDO PLUG-IN,7,copy_of_D_Frota_por_UF_Municipio_COMBUSTIVEL_Julho_2026.xlsx
SAO PAULO,JARDINOPOLIS,Sem Informação,1533,copy_of_D_Frota_por_UF_Municipio_COMBUSTIVEL_Julho_2026.xlsx
SAO PAULO,JARINU,ALCOOL,1256,copy_of_D_Frota_por_UF_Municipio_COMBUSTIVEL_Julho_2026.xlsx
SAO PAULO,JARINU,ALCOOL/GAS NATURAL VEICULAR,12,copy_of_D_Frota_por_UF_Municipio_COMBUSTIVEL_Julho_2026.xlsx
SAO PAULO,JARINU,ALCOOL/GASOLINA,12781,copy_of_D_Frota_por_UF_Municipio_COMBUSTIVEL_Julho_2026.xlsx
SAO PAULO,JARINU,DIESEL,1833,copy_of_D_Frota_por_UF_Municipio_COMBUSTIVEL_Julho_2026.xlsx
SAO PAULO,JARINU,DIESEL/ELETRICO,3,copy_of_D_Frota_por_UF_Municipio_COMBUSTIVEL_Julho_2026.xlsx
SAO PAULO,JARINU,ELETRICO,8,copy_of_D_Frota_por_UF_Municipio_COMBUSTIVEL_Julho_2026.xlsx
SAO PAULO,JARINU,ELETRICO/FONTE EXTERNA,34,copy_of_D_Frota_por_UF_Municipio_COMBUSTIVEL_Julho_2026.xlsx
SAO PAULO,JARINU,ELETRICO/FONTE INTERNA,1,copy_of_D_Frota_por_UF_Municipio_COMBUSTIVEL_Julho_2026.xlsx
SAO PAULO,JARINU,GASOL/GAS NATURAL COMBUSTIVEL,1,copy_of_D_Frota_por_UF_Municipio_COMBUSTIVEL_Julho_2026.xlsx
SAO PAULO,JARINU,GASOLINA,11794,copy_of_D_Frota_por_UF_Municipio_COMBUSTIVEL_Julho_2026.xlsx
SAO PAULO,JARINU,GASOLINA/ALCOOL/ELETRICO,29,copy_of_D_Frota_por_UF_Municipio_COMBUSTIVEL_Julho_2026.xlsx
SAO PAULO,JARINU,GASOLINA/ALCOOL/GAS NATURAL,34,copy_of_D_Frota_por_UF_Municipio_COMBUSTIVEL_Julho_2026.xlsx
SAO PAULO,JARINU,GASOLINA/ELETRICO,36,copy_of_D_Frota_por_UF_Municipio_COMBUSTIVEL_Julho_2026.xlsx
SAO PAULO,JARINU,GASOLINA/GAS NATURAL VEICULAR,135,copy_of_D_Frota_por_UF_Municipio_COMBUSTIVEL_Julho_2026.xlsx
SAO PAULO,JARINU,HIBRIDO,2,copy_of_D_Frota_por_UF_Municipio_COMBUSTIVEL_Julho_2026.xlsx
SAO PAULO,JARINU,HIBRIDO PLUG-IN,6,copy_of_D_Frota_por_UF_Municipio_COMBUSTIVEL_Julho_2026.xlsx
SAO PAULO,JARINU,Sem Informação,682,copy_of_D_Frota_por_UF_Municipio_COMBUSTIVEL_Julho_2026.xlsx
SAO PAULO,JAU,ALCOOL,7653,copy_of_D_Frota_por_UF_Municipio_COMBUSTIVEL_Julho_2026.xlsx
SAO PAULO,JAU,ALCOOL/GAS NATURAL VEICULAR,2,copy_of_D_Frota_por_UF_Municipio_COMBUSTIVEL_Julho_2026.xlsx
SAO PAULO,JAU,ALCOOL/GASOLINA,49528,copy_of_D_Frota_por_UF_Municipio_COMBUSTIVEL_Julho_2026.xlsx
SAO PAULO,JAU,DIESEL,7287,copy_of_D_Frota_por_UF_Municipio_COMBUSTIVEL_Julho_2026.xlsx
SAO PAULO,JAU,DIESEL/ELETRICO,6,copy_of_D_Frota_por_UF_Municipio_COMBUSTIVEL_Julho_2026.xlsx
SAO PAULO,JAU,ELETRICO,10,copy_of_D_Frota_por_UF_Municipio_COMBUSTIVEL_Julho_2026.xlsx
SAO PAULO,JAU,ELETRICO/FONTE EXTERNA,126,copy_of_D_Frota_por_UF_Municipio_COMBUSTIVEL_Julho_2026.xlsx
SAO PAULO,JAU,ELETRICO/FONTE INTERNA,6,copy_of_D_Frota_por_UF_Municipio_COMBUSTIVEL_Julho_2026.xlsx
SAO PAULO,JAU,GASOL/GAS NATURAL COMBUSTIVEL,2,copy_of_D_Frota_por_UF_Municipio_COMBUSTIVEL_Julho_2026.xlsx
SAO PAULO,JAU,GASOLINA,51629,copy_of_D_Frota_por_UF_Municipio_COMBUSTIVEL_Julho_2026.xlsx
SAO PAULO,JAU,GASOLINA/ALCOOL/ELETRICO,126,copy_of_D_Frota_por_UF_Municipio_COMBUSTIVEL_Julho_2026.xlsx
SAO PAULO,JAU,GASOLINA/ALCOOL/GAS NATURAL,13,copy_of_D_Frota_por_UF_Municipio_COMBUSTIVEL_Julho_2026.xlsx
SAO PAULO,JAU,GASOLINA/ELETRICO,215,copy_of_D_Frota_por_UF_Municipio_COMBUSTIVEL_Julho_2026.xlsx
SAO PAULO,JAU,GASOLINA/GAS NATURAL VEICULAR,30,copy_of_D_Frota_por_UF_Municipio_COMBUSTIVEL_Julho_2026.xlsx
SAO PAULO,JAU,HIBRIDO,24,copy_of_D_Frota_por_UF_Municipio_COMBUSTIVEL_Julho_2026.xlsx
SAO PAULO,JAU,HIBRIDO PLUG-IN,37,copy_of_D_Frota_por_UF_Municipio_COMBUSTIVEL_Julho_2026.xlsx
SAO PAULO,JAU,Sem Informação,3833,copy_of_D_Frota_por_UF_Municipio_COMBUSTIVEL_Julho_2026.xlsx
SAO PAULO,JERIQUARA,ALCOOL,258,copy_of_D_Frota_por_UF_Municipio_COMBUSTIVEL_Julho_2026.xlsx
SAO PAULO,JERIQUARA,ALCOOL/GASOLINA,894,copy_of_D_Frota_por_UF_Municipio_COMBUSTIVEL_Julho_2026.xlsx
SAO PAULO,JERIQUARA,DIESEL,287,copy_of_D_Frota_por_UF_Municipio_COMBUSTIVEL_Julho_2026.xlsx
SAO PAULO,JERIQUARA,DIESEL/ELETRICO,1,copy_of_D_Frota_por_UF_Municipio_COMBUSTIVEL_Julho_2026.xlsx
SAO PAULO,JERIQUARA,GASOLINA,908,copy_of_D_Frota_por_UF_Municipio_COMBUSTIVEL_Julho_2026.xlsx
SAO PAULO,JERIQUARA,GASOLINA/ALCOOL/ELETRICO,3,copy_of_D_Frota_por_UF_Municipio_COMBUSTIVEL_Julho_2026.xlsx
SAO PAULO,JERIQUARA,GASOLINA/ALCOOL/GAS NATURAL,1,copy_of_D_Frota_por_UF_Municipio_COMBUSTIVEL_Julho_2026.xlsx
SAO PAULO,JERIQUARA,Sem Informação,125,copy_of_D_Frota_por_UF_Municipio_COMBUSTIVEL_Julho_2026.xlsx
SAO PAULO,JOANOPOLIS,ALCOOL,590,copy_of_D_Frota_por_UF_Municipio_COMBUSTIVEL_Julho_2026.xlsx
SAO PAULO,JOANOPOLIS,ALCOOL/GAS NATURAL VEICULAR,2,copy_of_D_Frota_por_UF_Municipio_COMBUSTIVEL_Julho_2026.xlsx
SAO PAULO,JOANOPOLIS,ALCOOL/GASOLINA,4674,copy_of_D_Frota_por_UF_Municipio_COMBUSTIVEL_Julho_2026.xlsx
SAO PAULO,JOANOPOLIS,DIESEL,1143,copy_of_D_Frota_por_UF_Municipio_COMBUSTIVEL_Julho_2026.xlsx
SAO PAULO,JOANOPOLIS,DIESEL/ELETRICO,1,copy_of_D_Frota_por_UF_Municipio_COMBUSTIVEL_Julho_2026.xlsx
SAO PAULO,JOANOPOLIS,ELETRICO/FONTE EXTERNA,11,copy_of_D_Frota_por_UF_Municipio_COMBUSTIVEL_Julho_2026.xlsx
SAO PAULO,JOANOPOLIS,ELETRICO/FONTE INTERNA,1,copy_of_D_Frota_por_UF_Municipio_COMBUSTIVEL_Julho_2026.xlsx
SAO PAULO,JOANOPOLIS,GASOL/GAS NATURAL COMBUSTIVEL,3,copy_of_D_Frota_por_UF_Municipio_COMBUSTIVEL_Julho_2026.xlsx
SAO PAULO,JOANOPOLIS,GASOLINA,6193,copy_of_D_Frota_por_UF_Municipio_COMBUSTIVEL_Julho_2026.xlsx
SAO PAULO,JOANOPOLIS,GASOLINA/ALCOOL/ELETRICO,9,copy_of_D_Frota_por_UF_Municipio_COMBUSTIVEL_Julho_2026.xlsx
SAO PAULO,JOANOPOLIS,GASOLINA/ALCOOL/GAS NATURAL,3,copy_of_D_Frota_por_UF_Municipio_COMBUSTIVEL_Julho_2026.xlsx
SAO PAULO,JOANOPOLIS,GASOLINA/ELETRICO,13,copy_of_D_Frota_por_UF_Municipio_COMBUSTIVEL_Julho_2026.xlsx
SAO PAULO,JOANOPOLIS,GASOLINA/GAS NATURAL VEICULAR,23,copy_of_D_Frota_por_UF_Municipio_COMBUSTIVEL_Julho_2026.xlsx
SAO PAULO,JOANOPOLIS,HIBRIDO PLUG-IN,1,copy_of_D_Frota_por_UF_Municipio_COMBUSTIVEL_Julho_2026.xlsx
SAO PAULO,JOANOPOLIS,Sem Informação,268,copy_of_D_Frota_por_UF_Municipio_COMBUSTIVEL_Julho_2026.xlsx
SAO PAULO,JOAO RAMALHO,ALCOOL,238,copy_of_D_Frota_por_UF_Municipio_COMBUSTIVEL_Julho_2026.xlsx
SAO PAULO,JOAO RAMALHO,ALCOOL/GASOLINA,986,copy_of_D_Frota_por_UF_Municipio_COMBUSTIVEL_Julho_2026.xlsx
SAO PAULO,JOAO RAMALHO,DIESEL,216,copy_of_D_Frota_por_UF_Municipio_COMBUSTIVEL_Julho_2026.xlsx
SAO PAULO,JOAO RAMALHO,ELETRICO,1,copy_of_D_Frota_por_UF_Municipio_COMBUSTIVEL_Julho_2026.xlsx
SAO PAULO,JOAO RAMALHO,ELETRICO/FONTE EXTERNA,1,copy_of_D_Frota_por_UF_Municipio_COMBUSTIVEL_Julho_2026.xlsx
SAO PAULO,JOAO RAMALHO,GASOLINA,901,copy_of_D_Frota_por_UF_Municipio_COMBUSTIVEL_Julho_2026.xlsx
SAO PAULO,JOAO RAMALHO,GASOLINA/GAS NATURAL VEICULAR,2,copy_of_D_Frota_por_UF_Municipio_COMBUSTIVEL_Julho_2026.xlsx
SAO PAULO,JOAO RAMALHO,Sem Informação,66,copy_of_D_Frota_por_UF_Municipio_COMBUSTIVEL_Julho_2026.xlsx
SAO PAULO,JOSE BONIFACIO,ALCOOL,1901,copy_of_D_Frota_por_UF_Municipio_COMBUSTIVEL_Julho_2026.xlsx
SAO PAULO,JOSE BONIFACIO,ALCOOL/GASOLINA,14381,copy_of_D_Frota_por_UF_Municipio_COMBUSTIVEL_Julho_2026.xlsx
SAO PAULO,JOSE BONIFACIO,DIESEL,3535,copy_of_D_Frota_por_UF_Municipio_COMBUSTIVEL_Julho_2026.xlsx
SAO PAULO,JOSE BONIFACIO,ELETRICO,2,copy_of_D_Frota_por_UF_Municipio_COMBUSTIVEL_Julho_2026.xlsx
SAO PAULO,JOSE BONIFACIO,ELETRICO/FONTE EXTERNA,21,copy_of_D_Frota_por_UF_Municipio_COMBUSTIVEL_Julho_2026.xlsx
SAO PAULO,JOSE BONIFACIO,ELETRICO/FONTE INTERNA,2,copy_of_D_Frota_por_UF_Municipio_COMBUSTIVEL_Julho_2026.xlsx
SAO PAULO,JOSE BONIFACIO,GASOLINA,14339,copy_of_D_Frota_por_UF_Municipio_COMBUSTIVEL_Julho_2026.xlsx
SAO PAULO,JOSE BONIFACIO,GASOLINA/ALCOOL/ELETRICO,40,copy_of_D_Frota_por_UF_Municipio_COMBUSTIVEL_Julho_2026.xlsx
SAO PAULO,JOSE BONIFACIO,GASOLINA/ALCOOL/GAS NATURAL,2,copy_of_D_Frota_por_UF_Municipio_COMBUSTIVEL_Julho_2026.xlsx
SAO PAULO,JOSE BONIFACIO,GASOLINA/ELETRICO,33,copy_of_D_Frota_por_UF_Municipio_COMBUSTIVEL_Julho_2026.xlsx
SAO PAULO,JOSE BONIFACIO,GASOLINA/GAS NATURAL VEICULAR,2,copy_of_D_Frota_por_UF_Municipio_COMBUSTIVEL_Julho_2026.xlsx
SAO PAULO,JOSE BONIFACIO,HIBRIDO,15,copy_of_D_Frota_por_UF_Municipio_COMBUSTIVEL_Julho_2026.xlsx
SAO PAULO,JOSE BONIFACIO,HIBRIDO PLUG-IN,20,copy_of_D_Frota_por_UF_Municipio_COMBUSTIVEL_Julho_2026.xlsx
SAO PAULO,JOSE BONIFACIO,Sem Informação,2731,copy_of_D_Frota_por_UF_Municipio_COMBUSTIVEL_Julho_2026.xlsx
SAO PAULO,JULIO MESQUITA,ALCOOL,233,copy_of_D_Frota_por_UF_Municipio_COMBUSTIVEL_Julho_2026.xlsx
SAO PAULO,JULIO MESQUITA,ALCOOL/GASOLINA,904,copy_of_D_Frota_por_UF_Municipio_COMBUSTIVEL_Julho_2026.xlsx
SAO PAULO,JULIO MESQUITA,DIESEL,151,copy_of_D_Frota_por_UF_Municipio_COMBUSTIVEL_Julho_2026.xlsx
SAO PAULO,JULIO MESQUITA,GASOLINA,834,copy_of_D_Frota_por_UF_Municipio_COMBUSTIVEL_Julho_2026.xlsx
SAO PAULO,JULIO MESQUITA,GASOLINA/GAS NATURAL VEICULAR,2,copy_of_D_Frota_por_UF_Municipio_COMBUSTIVEL_Julho_2026.xlsx
SAO PAULO,JULIO MESQUITA,Sem Informação,111,copy_of_D_Frota_por_UF_Municipio_COMBUSTIVEL_Julho_2026.xlsx
SAO PAULO,JUMIRIM,ALCOOL,142,copy_of_D_Frota_por_UF_Municipio_COMBUSTIVEL_Julho_2026.xlsx
SAO PAULO,JUMIRIM,ALCOOL/GAS NATURAL VEICULAR,1,copy_of_D_Frota_por_UF_Municipio_COMBUSTIVEL_Julho_2026.xlsx
SAO PAULO,JUMIRIM,ALCOOL/GASOLINA,930,copy_of_D_Frota_por_UF_Municipio_COMBUSTIVEL_Julho_2026.xlsx
SAO PAULO,JUMIRIM,DIESEL,298,copy_of_D_Frota_por_UF_Municipio_COMBUSTIVEL_Julho_2026.xlsx
SAO PAULO,JUMIRIM,GASOLINA,685,copy_of_D_Frota_por_UF_Municipio_COMBUSTIVEL_Julho_2026.xlsx
SAO PAULO,JUMIRIM,GASOLINA/ALCOOL/ELETRICO,2,copy_of_D_Frota_por_UF_Municipio_COMBUSTIVEL_Julho_2026.xlsx
SAO PAULO,JUMIRIM,GASOLINA/ELETRICO,1,copy_of_D_Frota_por_UF_Municipio_COMBUSTIVEL_Julho_2026.xlsx
SAO PAULO,JUMIRIM,GASOLINA/GAS NATURAL VEICULAR,4,copy_of_D_Frota_por_UF_Municipio_COMBUSTIVEL_Julho_2026.xlsx
SAO PAULO,JUMIRIM,Sem Informação,90,copy_of_D_Frota_por_UF_Municipio_COMBUSTIVEL_Julho_2026.xlsx
SAO PAULO,JUNDIAI,ALCOOL,15447,copy_of_D_Frota_por_UF_Municipio_COMBUSTIVEL_Julho_2026.xlsx
SAO PAULO,JUNDIAI,ALCOOL/GAS NATURAL COMBUSTIVEL,4,copy_of_D_Frota_por_UF_Municipio_COMBUSTIVEL_Julho_2026.xlsx
SAO PAULO,JUNDIAI,ALCOOL/GAS NATURAL VEICULAR,133,copy_of_D_Frota_por_UF_Municipio_COMBUSTIVEL_Julho_2026.xlsx
SAO PAULO,JUNDIAI,ALCOOL/GASOLINA,184466,copy_of_D_Frota_por_UF_Municipio_COMBUSTIVEL_Julho_2026.xlsx
SAO PAULO,JUNDIAI,DIESEL,26003,copy_of_D_Frota_por_UF_Municipio_COMBUSTIVEL_Julho_2026.xlsx
SAO PAULO,JUNDIAI,DIESEL/ELETRICO,29,copy_of_D_Frota_por_UF_Municipio_COMBUSTIVEL_Julho_2026.xlsx
SAO PAULO,JUNDIAI,DIESEL/GAS NATURAL VEICULAR,2,copy_of_D_Frota_por_UF_Municipio_COMBUSTIVEL_Julho_2026.xlsx
SAO PAULO,JUNDIAI,ELETRICO,174,copy_of_D_Frota_por_UF_Municipio_COMBUSTIVEL_Julho_2026.xlsx
SAO PAULO,JUNDIAI,ELETRICO/FONTE EXTERNA,1420,copy_of_D_Frota_por_UF_Municipio_COMBUSTIVEL_Julho_2026.xlsx
SAO PAULO,JUNDIAI,ELETRICO/FONTE INTERNA,104,copy_of_D_Frota_por_UF_Municipio_COMBUSTIVEL_Julho_2026.xlsx
SAO PAULO,JUNDIAI,GAS METANO,12,copy_of_D_Frota_por_UF_Municipio_COMBUSTIVEL_Julho_2026.xlsx
SAO PAULO,JUNDIAI,GAS NATURAL VEICULAR,7,copy_of_D_Frota_por_UF_Municipio_COMBUSTIVEL_Julho_2026.xlsx
SAO PAULO,JUNDIAI,GAS/NATURAL/LIQUEFEITO,1,copy_of_D_Frota_por_UF_Municipio_COMBUSTIVEL_Julho_2026.xlsx
SAO PAULO,JUNDIAI,GASOL/GAS NATURAL COMBUSTIVEL,29,copy_of_D_Frota_por_UF_Municipio_COMBUSTIVEL_Julho_2026.xlsx
SAO PAULO,JUNDIAI,GASOLINA,142160,copy_of_D_Frota_por_UF_Municipio_COMBUSTIVEL_Julho_2026.xlsx
SAO PAULO,JUNDIAI,GASOLINA/ALCOOL/ELETRICO,1067,copy_of_D_Frota_por_UF_Municipio_COMBUSTIVEL_Julho_2026.xlsx
SAO PAULO,JUNDIAI,GASOLINA/ALCOOL/GAS NATURAL,374,copy_of_D_Frota_por_UF_Municipio_COMBUSTIVEL_Julho_2026.xlsx
SAO PAULO,JUNDIAI,GASOLINA/ELETRICO,1841,copy_of_D_Frota_por_UF_Municipio_COMBUSTIVEL_Julho_2026.xlsx
SAO PAULO,JUNDIAI,GASOLINA/GAS NATURAL VEICULAR,2449,copy_of_D_Frota_por_UF_Municipio_COMBUSTIVEL_Julho_2026.xlsx
SAO PAULO,JUNDIAI,HIBRIDO,241,copy_of_D_Frota_por_UF_Municipio_COMBUSTIVEL_Julho_2026.xlsx
SAO PAULO,JUNDIAI,HIBRIDO PLUG-IN,395,copy_of_D_Frota_por_UF_Municipio_COMBUSTIVEL_Julho_2026.xlsx
SAO PAULO,JUNDIAI,Sem Informação,12582,copy_of_D_Frota_por_UF_Municipio_COMBUSTIVEL_Julho_2026.xlsx
SAO PAULO,JUNQUEIROPOLIS,ALCOOL,1360,copy_of_D_Frota_por_UF_Municipio_COMBUSTIVEL_Julho_2026.xlsx
SAO PAULO,JUNQUEIROPOLIS,ALCOOL/GASOLINA,5953,copy_of_D_Frota_por_UF_Municipio_COMBUSTIVEL_Julho_2026.xlsx
SAO PAULO,JUNQUEIROPOLIS,DIESEL,1461,copy_of_D_Frota_por_UF_Municipio_COMBUSTIVEL_Julho_2026.xlsx
SAO PAULO,JUNQUEIROPOLIS,ELETRICO,1,copy_of_D_Frota_por_UF_Municipio_COMBUSTIVEL_Julho_2026.xlsx
SAO PAULO,JUNQUEIROPOLIS,ELETRICO/FONTE EXTERNA,4,copy_of_D_Frota_por_UF_Municipio_COMBUSTIVEL_Julho_2026.xlsx
SAO PAULO,JUNQUEIROPOLIS,ELETRICO/FONTE INTERNA,1,copy_of_D_Frota_por_UF_Municipio_COMBUSTIVEL_Julho_2026.xlsx
SAO PAULO,JUNQUEIROPOLIS,GASOLINA,5950,copy_of_D_Frota_por_UF_Municipio_COMBUSTIVEL_Julho_2026.xlsx
SAO PAULO,JUNQUEIROPOLIS,GASOLINA/ALCOOL/ELETRICO,13,copy_of_D_Frota_por_UF_Municipio_COMBUSTIVEL_Julho_2026.xlsx
SAO PAULO,JUNQUEIROPOLIS,GASOLINA/ALCOOL/GAS NATURAL,2,copy_of_D_Frota_por_UF_Municipio_COMBUSTIVEL_Julho_2026.xlsx
SAO PAULO,JUNQUEIROPOLIS,GASOLINA/ELETRICO,4,copy_of_D_Frota_por_UF_Municipio_COMBUSTIVEL_Julho_2026.xlsx
SAO PAULO,JUNQUEIROPOLIS,GASOLINA/GAS NATURAL VEICULAR,2,copy_of_D_Frota_por_UF_Municipio_COMBUSTIVEL_Julho_2026.xlsx
SAO PAULO,JUNQUEIROPOLIS,HIBRIDO,1,copy_of_D_Frota_por_UF_Municipio_COMBUSTIVEL_Julho_2026.xlsx
SAO PAULO,JUNQUEIROPOLIS,HIBRIDO PLUG-IN,1,copy_of_D_Frota_por_UF_Municipio_COMBUSTIVEL_Julho_2026.xlsx
SAO PAULO,JUNQUEIROPOLIS,Sem Informação,851,copy_of_D_Frota_por_UF_Municipio_COMBUSTIVEL_Julho_2026.xlsx
SAO PAULO,JUQUIA,ALCOOL,457,copy_of_D_Frota_por_UF_Municipio_COMBUSTIVEL_Julho_2026.xlsx
SAO PAULO,JUQUIA,ALCOOL/GASOLINA,3978,copy_of_D_Frota_por_UF_Municipio_COMBUSTIVEL_Julho_2026.xlsx
SAO PAULO,JUQUIA,DIESEL,1043,copy_of_D_Frota_por_UF_Municipio_COMBUSTIVEL_Julho_2026.xlsx
SAO PAULO,JUQUIA,ELETRICO/FONTE EXTERNA,3,copy_of_D_Frota_por_UF_Municipio_COMBUSTIVEL_Julho_2026.xlsx
SAO PAULO,JUQUIA,GASOLINA,4353,copy_of_D_Frota_por_UF_Municipio_COMBUSTIVEL_Julho_2026.xlsx
SAO PAULO,JUQUIA,GASOLINA/ALCOOL/ELETRICO,11,copy_of_D_Frota_por_UF_Municipio_COMBUSTIVEL_Julho_2026.xlsx
SAO PAULO,JUQUIA,GASOLINA/ALCOOL/GAS NATURAL,3,copy_of_D_Frota_por_UF_Municipio_COMBUSTIVEL_Julho_2026.xlsx
SAO PAULO,JUQUIA,GASOLINA/ELETRICO,5,copy_of_D_Frota_por_UF_Municipio_COMBUSTIVEL_Julho_2026.xlsx
SAO PAULO,JUQUIA,GASOLINA/GAS NATURAL VEICULAR,9,copy_of_D_Frota_por_UF_Municipio_COMBUSTIVEL_Julho_2026.xlsx
SAO PAULO,JUQUIA,HIBRIDO PLUG-IN,1,copy_of_D_Frota_por_UF_Municipio_COMBUSTIVEL_Julho_2026.xlsx
SAO PAULO,JUQUIA,Sem Informação,366,copy_of_D_Frota_por_UF_Municipio_COMBUSTIVEL_Julho_2026.xlsx
SAO PAULO,JUQUITIBA,ALCOOL,1237,copy_of_D_Frota_por_UF_Municipio_COMBUSTIVEL_Julho_2026.xlsx
SAO PAULO,JUQUITIBA,ALCOOL/GAS NATURAL COMBUSTIVEL,1,copy_of_D_Frota_por_UF_Municipio_COMBUSTIVEL_Julho_2026.xlsx
SAO PAULO,JUQUITIBA,ALCOOL/GAS NATURAL VEICULAR,7,copy_of_D_Frota_por_UF_Municipio_COMBUSTIVEL_Julho_2026.xlsx
SAO PAULO,JUQUITIBA,ALCOOL/GASOLINA,7194,copy_of_D_Frota_por_UF_Municipio_COMBUSTIVEL_Julho_2026.xlsx
SAO PAULO,JUQUITIBA,DIESEL,1745,copy_of_D_Frota_por_UF_Municipio_COMBUSTIVEL_Julho_2026.xlsx
SAO PAULO,JUQUITIBA,ELETRICO/FONTE EXTERNA,4,copy_of_D_Frota_por_UF_Municipio_COMBUSTIVEL_Julho_2026.xlsx
SAO PAULO,JUQUITIBA,ELETRICO/FONTE INTERNA,2,copy_of_D_Frota_por_UF_Municipio_COMBUSTIVEL_Julho_2026.xlsx
SAO PAULO,JUQUITIBA,GAS METANO,2,copy_of_D_Frota_por_UF_Municipio_COMBUSTIVEL_Julho_2026.xlsx
SAO PAULO,JUQUITIBA,GASOL/GAS NATURAL COMBUSTIVEL,10,copy_of_D_Frota_por_UF_Municipio_COMBUSTIVEL_Julho_2026.xlsx
SAO PAULO,JUQUITIBA,GASOLINA,9909,copy_of_D_Frota_por_UF_Municipio_COMBUSTIVEL_Julho_2026.xlsx
SAO PAULO,JUQUITIBA,GASOLINA/ALCOOL/ELETRICO,13,copy_of_D_Frota_por_UF_Municipio_COMBUSTIVEL_Julho_2026.xlsx
SAO PAULO,JUQUITIBA,GASOLINA/ALCOOL/GAS NATURAL,14,copy_of_D_Frota_por_UF_Municipio_COMBUSTIVEL_Julho_2026.xlsx
SAO PAULO,JUQUITIBA,GASOLINA/ELETRICO,12,copy_of_D_Frota_por_UF_Municipio_COMBUSTIVEL_Julho_2026.xlsx
SAO PAULO,JUQUITIBA,GASOLINA/GAS NATURAL VEICULAR,109,copy_of_D_Frota_por_UF_Municipio_COMBUSTIVEL_Julho_2026.xlsx
SAO PAULO,JUQUITIBA,HIBRIDO,1,copy_of_D_Frota_por_UF_Municipio_COMBUSTIVEL_Julho_2026.xlsx
SAO PAULO,JUQUITIBA,HIBRIDO PLUG-IN,1,copy_of_D_Frota_por_UF_Municipio_COMBUSTIVEL_Julho_2026.xlsx
SAO PAULO,JUQUITIBA,Sem Informação,450,copy_of_D_Frota_por_UF_Municipio_COMBUSTIVEL_Julho_2026.xlsx
SAO PAULO,LAGOINHA,ALCOOL,116,copy_of_D_Frota_por_UF_Municipio_COMBUSTIVEL_Julho_2026.xlsx
SAO PAULO,LAGOINHA,ALCOOL/GASOLINA,1698,copy_of_D_Frota_por_UF_Municipio_COMBUSTIVEL_Julho_2026.xlsx
SAO PAULO,LAGOINHA,DIESEL,399,copy_of_D_Frota_por_UF_Municipio_COMBUSTIVEL_Julho_2026.xlsx
SAO PAULO,LAGOINHA,ELETRICO/FONTE EXTERNA,1,copy_of_D_Frota_por_UF_Municipio_COMBUSTIVEL_Julho_2026.xlsx
SAO PAULO,LAGOINHA,GASOLINA,2295,copy_of_D_Frota_por_UF_Municipio_COMBUSTIVEL_Julho_2026.xlsx
SAO PAULO,LAGOINHA,GASOLINA/ALCOOL/GAS NATURAL,2,copy_of_D_Frota_por_UF_Municipio_COMBUSTIVEL_Julho_2026.xlsx
SAO PAULO,LAGOINHA,GASOLINA/ELETRICO,1,copy_of_D_Frota_por_UF_Municipio_COMBUSTIVEL_Julho_2026.xlsx
SAO PAULO,LAGOINHA,GASOLINA/GAS NATURAL VEICULAR,10,copy_of_D_Frota_por_UF_Municipio_COMBUSTIVEL_Julho_2026.xlsx
SAO PAULO,LAGOINHA,Sem Informação,57,copy_of_D_Frota_por_UF_Municipio_COMBUSTIVEL_Julho_2026.xlsx
SAO PAULO,LARANJAL PAULISTA,ALCOOL,1331,copy_of_D_Frota_por_UF_Municipio_COMBUSTIVEL_Julho_2026.xlsx
SAO PAULO,LARANJAL PAULISTA,ALCOOL/GAS NATURAL COMBUSTIVEL,1,copy_of_D_Frota_por_UF_Municipio_COMBUSTIVEL_Julho_2026.xlsx
SAO PAULO,LARANJAL PAULISTA,ALCOOL/GAS NATURAL VEICULAR,2,copy_of_D_Frota_por_UF_Municipio_COMBUSTIVEL_Julho_2026.xlsx
SAO PAULO,LARANJAL PAULISTA,ALCOOL/GASOLINA,9237,copy_of_D_Frota_por_UF_Municipio_COMBUSTIVEL_Julho_2026.xlsx
SAO PAULO,LARANJAL PAULISTA,DIESEL,2270,copy_of_D_Frota_por_UF_Municipio_COMBUSTIVEL_Julho_2026.xlsx
SAO PAULO,LARANJAL PAULISTA,DIESEL/ELETRICO,3,copy_of_D_Frota_por_UF_Municipio_COMBUSTIVEL_Julho_2026.xlsx
SAO PAULO,LARANJAL PAULISTA,ELETRICO,2,copy_of_D_Frota_por_UF_Municipio_COMBUSTIVEL_Julho_2026.xlsx
SAO PAULO,LARANJAL PAULISTA,ELETRICO/FONTE EXTERNA,15,copy_of_D_Frota_por_UF_Municipio_COMBUSTIVEL_Julho_2026.xlsx
SAO PAULO,LARANJAL PAULISTA,ELETRICO/FONTE INTERNA,6,copy_of_D_Frota_por_UF_Municipio_COMBUSTIVEL_Julho_2026.xlsx
SAO PAULO,LARANJAL PAULISTA,GASOL/GAS NATURAL COMBUSTIVEL,1,copy_of_D_Frota_por_UF_Municipio_COMBUSTIVEL_Julho_2026.xlsx
SAO PAULO,LARANJAL PAULISTA,GASOLINA,8728,copy_of_D_Frota_por_UF_Municipio_COMBUSTIVEL_Julho_2026.xlsx
SAO PAULO,LARANJAL PAULISTA,GASOLINA/ALCOOL/ELETRICO,12,copy_of_D_Frota_por_UF_Municipio_COMBUSTIVEL_Julho_2026.xlsx
SAO PAULO,LARANJAL PAULISTA,GASOLINA/ALCOOL/GAS NATURAL,10,copy_of_D_Frota_por_UF_Municipio_COMBUSTIVEL_Julho_2026.xlsx
SAO PAULO,LARANJAL PAULISTA,GASOLINA/ELETRICO,26,copy_of_D_Frota_por_UF_Municipio_COMBUSTIVEL_Julho_2026.xlsx
SAO PAULO,LARANJAL PAULISTA,GASOLINA/GAS NATURAL VEICULAR,41,copy_of_D_Frota_por_UF_Municipio_COMBUSTIVEL_Julho_2026.xlsx
SAO PAULO,LARANJAL PAULISTA,HIBRIDO,4,copy_of_D_Frota_por_UF_Municipio_COMBUSTIVEL_Julho_2026.xlsx
SAO PAULO,LARANJAL PAULISTA,HIBRIDO PLUG-IN,9,copy_of_D_Frota_por_UF_Municipio_COMBUSTIVEL_Julho_2026.xlsx
SAO PAULO,LARANJAL PAULISTA,Sem Informação,875,copy_of_D_Frota_por_UF_Municipio_COMBUSTIVEL_Julho_2026.xlsx
SAO PAULO,LAVINIA,ALCOOL,286,copy_of_D_Frota_por_UF_Municipio_COMBUSTIVEL_Julho_2026.xlsx
SAO PAULO,LAVINIA,ALCOOL/GASOLINA,1356,copy_of_D_Frota_por_UF_Municipio_COMBUSTIVEL_Julho_2026.xlsx
SAO PAULO,LAVINIA,DIESEL,278,copy_of_D_Frota_por_UF_Municipio_COMBUSTIVEL_Julho_2026.xlsx
SAO PAULO,LAVINIA,ELETRICO/FONTE EXTERNA,2,copy_of_D_Frota_por_UF_Municipio_COMBUSTIVEL_Julho_2026.xlsx
SAO PAULO,LAVINIA,GASOLINA,1274,copy_of_D_Frota_por_UF_Municipio_COMBUSTIVEL_Julho_2026.xlsx
SAO PAULO,LAVINIA,GASOLINA/ALCOOL/ELETRICO,4,copy_of_D_Frota_por_UF_Municipio_COMBUSTIVEL_Julho_2026.xlsx
SAO PAULO,LAVINIA,GASOLINA/ALCOOL/GAS NATURAL,1,copy_of_D_Frota_por_UF_Municipio_COMBUSTIVEL_Julho_2026.xlsx
SAO PAULO,LAVINIA,Sem Informação,181,copy_of_D_Frota_por_UF_Municipio_COMBUSTIVEL_Julho_2026.xlsx
SAO PAULO,LAVRINHAS,ALCOOL,209,copy_of_D_Frota_por_UF_Municipio_COMBUSTIVEL_Julho_2026.xlsx
SAO PAULO,LAVRINHAS,ALCOOL/GAS NATURAL VEICULAR,3,copy_of_D_Frota_por_UF_Municipio_COMBUSTIVEL_Julho_2026.xlsx
SAO PAULO,LAVRINHAS,ALCOOL/GASOLINA,1697,copy_of_D_Frota_por_UF_Municipio_COMBUSTIVEL_Julho_2026.xlsx
SAO PAULO,LAVRINHAS,DIESEL,220,copy_of_D_Frota_por_UF_Municipio_COMBUSTIVEL_Julho_2026.xlsx
SAO PAULO,LAVRINHAS,DIESEL/GAS NATURAL VEICULAR,1,copy_of_D_Frota_por_UF_Municipio_COMBUSTIVEL_Julho_2026.xlsx
SAO PAULO,LAVRINHAS,ELETRICO/FONTE EXTERNA,2,copy_of_D_Frota_por_UF_Municipio_COMBUSTIVEL_Julho_2026.xlsx
SAO PAULO,LAVRINHAS,GASOLINA,2028,copy_of_D_Frota_por_UF_Municipio_COMBUSTIVEL_Julho_2026.xlsx
SAO PAULO,LAVRINHAS,GASOLINA/ALCOOL/ELETRICO,3,copy_of_D_Frota_por_UF_Municipio_COMBUSTIVEL_Julho_2026.xlsx
SAO PAULO,LAVRINHAS,GASOLINA/ALCOOL/GAS NATURAL,18,copy_of_D_Frota_por_UF_Municipio_COMBUSTIVEL_Julho_2026.xlsx
SAO PAULO,LAVRINHAS,GASOLINA/ELETRICO,3,copy_of_D_Frota_por_UF_Municipio_COMBUSTIVEL_Julho_2026.xlsx
SAO PAULO,LAVRINHAS,GASOLINA/GAS NATURAL VEICULAR,60,copy_of_D_Frota_por_UF_Municipio_COMBUSTIVEL_Julho_2026.xlsx
SAO PAULO,LAVRINHAS,HIBRIDO PLUG-IN,1,copy_of_D_Frota_por_UF_Municipio_COMBUSTIVEL_Julho_2026.xlsx
SAO PAULO,LAVRINHAS,Sem Informação,77,copy_of_D_Frota_por_UF_Municipio_COMBUSTIVEL_Julho_2026.xlsx
SAO PAULO,LEME,ALCOOL,5123,copy_of_D_Frota_por_UF_Municipio_COMBUSTIVEL_Julho_2026.xlsx
SAO PAULO,LEME,ALCOOL/GAS NATURAL VEICULAR,4,copy_of_D_Frota_por_UF_Municipio_COMBUSTIVEL_Julho_2026.xlsx
SAO PAULO,LEME,ALCOOL/GASOLINA,34719,copy_of_D_Frota_por_UF_Municipio_COMBUSTIVEL_Julho_2026.xlsx
SAO PAULO,LEME,DIESEL,6952,copy_of_D_Frota_por_UF_Municipio_COMBUSTIVEL_Julho_2026.xlsx
SAO PAULO,LEME,DIESEL/ELETRICO,4,copy_of_D_Frota_por_UF_Municipio_COMBUSTIVEL_Julho_2026.xlsx
SAO PAULO,LEME,ELETRICO,5,copy_of_D_Frota_por_UF_Municipio_COMBUSTIVEL_Julho_2026.xlsx
SAO PAULO,LEME,ELETRICO/FONTE EXTERNA,53,copy_of_D_Frota_por_UF_Municipio_COMBUSTIVEL_Julho_2026.xlsx
SAO PAULO,LEME,ELETRICO/FONTE INTERNA,8,copy_of_D_Frota_por_UF_Municipio_COMBUSTIVEL_Julho_2026.xlsx
SAO PAULO,LEME,GASOL/GAS NATURAL COMBUSTIVEL,9,copy_of_D_Frota_por_UF_Municipio_COMBUSTIVEL_Julho_2026.xlsx
SAO PAULO,LEME,GASOLINA,39686,copy_of_D_Frota_por_UF_Municipio_COMBUSTIVEL_Julho_2026.xlsx
SAO PAULO,LEME,GASOLINA/ALCOOL/ELETRICO,71,copy_of_D_Frota_por_UF_Municipio_COMBUSTIVEL_Julho_2026.xlsx
SAO PAULO,LEME,GASOLINA/ALCOOL/GAS NATURAL,15,copy_of_D_Frota_por_UF_Municipio_COMBUSTIVEL_Julho_2026.xlsx
SAO PAULO,LEME,GASOLINA/ELETRICO,111,copy_of_D_Frota_por_UF_Municipio_COMBUSTIVEL_Julho_2026.xlsx
SAO PAULO,LEME,GASOLINA/GAS NATURAL VEICULAR,66,copy_of_D_Frota_por_UF_Municipio_COMBUSTIVEL_Julho_2026.xlsx
SAO PAULO,LEME,HIBRIDO,12,copy_of_D_Frota_por_UF_Municipio_COMBUSTIVEL_Julho_2026.xlsx
SAO PAULO,LEME,HIBRIDO PLUG-IN,43,copy_of_D_Frota_por_UF_Municipio_COMBUSTIVEL_Julho_2026.xlsx
SAO PAULO,LEME,Sem Informação,2399,copy_of_D_Frota_por_UF_Municipio_COMBUSTIVEL_Julho_2026.xlsx
SAO PAULO,LENCOIS PAULISTA,ALCOOL,4026,copy_of_D_Frota_por_UF_Municipio_COMBUSTIVEL_Julho_2026.xlsx
SAO PAULO,LENCOIS PAULISTA,ALCOOL/GASOLINA,26159,copy_of_D_Frota_por_UF_Municipio_COMBUSTIVEL_Julho_2026.xlsx
SAO PAULO,LENCOIS PAULISTA,DIESEL,5609,copy_of_D_Frota_por_UF_Municipio_COMBUSTIVEL_Julho_2026.xlsx
SAO PAULO,LENCOIS PAULISTA,DIESEL/ELETRICO,5,copy_of_D_Frota_por_UF_Municipio_COMBUSTIVEL_Julho_2026.xlsx
SAO PAULO,LENCOIS PAULISTA,ELETRICO,5,copy_of_D_Frota_por_UF_Municipio_COMBUSTIVEL_Julho_2026.xlsx
SAO PAULO,LENCOIS PAULISTA,ELETRICO/FONTE EXTERNA,48,copy_of_D_Frota_por_UF_Municipio_COMBUSTIVEL_Julho_2026.xlsx
SAO PAULO,LENCOIS PAULISTA,ELETRICO/FONTE INTERNA,7,copy_of_D_Frota_por_UF_Municipio_COMBUSTIVEL_Julho_2026.xlsx
SAO PAULO,LENCOIS PAULISTA,GASOL/GAS NATURAL COMBUSTIVEL,1,copy_of_D_Frota_por_UF_Municipio_COMBUSTIVEL_Julho_2026.xlsx
SAO PAULO,LENCOIS PAULISTA,GASOLINA,21847,copy_of_D_Frota_por_UF_Municipio_COMBUSTIVEL_Julho_2026.xlsx
SAO PAULO,LENCOIS PAULISTA,GASOLINA/ALCOOL/ELETRICO,54,copy_of_D_Frota_por_UF_Municipio_COMBUSTIVEL_Julho_2026.xlsx
SAO PAULO,LENCOIS PAULISTA,GASOLINA/ALCOOL/GAS NATURAL,3,copy_of_D_Frota_por_UF_Municipio_COMBUSTIVEL_Julho_2026.xlsx
SAO PAULO,LENCOIS PAULISTA,GASOLINA/ELETRICO,81,copy_of_D_Frota_por_UF_Municipio_COMBUSTIVEL_Julho_2026.xlsx
SAO PAULO,LENCOIS PAULISTA,GASOLINA/GAS NATURAL VEICULAR,19,copy_of_D_Frota_por_UF_Municipio_COMBUSTIVEL_Julho_2026.xlsx
SAO PAULO,LENCOIS PAULISTA,HIBRIDO,18,copy_of_D_Frota_por_UF_Municipio_COMBUSTIVEL_Julho_2026.xlsx
SAO PAULO,LENCOIS PAULISTA,HIBRIDO PLUG-IN,28,copy_of_D_Frota_por_UF_Municipio_COMBUSTIVEL_Julho_2026.xlsx
SAO PAULO,LENCOIS PAULISTA,Sem Informação,3811,copy_of_D_Frota_por_UF_Municipio_COMBUSTIVEL_Julho_2026.xlsx
SAO PAULO,LIMEIRA,ALCOOL,15137,copy_of_D_Frota_por_UF_Municipio_COMBUSTIVEL_Julho_2026.xlsx
SAO PAULO,LIMEIRA,ALCOOL/GAS NATURAL COMBUSTIVEL,2,copy_of_D_Frota_por_UF_Municipio_COMBUSTIVEL_Julho_2026.xlsx
SAO PAULO,LIMEIRA,ALCOOL/GAS NATURAL VEICULAR,70,copy_of_D_Frota_por_UF_Municipio_COMBUSTIVEL_Julho_2026.xlsx
SAO PAULO,LIMEIRA,ALCOOL/GASOLINA,113436,copy_of_D_Frota_por_UF_Municipio_COMBUSTIVEL_Julho_2026.xlsx
SAO PAULO,LIMEIRA,DIESEL,18106,copy_of_D_Frota_por_UF_Municipio_COMBUSTIVEL_Julho_2026.xlsx
SAO PAULO,LIMEIRA,DIESEL/ELETRICO,13,copy_of_D_Frota_por_UF_Municipio_COMBUSTIVEL_Julho_2026.xlsx
SAO PAULO,LIMEIRA,DIESEL/GAS NATURAL VEICULAR,3,copy_of_D_Frota_por_UF_Municipio_COMBUSTIVEL_Julho_2026.xlsx
SAO PAULO,LIMEIRA,ELETRICO,50,copy_of_D_Frota_por_UF_Municipio_COMBUSTIVEL_Julho_2026.xlsx
SAO PAULO,LIMEIRA,ELETRICO/FONTE EXTERNA,588,copy_of_D_Frota_por_UF_Municipio_COMBUSTIVEL_Julho_2026.xlsx
SAO PAULO,LIMEIRA,ELETRICO/FONTE INTERNA,70,copy_of_D_Frota_por_UF_Municipio_COMBUSTIVEL_Julho_2026.xlsx
SAO PAULO,LIMEIRA,GAS METANO,6,copy_of_D_Frota_por_UF_Municipio_COMBUSTIVEL_Julho_2026.xlsx
SAO PAULO,LIMEIRA,GAS NATURAL VEICULAR,19,copy_of_D_Frota_por_UF_Municipio_COMBUSTIVEL_Julho_2026.xlsx
SAO PAULO,LIMEIRA,GASOL/GAS NATURAL COMBUSTIVEL,25,copy_of_D_Frota_por_UF_Municipio_COMBUSTIVEL_Julho_2026.xlsx
SAO PAULO,LIMEIRA,GASOLINA,103776,copy_of_D_Frota_por_UF_Municipio_COMBUSTIVEL_Julho_2026.xlsx
SAO PAULO,LIMEIRA,GASOLINA/ALCOOL/ELETRICO,546,copy_of_D_Frota_por_UF_Municipio_COMBUSTIVEL_Julho_2026.xlsx
SAO PAULO,LIMEIRA,GASOLINA/ALCOOL/GAS NATURAL,264,copy_of_D_Frota_por_UF_Municipio_COMBUSTIVEL_Julho_2026.xlsx
SAO PAULO,LIMEIRA,GASOLINA/ELETRICO,924,copy_of_D_Frota_por_UF_Municipio_COMBUSTIVEL_Julho_2026.xlsx
SAO PAULO,LIMEIRA,GASOLINA/GAS NATURAL VEICULAR,1010,copy_of_D_Frota_por_UF_Municipio_COMBUSTIVEL_Julho_2026.xlsx
SAO PAULO,LIMEIRA,HIBRIDO,125,copy_of_D_Frota_por_UF_Municipio_COMBUSTIVEL_Julho_2026.xlsx
SAO PAULO,LIMEIRA,HIBRIDO PLUG-IN,262,copy_of_D_Frota_por_UF_Municipio_COMBUSTIVEL_Julho_2026.xlsx
SAO PAULO,LIMEIRA,Sem Informação,10867,copy_of_D_Frota_por_UF_Municipio_COMBUSTIVEL_Julho_2026.xlsx
SAO PAULO,LINDOIA,ALCOOL,381,copy_of_D_Frota_por_UF_Municipio_COMBUSTIVEL_Julho_2026.xlsx
SAO PAULO,LINDOIA,ALCOOL/GASOLINA,2578,copy_of_D_Frota_por_UF_Municipio_COMBUSTIVEL_Julho_2026.xlsx
SAO PAULO,LINDOIA,DIESEL,548,copy_of_D_Frota_por_UF_Municipio_COMBUSTIVEL_Julho_2026.xlsx
SAO PAULO,LINDOIA,ELETRICO/FONTE EXTERNA,5,copy_of_D_Frota_por_UF_Municipio_COMBUSTIVEL_Julho_2026.xlsx
SAO PAULO,LINDOIA,GASOLINA,2998,copy_of_D_Frota_por_UF_Municipio_COMBUSTIVEL_Julho_2026.xlsx
SAO PAULO,LINDOIA,GASOLINA/ALCOOL/ELETRICO,5,copy_of_D_Frota_por_UF_Municipio_COMBUSTIVEL_Julho_2026.xlsx
SAO PAULO,LINDOIA,GASOLINA/ALCOOL/GAS NATURAL,3,copy_of_D_Frota_por_UF_Municipio_COMBUSTIVEL_Julho_2026.xlsx
SAO PAULO,LINDOIA,GASOLINA/ELETRICO,4,copy_of_D_Frota_por_UF_Municipio_COMBUSTIVEL_Julho_2026.xlsx
SAO PAULO,LINDOIA,GASOLINA/GAS NATURAL VEICULAR,4,copy_of_D_Frota_por_UF_Municipio_COMBUSTIVEL_Julho_2026.xlsx
SAO PAULO,LINDOIA,HIBRIDO,1,copy_of_D_Frota_por_UF_Municipio_COMBUSTIVEL_Julho_2026.xlsx
SAO PAULO,LINDOIA,Sem Informação,149,copy_of_D_Frota_por_UF_Municipio_COMBUSTIVEL_Julho_2026.xlsx
SAO PAULO,LINS,ALCOOL,3375,copy_of_D_Frota_por_UF_Municipio_COMBUSTIVEL_Julho_2026.xlsx
SAO PAULO,LINS,ALCOOL/GAS NATURAL VEICULAR,2,copy_of_D_Frota_por_UF_Municipio_COMBUSTIVEL_Julho_2026.xlsx
SAO PAULO,LINS,ALCOOL/GASOLINA,28709,copy_of_D_Frota_por_UF_Municipio_COMBUSTIVEL_Julho_2026.xlsx
SAO PAULO,LINS,DIESEL,5305,copy_of_D_Frota_por_UF_Municipio_COMBUSTIVEL_Julho_2026.xlsx
SAO PAULO,LINS,DIESEL/ELETRICO,13,copy_of_D_Frota_por_UF_Municipio_COMBUSTIVEL_Julho_2026.xlsx
SAO PAULO,LINS,ELETRICO,3,copy_of_D_Frota_por_UF_Municipio_COMBUSTIVEL_Julho_2026.xlsx
SAO PAULO,LINS,ELETRICO/FONTE EXTERNA,35,copy_of_D_Frota_por_UF_Municipio_COMBUSTIVEL_Julho_2026.xlsx
SAO PAULO,LINS,ELETRICO/FONTE INTERNA,4,copy_of_D_Frota_por_UF_Municipio_COMBUSTIVEL_Julho_2026.xlsx
SAO PAULO,LINS,GASOL/GAS NATURAL COMBUSTIVEL,1,copy_of_D_Frota_por_UF_Municipio_COMBUSTIVEL_Julho_2026.xlsx
SAO PAULO,LINS,GASOLINA,26127,copy_of_D_Frota_por_UF_Municipio_COMBUSTIVEL_Julho_2026.xlsx
SAO PAULO,LINS,GASOLINA/ALCOOL/ELETRICO,82,copy_of_D_Frota_por_UF_Municipio_COMBUSTIVEL_Julho_2026.xlsx
SAO PAULO,LINS,GASOLINA/ALCOOL/GAS NATURAL,9,copy_of_D_Frota_por_UF_Municipio_COMBUSTIVEL_Julho_2026.xlsx
SAO PAULO,LINS,GASOLINA/ELETRICO,84,copy_of_D_Frota_por_UF_Municipio_COMBUSTIVEL_Julho_2026.xlsx
SAO PAULO,LINS,GASOLINA/GAS NATURAL VEICULAR,14,copy_of_D_Frota_por_UF_Municipio_COMBUSTIVEL_Julho_2026.xlsx
SAO PAULO,LINS,HIBRIDO,19,copy_of_D_Frota_por_UF_Municipio_COMBUSTIVEL_Julho_2026.xlsx
SAO PAULO,LINS,HIBRIDO PLUG-IN,22,copy_of_D_Frota_por_UF_Municipio_COMBUSTIVEL_Julho_2026.xlsx
SAO PAULO,LINS,Sem Informação,5883,copy_of_D_Frota_por_UF_Municipio_COMBUSTIVEL_Julho_2026.xlsx
SAO PAULO,LORENA,ALCOOL,2336,copy_of_D_Frota_por_UF_Municipio_COMBUSTIVEL_Julho_2026.xlsx
SAO PAULO,LORENA,ALCOOL/GAS NATURAL COMBUSTIVEL,3,copy_of_D_Frota_por_UF_Municipio_COMBUSTIVEL_Julho_2026.xlsx
SAO PAULO,LORENA,ALCOOL/GAS NATURAL VEICULAR,24,copy_of_D_Frota_por_UF_Municipio_COMBUSTIVEL_Julho_2026.xlsx
SAO PAULO,LORENA,ALCOOL/GASOLINA,25175,copy_of_D_Frota_por_UF_Municipio_COMBUSTIVEL_Julho_2026.xlsx
SAO PAULO,LORENA,DIESEL,2722,copy_of_D_Frota_por_UF_Municipio_COMBUSTIVEL_Julho_2026.xlsx
SAO PAULO,LORENA,DIESEL/ELETRICO,3,copy_of_D_Frota_por_UF_Municipio_COMBUSTIVEL_Julho_2026.xlsx
SAO PAULO,LORENA,ELETRICO,2,copy_of_D_Frota_por_UF_Municipio_COMBUSTIVEL_Julho_2026.xlsx
SAO PAULO,LORENA,ELETRICO/FONTE EXTERNA,27,copy_of_D_Frota_por_UF_Municipio_COMBUSTIVEL_Julho_2026.xlsx
SAO PAULO,LORENA,ELETRICO/FONTE INTERNA,1,copy_of_D_Frota_por_UF_Municipio_COMBUSTIVEL_Julho_2026.xlsx
SAO PAULO,LORENA,GAS METANO,2,copy_of_D_Frota_por_UF_Municipio_COMBUSTIVEL_Julho_2026.xlsx
SAO PAULO,LORENA,GASOL/GAS NATURAL COMBUSTIVEL,11,copy_of_D_Frota_por_UF_Municipio_COMBUSTIVEL_Julho_2026.xlsx
SAO PAULO,LORENA,GASOLINA,23769,copy_of_D_Frota_por_UF_Municipio_COMBUSTIVEL_Julho_2026.xlsx
SAO PAULO,LORENA,GASOLINA/ALCOOL/ELETRICO,37,copy_of_D_Frota_por_UF_Municipio_COMBUSTIVEL_Julho_2026.xlsx
SAO PAULO,LORENA,GASOLINA/ALCOOL/GAS NATURAL,118,copy_of_D_Frota_por_UF_Municipio_COMBUSTIVEL_Julho_2026.xlsx
SAO PAULO,LORENA,GASOLINA/ELETRICO,57,copy_of_D_Frota_por_UF_Municipio_COMBUSTIVEL_Julho_2026.xlsx
SAO PAULO,LORENA,GASOLINA/GAS NATURAL VEICULAR,567,copy_of_D_Frota_por_UF_Municipio_COMBUSTIVEL_Julho_2026.xlsx
SAO PAULO,LORENA,HIBRIDO,9,copy_of_D_Frota_por_UF_Municipio_COMBUSTIVEL_Julho_2026.xlsx
SAO PAULO,LORENA,HIBRIDO PLUG-IN,20,copy_of_D_Frota_por_UF_Municipio_COMBUSTIVEL_Julho_2026.xlsx
SAO PAULO,LORENA,Sem Informação,1159,copy_of_D_Frota_por_UF_Municipio_COMBUSTIVEL_Julho_2026.xlsx
SAO PAULO,LOURDES,ALCOOL,146,copy_of_D_Frota_por_UF_Municipio_COMBUSTIVEL_Julho_2026.xlsx
SAO PAULO,LOURDES,ALCOOL/GASOLINA,559,copy_of_D_Frota_por_UF_Municipio_COMBUSTIVEL_Julho_2026.xlsx
SAO PAULO,LOURDES,DIESEL,104,copy_of_D_Frota_por_UF_Municipio_COMBUSTIVEL_Julho_2026.xlsx
SAO PAULO,LOURDES,GASOLINA,558,copy_of_D_Frota_por_UF_Municipio_COMBUSTIVEL_Julho_2026.xlsx
SAO PAULO,LOURDES,GASOLINA/ELETRICO,1,copy_of_D_Frota_por_UF_Municipio_COMBUSTIVEL_Julho_2026.xlsx
SAO PAULO,LOURDES,Sem Informação,36,copy_of_D_Frota_por_UF_Municipio_COMBUSTIVEL_Julho_2026.xlsx
SAO PAULO,LOUVEIRA,ALCOOL,1313,copy_of_D_Frota_por_UF_Municipio_COMBUSTIVEL_Julho_2026.xlsx
SAO PAULO,LOUVEIRA,ALCOOL/GAS NATURAL VEICULAR,13,copy_of_D_Frota_por_UF_Municipio_COMBUSTIVEL_Julho_2026.xlsx
SAO PAULO,LOUVEIRA,ALCOOL/GASOLINA,20062,copy_of_D_Frota_por_UF_Municipio_COMBUSTIVEL_Julho_2026.xlsx
SAO PAULO,LOUVEIRA,DIESEL,3329,copy_of_D_Frota_por_UF_Municipio_COMBUSTIVEL_Julho_2026.xlsx
SAO PAULO,LOUVEIRA,DIESEL/ELETRICO,3,copy_of_D_Frota_por_UF_Municipio_COMBUSTIVEL_Julho_2026.xlsx
SAO PAULO,LOUVEIRA,ELETRICO,24,copy_of_D_Frota_por_UF_Municipio_COMBUSTIVEL_Julho_2026.xlsx
SAO PAULO,LOUVEIRA,ELETRICO/FONTE EXTERNA,105,copy_of_D_Frota_por_UF_Municipio_COMBUSTIVEL_Julho_2026.xlsx
SAO PAULO,LOUVEIRA,ELETRICO/FONTE INTERNA,11,copy_of_D_Frota_por_UF_Municipio_COMBUSTIVEL_Julho_2026.xlsx
SAO PAULO,LOUVEIRA,GAS METANO,1,copy_of_D_Frota_por_UF_Municipio_COMBUSTIVEL_Julho_2026.xlsx
SAO PAULO,LOUVEIRA,GASOL/GAS NATURAL COMBUSTIVEL,2,copy_of_D_Frota_por_UF_Municipio_COMBUSTIVEL_Julho_2026.xlsx
SAO PAULO,LOUVEIRA,GASOLINA,16234,copy_of_D_Frota_por_UF_Municipio_COMBUSTIVEL_Julho_2026.xlsx
SAO PAULO,LOUVEIRA,GASOLINA/ALCOOL/ELETRICO,78,copy_of_D_Frota_por_UF_Municipio_COMBUSTIVEL_Julho_2026.xlsx
SAO PAULO,LOUVEIRA,GASOLINA/ALCOOL/GAS NATURAL,34,copy_of_D_Frota_por_UF_Municipio_COMBUSTIVEL_Julho_2026.xlsx
SAO PAULO,LOUVEIRA,GASOLINA/ELETRICO,112,copy_of_D_Frota_por_UF_Municipio_COMBUSTIVEL_Julho_2026.xlsx
SAO PAULO,LOUVEIRA,GASOLINA/GAS NATURAL VEICULAR,136,copy_of_D_Frota_por_UF_Municipio_COMBUSTIVEL_Julho_2026.xlsx
SAO PAULO,LOUVEIRA,HIBRIDO,19,copy_of_D_Frota_por_UF_Municipio_COMBUSTIVEL_Julho_2026.xlsx
SAO PAULO,LOUVEIRA,HIBRIDO PLUG-IN,35,copy_of_D_Frota_por_UF_Municipio_COMBUSTIVEL_Julho_2026.xlsx
SAO PAULO,LOUVEIRA,Sem Informação,1127,copy_of_D_Frota_por_UF_Municipio_COMBUSTIVEL_Julho_2026.xlsx
SAO PAULO,LUCELIA,ALCOOL,1400,copy_of_D_Frota_por_UF_Municipio_COMBUSTIVEL_Julho_2026.xlsx
SAO PAULO,LUCELIA,ALCOOL/GAS NATURAL VEICULAR,2,copy_of_D_Frota_por_UF_Municipio_COMBUSTIVEL_Julho_2026.xlsx
SAO PAULO,LUCELIA,ALCOOL/GASOLINA,5623,copy_of_D_Frota_por_UF_Municipio_COMBUSTIVEL_Julho_2026.xlsx
SAO PAULO,LUCELIA,DIESEL,1304,copy_of_D_Frota_por_UF_Municipio_COMBUSTIVEL_Julho_2026.xlsx
SAO PAULO,LUCELIA,DIESEL/ELETRICO,1,copy_of_D_Frota_por_UF_Municipio_COMBUSTIVEL_Julho_2026.xlsx
SAO PAULO,LUCELIA,ELETRICO,2,copy_of_D_Frota_por_UF_Municipio_COMBUSTIVEL_Julho_2026.xlsx
SAO PAULO,LUCELIA,ELETRICO/FONTE EXTERNA,6,copy_of_D_Frota_por_UF_Municipio_COMBUSTIVEL_Julho_2026.xlsx
SAO PAULO,LUCELIA,GASOGENIO,1,copy_of_D_Frota_por_UF_Municipio_COMBUSTIVEL_Julho_2026.xlsx
SAO PAULO,LUCELIA,GASOLINA,5807,copy_of_D_Frota_por_UF_Municipio_COMBUSTIVEL_Julho_2026.xlsx
SAO PAULO,LUCELIA,GASOLINA/ALCOOL/ELETRICO,20,copy_of_D_Frota_por_UF_Municipio_COMBUSTIVEL_Julho_2026.xlsx
SAO PAULO,LUCELIA,GASOLINA/ELETRICO,11,copy_of_D_Frota_por_UF_Municipio_COMBUSTIVEL_Julho_2026.xlsx
SAO PAULO,LUCELIA,GASOLINA/GAS NATURAL VEICULAR,4,copy_of_D_Frota_por_UF_Municipio_COMBUSTIVEL_Julho_2026.xlsx
SAO PAULO,LUCELIA,HIBRIDO,1,copy_of_D_Frota_por_UF_Municipio_COMBUSTIVEL_Julho_2026.xlsx
SAO PAULO,LUCELIA,HIBRIDO PLUG-IN,4,copy_of_D_Frota_por_UF_Municipio_COMBUSTIVEL_Julho_2026.xlsx
SAO PAULO,LUCELIA,Sem Informação,824,copy_of_D_Frota_por_UF_Municipio_COMBUSTIVEL_Julho_2026.xlsx
SAO PAULO,LUCIANOPOLIS,ALCOOL,140,copy_of_D_Frota_por_UF_Municipio_COMBUSTIVEL_Julho_2026.xlsx
SAO PAULO,LUCIANOPOLIS,ALCOOL/GASOLINA,694,copy_of_D_Frota_por_UF_Municipio_COMBUSTIVEL_Julho_2026.xlsx
SAO PAULO,LUCIANOPOLIS,DIESEL,190,copy_of_D_Frota_por_UF_Municipio_COMBUSTIVEL_Julho_2026.xlsx
SAO PAULO,LUCIANOPOLIS,ELETRICO/FONTE EXTERNA,1,copy_of_D_Frota_por_UF_Municipio_COMBUSTIVEL_Julho_2026.xlsx
SAO PAULO,LUCIANOPOLIS,GASOLINA,568,copy_of_D_Frota_por_UF_Municipio_COMBUSTIVEL_Julho_2026.xlsx
SAO PAULO,LUCIANOPOLIS,Sem Informação,67,copy_of_D_Frota_por_UF_Municipio_COMBUSTIVEL_Julho_2026.xlsx
SAO PAULO,LUIS ANTONIO,ALCOOL,632,copy_of_D_Frota_por_UF_Municipio_COMBUSTIVEL_Julho_2026.xlsx
SAO PAULO,LUIS ANTONIO,ALCOOL/GASOLINA,3373,copy_of_D_Frota_por_UF_Municipio_COMBUSTIVEL_Julho_2026.xlsx
SAO PAULO,LUIS ANTONIO,DIESEL,1088,copy_of_D_Frota_por_UF_Municipio_COMBUSTIVEL_Julho_2026.xlsx
SAO PAULO,LUIS ANTONIO,DIESEL/ELETRICO,1,copy_of_D_Frota_por_UF_Municipio_COMBUSTIVEL_Julho_2026.xlsx
SAO PAULO,LUIS ANTONIO,ELETRICO/FONTE EXTERNA,5,copy_of_D_Frota_por_UF_Municipio_COMBUSTIVEL_Julho_2026.xlsx
SAO PAULO,LUIS ANTONIO,GASOLINA,3227,copy_of_D_Frota_por_UF_Municipio_COMBUSTIVEL_Julho_2026.xlsx
SAO PAULO,LUIS ANTONIO,GASOLINA/ALCOOL/ELETRICO,7,copy_of_D_Frota_por_UF_Municipio_COMBUSTIVEL_Julho_2026.xlsx
SAO PAULO,LUIS ANTONIO,GASOLINA/ELETRICO,11,copy_of_D_Frota_por_UF_Municipio_COMBUSTIVEL_Julho_2026.xlsx
SAO PAULO,LUIS ANTONIO,GASOLINA/GAS NATURAL VEICULAR,8,copy_of_D_Frota_por_UF_Municipio_COMBUSTIVEL_Julho_2026.xlsx
SAO PAULO,LUIS ANTONIO,HIBRIDO,1,copy_of_D_Frota_por_UF_Municipio_COMBUSTIVEL_Julho_2026.xlsx
SAO PAULO,LUIS ANTONIO,HIBRIDO PLUG-IN,4,copy_of_D_Frota_por_UF_Municipio_COMBUSTIVEL_Julho_2026.xlsx
SAO PAULO,LUIS ANTONIO,Sem Informação,722,copy_of_D_Frota_por_UF_Municipio_COMBUSTIVEL_Julho_2026.xlsx
SAO PAULO,LUIZIANIA,ALCOOL,217,copy_of_D_Frota_por_UF_Municipio_COMBUSTIVEL_Julho_2026.xlsx
SAO PAULO,LUIZIANIA,ALCOOL/GASOLINA,1259,copy_of_D_Frota_por_UF_Municipio_COMBUSTIVEL_Julho_2026.xlsx
SAO PAULO,LUIZIANIA,DIESEL,280,copy_of_D_Frota_por_UF_Municipio_COMBUSTIVEL_Julho_2026.xlsx
SAO PAULO,LUIZIANIA,GASOLINA,993,copy_of_D_Frota_por_UF_Municipio_COMBUSTIVEL_Julho_2026.xlsx
SAO PAULO,LUIZIANIA,GASOLINA/ALCOOL/ELETRICO,4,copy_of_D_Frota_por_UF_Municipio_COMBUSTIVEL_Julho_2026.xlsx
SAO PAULO,LUIZIANIA,GASOLINA/ELETRICO,1,copy_of_D_Frota_por_UF_Municipio_COMBUSTIVEL_Julho_2026.xlsx
SAO PAULO,LUIZIANIA,GASOLINA/GAS NATURAL VEICULAR,1,copy_of_D_Frota_por_UF_Municipio_COMBUSTIVEL_Julho_2026.xlsx
SAO PAULO,LUIZIANIA,Sem Informação,128,copy_of_D_Frota_por_UF_Municipio_COMBUSTIVEL_Julho_2026.xlsx
SAO PAULO,LUPERCIO,ALCOOL,221,copy_of_D_Frota_por_UF_Municipio_COMBUSTIVEL_Julho_2026.xlsx
SAO PAULO,LUPERCIO,ALCOOL/GASOLINA,859,copy_of_D_Frota_por_UF_Municipio_COMBUSTIVEL_Julho_2026.xlsx
SAO PAULO,LUPERCIO,DIESEL,168,copy_of_D_Frota_por_UF_Municipio_COMBUSTIVEL_Julho_2026.xlsx
SAO PAULO,LUPERCIO,ELETRICO/FONTE EXTERNA,1,copy_of_D_Frota_por_UF_Municipio_COMBUSTIVEL_Julho_2026.xlsx
SAO PAULO,LUPERCIO,GASOLINA,966,copy_of_D_Frota_por_UF_Municipio_COMBUSTIVEL_Julho_2026.xlsx
SAO PAULO,LUPERCIO,GASOLINA/ALCOOL/GAS NATURAL,1,copy_of_D_Frota_por_UF_Municipio_COMBUSTIVEL_Julho_2026.xlsx
SAO PAULO,LUPERCIO,GASOLINA/GAS NATURAL VEICULAR,1,copy_of_D_Frota_por_UF_Municipio_COMBUSTIVEL_Julho_2026.xlsx
SAO PAULO,LUPERCIO,HIBRIDO PLUG-IN,1,copy_of_D_Frota_por_UF_Municipio_COMBUSTIVEL_Julho_2026.xlsx
SAO PAULO,LUPERCIO,Sem Informação,54,copy_of_D_Frota_por_UF_Municipio_COMBUSTIVEL_Julho_2026.xlsx
SAO PAULO,LUTECIA,ALCOOL,155,copy_of_D_Frota_por_UF_Municipio_COMBUSTIVEL_Julho_2026.xlsx
SAO PAULO,LUTECIA,ALCOOL/GASOLINA,746,copy_of_D_Frota_por_UF_Municipio_COMBUSTIVEL_Julho_2026.xlsx
SAO PAULO,LUTECIA,DIESEL,196,copy_of_D_Frota_por_UF_Municipio_COMBUSTIVEL_Julho_2026.xlsx
SAO PAULO,LUTECIA,ELETRICO/FONTE INTERNA,1,copy_of_D_Frota_por_UF_Municipio_COMBUSTIVEL_Julho_2026.xlsx
SAO PAULO,LUTECIA,GASOLINA,657,copy_of_D_Frota_por_UF_Municipio_COMBUSTIVEL_Julho_2026.xlsx
SAO PAULO,LUTECIA,GASOLINA/ALCOOL/ELETRICO,2,copy_of_D_Frota_por_UF_Municipio_COMBUSTIVEL_Julho_2026.xlsx
SAO PAULO,LUTECIA,GASOLINA/GAS NATURAL VEICULAR,1,copy_of_D_Frota_por_UF_Municipio_COMBUSTIVEL_Julho_2026.xlsx
SAO PAULO,LUTECIA,Sem Informação,67,copy_of_D_Frota_por_UF_Municipio_COMBUSTIVEL_Julho_2026.xlsx
SAO PAULO,MACATUBA,ALCOOL,1139,copy_of_D_Frota_por_UF_Municipio_COMBUSTIVEL_Julho_2026.xlsx
SAO PAULO,MACATUBA,ALCOOL/GASOLINA,5325,copy_of_D_Frota_por_UF_Municipio_COMBUSTIVEL_Julho_2026.xlsx
SAO PAULO,MACATUBA,DIESEL,1044,copy_of_D_Frota_por_UF_Municipio_COMBUSTIVEL_Julho_2026.xlsx
SAO PAULO,MACATUBA,ELETRICO/FONTE EXTERNA,5,copy_of_D_Frota_por_UF_Municipio_COMBUSTIVEL_Julho_2026.xlsx
SAO PAULO,MACATUBA,GASOLINA,4728,copy_of_D_Frota_por_UF_Municipio_COMBUSTIVEL_Julho_2026.xlsx
SAO PAULO,MACATUBA,GASOLINA/ALCOOL/ELETRICO,9,copy_of_D_Frota_por_UF_Municipio_COMBUSTIVEL_Julho_2026.xlsx
SAO PAULO,MACATUBA,GASOLINA/ELETRICO,3,copy_of_D_Frota_por_UF_Municipio_COMBUSTIVEL_Julho_2026.xlsx
SAO PAULO,MACATUBA,GASOLINA/GAS NATURAL VEICULAR,7,copy_of_D_Frota_por_UF_Municipio_COMBUSTIVEL_Julho_2026.xlsx
SAO PAULO,MACATUBA,HIBRIDO,3,copy_of_D_Frota_por_UF_Municipio_COMBUSTIVEL_Julho_2026.xlsx
SAO PAULO,MACATUBA,HIBRIDO PLUG-IN,3,copy_of_D_Frota_por_UF_Municipio_COMBUSTIVEL_Julho_2026.xlsx
SAO PAULO,MACATUBA,Sem Informação,747,copy_of_D_Frota_por_UF_Municipio_COMBUSTIVEL_Julho_2026.xlsx
SAO PAULO,MACAUBAL,ALCOOL,623,copy_of_D_Frota_por_UF_Municipio_COMBUSTIVEL_Julho_2026.xlsx
SAO PAULO,MACAUBAL,ALCOOL/GASOLINA,2471,copy_of_D_Frota_por_UF_Municipio_COMBUSTIVEL_Julho_2026.xlsx
SAO PAULO,MACAUBAL,DIESEL,513,copy_of_D_Frota_por_UF_Municipio_COMBUSTIVEL_Julho_2026.xlsx
SAO PAULO,MACAUBAL,ELETRICO/FONTE EXTERNA,3,copy_of_D_Frota_por_UF_Municipio_COMBUSTIVEL_Julho_2026.xlsx
SAO PAULO,MACAUBAL,ELETRICO/FONTE INTERNA,2,copy_of_D_Frota_por_UF_Municipio_COMBUSTIVEL_Julho_2026.xlsx
SAO PAULO,MACAUBAL,GASOLINA,2531,copy_of_D_Frota_por_UF_Municipio_COMBUSTIVEL_Julho_2026.xlsx
SAO PAULO,MACAUBAL,GASOLINA/ALCOOL/ELETRICO,2,copy_of_D_Frota_por_UF_Municipio_COMBUSTIVEL_Julho_2026.xlsx
SAO PAULO,MACAUBAL,GASOLINA/ELETRICO,5,copy_of_D_Frota_por_UF_Municipio_COMBUSTIVEL_Julho_2026.xlsx
SAO PAULO,MACAUBAL,GASOLINA/GAS NATURAL VEICULAR,1,copy_of_D_Frota_por_UF_Municipio_COMBUSTIVEL_Julho_2026.xlsx
SAO PAULO,MACAUBAL,HIBRIDO,3,copy_of_D_Frota_por_UF_Municipio_COMBUSTIVEL_Julho_2026.xlsx
SAO PAULO,MACAUBAL,HIBRIDO PLUG-IN,1,copy_of_D_Frota_por_UF_Municipio_COMBUSTIVEL_Julho_2026.xlsx
SAO PAULO,MACAUBAL,Sem Informação,378,copy_of_D_Frota_por_UF_Municipio_COMBUSTIVEL_Julho_2026.xlsx
SAO PAULO,MACEDONIA,ALCOOL,220,copy_of_D_Frota_por_UF_Municipio_COMBUSTIVEL_Julho_2026.xlsx
SAO PAULO,MACEDONIA,ALCOOL/GASOLINA,1169,copy_of_D_Frota_por_UF_Municipio_COMBUSTIVEL_Julho_2026.xlsx
SAO PAULO,MACEDONIA,DIESEL,240,copy_of_D_Frota_por_UF_Municipio_COMBUSTIVEL_Julho_2026.xlsx
SAO PAULO,MACEDONIA,ELETRICO/FONTE EXTERNA,2,copy_of_D_Frota_por_UF_Municipio_COMBUSTIVEL_Julho_2026.xlsx
SAO PAULO,MACEDONIA,GASOLINA,886,copy_of_D_Frota_por_UF_Municipio_COMBUSTIVEL_Julho_2026.xlsx
SAO PAULO,MACEDONIA,GASOLINA/ALCOOL/ELETRICO,1,copy_of_D_Frota_por_UF_Municipio_COMBUSTIVEL_Julho_2026.xlsx
SAO PAULO,MACEDONIA,GASOLINA/ELETRICO,1,copy_of_D_Frota_por_UF_Municipio_COMBUSTIVEL_Julho_2026.xlsx
SAO PAULO,MACEDONIA,HIBRIDO PLUG-IN,2,copy_of_D_Frota_por_UF_Municipio_COMBUSTIVEL_Julho_2026.xlsx
SAO PAULO,MACEDONIA,Sem Informação,168,copy_of_D_Frota_por_UF_Municipio_COMBUSTIVEL_Julho_2026.xlsx
SAO PAULO,MAGDA,ALCOOL,296,copy_of_D_Frota_por_UF_Municipio_COMBUSTIVEL_Julho_2026.xlsx
SAO PAULO,MAGDA,ALCOOL/GASOLINA,943,copy_of_D_Frota_por_UF_Municipio_COMBUSTIVEL_Julho_2026.xlsx
SAO PAULO,MAGDA,DIESEL,332,copy_of_D_Frota_por_UF_Municipio_COMBUSTIVEL_Julho_2026.xlsx
SAO PAULO,MAGDA,GASOL/GAS NATURAL COMBUSTIVEL,1,copy_of_D_Frota_por_UF_Municipio_COMBUSTIVEL_Julho_2026.xlsx
SAO PAULO,MAGDA,GASOLINA,863,copy_of_D_Frota_por_UF_Municipio_COMBUSTIVEL_Julho_2026.xlsx
SAO PAULO,MAGDA,GASOLINA/ALCOOL/ELETRICO,1,copy_of_D_Frota_por_UF_Municipio_COMBUSTIVEL_Julho_2026.xlsx
SAO PAULO,MAGDA,HIBRIDO,1,copy_of_D_Frota_por_UF_Municipio_COMBUSTIVEL_Julho_2026.xlsx
SAO PAULO,MAGDA,Sem Informação,185,copy_of_D_Frota_por_UF_Municipio_COMBUSTIVEL_Julho_2026.xlsx
SAO PAULO,MAIRINQUE,ALCOOL,2061,copy_of_D_Frota_por_UF_Municipio_COMBUSTIVEL_Julho_2026.xlsx
SAO PAULO,MAIRINQUE,ALCOOL/GAS NATURAL COMBUSTIVEL,1,copy_of_D_Frota_por_UF_Municipio_COMBUSTIVEL_Julho_2026.xlsx
SAO PAULO,MAIRINQUE,ALCOOL/GAS NATURAL VEICULAR,12,copy_of_D_Frota_por_UF_Municipio_COMBUSTIVEL_Julho_2026.xlsx
SAO PAULO,MAIRINQUE,ALCOOL/GASOLINA,17562,copy_of_D_Frota_por_UF_Municipio_COMBUSTIVEL_Julho_2026.xlsx
SAO PAULO,MAIRINQUE,DIESEL,2139,copy_of_D_Frota_por_UF_Municipio_COMBUSTIVEL_Julho_2026.xlsx
SAO PAULO,MAIRINQUE,DIESEL/ELETRICO,3,copy_of_D_Frota_por_UF_Municipio_COMBUSTIVEL_Julho_2026.xlsx
SAO PAULO,MAIRINQUE,ELETRICO,4,copy_of_D_Frota_por_UF_Municipio_COMBUSTIVEL_Julho_2026.xlsx
SAO PAULO,MAIRINQUE,ELETRICO/FONTE EXTERNA,38,copy_of_D_Frota_por_UF_Municipio_COMBUSTIVEL_Julho_2026.xlsx
SAO PAULO,MAIRINQUE,ELETRICO/FONTE INTERNA,7,copy_of_D_Frota_por_UF_Municipio_COMBUSTIVEL_Julho_2026.xlsx
SAO PAULO,MAIRINQUE,GAS METANO,2,copy_of_D_Frota_por_UF_Municipio_COMBUSTIVEL_Julho_2026.xlsx
SAO PAULO,MAIRINQUE,GASOL/GAS NATURAL COMBUSTIVEL,7,copy_of_D_Frota_por_UF_Municipio_COMBUSTIVEL_Julho_2026.xlsx
SAO PAULO,MAIRINQUE,GASOLINA,16779,copy_of_D_Frota_por_UF_Municipio_COMBUSTIVEL_Julho_2026.xlsx
SAO PAULO,MAIRINQUE,GASOLINA/ALCOOL/ELETRICO,26,copy_of_D_Frota_por_UF_Municipio_COMBUSTIVEL_Julho_2026.xlsx
SAO PAULO,MAIRINQUE,GASOLINA/ALCOOL/GAS NATURAL,34,copy_of_D_Frota_por_UF_Municipio_COMBUSTIVEL_Julho_2026.xlsx
SAO PAULO,MAIRINQUE,GASOLINA/ELETRICO,43,copy_of_D_Frota_por_UF_Municipio_COMBUSTIVEL_Julho_2026.xlsx
SAO PAULO,MAIRINQUE,GASOLINA/GAS NATURAL VEICULAR,199,copy_of_D_Frota_por_UF_Municipio_COMBUSTIVEL_Julho_2026.xlsx
SAO PAULO,MAIRINQUE,HIBRIDO,4,copy_of_D_Frota_por_UF_Municipio_COMBUSTIVEL_Julho_2026.xlsx
SAO PAULO,MAIRINQUE,HIBRIDO PLUG-IN,11,copy_of_D_Frota_por_UF_Municipio_COMBUSTIVEL_Julho_2026.xlsx
SAO PAULO,MAIRINQUE,Sem Informação,661,copy_of_D_Frota_por_UF_Municipio_COMBUSTIVEL_Julho_2026.xlsx
SAO PAULO,MAIRIPORA,ALCOOL,3209,copy_of_D_Frota_por_UF_Municipio_COMBUSTIVEL_Julho_2026.xlsx
SAO PAULO,MAIRIPORA,ALCOOL/GAS NATURAL VEICULAR,36,copy_of_D_Frota_por_UF_Municipio_COMBUSTIVEL_Julho_2026.xlsx
SAO PAULO,MAIRIPORA,ALCOOL/GASOLINA,27189,copy_of_D_Frota_por_UF_Municipio_COMBUSTIVEL_Julho_2026.xlsx
SAO PAULO,MAIRIPORA,DIESEL,5190,copy_of_D_Frota_por_UF_Municipio_COMBUSTIVEL_Julho_2026.xlsx
SAO PAULO,MAIRIPORA,DIESEL/ELETRICO,5,copy_of_D_Frota_por_UF_Municipio_COMBUSTIVEL_Julho_2026.xlsx
SAO PAULO,MAIRIPORA,ELETRICO,20,copy_of_D_Frota_por_UF_Municipio_COMBUSTIVEL_Julho_2026.xlsx
SAO PAULO,MAIRIPORA,ELETRICO/FONTE EXTERNA,141,copy_of_D_Frota_por_UF_Municipio_COMBUSTIVEL_Julho_2026.xlsx
SAO PAULO,MAIRIPORA,ELETRICO/FONTE INTERNA,12,copy_of_D_Frota_por_UF_Municipio_COMBUSTIVEL_Julho_2026.xlsx
SAO PAULO,MAIRIPORA,GAS METANO,2,copy_of_D_Frota_por_UF_Municipio_COMBUSTIVEL_Julho_2026.xlsx
SAO PAULO,MAIRIPORA,GAS NATURAL VEICULAR,1,copy_of_D_Frota_por_UF_Municipio_COMBUSTIVEL_Julho_2026.xlsx
SAO PAULO,MAIRIPORA,GASOGENIO,2,copy_of_D_Frota_por_UF_Municipio_COMBUSTIVEL_Julho_2026.xlsx
SAO PAULO,MAIRIPORA,GASOL/GAS NATURAL COMBUSTIVEL,19,copy_of_D_Frota_por_UF_Municipio_COMBUSTIVEL_Julho_2026.xlsx
SAO PAULO,MAIRIPORA,GASOLINA,30118,copy_of_D_Frota_por_UF_Municipio_COMBUSTIVEL_Julho_2026.xlsx
SAO PAULO,MAIRIPORA,GASOLINA/ALCOOL/ELETRICO,108,copy_of_D_Frota_por_UF_Municipio_COMBUSTIVEL_Julho_2026.xlsx
SAO PAULO,MAIRIPORA,GASOLINA/ALCOOL/GAS NATURAL,97,copy_of_D_Frota_por_UF_Municipio_COMBUSTIVEL_Julho_2026.xlsx
SAO PAULO,MAIRIPORA,GASOLINA/ELETRICO,141,copy_of_D_Frota_por_UF_Municipio_COMBUSTIVEL_Julho_2026.xlsx
SAO PAULO,MAIRIPORA,GASOLINA/GAS NATURAL VEICULAR,499,copy_of_D_Frota_por_UF_Municipio_COMBUSTIVEL_Julho_2026.xlsx
SAO PAULO,MAIRIPORA,HIBRIDO,16,copy_of_D_Frota_por_UF_Municipio_COMBUSTIVEL_Julho_2026.xlsx
SAO PAULO,MAIRIPORA,HIBRIDO PLUG-IN,43,copy_of_D_Frota_por_UF_Municipio_COMBUSTIVEL_Julho_2026.xlsx
SAO PAULO,MAIRIPORA,Sem Informação,1494,copy_of_D_Frota_por_UF_Municipio_COMBUSTIVEL_Julho_2026.xlsx
SAO PAULO,MANDURI,ALCOOL,603,copy_of_D_Frota_por_UF_Municipio_COMBUSTIVEL_Julho_2026.xlsx
SAO PAULO,MANDURI,ALCOOL/GAS NATURAL VEICULAR,1,copy_of_D_Frota_por_UF_Municipio_COMBUSTIVEL_Julho_2026.xlsx
SAO PAULO,MANDURI,ALCOOL/GASOLINA,3071,copy_of_D_Frota_por_UF_Municipio_COMBUSTIVEL_Julho_2026.xlsx
SAO PAULO,MANDURI,DIESEL,875,copy_of_D_Frota_por_UF_Municipio_COMBUSTIVEL_Julho_2026.xlsx
SAO PAULO,MANDURI,ELETRICO/FONTE EXTERNA,3,copy_of_D_Frota_por_UF_Municipio_COMBUSTIVEL_Julho_2026.xlsx
SAO PAULO,MANDURI,GASOL/GAS NATURAL COMBUSTIVEL,1,copy_of_D_Frota_por_UF_Municipio_COMBUSTIVEL_Julho_2026.xlsx
SAO PAULO,MANDURI,GASOLINA,3196,copy_of_D_Frota_por_UF_Municipio_COMBUSTIVEL_Julho_2026.xlsx
SAO PAULO,MANDURI,GASOLINA/ALCOOL/ELETRICO,5,copy_of_D_Frota_por_UF_Municipio_COMBUSTIVEL_Julho_2026.xlsx
SAO PAULO,MANDURI,GASOLINA/ELETRICO,3,copy_of_D_Frota_por_UF_Municipio_COMBUSTIVEL_Julho_2026.xlsx
SAO PAULO,MANDURI,GASOLINA/GAS NATURAL VEICULAR,1,copy_of_D_Frota_por_UF_Municipio_COMBUSTIVEL_Julho_2026.xlsx
SAO PAULO,MANDURI,HIBRIDO,1,copy_of_D_Frota_por_UF_Municipio_COMBUSTIVEL_Julho_2026.xlsx
SAO PAULO,MANDURI,HIBRIDO PLUG-IN,1,copy_of_D_Frota_por_UF_Municipio_COMBUSTIVEL_Julho_2026.xlsx
SAO PAULO,MANDURI,Sem Informação,431,copy_of_D_Frota_por_UF_Municipio_COMBUSTIVEL_Julho_2026.xlsx
SAO PAULO,MARABA PAULISTA,ALCOOL,210,copy_of_D_Frota_por_UF_Municipio_COMBUSTIVEL_Julho_2026.xlsx
SAO PAULO,MARABA PAULISTA,ALCOOL/GASOLINA,857,copy_of_D_Frota_por_UF_Municipio_COMBUSTIVEL_Julho_2026.xlsx
SAO PAULO,MARABA PAULISTA,DIESEL,194,copy_of_D_Frota_por_UF_Municipio_COMBUSTIVEL_Julho_2026.xlsx
SAO PAULO,MARABA PAULISTA,GASOLINA,924,copy_of_D_Frota_por_UF_Municipio_COMBUSTIVEL_Julho_2026.xlsx
SAO PAULO,MARABA PAULISTA,Sem Informação,86,copy_of_D_Frota_por_UF_Municipio_COMBUSTIVEL_Julho_2026.xlsx
SAO PAULO,MARACAI,ALCOOL,844,copy_of_D_Frota_por_UF_Municipio_COMBUSTIVEL_Julho_2026.xlsx
SAO PAULO,MARACAI,ALCOOL/GASOLINA,4044,copy_of_D_Frota_por_UF_Municipio_COMBUSTIVEL_Julho_2026.xlsx
SAO PAULO,MARACAI,DIESEL,959,copy_of_D_Frota_por_UF_Municipio_COMBUSTIVEL_Julho_2026.xlsx
SAO PAULO,MARACAI,ELETRICO/FONTE EXTERNA,4,copy_of_D_Frota_por_UF_Municipio_COMBUSTIVEL_Julho_2026.xlsx
SAO PAULO,MARACAI,GAS METANO,2,copy_of_D_Frota_por_UF_Municipio_COMBUSTIVEL_Julho_2026.xlsx
SAO PAULO,MARACAI,GASOL/GAS NATURAL COMBUSTIVEL,1,copy_of_D_Frota_por_UF_Municipio_COMBUSTIVEL_Julho_2026.xlsx
SAO PAULO,MARACAI,GASOLINA,4207,copy_of_D_Frota_por_UF_Municipio_COMBUSTIVEL_Julho_2026.xlsx
SAO PAULO,MARACAI,GASOLINA/ALCOOL/ELETRICO,3,copy_of_D_Frota_por_UF_Municipio_COMBUSTIVEL_Julho_2026.xlsx
SAO PAULO,MARACAI,GASOLINA/ALCOOL/GAS NATURAL,3,copy_of_D_Frota_por_UF_Municipio_COMBUSTIVEL_Julho_2026.xlsx
SAO PAULO,MARACAI,GASOLINA/ELETRICO,5,copy_of_D_Frota_por_UF_Municipio_COMBUSTIVEL_Julho_2026.xlsx
SAO PAULO,MARACAI,GASOLINA/GAS NATURAL VEICULAR,1,copy_of_D_Frota_por_UF_Municipio_COMBUSTIVEL_Julho_2026.xlsx
SAO PAULO,MARACAI,HIBRIDO PLUG-IN,1,copy_of_D_Frota_por_UF_Municipio_COMBUSTIVEL_Julho_2026.xlsx
SAO PAULO,MARACAI,Sem Informação,614,copy_of_D_Frota_por_UF_Municipio_COMBUSTIVEL_Julho_2026.xlsx
SAO PAULO,MARAPOAMA,ALCOOL,198,copy_of_D_Frota_por_UF_Municipio_COMBUSTIVEL_Julho_2026.xlsx
SAO PAULO,MARAPOAMA,ALCOOL/GASOLINA,1304,copy_of_D_Frota_por_UF_Municipio_COMBUSTIVEL_Julho_2026.xlsx
SAO PAULO,MARAPOAMA,DIESEL,464,copy_of_D_Frota_por_UF_Municipio_COMBUSTIVEL_Julho_2026.xlsx
SAO PAULO,MARAPOAMA,ELETRICO/FONTE EXTERNA,1,copy_of_D_Frota_por_UF_Municipio_COMBUSTIVEL_Julho_2026.xlsx
SAO PAULO,MARAPOAMA,GASOL/GAS NATURAL COMBUSTIVEL,1,copy_of_D_Frota_por_UF_Municipio_COMBUSTIVEL_Julho_2026.xlsx
SAO PAULO,MARAPOAMA,GASOLINA,880,copy_of_D_Frota_por_UF_Municipio_COMBUSTIVEL_Julho_2026.xlsx
SAO PAULO,MARAPOAMA,GASOLINA/ALCOOL/ELETRICO,3,copy_of_D_Frota_por_UF_Municipio_COMBUSTIVEL_Julho_2026.xlsx
SAO PAULO,MARAPOAMA,GASOLINA/ELETRICO,1,copy_of_D_Frota_por_UF_Municipio_COMBUSTIVEL_Julho_2026.xlsx
SAO PAULO,MARAPOAMA,HIBRIDO PLUG-IN,2,copy_of_D_Frota_por_UF_Municipio_COMBUSTIVEL_Julho_2026.xlsx
SAO PAULO,MARAPOAMA,Sem Informação,926,copy_of_D_Frota_por_UF_Municipio_COMBUSTIVEL_Julho_2026.xlsx
SAO PAULO,MARIAPOLIS,ALCOOL,188,copy_of_D_Frota_por_UF_Municipio_COMBUSTIVEL_Julho_2026.xlsx
SAO PAULO,MARIAPOLIS,ALCOOL/GASOLINA,896,copy_of_D_Frota_por_UF_Municipio_COMBUSTIVEL_Julho_2026.xlsx
SAO PAULO,MARIAPOLIS,DIESEL,172,copy_of_D_Frota_por_UF_Municipio_COMBUSTIVEL_Julho_2026.xlsx
SAO PAULO,MARIAPOLIS,DIESEL/ELETRICO,1,copy_of_D_Frota_por_UF_Municipio_COMBUSTIVEL_Julho_2026.xlsx
SAO PAULO,MARIAPOLIS,ELETRICO/FONTE EXTERNA,3,copy_of_D_Frota_por_UF_Municipio_COMBUSTIVEL_Julho_2026.xlsx
SAO PAULO,MARIAPOLIS,GASOLINA,772,copy_of_D_Frota_por_UF_Municipio_COMBUSTIVEL_Julho_2026.xlsx
SAO PAULO,MARIAPOLIS,GASOLINA/ALCOOL/ELETRICO,2,copy_of_D_Frota_por_UF_Municipio_COMBUSTIVEL_Julho_2026.xlsx
SAO PAULO,MARIAPOLIS,GASOLINA/ELETRICO,4,copy_of_D_Frota_por_UF_Municipio_COMBUSTIVEL_Julho_2026.xlsx
SAO PAULO,MARIAPOLIS,Sem Informação,60,copy_of_D_Frota_por_UF_Municipio_COMBUSTIVEL_Julho_2026.xlsx
SAO PAULO,MARILIA,ALCOOL,9980,copy_of_D_Frota_por_UF_Municipio_COMBUSTIVEL_Julho_2026.xlsx
SAO PAULO,MARILIA,ALCOOL/GAS NATURAL VEICULAR,1,copy_of_D_Frota_por_UF_Municipio_COMBUSTIVEL_Julho_2026.xlsx
SAO PAULO,MARILIA,ALCOOL/GASOLINA,88694,copy_of_D_Frota_por_UF_Municipio_COMBUSTIVEL_Julho_2026.xlsx
SAO PAULO,MARILIA,DIESEL,11499,copy_of_D_Frota_por_UF_Municipio_COMBUSTIVEL_Julho_2026.xlsx
SAO PAULO,MARILIA,DIESEL/ELETRICO,14,copy_of_D_Frota_por_UF_Municipio_COMBUSTIVEL_Julho_2026.xlsx
SAO PAULO,MARILIA,ELETRICO,16,copy_of_D_Frota_por_UF_Municipio_COMBUSTIVEL_Julho_2026.xlsx
SAO PAULO,MARILIA,ELETRICO/FONTE EXTERNA,316,copy_of_D_Frota_por_UF_Municipio_COMBUSTIVEL_Julho_2026.xlsx
SAO PAULO,MARILIA,ELETRICO/FONTE INTERNA,20,copy_of_D_Frota_por_UF_Municipio_COMBUSTIVEL_Julho_2026.xlsx
SAO PAULO,MARILIA,GAS NATURAL VEICULAR,5,copy_of_D_Frota_por_UF_Municipio_COMBUSTIVEL_Julho_2026.xlsx
SAO PAULO,MARILIA,GASOL/GAS NATURAL COMBUSTIVEL,2,copy_of_D_Frota_por_UF_Municipio_COMBUSTIVEL_Julho_2026.xlsx
SAO PAULO,MARILIA,GASOLINA,81122,copy_of_D_Frota_por_UF_Municipio_COMBUSTIVEL_Julho_2026.xlsx
SAO PAULO,MARILIA,GASOLINA/ALCOOL/ELETRICO,416,copy_of_D_Frota_por_UF_Municipio_COMBUSTIVEL_Julho_2026.xlsx
SAO PAULO,MARILIA,GASOLINA/ALCOOL/GAS NATURAL,32,copy_of_D_Frota_por_UF_Municipio_COMBUSTIVEL_Julho_2026.xlsx
SAO PAULO,MARILIA,GASOLINA/ELETRICO,636,copy_of_D_Frota_por_UF_Municipio_COMBUSTIVEL_Julho_2026.xlsx
SAO PAULO,MARILIA,GASOLINA/GAS NATURAL VEICULAR,67,copy_of_D_Frota_por_UF_Municipio_COMBUSTIVEL_Julho_2026.xlsx
SAO PAULO,MARILIA,HIBRIDO,77,copy_of_D_Frota_por_UF_Municipio_COMBUSTIVEL_Julho_2026.xlsx
SAO PAULO,MARILIA,HIBRIDO PLUG-IN,120,copy_of_D_Frota_por_UF_Municipio_COMBUSTIVEL_Julho_2026.xlsx
SAO PAULO,MARILIA,Sem Informação,6009,copy_of_D_Frota_por_UF_Municipio_COMBUSTIVEL_Julho_2026.xlsx
SAO PAULO,MARINOPOLIS,ALCOOL,136,copy_of_D_Frota_por_UF_Municipio_COMBUSTIVEL_Julho_2026.xlsx
SAO PAULO,MARINOPOLIS,ALCOOL/GASOLINA,530,copy_of_D_Frota_por_UF_Municipio_COMBUSTIVEL_Julho_2026.xlsx
SAO PAULO,MARINOPOLIS,DIESEL,154,copy_of_D_Frota_por_UF_Municipio_COMBUSTIVEL_Julho_2026.xlsx
SAO PAULO,MARINOPOLIS,GASOLINA,595,copy_of_D_Frota_por_UF_Municipio_COMBUSTIVEL_Julho_2026.xlsx
SAO PAULO,MARINOPOLIS,GASOLINA/ELETRICO,2,copy_of_D_Frota_por_UF_Municipio_COMBUSTIVEL_Julho_2026.xlsx
SAO PAULO,MARINOPOLIS,Sem Informação,134,copy_of_D_Frota_por_UF_Municipio_COMBUSTIVEL_Julho_2026.xlsx
SAO PAULO,MARTINOPOLIS,ALCOOL,1455,copy_of_D_Frota_por_UF_Municipio_COMBUSTIVEL_Julho_2026.xlsx
SAO PAULO,MARTINOPOLIS,ALCOOL/GASOLINA,6707,copy_of_D_Frota_por_UF_Municipio_COMBUSTIVEL_Julho_2026.xlsx
SAO PAULO,MARTINOPOLIS,DIESEL,1621,copy_of_D_Frota_por_UF_Municipio_COMBUSTIVEL_Julho_2026.xlsx
SAO PAULO,MARTINOPOLIS,ELETRICO/FONTE EXTERNA,9,copy_of_D_Frota_por_UF_Municipio_COMBUSTIVEL_Julho_2026.xlsx
SAO PAULO,MARTINOPOLIS,ELETRICO/FONTE INTERNA,1,copy_of_D_Frota_por_UF_Municipio_COMBUSTIVEL_Julho_2026.xlsx
SAO PAULO,MARTINOPOLIS,GASOLINA,7290,copy_of_D_Frota_por_UF_Municipio_COMBUSTIVEL_Julho_2026.xlsx
SAO PAULO,MARTINOPOLIS,GASOLINA/ALCOOL/ELETRICO,20,copy_of_D_Frota_por_UF_Municipio_COMBUSTIVEL_Julho_2026.xlsx
SAO PAULO,MARTINOPOLIS,GASOLINA/ALCOOL/GAS NATURAL,1,copy_of_D_Frota_por_UF_Municipio_COMBUSTIVEL_Julho_2026.xlsx
SAO PAULO,MARTINOPOLIS,GASOLINA/ELETRICO,11,copy_of_D_Frota_por_UF_Municipio_COMBUSTIVEL_Julho_2026.xlsx
SAO PAULO,MARTINOPOLIS,GASOLINA/GAS NATURAL VEICULAR,5,copy_of_D_Frota_por_UF_Municipio_COMBUSTIVEL_Julho_2026.xlsx
SAO PAULO,MARTINOPOLIS,HIBRIDO,3,copy_of_D_Frota_por_UF_Municipio_COMBUSTIVEL_Julho_2026.xlsx
SAO PAULO,MARTINOPOLIS,HIBRIDO PLUG-IN,1,copy_of_D_Frota_por_UF_Municipio_COMBUSTIVEL_Julho_2026.xlsx
SAO PAULO,MARTINOPOLIS,Sem Informação,985,copy_of_D_Frota_por_UF_Municipio_COMBUSTIVEL_Julho_2026.xlsx
SAO PAULO,MATAO,ALCOOL,5095,copy_of_D_Frota_por_UF_Municipio_COMBUSTIVEL_Julho_2026.xlsx
SAO PAULO,MATAO,ALCOOL/GAS NATURAL COMBUSTIVEL,1,copy_of_D_Frota_por_UF_Municipio_COMBUSTIVEL_Julho_2026.xlsx
SAO PAULO,MATAO,ALCOOL/GAS NATURAL VEICULAR,2,copy_of_D_Frota_por_UF_Municipio_COMBUSTIVEL_Julho_2026.xlsx
SAO PAULO,MATAO,ALCOOL/GASOLINA,29882,copy_of_D_Frota_por_UF_Municipio_COMBUSTIVEL_Julho_2026.xlsx
SAO PAULO,MATAO,DIESEL,5620,copy_of_D_Frota_por_UF_Municipio_COMBUSTIVEL_Julho_2026.xlsx
SAO PAULO,MATAO,DIESEL/ELETRICO,7,copy_of_D_Frota_por_UF_Municipio_COMBUSTIVEL_Julho_2026.xlsx
SAO PAULO,MATAO,ELETRICO,4,copy_of_D_Frota_por_UF_Municipio_COMBUSTIVEL_Julho_2026.xlsx
SAO PAULO,MATAO,ELETRICO/FONTE EXTERNA,51,copy_of_D_Frota_por_UF_Municipio_COMBUSTIVEL_Julho_2026.xlsx
SAO PAULO,MATAO,ELETRICO/FONTE INTERNA,9,copy_of_D_Frota_por_UF_Municipio_COMBUSTIVEL_Julho_2026.xlsx
SAO PAULO,MATAO,GAS NATURAL VEICULAR,2,copy_of_D_Frota_por_UF_Municipio_COMBUSTIVEL_Julho_2026.xlsx
SAO PAULO,MATAO,GASOL/GAS NATURAL COMBUSTIVEL,4,copy_of_D_Frota_por_UF_Municipio_COMBUSTIVEL_Julho_2026.xlsx
SAO PAULO,MATAO,GASOLINA,33270,copy_of_D_Frota_por_UF_Municipio_COMBUSTIVEL_Julho_2026.xlsx
SAO PAULO,MATAO,GASOLINA/ALCOOL/ELETRICO,97,copy_of_D_Frota_por_UF_Municipio_COMBUSTIVEL_Julho_2026.xlsx
SAO PAULO,MATAO,GASOLINA/ALCOOL/GAS NATURAL,32,copy_of_D_Frota_por_UF_Municipio_COMBUSTIVEL_Julho_2026.xlsx
SAO PAULO,MATAO,GASOLINA/ELETRICO,107,copy_of_D_Frota_por_UF_Municipio_COMBUSTIVEL_Julho_2026.xlsx
SAO PAULO,MATAO,GASOLINA/GAS NATURAL VEICULAR,118,copy_of_D_Frota_por_UF_Municipio_COMBUSTIVEL_Julho_2026.xlsx
SAO PAULO,MATAO,HIBRIDO,11,copy_of_D_Frota_por_UF_Municipio_COMBUSTIVEL_Julho_2026.xlsx
SAO PAULO,MATAO,HIBRIDO PLUG-IN,24,copy_of_D_Frota_por_UF_Municipio_COMBUSTIVEL_Julho_2026.xlsx
SAO PAULO,MATAO,Sem Informação,3831,copy_of_D_Frota_por_UF_Municipio_COMBUSTIVEL_Julho_2026.xlsx
SAO PAULO,MAUA,ALCOOL,15967,copy_of_D_Frota_por_UF_Municipio_COMBUSTIVEL_Julho_2026.xlsx
SAO PAULO,MAUA,ALCOOL/GAS NATURAL COMBUSTIVEL,11,copy_of_D_Frota_por_UF_Municipio_COMBUSTIVEL_Julho_2026.xlsx
SAO PAULO,MAUA,ALCOOL/GAS NATURAL VEICULAR,282,copy_of_D_Frota_por_UF_Municipio_COMBUSTIVEL_Julho_2026.xlsx
SAO PAULO,MAUA,ALCOOL/GASOLINA,110736,copy_of_D_Frota_por_UF_Municipio_COMBUSTIVEL_Julho_2026.xlsx
SAO PAULO,MAUA,DIESEL,12487,copy_of_D_Frota_por_UF_Municipio_COMBUSTIVEL_Julho_2026.xlsx
SAO PAULO,MAUA,DIESEL/ELETRICO,6,copy_of_D_Frota_por_UF_Municipio_COMBUSTIVEL_Julho_2026.xlsx
SAO PAULO,MAUA,DIESEL/GAS NATURAL VEICULAR,5,copy_of_D_Frota_por_UF_Municipio_COMBUSTIVEL_Julho_2026.xlsx
SAO PAULO,MAUA,ELETRICO,15,copy_of_D_Frota_por_UF_Municipio_COMBUSTIVEL_Julho_2026.xlsx
SAO PAULO,MAUA,ELETRICO/FONTE EXTERNA,287,copy_of_D_Frota_por_UF_Municipio_COMBUSTIVEL_Julho_2026.xlsx
SAO PAULO,MAUA,ELETRICO/FONTE INTERNA,13,copy_of_D_Frota_por_UF_Municipio_COMBUSTIVEL_Julho_2026.xlsx
SAO PAULO,MAUA,GAS METANO,63,copy_of_D_Frota_por_UF_Municipio_COMBUSTIVEL_Julho_2026.xlsx
SAO PAULO,MAUA,GAS NATURAL VEICULAR,4,copy_of_D_Frota_por_UF_Municipio_COMBUSTIVEL_Julho_2026.xlsx
SAO PAULO,MAUA,GAS/NATURAL/LIQUEFEITO,1,copy_of_D_Frota_por_UF_Municipio_COMBUSTIVEL_Julho_2026.xlsx
SAO PAULO,MAUA,GASOL/GAS NATURAL COMBUSTIVEL,94,copy_of_D_Frota_por_UF_Municipio_COMBUSTIVEL_Julho_2026.xlsx
SAO PAULO,MAUA,GASOLINA,127721,copy_of_D_Frota_por_UF_Municipio_COMBUSTIVEL_Julho_2026.xlsx
SAO PAULO,MAUA,GASOLINA/ALCOOL/ELETRICO,249,copy_of_D_Frota_por_UF_Municipio_COMBUSTIVEL_Julho_2026.xlsx
SAO PAULO,MAUA,GASOLINA/ALCOOL/GAS NATURAL,453,copy_of_D_Frota_por_UF_Municipio_COMBUSTIVEL_Julho_2026.xlsx
SAO PAULO,MAUA,GASOLINA/ELETRICO,293,copy_of_D_Frota_por_UF_Municipio_COMBUSTIVEL_Julho_2026.xlsx
SAO PAULO,MAUA,GASOLINA/GAS NATURAL VEICULAR,2947,copy_of_D_Frota_por_UF_Municipio_COMBUSTIVEL_Julho_2026.xlsx
SAO PAULO,MAUA,HIBRIDO,28,copy_of_D_Frota_por_UF_Municipio_COMBUSTIVEL_Julho_2026.xlsx
SAO PAULO,MAUA,HIBRIDO PLUG-IN,37,copy_of_D_Frota_por_UF_Municipio_COMBUSTIVEL_Julho_2026.xlsx
SAO PAULO,MAUA,Sem Informação,3458,copy_of_D_Frota_por_UF_Municipio_COMBUSTIVEL_Julho_2026.xlsx
SAO PAULO,MENDONCA,ALCOOL,300,copy_of_D_Frota_por_UF_Municipio_COMBUSTIVEL_Julho_2026.xlsx
SAO PAULO,MENDONCA,ALCOOL/GASOLINA,1951,copy_of_D_Frota_por_UF_Municipio_COMBUSTIVEL_Julho_2026.xlsx
SAO PAULO,MENDONCA,DIESEL,547,copy_of_D_Frota_por_UF_Municipio_COMBUSTIVEL_Julho_2026.xlsx
SAO PAULO,MENDONCA,ELETRICO/FONTE EXTERNA,2,copy_of_D_Frota_por_UF_Municipio_COMBUSTIVEL_Julho_2026.xlsx
SAO PAULO,MENDONCA,GASOLINA,1468,copy_of_D_Frota_por_UF_Municipio_COMBUSTIVEL_Julho_2026.xlsx
SAO PAULO,MENDONCA,GASOLINA/ALCOOL/ELETRICO,1,copy_of_D_Frota_por_UF_Municipio_COMBUSTIVEL_Julho_2026.xlsx
SAO PAULO,MENDONCA,GASOLINA/ELETRICO,3,copy_of_D_Frota_por_UF_Municipio_COMBUSTIVEL_Julho_2026.xlsx
SAO PAULO,MENDONCA,GASOLINA/GAS NATURAL VEICULAR,2,copy_of_D_Frota_por_UF_Municipio_COMBUSTIVEL_Julho_2026.xlsx
SAO PAULO,MENDONCA,HIBRIDO,1,copy_of_D_Frota_por_UF_Municipio_COMBUSTIVEL_Julho_2026.xlsx
SAO PAULO,MENDONCA,Sem Informação,567,copy_of_D_Frota_por_UF_Municipio_COMBUSTIVEL_Julho_2026.xlsx
SAO PAULO,MERIDIANO,ALCOOL,271,copy_of_D_Frota_por_UF_Municipio_COMBUSTIVEL_Julho_2026.xlsx
SAO PAULO,MERIDIANO,ALCOOL/GASOLINA,1330,copy_of_D_Frota_por_UF_Municipio_COMBUSTIVEL_Julho_2026.xlsx
SAO PAULO,MERIDIANO,DIESEL,502,copy_of_D_Frota_por_UF_Municipio_COMBUSTIVEL_Julho_2026.xlsx
SAO PAULO,MERIDIANO,GASOLINA,1250,copy_of_D_Frota_por_UF_Municipio_COMBUSTIVEL_Julho_2026.xlsx
SAO PAULO,MERIDIANO,GASOLINA/ALCOOL/ELETRICO,2,copy_of_D_Frota_por_UF_Municipio_COMBUSTIVEL_Julho_2026.xlsx
SAO PAULO,MERIDIANO,GASOLINA/GAS NATURAL VEICULAR,1,copy_of_D_Frota_por_UF_Municipio_COMBUSTIVEL_Julho_2026.xlsx
SAO PAULO,MERIDIANO,Sem Informação,667,copy_of_D_Frota_por_UF_Municipio_COMBUSTIVEL_Julho_2026.xlsx
SAO PAULO,MESOPOLIS,ALCOOL,124,copy_of_D_Frota_por_UF_Municipio_COMBUSTIVEL_Julho_2026.xlsx
SAO PAULO,MESOPOLIS,ALCOOL/GASOLINA,515,copy_of_D_Frota_por_UF_Municipio_COMBUSTIVEL_Julho_2026.xlsx
SAO PAULO,MESOPOLIS,DIESEL,105,copy_of_D_Frota_por_UF_Municipio_COMBUSTIVEL_Julho_2026.xlsx
SAO PAULO,MESOPOLIS,GASOLINA,486,copy_of_D_Frota_por_UF_Municipio_COMBUSTIVEL_Julho_2026.xlsx
SAO PAULO,MESOPOLIS,GASOLINA/ALCOOL/GAS NATURAL,1,copy_of_D_Frota_por_UF_Municipio_COMBUSTIVEL_Julho_2026.xlsx
SAO PAULO,MESOPOLIS,GASOLINA/GAS NATURAL VEICULAR,1,copy_of_D_Frota_por_UF_Municipio_COMBUSTIVEL_Julho_2026.xlsx
SAO PAULO,MESOPOLIS,Sem Informação,119,copy_of_D_Frota_por_UF_Municipio_COMBUSTIVEL_Julho_2026.xlsx
SAO PAULO,MIGUELOPOLIS,ALCOOL,1410,copy_of_D_Frota_por_UF_Municipio_COMBUSTIVEL_Julho_2026.xlsx
SAO PAULO,MIGUELOPOLIS,ALCOOL/GAS NATURAL VEICULAR,2,copy_of_D_Frota_por_UF_Municipio_COMBUSTIVEL_Julho_2026.xlsx
SAO PAULO,MIGUELOPOLIS,ALCOOL/GASOLINA,5200,copy_of_D_Frota_por_UF_Municipio_COMBUSTIVEL_Julho_2026.xlsx
SAO PAULO,MIGUELOPOLIS,DIESEL,1083,copy_of_D_Frota_por_UF_Municipio_COMBUSTIVEL_Julho_2026.xlsx
SAO PAULO,MIGUELOPOLIS,DIESEL/ELETRICO,1,copy_of_D_Frota_por_UF_Municipio_COMBUSTIVEL_Julho_2026.xlsx
SAO PAULO,MIGUELOPOLIS,ELETRICO/FONTE EXTERNA,6,copy_of_D_Frota_por_UF_Municipio_COMBUSTIVEL_Julho_2026.xlsx
SAO PAULO,MIGUELOPOLIS,GASOLINA,5662,copy_of_D_Frota_por_UF_Municipio_COMBUSTIVEL_Julho_2026.xlsx
SAO PAULO,MIGUELOPOLIS,GASOLINA/ALCOOL/ELETRICO,16,copy_of_D_Frota_por_UF_Municipio_COMBUSTIVEL_Julho_2026.xlsx
SAO PAULO,MIGUELOPOLIS,GASOLINA/ALCOOL/GAS NATURAL,1,copy_of_D_Frota_por_UF_Municipio_COMBUSTIVEL_Julho_2026.xlsx
SAO PAULO,MIGUELOPOLIS,GASOLINA/ELETRICO,8,copy_of_D_Frota_por_UF_Municipio_COMBUSTIVEL_Julho_2026.xlsx
SAO PAULO,MIGUELOPOLIS,GASOLINA/GAS NATURAL VEICULAR,3,copy_of_D_Frota_por_UF_Municipio_COMBUSTIVEL_Julho_2026.xlsx
SAO PAULO,MIGUELOPOLIS,HIBRIDO PLUG-IN,1,copy_of_D_Frota_por_UF_Municipio_COMBUSTIVEL_Julho_2026.xlsx
SAO PAULO,MIGUELOPOLIS,Sem Informação,762,copy_of_D_Frota_por_UF_Municipio_COMBUSTIVEL_Julho_2026.xlsx
SAO PAULO,MINEIROS DO TIETE,ALCOOL,827,copy_of_D_Frota_por_UF_Municipio_COMBUSTIVEL_Julho_2026.xlsx
SAO PAULO,MINEIROS DO TIETE,ALCOOL/GAS NATURAL COMBUSTIVEL,1,copy_of_D_Frota_por_UF_Municipio_COMBUSTIVEL_Julho_2026.xlsx
SAO PAULO,MINEIROS DO TIETE,ALCOOL/GASOLINA,2910,copy_of_D_Frota_por_UF_Municipio_COMBUSTIVEL_Julho_2026.xlsx
SAO PAULO,MINEIROS DO TIETE,DIESEL,733,copy_of_D_Frota_por_UF_Municipio_COMBUSTIVEL_Julho_2026.xlsx
SAO PAULO,MINEIROS DO TIETE,ELETRICO/FONTE EXTERNA,2,copy_of_D_Frota_por_UF_Municipio_COMBUSTIVEL_Julho_2026.xlsx
SAO PAULO,MINEIROS DO TIETE,ELETRICO/FONTE INTERNA,1,copy_of_D_Frota_por_UF_Municipio_COMBUSTIVEL_Julho_2026.xlsx
SAO PAULO,MINEIROS DO TIETE,GASOLINA,3529,copy_of_D_Frota_por_UF_Municipio_COMBUSTIVEL_Julho_2026.xlsx
SAO PAULO,MINEIROS DO TIETE,GASOLINA/ALCOOL/ELETRICO,4,copy_of_D_Frota_por_UF_Municipio_COMBUSTIVEL_Julho_2026.xlsx
SAO PAULO,MINEIROS DO TIETE,GASOLINA/ELETRICO,3,copy_of_D_Frota_por_UF_Municipio_COMBUSTIVEL_Julho_2026.xlsx
SAO PAULO,MINEIROS DO TIETE,GASOLINA/GAS NATURAL VEICULAR,4,copy_of_D_Frota_por_UF_Municipio_COMBUSTIVEL_Julho_2026.xlsx
SAO PAULO,MINEIROS DO TIETE,Sem Informação,503,copy_of_D_Frota_por_UF_Municipio_COMBUSTIVEL_Julho_2026.xlsx
SAO PAULO,MIRA ESTRELA,ALCOOL,244,copy_of_D_Frota_por_UF_Municipio_COMBUSTIVEL_Julho_2026.xlsx
SAO PAULO,MIRA ESTRELA,ALCOOL/GASOLINA,862,copy_of_D_Frota_por_UF_Municipio_COMBUSTIVEL_Julho_2026.xlsx
SAO PAULO,MIRA ESTRELA,DIESEL,253,copy_of_D_Frota_por_UF_Municipio_COMBUSTIVEL_Julho_2026.xlsx
SAO PAULO,MIRA ESTRELA,GASOLINA,813,copy_of_D_Frota_por_UF_Municipio_COMBUSTIVEL_Julho_2026.xlsx
SAO PAULO,MIRA ESTRELA,GASOLINA/ALCOOL/ELETRICO,2,copy_of_D_Frota_por_UF_Municipio_COMBUSTIVEL_Julho_2026.xlsx
SAO PAULO,MIRA ESTRELA,GASOLINA/ALCOOL/GAS NATURAL,1,copy_of_D_Frota_por_UF_Municipio_COMBUSTIVEL_Julho_2026.xlsx
SAO PAULO,MIRA ESTRELA,GASOLINA/GAS NATURAL VEICULAR,3,copy_of_D_Frota_por_UF_Municipio_COMBUSTIVEL_Julho_2026.xlsx
SAO PAULO,MIRA ESTRELA,Sem Informação,182,copy_of_D_Frota_por_UF_Municipio_COMBUSTIVEL_Julho_2026.xlsx
SAO PAULO,MIRACATU,ALCOOL,445,copy_of_D_Frota_por_UF_Municipio_COMBUSTIVEL_Julho_2026.xlsx
SAO PAULO,MIRACATU,ALCOOL/GAS NATURAL COMBUSTIVEL,1,copy_of_D_Frota_por_UF_Municipio_COMBUSTIVEL_Julho_2026.xlsx
SAO PAULO,MIRACATU,ALCOOL/GAS NATURAL VEICULAR,3,copy_of_D_Frota_por_UF_Municipio_COMBUSTIVEL_Julho_2026.xlsx
SAO PAULO,MIRACATU,ALCOOL/GASOLINA,4661,copy_of_D_Frota_por_UF_Municipio_COMBUSTIVEL_Julho_2026.xlsx
SAO PAULO,MIRACATU,DIESEL,1508,copy_of_D_Frota_por_UF_Municipio_COMBUSTIVEL_Julho_2026.xlsx
SAO PAULO,MIRACATU,DIESEL/ELETRICO,1,copy_of_D_Frota_por_UF_Municipio_COMBUSTIVEL_Julho_2026.xlsx
SAO PAULO,MIRACATU,ELETRICO,1,copy_of_D_Frota_por_UF_Municipio_COMBUSTIVEL_Julho_2026.xlsx
SAO PAULO,MIRACATU,ELETRICO/FONTE EXTERNA,2,copy_of_D_Frota_por_UF_Municipio_COMBUSTIVEL_Julho_2026.xlsx
SAO PAULO,MIRACATU,ELETRICO/FONTE INTERNA,1,copy_of_D_Frota_por_UF_Municipio_COMBUSTIVEL_Julho_2026.xlsx
SAO PAULO,MIRACATU,GASOL/GAS NATURAL COMBUSTIVEL,1,copy_of_D_Frota_por_UF_Municipio_COMBUSTIVEL_Julho_2026.xlsx
SAO PAULO,MIRACATU,GASOLINA,4922,copy_of_D_Frota_por_UF_Municipio_COMBUSTIVEL_Julho_2026.xlsx
SAO PAULO,MIRACATU,GASOLINA/ALCOOL/ELETRICO,7,copy_of_D_Frota_por_UF_Municipio_COMBUSTIVEL_Julho_2026.xlsx
SAO PAULO,MIRACATU,GASOLINA/ALCOOL/GAS NATURAL,4,copy_of_D_Frota_por_UF_Municipio_COMBUSTIVEL_Julho_2026.xlsx
SAO PAULO,MIRACATU,GASOLINA/ELETRICO,8,copy_of_D_Frota_por_UF_Municipio_COMBUSTIVEL_Julho_2026.xlsx
SAO PAULO,MIRACATU,GASOLINA/GAS NATURAL VEICULAR,20,copy_of_D_Frota_por_UF_Municipio_COMBUSTIVEL_Julho_2026.xlsx
SAO PAULO,MIRACATU,HIBRIDO PLUG-IN,2,copy_of_D_Frota_por_UF_Municipio_COMBUSTIVEL_Julho_2026.xlsx
SAO PAULO,MIRACATU,Sem Informação,458,copy_of_D_Frota_por_UF_Municipio_COMBUSTIVEL_Julho_2026.xlsx
SAO PAULO,MIRANDOPOLIS,ALCOOL,1691,copy_of_D_Frota_por_UF_Municipio_COMBUSTIVEL_Julho_2026.xlsx
SAO PAULO,MIRANDOPOLIS,ALCOOL/GASOLINA,7998,copy_of_D_Frota_por_UF_Municipio_COMBUSTIVEL_Julho_2026.xlsx
SAO PAULO,MIRANDOPOLIS,DIESEL,2009,copy_of_D_Frota_por_UF_Municipio_COMBUSTIVEL_Julho_2026.xlsx
SAO PAULO,MIRANDOPOLIS,ELETRICO,1,copy_of_D_Frota_por_UF_Municipio_COMBUSTIVEL_Julho_2026.xlsx
SAO PAULO,MIRANDOPOLIS,ELETRICO/FONTE EXTERNA,7,copy_of_D_Frota_por_UF_Municipio_COMBUSTIVEL_Julho_2026.xlsx
SAO PAULO,MIRANDOPOLIS,ELETRICO/FONTE INTERNA,3,copy_of_D_Frota_por_UF_Municipio_COMBUSTIVEL_Julho_2026.xlsx
SAO PAULO,MIRANDOPOLIS,GASOL/GAS NATURAL COMBUSTIVEL,1,copy_of_D_Frota_por_UF_Municipio_COMBUSTIVEL_Julho_2026.xlsx
SAO PAULO,MIRANDOPOLIS,GASOLINA,8127,copy_of_D_Frota_por_UF_Municipio_COMBUSTIVEL_Julho_2026.xlsx
SAO PAULO,MIRANDOPOLIS,GASOLINA/ALCOOL/ELETRICO,20,copy_of_D_Frota_por_UF_Municipio_COMBUSTIVEL_Julho_2026.xlsx
SAO PAULO,MIRANDOPOLIS,GASOLINA/ALCOOL/GAS NATURAL,2,copy_of_D_Frota_por_UF_Municipio_COMBUSTIVEL_Julho_2026.xlsx
SAO PAULO,MIRANDOPOLIS,GASOLINA/ELETRICO,14,copy_of_D_Frota_por_UF_Municipio_COMBUSTIVEL_Julho_2026.xlsx
SAO PAULO,MIRANDOPOLIS,GASOLINA/GAS NATURAL VEICULAR,9,copy_of_D_Frota_por_UF_Municipio_COMBUSTIVEL_Julho_2026.xlsx
SAO PAULO,MIRANDOPOLIS,HIBRIDO,2,copy_of_D_Frota_por_UF_Municipio_COMBUSTIVEL_Julho_2026.xlsx
SAO PAULO,MIRANDOPOLIS,HIBRIDO PLUG-IN,8,copy_of_D_Frota_por_UF_Municipio_COMBUSTIVEL_Julho_2026.xlsx
SAO PAULO,MIRANDOPOLIS,Sem Informação,1601,copy_of_D_Frota_por_UF_Municipio_COMBUSTIVEL_Julho_2026.xlsx
SAO PAULO,MIRANTE DO PARANAPANEMA,ALCOOL,998,copy_of_D_Frota_por_UF_Municipio_COMBUSTIVEL_Julho_2026.xlsx
SAO PAULO,MIRANTE DO PARANAPANEMA,ALCOOL/GAS NATURAL VEICULAR,1,copy_of_D_Frota_por_UF_Municipio_COMBUSTIVEL_Julho_2026.xlsx
SAO PAULO,MIRANTE DO PARANAPANEMA,ALCOOL/GASOLINA,3883,copy_of_D_Frota_por_UF_Municipio_COMBUSTIVEL_Julho_2026.xlsx
SAO PAULO,MIRANTE DO PARANAPANEMA,DIESEL,1137,copy_of_D_Frota_por_UF_Municipio_COMBUSTIVEL_Julho_2026.xlsx
SAO PAULO,MIRANTE DO PARANAPANEMA,ELETRICO/FONTE EXTERNA,2,copy_of_D_Frota_por_UF_Municipio_COMBUSTIVEL_Julho_2026.xlsx
SAO PAULO,MIRANTE DO PARANAPANEMA,GAS NATURAL VEICULAR,20,copy_of_D_Frota_por_UF_Municipio_COMBUSTIVEL_Julho_2026.xlsx
SAO PAULO,MIRANTE DO PARANAPANEMA,GASOLINA,4575,copy_of_D_Frota_por_UF_Municipio_COMBUSTIVEL_Julho_2026.xlsx
SAO PAULO,MIRANTE DO PARANAPANEMA,GASOLINA/ALCOOL/ELETRICO,5,copy_of_D_Frota_por_UF_Municipio_COMBUSTIVEL_Julho_2026.xlsx
SAO PAULO,MIRANTE DO PARANAPANEMA,GASOLINA/ELETRICO,5,copy_of_D_Frota_por_UF_Municipio_COMBUSTIVEL_Julho_2026.xlsx
SAO PAULO,MIRANTE DO PARANAPANEMA,GASOLINA/GAS NATURAL VEICULAR,1,copy_of_D_Frota_por_UF_Municipio_COMBUSTIVEL_Julho_2026.xlsx
SAO PAULO,MIRANTE DO PARANAPANEMA,HIBRIDO,1,copy_of_D_Frota_por_UF_Municipio_COMBUSTIVEL_Julho_2026.xlsx
SAO PAULO,MIRANTE DO PARANAPANEMA,Sem Informação,707,copy_of_D_Frota_por_UF_Municipio_COMBUSTIVEL_Julho_2026.xlsx
SAO PAULO,MIRASSOL,ALCOOL,2871,copy_of_D_Frota_por_UF_Municipio_COMBUSTIVEL_Julho_2026.xlsx
SAO PAULO,MIRASSOL,ALCOOL/GASOLINA,24891,copy_of_D_Frota_por_UF_Municipio_COMBUSTIVEL_Julho_2026.xlsx
SAO PAULO,MIRASSOL,DIESEL,4290,copy_of_D_Frota_por_UF_Municipio_COMBUSTIVEL_Julho_2026.xlsx
SAO PAULO,MIRASSOL,DIESEL/ELETRICO,10,copy_of_D_Frota_por_UF_Municipio_COMBUSTIVEL_Julho_2026.xlsx
SAO PAULO,MIRASSOL,ELETRICO,14,copy_of_D_Frota_por_UF_Municipio_COMBUSTIVEL_Julho_2026.xlsx
SAO PAULO,MIRASSOL,ELETRICO/FONTE EXTERNA,156,copy_of_D_Frota_por_UF_Municipio_COMBUSTIVEL_Julho_2026.xlsx
SAO PAULO,MIRASSOL,ELETRICO/FONTE INTERNA,13,copy_of_D_Frota_por_UF_Municipio_COMBUSTIVEL_Julho_2026.xlsx
SAO PAULO,MIRASSOL,GASOGENIO,1,copy_of_D_Frota_por_UF_Municipio_COMBUSTIVEL_Julho_2026.xlsx
SAO PAULO,MIRASSOL,GASOLINA,20913,copy_of_D_Frota_por_UF_Municipio_COMBUSTIVEL_Julho_2026.xlsx
SAO PAULO,MIRASSOL,GASOLINA/ALCOOL/ELETRICO,92,copy_of_D_Frota_por_UF_Municipio_COMBUSTIVEL_Julho_2026.xlsx
SAO PAULO,MIRASSOL,GASOLINA/ALCOOL/GAS NATURAL,4,copy_of_D_Frota_por_UF_Municipio_COMBUSTIVEL_Julho_2026.xlsx
SAO PAULO,MIRASSOL,GASOLINA/ELETRICO,193,copy_of_D_Frota_por_UF_Municipio_COMBUSTIVEL_Julho_2026.xlsx
SAO PAULO,MIRASSOL,GASOLINA/GAS NATURAL VEICULAR,3,copy_of_D_Frota_por_UF_Municipio_COMBUSTIVEL_Julho_2026.xlsx
SAO PAULO,MIRASSOL,HIBRIDO,36,copy_of_D_Frota_por_UF_Municipio_COMBUSTIVEL_Julho_2026.xlsx
SAO PAULO,MIRASSOL,HIBRIDO PLUG-IN,80,copy_of_D_Frota_por_UF_Municipio_COMBUSTIVEL_Julho_2026.xlsx
SAO PAULO,MIRASSOL,Sem Informação,2602,copy_of_D_Frota_por_UF_Municipio_COMBUSTIVEL_Julho_2026.xlsx
SAO PAULO,MIRASSOLANDIA,ALCOOL,288,copy_of_D_Frota_por_UF_Municipio_COMBUSTIVEL_Julho_2026.xlsx
SAO PAULO,MIRASSOLANDIA,ALCOOL/GASOLINA,1281,copy_of_D_Frota_por_UF_Municipio_COMBUSTIVEL_Julho_2026.xlsx
SAO PAULO,MIRASSOLANDIA,DIESEL,308,copy_of_D_Frota_por_UF_Municipio_COMBUSTIVEL_Julho_2026.xlsx
SAO PAULO,MIRASSOLANDIA,ELETRICO/FONTE EXTERNA,3,copy_of_D_Frota_por_UF_Municipio_COMBUSTIVEL_Julho_2026.xlsx
SAO PAULO,MIRASSOLANDIA,GASOLINA,1257,copy_of_D_Frota_por_UF_Municipio_COMBUSTIVEL_Julho_2026.xlsx
SAO PAULO,MIRASSOLANDIA,GASOLINA/ALCOOL/ELETRICO,1,copy_of_D_Frota_por_UF_Municipio_COMBUSTIVEL_Julho_2026.xlsx
SAO PAULO,MIRASSOLANDIA,GASOLINA/ALCOOL/GAS NATURAL,1,copy_of_D_Frota_por_UF_Municipio_COMBUSTIVEL_Julho_2026.xlsx
SAO PAULO,MIRASSOLANDIA,GASOLINA/ELETRICO,1,copy_of_D_Frota_por_UF_Municipio_COMBUSTIVEL_Julho_2026.xlsx
SAO PAULO,MIRASSOLANDIA,Sem Informação,171,copy_of_D_Frota_por_UF_Municipio_COMBUSTIVEL_Julho_2026.xlsx
SAO PAULO,MOCOCA,ALCOOL,2926,copy_of_D_Frota_por_UF_Municipio_COMBUSTIVEL_Julho_2026.xlsx
SAO PAULO,MOCOCA,ALCOOL/GAS NATURAL VEICULAR,2,copy_of_D_Frota_por_UF_Municipio_COMBUSTIVEL_Julho_2026.xlsx
SAO PAULO,MOCOCA,ALCOOL/GASOLINA,24322,copy_of_D_Frota_por_UF_Municipio_COMBUSTIVEL_Julho_2026.xlsx
SAO PAULO,MOCOCA,DIESEL,3951,copy_of_D_Frota_por_UF_Municipio_COMBUSTIVEL_Julho_2026.xlsx
SAO PAULO,MOCOCA,DIESEL/ELETRICO,1,copy_of_D_Frota_por_UF_Municipio_COMBUSTIVEL_Julho_2026.xlsx
SAO PAULO,MOCOCA,ELETRICO,3,copy_of_D_Frota_por_UF_Municipio_COMBUSTIVEL_Julho_2026.xlsx
SAO PAULO,MOCOCA,ELETRICO/FONTE EXTERNA,35,copy_of_D_Frota_por_UF_Municipio_COMBUSTIVEL_Julho_2026.xlsx
SAO PAULO,MOCOCA,ELETRICO/FONTE INTERNA,7,copy_of_D_Frota_por_UF_Municipio_COMBUSTIVEL_Julho_2026.xlsx
SAO PAULO,MOCOCA,GASOLINA,21637,copy_of_D_Frota_por_UF_Municipio_COMBUSTIVEL_Julho_2026.xlsx
SAO PAULO,MOCOCA,GASOLINA/ALCOOL/ELETRICO,58,copy_of_D_Frota_por_UF_Municipio_COMBUSTIVEL_Julho_2026.xlsx
SAO PAULO,MOCOCA,GASOLINA/ALCOOL/GAS NATURAL,4,copy_of_D_Frota_por_UF_Municipio_COMBUSTIVEL_Julho_2026.xlsx
SAO PAULO,MOCOCA,GASOLINA/ELETRICO,71,copy_of_D_Frota_por_UF_Municipio_COMBUSTIVEL_Julho_2026.xlsx
SAO PAULO,MOCOCA,GASOLINA/GAS NATURAL VEICULAR,10,copy_of_D_Frota_por_UF_Municipio_COMBUSTIVEL_Julho_2026.xlsx
SAO PAULO,MOCOCA,HIBRIDO,8,copy_of_D_Frota_por_UF_Municipio_COMBUSTIVEL_Julho_2026.xlsx
SAO PAULO,MOCOCA,HIBRIDO PLUG-IN,12,copy_of_D_Frota_por_UF_Municipio_COMBUSTIVEL_Julho_2026.xlsx
SAO PAULO,MOCOCA,Sem Informação,1725,copy_of_D_Frota_por_UF_Municipio_COMBUSTIVEL_Julho_2026.xlsx
SAO PAULO,MOGI DAS CRUZES,ALCOOL,12044,copy_of_D_Frota_por_UF_Municipio_COMBUSTIVEL_Julho_2026.xlsx
SAO PAULO,MOGI DAS CRUZES,ALCOOL/GAS NATURAL COMBUSTIVEL,7,copy_of_D_Frota_por_UF_Municipio_COMBUSTIVEL_Julho_2026.xlsx
SAO PAULO,MOGI DAS CRUZES,ALCOOL/GAS NATURAL VEICULAR,151,copy_of_D_Frota_por_UF_Municipio_COMBUSTIVEL_Julho_2026.xlsx
SAO PAULO,MOGI DAS CRUZES,ALCOOL/GASOLINA,139781,copy_of_D_Frota_por_UF_Municipio_COMBUSTIVEL_Julho_2026.xlsx
SAO PAULO,MOGI DAS CRUZES,DIESEL,19131,copy_of_D_Frota_por_UF_Municipio_COMBUSTIVEL_Julho_2026.xlsx
SAO PAULO,MOGI DAS CRUZES,DIESEL/ELETRICO,13,copy_of_D_Frota_por_UF_Municipio_COMBUSTIVEL_Julho_2026.xlsx
SAO PAULO,MOGI DAS CRUZES,DIESEL/GAS NATURAL VEICULAR,1,copy_of_D_Frota_por_UF_Municipio_COMBUSTIVEL_Julho_2026.xlsx
SAO PAULO,MOGI DAS CRUZES,ELETRICO,107,copy_of_D_Frota_por_UF_Municipio_COMBUSTIVEL_Julho_2026.xlsx
SAO PAULO,MOGI DAS CRUZES,ELETRICO/FONTE EXTERNA,822,copy_of_D_Frota_por_UF_Municipio_COMBUSTIVEL_Julho_2026.xlsx
SAO PAULO,MOGI DAS CRUZES,ELETRICO/FONTE INTERNA,73,copy_of_D_Frota_por_UF_Municipio_COMBUSTIVEL_Julho_2026.xlsx
SAO PAULO,MOGI DAS CRUZES,GAS METANO,16,copy_of_D_Frota_por_UF_Municipio_COMBUSTIVEL_Julho_2026.xlsx
SAO PAULO,MOGI DAS CRUZES,GAS NATURAL VEICULAR,10,copy_of_D_Frota_por_UF_Municipio_COMBUSTIVEL_Julho_2026.xlsx
SAO PAULO,MOGI DAS CRUZES,GASOL/GAS NATURAL COMBUSTIVEL,65,copy_of_D_Frota_por_UF_Municipio_COMBUSTIVEL_Julho_2026.xlsx
SAO PAULO,MOGI DAS CRUZES,GASOLINA,113299,copy_of_D_Frota_por_UF_Municipio_COMBUSTIVEL_Julho_2026.xlsx
SAO PAULO,MOGI DAS CRUZES,GASOLINA/ALCOOL/ELETRICO,762,copy_of_D_Frota_por_UF_Municipio_COMBUSTIVEL_Julho_2026.xlsx
SAO PAULO,MOGI DAS CRUZES,GASOLINA/ALCOOL/GAS NATURAL,691,copy_of_D_Frota_por_UF_Municipio_COMBUSTIVEL_Julho_2026.xlsx
SAO PAULO,MOGI DAS CRUZES,GASOLINA/ELETRICO,1088,copy_of_D_Frota_por_UF_Municipio_COMBUSTIVEL_Julho_2026.xlsx
SAO PAULO,MOGI DAS CRUZES,GASOLINA/GAS NATURAL VEICULAR,2939,copy_of_D_Frota_por_UF_Municipio_COMBUSTIVEL_Julho_2026.xlsx
SAO PAULO,MOGI DAS CRUZES,HIBRIDO,119,copy_of_D_Frota_por_UF_Municipio_COMBUSTIVEL_Julho_2026.xlsx
SAO PAULO,MOGI DAS CRUZES,HIBRIDO PLUG-IN,258,copy_of_D_Frota_por_UF_Municipio_COMBUSTIVEL_Julho_2026.xlsx
SAO PAULO,MOGI DAS CRUZES,Sem Informação,13994,copy_of_D_Frota_por_UF_Municipio_COMBUSTIVEL_Julho_2026.xlsx
SAO PAULO,MOGI-GUACU,ALCOOL,6482,copy_of_D_Frota_por_UF_Municipio_COMBUSTIVEL_Julho_2026.xlsx
SAO PAULO,MOGI-GUACU,ALCOOL/GAS NATURAL VEICULAR,33,copy_of_D_Frota_por_UF_Municipio_COMBUSTIVEL_Julho_2026.xlsx
SAO PAULO,MOGI-GUACU,ALCOOL/GASOLINA,59899,copy_of_D_Frota_por_UF_Municipio_COMBUSTIVEL_Julho_2026.xlsx
SAO PAULO,MOGI-GUACU,DIESEL,8811,copy_of_D_Frota_por_UF_Municipio_COMBUSTIVEL_Julho_2026.xlsx
SAO PAULO,MOGI-GUACU,DIESEL/ELETRICO,1,copy_of_D_Frota_por_UF_Municipio_COMBUSTIVEL_Julho_2026.xlsx
SAO PAULO,MOGI-GUACU,ELETRICO,19,copy_of_D_Frota_por_UF_Municipio_COMBUSTIVEL_Julho_2026.xlsx
SAO PAULO,MOGI-GUACU,ELETRICO/FONTE EXTERNA,113,copy_of_D_Frota_por_UF_Municipio_COMBUSTIVEL_Julho_2026.xlsx
SAO PAULO,MOGI-GUACU,ELETRICO/FONTE INTERNA,12,copy_of_D_Frota_por_UF_Municipio_COMBUSTIVEL_Julho_2026.xlsx
SAO PAULO,MOGI-GUACU,GAS METANO,1,copy_of_D_Frota_por_UF_Municipio_COMBUSTIVEL_Julho_2026.xlsx
SAO PAULO,MOGI-GUACU,GASOL/GAS NATURAL COMBUSTIVEL,4,copy_of_D_Frota_por_UF_Municipio_COMBUSTIVEL_Julho_2026.xlsx
SAO PAULO,MOGI-GUACU,GASOLINA,60822,copy_of_D_Frota_por_UF_Municipio_COMBUSTIVEL_Julho_2026.xlsx
SAO PAULO,MOGI-GUACU,GASOLINA/ALCOOL/ELETRICO,146,copy_of_D_Frota_por_UF_Municipio_COMBUSTIVEL_Julho_2026.xlsx
SAO PAULO,MOGI-GUACU,GASOLINA/ALCOOL/GAS NATURAL,106,copy_of_D_Frota_por_UF_Municipio_COMBUSTIVEL_Julho_2026.xlsx
SAO PAULO,MOGI-GUACU,GASOLINA/ELETRICO,167,copy_of_D_Frota_por_UF_Municipio_COMBUSTIVEL_Julho_2026.xlsx
SAO PAULO,MOGI-GUACU,GASOLINA/GAS NATURAL VEICULAR,466,copy_of_D_Frota_por_UF_Municipio_COMBUSTIVEL_Julho_2026.xlsx
SAO PAULO,MOGI-GUACU,HIBRIDO,21,copy_of_D_Frota_por_UF_Municipio_COMBUSTIVEL_Julho_2026.xlsx
SAO PAULO,MOGI-GUACU,HIBRIDO PLUG-IN,39,copy_of_D_Frota_por_UF_Municipio_COMBUSTIVEL_Julho_2026.xlsx
SAO PAULO,MOGI-GUACU,Sem Informação,5246,copy_of_D_Frota_por_UF_Municipio_COMBUSTIVEL_Julho_2026.xlsx
SAO PAULO,MOGI-MIRIM,ALCOOL,3750,copy_of_D_Frota_por_UF_Municipio_COMBUSTIVEL_Julho_2026.xlsx
SAO PAULO,MOGI-MIRIM,ALCOOL/GAS NATURAL VEICULAR,18,copy_of_D_Frota_por_UF_Municipio_COMBUSTIVEL_Julho_2026.xlsx
SAO PAULO,MOGI-MIRIM,ALCOOL/GASOLINA,37842,copy_of_D_Frota_por_UF_Municipio_COMBUSTIVEL_Julho_2026.xlsx
SAO PAULO,MOGI-MIRIM,DIESEL,6125,copy_of_D_Frota_por_UF_Municipio_COMBUSTIVEL_Julho_2026.xlsx
SAO PAULO,MOGI-MIRIM,DIESEL/ELETRICO,9,copy_of_D_Frota_por_UF_Municipio_COMBUSTIVEL_Julho_2026.xlsx
SAO PAULO,MOGI-MIRIM,ELETRICO,14,copy_of_D_Frota_por_UF_Municipio_COMBUSTIVEL_Julho_2026.xlsx
SAO PAULO,MOGI-MIRIM,ELETRICO/FONTE EXTERNA,140,copy_of_D_Frota_por_UF_Municipio_COMBUSTIVEL_Julho_2026.xlsx
SAO PAULO,MOGI-MIRIM,ELETRICO/FONTE INTERNA,11,copy_of_D_Frota_por_UF_Municipio_COMBUSTIVEL_Julho_2026.xlsx
SAO PAULO,MOGI-MIRIM,GAS METANO,2,copy_of_D_Frota_por_UF_Municipio_COMBUSTIVEL_Julho_2026.xlsx
SAO PAULO,MOGI-MIRIM,GAS NATURAL VEICULAR,2,copy_of_D_Frota_por_UF_Municipio_COMBUSTIVEL_Julho_2026.xlsx
SAO PAULO,MOGI-MIRIM,GASOL/GAS NATURAL COMBUSTIVEL,9,copy_of_D_Frota_por_UF_Municipio_COMBUSTIVEL_Julho_2026.xlsx
SAO PAULO,MOGI-MIRIM,GASOLINA,36546,copy_of_D_Frota_por_UF_Municipio_COMBUSTIVEL_Julho_2026.xlsx
SAO PAULO,MOGI-MIRIM,GASOLINA/ALCOOL/ELETRICO,199,copy_of_D_Frota_por_UF_Municipio_COMBUSTIVEL_Julho_2026.xlsx
SAO PAULO,MOGI-MIRIM,GASOLINA/ALCOOL/GAS NATURAL,44,copy_of_D_Frota_por_UF_Municipio_COMBUSTIVEL_Julho_2026.xlsx
SAO PAULO,MOGI-MIRIM,GASOLINA/ELETRICO,201,copy_of_D_Frota_por_UF_Municipio_COMBUSTIVEL_Julho_2026.xlsx
SAO PAULO,MOGI-MIRIM,GASOLINA/GAS NATURAL VEICULAR,300,copy_of_D_Frota_por_UF_Municipio_COMBUSTIVEL_Julho_2026.xlsx
SAO PAULO,MOGI-MIRIM,HIBRIDO,17,copy_of_D_Frota_por_UF_Municipio_COMBUSTIVEL_Julho_2026.xlsx
SAO PAULO,MOGI-MIRIM,HIBRIDO PLUG-IN,44,copy_of_D_Frota_por_UF_Municipio_COMBUSTIVEL_Julho_2026.xlsx
SAO PAULO,MOGI-MIRIM,Sem Informação,2381,copy_of_D_Frota_por_UF_Municipio_COMBUSTIVEL_Julho_2026.xlsx
SAO PAULO,MOMBUCA,ALCOOL,306,copy_of_D_Frota_por_UF_Municipio_COMBUSTIVEL_Julho_2026.xlsx
SAO PAULO,MOMBUCA,ALCOOL/GAS NATURAL VEICULAR,1,copy_of_D_Frota_por_UF_Municipio_COMBUSTIVEL_Julho_2026.xlsx
SAO PAULO,MOMBUCA,ALCOOL/GASOLINA,1063,copy_of_D_Frota_por_UF_Municipio_COMBUSTIVEL_Julho_2026.xlsx
SAO PAULO,MOMBUCA,DIESEL,332,copy_of_D_Frota_por_UF_Municipio_COMBUSTIVEL_Julho_2026.xlsx
SAO PAULO,MOMBUCA,DIESEL/ELETRICO,1,copy_of_D_Frota_por_UF_Municipio_COMBUSTIVEL_Julho_2026.xlsx
SAO PAULO,MOMBUCA,GASOLINA,1004,copy_of_D_Frota_por_UF_Municipio_COMBUSTIVEL_Julho_2026.xlsx
SAO PAULO,MOMBUCA,GASOLINA/ALCOOL/ELETRICO,2,copy_of_D_Frota_por_UF_Municipio_COMBUSTIVEL_Julho_2026.xlsx
SAO PAULO,MOMBUCA,GASOLINA/ALCOOL/GAS NATURAL,2,copy_of_D_Frota_por_UF_Municipio_COMBUSTIVEL_Julho_2026.xlsx
SAO PAULO,MOMBUCA,GASOLINA/ELETRICO,2,copy_of_D_Frota_por_UF_Municipio_COMBUSTIVEL_Julho_2026.xlsx
SAO PAULO,MOMBUCA,GASOLINA/GAS NATURAL VEICULAR,5,copy_of_D_Frota_por_UF_Municipio_COMBUSTIVEL_Julho_2026.xlsx
SAO PAULO,MOMBUCA,HIBRIDO,1,copy_of_D_Frota_por_UF_Municipio_COMBUSTIVEL_Julho_2026.xlsx
SAO PAULO,MOMBUCA,HIBRIDO PLUG-IN,4,copy_of_D_Frota_por_UF_Municipio_COMBUSTIVEL_Julho_2026.xlsx
SAO PAULO,MOMBUCA,Sem Informação,163,copy_of_D_Frota_por_UF_Municipio_COMBUSTIVEL_Julho_2026.xlsx
SAO PAULO,MONCOES,ALCOOL,151,copy_of_D_Frota_por_UF_Municipio_COMBUSTIVEL_Julho_2026.xlsx
SAO PAULO,MONCOES,ALCOOL/GASOLINA,628,copy_of_D_Frota_por_UF_Municipio_COMBUSTIVEL_Julho_2026.xlsx
SAO PAULO,MONCOES,DIESEL,253,copy_of_D_Frota_por_UF_Municipio_COMBUSTIVEL_Julho_2026.xlsx
SAO PAULO,MONCOES,ELETRICO/FONTE EXTERNA,1,copy_of_D_Frota_por_UF_Municipio_COMBUSTIVEL_Julho_2026.xlsx
SAO PAULO,MONCOES,GASOLINA,627,copy_of_D_Frota_por_UF_Municipio_COMBUSTIVEL_Julho_2026.xlsx
SAO PAULO,MONCOES,Sem Informação,425,copy_of_D_Frota_por_UF_Municipio_COMBUSTIVEL_Julho_2026.xlsx
SAO PAULO,MONGAGUA,ALCOOL,1148,copy_of_D_Frota_por_UF_Municipio_COMBUSTIVEL_Julho_2026.xlsx
SAO PAULO,MONGAGUA,ALCOOL/GAS NATURAL COMBUSTIVEL,1,copy_of_D_Frota_por_UF_Municipio_COMBUSTIVEL_Julho_2026.xlsx
SAO PAULO,MONGAGUA,ALCOOL/GAS NATURAL VEICULAR,13,copy_of_D_Frota_por_UF_Municipio_COMBUSTIVEL_Julho_2026.xlsx
SAO PAULO,MONGAGUA,ALCOOL/GASOLINA,14280,copy_of_D_Frota_por_UF_Municipio_COMBUSTIVEL_Julho_2026.xlsx
SAO PAULO,MONGAGUA,DIESEL,1697,copy_of_D_Frota_por_UF_Municipio_COMBUSTIVEL_Julho_2026.xlsx
SAO PAULO,MONGAGUA,DIESEL/ELETRICO,2,copy_of_D_Frota_por_UF_Municipio_COMBUSTIVEL_Julho_2026.xlsx
SAO PAULO,MONGAGUA,ELETRICO,2,copy_of_D_Frota_por_UF_Municipio_COMBUSTIVEL_Julho_2026.xlsx
SAO PAULO,MONGAGUA,ELETRICO/FONTE EXTERNA,25,copy_of_D_Frota_por_UF_Municipio_COMBUSTIVEL_Julho_2026.xlsx
SAO PAULO,MONGAGUA,ELETRICO/FONTE INTERNA,7,copy_of_D_Frota_por_UF_Municipio_COMBUSTIVEL_Julho_2026.xlsx
SAO PAULO,MONGAGUA,GAS METANO,4,copy_of_D_Frota_por_UF_Municipio_COMBUSTIVEL_Julho_2026.xlsx
SAO PAULO,MONGAGUA,GASOL/GAS NATURAL COMBUSTIVEL,8,copy_of_D_Frota_por_UF_Municipio_COMBUSTIVEL_Julho_2026.xlsx
SAO PAULO,MONGAGUA,GASOLINA,14139,copy_of_D_Frota_por_UF_Municipio_COMBUSTIVEL_Julho_2026.xlsx
SAO PAULO,MONGAGUA,GASOLINA/ALCOOL/ELETRICO,32,copy_of_D_Frota_por_UF_Municipio_COMBUSTIVEL_Julho_2026.xlsx
SAO PAULO,MONGAGUA,GASOLINA/ALCOOL/GAS NATURAL,67,copy_of_D_Frota_por_UF_Municipio_COMBUSTIVEL_Julho_2026.xlsx
SAO PAULO,MONGAGUA,GASOLINA/ELETRICO,32,copy_of_D_Frota_por_UF_Municipio_COMBUSTIVEL_Julho_2026.xlsx
SAO PAULO,MONGAGUA,GASOLINA/GAS NATURAL VEICULAR,289,copy_of_D_Frota_por_UF_Municipio_COMBUSTIVEL_Julho_2026.xlsx
SAO PAULO,MONGAGUA,HIBRIDO,2,copy_of_D_Frota_por_UF_Municipio_COMBUSTIVEL_Julho_2026.xlsx
SAO PAULO,MONGAGUA,HIBRIDO PLUG-IN,1,copy_of_D_Frota_por_UF_Municipio_COMBUSTIVEL_Julho_2026.xlsx
SAO PAULO,MONGAGUA,Sem Informação,830,copy_of_D_Frota_por_UF_Municipio_COMBUSTIVEL_Julho_2026.xlsx
SAO PAULO,MONTE ALEGRE DO SUL,ALCOOL,364,copy_of_D_Frota_por_UF_Municipio_COMBUSTIVEL_Julho_2026.xlsx
SAO PAULO,MONTE ALEGRE DO SUL,ALCOOL/GASOLINA,3034,copy_of_D_Frota_por_UF_Municipio_COMBUSTIVEL_Julho_2026.xlsx
SAO PAULO,MONTE ALEGRE DO SUL,DIESEL,703,copy_of_D_Frota_por_UF_Municipio_COMBUSTIVEL_Julho_2026.xlsx
SAO PAULO,MONTE ALEGRE DO SUL,ELETRICO,1,copy_of_D_Frota_por_UF_Municipio_COMBUSTIVEL_Julho_2026.xlsx
SAO PAULO,MONTE ALEGRE DO SUL,ELETRICO/FONTE EXTERNA,9,copy_of_D_Frota_por_UF_Municipio_COMBUSTIVEL_Julho_2026.xlsx
SAO PAULO,MONTE ALEGRE DO SUL,GASOL/GAS NATURAL COMBUSTIVEL,1,copy_of_D_Frota_por_UF_Municipio_COMBUSTIVEL_Julho_2026.xlsx
SAO PAULO,MONTE ALEGRE DO SUL,GASOLINA,3422,copy_of_D_Frota_por_UF_Municipio_COMBUSTIVEL_Julho_2026.xlsx
SAO PAULO,MONTE ALEGRE DO SUL,GASOLINA/ALCOOL/ELETRICO,16,copy_of_D_Frota_por_UF_Municipio_COMBUSTIVEL_Julho_2026.xlsx
SAO PAULO,MONTE ALEGRE DO SUL,GASOLINA/ALCOOL/GAS NATURAL,1,copy_of_D_Frota_por_UF_Municipio_COMBUSTIVEL_Julho_2026.xlsx
SAO PAULO,MONTE ALEGRE DO SUL,GASOLINA/ELETRICO,14,copy_of_D_Frota_por_UF_Municipio_COMBUSTIVEL_Julho_2026.xlsx
SAO PAULO,MONTE ALEGRE DO SUL,GASOLINA/GAS NATURAL VEICULAR,5,copy_of_D_Frota_por_UF_Municipio_COMBUSTIVEL_Julho_2026.xlsx
SAO PAULO,MONTE ALEGRE DO SUL,HIBRIDO,1,copy_of_D_Frota_por_UF_Municipio_COMBUSTIVEL_Julho_2026.xlsx
SAO PAULO,MONTE ALEGRE DO SUL,HIBRIDO PLUG-IN,5,copy_of_D_Frota_por_UF_Municipio_COMBUSTIVEL_Julho_2026.xlsx
SAO PAULO,MONTE ALEGRE DO SUL,Sem Informação,145,copy_of_D_Frota_por_UF_Municipio_COMBUSTIVEL_Julho_2026.xlsx
SAO PAULO,MONTE ALTO,ALCOOL,2940,copy_of_D_Frota_por_UF_Municipio_COMBUSTIVEL_Julho_2026.xlsx
SAO PAULO,MONTE ALTO,ALCOOL/GASOLINA,19130,copy_of_D_Frota_por_UF_Municipio_COMBUSTIVEL_Julho_2026.xlsx
SAO PAULO,MONTE ALTO,DIESEL,3673,copy_of_D_Frota_por_UF_Municipio_COMBUSTIVEL_Julho_2026.xlsx
SAO PAULO,MONTE ALTO,DIESEL/ELETRICO,3,copy_of_D_Frota_por_UF_Municipio_COMBUSTIVEL_Julho_2026.xlsx
SAO PAULO,MONTE ALTO,ELETRICO,3,copy_of_D_Frota_por_UF_Municipio_COMBUSTIVEL_Julho_2026.xlsx
SAO PAULO,MONTE ALTO,ELETRICO/FONTE EXTERNA,14,copy_of_D_Frota_por_UF_Municipio_COMBUSTIVEL_Julho_2026.xlsx
SAO PAULO,MONTE ALTO,ELETRICO/FONTE INTERNA,4,copy_of_D_Frota_por_UF_Municipio_COMBUSTIVEL_Julho_2026.xlsx
SAO PAULO,MONTE ALTO,GASOLINA,20685,copy_of_D_Frota_por_UF_Municipio_COMBUSTIVEL_Julho_2026.xlsx
SAO PAULO,MONTE ALTO,GASOLINA/ALCOOL/ELETRICO,60,copy_of_D_Frota_por_UF_Municipio_COMBUSTIVEL_Julho_2026.xlsx
SAO PAULO,MONTE ALTO,GASOLINA/ALCOOL/GAS NATURAL,2,copy_of_D_Frota_por_UF_Municipio_COMBUSTIVEL_Julho_2026.xlsx
SAO PAULO,MONTE ALTO,GASOLINA/ELETRICO,70,copy_of_D_Frota_por_UF_Municipio_COMBUSTIVEL_Julho_2026.xlsx
SAO PAULO,MONTE ALTO,GASOLINA/GAS NATURAL VEICULAR,9,copy_of_D_Frota_por_UF_Municipio_COMBUSTIVEL_Julho_2026.xlsx
SAO PAULO,MONTE ALTO,HIBRIDO,4,copy_of_D_Frota_por_UF_Municipio_COMBUSTIVEL_Julho_2026.xlsx
SAO PAULO,MONTE ALTO,HIBRIDO PLUG-IN,18,copy_of_D_Frota_por_UF_Municipio_COMBUSTIVEL_Julho_2026.xlsx
SAO PAULO,MONTE ALTO,Sem Informação,1138,copy_of_D_Frota_por_UF_Municipio_COMBUSTIVEL_Julho_2026.xlsx
SAO PAULO,MONTE APRAZIVEL,ALCOOL,1409,copy_of_D_Frota_por_UF_Municipio_COMBUSTIVEL_Julho_2026.xlsx
SAO PAULO,MONTE APRAZIVEL,ALCOOL/GASOLINA,7922,copy_of_D_Frota_por_UF_Municipio_COMBUSTIVEL_Julho_2026.xlsx
SAO PAULO,MONTE APRAZIVEL,DIESEL,2030,copy_of_D_Frota_por_UF_Municipio_COMBUSTIVEL_Julho_2026.xlsx
SAO PAULO,MONTE APRAZIVEL,DIESEL/ELETRICO,1,copy_of_D_Frota_por_UF_Municipio_COMBUSTIVEL_Julho_2026.xlsx
SAO PAULO,MONTE APRAZIVEL,ELETRICO,2,copy_of_D_Frota_por_UF_Municipio_COMBUSTIVEL_Julho_2026.xlsx
SAO PAULO,MONTE APRAZIVEL,ELETRICO/FONTE EXTERNA,6,copy_of_D_Frota_por_UF_Municipio_COMBUSTIVEL_Julho_2026.xlsx
SAO PAULO,MONTE APRAZIVEL,ELETRICO/FONTE INTERNA,2,copy_of_D_Frota_por_UF_Municipio_COMBUSTIVEL_Julho_2026.xlsx
SAO PAULO,MONTE APRAZIVEL,GASOLINA,7248,copy_of_D_Frota_por_UF_Municipio_COMBUSTIVEL_Julho_2026.xlsx
SAO PAULO,MONTE APRAZIVEL,GASOLINA/ALCOOL/ELETRICO,14,copy_of_D_Frota_por_UF_Municipio_COMBUSTIVEL_Julho_2026.xlsx
SAO PAULO,MONTE APRAZIVEL,GASOLINA/ALCOOL/GAS NATURAL,1,copy_of_D_Frota_por_UF_Municipio_COMBUSTIVEL_Julho_2026.xlsx
SAO PAULO,MONTE APRAZIVEL,GASOLINA/ELETRICO,12,copy_of_D_Frota_por_UF_Municipio_COMBUSTIVEL_Julho_2026.xlsx
SAO PAULO,MONTE APRAZIVEL,GASOLINA/GAS NATURAL VEICULAR,4,copy_of_D_Frota_por_UF_Municipio_COMBUSTIVEL_Julho_2026.xlsx
SAO PAULO,MONTE APRAZIVEL,HIBRIDO,6,copy_of_D_Frota_por_UF_Municipio_COMBUSTIVEL_Julho_2026.xlsx
SAO PAULO,MONTE APRAZIVEL,HIBRIDO PLUG-IN,8,copy_of_D_Frota_por_UF_Municipio_COMBUSTIVEL_Julho_2026.xlsx
SAO PAULO,MONTE APRAZIVEL,Sem Informação,1220,copy_of_D_Frota_por_UF_Municipio_COMBUSTIVEL_Julho_2026.xlsx
SAO PAULO,MONTE AZUL PAULISTA,ALCOOL,1376,copy_of_D_Frota_por_UF_Municipio_COMBUSTIVEL_Julho_2026.xlsx
SAO PAULO,MONTE AZUL PAULISTA,ALCOOL/GAS NATURAL VEICULAR,1,copy_of_D_Frota_por_UF_Municipio_COMBUSTIVEL_Julho_2026.xlsx
SAO PAULO,MONTE AZUL PAULISTA,ALCOOL/GASOLINA,6407,copy_of_D_Frota_por_UF_Municipio_COMBUSTIVEL_Julho_2026.xlsx
SAO PAULO,MONTE AZUL PAULISTA,DIESEL,1810,copy_of_D_Frota_por_UF_Municipio_COMBUSTIVEL_Julho_2026.xlsx
SAO PAULO,MONTE AZUL PAULISTA,DIESEL/ELETRICO,2,copy_of_D_Frota_por_UF_Municipio_COMBUSTIVEL_Julho_2026.xlsx
SAO PAULO,MONTE AZUL PAULISTA,ELETRICO/FONTE EXTERNA,8,copy_of_D_Frota_por_UF_Municipio_COMBUSTIVEL_Julho_2026.xlsx
SAO PAULO,MONTE AZUL PAULISTA,ELETRICO/FONTE INTERNA,2,copy_of_D_Frota_por_UF_Municipio_COMBUSTIVEL_Julho_2026.xlsx
SAO PAULO,MONTE AZUL PAULISTA,GASOLINA,6391,copy_of_D_Frota_por_UF_Municipio_COMBUSTIVEL_Julho_2026.xlsx
SAO PAULO,MONTE AZUL PAULISTA,GASOLINA/ALCOOL/ELETRICO,16,copy_of_D_Frota_por_UF_Municipio_COMBUSTIVEL_Julho_2026.xlsx
SAO PAULO,MONTE AZUL PAULISTA,GASOLINA/ALCOOL/GAS NATURAL,2,copy_of_D_Frota_por_UF_Municipio_COMBUSTIVEL_Julho_2026.xlsx
SAO PAULO,MONTE AZUL PAULISTA,GASOLINA/ELETRICO,34,copy_of_D_Frota_por_UF_Municipio_COMBUSTIVEL_Julho_2026.xlsx
SAO PAULO,MONTE AZUL PAULISTA,GASOLINA/GAS NATURAL VEICULAR,4,copy_of_D_Frota_por_UF_Municipio_COMBUSTIVEL_Julho_2026.xlsx
SAO PAULO,MONTE AZUL PAULISTA,HIBRIDO,5,copy_of_D_Frota_por_UF_Municipio_COMBUSTIVEL_Julho_2026.xlsx
SAO PAULO,MONTE AZUL PAULISTA,HIBRIDO PLUG-IN,7,copy_of_D_Frota_por_UF_Municipio_COMBUSTIVEL_Julho_2026.xlsx
SAO PAULO,MONTE AZUL PAULISTA,Sem Informação,718,copy_of_D_Frota_por_UF_Municipio_COMBUSTIVEL_Julho_2026.xlsx
SAO PAULO,MONTE CASTELO,ALCOOL,271,copy_of_D_Frota_por_UF_Municipio_COMBUSTIVEL_Julho_2026.xlsx
SAO PAULO,MONTE CASTELO,ALCOOL/GASOLINA,1146,copy_of_D_Frota_por_UF_Municipio_COMBUSTIVEL_Julho_2026.xlsx
SAO PAULO,MONTE CASTELO,DIESEL,347,copy_of_D_Frota_por_UF_Municipio_COMBUSTIVEL_Julho_2026.xlsx
SAO PAULO,MONTE CASTELO,GASOLINA,1214,copy_of_D_Frota_por_UF_Municipio_COMBUSTIVEL_Julho_2026.xlsx
SAO PAULO,MONTE CASTELO,GASOLINA/ALCOOL/ELETRICO,4,copy_of_D_Frota_por_UF_Municipio_COMBUSTIVEL_Julho_2026.xlsx
SAO PAULO,MONTE CASTELO,GASOLINA/ELETRICO,2,copy_of_D_Frota_por_UF_Municipio_COMBUSTIVEL_Julho_2026.xlsx
SAO PAULO,MONTE CASTELO,GASOLINA/GAS NATURAL VEICULAR,1,copy_of_D_Frota_por_UF_Municipio_COMBUSTIVEL_Julho_2026.xlsx
SAO PAULO,MONTE CASTELO,Sem Informação,185,copy_of_D_Frota_por_UF_Municipio_COMBUSTIVEL_Julho_2026.xlsx
SAO PAULO,MONTE MOR,ALCOOL,2408,copy_of_D_Frota_por_UF_Municipio_COMBUSTIVEL_Julho_2026.xlsx
SAO PAULO,MONTE MOR,ALCOOL/GAS NATURAL VEICULAR,5,copy_of_D_Frota_por_UF_Municipio_COMBUSTIVEL_Julho_2026.xlsx
SAO PAULO,MONTE MOR,ALCOOL/GASOLINA,20950,copy_of_D_Frota_por_UF_Municipio_COMBUSTIVEL_Julho_2026.xlsx
SAO PAULO,MONTE MOR,DIESEL,3093,copy_of_D_Frota_por_UF_Municipio_COMBUSTIVEL_Julho_2026.xlsx
SAO PAULO,MONTE MOR,ELETRICO,6,copy_of_D_Frota_por_UF_Municipio_COMBUSTIVEL_Julho_2026.xlsx
SAO PAULO,MONTE MOR,ELETRICO/FONTE EXTERNA,36,copy_of_D_Frota_por_UF_Municipio_COMBUSTIVEL_Julho_2026.xlsx
SAO PAULO,MONTE MOR,ELETRICO/FONTE INTERNA,4,copy_of_D_Frota_por_UF_Municipio_COMBUSTIVEL_Julho_2026.xlsx
SAO PAULO,MONTE MOR,GASOL/GAS NATURAL COMBUSTIVEL,2,copy_of_D_Frota_por_UF_Municipio_COMBUSTIVEL_Julho_2026.xlsx
SAO PAULO,MONTE MOR,GASOLINA,18203,copy_of_D_Frota_por_UF_Municipio_COMBUSTIVEL_Julho_2026.xlsx
SAO PAULO,MONTE MOR,GASOLINA/ALCOOL/ELETRICO,82,copy_of_D_Frota_por_UF_Municipio_COMBUSTIVEL_Julho_2026.xlsx
SAO PAULO,MONTE MOR,GASOLINA/ALCOOL/GAS NATURAL,37,copy_of_D_Frota_por_UF_Municipio_COMBUSTIVEL_Julho_2026.xlsx
SAO PAULO,MONTE MOR,GASOLINA/ELETRICO,43,copy_of_D_Frota_por_UF_Municipio_COMBUSTIVEL_Julho_2026.xlsx
SAO PAULO,MONTE MOR,GASOLINA/GAS NATURAL VEICULAR,134,copy_of_D_Frota_por_UF_Municipio_COMBUSTIVEL_Julho_2026.xlsx
SAO PAULO,MONTE MOR,HIBRIDO,1,copy_of_D_Frota_por_UF_Municipio_COMBUSTIVEL_Julho_2026.xlsx
SAO PAULO,MONTE MOR,HIBRIDO PLUG-IN,18,copy_of_D_Frota_por_UF_Municipio_COMBUSTIVEL_Julho_2026.xlsx
SAO PAULO,MONTE MOR,Sem Informação,1433,copy_of_D_Frota_por_UF_Municipio_COMBUSTIVEL_Julho_2026.xlsx
SAO PAULO,MONTEIRO LOBATO,ALCOOL,243,copy_of_D_Frota_por_UF_Municipio_COMBUSTIVEL_Julho_2026.xlsx
SAO PAULO,MONTEIRO LOBATO,ALCOOL/GAS NATURAL VEICULAR,1,copy_of_D_Frota_por_UF_Municipio_COMBUSTIVEL_Julho_2026.xlsx
SAO PAULO,MONTEIRO LOBATO,ALCOOL/GASOLINA,1046,copy_of_D_Frota_por_UF_Municipio_COMBUSTIVEL_Julho_2026.xlsx
SAO PAULO,MONTEIRO LOBATO,DIESEL,469,copy_of_D_Frota_por_UF_Municipio_COMBUSTIVEL_Julho_2026.xlsx
SAO PAULO,MONTEIRO LOBATO,ELETRICO/FONTE EXTERNA,1,copy_of_D_Frota_por_UF_Municipio_COMBUSTIVEL_Julho_2026.xlsx
SAO PAULO,MONTEIRO LOBATO,GAS NATURAL VEICULAR,1,copy_of_D_Frota_por_UF_Municipio_COMBUSTIVEL_Julho_2026.xlsx
SAO PAULO,MONTEIRO LOBATO,GASOL/GAS NATURAL COMBUSTIVEL,1,copy_of_D_Frota_por_UF_Municipio_COMBUSTIVEL_Julho_2026.xlsx
SAO PAULO,MONTEIRO LOBATO,GASOLINA,1770,copy_of_D_Frota_por_UF_Municipio_COMBUSTIVEL_Julho_2026.xlsx
SAO PAULO,MONTEIRO LOBATO,GASOLINA/ALCOOL/GAS NATURAL,10,copy_of_D_Frota_por_UF_Municipio_COMBUSTIVEL_Julho_2026.xlsx
SAO PAULO,MONTEIRO LOBATO,GASOLINA/ELETRICO,1,copy_of_D_Frota_por_UF_Municipio_COMBUSTIVEL_Julho_2026.xlsx
SAO PAULO,MONTEIRO LOBATO,GASOLINA/GAS NATURAL VEICULAR,45,copy_of_D_Frota_por_UF_Municipio_COMBUSTIVEL_Julho_2026.xlsx
SAO PAULO,MONTEIRO LOBATO,HIBRIDO PLUG-IN,1,copy_of_D_Frota_por_UF_Municipio_COMBUSTIVEL_Julho_2026.xlsx
SAO PAULO,MONTEIRO LOBATO,Sem Informação,79,copy_of_D_Frota_por_UF_Municipio_COMBUSTIVEL_Julho_2026.xlsx
SAO PAULO,MORRO AGUDO,ALCOOL,1549,copy_of_D_Frota_por_UF_Municipio_COMBUSTIVEL_Julho_2026.xlsx
SAO PAULO,MORRO AGUDO,ALCOOL/GASOLINA,8804,copy_of_D_Frota_por_UF_Municipio_COMBUSTIVEL_Julho_2026.xlsx
SAO PAULO,MORRO AGUDO,DIESEL,2573,copy_of_D_Frota_por_UF_Municipio_COMBUSTIVEL_Julho_2026.xlsx
SAO PAULO,MORRO AGUDO,DIESEL/ELETRICO,9,copy_of_D_Frota_por_UF_Municipio_COMBUSTIVEL_Julho_2026.xlsx
SAO PAULO,MORRO AGUDO,ELETRICO/FONTE EXTERNA,11,copy_of_D_Frota_por_UF_Municipio_COMBUSTIVEL_Julho_2026.xlsx
SAO PAULO,MORRO AGUDO,GASOLINA,7934,copy_of_D_Frota_por_UF_Municipio_COMBUSTIVEL_Julho_2026.xlsx
SAO PAULO,MORRO AGUDO,GASOLINA/ALCOOL/ELETRICO,13,copy_of_D_Frota_por_UF_Municipio_COMBUSTIVEL_Julho_2026.xlsx
SAO PAULO,MORRO AGUDO,GASOLINA/ALCOOL/GAS NATURAL,1,copy_of_D_Frota_por_UF_Municipio_COMBUSTIVEL_Julho_2026.xlsx
SAO PAULO,MORRO AGUDO,GASOLINA/ELETRICO,34,copy_of_D_Frota_por_UF_Municipio_COMBUSTIVEL_Julho_2026.xlsx
SAO PAULO,MORRO AGUDO,GASOLINA/GAS NATURAL VEICULAR,2,copy_of_D_Frota_por_UF_Municipio_COMBUSTIVEL_Julho_2026.xlsx
SAO PAULO,MORRO AGUDO,HIBRIDO,2,copy_of_D_Frota_por_UF_Municipio_COMBUSTIVEL_Julho_2026.xlsx
SAO PAULO,MORRO AGUDO,HIBRIDO PLUG-IN,10,copy_of_D_Frota_por_UF_Municipio_COMBUSTIVEL_Julho_2026.xlsx
SAO PAULO,MORRO AGUDO,Sem Informação,1682,copy_of_D_Frota_por_UF_Municipio_COMBUSTIVEL_Julho_2026.xlsx
SAO PAULO,MORUNGABA,ALCOOL,742,copy_of_D_Frota_por_UF_Municipio_COMBUSTIVEL_Julho_2026.xlsx
SAO PAULO,MORUNGABA,ALCOOL/GAS NATURAL VEICULAR,1,copy_of_D_Frota_por_UF_Municipio_COMBUSTIVEL_Julho_2026.xlsx
SAO PAULO,MORUNGABA,ALCOOL/GASOLINA,4679,copy_of_D_Frota_por_UF_Municipio_COMBUSTIVEL_Julho_2026.xlsx
SAO PAULO,MORUNGABA,DIESEL,1126,copy_of_D_Frota_por_UF_Municipio_COMBUSTIVEL_Julho_2026.xlsx
SAO PAULO,MORUNGABA,ELETRICO,5,copy_of_D_Frota_por_UF_Municipio_COMBUSTIVEL_Julho_2026.xlsx
SAO PAULO,MORUNGABA,ELETRICO/FONTE EXTERNA,17,copy_of_D_Frota_por_UF_Municipio_COMBUSTIVEL_Julho_2026.xlsx
SAO PAULO,MORUNGABA,ELETRICO/FONTE INTERNA,4,copy_of_D_Frota_por_UF_Municipio_COMBUSTIVEL_Julho_2026.xlsx
SAO PAULO,MORUNGABA,GASOL/GAS NATURAL COMBUSTIVEL,2,copy_of_D_Frota_por_UF_Municipio_COMBUSTIVEL_Julho_2026.xlsx
SAO PAULO,MORUNGABA,GASOLINA,5861,copy_of_D_Frota_por_UF_Municipio_COMBUSTIVEL_Julho_2026.xlsx
SAO PAULO,MORUNGABA,GASOLINA/ALCOOL/ELETRICO,8,copy_of_D_Frota_por_UF_Municipio_COMBUSTIVEL_Julho_2026.xlsx
SAO PAULO,MORUNGABA,GASOLINA/ALCOOL/GAS NATURAL,6,copy_of_D_Frota_por_UF_Municipio_COMBUSTIVEL_Julho_2026.xlsx
SAO PAULO,MORUNGABA,GASOLINA/ELETRICO,12,copy_of_D_Frota_por_UF_Municipio_COMBUSTIVEL_Julho_2026.xlsx
SAO PAULO,MORUNGABA,GASOLINA/GAS NATURAL VEICULAR,44,copy_of_D_Frota_por_UF_Municipio_COMBUSTIVEL_Julho_2026.xlsx
SAO PAULO,MORUNGABA,HIBRIDO,1,copy_of_D_Frota_por_UF_Municipio_COMBUSTIVEL_Julho_2026.xlsx
SAO PAULO,MORUNGABA,HIBRIDO PLUG-IN,1,copy_of_D_Frota_por_UF_Municipio_COMBUSTIVEL_Julho_2026.xlsx
SAO PAULO,MORUNGABA,Sem Informação,336,copy_of_D_Frota_por_UF_Municipio_COMBUSTIVEL_Julho_2026.xlsx
SAO PAULO,MOTUCA,ALCOOL,286,copy_of_D_Frota_por_UF_Municipio_COMBUSTIVEL_Julho_2026.xlsx
SAO PAULO,MOTUCA,ALCOOL/GASOLINA,989,copy_of_D_Frota_por_UF_Municipio_COMBUSTIVEL_Julho_2026.xlsx
SAO PAULO,MOTUCA,DIESEL,328,copy_of_D_Frota_por_UF_Municipio_COMBUSTIVEL_Julho_2026.xlsx
SAO PAULO,MOTUCA,GASOLINA,1194,copy_of_D_Frota_por_UF_Municipio_COMBUSTIVEL_Julho_2026.xlsx
SAO PAULO,MOTUCA,GASOLINA/ALCOOL/GAS NATURAL,1,copy_of_D_Frota_por_UF_Municipio_COMBUSTIVEL_Julho_2026.xlsx
SAO PAULO,MOTUCA,GASOLINA/GAS NATURAL VEICULAR,2,copy_of_D_Frota_por_UF_Municipio_COMBUSTIVEL_Julho_2026.xlsx
SAO PAULO,MOTUCA,Sem Informação,162,copy_of_D_Frota_por_UF_Municipio_COMBUSTIVEL_Julho_2026.xlsx
SAO PAULO,MURUTINGA DO SUL,ALCOOL,246,copy_of_D_Frota_por_UF_Municipio_COMBUSTIVEL_Julho_2026.xlsx
SAO PAULO,MURUTINGA DO SUL,ALCOOL/GASOLINA,1171,copy_of_D_Frota_por_UF_Municipio_COMBUSTIVEL_Julho_2026.xlsx
SAO PAULO,MURUTINGA DO SUL,DIESEL,307,copy_of_D_Frota_por_UF_Municipio_COMBUSTIVEL_Julho_2026.xlsx
SAO PAULO,MURUTINGA DO SUL,ELETRICO/FONTE EXTERNA,1,copy_of_D_Frota_por_UF_Municipio_COMBUSTIVEL_Julho_2026.xlsx
SAO PAULO,MURUTINGA DO SUL,GASOLINA,1085,copy_of_D_Frota_por_UF_Municipio_COMBUSTIVEL_Julho_2026.xlsx
SAO PAULO,MURUTINGA DO SUL,GASOLINA/ELETRICO,3,copy_of_D_Frota_por_UF_Municipio_COMBUSTIVEL_Julho_2026.xlsx
SAO PAULO,MURUTINGA DO SUL,Sem Informação,145,copy_of_D_Frota_por_UF_Municipio_COMBUSTIVEL_Julho_2026.xlsx
SAO PAULO,NANTES,ALCOOL,145,copy_of_D_Frota_por_UF_Municipio_COMBUSTIVEL_Julho_2026.xlsx
SAO PAULO,NANTES,ALCOOL/GASOLINA,535,copy_of_D_Frota_por_UF_Municipio_COMBUSTIVEL_Julho_2026.xlsx
SAO PAULO,NANTES,DIESEL,153,copy_of_D_Frota_por_UF_Municipio_COMBUSTIVEL_Julho_2026.xlsx
SAO PAULO,NANTES,GASOLINA,531,copy_of_D_Frota_por_UF_Municipio_COMBUSTIVEL_Julho_2026.xlsx
SAO PAULO,NANTES,GASOLINA/ALCOOL/ELETRICO,2,copy_of_D_Frota_por_UF_Municipio_COMBUSTIVEL_Julho_2026.xlsx
SAO PAULO,NANTES,GASOLINA/GAS NATURAL VEICULAR,1,copy_of_D_Frota_por_UF_Municipio_COMBUSTIVEL_Julho_2026.xlsx
SAO PAULO,NANTES,Sem Informação,107,copy_of_D_Frota_por_UF_Municipio_COMBUSTIVEL_Julho_2026.xlsx
SAO PAULO,NARANDIBA,ALCOOL,270,copy_of_D_Frota_por_UF_Municipio_COMBUSTIVEL_Julho_2026.xlsx
SAO PAULO,NARANDIBA,ALCOOL/GASOLINA,1473,copy_of_D_Frota_por_UF_Municipio_COMBUSTIVEL_Julho_2026.xlsx
SAO PAULO,NARANDIBA,DIESEL,293,copy_of_D_Frota_por_UF_Municipio_COMBUSTIVEL_Julho_2026.xlsx
SAO PAULO,NARANDIBA,GASOLINA,1132,copy_of_D_Frota_por_UF_Municipio_COMBUSTIVEL_Julho_2026.xlsx
SAO PAULO,NARANDIBA,GASOLINA/GAS NATURAL VEICULAR,1,copy_of_D_Frota_por_UF_Municipio_COMBUSTIVEL_Julho_2026.xlsx
SAO PAULO,NARANDIBA,Sem Informação,259,copy_of_D_Frota_por_UF_Municipio_COMBUSTIVEL_Julho_2026.xlsx
SAO PAULO,NATIVIDADE DA SERRA,ALCOOL,152,copy_of_D_Frota_por_UF_Municipio_COMBUSTIVEL_Julho_2026.xlsx
SAO PAULO,NATIVIDADE DA SERRA,ALCOOL/GAS NATURAL VEICULAR,2,copy_of_D_Frota_por_UF_Municipio_COMBUSTIVEL_Julho_2026.xlsx
SAO PAULO,NATIVIDADE DA SERRA,ALCOOL/GASOLINA,1343,copy_of_D_Frota_por_UF_Municipio_COMBUSTIVEL_Julho_2026.xlsx
SAO PAULO,NATIVIDADE DA SERRA,DIESEL,391,copy_of_D_Frota_por_UF_Municipio_COMBUSTIVEL_Julho_2026.xlsx
SAO PAULO,NATIVIDADE DA SERRA,DIESEL/ELETRICO,1,copy_of_D_Frota_por_UF_Municipio_COMBUSTIVEL_Julho_2026.xlsx
SAO PAULO,NATIVIDADE DA SERRA,GASOLINA,1832,copy_of_D_Frota_por_UF_Municipio_COMBUSTIVEL_Julho_2026.xlsx
SAO PAULO,NATIVIDADE DA SERRA,GASOLINA/ALCOOL/GAS NATURAL,3,copy_of_D_Frota_por_UF_Municipio_COMBUSTIVEL_Julho_2026.xlsx
SAO PAULO,NATIVIDADE DA SERRA,GASOLINA/GAS NATURAL VEICULAR,12,copy_of_D_Frota_por_UF_Municipio_COMBUSTIVEL_Julho_2026.xlsx
SAO PAULO,NATIVIDADE DA SERRA,Sem Informação,96,copy_of_D_Frota_por_UF_Municipio_COMBUSTIVEL_Julho_2026.xlsx
SAO PAULO,NAZARE PAULISTA,ALCOOL,723,copy_of_D_Frota_por_UF_Municipio_COMBUSTIVEL_Julho_2026.xlsx
SAO PAULO,NAZARE PAULISTA,ALCOOL/GAS NATURAL VEICULAR,3,copy_of_D_Frota_por_UF_Municipio_COMBUSTIVEL_Julho_2026.xlsx
SAO PAULO,NAZARE PAULISTA,ALCOOL/GASOLINA,5919,copy_of_D_Frota_por_UF_Municipio_COMBUSTIVEL_Julho_2026.xlsx
SAO PAULO,NAZARE PAULISTA,DIESEL,1659,copy_of_D_Frota_por_UF_Municipio_COMBUSTIVEL_Julho_2026.xlsx
SAO PAULO,NAZARE PAULISTA,ELETRICO/FONTE EXTERNA,15,copy_of_D_Frota_por_UF_Municipio_COMBUSTIVEL_Julho_2026.xlsx
SAO PAULO,NAZARE PAULISTA,ELETRICO/FONTE INTERNA,1,copy_of_D_Frota_por_UF_Municipio_COMBUSTIVEL_Julho_2026.xlsx
SAO PAULO,NAZARE PAULISTA,GASOL/GAS NATURAL COMBUSTIVEL,2,copy_of_D_Frota_por_UF_Municipio_COMBUSTIVEL_Julho_2026.xlsx
SAO PAULO,NAZARE PAULISTA,GASOLINA,7390,copy_of_D_Frota_por_UF_Municipio_COMBUSTIVEL_Julho_2026.xlsx
SAO PAULO,NAZARE PAULISTA,GASOLINA/ALCOOL/ELETRICO,8,copy_of_D_Frota_por_UF_Municipio_COMBUSTIVEL_Julho_2026.xlsx
SAO PAULO,NAZARE PAULISTA,GASOLINA/ALCOOL/GAS NATURAL,11,copy_of_D_Frota_por_UF_Municipio_COMBUSTIVEL_Julho_2026.xlsx
SAO PAULO,NAZARE PAULISTA,GASOLINA/ELETRICO,10,copy_of_D_Frota_por_UF_Municipio_COMBUSTIVEL_Julho_2026.xlsx
SAO PAULO,NAZARE PAULISTA,GASOLINA/GAS NATURAL VEICULAR,52,copy_of_D_Frota_por_UF_Municipio_COMBUSTIVEL_Julho_2026.xlsx
SAO PAULO,NAZARE PAULISTA,HIBRIDO PLUG-IN,1,copy_of_D_Frota_por_UF_Municipio_COMBUSTIVEL_Julho_2026.xlsx
SAO PAULO,NAZARE PAULISTA,Sem Informação,466,copy_of_D_Frota_por_UF_Municipio_COMBUSTIVEL_Julho_2026.xlsx
SAO PAULO,NEVES PAULISTA,ALCOOL,440,copy_of_D_Frota_por_UF_Municipio_COMBUSTIVEL_Julho_2026.xlsx
SAO PAULO,NEVES PAULISTA,ALCOOL/GASOLINA,3203,copy_of_D_Frota_por_UF_Municipio_COMBUSTIVEL_Julho_2026.xlsx
SAO PAULO,NEVES PAULISTA,DIESEL,608,copy_of_D_Frota_por_UF_Municipio_COMBUSTIVEL_Julho_2026.xlsx
SAO PAULO,NEVES PAULISTA,ELETRICO/FONTE EXTERNA,5,copy_of_D_Frota_por_UF_Municipio_COMBUSTIVEL_Julho_2026.xlsx
SAO PAULO,NEVES PAULISTA,GASOLINA,2570,copy_of_D_Frota_por_UF_Municipio_COMBUSTIVEL_Julho_2026.xlsx
SAO PAULO,NEVES PAULISTA,GASOLINA/ALCOOL/ELETRICO,6,copy_of_D_Frota_por_UF_Municipio_COMBUSTIVEL_Julho_2026.xlsx
SAO PAULO,NEVES PAULISTA,GASOLINA/ALCOOL/GAS NATURAL,2,copy_of_D_Frota_por_UF_Municipio_COMBUSTIVEL_Julho_2026.xlsx
SAO PAULO,NEVES PAULISTA,GASOLINA/ELETRICO,7,copy_of_D_Frota_por_UF_Municipio_COMBUSTIVEL_Julho_2026.xlsx
SAO PAULO,NEVES PAULISTA,GASOLINA/GAS NATURAL VEICULAR,1,copy_of_D_Frota_por_UF_Municipio_COMBUSTIVEL_Julho_2026.xlsx
SAO PAULO,NEVES PAULISTA,HIBRIDO,3,copy_of_D_Frota_por_UF_Municipio_COMBUSTIVEL_Julho_2026.xlsx
SAO PAULO,NEVES PAULISTA,HIBRIDO PLUG-IN,1,copy_of_D_Frota_por_UF_Municipio_COMBUSTIVEL_Julho_2026.xlsx
SAO PAULO,NEVES PAULISTA,Sem Informação,359,copy_of_D_Frota_por_UF_Municipio_COMBUSTIVEL_Julho_2026.xlsx
SAO PAULO,NHANDEARA,ALCOOL,885,copy_of_D_Frota_por_UF_Municipio_COMBUSTIVEL_Julho_2026.xlsx
SAO PAULO,NHANDEARA,ALCOOL/GAS NATURAL VEICULAR,1,copy_of_D_Frota_por_UF_Municipio_COMBUSTIVEL_Julho_2026.xlsx
SAO PAULO,NHANDEARA,ALCOOL/GASOLINA,3198,copy_of_D_Frota_por_UF_Municipio_COMBUSTIVEL_Julho_2026.xlsx
SAO PAULO,NHANDEARA,DIESEL,789,copy_of_D_Frota_por_UF_Municipio_COMBUSTIVEL_Julho_2026.xlsx
SAO PAULO,NHANDEARA,ELETRICO,1,copy_of_D_Frota_por_UF_Municipio_COMBUSTIVEL_Julho_2026.xlsx
SAO PAULO,NHANDEARA,ELETRICO/FONTE EXTERNA,2,copy_of_D_Frota_por_UF_Municipio_COMBUSTIVEL_Julho_2026.xlsx
SAO PAULO,NHANDEARA,GASOLINA,3354,copy_of_D_Frota_por_UF_Municipio_COMBUSTIVEL_Julho_2026.xlsx
SAO PAULO,NHANDEARA,GASOLINA/ALCOOL/ELETRICO,14,copy_of_D_Frota_por_UF_Municipio_COMBUSTIVEL_Julho_2026.xlsx
SAO PAULO,NHANDEARA,GASOLINA/ELETRICO,4,copy_of_D_Frota_por_UF_Municipio_COMBUSTIVEL_Julho_2026.xlsx
SAO PAULO,NHANDEARA,GASOLINA/GAS NATURAL VEICULAR,1,copy_of_D_Frota_por_UF_Municipio_COMBUSTIVEL_Julho_2026.xlsx
SAO PAULO,NHANDEARA,HIBRIDO PLUG-IN,3,copy_of_D_Frota_por_UF_Municipio_COMBUSTIVEL_Julho_2026.xlsx
SAO PAULO,NHANDEARA,Sem Informação,523,copy_of_D_Frota_por_UF_Municipio_COMBUSTIVEL_Julho_2026.xlsx
SAO PAULO,NIPOA,ALCOOL,293,copy_of_D_Frota_por_UF_Municipio_COMBUSTIVEL_Julho_2026.xlsx
SAO PAULO,NIPOA,ALCOOL/GAS NATURAL VEICULAR,1,copy_of_D_Frota_por_UF_Municipio_COMBUSTIVEL_Julho_2026.xlsx
SAO PAULO,NIPOA,ALCOOL/GASOLINA,1406,copy_of_D_Frota_por_UF_Municipio_COMBUSTIVEL_Julho_2026.xlsx
SAO PAULO,NIPOA,DIESEL,326,copy_of_D_Frota_por_UF_Municipio_COMBUSTIVEL_Julho_2026.xlsx
SAO PAULO,NIPOA,GASOLINA,1449,copy_of_D_Frota_por_UF_Municipio_COMBUSTIVEL_Julho_2026.xlsx
SAO PAULO,NIPOA,GASOLINA/ALCOOL/ELETRICO,3,copy_of_D_Frota_por_UF_Municipio_COMBUSTIVEL_Julho_2026.xlsx
SAO PAULO,NIPOA,HIBRIDO,1,copy_of_D_Frota_por_UF_Municipio_COMBUSTIVEL_Julho_2026.xlsx
SAO PAULO,NIPOA,Sem Informação,309,copy_of_D_Frota_por_UF_Municipio_COMBUSTIVEL_Julho_2026.xlsx
SAO PAULO,NOVA ALIANCA,ALCOOL,372,copy_of_D_Frota_por_UF_Municipio_COMBUSTIVEL_Julho_2026.xlsx
SAO PAULO,NOVA ALIANCA,ALCOOL/GASOLINA,2071,copy_of_D_Frota_por_UF_Municipio_COMBUSTIVEL_Julho_2026.xlsx
SAO PAULO,NOVA ALIANCA,DIESEL,453,copy_of_D_Frota_por_UF_Municipio_COMBUSTIVEL_Julho_2026.xlsx
SAO PAULO,NOVA ALIANCA,DIESEL/ELETRICO,1,copy_of_D_Frota_por_UF_Municipio_COMBUSTIVEL_Julho_2026.xlsx
SAO PAULO,NOVA ALIANCA,ELETRICO/FONTE EXTERNA,2,copy_of_D_Frota_por_UF_Municipio_COMBUSTIVEL_Julho_2026.xlsx
SAO PAULO,NOVA ALIANCA,ELETRICO/FONTE INTERNA,1,copy_of_D_Frota_por_UF_Municipio_COMBUSTIVEL_Julho_2026.xlsx
SAO PAULO,NOVA ALIANCA,GASOLINA,1879,copy_of_D_Frota_por_UF_Municipio_COMBUSTIVEL_Julho_2026.xlsx
SAO PAULO,NOVA ALIANCA,GASOLINA/ALCOOL/ELETRICO,4,copy_of_D_Frota_por_UF_Municipio_COMBUSTIVEL_Julho_2026.xlsx
SAO PAULO,NOVA ALIANCA,GASOLINA/ALCOOL/GAS NATURAL,1,copy_of_D_Frota_por_UF_Municipio_COMBUSTIVEL_Julho_2026.xlsx
SAO PAULO,NOVA ALIANCA,GASOLINA/ELETRICO,4,copy_of_D_Frota_por_UF_Municipio_COMBUSTIVEL_Julho_2026.xlsx
SAO PAULO,NOVA ALIANCA,HIBRIDO PLUG-IN,3,copy_of_D_Frota_por_UF_Municipio_COMBUSTIVEL_Julho_2026.xlsx
SAO PAULO,NOVA ALIANCA,Sem Informação,268,copy_of_D_Frota_por_UF_Municipio_COMBUSTIVEL_Julho_2026.xlsx
SAO PAULO,NOVA CAMPINA,ALCOOL,201,copy_of_D_Frota_por_UF_Municipio_COMBUSTIVEL_Julho_2026.xlsx
SAO PAULO,NOVA CAMPINA,ALCOOL/GASOLINA,1771,copy_of_D_Frota_por_UF_Municipio_COMBUSTIVEL_Julho_2026.xlsx
SAO PAULO,NOVA CAMPINA,DIESEL,390,copy_of_D_Frota_por_UF_Municipio_COMBUSTIVEL_Julho_2026.xlsx
SAO PAULO,NOVA CAMPINA,GASOLINA,1730,copy_of_D_Frota_por_UF_Municipio_COMBUSTIVEL_Julho_2026.xlsx
SAO PAULO,NOVA CAMPINA,GASOLINA/ALCOOL/ELETRICO,2,copy_of_D_Frota_por_UF_Municipio_COMBUSTIVEL_Julho_2026.xlsx
SAO PAULO,NOVA CAMPINA,GASOLINA/ALCOOL/GAS NATURAL,3,copy_of_D_Frota_por_UF_Municipio_COMBUSTIVEL_Julho_2026.xlsx
SAO PAULO,NOVA CAMPINA,GASOLINA/ELETRICO,2,copy_of_D_Frota_por_UF_Municipio_COMBUSTIVEL_Julho_2026.xlsx
SAO PAULO,NOVA CAMPINA,GASOLINA/GAS NATURAL VEICULAR,1,copy_of_D_Frota_por_UF_Municipio_COMBUSTIVEL_Julho_2026.xlsx
SAO PAULO,NOVA CAMPINA,Sem Informação,138,copy_of_D_Frota_por_UF_Municipio_COMBUSTIVEL_Julho_2026.xlsx
SAO PAULO,NOVA CANAA PAULISTA,ALCOOL,186,copy_of_D_Frota_por_UF_Municipio_COMBUSTIVEL_Julho_2026.xlsx
SAO PAULO,NOVA CANAA PAULISTA,ALCOOL/GASOLINA,484,copy_of_D_Frota_por_UF_Municipio_COMBUSTIVEL_Julho_2026.xlsx
SAO PAULO,NOVA CANAA PAULISTA,DIESEL,116,copy_of_D_Frota_por_UF_Municipio_COMBUSTIVEL_Julho_2026.xlsx
SAO PAULO,NOVA CANAA PAULISTA,GASOLINA,563,copy_of_D_Frota_por_UF_Municipio_COMBUSTIVEL_Julho_2026.xlsx
SAO PAULO,NOVA CANAA PAULISTA,GASOLINA/GAS NATURAL VEICULAR,1,copy_of_D_Frota_por_UF_Municipio_COMBUSTIVEL_Julho_2026.xlsx
SAO PAULO,NOVA CANAA PAULISTA,Sem Informação,119,copy_of_D_Frota_por_UF_Municipio_COMBUSTIVEL_Julho_2026.xlsx
SAO PAULO,NOVA CASTILHO,ALCOOL,93,copy_of_D_Frota_por_UF_Municipio_COMBUSTIVEL_Julho_2026.xlsx
SAO PAULO,NOVA CASTILHO,ALCOOL/GASOLINA,367,copy_of_D_Frota_por_UF_Municipio_COMBUSTIVEL_Julho_2026.xlsx
SAO PAULO,NOVA CASTILHO,DIESEL,91,copy_of_D_Frota_por_UF_Municipio_COMBUSTIVEL_Julho_2026.xlsx
SAO PAULO,NOVA CASTILHO,GASOLINA,296,copy_of_D_Frota_por_UF_Municipio_COMBUSTIVEL_Julho_2026.xlsx
SAO PAULO,NOVA CASTILHO,GASOLINA/ALCOOL/ELETRICO,1,copy_of_D_Frota_por_UF_Municipio_COMBUSTIVEL_Julho_2026.xlsx
SAO PAULO,NOVA CASTILHO,Sem Informação,51,copy_of_D_Frota_por_UF_Municipio_COMBUSTIVEL_Julho_2026.xlsx
SAO PAULO,NOVA EUROPA,ALCOOL,589,copy_of_D_Frota_por_UF_Municipio_COMBUSTIVEL_Julho_2026.xlsx
SAO PAULO,NOVA EUROPA,ALCOOL/GASOLINA,2637,copy_of_D_Frota_por_UF_Municipio_COMBUSTIVEL_Julho_2026.xlsx
SAO PAULO,NOVA EUROPA,DIESEL,785,copy_of_D_Frota_por_UF_Municipio_COMBUSTIVEL_Julho_2026.xlsx
SAO PAULO,NOVA EUROPA,ELETRICO/FONTE EXTERNA,1,copy_of_D_Frota_por_UF_Municipio_COMBUSTIVEL_Julho_2026.xlsx
SAO PAULO,NOVA EUROPA,GASOL/GAS NATURAL COMBUSTIVEL,1,copy_of_D_Frota_por_UF_Municipio_COMBUSTIVEL_Julho_2026.xlsx
SAO PAULO,NOVA EUROPA,GASOLINA,2395,copy_of_D_Frota_por_UF_Municipio_COMBUSTIVEL_Julho_2026.xlsx
SAO PAULO,NOVA EUROPA,GASOLINA/ALCOOL/ELETRICO,6,copy_of_D_Frota_por_UF_Municipio_COMBUSTIVEL_Julho_2026.xlsx
SAO PAULO,NOVA EUROPA,GASOLINA/ALCOOL/GAS NATURAL,3,copy_of_D_Frota_por_UF_Municipio_COMBUSTIVEL_Julho_2026.xlsx
SAO PAULO,NOVA EUROPA,GASOLINA/ELETRICO,4,copy_of_D_Frota_por_UF_Municipio_COMBUSTIVEL_Julho_2026.xlsx
SAO PAULO,NOVA EUROPA,GASOLINA/GAS NATURAL VEICULAR,6,copy_of_D_Frota_por_UF_Municipio_COMBUSTIVEL_Julho_2026.xlsx
SAO PAULO,NOVA EUROPA,HIBRIDO PLUG-IN,1,copy_of_D_Frota_por_UF_Municipio_COMBUSTIVEL_Julho_2026.xlsx
SAO PAULO,NOVA EUROPA,Sem Informação,569,copy_of_D_Frota_por_UF_Municipio_COMBUSTIVEL_Julho_2026.xlsx
SAO PAULO,NOVA GRANADA,ALCOOL,1250,copy_of_D_Frota_por_UF_Municipio_COMBUSTIVEL_Julho_2026.xlsx
SAO PAULO,NOVA GRANADA,ALCOOL/GASOLINA,6050,copy_of_D_Frota_por_UF_Municipio_COMBUSTIVEL_Julho_2026.xlsx
SAO PAULO,NOVA GRANADA,DIESEL,1571,copy_of_D_Frota_por_UF_Municipio_COMBUSTIVEL_Julho_2026.xlsx
SAO PAULO,NOVA GRANADA,ELETRICO,1,copy_of_D_Frota_por_UF_Municipio_COMBUSTIVEL_Julho_2026.xlsx
SAO PAULO,NOVA GRANADA,ELETRICO/FONTE EXTERNA,11,copy_of_D_Frota_por_UF_Municipio_COMBUSTIVEL_Julho_2026.xlsx
SAO PAULO,NOVA GRANADA,ELETRICO/FONTE INTERNA,1,copy_of_D_Frota_por_UF_Municipio_COMBUSTIVEL_Julho_2026.xlsx
SAO PAULO,NOVA GRANADA,GASOLINA,6750,copy_of_D_Frota_por_UF_Municipio_COMBUSTIVEL_Julho_2026.xlsx
SAO PAULO,NOVA GRANADA,GASOLINA/ALCOOL/ELETRICO,6,copy_of_D_Frota_por_UF_Municipio_COMBUSTIVEL_Julho_2026.xlsx
SAO PAULO,NOVA GRANADA,GASOLINA/ELETRICO,6,copy_of_D_Frota_por_UF_Municipio_COMBUSTIVEL_Julho_2026.xlsx
SAO PAULO,NOVA GRANADA,GASOLINA/GAS NATURAL VEICULAR,2,copy_of_D_Frota_por_UF_Municipio_COMBUSTIVEL_Julho_2026.xlsx
SAO PAULO,NOVA GRANADA,HIBRIDO PLUG-IN,2,copy_of_D_Frota_por_UF_Municipio_COMBUSTIVEL_Julho_2026.xlsx
SAO PAULO,NOVA GRANADA,Sem Informação,1218,copy_of_D_Frota_por_UF_Municipio_COMBUSTIVEL_Julho_2026.xlsx
SAO PAULO,NOVA GUATAPORANGA,ALCOOL,169,copy_of_D_Frota_por_UF_Municipio_COMBUSTIVEL_Julho_2026.xlsx
SAO PAULO,NOVA GUATAPORANGA,ALCOOL/GASOLINA,549,copy_of_D_Frota_por_UF_Municipio_COMBUSTIVEL_Julho_2026.xlsx
SAO PAULO,NOVA GUATAPORANGA,DIESEL,128,copy_of_D_Frota_por_UF_Municipio_COMBUSTIVEL_Julho_2026.xlsx
SAO PAULO,NOVA GUATAPORANGA,GASOLINA,628,copy_of_D_Frota_por_UF_Municipio_COMBUSTIVEL_Julho_2026.xlsx
SAO PAULO,NOVA GUATAPORANGA,GASOLINA/ALCOOL/ELETRICO,1,copy_of_D_Frota_por_UF_Municipio_COMBUSTIVEL_Julho_2026.xlsx
SAO PAULO,NOVA GUATAPORANGA,Sem Informação,96,copy_of_D_Frota_por_UF_Municipio_COMBUSTIVEL_Julho_2026.xlsx
SAO PAULO,NOVA INDEPENDENCIA,ALCOOL,241,copy_of_D_Frota_por_UF_Municipio_COMBUSTIVEL_Julho_2026.xlsx
SAO PAULO,NOVA INDEPENDENCIA,ALCOOL/GASOLINA,1216,copy_of_D_Frota_por_UF_Municipio_COMBUSTIVEL_Julho_2026.xlsx
SAO PAULO,NOVA INDEPENDENCIA,DIESEL,293,copy_of_D_Frota_por_UF_Municipio_COMBUSTIVEL_Julho_2026.xlsx
SAO PAULO,NOVA INDEPENDENCIA,DIESEL/ELETRICO,1,copy_of_D_Frota_por_UF_Municipio_COMBUSTIVEL_Julho_2026.xlsx
SAO PAULO,NOVA INDEPENDENCIA,GASOLINA,889,copy_of_D_Frota_por_UF_Municipio_COMBUSTIVEL_Julho_2026.xlsx
SAO PAULO,NOVA INDEPENDENCIA,GASOLINA/ALCOOL/ELETRICO,3,copy_of_D_Frota_por_UF_Municipio_COMBUSTIVEL_Julho_2026.xlsx
SAO PAULO,NOVA INDEPENDENCIA,GASOLINA/ALCOOL/GAS NATURAL,1,copy_of_D_Frota_por_UF_Municipio_COMBUSTIVEL_Julho_2026.xlsx
SAO PAULO,NOVA INDEPENDENCIA,GASOLINA/GAS NATURAL VEICULAR,2,copy_of_D_Frota_por_UF_Municipio_COMBUSTIVEL_Julho_2026.xlsx
SAO PAULO,NOVA INDEPENDENCIA,Sem Informação,551,copy_of_D_Frota_por_UF_Municipio_COMBUSTIVEL_Julho_2026.xlsx
SAO PAULO,NOVA LUZITANIA,ALCOOL,253,copy_of_D_Frota_por_UF_Municipio_COMBUSTIVEL_Julho_2026.xlsx
SAO PAULO,NOVA LUZITANIA,ALCOOL/GASOLINA,825,copy_of_D_Frota_por_UF_Municipio_COMBUSTIVEL_Julho_2026.xlsx
SAO PAULO,NOVA LUZITANIA,DIESEL,152,copy_of_D_Frota_por_UF_Municipio_COMBUSTIVEL_Julho_2026.xlsx
SAO PAULO,NOVA LUZITANIA,ELETRICO/FONTE EXTERNA,2,copy_of_D_Frota_por_UF_Municipio_COMBUSTIVEL_Julho_2026.xlsx
SAO PAULO,NOVA LUZITANIA,GASOLINA,825,copy_of_D_Frota_por_UF_Municipio_COMBUSTIVEL_Julho_2026.xlsx
SAO PAULO,NOVA LUZITANIA,GASOLINA/ALCOOL/ELETRICO,2,copy_of_D_Frota_por_UF_Municipio_COMBUSTIVEL_Julho_2026.xlsx
SAO PAULO,NOVA LUZITANIA,GASOLINA/GAS NATURAL VEICULAR,2,copy_of_D_Frota_por_UF_Municipio_COMBUSTIVEL_Julho_2026.xlsx
SAO PAULO,NOVA LUZITANIA,HIBRIDO,1,copy_of_D_Frota_por_UF_Municipio_COMBUSTIVEL_Julho_2026.xlsx
SAO PAULO,NOVA LUZITANIA,Sem Informação,117,copy_of_D_Frota_por_UF_Municipio_COMBUSTIVEL_Julho_2026.xlsx
SAO PAULO,NOVA ODESSA,ALCOOL,2735,copy_of_D_Frota_por_UF_Municipio_COMBUSTIVEL_Julho_2026.xlsx
SAO PAULO,NOVA ODESSA,ALCOOL/GAS NATURAL VEICULAR,10,copy_of_D_Frota_por_UF_Municipio_COMBUSTIVEL_Julho_2026.xlsx
SAO PAULO,NOVA ODESSA,ALCOOL/GASOLINA,24823,copy_of_D_Frota_por_UF_Municipio_COMBUSTIVEL_Julho_2026.xlsx
SAO PAULO,NOVA ODESSA,DIESEL,3266,copy_of_D_Frota_por_UF_Municipio_COMBUSTIVEL_Julho_2026.xlsx
SAO PAULO,NOVA ODESSA,DIESEL/ELETRICO,6,copy_of_D_Frota_por_UF_Municipio_COMBUSTIVEL_Julho_2026.xlsx
SAO PAULO,NOVA ODESSA,ELETRICO,18,copy_of_D_Frota_por_UF_Municipio_COMBUSTIVEL_Julho_2026.xlsx
SAO PAULO,NOVA ODESSA,ELETRICO/FONTE EXTERNA,98,copy_of_D_Frota_por_UF_Municipio_COMBUSTIVEL_Julho_2026.xlsx
SAO PAULO,NOVA ODESSA,ELETRICO/FONTE INTERNA,16,copy_of_D_Frota_por_UF_Municipio_COMBUSTIVEL_Julho_2026.xlsx
SAO PAULO,NOVA ODESSA,GAS NATURAL VEICULAR,2,copy_of_D_Frota_por_UF_Municipio_COMBUSTIVEL_Julho_2026.xlsx
SAO PAULO,NOVA ODESSA,GASOL/GAS NATURAL COMBUSTIVEL,8,copy_of_D_Frota_por_UF_Municipio_COMBUSTIVEL_Julho_2026.xlsx
SAO PAULO,NOVA ODESSA,GASOLINA,21915,copy_of_D_Frota_por_UF_Municipio_COMBUSTIVEL_Julho_2026.xlsx
SAO PAULO,NOVA ODESSA,GASOLINA/ALCOOL/ELETRICO,78,copy_of_D_Frota_por_UF_Municipio_COMBUSTIVEL_Julho_2026.xlsx
SAO PAULO,NOVA ODESSA,GASOLINA/ALCOOL/GAS NATURAL,43,copy_of_D_Frota_por_UF_Municipio_COMBUSTIVEL_Julho_2026.xlsx
SAO PAULO,NOVA ODESSA,GASOLINA/ELETRICO,146,copy_of_D_Frota_por_UF_Municipio_COMBUSTIVEL_Julho_2026.xlsx
SAO PAULO,NOVA ODESSA,GASOLINA/GAS NATURAL VEICULAR,139,copy_of_D_Frota_por_UF_Municipio_COMBUSTIVEL_Julho_2026.xlsx
SAO PAULO,NOVA ODESSA,HIBRIDO,12,copy_of_D_Frota_por_UF_Municipio_COMBUSTIVEL_Julho_2026.xlsx
SAO PAULO,NOVA ODESSA,HIBRIDO PLUG-IN,31,copy_of_D_Frota_por_UF_Municipio_COMBUSTIVEL_Julho_2026.xlsx
SAO PAULO,NOVA ODESSA,Sem Informação,1282,copy_of_D_Frota_por_UF_Municipio_COMBUSTIVEL_Julho_2026.xlsx
SAO PAULO,NOVAIS,ALCOOL,306,copy_of_D_Frota_por_UF_Municipio_COMBUSTIVEL_Julho_2026.xlsx
SAO PAULO,NOVAIS,ALCOOL/GASOLINA,1209,copy_of_D_Frota_por_UF_Municipio_COMBUSTIVEL_Julho_2026.xlsx
SAO PAULO,NOVAIS,DIESEL,426,copy_of_D_Frota_por_UF_Municipio_COMBUSTIVEL_Julho_2026.xlsx
SAO PAULO,NOVAIS,ELETRICO/FONTE INTERNA,1,copy_of_D_Frota_por_UF_Municipio_COMBUSTIVEL_Julho_2026.xlsx
SAO PAULO,NOVAIS,GASOLINA,1039,copy_of_D_Frota_por_UF_Municipio_COMBUSTIVEL_Julho_2026.xlsx
SAO PAULO,NOVAIS,GASOLINA/ELETRICO,1,copy_of_D_Frota_por_UF_Municipio_COMBUSTIVEL_Julho_2026.xlsx
SAO PAULO,NOVAIS,HIBRIDO,1,copy_of_D_Frota_por_UF_Municipio_COMBUSTIVEL_Julho_2026.xlsx
SAO PAULO,NOVAIS,Sem Informação,282,copy_of_D_Frota_por_UF_Municipio_COMBUSTIVEL_Julho_2026.xlsx
SAO PAULO,NOVO HORIZONTE,ALCOOL,3054,copy_of_D_Frota_por_UF_Municipio_COMBUSTIVEL_Julho_2026.xlsx
SAO PAULO,NOVO HORIZONTE,ALCOOL/GASOLINA,13157,copy_of_D_Frota_por_UF_Municipio_COMBUSTIVEL_Julho_2026.xlsx
SAO PAULO,NOVO HORIZONTE,DIESEL,3576,copy_of_D_Frota_por_UF_Municipio_COMBUSTIVEL_Julho_2026.xlsx
SAO PAULO,NOVO HORIZONTE,DIESEL/ELETRICO,8,copy_of_D_Frota_por_UF_Municipio_COMBUSTIVEL_Julho_2026.xlsx
SAO PAULO,NOVO HORIZONTE,ELETRICO,1,copy_of_D_Frota_por_UF_Municipio_COMBUSTIVEL_Julho_2026.xlsx
SAO PAULO,NOVO HORIZONTE,ELETRICO/FONTE EXTERNA,11,copy_of_D_Frota_por_UF_Municipio_COMBUSTIVEL_Julho_2026.xlsx
SAO PAULO,NOVO HORIZONTE,ELETRICO/FONTE INTERNA,1,copy_of_D_Frota_por_UF_Municipio_COMBUSTIVEL_Julho_2026.xlsx
SAO PAULO,NOVO HORIZONTE,GASOLINA,13335,copy_of_D_Frota_por_UF_Municipio_COMBUSTIVEL_Julho_2026.xlsx
SAO PAULO,NOVO HORIZONTE,GASOLINA/ALCOOL/ELETRICO,18,copy_of_D_Frota_por_UF_Municipio_COMBUSTIVEL_Julho_2026.xlsx
SAO PAULO,NOVO HORIZONTE,GASOLINA/ALCOOL/GAS NATURAL,3,copy_of_D_Frota_por_UF_Municipio_COMBUSTIVEL_Julho_2026.xlsx
SAO PAULO,NOVO HORIZONTE,GASOLINA/ELETRICO,34,copy_of_D_Frota_por_UF_Municipio_COMBUSTIVEL_Julho_2026.xlsx
SAO PAULO,NOVO HORIZONTE,GASOLINA/GAS NATURAL VEICULAR,5,copy_of_D_Frota_por_UF_Municipio_COMBUSTIVEL_Julho_2026.xlsx
SAO PAULO,NOVO HORIZONTE,HIBRIDO,14,copy_of_D_Frota_por_UF_Municipio_COMBUSTIVEL_Julho_2026.xlsx
SAO PAULO,NOVO HORIZONTE,HIBRIDO PLUG-IN,11,copy_of_D_Frota_por_UF_Municipio_COMBUSTIVEL_Julho_2026.xlsx
SAO PAULO,NOVO HORIZONTE,Sem Informação,2445,copy_of_D_Frota_por_UF_Municipio_COMBUSTIVEL_Julho_2026.xlsx
SAO PAULO,NUPORANGA,ALCOOL,455,copy_of_D_Frota_por_UF_Municipio_COMBUSTIVEL_Julho_2026.xlsx
SAO PAULO,NUPORANGA,ALCOOL/GASOLINA,2249,copy_of_D_Frota_por_UF_Municipio_COMBUSTIVEL_Julho_2026.xlsx
SAO PAULO,NUPORANGA,DIESEL,957,copy_of_D_Frota_por_UF_Municipio_COMBUSTIVEL_Julho_2026.xlsx
SAO PAULO,NUPORANGA,ELETRICO/FONTE EXTERNA,3,copy_of_D_Frota_por_UF_Municipio_COMBUSTIVEL_Julho_2026.xlsx
SAO PAULO,NUPORANGA,GASOLINA,1839,copy_of_D_Frota_por_UF_Municipio_COMBUSTIVEL_Julho_2026.xlsx
SAO PAULO,NUPORANGA,GASOLINA/ALCOOL/ELETRICO,4,copy_of_D_Frota_por_UF_Municipio_COMBUSTIVEL_Julho_2026.xlsx
SAO PAULO,NUPORANGA,GASOLINA/ALCOOL/GAS NATURAL,1,copy_of_D_Frota_por_UF_Municipio_COMBUSTIVEL_Julho_2026.xlsx
SAO PAULO,NUPORANGA,GASOLINA/ELETRICO,1,copy_of_D_Frota_por_UF_Municipio_COMBUSTIVEL_Julho_2026.xlsx
SAO PAULO,NUPORANGA,HIBRIDO PLUG-IN,1,copy_of_D_Frota_por_UF_Municipio_COMBUSTIVEL_Julho_2026.xlsx
SAO PAULO,NUPORANGA,Sem Informação,261,copy_of_D_Frota_por_UF_Municipio_COMBUSTIVEL_Julho_2026.xlsx
SAO PAULO,OCAUCU,ALCOOL,248,copy_of_D_Frota_por_UF_Municipio_COMBUSTIVEL_Julho_2026.xlsx
SAO PAULO,OCAUCU,ALCOOL/GASOLINA,1133,copy_of_D_Frota_por_UF_Municipio_COMBUSTIVEL_Julho_2026.xlsx
SAO PAULO,OCAUCU,DIESEL,369,copy_of_D_Frota_por_UF_Municipio_COMBUSTIVEL_Julho_2026.xlsx
SAO PAULO,OCAUCU,ELETRICO/FONTE EXTERNA,1,copy_of_D_Frota_por_UF_Municipio_COMBUSTIVEL_Julho_2026.xlsx
SAO PAULO,OCAUCU,GASOLINA,1173,copy_of_D_Frota_por_UF_Municipio_COMBUSTIVEL_Julho_2026.xlsx
SAO PAULO,OCAUCU,GASOLINA/ALCOOL/ELETRICO,5,copy_of_D_Frota_por_UF_Municipio_COMBUSTIVEL_Julho_2026.xlsx
SAO PAULO,OCAUCU,GASOLINA/ELETRICO,1,copy_of_D_Frota_por_UF_Municipio_COMBUSTIVEL_Julho_2026.xlsx
SAO PAULO,OCAUCU,Sem Informação,126,copy_of_D_Frota_por_UF_Municipio_COMBUSTIVEL_Julho_2026.xlsx
SAO PAULO,OLEO,ALCOOL,158,copy_of_D_Frota_por_UF_Municipio_COMBUSTIVEL_Julho_2026.xlsx
SAO PAULO,OLEO,ALCOOL/GASOLINA,625,copy_of_D_Frota_por_UF_Municipio_COMBUSTIVEL_Julho_2026.xlsx
SAO PAULO,OLEO,DIESEL,149,copy_of_D_Frota_por_UF_Municipio_COMBUSTIVEL_Julho_2026.xlsx
SAO PAULO,OLEO,GASOLINA,704,copy_of_D_Frota_por_UF_Municipio_COMBUSTIVEL_Julho_2026.xlsx
SAO PAULO,OLEO,GASOLINA/ALCOOL/ELETRICO,2,copy_of_D_Frota_por_UF_Municipio_COMBUSTIVEL_Julho_2026.xlsx
SAO PAULO,OLEO,Sem Informação,67,copy_of_D_Frota_por_UF_Municipio_COMBUSTIVEL_Julho_2026.xlsx
SAO PAULO,OLIMPIA,ALCOOL,3219,copy_of_D_Frota_por_UF_Municipio_COMBUSTIVEL_Julho_2026.xlsx
SAO PAULO,OLIMPIA,ALCOOL/GASOLINA,21001,copy_of_D_Frota_por_UF_Municipio_COMBUSTIVEL_Julho_2026.xlsx
SAO PAULO,OLIMPIA,DIESEL,3299,copy_of_D_Frota_por_UF_Municipio_COMBUSTIVEL_Julho_2026.xlsx
SAO PAULO,OLIMPIA,DIESEL/ELETRICO,7,copy_of_D_Frota_por_UF_Municipio_COMBUSTIVEL_Julho_2026.xlsx
SAO PAULO,OLIMPIA,ELETRICO,7,copy_of_D_Frota_por_UF_Municipio_COMBUSTIVEL_Julho_2026.xlsx
SAO PAULO,OLIMPIA,ELETRICO/FONTE EXTERNA,56,copy_of_D_Frota_por_UF_Municipio_COMBUSTIVEL_Julho_2026.xlsx
SAO PAULO,OLIMPIA,ELETRICO/FONTE INTERNA,10,copy_of_D_Frota_por_UF_Municipio_COMBUSTIVEL_Julho_2026.xlsx
SAO PAULO,OLIMPIA,GASOLINA,20131,copy_of_D_Frota_por_UF_Municipio_COMBUSTIVEL_Julho_2026.xlsx
SAO PAULO,OLIMPIA,GASOLINA/ALCOOL/ELETRICO,61,copy_of_D_Frota_por_UF_Municipio_COMBUSTIVEL_Julho_2026.xlsx
SAO PAULO,OLIMPIA,GASOLINA/ALCOOL/GAS NATURAL,13,copy_of_D_Frota_por_UF_Municipio_COMBUSTIVEL_Julho_2026.xlsx
SAO PAULO,OLIMPIA,GASOLINA/ELETRICO,87,copy_of_D_Frota_por_UF_Municipio_COMBUSTIVEL_Julho_2026.xlsx
SAO PAULO,OLIMPIA,GASOLINA/GAS NATURAL VEICULAR,4,copy_of_D_Frota_por_UF_Municipio_COMBUSTIVEL_Julho_2026.xlsx
SAO PAULO,OLIMPIA,HIBRIDO,20,copy_of_D_Frota_por_UF_Municipio_COMBUSTIVEL_Julho_2026.xlsx
SAO PAULO,OLIMPIA,HIBRIDO PLUG-IN,18,copy_of_D_Frota_por_UF_Municipio_COMBUSTIVEL_Julho_2026.xlsx
SAO PAULO,OLIMPIA,Sem Informação,2234,copy_of_D_Frota_por_UF_Municipio_COMBUSTIVEL_Julho_2026.xlsx
SAO PAULO,ONDA VERDE,ALCOOL,213,copy_of_D_Frota_por_UF_Municipio_COMBUSTIVEL_Julho_2026.xlsx
SAO PAULO,ONDA VERDE,ALCOOL/GASOLINA,1242,copy_of_D_Frota_por_UF_Municipio_COMBUSTIVEL_Julho_2026.xlsx
SAO PAULO,ONDA VERDE,DIESEL,414,copy_of_D_Frota_por_UF_Municipio_COMBUSTIVEL_Julho_2026.xlsx
SAO PAULO,ONDA VERDE,ELETRICO/FONTE EXTERNA,2,copy_of_D_Frota_por_UF_Municipio_COMBUSTIVEL_Julho_2026.xlsx
SAO PAULO,ONDA VERDE,ELETRICO/FONTE INTERNA,1,copy_of_D_Frota_por_UF_Municipio_COMBUSTIVEL_Julho_2026.xlsx
SAO PAULO,ONDA VERDE,GASOLINA,958,copy_of_D_Frota_por_UF_Municipio_COMBUSTIVEL_Julho_2026.xlsx
SAO PAULO,ONDA VERDE,GASOLINA/ALCOOL/ELETRICO,1,copy_of_D_Frota_por_UF_Municipio_COMBUSTIVEL_Julho_2026.xlsx
SAO PAULO,ONDA VERDE,GASOLINA/ELETRICO,3,copy_of_D_Frota_por_UF_Municipio_COMBUSTIVEL_Julho_2026.xlsx
SAO PAULO,ONDA VERDE,Sem Informação,371,copy_of_D_Frota_por_UF_Municipio_COMBUSTIVEL_Julho_2026.xlsx
SAO PAULO,ORIENTE,ALCOOL,265,copy_of_D_Frota_por_UF_Municipio_COMBUSTIVEL_Julho_2026.xlsx
SAO PAULO,ORIENTE,ALCOOL/GASOLINA,1713,copy_of_D_Frota_por_UF_Municipio_COMBUSTIVEL_Julho_2026.xlsx
SAO PAULO,ORIENTE,DIESEL,364,copy_of_D_Frota_por_UF_Municipio_COMBUSTIVEL_Julho_2026.xlsx
SAO PAULO,ORIENTE,ELETRICO,1,copy_of_D_Frota_por_UF_Municipio_COMBUSTIVEL_Julho_2026.xlsx
SAO PAULO,ORIENTE,ELETRICO/FONTE EXTERNA,8,copy_of_D_Frota_por_UF_Municipio_COMBUSTIVEL_Julho_2026.xlsx
SAO PAULO,ORIENTE,GASOLINA,1426,copy_of_D_Frota_por_UF_Municipio_COMBUSTIVEL_Julho_2026.xlsx
SAO PAULO,ORIENTE,GASOLINA/ALCOOL/ELETRICO,2,copy_of_D_Frota_por_UF_Municipio_COMBUSTIVEL_Julho_2026.xlsx
SAO PAULO,ORIENTE,GASOLINA/ELETRICO,10,copy_of_D_Frota_por_UF_Municipio_COMBUSTIVEL_Julho_2026.xlsx
SAO PAULO,ORIENTE,GASOLINA/GAS NATURAL VEICULAR,1,copy_of_D_Frota_por_UF_Municipio_COMBUSTIVEL_Julho_2026.xlsx
SAO PAULO,ORIENTE,HIBRIDO PLUG-IN,1,copy_of_D_Frota_por_UF_Municipio_COMBUSTIVEL_Julho_2026.xlsx
SAO PAULO,ORIENTE,Sem Informação,323,copy_of_D_Frota_por_UF_Municipio_COMBUSTIVEL_Julho_2026.xlsx
SAO PAULO,ORINDIUVA,ALCOOL,432,copy_of_D_Frota_por_UF_Municipio_COMBUSTIVEL_Julho_2026.xlsx
SAO PAULO,ORINDIUVA,ALCOOL/GASOLINA,2407,copy_of_D_Frota_por_UF_Municipio_COMBUSTIVEL_Julho_2026.xlsx
SAO PAULO,ORINDIUVA,DIESEL,760,copy_of_D_Frota_por_UF_Municipio_COMBUSTIVEL_Julho_2026.xlsx
SAO PAULO,ORINDIUVA,DIESEL/ELETRICO,1,copy_of_D_Frota_por_UF_Municipio_COMBUSTIVEL_Julho_2026.xlsx
SAO PAULO,ORINDIUVA,GASOL/GAS NATURAL COMBUSTIVEL,1,copy_of_D_Frota_por_UF_Municipio_COMBUSTIVEL_Julho_2026.xlsx
SAO PAULO,ORINDIUVA,GASOLINA,1331,copy_of_D_Frota_por_UF_Municipio_COMBUSTIVEL_Julho_2026.xlsx
SAO PAULO,ORINDIUVA,GASOLINA/ALCOOL/ELETRICO,3,copy_of_D_Frota_por_UF_Municipio_COMBUSTIVEL_Julho_2026.xlsx
SAO PAULO,ORINDIUVA,GASOLINA/ELETRICO,5,copy_of_D_Frota_por_UF_Municipio_COMBUSTIVEL_Julho_2026.xlsx
SAO PAULO,ORINDIUVA,HIBRIDO PLUG-IN,3,copy_of_D_Frota_por_UF_Municipio_COMBUSTIVEL_Julho_2026.xlsx
SAO PAULO,ORINDIUVA,Sem Informação,766,copy_of_D_Frota_por_UF_Municipio_COMBUSTIVEL_Julho_2026.xlsx
SAO PAULO,ORLANDIA,ALCOOL,2080,copy_of_D_Frota_por_UF_Municipio_COMBUSTIVEL_Julho_2026.xlsx
SAO PAULO,ORLANDIA,ALCOOL/GAS NATURAL VEICULAR,1,copy_of_D_Frota_por_UF_Municipio_COMBUSTIVEL_Julho_2026.xlsx
SAO PAULO,ORLANDIA,ALCOOL/GASOLINA,16053,copy_of_D_Frota_por_UF_Municipio_COMBUSTIVEL_Julho_2026.xlsx
SAO PAULO,ORLANDIA,DIESEL,3464,copy_of_D_Frota_por_UF_Municipio_COMBUSTIVEL_Julho_2026.xlsx
SAO PAULO,ORLANDIA,DIESEL/ELETRICO,8,copy_of_D_Frota_por_UF_Municipio_COMBUSTIVEL_Julho_2026.xlsx
SAO PAULO,ORLANDIA,ELETRICO,7,copy_of_D_Frota_por_UF_Municipio_COMBUSTIVEL_Julho_2026.xlsx
SAO PAULO,ORLANDIA,ELETRICO/FONTE EXTERNA,30,copy_of_D_Frota_por_UF_Municipio_COMBUSTIVEL_Julho_2026.xlsx
SAO PAULO,ORLANDIA,ELETRICO/FONTE INTERNA,14,copy_of_D_Frota_por_UF_Municipio_COMBUSTIVEL_Julho_2026.xlsx
SAO PAULO,ORLANDIA,GASOLINA,15717,copy_of_D_Frota_por_UF_Municipio_COMBUSTIVEL_Julho_2026.xlsx
SAO PAULO,ORLANDIA,GASOLINA/ALCOOL/ELETRICO,37,copy_of_D_Frota_por_UF_Municipio_COMBUSTIVEL_Julho_2026.xlsx
SAO PAULO,ORLANDIA,GASOLINA/ALCOOL/GAS NATURAL,4,copy_of_D_Frota_por_UF_Municipio_COMBUSTIVEL_Julho_2026.xlsx
SAO PAULO,ORLANDIA,GASOLINA/ELETRICO,74,copy_of_D_Frota_por_UF_Municipio_COMBUSTIVEL_Julho_2026.xlsx
SAO PAULO,ORLANDIA,GASOLINA/GAS NATURAL VEICULAR,9,copy_of_D_Frota_por_UF_Municipio_COMBUSTIVEL_Julho_2026.xlsx
SAO PAULO,ORLANDIA,HIBRIDO,7,copy_of_D_Frota_por_UF_Municipio_COMBUSTIVEL_Julho_2026.xlsx
SAO PAULO,ORLANDIA,HIBRIDO PLUG-IN,10,copy_of_D_Frota_por_UF_Municipio_COMBUSTIVEL_Julho_2026.xlsx
SAO PAULO,ORLANDIA,Sem Informação,1707,copy_of_D_Frota_por_UF_Municipio_COMBUSTIVEL_Julho_2026.xlsx
SAO PAULO,OSASCO,ALCOOL,23582,copy_of_D_Frota_por_UF_Municipio_COMBUSTIVEL_Julho_2026.xlsx
SAO PAULO,OSASCO,ALCOOL/GAS NATURAL COMBUSTIVEL,11,copy_of_D_Frota_por_UF_Municipio_COMBUSTIVEL_Julho_2026.xlsx
SAO PAULO,OSASCO,ALCOOL/GAS NATURAL VEICULAR,222,copy_of_D_Frota_por_UF_Municipio_COMBUSTIVEL_Julho_2026.xlsx
SAO PAULO,OSASCO,ALCOOL/GASOLINA,229104,copy_of_D_Frota_por_UF_Municipio_COMBUSTIVEL_Julho_2026.xlsx
SAO PAULO,OSASCO,DIESEL,29886,copy_of_D_Frota_por_UF_Municipio_COMBUSTIVEL_Julho_2026.xlsx
SAO PAULO,OSASCO,DIESEL/ELETRICO,23,copy_of_D_Frota_por_UF_Municipio_COMBUSTIVEL_Julho_2026.xlsx
SAO PAULO,OSASCO,DIESEL/GAS NATURAL VEICULAR,1,copy_of_D_Frota_por_UF_Municipio_COMBUSTIVEL_Julho_2026.xlsx
SAO PAULO,OSASCO,ELETRICO,60,copy_of_D_Frota_por_UF_Municipio_COMBUSTIVEL_Julho_2026.xlsx
SAO PAULO,OSASCO,ELETRICO/FONTE EXTERNA,676,copy_of_D_Frota_por_UF_Municipio_COMBUSTIVEL_Julho_2026.xlsx
SAO PAULO,OSASCO,ELETRICO/FONTE INTERNA,65,copy_of_D_Frota_por_UF_Municipio_COMBUSTIVEL_Julho_2026.xlsx
SAO PAULO,OSASCO,GAS METANO,84,copy_of_D_Frota_por_UF_Municipio_COMBUSTIVEL_Julho_2026.xlsx
SAO PAULO,OSASCO,GAS NATURAL VEICULAR,5,copy_of_D_Frota_por_UF_Municipio_COMBUSTIVEL_Julho_2026.xlsx
SAO PAULO,OSASCO,GASOGENIO,1,copy_of_D_Frota_por_UF_Municipio_COMBUSTIVEL_Julho_2026.xlsx
SAO PAULO,OSASCO,GASOL/GAS NATURAL COMBUSTIVEL,233,copy_of_D_Frota_por_UF_Municipio_COMBUSTIVEL_Julho_2026.xlsx
SAO PAULO,OSASCO,GASOLINA,216634,copy_of_D_Frota_por_UF_Municipio_COMBUSTIVEL_Julho_2026.xlsx
SAO PAULO,OSASCO,GASOLINA/ALCOOL/ELETRICO,928,copy_of_D_Frota_por_UF_Municipio_COMBUSTIVEL_Julho_2026.xlsx
SAO PAULO,OSASCO,GASOLINA/ALCOOL/GAS NATURAL,1012,copy_of_D_Frota_por_UF_Municipio_COMBUSTIVEL_Julho_2026.xlsx
SAO PAULO,OSASCO,GASOLINA/ELETRICO,1198,copy_of_D_Frota_por_UF_Municipio_COMBUSTIVEL_Julho_2026.xlsx
SAO PAULO,OSASCO,GASOLINA/GAS NATURAL VEICULAR,4250,copy_of_D_Frota_por_UF_Municipio_COMBUSTIVEL_Julho_2026.xlsx
SAO PAULO,OSASCO,HIBRIDO,141,copy_of_D_Frota_por_UF_Municipio_COMBUSTIVEL_Julho_2026.xlsx
SAO PAULO,OSASCO,HIBRIDO PLUG-IN,210,copy_of_D_Frota_por_UF_Municipio_COMBUSTIVEL_Julho_2026.xlsx
SAO PAULO,OSASCO,Sem Informação,7846,copy_of_D_Frota_por_UF_Municipio_COMBUSTIVEL_Julho_2026.xlsx
SAO PAULO,OSCAR BRESSANE,ALCOOL,149,copy_of_D_Frota_por_UF_Municipio_COMBUSTIVEL_Julho_2026.xlsx
SAO PAULO,OSCAR BRESSANE,ALCOOL/GASOLINA,707,copy_of_D_Frota_por_UF_Municipio_COMBUSTIVEL_Julho_2026.xlsx
SAO PAULO,OSCAR BRESSANE,DIESEL,218,copy_of_D_Frota_por_UF_Municipio_COMBUSTIVEL_Julho_2026.xlsx
SAO PAULO,OSCAR BRESSANE,ELETRICO/FONTE EXTERNA,2,copy_of_D_Frota_por_UF_Municipio_COMBUSTIVEL_Julho_2026.xlsx
SAO PAULO,OSCAR BRESSANE,GASOLINA,561,copy_of_D_Frota_por_UF_Municipio_COMBUSTIVEL_Julho_2026.xlsx
SAO PAULO,OSCAR BRESSANE,GASOLINA/ALCOOL/ELETRICO,3,copy_of_D_Frota_por_UF_Municipio_COMBUSTIVEL_Julho_2026.xlsx
SAO PAULO,OSCAR BRESSANE,GASOLINA/ELETRICO,2,copy_of_D_Frota_por_UF_Municipio_COMBUSTIVEL_Julho_2026.xlsx
SAO PAULO,OSCAR BRESSANE,GASOLINA/GAS NATURAL VEICULAR,1,copy_of_D_Frota_por_UF_Municipio_COMBUSTIVEL_Julho_2026.xlsx
SAO PAULO,OSCAR BRESSANE,Sem Informação,60,copy_of_D_Frota_por_UF_Municipio_COMBUSTIVEL_Julho_2026.xlsx
SAO PAULO,OSVALDO CRUZ,ALCOOL,1968,copy_of_D_Frota_por_UF_Municipio_COMBUSTIVEL_Julho_2026.xlsx
SAO PAULO,OSVALDO CRUZ,ALCOOL/GAS NATURAL VEICULAR,1,copy_of_D_Frota_por_UF_Municipio_COMBUSTIVEL_Julho_2026.xlsx
SAO PAULO,OSVALDO CRUZ,ALCOOL/GASOLINA,10159,copy_of_D_Frota_por_UF_Municipio_COMBUSTIVEL_Julho_2026.xlsx
SAO PAULO,OSVALDO CRUZ,DIESEL,2313,copy_of_D_Frota_por_UF_Municipio_COMBUSTIVEL_Julho_2026.xlsx
SAO PAULO,OSVALDO CRUZ,DIESEL/ELETRICO,1,copy_of_D_Frota_por_UF_Municipio_COMBUSTIVEL_Julho_2026.xlsx
SAO PAULO,OSVALDO CRUZ,ELETRICO/FONTE EXTERNA,3,copy_of_D_Frota_por_UF_Municipio_COMBUSTIVEL_Julho_2026.xlsx
SAO PAULO,OSVALDO CRUZ,ELETRICO/FONTE INTERNA,3,copy_of_D_Frota_por_UF_Municipio_COMBUSTIVEL_Julho_2026.xlsx
SAO PAULO,OSVALDO CRUZ,GASOLINA,10810,copy_of_D_Frota_por_UF_Municipio_COMBUSTIVEL_Julho_2026.xlsx
SAO PAULO,OSVALDO CRUZ,GASOLINA/ALCOOL/ELETRICO,31,copy_of_D_Frota_por_UF_Municipio_COMBUSTIVEL_Julho_2026.xlsx
SAO PAULO,OSVALDO CRUZ,GASOLINA/ELETRICO,13,copy_of_D_Frota_por_UF_Municipio_COMBUSTIVEL_Julho_2026.xlsx
SAO PAULO,OSVALDO CRUZ,GASOLINA/GAS NATURAL VEICULAR,6,copy_of_D_Frota_por_UF_Municipio_COMBUSTIVEL_Julho_2026.xlsx
SAO PAULO,OSVALDO CRUZ,HIBRIDO,7,copy_of_D_Frota_por_UF_Municipio_COMBUSTIVEL_Julho_2026.xlsx
SAO PAULO,OSVALDO CRUZ,HIBRIDO PLUG-IN,2,copy_of_D_Frota_por_UF_Municipio_COMBUSTIVEL_Julho_2026.xlsx
SAO PAULO,OSVALDO CRUZ,Sem Informação,2265,copy_of_D_Frota_por_UF_Municipio_COMBUSTIVEL_Julho_2026.xlsx
SAO PAULO,OURINHOS,ALCOOL,4665,copy_of_D_Frota_por_UF_Municipio_COMBUSTIVEL_Julho_2026.xlsx
SAO PAULO,OURINHOS,ALCOOL/GAS NATURAL VEICULAR,1,copy_of_D_Frota_por_UF_Municipio_COMBUSTIVEL_Julho_2026.xlsx
SAO PAULO,OURINHOS,ALCOOL/GASOLINA,39331,copy_of_D_Frota_por_UF_Municipio_COMBUSTIVEL_Julho_2026.xlsx
SAO PAULO,OURINHOS,DIESEL,6503,copy_of_D_Frota_por_UF_Municipio_COMBUSTIVEL_Julho_2026.xlsx
SAO PAULO,OURINHOS,DIESEL/ELETRICO,7,copy_of_D_Frota_por_UF_Municipio_COMBUSTIVEL_Julho_2026.xlsx
SAO PAULO,OURINHOS,ELETRICO,2,copy_of_D_Frota_por_UF_Municipio_COMBUSTIVEL_Julho_2026.xlsx
SAO PAULO,OURINHOS,ELETRICO/FONTE EXTERNA,44,copy_of_D_Frota_por_UF_Municipio_COMBUSTIVEL_Julho_2026.xlsx
SAO PAULO,OURINHOS,ELETRICO/FONTE INTERNA,8,copy_of_D_Frota_por_UF_Municipio_COMBUSTIVEL_Julho_2026.xlsx
SAO PAULO,OURINHOS,GAS METANO,1,copy_of_D_Frota_por_UF_Municipio_COMBUSTIVEL_Julho_2026.xlsx
SAO PAULO,OURINHOS,GASOLINA,37339,copy_of_D_Frota_por_UF_Municipio_COMBUSTIVEL_Julho_2026.xlsx
SAO PAULO,OURINHOS,GASOLINA/ALCOOL/ELETRICO,98,copy_of_D_Frota_por_UF_Municipio_COMBUSTIVEL_Julho_2026.xlsx
SAO PAULO,OURINHOS,GASOLINA/ALCOOL/GAS NATURAL,35,copy_of_D_Frota_por_UF_Municipio_COMBUSTIVEL_Julho_2026.xlsx
SAO PAULO,OURINHOS,GASOLINA/ELETRICO,90,copy_of_D_Frota_por_UF_Municipio_COMBUSTIVEL_Julho_2026.xlsx
SAO PAULO,OURINHOS,GASOLINA/GAS NATURAL VEICULAR,27,copy_of_D_Frota_por_UF_Municipio_COMBUSTIVEL_Julho_2026.xlsx
SAO PAULO,OURINHOS,HIBRIDO,10,copy_of_D_Frota_por_UF_Municipio_COMBUSTIVEL_Julho_2026.xlsx
SAO PAULO,OURINHOS,HIBRIDO PLUG-IN,23,copy_of_D_Frota_por_UF_Municipio_COMBUSTIVEL_Julho_2026.xlsx
SAO PAULO,OURINHOS,Sem Informação,3747,copy_of_D_Frota_por_UF_Municipio_COMBUSTIVEL_Julho_2026.xlsx
SAO PAULO,OURO VERDE,ALCOOL,600,copy_of_D_Frota_por_UF_Municipio_COMBUSTIVEL_Julho_2026.xlsx
SAO PAULO,OURO VERDE,ALCOOL/GASOLINA,1775,copy_of_D_Frota_por_UF_Municipio_COMBUSTIVEL_Julho_2026.xlsx
SAO PAULO,OURO VERDE,DIESEL,462,copy_of_D_Frota_por_UF_Municipio_COMBUSTIVEL_Julho_2026.xlsx
SAO PAULO,OURO VERDE,GASOLINA,2084,copy_of_D_Frota_por_UF_Municipio_COMBUSTIVEL_Julho_2026.xlsx
SAO PAULO,OURO VERDE,GASOLINA/ALCOOL/ELETRICO,1,copy_of_D_Frota_por_UF_Municipio_COMBUSTIVEL_Julho_2026.xlsx
SAO PAULO,OURO VERDE,GASOLINA/ELETRICO,1,copy_of_D_Frota_por_UF_Municipio_COMBUSTIVEL_Julho_2026.xlsx
SAO PAULO,OURO VERDE,Sem Informação,276,copy_of_D_Frota_por_UF_Municipio_COMBUSTIVEL_Julho_2026.xlsx
SAO PAULO,OUROESTE,ALCOOL,637,copy_of_D_Frota_por_UF_Municipio_COMBUSTIVEL_Julho_2026.xlsx
SAO PAULO,OUROESTE,ALCOOL/GAS NATURAL VEICULAR,2,copy_of_D_Frota_por_UF_Municipio_COMBUSTIVEL_Julho_2026.xlsx
SAO PAULO,OUROESTE,ALCOOL/GASOLINA,3481,copy_of_D_Frota_por_UF_Municipio_COMBUSTIVEL_Julho_2026.xlsx
SAO PAULO,OUROESTE,DIESEL,1023,copy_of_D_Frota_por_UF_Municipio_COMBUSTIVEL_Julho_2026.xlsx
SAO PAULO,OUROESTE,DIESEL/ELETRICO,1,copy_of_D_Frota_por_UF_Municipio_COMBUSTIVEL_Julho_2026.xlsx
SAO PAULO,OUROESTE,ELETRICO/FONTE EXTERNA,4,copy_of_D_Frota_por_UF_Municipio_COMBUSTIVEL_Julho_2026.xlsx
SAO PAULO,OUROESTE,ELETRICO/FONTE INTERNA,1,copy_of_D_Frota_por_UF_Municipio_COMBUSTIVEL_Julho_2026.xlsx
SAO PAULO,OUROESTE,GASOL/GAS NATURAL COMBUSTIVEL,1,copy_of_D_Frota_por_UF_Municipio_COMBUSTIVEL_Julho_2026.xlsx
SAO PAULO,OUROESTE,GASOLINA,2989,copy_of_D_Frota_por_UF_Municipio_COMBUSTIVEL_Julho_2026.xlsx
SAO PAULO,OUROESTE,GASOLINA/ALCOOL/ELETRICO,4,copy_of_D_Frota_por_UF_Municipio_COMBUSTIVEL_Julho_2026.xlsx
SAO PAULO,OUROESTE,GASOLINA/ALCOOL/GAS NATURAL,2,copy_of_D_Frota_por_UF_Municipio_COMBUSTIVEL_Julho_2026.xlsx
SAO PAULO,OUROESTE,GASOLINA/ELETRICO,7,copy_of_D_Frota_por_UF_Municipio_COMBUSTIVEL_Julho_2026.xlsx
SAO PAULO,OUROESTE,GASOLINA/GAS NATURAL VEICULAR,3,copy_of_D_Frota_por_UF_Municipio_COMBUSTIVEL_Julho_2026.xlsx
SAO PAULO,OUROESTE,HIBRIDO,1,copy_of_D_Frota_por_UF_Municipio_COMBUSTIVEL_Julho_2026.xlsx
SAO PAULO,OUROESTE,HIBRIDO PLUG-IN,1,copy_of_D_Frota_por_UF_Municipio_COMBUSTIVEL_Julho_2026.xlsx
SAO PAULO,OUROESTE,Sem Informação,764,copy_of_D_Frota_por_UF_Municipio_COMBUSTIVEL_Julho_2026.xlsx
SAO PAULO,PACAEMBU,ALCOOL,1052,copy_of_D_Frota_por_UF_Municipio_COMBUSTIVEL_Julho_2026.xlsx
SAO PAULO,PACAEMBU,ALCOOL/GAS NATURAL COMBUSTIVEL,1,copy_of_D_Frota_por_UF_Municipio_COMBUSTIVEL_Julho_2026.xlsx
SAO PAULO,PACAEMBU,ALCOOL/GAS NATURAL VEICULAR,3,copy_of_D_Frota_por_UF_Municipio_COMBUSTIVEL_Julho_2026.xlsx
SAO PAULO,PACAEMBU,ALCOOL/GASOLINA,2943,copy_of_D_Frota_por_UF_Municipio_COMBUSTIVEL_Julho_2026.xlsx
SAO PAULO,PACAEMBU,DIESEL,734,copy_of_D_Frota_por_UF_Municipio_COMBUSTIVEL_Julho_2026.xlsx
SAO PAULO,PACAEMBU,GASOL/GAS NATURAL COMBUSTIVEL,3,copy_of_D_Frota_por_UF_Municipio_COMBUSTIVEL_Julho_2026.xlsx
SAO PAULO,PACAEMBU,GASOLINA,2961,copy_of_D_Frota_por_UF_Municipio_COMBUSTIVEL_Julho_2026.xlsx
SAO PAULO,PACAEMBU,GASOLINA/ALCOOL/ELETRICO,6,copy_of_D_Frota_por_UF_Municipio_COMBUSTIVEL_Julho_2026.xlsx
SAO PAULO,PACAEMBU,GASOLINA/ALCOOL/GAS NATURAL,4,copy_of_D_Frota_por_UF_Municipio_COMBUSTIVEL_Julho_2026.xlsx
SAO PAULO,PACAEMBU,GASOLINA/ELETRICO,2,copy_of_D_Frota_por_UF_Municipio_COMBUSTIVEL_Julho_2026.xlsx
SAO PAULO,PACAEMBU,GASOLINA/GAS NATURAL VEICULAR,5,copy_of_D_Frota_por_UF_Municipio_COMBUSTIVEL_Julho_2026.xlsx
SAO PAULO,PACAEMBU,Sem Informação,587,copy_of_D_Frota_por_UF_Municipio_COMBUSTIVEL_Julho_2026.xlsx
SAO PAULO,PALESTINA,ALCOOL,769,copy_of_D_Frota_por_UF_Municipio_COMBUSTIVEL_Julho_2026.xlsx
SAO PAULO,PALESTINA,ALCOOL/GAS NATURAL VEICULAR,1,copy_of_D_Frota_por_UF_Municipio_COMBUSTIVEL_Julho_2026.xlsx
SAO PAULO,PALESTINA,ALCOOL/GASOLINA,3391,copy_of_D_Frota_por_UF_Municipio_COMBUSTIVEL_Julho_2026.xlsx
SAO PAULO,PALESTINA,DIESEL,734,copy_of_D_Frota_por_UF_Municipio_COMBUSTIVEL_Julho_2026.xlsx
SAO PAULO,PALESTINA,DIESEL/ELETRICO,1,copy_of_D_Frota_por_UF_Municipio_COMBUSTIVEL_Julho_2026.xlsx
SAO PAULO,PALESTINA,ELETRICO,1,copy_of_D_Frota_por_UF_Municipio_COMBUSTIVEL_Julho_2026.xlsx
SAO PAULO,PALESTINA,GASOLINA,2866,copy_of_D_Frota_por_UF_Municipio_COMBUSTIVEL_Julho_2026.xlsx
SAO PAULO,PALESTINA,GASOLINA/ALCOOL/ELETRICO,3,copy_of_D_Frota_por_UF_Municipio_COMBUSTIVEL_Julho_2026.xlsx
SAO PAULO,PALESTINA,GASOLINA/ALCOOL/GAS NATURAL,1,copy_of_D_Frota_por_UF_Municipio_COMBUSTIVEL_Julho_2026.xlsx
SAO PAULO,PALESTINA,GASOLINA/ELETRICO,7,copy_of_D_Frota_por_UF_Municipio_COMBUSTIVEL_Julho_2026.xlsx
SAO PAULO,PALESTINA,GASOLINA/GAS NATURAL VEICULAR,4,copy_of_D_Frota_por_UF_Municipio_COMBUSTIVEL_Julho_2026.xlsx
SAO PAULO,PALESTINA,HIBRIDO,2,copy_of_D_Frota_por_UF_Municipio_COMBUSTIVEL_Julho_2026.xlsx
SAO PAULO,PALESTINA,HIBRIDO PLUG-IN,1,copy_of_D_Frota_por_UF_Municipio_COMBUSTIVEL_Julho_2026.xlsx
SAO PAULO,PALESTINA,Sem Informação,578,copy_of_D_Frota_por_UF_Municipio_COMBUSTIVEL_Julho_2026.xlsx
SAO PAULO,PALMARES PAULISTA,ALCOOL,626,copy_of_D_Frota_por_UF_Municipio_COMBUSTIVEL_Julho_2026.xlsx
SAO PAULO,PALMARES PAULISTA,ALCOOL/GASOLINA,2650,copy_of_D_Frota_por_UF_Municipio_COMBUSTIVEL_Julho_2026.xlsx
SAO PAULO,PALMARES PAULISTA,DIESEL,491,copy_of_D_Frota_por_UF_Municipio_COMBUSTIVEL_Julho_2026.xlsx
SAO PAULO,PALMARES PAULISTA,ELETRICO/FONTE EXTERNA,2,copy_of_D_Frota_por_UF_Municipio_COMBUSTIVEL_Julho_2026.xlsx
SAO PAULO,PALMARES PAULISTA,GASOLINA,1982,copy_of_D_Frota_por_UF_Municipio_COMBUSTIVEL_Julho_2026.xlsx
SAO PAULO,PALMARES PAULISTA,GASOLINA/ALCOOL/ELETRICO,2,copy_of_D_Frota_por_UF_Municipio_COMBUSTIVEL_Julho_2026.xlsx
SAO PAULO,PALMARES PAULISTA,GASOLINA/GAS NATURAL VEICULAR,2,copy_of_D_Frota_por_UF_Municipio_COMBUSTIVEL_Julho_2026.xlsx
SAO PAULO,PALMARES PAULISTA,HIBRIDO PLUG-IN,1,copy_of_D_Frota_por_UF_Municipio_COMBUSTIVEL_Julho_2026.xlsx
SAO PAULO,PALMARES PAULISTA,Sem Informação,396,copy_of_D_Frota_por_UF_Municipio_COMBUSTIVEL_Julho_2026.xlsx
SAO PAULO,PALMEIRA D'OESTE,ALCOOL,813,copy_of_D_Frota_por_UF_Municipio_COMBUSTIVEL_Julho_2026.xlsx
SAO PAULO,PALMEIRA D'OESTE,ALCOOL/GAS NATURAL VEICULAR,1,copy_of_D_Frota_por_UF_Municipio_COMBUSTIVEL_Julho_2026.xlsx
SAO PAULO,PALMEIRA D'OESTE,ALCOOL/GASOLINA,2906,copy_of_D_Frota_por_UF_Municipio_COMBUSTIVEL_Julho_2026.xlsx
SAO PAULO,PALMEIRA D'OESTE,DIESEL,795,copy_of_D_Frota_por_UF_Municipio_COMBUSTIVEL_Julho_2026.xlsx
SAO PAULO,PALMEIRA D'OESTE,ELETRICO,1,copy_of_D_Frota_por_UF_Municipio_COMBUSTIVEL_Julho_2026.xlsx
SAO PAULO,PALMEIRA D'OESTE,ELETRICO/FONTE EXTERNA,2,copy_of_D_Frota_por_UF_Municipio_COMBUSTIVEL_Julho_2026.xlsx
SAO PAULO,PALMEIRA D'OESTE,GASOLINA,3362,copy_of_D_Frota_por_UF_Municipio_COMBUSTIVEL_Julho_2026.xlsx
SAO PAULO,PALMEIRA D'OESTE,GASOLINA/ALCOOL/ELETRICO,3,copy_of_D_Frota_por_UF_Municipio_COMBUSTIVEL_Julho_2026.xlsx
SAO PAULO,PALMEIRA D'OESTE,GASOLINA/ALCOOL/GAS NATURAL,1,copy_of_D_Frota_por_UF_Municipio_COMBUSTIVEL_Julho_2026.xlsx
SAO PAULO,PALMEIRA D'OESTE,GASOLINA/ELETRICO,2,copy_of_D_Frota_por_UF_Municipio_COMBUSTIVEL_Julho_2026.xlsx
SAO PAULO,PALMEIRA D'OESTE,GASOLINA/GAS NATURAL VEICULAR,1,copy_of_D_Frota_por_UF_Municipio_COMBUSTIVEL_Julho_2026.xlsx
SAO PAULO,PALMEIRA D'OESTE,HIBRIDO PLUG-IN,1,copy_of_D_Frota_por_UF_Municipio_COMBUSTIVEL_Julho_2026.xlsx
SAO PAULO,PALMEIRA D'OESTE,Sem Informação,701,copy_of_D_Frota_por_UF_Municipio_COMBUSTIVEL_Julho_2026.xlsx
SAO PAULO,PALMITAL,ALCOOL,1367,copy_of_D_Frota_por_UF_Municipio_COMBUSTIVEL_Julho_2026.xlsx
SAO PAULO,PALMITAL,ALCOOL/GAS NATURAL VEICULAR,1,copy_of_D_Frota_por_UF_Municipio_COMBUSTIVEL_Julho_2026.xlsx
SAO PAULO,PALMITAL,ALCOOL/GASOLINA,6343,copy_of_D_Frota_por_UF_Municipio_COMBUSTIVEL_Julho_2026.xlsx
SAO PAULO,PALMITAL,DIESEL,2205,copy_of_D_Frota_por_UF_Municipio_COMBUSTIVEL_Julho_2026.xlsx
SAO PAULO,PALMITAL,DIESEL/ELETRICO,1,copy_of_D_Frota_por_UF_Municipio_COMBUSTIVEL_Julho_2026.xlsx
SAO PAULO,PALMITAL,ELETRICO,1,copy_of_D_Frota_por_UF_Municipio_COMBUSTIVEL_Julho_2026.xlsx
SAO PAULO,PALMITAL,ELETRICO/FONTE EXTERNA,2,copy_of_D_Frota_por_UF_Municipio_COMBUSTIVEL_Julho_2026.xlsx
SAO PAULO,PALMITAL,ELETRICO/FONTE INTERNA,2,copy_of_D_Frota_por_UF_Municipio_COMBUSTIVEL_Julho_2026.xlsx
SAO PAULO,PALMITAL,GASOLINA,7068,copy_of_D_Frota_por_UF_Municipio_COMBUSTIVEL_Julho_2026.xlsx
SAO PAULO,PALMITAL,GASOLINA/ALCOOL/ELETRICO,7,copy_of_D_Frota_por_UF_Municipio_COMBUSTIVEL_Julho_2026.xlsx
SAO PAULO,PALMITAL,GASOLINA/ELETRICO,17,copy_of_D_Frota_por_UF_Municipio_COMBUSTIVEL_Julho_2026.xlsx
SAO PAULO,PALMITAL,GASOLINA/GAS NATURAL VEICULAR,7,copy_of_D_Frota_por_UF_Municipio_COMBUSTIVEL_Julho_2026.xlsx
SAO PAULO,PALMITAL,HIBRIDO,1,copy_of_D_Frota_por_UF_Municipio_COMBUSTIVEL_Julho_2026.xlsx
SAO PAULO,PALMITAL,HIBRIDO PLUG-IN,2,copy_of_D_Frota_por_UF_Municipio_COMBUSTIVEL_Julho_2026.xlsx
SAO PAULO,PALMITAL,Sem Informação,1200,copy_of_D_Frota_por_UF_Municipio_COMBUSTIVEL_Julho_2026.xlsx
SAO PAULO,PANORAMA,ALCOOL,934,copy_of_D_Frota_por_UF_Municipio_COMBUSTIVEL_Julho_2026.xlsx
SAO PAULO,PANORAMA,ALCOOL/GASOLINA,3865,copy_of_D_Frota_por_UF_Municipio_COMBUSTIVEL_Julho_2026.xlsx
SAO PAULO,PANORAMA,DIESEL,1089,copy_of_D_Frota_por_UF_Municipio_COMBUSTIVEL_Julho_2026.xlsx
SAO PAULO,PANORAMA,DIESEL/ELETRICO,1,copy_of_D_Frota_por_UF_Municipio_COMBUSTIVEL_Julho_2026.xlsx
SAO PAULO,PANORAMA,ELETRICO/FONTE EXTERNA,5,copy_of_D_Frota_por_UF_Municipio_COMBUSTIVEL_Julho_2026.xlsx
SAO PAULO,PANORAMA,GASOLINA,5164,copy_of_D_Frota_por_UF_Municipio_COMBUSTIVEL_Julho_2026.xlsx
SAO PAULO,PANORAMA,GASOLINA/ALCOOL/ELETRICO,5,copy_of_D_Frota_por_UF_Municipio_COMBUSTIVEL_Julho_2026.xlsx
SAO PAULO,PANORAMA,GASOLINA/ALCOOL/GAS NATURAL,1,copy_of_D_Frota_por_UF_Municipio_COMBUSTIVEL_Julho_2026.xlsx
SAO PAULO,PANORAMA,GASOLINA/ELETRICO,9,copy_of_D_Frota_por_UF_Municipio_COMBUSTIVEL_Julho_2026.xlsx
SAO PAULO,PANORAMA,GASOLINA/GAS NATURAL VEICULAR,1,copy_of_D_Frota_por_UF_Municipio_COMBUSTIVEL_Julho_2026.xlsx
SAO PAULO,PANORAMA,Sem Informação,888,copy_of_D_Frota_por_UF_Municipio_COMBUSTIVEL_Julho_2026.xlsx
SAO PAULO,PARAGUACU PAULISTA,ALCOOL,2206,copy_of_D_Frota_por_UF_Municipio_COMBUSTIVEL_Julho_2026.xlsx
SAO PAULO,PARAGUACU PAULISTA,ALCOOL/GAS NATURAL COMBUSTIVEL,2,copy_of_D_Frota_por_UF_Municipio_COMBUSTIVEL_Julho_2026.xlsx
SAO PAULO,PARAGUACU PAULISTA,ALCOOL/GAS NATURAL VEICULAR,3,copy_of_D_Frota_por_UF_Municipio_COMBUSTIVEL_Julho_2026.xlsx
SAO PAULO,PARAGUACU PAULISTA,ALCOOL/GASOLINA,14461,copy_of_D_Frota_por_UF_Municipio_COMBUSTIVEL_Julho_2026.xlsx
SAO PAULO,PARAGUACU PAULISTA,DIESEL,2642,copy_of_D_Frota_por_UF_Municipio_COMBUSTIVEL_Julho_2026.xlsx
SAO PAULO,PARAGUACU PAULISTA,DIESEL/GAS NATURAL VEICULAR,1,copy_of_D_Frota_por_UF_Municipio_COMBUSTIVEL_Julho_2026.xlsx
SAO PAULO,PARAGUACU PAULISTA,ELETRICO,2,copy_of_D_Frota_por_UF_Municipio_COMBUSTIVEL_Julho_2026.xlsx
SAO PAULO,PARAGUACU PAULISTA,ELETRICO/FONTE EXTERNA,9,copy_of_D_Frota_por_UF_Municipio_COMBUSTIVEL_Julho_2026.xlsx
SAO PAULO,PARAGUACU PAULISTA,ELETRICO/FONTE INTERNA,3,copy_of_D_Frota_por_UF_Municipio_COMBUSTIVEL_Julho_2026.xlsx
SAO PAULO,PARAGUACU PAULISTA,GAS NATURAL VEICULAR,31,copy_of_D_Frota_por_UF_Municipio_COMBUSTIVEL_Julho_2026.xlsx
SAO PAULO,PARAGUACU PAULISTA,GASOL/GAS NATURAL COMBUSTIVEL,1,copy_of_D_Frota_por_UF_Municipio_COMBUSTIVEL_Julho_2026.xlsx
SAO PAULO,PARAGUACU PAULISTA,GASOLINA,13705,copy_of_D_Frota_por_UF_Municipio_COMBUSTIVEL_Julho_2026.xlsx
SAO PAULO,PARAGUACU PAULISTA,GASOLINA/ALCOOL/ELETRICO,17,copy_of_D_Frota_por_UF_Municipio_COMBUSTIVEL_Julho_2026.xlsx
SAO PAULO,PARAGUACU PAULISTA,GASOLINA/ALCOOL/GAS NATURAL,8,copy_of_D_Frota_por_UF_Municipio_COMBUSTIVEL_Julho_2026.xlsx
SAO PAULO,PARAGUACU PAULISTA,GASOLINA/ELETRICO,17,copy_of_D_Frota_por_UF_Municipio_COMBUSTIVEL_Julho_2026.xlsx
SAO PAULO,PARAGUACU PAULISTA,GASOLINA/GAS NATURAL VEICULAR,5,copy_of_D_Frota_por_UF_Municipio_COMBUSTIVEL_Julho_2026.xlsx
SAO PAULO,PARAGUACU PAULISTA,HIBRIDO PLUG-IN,5,copy_of_D_Frota_por_UF_Municipio_COMBUSTIVEL_Julho_2026.xlsx
SAO PAULO,PARAGUACU PAULISTA,Sem Informação,2637,copy_of_D_Frota_por_UF_Municipio_COMBUSTIVEL_Julho_2026.xlsx
SAO PAULO,PARAIBUNA,ALCOOL,807,copy_of_D_Frota_por_UF_Municipio_COMBUSTIVEL_Julho_2026.xlsx
SAO PAULO,PARAIBUNA,ALCOOL/GAS NATURAL VEICULAR,4,copy_of_D_Frota_por_UF_Municipio_COMBUSTIVEL_Julho_2026.xlsx
SAO PAULO,PARAIBUNA,ALCOOL/GASOLINA,4836,copy_of_D_Frota_por_UF_Municipio_COMBUSTIVEL_Julho_2026.xlsx
SAO PAULO,PARAIBUNA,DIESEL,1021,copy_of_D_Frota_por_UF_Municipio_COMBUSTIVEL_Julho_2026.xlsx
SAO PAULO,PARAIBUNA,ELETRICO/FONTE EXTERNA,8,copy_of_D_Frota_por_UF_Municipio_COMBUSTIVEL_Julho_2026.xlsx
SAO PAULO,PARAIBUNA,ELETRICO/FONTE INTERNA,1,copy_of_D_Frota_por_UF_Municipio_COMBUSTIVEL_Julho_2026.xlsx
SAO PAULO,PARAIBUNA,GAS METANO,1,copy_of_D_Frota_por_UF_Municipio_COMBUSTIVEL_Julho_2026.xlsx
SAO PAULO,PARAIBUNA,GASOLINA,6259,copy_of_D_Frota_por_UF_Municipio_COMBUSTIVEL_Julho_2026.xlsx
SAO PAULO,PARAIBUNA,GASOLINA/ALCOOL/ELETRICO,6,copy_of_D_Frota_por_UF_Municipio_COMBUSTIVEL_Julho_2026.xlsx
SAO PAULO,PARAIBUNA,GASOLINA/ALCOOL/GAS NATURAL,10,copy_of_D_Frota_por_UF_Municipio_COMBUSTIVEL_Julho_2026.xlsx
SAO PAULO,PARAIBUNA,GASOLINA/ELETRICO,8,copy_of_D_Frota_por_UF_Municipio_COMBUSTIVEL_Julho_2026.xlsx
SAO PAULO,PARAIBUNA,GASOLINA/GAS NATURAL VEICULAR,93,copy_of_D_Frota_por_UF_Municipio_COMBUSTIVEL_Julho_2026.xlsx
SAO PAULO,PARAIBUNA,HIBRIDO PLUG-IN,2,copy_of_D_Frota_por_UF_Municipio_COMBUSTIVEL_Julho_2026.xlsx
SAO PAULO,PARAIBUNA,Sem Informação,343,copy_of_D_Frota_por_UF_Municipio_COMBUSTIVEL_Julho_2026.xlsx
SAO PAULO,PARAISO,ALCOOL,679,copy_of_D_Frota_por_UF_Municipio_COMBUSTIVEL_Julho_2026.xlsx
SAO PAULO,PARAISO,ALCOOL/GASOLINA,1864,copy_of_D_Frota_por_UF_Municipio_COMBUSTIVEL_Julho_2026.xlsx
SAO PAULO,PARAISO,DIESEL,608,copy_of_D_Frota_por_UF_Municipio_COMBUSTIVEL_Julho_2026.xlsx
SAO PAULO,PARAISO,ELETRICO/FONTE EXTERNA,3,copy_of_D_Frota_por_UF_Municipio_COMBUSTIVEL_Julho_2026.xlsx
SAO PAULO,PARAISO,GASOLINA,1349,copy_of_D_Frota_por_UF_Municipio_COMBUSTIVEL_Julho_2026.xlsx
SAO PAULO,PARAISO,GASOLINA/ALCOOL/ELETRICO,3,copy_of_D_Frota_por_UF_Municipio_COMBUSTIVEL_Julho_2026.xlsx
SAO PAULO,PARAISO,GASOLINA/ALCOOL/GAS NATURAL,1,copy_of_D_Frota_por_UF_Municipio_COMBUSTIVEL_Julho_2026.xlsx
SAO PAULO,PARAISO,GASOLINA/ELETRICO,5,copy_of_D_Frota_por_UF_Municipio_COMBUSTIVEL_Julho_2026.xlsx
SAO PAULO,PARAISO,GASOLINA/GAS NATURAL VEICULAR,1,copy_of_D_Frota_por_UF_Municipio_COMBUSTIVEL_Julho_2026.xlsx
SAO PAULO,PARAISO,Sem Informação,664,copy_of_D_Frota_por_UF_Municipio_COMBUSTIVEL_Julho_2026.xlsx
SAO PAULO,PARANAPANEMA,ALCOOL,896,copy_of_D_Frota_por_UF_Municipio_COMBUSTIVEL_Julho_2026.xlsx
SAO PAULO,PARANAPANEMA,ALCOOL/GASOLINA,5935,copy_of_D_Frota_por_UF_Municipio_COMBUSTIVEL_Julho_2026.xlsx
SAO PAULO,PARANAPANEMA,DIESEL,1983,copy_of_D_Frota_por_UF_Municipio_COMBUSTIVEL_Julho_2026.xlsx
SAO PAULO,PARANAPANEMA,ELETRICO/FONTE EXTERNA,9,copy_of_D_Frota_por_UF_Municipio_COMBUSTIVEL_Julho_2026.xlsx
SAO PAULO,PARANAPANEMA,ELETRICO/FONTE INTERNA,3,copy_of_D_Frota_por_UF_Municipio_COMBUSTIVEL_Julho_2026.xlsx
SAO PAULO,PARANAPANEMA,GASOLINA,4752,copy_of_D_Frota_por_UF_Municipio_COMBUSTIVEL_Julho_2026.xlsx
SAO PAULO,PARANAPANEMA,GASOLINA/ALCOOL/ELETRICO,19,copy_of_D_Frota_por_UF_Municipio_COMBUSTIVEL_Julho_2026.xlsx
SAO PAULO,PARANAPANEMA,GASOLINA/ALCOOL/GAS NATURAL,3,copy_of_D_Frota_por_UF_Municipio_COMBUSTIVEL_Julho_2026.xlsx
SAO PAULO,PARANAPANEMA,GASOLINA/ELETRICO,13,copy_of_D_Frota_por_UF_Municipio_COMBUSTIVEL_Julho_2026.xlsx
SAO PAULO,PARANAPANEMA,GASOLINA/GAS NATURAL VEICULAR,7,copy_of_D_Frota_por_UF_Municipio_COMBUSTIVEL_Julho_2026.xlsx
SAO PAULO,PARANAPANEMA,HIBRIDO,1,copy_of_D_Frota_por_UF_Municipio_COMBUSTIVEL_Julho_2026.xlsx
SAO PAULO,PARANAPANEMA,HIBRIDO PLUG-IN,4,copy_of_D_Frota_por_UF_Municipio_COMBUSTIVEL_Julho_2026.xlsx
SAO PAULO,PARANAPANEMA,Sem Informação,1060,copy_of_D_Frota_por_UF_Municipio_COMBUSTIVEL_Julho_2026.xlsx
SAO PAULO,PARANAPUA,ALCOOL,298,copy_of_D_Frota_por_UF_Municipio_COMBUSTIVEL_Julho_2026.xlsx
SAO PAULO,PARANAPUA,ALCOOL/GASOLINA,1262,copy_of_D_Frota_por_UF_Municipio_COMBUSTIVEL_Julho_2026.xlsx
SAO PAULO,PARANAPUA,DIESEL,359,copy_of_D_Frota_por_UF_Municipio_COMBUSTIVEL_Julho_2026.xlsx
SAO PAULO,PARANAPUA,GASOLINA,1304,copy_of_D_Frota_por_UF_Municipio_COMBUSTIVEL_Julho_2026.xlsx
SAO PAULO,PARANAPUA,GASOLINA/GAS NATURAL VEICULAR,2,copy_of_D_Frota_por_UF_Municipio_COMBUSTIVEL_Julho_2026.xlsx
SAO PAULO,PARANAPUA,HIBRIDO PLUG-IN,1,copy_of_D_Frota_por_UF_Municipio_COMBUSTIVEL_Julho_2026.xlsx
SAO PAULO,PARANAPUA,Sem Informação,238,copy_of_D_Frota_por_UF_Municipio_COMBUSTIVEL_Julho_2026.xlsx
SAO PAULO,PARAPUA,ALCOOL,804,copy_of_D_Frota_por_UF_Municipio_COMBUSTIVEL_Julho_2026.xlsx
SAO PAULO,PARAPUA,ALCOOL/GASOLINA,2959,copy_of_D_Frota_por_UF_Municipio_COMBUSTIVEL_Julho_2026.xlsx
SAO PAULO,PARAPUA,DIESEL,888,copy_of_D_Frota_por_UF_Municipio_COMBUSTIVEL_Julho_2026.xlsx
SAO PAULO,PARAPUA,ELETRICO/FONTE EXTERNA,1,copy_of_D_Frota_por_UF_Municipio_COMBUSTIVEL_Julho_2026.xlsx
SAO PAULO,PARAPUA,GASOLINA,2968,copy_of_D_Frota_por_UF_Municipio_COMBUSTIVEL_Julho_2026.xlsx
SAO PAULO,PARAPUA,GASOLINA/ALCOOL/ELETRICO,6,copy_of_D_Frota_por_UF_Municipio_COMBUSTIVEL_Julho_2026.xlsx
SAO PAULO,PARAPUA,GASOLINA/ALCOOL/GAS NATURAL,1,copy_of_D_Frota_por_UF_Municipio_COMBUSTIVEL_Julho_2026.xlsx
SAO PAULO,PARAPUA,GASOLINA/ELETRICO,1,copy_of_D_Frota_por_UF_Municipio_COMBUSTIVEL_Julho_2026.xlsx
SAO PAULO,PARAPUA,GASOLINA/GAS NATURAL VEICULAR,2,copy_of_D_Frota_por_UF_Municipio_COMBUSTIVEL_Julho_2026.xlsx
SAO PAULO,PARAPUA,Sem Informação,532,copy_of_D_Frota_por_UF_Municipio_COMBUSTIVEL_Julho_2026.xlsx
SAO PAULO,PARDINHO,ALCOOL,270,copy_of_D_Frota_por_UF_Municipio_COMBUSTIVEL_Julho_2026.xlsx
SAO PAULO,PARDINHO,ALCOOL/GASOLINA,2248,copy_of_D_Frota_por_UF_Municipio_COMBUSTIVEL_Julho_2026.xlsx
SAO PAULO,PARDINHO,DIESEL,670,copy_of_D_Frota_por_UF_Municipio_COMBUSTIVEL_Julho_2026.xlsx
SAO PAULO,PARDINHO,DIESEL/ELETRICO,1,copy_of_D_Frota_por_UF_Municipio_COMBUSTIVEL_Julho_2026.xlsx
SAO PAULO,PARDINHO,ELETRICO,5,copy_of_D_Frota_por_UF_Municipio_COMBUSTIVEL_Julho_2026.xlsx
SAO PAULO,PARDINHO,ELETRICO/FONTE EXTERNA,14,copy_of_D_Frota_por_UF_Municipio_COMBUSTIVEL_Julho_2026.xlsx
SAO PAULO,PARDINHO,ELETRICO/FONTE INTERNA,3,copy_of_D_Frota_por_UF_Municipio_COMBUSTIVEL_Julho_2026.xlsx
SAO PAULO,PARDINHO,GASOLINA,2144,copy_of_D_Frota_por_UF_Municipio_COMBUSTIVEL_Julho_2026.xlsx
SAO PAULO,PARDINHO,GASOLINA/ALCOOL/ELETRICO,16,copy_of_D_Frota_por_UF_Municipio_COMBUSTIVEL_Julho_2026.xlsx
SAO PAULO,PARDINHO,GASOLINA/ALCOOL/GAS NATURAL,2,copy_of_D_Frota_por_UF_Municipio_COMBUSTIVEL_Julho_2026.xlsx
SAO PAULO,PARDINHO,GASOLINA/ELETRICO,17,copy_of_D_Frota_por_UF_Municipio_COMBUSTIVEL_Julho_2026.xlsx
SAO PAULO,PARDINHO,GASOLINA/GAS NATURAL VEICULAR,2,copy_of_D_Frota_por_UF_Municipio_COMBUSTIVEL_Julho_2026.xlsx
SAO PAULO,PARDINHO,HIBRIDO PLUG-IN,4,copy_of_D_Frota_por_UF_Municipio_COMBUSTIVEL_Julho_2026.xlsx
SAO PAULO,PARDINHO,Sem Informação,368,copy_of_D_Frota_por_UF_Municipio_COMBUSTIVEL_Julho_2026.xlsx
SAO PAULO,PARIQUERA-ACU,ALCOOL,441,copy_of_D_Frota_por_UF_Municipio_COMBUSTIVEL_Julho_2026.xlsx
SAO PAULO,PARIQUERA-ACU,ALCOOL/GASOLINA,5273,copy_of_D_Frota_por_UF_Municipio_COMBUSTIVEL_Julho_2026.xlsx
SAO PAULO,PARIQUERA-ACU,DIESEL,1090,copy_of_D_Frota_por_UF_Municipio_COMBUSTIVEL_Julho_2026.xlsx
SAO PAULO,PARIQUERA-ACU,DIESEL/ELETRICO,3,copy_of_D_Frota_por_UF_Municipio_COMBUSTIVEL_Julho_2026.xlsx
SAO PAULO,PARIQUERA-ACU,ELETRICO/FONTE EXTERNA,6,copy_of_D_Frota_por_UF_Municipio_COMBUSTIVEL_Julho_2026.xlsx
SAO PAULO,PARIQUERA-ACU,GASOL/GAS NATURAL COMBUSTIVEL,1,copy_of_D_Frota_por_UF_Municipio_COMBUSTIVEL_Julho_2026.xlsx
SAO PAULO,PARIQUERA-ACU,GASOLINA,5058,copy_of_D_Frota_por_UF_Municipio_COMBUSTIVEL_Julho_2026.xlsx
SAO PAULO,PARIQUERA-ACU,GASOLINA/ALCOOL/ELETRICO,7,copy_of_D_Frota_por_UF_Municipio_COMBUSTIVEL_Julho_2026.xlsx
SAO PAULO,PARIQUERA-ACU,GASOLINA/ALCOOL/GAS NATURAL,1,copy_of_D_Frota_por_UF_Municipio_COMBUSTIVEL_Julho_2026.xlsx
SAO PAULO,PARIQUERA-ACU,GASOLINA/ELETRICO,9,copy_of_D_Frota_por_UF_Municipio_COMBUSTIVEL_Julho_2026.xlsx
SAO PAULO,PARIQUERA-ACU,GASOLINA/GAS NATURAL VEICULAR,9,copy_of_D_Frota_por_UF_Municipio_COMBUSTIVEL_Julho_2026.xlsx
SAO PAULO,PARIQUERA-ACU,HIBRIDO PLUG-IN,3,copy_of_D_Frota_por_UF_Municipio_COMBUSTIVEL_Julho_2026.xlsx
SAO PAULO,PARIQUERA-ACU,Sem Informação,587,copy_of_D_Frota_por_UF_Municipio_COMBUSTIVEL_Julho_2026.xlsx
SAO PAULO,PARISI,ALCOOL,202,copy_of_D_Frota_por_UF_Municipio_COMBUSTIVEL_Julho_2026.xlsx
SAO PAULO,PARISI,ALCOOL/GASOLINA,734,copy_of_D_Frota_por_UF_Municipio_COMBUSTIVEL_Julho_2026.xlsx
SAO PAULO,PARISI,DIESEL,196,copy_of_D_Frota_por_UF_Municipio_COMBUSTIVEL_Julho_2026.xlsx
SAO PAULO,PARISI,ELETRICO/FONTE EXTERNA,1,copy_of_D_Frota_por_UF_Municipio_COMBUSTIVEL_Julho_2026.xlsx
SAO PAULO,PARISI,GASOLINA,866,copy_of_D_Frota_por_UF_Municipio_COMBUSTIVEL_Julho_2026.xlsx
SAO PAULO,PARISI,GASOLINA/ALCOOL/GAS NATURAL,2,copy_of_D_Frota_por_UF_Municipio_COMBUSTIVEL_Julho_2026.xlsx
SAO PAULO,PARISI,GASOLINA/ELETRICO,1,copy_of_D_Frota_por_UF_Municipio_COMBUSTIVEL_Julho_2026.xlsx
SAO PAULO,PARISI,Sem Informação,122,copy_of_D_Frota_por_UF_Municipio_COMBUSTIVEL_Julho_2026.xlsx
SAO PAULO,PATROCINIO PAULISTA,ALCOOL,905,copy_of_D_Frota_por_UF_Municipio_COMBUSTIVEL_Julho_2026.xlsx
SAO PAULO,PATROCINIO PAULISTA,ALCOOL/GASOLINA,3786,copy_of_D_Frota_por_UF_Municipio_COMBUSTIVEL_Julho_2026.xlsx
SAO PAULO,PATROCINIO PAULISTA,DIESEL,992,copy_of_D_Frota_por_UF_Municipio_COMBUSTIVEL_Julho_2026.xlsx
SAO PAULO,PATROCINIO PAULISTA,ELETRICO/FONTE EXTERNA,2,copy_of_D_Frota_por_UF_Municipio_COMBUSTIVEL_Julho_2026.xlsx
SAO PAULO,PATROCINIO PAULISTA,GASOLINA,3728,copy_of_D_Frota_por_UF_Municipio_COMBUSTIVEL_Julho_2026.xlsx
SAO PAULO,PATROCINIO PAULISTA,GASOLINA/ALCOOL/ELETRICO,5,copy_of_D_Frota_por_UF_Municipio_COMBUSTIVEL_Julho_2026.xlsx
SAO PAULO,PATROCINIO PAULISTA,GASOLINA/ALCOOL/GAS NATURAL,1,copy_of_D_Frota_por_UF_Municipio_COMBUSTIVEL_Julho_2026.xlsx
SAO PAULO,PATROCINIO PAULISTA,GASOLINA/ELETRICO,5,copy_of_D_Frota_por_UF_Municipio_COMBUSTIVEL_Julho_2026.xlsx
SAO PAULO,PATROCINIO PAULISTA,GASOLINA/GAS NATURAL VEICULAR,3,copy_of_D_Frota_por_UF_Municipio_COMBUSTIVEL_Julho_2026.xlsx
SAO PAULO,PATROCINIO PAULISTA,HIBRIDO PLUG-IN,3,copy_of_D_Frota_por_UF_Municipio_COMBUSTIVEL_Julho_2026.xlsx
SAO PAULO,PATROCINIO PAULISTA,Sem Informação,602,copy_of_D_Frota_por_UF_Municipio_COMBUSTIVEL_Julho_2026.xlsx
SAO PAULO,PAULICEIA,ALCOOL,589,copy_of_D_Frota_por_UF_Municipio_COMBUSTIVEL_Julho_2026.xlsx
SAO PAULO,PAULICEIA,ALCOOL/GASOLINA,2156,copy_of_D_Frota_por_UF_Municipio_COMBUSTIVEL_Julho_2026.xlsx
SAO PAULO,PAULICEIA,DIESEL,777,copy_of_D_Frota_por_UF_Municipio_COMBUSTIVEL_Julho_2026.xlsx
SAO PAULO,PAULICEIA,DIESEL/ELETRICO,2,copy_of_D_Frota_por_UF_Municipio_COMBUSTIVEL_Julho_2026.xlsx
SAO PAULO,PAULICEIA,ELETRICO/FONTE EXTERNA,3,copy_of_D_Frota_por_UF_Municipio_COMBUSTIVEL_Julho_2026.xlsx
SAO PAULO,PAULICEIA,GASOLINA,2785,copy_of_D_Frota_por_UF_Municipio_COMBUSTIVEL_Julho_2026.xlsx
SAO PAULO,PAULICEIA,GASOLINA/ALCOOL/ELETRICO,1,copy_of_D_Frota_por_UF_Municipio_COMBUSTIVEL_Julho_2026.xlsx
SAO PAULO,PAULICEIA,GASOLINA/ALCOOL/GAS NATURAL,3,copy_of_D_Frota_por_UF_Municipio_COMBUSTIVEL_Julho_2026.xlsx
SAO PAULO,PAULICEIA,GASOLINA/ELETRICO,5,copy_of_D_Frota_por_UF_Municipio_COMBUSTIVEL_Julho_2026.xlsx
SAO PAULO,PAULICEIA,GASOLINA/GAS NATURAL VEICULAR,2,copy_of_D_Frota_por_UF_Municipio_COMBUSTIVEL_Julho_2026.xlsx
SAO PAULO,PAULICEIA,Sem Informação,650,copy_of_D_Frota_por_UF_Municipio_COMBUSTIVEL_Julho_2026.xlsx
SAO PAULO,PAULINIA,ALCOOL,3658,copy_of_D_Frota_por_UF_Municipio_COMBUSTIVEL_Julho_2026.xlsx
SAO PAULO,PAULINIA,ALCOOL/GAS NATURAL COMBUSTIVEL,2,copy_of_D_Frota_por_UF_Municipio_COMBUSTIVEL_Julho_2026.xlsx
SAO PAULO,PAULINIA,ALCOOL/GAS NATURAL VEICULAR,14,copy_of_D_Frota_por_UF_Municipio_COMBUSTIVEL_Julho_2026.xlsx
SAO PAULO,PAULINIA,ALCOOL/GASOLINA,46447,copy_of_D_Frota_por_UF_Municipio_COMBUSTIVEL_Julho_2026.xlsx
SAO PAULO,PAULINIA,DIESEL,9020,copy_of_D_Frota_por_UF_Municipio_COMBUSTIVEL_Julho_2026.xlsx
SAO PAULO,PAULINIA,DIESEL/ELETRICO,18,copy_of_D_Frota_por_UF_Municipio_COMBUSTIVEL_Julho_2026.xlsx
SAO PAULO,PAULINIA,DIESEL/GAS NATURAL VEICULAR,2,copy_of_D_Frota_por_UF_Municipio_COMBUSTIVEL_Julho_2026.xlsx
SAO PAULO,PAULINIA,ELETRICO,46,copy_of_D_Frota_por_UF_Municipio_COMBUSTIVEL_Julho_2026.xlsx
SAO PAULO,PAULINIA,ELETRICO/FONTE EXTERNA,256,copy_of_D_Frota_por_UF_Municipio_COMBUSTIVEL_Julho_2026.xlsx
SAO PAULO,PAULINIA,ELETRICO/FONTE INTERNA,28,copy_of_D_Frota_por_UF_Municipio_COMBUSTIVEL_Julho_2026.xlsx
SAO PAULO,PAULINIA,GAS METANO,1,copy_of_D_Frota_por_UF_Municipio_COMBUSTIVEL_Julho_2026.xlsx
SAO PAULO,PAULINIA,GAS NATURAL VEICULAR,42,copy_of_D_Frota_por_UF_Municipio_COMBUSTIVEL_Julho_2026.xlsx
SAO PAULO,PAULINIA,GASOL/GAS NATURAL COMBUSTIVEL,4,copy_of_D_Frota_por_UF_Municipio_COMBUSTIVEL_Julho_2026.xlsx
SAO PAULO,PAULINIA,GASOLINA,32862,copy_of_D_Frota_por_UF_Municipio_COMBUSTIVEL_Julho_2026.xlsx
SAO PAULO,PAULINIA,GASOLINA/ALCOOL/ELETRICO,363,copy_of_D_Frota_por_UF_Municipio_COMBUSTIVEL_Julho_2026.xlsx
SAO PAULO,PAULINIA,GASOLINA/ALCOOL/GAS NATURAL,93,copy_of_D_Frota_por_UF_Municipio_COMBUSTIVEL_Julho_2026.xlsx
SAO PAULO,PAULINIA,GASOLINA/ELETRICO,404,copy_of_D_Frota_por_UF_Municipio_COMBUSTIVEL_Julho_2026.xlsx
SAO PAULO,PAULINIA,GASOLINA/GAS NATURAL VEICULAR,247,copy_of_D_Frota_por_UF_Municipio_COMBUSTIVEL_Julho_2026.xlsx
SAO PAULO,PAULINIA,HIBRIDO,43,copy_of_D_Frota_por_UF_Municipio_COMBUSTIVEL_Julho_2026.xlsx
SAO PAULO,PAULINIA,HIBRIDO PLUG-IN,124,copy_of_D_Frota_por_UF_Municipio_COMBUSTIVEL_Julho_2026.xlsx
SAO PAULO,PAULINIA,Sem Informação,7708,copy_of_D_Frota_por_UF_Municipio_COMBUSTIVEL_Julho_2026.xlsx
SAO PAULO,PAULISTANIA,ALCOOL,98,copy_of_D_Frota_por_UF_Municipio_COMBUSTIVEL_Julho_2026.xlsx
SAO PAULO,PAULISTANIA,ALCOOL/GASOLINA,500,copy_of_D_Frota_por_UF_Municipio_COMBUSTIVEL_Julho_2026.xlsx
SAO PAULO,PAULISTANIA,DIESEL,166,copy_of_D_Frota_por_UF_Municipio_COMBUSTIVEL_Julho_2026.xlsx
SAO PAULO,PAULISTANIA,ELETRICO/FONTE EXTERNA,2,copy_of_D_Frota_por_UF_Municipio_COMBUSTIVEL_Julho_2026.xlsx
SAO PAULO,PAULISTANIA,GASOLINA,436,copy_of_D_Frota_por_UF_Municipio_COMBUSTIVEL_Julho_2026.xlsx
SAO PAULO,PAULISTANIA,Sem Informação,72,copy_of_D_Frota_por_UF_Municipio_COMBUSTIVEL_Julho_2026.xlsx
SAO PAULO,PAULO DE FARIA,ALCOOL,465,copy_of_D_Frota_por_UF_Municipio_COMBUSTIVEL_Julho_2026.xlsx
SAO PAULO,PAULO DE FARIA,ALCOOL/GASOLINA,1796,copy_of_D_Frota_por_UF_Municipio_COMBUSTIVEL_Julho_2026.xlsx
SAO PAULO,PAULO DE FARIA,DIESEL,420,copy_of_D_Frota_por_UF_Municipio_COMBUSTIVEL_Julho_2026.xlsx
SAO PAULO,PAULO DE FARIA,DIESEL/ELETRICO,1,copy_of_D_Frota_por_UF_Municipio_COMBUSTIVEL_Julho_2026.xlsx
SAO PAULO,PAULO DE FARIA,GASOLINA,1932,copy_of_D_Frota_por_UF_Municipio_COMBUSTIVEL_Julho_2026.xlsx
SAO PAULO,PAULO DE FARIA,GASOLINA/ALCOOL/ELETRICO,1,copy_of_D_Frota_por_UF_Municipio_COMBUSTIVEL_Julho_2026.xlsx
SAO PAULO,PAULO DE FARIA,GASOLINA/ELETRICO,5,copy_of_D_Frota_por_UF_Municipio_COMBUSTIVEL_Julho_2026.xlsx
SAO PAULO,PAULO DE FARIA,HIBRIDO,1,copy_of_D_Frota_por_UF_Municipio_COMBUSTIVEL_Julho_2026.xlsx
SAO PAULO,PAULO DE FARIA,HIBRIDO PLUG-IN,3,copy_of_D_Frota_por_UF_Municipio_COMBUSTIVEL_Julho_2026.xlsx
SAO PAULO,PAULO DE FARIA,Sem Informação,262,copy_of_D_Frota_por_UF_Municipio_COMBUSTIVEL_Julho_2026.xlsx
SAO PAULO,PEDERNEIRAS,ALCOOL,2314,copy_of_D_Frota_por_UF_Municipio_COMBUSTIVEL_Julho_2026.xlsx
SAO PAULO,PEDERNEIRAS,ALCOOL/GAS NATURAL VEICULAR,3,copy_of_D_Frota_por_UF_Municipio_COMBUSTIVEL_Julho_2026.xlsx
SAO PAULO,PEDERNEIRAS,ALCOOL/GASOLINA,15206,copy_of_D_Frota_por_UF_Municipio_COMBUSTIVEL_Julho_2026.xlsx
SAO PAULO,PEDERNEIRAS,DIESEL,3029,copy_of_D_Frota_por_UF_Municipio_COMBUSTIVEL_Julho_2026.xlsx
SAO PAULO,PEDERNEIRAS,ELETRICO,1,copy_of_D_Frota_por_UF_Municipio_COMBUSTIVEL_Julho_2026.xlsx
SAO PAULO,PEDERNEIRAS,ELETRICO/FONTE EXTERNA,36,copy_of_D_Frota_por_UF_Municipio_COMBUSTIVEL_Julho_2026.xlsx
SAO PAULO,PEDERNEIRAS,ELETRICO/FONTE INTERNA,3,copy_of_D_Frota_por_UF_Municipio_COMBUSTIVEL_Julho_2026.xlsx
SAO PAULO,PEDERNEIRAS,GASOL/GAS NATURAL COMBUSTIVEL,1,copy_of_D_Frota_por_UF_Municipio_COMBUSTIVEL_Julho_2026.xlsx
SAO PAULO,PEDERNEIRAS,GASOLINA,16593,copy_of_D_Frota_por_UF_Municipio_COMBUSTIVEL_Julho_2026.xlsx
SAO PAULO,PEDERNEIRAS,GASOLINA/ALCOOL/ELETRICO,32,copy_of_D_Frota_por_UF_Municipio_COMBUSTIVEL_Julho_2026.xlsx
SAO PAULO,PEDERNEIRAS,GASOLINA/ALCOOL/GAS NATURAL,9,copy_of_D_Frota_por_UF_Municipio_COMBUSTIVEL_Julho_2026.xlsx
SAO PAULO,PEDERNEIRAS,GASOLINA/ELETRICO,34,copy_of_D_Frota_por_UF_Municipio_COMBUSTIVEL_Julho_2026.xlsx
SAO PAULO,PEDERNEIRAS,GASOLINA/GAS NATURAL VEICULAR,18,copy_of_D_Frota_por_UF_Municipio_COMBUSTIVEL_Julho_2026.xlsx
SAO PAULO,PEDERNEIRAS,HIBRIDO,3,copy_of_D_Frota_por_UF_Municipio_COMBUSTIVEL_Julho_2026.xlsx
SAO PAULO,PEDERNEIRAS,HIBRIDO PLUG-IN,9,copy_of_D_Frota_por_UF_Municipio_COMBUSTIVEL_Julho_2026.xlsx
SAO PAULO,PEDERNEIRAS,Sem Informação,1495,copy_of_D_Frota_por_UF_Municipio_COMBUSTIVEL_Julho_2026.xlsx
SAO PAULO,PEDRA BELA,ALCOOL,248,copy_of_D_Frota_por_UF_Municipio_COMBUSTIVEL_Julho_2026.xlsx
SAO PAULO,PEDRA BELA,ALCOOL/GAS NATURAL VEICULAR,2,copy_of_D_Frota_por_UF_Municipio_COMBUSTIVEL_Julho_2026.xlsx
SAO PAULO,PEDRA BELA,ALCOOL/GASOLINA,2321,copy_of_D_Frota_por_UF_Municipio_COMBUSTIVEL_Julho_2026.xlsx
SAO PAULO,PEDRA BELA,DIESEL,632,copy_of_D_Frota_por_UF_Municipio_COMBUSTIVEL_Julho_2026.xlsx
SAO PAULO,PEDRA BELA,ELETRICO/FONTE EXTERNA,3,copy_of_D_Frota_por_UF_Municipio_COMBUSTIVEL_Julho_2026.xlsx
SAO PAULO,PEDRA BELA,GASOLINA,2624,copy_of_D_Frota_por_UF_Municipio_COMBUSTIVEL_Julho_2026.xlsx
SAO PAULO,PEDRA BELA,GASOLINA/ALCOOL/ELETRICO,6,copy_of_D_Frota_por_UF_Municipio_COMBUSTIVEL_Julho_2026.xlsx
SAO PAULO,PEDRA BELA,GASOLINA/ALCOOL/GAS NATURAL,2,copy_of_D_Frota_por_UF_Municipio_COMBUSTIVEL_Julho_2026.xlsx
SAO PAULO,PEDRA BELA,GASOLINA/ELETRICO,2,copy_of_D_Frota_por_UF_Municipio_COMBUSTIVEL_Julho_2026.xlsx
SAO PAULO,PEDRA BELA,GASOLINA/GAS NATURAL VEICULAR,5,copy_of_D_Frota_por_UF_Municipio_COMBUSTIVEL_Julho_2026.xlsx
SAO PAULO,PEDRA BELA,HIBRIDO PLUG-IN,2,copy_of_D_Frota_por_UF_Municipio_COMBUSTIVEL_Julho_2026.xlsx
SAO PAULO,PEDRA BELA,Sem Informação,165,copy_of_D_Frota_por_UF_Municipio_COMBUSTIVEL_Julho_2026.xlsx
SAO PAULO,PEDRANOPOLIS,ALCOOL,187,copy_of_D_Frota_por_UF_Municipio_COMBUSTIVEL_Julho_2026.xlsx
SAO PAULO,PEDRANOPOLIS,ALCOOL/GASOLINA,854,copy_of_D_Frota_por_UF_Municipio_COMBUSTIVEL_Julho_2026.xlsx
SAO PAULO,PEDRANOPOLIS,DIESEL,234,copy_of_D_Frota_por_UF_Municipio_COMBUSTIVEL_Julho_2026.xlsx
SAO PAULO,PEDRANOPOLIS,ELETRICO/FONTE EXTERNA,1,copy_of_D_Frota_por_UF_Municipio_COMBUSTIVEL_Julho_2026.xlsx
SAO PAULO,PEDRANOPOLIS,GASOLINA,784,copy_of_D_Frota_por_UF_Municipio_COMBUSTIVEL_Julho_2026.xlsx
SAO PAULO,PEDRANOPOLIS,GASOLINA/ALCOOL/GAS NATURAL,1,copy_of_D_Frota_por_UF_Municipio_COMBUSTIVEL_Julho_2026.xlsx
SAO PAULO,PEDRANOPOLIS,GASOLINA/ELETRICO,2,copy_of_D_Frota_por_UF_Municipio_COMBUSTIVEL_Julho_2026.xlsx
SAO PAULO,PEDRANOPOLIS,Sem Informação,162,copy_of_D_Frota_por_UF_Municipio_COMBUSTIVEL_Julho_2026.xlsx
SAO PAULO,PEDREGULHO,ALCOOL,1409,copy_of_D_Frota_por_UF_Municipio_COMBUSTIVEL_Julho_2026.xlsx
SAO PAULO,PEDREGULHO,ALCOOL/GASOLINA,4311,copy_of_D_Frota_por_UF_Municipio_COMBUSTIVEL_Julho_2026.xlsx
SAO PAULO,PEDREGULHO,DIESEL,1176,copy_of_D_Frota_por_UF_Municipio_COMBUSTIVEL_Julho_2026.xlsx
SAO PAULO,PEDREGULHO,ELETRICO,1,copy_of_D_Frota_por_UF_Municipio_COMBUSTIVEL_Julho_2026.xlsx
SAO PAULO,PEDREGULHO,ELETRICO/FONTE EXTERNA,1,copy_of_D_Frota_por_UF_Municipio_COMBUSTIVEL_Julho_2026.xlsx
SAO PAULO,PEDREGULHO,GASOLINA,4458,copy_of_D_Frota_por_UF_Municipio_COMBUSTIVEL_Julho_2026.xlsx
SAO PAULO,PEDREGULHO,GASOLINA/ALCOOL/ELETRICO,13,copy_of_D_Frota_por_UF_Municipio_COMBUSTIVEL_Julho_2026.xlsx
SAO PAULO,PEDREGULHO,GASOLINA/ALCOOL/GAS NATURAL,2,copy_of_D_Frota_por_UF_Municipio_COMBUSTIVEL_Julho_2026.xlsx
SAO PAULO,PEDREGULHO,GASOLINA/ELETRICO,8,copy_of_D_Frota_por_UF_Municipio_COMBUSTIVEL_Julho_2026.xlsx
SAO PAULO,PEDREGULHO,GASOLINA/GAS NATURAL VEICULAR,4,copy_of_D_Frota_por_UF_Municipio_COMBUSTIVEL_Julho_2026.xlsx
SAO PAULO,PEDREGULHO,HIBRIDO,1,copy_of_D_Frota_por_UF_Municipio_COMBUSTIVEL_Julho_2026.xlsx
SAO PAULO,PEDREGULHO,HIBRIDO PLUG-IN,1,copy_of_D_Frota_por_UF_Municipio_COMBUSTIVEL_Julho_2026.xlsx
SAO PAULO,PEDREGULHO,Sem Informação,418,copy_of_D_Frota_por_UF_Municipio_COMBUSTIVEL_Julho_2026.xlsx
SAO PAULO,PEDREIRA,ALCOOL,1457,copy_of_D_Frota_por_UF_Municipio_COMBUSTIVEL_Julho_2026.xlsx
SAO PAULO,PEDREIRA,ALCOOL/GAS NATURAL VEICULAR,4,copy_of_D_Frota_por_UF_Municipio_COMBUSTIVEL_Julho_2026.xlsx
SAO PAULO,PEDREIRA,ALCOOL/GASOLINA,17490,copy_of_D_Frota_por_UF_Municipio_COMBUSTIVEL_Julho_2026.xlsx
SAO PAULO,PEDREIRA,DIESEL,2558,copy_of_D_Frota_por_UF_Municipio_COMBUSTIVEL_Julho_2026.xlsx
SAO PAULO,PEDREIRA,DIESEL/ELETRICO,2,copy_of_D_Frota_por_UF_Municipio_COMBUSTIVEL_Julho_2026.xlsx
SAO PAULO,PEDREIRA,ELETRICO,8,copy_of_D_Frota_por_UF_Municipio_COMBUSTIVEL_Julho_2026.xlsx
SAO PAULO,PEDREIRA,ELETRICO/FONTE EXTERNA,17,copy_of_D_Frota_por_UF_Municipio_COMBUSTIVEL_Julho_2026.xlsx
SAO PAULO,PEDREIRA,ELETRICO/FONTE INTERNA,4,copy_of_D_Frota_por_UF_Municipio_COMBUSTIVEL_Julho_2026.xlsx
SAO PAULO,PEDREIRA,GASOL/GAS NATURAL COMBUSTIVEL,1,copy_of_D_Frota_por_UF_Municipio_COMBUSTIVEL_Julho_2026.xlsx
SAO PAULO,PEDREIRA,GASOLINA,20242,copy_of_D_Frota_por_UF_Municipio_COMBUSTIVEL_Julho_2026.xlsx
SAO PAULO,PEDREIRA,GASOLINA/ALCOOL/ELETRICO,50,copy_of_D_Frota_por_UF_Municipio_COMBUSTIVEL_Julho_2026.xlsx
SAO PAULO,PEDREIRA,GASOLINA/ALCOOL/GAS NATURAL,11,copy_of_D_Frota_por_UF_Municipio_COMBUSTIVEL_Julho_2026.xlsx
SAO PAULO,PEDREIRA,GASOLINA/ELETRICO,39,copy_of_D_Frota_por_UF_Municipio_COMBUSTIVEL_Julho_2026.xlsx
SAO PAULO,PEDREIRA,GASOLINA/GAS NATURAL VEICULAR,38,copy_of_D_Frota_por_UF_Municipio_COMBUSTIVEL_Julho_2026.xlsx
SAO PAULO,PEDREIRA,HIBRIDO,12,copy_of_D_Frota_por_UF_Municipio_COMBUSTIVEL_Julho_2026.xlsx
SAO PAULO,PEDREIRA,HIBRIDO PLUG-IN,16,copy_of_D_Frota_por_UF_Municipio_COMBUSTIVEL_Julho_2026.xlsx
SAO PAULO,PEDREIRA,Sem Informação,606,copy_of_D_Frota_por_UF_Municipio_COMBUSTIVEL_Julho_2026.xlsx
SAO PAULO,PEDRINHAS PAULISTA,ALCOOL,176,copy_of_D_Frota_por_UF_Municipio_COMBUSTIVEL_Julho_2026.xlsx
SAO PAULO,PEDRINHAS PAULISTA,ALCOOL/GASOLINA,1001,copy_of_D_Frota_por_UF_Municipio_COMBUSTIVEL_Julho_2026.xlsx
SAO PAULO,PEDRINHAS PAULISTA,DIESEL,491,copy_of_D_Frota_por_UF_Municipio_COMBUSTIVEL_Julho_2026.xlsx
SAO PAULO,PEDRINHAS PAULISTA,GASOLINA,836,copy_of_D_Frota_por_UF_Municipio_COMBUSTIVEL_Julho_2026.xlsx
SAO PAULO,PEDRINHAS PAULISTA,GASOLINA/ALCOOL/ELETRICO,4,copy_of_D_Frota_por_UF_Municipio_COMBUSTIVEL_Julho_2026.xlsx
SAO PAULO,PEDRINHAS PAULISTA,GASOLINA/ALCOOL/GAS NATURAL,1,copy_of_D_Frota_por_UF_Municipio_COMBUSTIVEL_Julho_2026.xlsx
SAO PAULO,PEDRINHAS PAULISTA,HIBRIDO PLUG-IN,1,copy_of_D_Frota_por_UF_Municipio_COMBUSTIVEL_Julho_2026.xlsx
SAO PAULO,PEDRINHAS PAULISTA,Sem Informação,166,copy_of_D_Frota_por_UF_Municipio_COMBUSTIVEL_Julho_2026.xlsx
SAO PAULO,PEDRO DE TOLEDO,ALCOOL,167,copy_of_D_Frota_por_UF_Municipio_COMBUSTIVEL_Julho_2026.xlsx
SAO PAULO,PEDRO DE TOLEDO,ALCOOL/GAS NATURAL VEICULAR,1,copy_of_D_Frota_por_UF_Municipio_COMBUSTIVEL_Julho_2026.xlsx
SAO PAULO,PEDRO DE TOLEDO,ALCOOL/GASOLINA,2018,copy_of_D_Frota_por_UF_Municipio_COMBUSTIVEL_Julho_2026.xlsx
SAO PAULO,PEDRO DE TOLEDO,DIESEL,488,copy_of_D_Frota_por_UF_Municipio_COMBUSTIVEL_Julho_2026.xlsx
SAO PAULO,PEDRO DE TOLEDO,DIESEL/GAS NATURAL VEICULAR,1,copy_of_D_Frota_por_UF_Municipio_COMBUSTIVEL_Julho_2026.xlsx
SAO PAULO,PEDRO DE TOLEDO,GASOLINA,2178,copy_of_D_Frota_por_UF_Municipio_COMBUSTIVEL_Julho_2026.xlsx
SAO PAULO,PEDRO DE TOLEDO,GASOLINA/ALCOOL/ELETRICO,2,copy_of_D_Frota_por_UF_Municipio_COMBUSTIVEL_Julho_2026.xlsx
SAO PAULO,PEDRO DE TOLEDO,GASOLINA/ALCOOL/GAS NATURAL,4,copy_of_D_Frota_por_UF_Municipio_COMBUSTIVEL_Julho_2026.xlsx
SAO PAULO,PEDRO DE TOLEDO,GASOLINA/ELETRICO,3,copy_of_D_Frota_por_UF_Municipio_COMBUSTIVEL_Julho_2026.xlsx
SAO PAULO,PEDRO DE TOLEDO,GASOLINA/GAS NATURAL VEICULAR,13,copy_of_D_Frota_por_UF_Municipio_COMBUSTIVEL_Julho_2026.xlsx
SAO PAULO,PEDRO DE TOLEDO,HIBRIDO,1,copy_of_D_Frota_por_UF_Municipio_COMBUSTIVEL_Julho_2026.xlsx
SAO PAULO,PEDRO DE TOLEDO,Sem Informação,197,copy_of_D_Frota_por_UF_Municipio_COMBUSTIVEL_Julho_2026.xlsx
SAO PAULO,PENAPOLIS,ALCOOL,3397,copy_of_D_Frota_por_UF_Municipio_COMBUSTIVEL_Julho_2026.xlsx
SAO PAULO,PENAPOLIS,ALCOOL/GAS NATURAL VEICULAR,1,copy_of_D_Frota_por_UF_Municipio_COMBUSTIVEL_Julho_2026.xlsx
SAO PAULO,PENAPOLIS,ALCOOL/GASOLINA,25083,copy_of_D_Frota_por_UF_Municipio_COMBUSTIVEL_Julho_2026.xlsx
SAO PAULO,PENAPOLIS,DIESEL,5026,copy_of_D_Frota_por_UF_Municipio_COMBUSTIVEL_Julho_2026.xlsx
SAO PAULO,PENAPOLIS,DIESEL/ELETRICO,3,copy_of_D_Frota_por_UF_Municipio_COMBUSTIVEL_Julho_2026.xlsx
SAO PAULO,PENAPOLIS,ELETRICO,5,copy_of_D_Frota_por_UF_Municipio_COMBUSTIVEL_Julho_2026.xlsx
SAO PAULO,PENAPOLIS,ELETRICO/FONTE EXTERNA,28,copy_of_D_Frota_por_UF_Municipio_COMBUSTIVEL_Julho_2026.xlsx
SAO PAULO,PENAPOLIS,ELETRICO/FONTE INTERNA,4,copy_of_D_Frota_por_UF_Municipio_COMBUSTIVEL_Julho_2026.xlsx
SAO PAULO,PENAPOLIS,GASOL/GAS NATURAL COMBUSTIVEL,1,copy_of_D_Frota_por_UF_Municipio_COMBUSTIVEL_Julho_2026.xlsx
SAO PAULO,PENAPOLIS,GASOLINA,24385,copy_of_D_Frota_por_UF_Municipio_COMBUSTIVEL_Julho_2026.xlsx
SAO PAULO,PENAPOLIS,GASOLINA/ALCOOL/ELETRICO,52,copy_of_D_Frota_por_UF_Municipio_COMBUSTIVEL_Julho_2026.xlsx
SAO PAULO,PENAPOLIS,GASOLINA/ALCOOL/GAS NATURAL,9,copy_of_D_Frota_por_UF_Municipio_COMBUSTIVEL_Julho_2026.xlsx
SAO PAULO,PENAPOLIS,GASOLINA/ELETRICO,45,copy_of_D_Frota_por_UF_Municipio_COMBUSTIVEL_Julho_2026.xlsx
SAO PAULO,PENAPOLIS,GASOLINA/GAS NATURAL VEICULAR,13,copy_of_D_Frota_por_UF_Municipio_COMBUSTIVEL_Julho_2026.xlsx
SAO PAULO,PENAPOLIS,HIBRIDO,12,copy_of_D_Frota_por_UF_Municipio_COMBUSTIVEL_Julho_2026.xlsx
SAO PAULO,PENAPOLIS,HIBRIDO PLUG-IN,25,copy_of_D_Frota_por_UF_Municipio_COMBUSTIVEL_Julho_2026.xlsx
SAO PAULO,PENAPOLIS,Sem Informação,3304,copy_of_D_Frota_por_UF_Municipio_COMBUSTIVEL_Julho_2026.xlsx
SAO PAULO,PEREIRA BARRETO,ALCOOL,1308,copy_of_D_Frota_por_UF_Municipio_COMBUSTIVEL_Julho_2026.xlsx
SAO PAULO,PEREIRA BARRETO,ALCOOL/GASOLINA,7509,copy_of_D_Frota_por_UF_Municipio_COMBUSTIVEL_Julho_2026.xlsx
SAO PAULO,PEREIRA BARRETO,DIESEL,1404,copy_of_D_Frota_por_UF_Municipio_COMBUSTIVEL_Julho_2026.xlsx
SAO PAULO,PEREIRA BARRETO,DIESEL/ELETRICO,1,copy_of_D_Frota_por_UF_Municipio_COMBUSTIVEL_Julho_2026.xlsx
SAO PAULO,PEREIRA BARRETO,ELETRICO,1,copy_of_D_Frota_por_UF_Municipio_COMBUSTIVEL_Julho_2026.xlsx
SAO PAULO,PEREIRA BARRETO,ELETRICO/FONTE EXTERNA,4,copy_of_D_Frota_por_UF_Municipio_COMBUSTIVEL_Julho_2026.xlsx
SAO PAULO,PEREIRA BARRETO,GASOLINA,8448,copy_of_D_Frota_por_UF_Municipio_COMBUSTIVEL_Julho_2026.xlsx
SAO PAULO,PEREIRA BARRETO,GASOLINA/ALCOOL/ELETRICO,28,copy_of_D_Frota_por_UF_Municipio_COMBUSTIVEL_Julho_2026.xlsx
SAO PAULO,PEREIRA BARRETO,GASOLINA/ALCOOL/GAS NATURAL,2,copy_of_D_Frota_por_UF_Municipio_COMBUSTIVEL_Julho_2026.xlsx
SAO PAULO,PEREIRA BARRETO,GASOLINA/ELETRICO,8,copy_of_D_Frota_por_UF_Municipio_COMBUSTIVEL_Julho_2026.xlsx
SAO PAULO,PEREIRA BARRETO,GASOLINA/GAS NATURAL VEICULAR,1,copy_of_D_Frota_por_UF_Municipio_COMBUSTIVEL_Julho_2026.xlsx
SAO PAULO,PEREIRA BARRETO,HIBRIDO,2,copy_of_D_Frota_por_UF_Municipio_COMBUSTIVEL_Julho_2026.xlsx
SAO PAULO,PEREIRA BARRETO,HIBRIDO PLUG-IN,2,copy_of_D_Frota_por_UF_Municipio_COMBUSTIVEL_Julho_2026.xlsx
SAO PAULO,PEREIRA BARRETO,Sem Informação,1498,copy_of_D_Frota_por_UF_Municipio_COMBUSTIVEL_Julho_2026.xlsx
SAO PAULO,PEREIRAS,ALCOOL,260,copy_of_D_Frota_por_UF_Municipio_COMBUSTIVEL_Julho_2026.xlsx
SAO PAULO,PEREIRAS,ALCOOL/GAS NATURAL VEICULAR,1,copy_of_D_Frota_por_UF_Municipio_COMBUSTIVEL_Julho_2026.xlsx
SAO PAULO,PEREIRAS,ALCOOL/GASOLINA,2184,copy_of_D_Frota_por_UF_Municipio_COMBUSTIVEL_Julho_2026.xlsx
SAO PAULO,PEREIRAS,DIESEL,544,copy_of_D_Frota_por_UF_Municipio_COMBUSTIVEL_Julho_2026.xlsx
SAO PAULO,PEREIRAS,ELETRICO/FONTE EXTERNA,2,copy_of_D_Frota_por_UF_Municipio_COMBUSTIVEL_Julho_2026.xlsx
SAO PAULO,PEREIRAS,GASOL/GAS NATURAL COMBUSTIVEL,1,copy_of_D_Frota_por_UF_Municipio_COMBUSTIVEL_Julho_2026.xlsx
SAO PAULO,PEREIRAS,GASOLINA,2202,copy_of_D_Frota_por_UF_Municipio_COMBUSTIVEL_Julho_2026.xlsx
SAO PAULO,PEREIRAS,GASOLINA/ALCOOL/ELETRICO,7,copy_of_D_Frota_por_UF_Municipio_COMBUSTIVEL_Julho_2026.xlsx
SAO PAULO,PEREIRAS,GASOLINA/ALCOOL/GAS NATURAL,2,copy_of_D_Frota_por_UF_Municipio_COMBUSTIVEL_Julho_2026.xlsx
SAO PAULO,PEREIRAS,GASOLINA/ELETRICO,7,copy_of_D_Frota_por_UF_Municipio_COMBUSTIVEL_Julho_2026.xlsx
SAO PAULO,PEREIRAS,GASOLINA/GAS NATURAL VEICULAR,12,copy_of_D_Frota_por_UF_Municipio_COMBUSTIVEL_Julho_2026.xlsx
SAO PAULO,PEREIRAS,HIBRIDO,1,copy_of_D_Frota_por_UF_Municipio_COMBUSTIVEL_Julho_2026.xlsx
SAO PAULO,PEREIRAS,HIBRIDO PLUG-IN,1,copy_of_D_Frota_por_UF_Municipio_COMBUSTIVEL_Julho_2026.xlsx
SAO PAULO,PEREIRAS,Sem Informação,200,copy_of_D_Frota_por_UF_Municipio_COMBUSTIVEL_Julho_2026.xlsx
SAO PAULO,PERUIBE,ALCOOL,1650,copy_of_D_Frota_por_UF_Municipio_COMBUSTIVEL_Julho_2026.xlsx
SAO PAULO,PERUIBE,ALCOOL/GAS NATURAL VEICULAR,13,copy_of_D_Frota_por_UF_Municipio_COMBUSTIVEL_Julho_2026.xlsx
SAO PAULO,PERUIBE,ALCOOL/GASOLINA,21347,copy_of_D_Frota_por_UF_Municipio_COMBUSTIVEL_Julho_2026.xlsx
SAO PAULO,PERUIBE,DIESEL,2512,copy_of_D_Frota_por_UF_Municipio_COMBUSTIVEL_Julho_2026.xlsx
SAO PAULO,PERUIBE,DIESEL/ELETRICO,1,copy_of_D_Frota_por_UF_Municipio_COMBUSTIVEL_Julho_2026.xlsx
SAO PAULO,PERUIBE,ELETRICO,4,copy_of_D_Frota_por_UF_Municipio_COMBUSTIVEL_Julho_2026.xlsx
SAO PAULO,PERUIBE,ELETRICO/FONTE EXTERNA,45,copy_of_D_Frota_por_UF_Municipio_COMBUSTIVEL_Julho_2026.xlsx
SAO PAULO,PERUIBE,ELETRICO/FONTE INTERNA,14,copy_of_D_Frota_por_UF_Municipio_COMBUSTIVEL_Julho_2026.xlsx
SAO PAULO,PERUIBE,GASOGENIO,1,copy_of_D_Frota_por_UF_Municipio_COMBUSTIVEL_Julho_2026.xlsx
SAO PAULO,PERUIBE,GASOL/GAS NATURAL COMBUSTIVEL,2,copy_of_D_Frota_por_UF_Municipio_COMBUSTIVEL_Julho_2026.xlsx
SAO PAULO,PERUIBE,GASOLINA,20677,copy_of_D_Frota_por_UF_Municipio_COMBUSTIVEL_Julho_2026.xlsx
SAO PAULO,PERUIBE,GASOLINA/ALCOOL/ELETRICO,44,copy_of_D_Frota_por_UF_Municipio_COMBUSTIVEL_Julho_2026.xlsx
SAO PAULO,PERUIBE,GASOLINA/ALCOOL/GAS NATURAL,36,copy_of_D_Frota_por_UF_Municipio_COMBUSTIVEL_Julho_2026.xlsx
SAO PAULO,PERUIBE,GASOLINA/ELETRICO,56,copy_of_D_Frota_por_UF_Municipio_COMBUSTIVEL_Julho_2026.xlsx
SAO PAULO,PERUIBE,GASOLINA/GAS NATURAL VEICULAR,115,copy_of_D_Frota_por_UF_Municipio_COMBUSTIVEL_Julho_2026.xlsx
SAO PAULO,PERUIBE,HIBRIDO,8,copy_of_D_Frota_por_UF_Municipio_COMBUSTIVEL_Julho_2026.xlsx
SAO PAULO,PERUIBE,HIBRIDO PLUG-IN,13,copy_of_D_Frota_por_UF_Municipio_COMBUSTIVEL_Julho_2026.xlsx
SAO PAULO,PERUIBE,Sem Informação,1327,copy_of_D_Frota_por_UF_Municipio_COMBUSTIVEL_Julho_2026.xlsx
SAO PAULO,PIACATU,ALCOOL,311,copy_of_D_Frota_por_UF_Municipio_COMBUSTIVEL_Julho_2026.xlsx
SAO PAULO,PIACATU,ALCOOL/GAS NATURAL VEICULAR,1,copy_of_D_Frota_por_UF_Municipio_COMBUSTIVEL_Julho_2026.xlsx
SAO PAULO,PIACATU,ALCOOL/GASOLINA,1655,copy_of_D_Frota_por_UF_Municipio_COMBUSTIVEL_Julho_2026.xlsx
SAO PAULO,PIACATU,DIESEL,352,copy_of_D_Frota_por_UF_Municipio_COMBUSTIVEL_Julho_2026.xlsx
SAO PAULO,PIACATU,ELETRICO/FONTE EXTERNA,2,copy_of_D_Frota_por_UF_Municipio_COMBUSTIVEL_Julho_2026.xlsx
SAO PAULO,PIACATU,GASOLINA,1488,copy_of_D_Frota_por_UF_Municipio_COMBUSTIVEL_Julho_2026.xlsx
SAO PAULO,PIACATU,GASOLINA/ELETRICO,4,copy_of_D_Frota_por_UF_Municipio_COMBUSTIVEL_Julho_2026.xlsx
SAO PAULO,PIACATU,HIBRIDO PLUG-IN,1,copy_of_D_Frota_por_UF_Municipio_COMBUSTIVEL_Julho_2026.xlsx
SAO PAULO,PIACATU,Sem Informação,170,copy_of_D_Frota_por_UF_Municipio_COMBUSTIVEL_Julho_2026.xlsx
SAO PAULO,PIEDADE,ALCOOL,2211,copy_of_D_Frota_por_UF_Municipio_COMBUSTIVEL_Julho_2026.xlsx
SAO PAULO,PIEDADE,ALCOOL/GAS NATURAL VEICULAR,4,copy_of_D_Frota_por_UF_Municipio_COMBUSTIVEL_Julho_2026.xlsx
SAO PAULO,PIEDADE,ALCOOL/GASOLINA,18430,copy_of_D_Frota_por_UF_Municipio_COMBUSTIVEL_Julho_2026.xlsx
SAO PAULO,PIEDADE,DIESEL,4122,copy_of_D_Frota_por_UF_Municipio_COMBUSTIVEL_Julho_2026.xlsx
SAO PAULO,PIEDADE,DIESEL/ELETRICO,1,copy_of_D_Frota_por_UF_Municipio_COMBUSTIVEL_Julho_2026.xlsx
SAO PAULO,PIEDADE,ELETRICO,4,copy_of_D_Frota_por_UF_Municipio_COMBUSTIVEL_Julho_2026.xlsx
SAO PAULO,PIEDADE,ELETRICO/FONTE EXTERNA,34,copy_of_D_Frota_por_UF_Municipio_COMBUSTIVEL_Julho_2026.xlsx
SAO PAULO,PIEDADE,ELETRICO/FONTE INTERNA,2,copy_of_D_Frota_por_UF_Municipio_COMBUSTIVEL_Julho_2026.xlsx
SAO PAULO,PIEDADE,GASOL/GAS NATURAL COMBUSTIVEL,1,copy_of_D_Frota_por_UF_Municipio_COMBUSTIVEL_Julho_2026.xlsx
SAO PAULO,PIEDADE,GASOLINA,20415,copy_of_D_Frota_por_UF_Municipio_COMBUSTIVEL_Julho_2026.xlsx
SAO PAULO,PIEDADE,GASOLINA/ALCOOL/ELETRICO,51,copy_of_D_Frota_por_UF_Municipio_COMBUSTIVEL_Julho_2026.xlsx
SAO PAULO,PIEDADE,GASOLINA/ALCOOL/GAS NATURAL,9,copy_of_D_Frota_por_UF_Municipio_COMBUSTIVEL_Julho_2026.xlsx
SAO PAULO,PIEDADE,GASOLINA/ELETRICO,38,copy_of_D_Frota_por_UF_Municipio_COMBUSTIVEL_Julho_2026.xlsx
SAO PAULO,PIEDADE,GASOLINA/GAS NATURAL VEICULAR,74,copy_of_D_Frota_por_UF_Municipio_COMBUSTIVEL_Julho_2026.xlsx
SAO PAULO,PIEDADE,HIBRIDO,5,copy_of_D_Frota_por_UF_Municipio_COMBUSTIVEL_Julho_2026.xlsx
SAO PAULO,PIEDADE,HIBRIDO PLUG-IN,17,copy_of_D_Frota_por_UF_Municipio_COMBUSTIVEL_Julho_2026.xlsx
SAO PAULO,PIEDADE,Sem Informação,1224,copy_of_D_Frota_por_UF_Municipio_COMBUSTIVEL_Julho_2026.xlsx
SAO PAULO,PILAR DO SUL,ALCOOL,1539,copy_of_D_Frota_por_UF_Municipio_COMBUSTIVEL_Julho_2026.xlsx
SAO PAULO,PILAR DO SUL,ALCOOL/GAS NATURAL COMBUSTIVEL,1,copy_of_D_Frota_por_UF_Municipio_COMBUSTIVEL_Julho_2026.xlsx
SAO PAULO,PILAR DO SUL,ALCOOL/GAS NATURAL VEICULAR,3,copy_of_D_Frota_por_UF_Municipio_COMBUSTIVEL_Julho_2026.xlsx
SAO PAULO,PILAR DO SUL,ALCOOL/GASOLINA,11139,copy_of_D_Frota_por_UF_Municipio_COMBUSTIVEL_Julho_2026.xlsx
SAO PAULO,PILAR DO SUL,DIESEL,3028,copy_of_D_Frota_por_UF_Municipio_COMBUSTIVEL_Julho_2026.xlsx
SAO PAULO,PILAR DO SUL,DIESEL/ELETRICO,10,copy_of_D_Frota_por_UF_Municipio_COMBUSTIVEL_Julho_2026.xlsx
SAO PAULO,PILAR DO SUL,ELETRICO/FONTE EXTERNA,21,copy_of_D_Frota_por_UF_Municipio_COMBUSTIVEL_Julho_2026.xlsx
SAO PAULO,PILAR DO SUL,ELETRICO/FONTE INTERNA,1,copy_of_D_Frota_por_UF_Municipio_COMBUSTIVEL_Julho_2026.xlsx
SAO PAULO,PILAR DO SUL,GASOL/GAS NATURAL COMBUSTIVEL,1,copy_of_D_Frota_por_UF_Municipio_COMBUSTIVEL_Julho_2026.xlsx
SAO PAULO,PILAR DO SUL,GASOLINA,11408,copy_of_D_Frota_por_UF_Municipio_COMBUSTIVEL_Julho_2026.xlsx
SAO PAULO,PILAR DO SUL,GASOLINA/ALCOOL/ELETRICO,25,copy_of_D_Frota_por_UF_Municipio_COMBUSTIVEL_Julho_2026.xlsx
SAO PAULO,PILAR DO SUL,GASOLINA/ALCOOL/GAS NATURAL,10,copy_of_D_Frota_por_UF_Municipio_COMBUSTIVEL_Julho_2026.xlsx
SAO PAULO,PILAR DO SUL,GASOLINA/ELETRICO,25,copy_of_D_Frota_por_UF_Municipio_COMBUSTIVEL_Julho_2026.xlsx
SAO PAULO,PILAR DO SUL,GASOLINA/GAS NATURAL VEICULAR,57,copy_of_D_Frota_por_UF_Municipio_COMBUSTIVEL_Julho_2026.xlsx
SAO PAULO,PILAR DO SUL,HIBRIDO,2,copy_of_D_Frota_por_UF_Municipio_COMBUSTIVEL_Julho_2026.xlsx
SAO PAULO,PILAR DO SUL,HIBRIDO PLUG-IN,1,copy_of_D_Frota_por_UF_Municipio_COMBUSTIVEL_Julho_2026.xlsx
SAO PAULO,PILAR DO SUL,Sem Informação,1271,copy_of_D_Frota_por_UF_Municipio_COMBUSTIVEL_Julho_2026.xlsx
SAO PAULO,PINDAMONHANGABA,ALCOOL,5012,copy_of_D_Frota_por_UF_Municipio_COMBUSTIVEL_Julho_2026.xlsx
SAO PAULO,PINDAMONHANGABA,ALCOOL/GAS NATURAL COMBUSTIVEL,3,copy_of_D_Frota_por_UF_Municipio_COMBUSTIVEL_Julho_2026.xlsx
SAO PAULO,PINDAMONHANGABA,ALCOOL/GAS NATURAL VEICULAR,47,copy_of_D_Frota_por_UF_Municipio_COMBUSTIVEL_Julho_2026.xlsx
SAO PAULO,PINDAMONHANGABA,ALCOOL/GASOLINA,50043,copy_of_D_Frota_por_UF_Municipio_COMBUSTIVEL_Julho_2026.xlsx
SAO PAULO,PINDAMONHANGABA,DIESEL,6291,copy_of_D_Frota_por_UF_Municipio_COMBUSTIVEL_Julho_2026.xlsx
SAO PAULO,PINDAMONHANGABA,DIESEL/ELETRICO,3,copy_of_D_Frota_por_UF_Municipio_COMBUSTIVEL_Julho_2026.xlsx
SAO PAULO,PINDAMONHANGABA,ELETRICO,14,copy_of_D_Frota_por_UF_Municipio_COMBUSTIVEL_Julho_2026.xlsx
SAO PAULO,PINDAMONHANGABA,ELETRICO/FONTE EXTERNA,104,copy_of_D_Frota_por_UF_Municipio_COMBUSTIVEL_Julho_2026.xlsx
SAO PAULO,PINDAMONHANGABA,ELETRICO/FONTE INTERNA,10,copy_of_D_Frota_por_UF_Municipio_COMBUSTIVEL_Julho_2026.xlsx
SAO PAULO,PINDAMONHANGABA,GAS METANO,3,copy_of_D_Frota_por_UF_Municipio_COMBUSTIVEL_Julho_2026.xlsx
SAO PAULO,PINDAMONHANGABA,GAS NATURAL VEICULAR,1,copy_of_D_Frota_por_UF_Municipio_COMBUSTIVEL_Julho_2026.xlsx
SAO PAULO,PINDAMONHANGABA,GASOGENIO,1,copy_of_D_Frota_por_UF_Municipio_COMBUSTIVEL_Julho_2026.xlsx
SAO PAULO,PINDAMONHANGABA,GASOL/GAS NATURAL COMBUSTIVEL,13,copy_of_D_Frota_por_UF_Municipio_COMBUSTIVEL_Julho_2026.xlsx
SAO PAULO,PINDAMONHANGABA,GASOLINA,50430,copy_of_D_Frota_por_UF_Municipio_COMBUSTIVEL_Julho_2026.xlsx
SAO PAULO,PINDAMONHANGABA,GASOLINA/ALCOOL/ELETRICO,94,copy_of_D_Frota_por_UF_Municipio_COMBUSTIVEL_Julho_2026.xlsx
SAO PAULO,PINDAMONHANGABA,GASOLINA/ALCOOL/GAS NATURAL,231,copy_of_D_Frota_por_UF_Municipio_COMBUSTIVEL_Julho_2026.xlsx
SAO PAULO,PINDAMONHANGABA,GASOLINA/ELETRICO,145,copy_of_D_Frota_por_UF_Municipio_COMBUSTIVEL_Julho_2026.xlsx
SAO PAULO,PINDAMONHANGABA,GASOLINA/GAS NATURAL VEICULAR,1086,copy_of_D_Frota_por_UF_Municipio_COMBUSTIVEL_Julho_2026.xlsx
SAO PAULO,PINDAMONHANGABA,HIBRIDO,14,copy_of_D_Frota_por_UF_Municipio_COMBUSTIVEL_Julho_2026.xlsx
SAO PAULO,PINDAMONHANGABA,HIBRIDO PLUG-IN,37,copy_of_D_Frota_por_UF_Municipio_COMBUSTIVEL_Julho_2026.xlsx
SAO PAULO,PINDAMONHANGABA,Sem Informação,2794,copy_of_D_Frota_por_UF_Municipio_COMBUSTIVEL_Julho_2026.xlsx
SAO PAULO,PINDORAMA,ALCOOL,1129,copy_of_D_Frota_por_UF_Municipio_COMBUSTIVEL_Julho_2026.xlsx
SAO PAULO,PINDORAMA,ALCOOL/GAS NATURAL VEICULAR,1,copy_of_D_Frota_por_UF_Municipio_COMBUSTIVEL_Julho_2026.xlsx
SAO PAULO,PINDORAMA,ALCOOL/GASOLINA,4718,copy_of_D_Frota_por_UF_Municipio_COMBUSTIVEL_Julho_2026.xlsx
SAO PAULO,PINDORAMA,DIESEL,865,copy_of_D_Frota_por_UF_Municipio_COMBUSTIVEL_Julho_2026.xlsx
SAO PAULO,PINDORAMA,DIESEL/ELETRICO,1,copy_of_D_Frota_por_UF_Municipio_COMBUSTIVEL_Julho_2026.xlsx
SAO PAULO,PINDORAMA,ELETRICO/FONTE EXTERNA,9,copy_of_D_Frota_por_UF_Municipio_COMBUSTIVEL_Julho_2026.xlsx
SAO PAULO,PINDORAMA,GASOLINA,3866,copy_of_D_Frota_por_UF_Municipio_COMBUSTIVEL_Julho_2026.xlsx
SAO PAULO,PINDORAMA,GASOLINA/ALCOOL/ELETRICO,11,copy_of_D_Frota_por_UF_Municipio_COMBUSTIVEL_Julho_2026.xlsx
SAO PAULO,PINDORAMA,GASOLINA/ALCOOL/GAS NATURAL,2,copy_of_D_Frota_por_UF_Municipio_COMBUSTIVEL_Julho_2026.xlsx
SAO PAULO,PINDORAMA,GASOLINA/ELETRICO,11,copy_of_D_Frota_por_UF_Municipio_COMBUSTIVEL_Julho_2026.xlsx
SAO PAULO,PINDORAMA,GASOLINA/GAS NATURAL VEICULAR,1,copy_of_D_Frota_por_UF_Municipio_COMBUSTIVEL_Julho_2026.xlsx
SAO PAULO,PINDORAMA,HIBRIDO,5,copy_of_D_Frota_por_UF_Municipio_COMBUSTIVEL_Julho_2026.xlsx
SAO PAULO,PINDORAMA,HIBRIDO PLUG-IN,4,copy_of_D_Frota_por_UF_Municipio_COMBUSTIVEL_Julho_2026.xlsx
SAO PAULO,PINDORAMA,Sem Informação,400,copy_of_D_Frota_por_UF_Municipio_COMBUSTIVEL_Julho_2026.xlsx
SAO PAULO,PINHALZINHO,ALCOOL,896,copy_of_D_Frota_por_UF_Municipio_COMBUSTIVEL_Julho_2026.xlsx
SAO PAULO,PINHALZINHO,ALCOOL/GAS NATURAL VEICULAR,1,copy_of_D_Frota_por_UF_Municipio_COMBUSTIVEL_Julho_2026.xlsx
SAO PAULO,PINHALZINHO,ALCOOL/GASOLINA,5040,copy_of_D_Frota_por_UF_Municipio_COMBUSTIVEL_Julho_2026.xlsx
SAO PAULO,PINHALZINHO,DIESEL,1156,copy_of_D_Frota_por_UF_Municipio_COMBUSTIVEL_Julho_2026.xlsx
SAO PAULO,PINHALZINHO,DIESEL/ELETRICO,2,copy_of_D_Frota_por_UF_Municipio_COMBUSTIVEL_Julho_2026.xlsx
SAO PAULO,PINHALZINHO,ELETRICO,1,copy_of_D_Frota_por_UF_Municipio_COMBUSTIVEL_Julho_2026.xlsx
SAO PAULO,PINHALZINHO,ELETRICO/FONTE EXTERNA,5,copy_of_D_Frota_por_UF_Municipio_COMBUSTIVEL_Julho_2026.xlsx
SAO PAULO,PINHALZINHO,ELETRICO/FONTE INTERNA,3,copy_of_D_Frota_por_UF_Municipio_COMBUSTIVEL_Julho_2026.xlsx
SAO PAULO,PINHALZINHO,GAS METANO,1,copy_of_D_Frota_por_UF_Municipio_COMBUSTIVEL_Julho_2026.xlsx
SAO PAULO,PINHALZINHO,GASOLINA,6004,copy_of_D_Frota_por_UF_Municipio_COMBUSTIVEL_Julho_2026.xlsx
SAO PAULO,PINHALZINHO,GASOLINA/ALCOOL/ELETRICO,15,copy_of_D_Frota_por_UF_Municipio_COMBUSTIVEL_Julho_2026.xlsx
SAO PAULO,PINHALZINHO,GASOLINA/ALCOOL/GAS NATURAL,7,copy_of_D_Frota_por_UF_Municipio_COMBUSTIVEL_Julho_2026.xlsx
SAO PAULO,PINHALZINHO,GASOLINA/ELETRICO,6,copy_of_D_Frota_por_UF_Municipio_COMBUSTIVEL_Julho_2026.xlsx
SAO PAULO,PINHALZINHO,GASOLINA/GAS NATURAL VEICULAR,19,copy_of_D_Frota_por_UF_Municipio_COMBUSTIVEL_Julho_2026.xlsx
SAO PAULO,PINHALZINHO,HIBRIDO,2,copy_of_D_Frota_por_UF_Municipio_COMBUSTIVEL_Julho_2026.xlsx
SAO PAULO,PINHALZINHO,HIBRIDO PLUG-IN,4,copy_of_D_Frota_por_UF_Municipio_COMBUSTIVEL_Julho_2026.xlsx
SAO PAULO,PINHALZINHO,Sem Informação,283,copy_of_D_Frota_por_UF_Municipio_COMBUSTIVEL_Julho_2026.xlsx
SAO PAULO,PIQUEROBI,ALCOOL,202,copy_of_D_Frota_por_UF_Municipio_COMBUSTIVEL_Julho_2026.xlsx
SAO PAULO,PIQUEROBI,ALCOOL/GAS NATURAL VEICULAR,1,copy_of_D_Frota_por_UF_Municipio_COMBUSTIVEL_Julho_2026.xlsx
SAO PAULO,PIQUEROBI,ALCOOL/GASOLINA,850,copy_of_D_Frota_por_UF_Municipio_COMBUSTIVEL_Julho_2026.xlsx
SAO PAULO,PIQUEROBI,DIESEL,210,copy_of_D_Frota_por_UF_Municipio_COMBUSTIVEL_Julho_2026.xlsx
SAO PAULO,PIQUEROBI,ELETRICO/FONTE EXTERNA,1,copy_of_D_Frota_por_UF_Municipio_COMBUSTIVEL_Julho_2026.xlsx
SAO PAULO,PIQUEROBI,GASOLINA,866,copy_of_D_Frota_por_UF_Municipio_COMBUSTIVEL_Julho_2026.xlsx
SAO PAULO,PIQUEROBI,GASOLINA/ALCOOL/ELETRICO,1,copy_of_D_Frota_por_UF_Municipio_COMBUSTIVEL_Julho_2026.xlsx
SAO PAULO,PIQUEROBI,GASOLINA/ALCOOL/GAS NATURAL,2,copy_of_D_Frota_por_UF_Municipio_COMBUSTIVEL_Julho_2026.xlsx
SAO PAULO,PIQUEROBI,Sem Informação,86,copy_of_D_Frota_por_UF_Municipio_COMBUSTIVEL_Julho_2026.xlsx
SAO PAULO,PIQUETE,ALCOOL,411,copy_of_D_Frota_por_UF_Municipio_COMBUSTIVEL_Julho_2026.xlsx
SAO PAULO,PIQUETE,ALCOOL/GAS NATURAL VEICULAR,2,copy_of_D_Frota_por_UF_Municipio_COMBUSTIVEL_Julho_2026.xlsx
SAO PAULO,PIQUETE,ALCOOL/GASOLINA,2924,copy_of_D_Frota_por_UF_Municipio_COMBUSTIVEL_Julho_2026.xlsx
SAO PAULO,PIQUETE,DIESEL,474,copy_of_D_Frota_por_UF_Municipio_COMBUSTIVEL_Julho_2026.xlsx
SAO PAULO,PIQUETE,ELETRICO,1,copy_of_D_Frota_por_UF_Municipio_COMBUSTIVEL_Julho_2026.xlsx
SAO PAULO,PIQUETE,GASOL/GAS NATURAL COMBUSTIVEL,2,copy_of_D_Frota_por_UF_Municipio_COMBUSTIVEL_Julho_2026.xlsx
SAO PAULO,PIQUETE,GASOLINA,3445,copy_of_D_Frota_por_UF_Municipio_COMBUSTIVEL_Julho_2026.xlsx
SAO PAULO,PIQUETE,GASOLINA/ALCOOL/ELETRICO,2,copy_of_D_Frota_por_UF_Municipio_COMBUSTIVEL_Julho_2026.xlsx
SAO PAULO,PIQUETE,GASOLINA/ALCOOL/GAS NATURAL,10,copy_of_D_Frota_por_UF_Municipio_COMBUSTIVEL_Julho_2026.xlsx
SAO PAULO,PIQUETE,GASOLINA/GAS NATURAL VEICULAR,62,copy_of_D_Frota_por_UF_Municipio_COMBUSTIVEL_Julho_2026.xlsx
SAO PAULO,PIQUETE,HIBRIDO,1,copy_of_D_Frota_por_UF_Municipio_COMBUSTIVEL_Julho_2026.xlsx
SAO PAULO,PIQUETE,HIBRIDO PLUG-IN,2,copy_of_D_Frota_por_UF_Municipio_COMBUSTIVEL_Julho_2026.xlsx
SAO PAULO,PIQUETE,Sem Informação,146,copy_of_D_Frota_por_UF_Municipio_COMBUSTIVEL_Julho_2026.xlsx
SAO PAULO,PIRACAIA,ALCOOL,981,copy_of_D_Frota_por_UF_Municipio_COMBUSTIVEL_Julho_2026.xlsx
SAO PAULO,PIRACAIA,ALCOOL/GAS NATURAL VEICULAR,4,copy_of_D_Frota_por_UF_Municipio_COMBUSTIVEL_Julho_2026.xlsx
SAO PAULO,PIRACAIA,ALCOOL/GASOLINA,10566,copy_of_D_Frota_por_UF_Municipio_COMBUSTIVEL_Julho_2026.xlsx
SAO PAULO,PIRACAIA,DIESEL,1639,copy_of_D_Frota_por_UF_Municipio_COMBUSTIVEL_Julho_2026.xlsx
SAO PAULO,PIRACAIA,DIESEL/ELETRICO,2,copy_of_D_Frota_por_UF_Municipio_COMBUSTIVEL_Julho_2026.xlsx
SAO PAULO,PIRACAIA,ELETRICO,1,copy_of_D_Frota_por_UF_Municipio_COMBUSTIVEL_Julho_2026.xlsx
SAO PAULO,PIRACAIA,ELETRICO/FONTE EXTERNA,22,copy_of_D_Frota_por_UF_Municipio_COMBUSTIVEL_Julho_2026.xlsx
SAO PAULO,PIRACAIA,ELETRICO/FONTE INTERNA,1,copy_of_D_Frota_por_UF_Municipio_COMBUSTIVEL_Julho_2026.xlsx
SAO PAULO,PIRACAIA,GASOL/GAS NATURAL COMBUSTIVEL,2,copy_of_D_Frota_por_UF_Municipio_COMBUSTIVEL_Julho_2026.xlsx
SAO PAULO,PIRACAIA,GASOLINA,10566,copy_of_D_Frota_por_UF_Municipio_COMBUSTIVEL_Julho_2026.xlsx
SAO PAULO,PIRACAIA,GASOLINA/ALCOOL/ELETRICO,17,copy_of_D_Frota_por_UF_Municipio_COMBUSTIVEL_Julho_2026.xlsx
SAO PAULO,PIRACAIA,GASOLINA/ALCOOL/GAS NATURAL,7,copy_of_D_Frota_por_UF_Municipio_COMBUSTIVEL_Julho_2026.xlsx
SAO PAULO,PIRACAIA,GASOLINA/ELETRICO,32,copy_of_D_Frota_por_UF_Municipio_COMBUSTIVEL_Julho_2026.xlsx
SAO PAULO,PIRACAIA,GASOLINA/GAS NATURAL VEICULAR,44,copy_of_D_Frota_por_UF_Municipio_COMBUSTIVEL_Julho_2026.xlsx
SAO PAULO,PIRACAIA,HIBRIDO,1,copy_of_D_Frota_por_UF_Municipio_COMBUSTIVEL_Julho_2026.xlsx
SAO PAULO,PIRACAIA,HIBRIDO PLUG-IN,6,copy_of_D_Frota_por_UF_Municipio_COMBUSTIVEL_Julho_2026.xlsx
SAO PAULO,PIRACAIA,Sem Informação,526,copy_of_D_Frota_por_UF_Municipio_COMBUSTIVEL_Julho_2026.xlsx
SAO PAULO,PIRACICABA,ALCOOL,21515,copy_of_D_Frota_por_UF_Municipio_COMBUSTIVEL_Julho_2026.xlsx
SAO PAULO,PIRACICABA,ALCOOL/GAS NATURAL COMBUSTIVEL,5,copy_of_D_Frota_por_UF_Municipio_COMBUSTIVEL_Julho_2026.xlsx
SAO PAULO,PIRACICABA,ALCOOL/GAS NATURAL VEICULAR,52,copy_of_D_Frota_por_UF_Municipio_COMBUSTIVEL_Julho_2026.xlsx
SAO PAULO,PIRACICABA,ALCOOL/GASOLINA,164240,copy_of_D_Frota_por_UF_Municipio_COMBUSTIVEL_Julho_2026.xlsx
SAO PAULO,PIRACICABA,CELULA COMBUSTIVEL,1,copy_of_D_Frota_por_UF_Municipio_COMBUSTIVEL_Julho_2026.xlsx
SAO PAULO,PIRACICABA,DIESEL,25554,copy_of_D_Frota_por_UF_Municipio_COMBUSTIVEL_Julho_2026.xlsx
SAO PAULO,PIRACICABA,DIESEL/ELETRICO,39,copy_of_D_Frota_por_UF_Municipio_COMBUSTIVEL_Julho_2026.xlsx
SAO PAULO,PIRACICABA,DIESEL/GAS NATURAL VEICULAR,1,copy_of_D_Frota_por_UF_Municipio_COMBUSTIVEL_Julho_2026.xlsx
SAO PAULO,PIRACICABA,ELETRICO,73,copy_of_D_Frota_por_UF_Municipio_COMBUSTIVEL_Julho_2026.xlsx
SAO PAULO,PIRACICABA,ELETRICO/FONTE EXTERNA,1139,copy_of_D_Frota_por_UF_Municipio_COMBUSTIVEL_Julho_2026.xlsx
SAO PAULO,PIRACICABA,ELETRICO/FONTE INTERNA,43,copy_of_D_Frota_por_UF_Municipio_COMBUSTIVEL_Julho_2026.xlsx
SAO PAULO,PIRACICABA,GAS NATURAL VEICULAR,2,copy_of_D_Frota_por_UF_Municipio_COMBUSTIVEL_Julho_2026.xlsx
SAO PAULO,PIRACICABA,GASOL/GAS NATURAL COMBUSTIVEL,37,copy_of_D_Frota_por_UF_Municipio_COMBUSTIVEL_Julho_2026.xlsx
SAO PAULO,PIRACICABA,GASOLINA,143381,copy_of_D_Frota_por_UF_Municipio_COMBUSTIVEL_Julho_2026.xlsx
SAO PAULO,PIRACICABA,GASOLINA/ALCOOL/ELETRICO,746,copy_of_D_Frota_por_UF_Municipio_COMBUSTIVEL_Julho_2026.xlsx
SAO PAULO,PIRACICABA,GASOLINA/ALCOOL/GAS NATURAL,172,copy_of_D_Frota_por_UF_Municipio_COMBUSTIVEL_Julho_2026.xlsx
SAO PAULO,PIRACICABA,GASOLINA/ELETRICO,1460,copy_of_D_Frota_por_UF_Municipio_COMBUSTIVEL_Julho_2026.xlsx
SAO PAULO,PIRACICABA,GASOLINA/GAS NATURAL VEICULAR,1014,copy_of_D_Frota_por_UF_Municipio_COMBUSTIVEL_Julho_2026.xlsx
SAO PAULO,PIRACICABA,HIBRIDO,129,copy_of_D_Frota_por_UF_Municipio_COMBUSTIVEL_Julho_2026.xlsx
SAO PAULO,PIRACICABA,HIBRIDO PLUG-IN,236,copy_of_D_Frota_por_UF_Municipio_COMBUSTIVEL_Julho_2026.xlsx
SAO PAULO,PIRACICABA,Sem Informação,13775,copy_of_D_Frota_por_UF_Municipio_COMBUSTIVEL_Julho_2026.xlsx
SAO PAULO,PIRAJU,ALCOOL,1550,copy_of_D_Frota_por_UF_Municipio_COMBUSTIVEL_Julho_2026.xlsx
SAO PAULO,PIRAJU,ALCOOL/GASOLINA,9350,copy_of_D_Frota_por_UF_Municipio_COMBUSTIVEL_Julho_2026.xlsx
SAO PAULO,PIRAJU,DIESEL,1651,copy_of_D_Frota_por_UF_Municipio_COMBUSTIVEL_Julho_2026.xlsx
SAO PAULO,PIRAJU,ELETRICO,2,copy_of_D_Frota_por_UF_Municipio_COMBUSTIVEL_Julho_2026.xlsx
SAO PAULO,PIRAJU,ELETRICO/FONTE EXTERNA,6,copy_of_D_Frota_por_UF_Municipio_COMBUSTIVEL_Julho_2026.xlsx
SAO PAULO,PIRAJU,ELETRICO/FONTE INTERNA,5,copy_of_D_Frota_por_UF_Municipio_COMBUSTIVEL_Julho_2026.xlsx
SAO PAULO,PIRAJU,GAS METANO,1,copy_of_D_Frota_por_UF_Municipio_COMBUSTIVEL_Julho_2026.xlsx
SAO PAULO,PIRAJU,GASOLINA,10509,copy_of_D_Frota_por_UF_Municipio_COMBUSTIVEL_Julho_2026.xlsx
SAO PAULO,PIRAJU,GASOLINA/ALCOOL/ELETRICO,20,copy_of_D_Frota_por_UF_Municipio_COMBUSTIVEL_Julho_2026.xlsx
SAO PAULO,PIRAJU,GASOLINA/ALCOOL/GAS NATURAL,5,copy_of_D_Frota_por_UF_Municipio_COMBUSTIVEL_Julho_2026.xlsx
SAO PAULO,PIRAJU,GASOLINA/ELETRICO,13,copy_of_D_Frota_por_UF_Municipio_COMBUSTIVEL_Julho_2026.xlsx
SAO PAULO,PIRAJU,GASOLINA/GAS NATURAL VEICULAR,2,copy_of_D_Frota_por_UF_Municipio_COMBUSTIVEL_Julho_2026.xlsx
SAO PAULO,PIRAJU,HIBRIDO,2,copy_of_D_Frota_por_UF_Municipio_COMBUSTIVEL_Julho_2026.xlsx
SAO PAULO,PIRAJU,HIBRIDO PLUG-IN,6,copy_of_D_Frota_por_UF_Municipio_COMBUSTIVEL_Julho_2026.xlsx
SAO PAULO,PIRAJU,Sem Informação,1103,copy_of_D_Frota_por_UF_Municipio_COMBUSTIVEL_Julho_2026.xlsx
SAO PAULO,PIRAJUI,ALCOOL,1024,copy_of_D_Frota_por_UF_Municipio_COMBUSTIVEL_Julho_2026.xlsx
SAO PAULO,PIRAJUI,ALCOOL/GASOLINA,6558,copy_of_D_Frota_por_UF_Municipio_COMBUSTIVEL_Julho_2026.xlsx
SAO PAULO,PIRAJUI,DIESEL,1079,copy_of_D_Frota_por_UF_Municipio_COMBUSTIVEL_Julho_2026.xlsx
SAO PAULO,PIRAJUI,ELETRICO/FONTE EXTERNA,2,copy_of_D_Frota_por_UF_Municipio_COMBUSTIVEL_Julho_2026.xlsx
SAO PAULO,PIRAJUI,GASOLINA,6012,copy_of_D_Frota_por_UF_Municipio_COMBUSTIVEL_Julho_2026.xlsx
SAO PAULO,PIRAJUI,GASOLINA/ALCOOL/ELETRICO,13,copy_of_D_Frota_por_UF_Municipio_COMBUSTIVEL_Julho_2026.xlsx
SAO PAULO,PIRAJUI,GASOLINA/ALCOOL/GAS NATURAL,4,copy_of_D_Frota_por_UF_Municipio_COMBUSTIVEL_Julho_2026.xlsx
SAO PAULO,PIRAJUI,GASOLINA/ELETRICO,16,copy_of_D_Frota_por_UF_Municipio_COMBUSTIVEL_Julho_2026.xlsx
SAO PAULO,PIRAJUI,GASOLINA/GAS NATURAL VEICULAR,2,copy_of_D_Frota_por_UF_Municipio_COMBUSTIVEL_Julho_2026.xlsx
SAO PAULO,PIRAJUI,HIBRIDO,2,copy_of_D_Frota_por_UF_Municipio_COMBUSTIVEL_Julho_2026.xlsx
SAO PAULO,PIRAJUI,HIBRIDO PLUG-IN,3,copy_of_D_Frota_por_UF_Municipio_COMBUSTIVEL_Julho_2026.xlsx
SAO PAULO,PIRAJUI,Sem Informação,612,copy_of_D_Frota_por_UF_Municipio_COMBUSTIVEL_Julho_2026.xlsx
SAO PAULO,PIRANGI,ALCOOL,911,copy_of_D_Frota_por_UF_Municipio_COMBUSTIVEL_Julho_2026.xlsx
SAO PAULO,PIRANGI,ALCOOL/GASOLINA,3703,copy_of_D_Frota_por_UF_Municipio_COMBUSTIVEL_Julho_2026.xlsx
SAO PAULO,PIRANGI,DIESEL,1318,copy_of_D_Frota_por_UF_Municipio_COMBUSTIVEL_Julho_2026.xlsx
SAO PAULO,PIRANGI,ELETRICO/FONTE EXTERNA,5,copy_of_D_Frota_por_UF_Municipio_COMBUSTIVEL_Julho_2026.xlsx
SAO PAULO,PIRANGI,ELETRICO/FONTE INTERNA,2,copy_of_D_Frota_por_UF_Municipio_COMBUSTIVEL_Julho_2026.xlsx
SAO PAULO,PIRANGI,GASOLINA,2750,copy_of_D_Frota_por_UF_Municipio_COMBUSTIVEL_Julho_2026.xlsx
SAO PAULO,PIRANGI,GASOLINA/ALCOOL/ELETRICO,15,copy_of_D_Frota_por_UF_Municipio_COMBUSTIVEL_Julho_2026.xlsx
SAO PAULO,PIRANGI,GASOLINA/ELETRICO,3,copy_of_D_Frota_por_UF_Municipio_COMBUSTIVEL_Julho_2026.xlsx
SAO PAULO,PIRANGI,GASOLINA/GAS NATURAL VEICULAR,2,copy_of_D_Frota_por_UF_Municipio_COMBUSTIVEL_Julho_2026.xlsx
SAO PAULO,PIRANGI,HIBRIDO,1,copy_of_D_Frota_por_UF_Municipio_COMBUSTIVEL_Julho_2026.xlsx
SAO PAULO,PIRANGI,HIBRIDO PLUG-IN,3,copy_of_D_Frota_por_UF_Municipio_COMBUSTIVEL_Julho_2026.xlsx
SAO PAULO,PIRANGI,Sem Informação,755,copy_of_D_Frota_por_UF_Municipio_COMBUSTIVEL_Julho_2026.xlsx
SAO PAULO,PIRAPORA DO BOM JESUS,ALCOOL,481,copy_of_D_Frota_por_UF_Municipio_COMBUSTIVEL_Julho_2026.xlsx
SAO PAULO,PIRAPORA DO BOM JESUS,ALCOOL/GAS NATURAL VEICULAR,4,copy_of_D_Frota_por_UF_Municipio_COMBUSTIVEL_Julho_2026.xlsx
SAO PAULO,PIRAPORA DO BOM JESUS,ALCOOL/GASOLINA,4754,copy_of_D_Frota_por_UF_Municipio_COMBUSTIVEL_Julho_2026.xlsx
SAO PAULO,PIRAPORA DO BOM JESUS,DIESEL,803,copy_of_D_Frota_por_UF_Municipio_COMBUSTIVEL_Julho_2026.xlsx
SAO PAULO,PIRAPORA DO BOM JESUS,ELETRICO,3,copy_of_D_Frota_por_UF_Municipio_COMBUSTIVEL_Julho_2026.xlsx
SAO PAULO,PIRAPORA DO BOM JESUS,ELETRICO/FONTE EXTERNA,13,copy_of_D_Frota_por_UF_Municipio_COMBUSTIVEL_Julho_2026.xlsx
SAO PAULO,PIRAPORA DO BOM JESUS,GASOL/GAS NATURAL COMBUSTIVEL,4,copy_of_D_Frota_por_UF_Municipio_COMBUSTIVEL_Julho_2026.xlsx
SAO PAULO,PIRAPORA DO BOM JESUS,GASOLINA,5108,copy_of_D_Frota_por_UF_Municipio_COMBUSTIVEL_Julho_2026.xlsx
SAO PAULO,PIRAPORA DO BOM JESUS,GASOLINA/ALCOOL/ELETRICO,13,copy_of_D_Frota_por_UF_Municipio_COMBUSTIVEL_Julho_2026.xlsx
SAO PAULO,PIRAPORA DO BOM JESUS,GASOLINA/ALCOOL/GAS NATURAL,13,copy_of_D_Frota_por_UF_Municipio_COMBUSTIVEL_Julho_2026.xlsx
SAO PAULO,PIRAPORA DO BOM JESUS,GASOLINA/ELETRICO,7,copy_of_D_Frota_por_UF_Municipio_COMBUSTIVEL_Julho_2026.xlsx
SAO PAULO,PIRAPORA DO BOM JESUS,GASOLINA/GAS NATURAL VEICULAR,51,copy_of_D_Frota_por_UF_Municipio_COMBUSTIVEL_Julho_2026.xlsx
SAO PAULO,PIRAPORA DO BOM JESUS,Sem Informação,133,copy_of_D_Frota_por_UF_Municipio_COMBUSTIVEL_Julho_2026.xlsx
SAO PAULO,PIRAPOZINHO,ALCOOL,1387,copy_of_D_Frota_por_UF_Municipio_COMBUSTIVEL_Julho_2026.xlsx
SAO PAULO,PIRAPOZINHO,ALCOOL/GAS NATURAL VEICULAR,2,copy_of_D_Frota_por_UF_Municipio_COMBUSTIVEL_Julho_2026.xlsx
SAO PAULO,PIRAPOZINHO,ALCOOL/GASOLINA,7829,copy_of_D_Frota_por_UF_Municipio_COMBUSTIVEL_Julho_2026.xlsx
SAO PAULO,PIRAPOZINHO,DIESEL,1601,copy_of_D_Frota_por_UF_Municipio_COMBUSTIVEL_Julho_2026.xlsx
SAO PAULO,PIRAPOZINHO,ELETRICO,2,copy_of_D_Frota_por_UF_Municipio_COMBUSTIVEL_Julho_2026.xlsx
SAO PAULO,PIRAPOZINHO,ELETRICO/FONTE EXTERNA,12,copy_of_D_Frota_por_UF_Municipio_COMBUSTIVEL_Julho_2026.xlsx
SAO PAULO,PIRAPOZINHO,GAS METANO,1,copy_of_D_Frota_por_UF_Municipio_COMBUSTIVEL_Julho_2026.xlsx
SAO PAULO,PIRAPOZINHO,GASOLINA,8081,copy_of_D_Frota_por_UF_Municipio_COMBUSTIVEL_Julho_2026.xlsx
SAO PAULO,PIRAPOZINHO,GASOLINA/ALCOOL/ELETRICO,22,copy_of_D_Frota_por_UF_Municipio_COMBUSTIVEL_Julho_2026.xlsx
SAO PAULO,PIRAPOZINHO,GASOLINA/ALCOOL/GAS NATURAL,1,copy_of_D_Frota_por_UF_Municipio_COMBUSTIVEL_Julho_2026.xlsx
SAO PAULO,PIRAPOZINHO,GASOLINA/ELETRICO,14,copy_of_D_Frota_por_UF_Municipio_COMBUSTIVEL_Julho_2026.xlsx
SAO PAULO,PIRAPOZINHO,GASOLINA/GAS NATURAL VEICULAR,3,copy_of_D_Frota_por_UF_Municipio_COMBUSTIVEL_Julho_2026.xlsx
SAO PAULO,PIRAPOZINHO,HIBRIDO,3,copy_of_D_Frota_por_UF_Municipio_COMBUSTIVEL_Julho_2026.xlsx
SAO PAULO,PIRAPOZINHO,HIBRIDO PLUG-IN,6,copy_of_D_Frota_por_UF_Municipio_COMBUSTIVEL_Julho_2026.xlsx
SAO PAULO,PIRAPOZINHO,Sem Informação,967,copy_of_D_Frota_por_UF_Municipio_COMBUSTIVEL_Julho_2026.xlsx
SAO PAULO,PIRASSUNUNGA,ALCOOL,4146,copy_of_D_Frota_por_UF_Municipio_COMBUSTIVEL_Julho_2026.xlsx
SAO PAULO,PIRASSUNUNGA,ALCOOL/GAS NATURAL VEICULAR,6,copy_of_D_Frota_por_UF_Municipio_COMBUSTIVEL_Julho_2026.xlsx
SAO PAULO,PIRASSUNUNGA,ALCOOL/GASOLINA,25858,copy_of_D_Frota_por_UF_Municipio_COMBUSTIVEL_Julho_2026.xlsx
SAO PAULO,PIRASSUNUNGA,DIESEL,4156,copy_of_D_Frota_por_UF_Municipio_COMBUSTIVEL_Julho_2026.xlsx
SAO PAULO,PIRASSUNUNGA,DIESEL/ELETRICO,3,copy_of_D_Frota_por_UF_Municipio_COMBUSTIVEL_Julho_2026.xlsx
SAO PAULO,PIRASSUNUNGA,ELETRICO,4,copy_of_D_Frota_por_UF_Municipio_COMBUSTIVEL_Julho_2026.xlsx
SAO PAULO,PIRASSUNUNGA,ELETRICO/FONTE EXTERNA,42,copy_of_D_Frota_por_UF_Municipio_COMBUSTIVEL_Julho_2026.xlsx
SAO PAULO,PIRASSUNUNGA,ELETRICO/FONTE INTERNA,8,copy_of_D_Frota_por_UF_Municipio_COMBUSTIVEL_Julho_2026.xlsx
SAO PAULO,PIRASSUNUNGA,GASOL/GAS NATURAL COMBUSTIVEL,3,copy_of_D_Frota_por_UF_Municipio_COMBUSTIVEL_Julho_2026.xlsx
SAO PAULO,PIRASSUNUNGA,GASOLINA,29257,copy_of_D_Frota_por_UF_Municipio_COMBUSTIVEL_Julho_2026.xlsx
SAO PAULO,PIRASSUNUNGA,GASOLINA/ALCOOL/ELETRICO,153,copy_of_D_Frota_por_UF_Municipio_COMBUSTIVEL_Julho_2026.xlsx
SAO PAULO,PIRASSUNUNGA,GASOLINA/ALCOOL/GAS NATURAL,20,copy_of_D_Frota_por_UF_Municipio_COMBUSTIVEL_Julho_2026.xlsx
SAO PAULO,PIRASSUNUNGA,GASOLINA/ELETRICO,78,copy_of_D_Frota_por_UF_Municipio_COMBUSTIVEL_Julho_2026.xlsx
SAO PAULO,PIRASSUNUNGA,GASOLINA/GAS NATURAL VEICULAR,81,copy_of_D_Frota_por_UF_Municipio_COMBUSTIVEL_Julho_2026.xlsx
SAO PAULO,PIRASSUNUNGA,HIBRIDO,8,copy_of_D_Frota_por_UF_Municipio_COMBUSTIVEL_Julho_2026.xlsx
SAO PAULO,PIRASSUNUNGA,HIBRIDO PLUG-IN,18,copy_of_D_Frota_por_UF_Municipio_COMBUSTIVEL_Julho_2026.xlsx
SAO PAULO,PIRASSUNUNGA,Sem Informação,3054,copy_of_D_Frota_por_UF_Municipio_COMBUSTIVEL_Julho_2026.xlsx
SAO PAULO,PIRATININGA,ALCOOL,690,copy_of_D_Frota_por_UF_Municipio_COMBUSTIVEL_Julho_2026.xlsx
SAO PAULO,PIRATININGA,ALCOOL/GAS NATURAL VEICULAR,2,copy_of_D_Frota_por_UF_Municipio_COMBUSTIVEL_Julho_2026.xlsx
SAO PAULO,PIRATININGA,ALCOOL/GASOLINA,5215,copy_of_D_Frota_por_UF_Municipio_COMBUSTIVEL_Julho_2026.xlsx
SAO PAULO,PIRATININGA,DIESEL,1060,copy_of_D_Frota_por_UF_Municipio_COMBUSTIVEL_Julho_2026.xlsx
SAO PAULO,PIRATININGA,ELETRICO,3,copy_of_D_Frota_por_UF_Municipio_COMBUSTIVEL_Julho_2026.xlsx
SAO PAULO,PIRATININGA,ELETRICO/FONTE EXTERNA,50,copy_of_D_Frota_por_UF_Municipio_COMBUSTIVEL_Julho_2026.xlsx
SAO PAULO,PIRATININGA,ELETRICO/FONTE INTERNA,2,copy_of_D_Frota_por_UF_Municipio_COMBUSTIVEL_Julho_2026.xlsx
SAO PAULO,PIRATININGA,GASOLINA,3903,copy_of_D_Frota_por_UF_Municipio_COMBUSTIVEL_Julho_2026.xlsx
SAO PAULO,PIRATININGA,GASOLINA/ALCOOL/ELETRICO,23,copy_of_D_Frota_por_UF_Municipio_COMBUSTIVEL_Julho_2026.xlsx
SAO PAULO,PIRATININGA,GASOLINA/ELETRICO,53,copy_of_D_Frota_por_UF_Municipio_COMBUSTIVEL_Julho_2026.xlsx
SAO PAULO,PIRATININGA,GASOLINA/GAS NATURAL VEICULAR,3,copy_of_D_Frota_por_UF_Municipio_COMBUSTIVEL_Julho_2026.xlsx
SAO PAULO,PIRATININGA,HIBRIDO,4,copy_of_D_Frota_por_UF_Municipio_COMBUSTIVEL_Julho_2026.xlsx
SAO PAULO,PIRATININGA,HIBRIDO PLUG-IN,19,copy_of_D_Frota_por_UF_Municipio_COMBUSTIVEL_Julho_2026.xlsx
SAO PAULO,PIRATININGA,Sem Informação,544,copy_of_D_Frota_por_UF_Municipio_COMBUSTIVEL_Julho_2026.xlsx
SAO PAULO,PITANGUEIRAS,ALCOOL,2053,copy_of_D_Frota_por_UF_Municipio_COMBUSTIVEL_Julho_2026.xlsx
SAO PAULO,PITANGUEIRAS,ALCOOL/GAS NATURAL COMBUSTIVEL,1,copy_of_D_Frota_por_UF_Municipio_COMBUSTIVEL_Julho_2026.xlsx
SAO PAULO,PITANGUEIRAS,ALCOOL/GAS NATURAL VEICULAR,1,copy_of_D_Frota_por_UF_Municipio_COMBUSTIVEL_Julho_2026.xlsx
SAO PAULO,PITANGUEIRAS,ALCOOL/GASOLINA,9479,copy_of_D_Frota_por_UF_Municipio_COMBUSTIVEL_Julho_2026.xlsx
SAO PAULO,PITANGUEIRAS,DIESEL,2715,copy_of_D_Frota_por_UF_Municipio_COMBUSTIVEL_Julho_2026.xlsx
SAO PAULO,PITANGUEIRAS,DIESEL/ELETRICO,5,copy_of_D_Frota_por_UF_Municipio_COMBUSTIVEL_Julho_2026.xlsx
SAO PAULO,PITANGUEIRAS,ELETRICO,3,copy_of_D_Frota_por_UF_Municipio_COMBUSTIVEL_Julho_2026.xlsx
SAO PAULO,PITANGUEIRAS,ELETRICO/FONTE EXTERNA,13,copy_of_D_Frota_por_UF_Municipio_COMBUSTIVEL_Julho_2026.xlsx
SAO PAULO,PITANGUEIRAS,ELETRICO/FONTE INTERNA,1,copy_of_D_Frota_por_UF_Municipio_COMBUSTIVEL_Julho_2026.xlsx
SAO PAULO,PITANGUEIRAS,GASOL/GAS NATURAL COMBUSTIVEL,1,copy_of_D_Frota_por_UF_Municipio_COMBUSTIVEL_Julho_2026.xlsx
SAO PAULO,PITANGUEIRAS,GASOLINA,9579,copy_of_D_Frota_por_UF_Municipio_COMBUSTIVEL_Julho_2026.xlsx
SAO PAULO,PITANGUEIRAS,GASOLINA/ALCOOL/ELETRICO,7,copy_of_D_Frota_por_UF_Municipio_COMBUSTIVEL_Julho_2026.xlsx
SAO PAULO,PITANGUEIRAS,GASOLINA/ALCOOL/GAS NATURAL,2,copy_of_D_Frota_por_UF_Municipio_COMBUSTIVEL_Julho_2026.xlsx
SAO PAULO,PITANGUEIRAS,GASOLINA/ELETRICO,14,copy_of_D_Frota_por_UF_Municipio_COMBUSTIVEL_Julho_2026.xlsx
SAO PAULO,PITANGUEIRAS,GASOLINA/GAS NATURAL VEICULAR,6,copy_of_D_Frota_por_UF_Municipio_COMBUSTIVEL_Julho_2026.xlsx
SAO PAULO,PITANGUEIRAS,HIBRIDO,2,copy_of_D_Frota_por_UF_Municipio_COMBUSTIVEL_Julho_2026.xlsx
SAO PAULO,PITANGUEIRAS,HIBRIDO PLUG-IN,5,copy_of_D_Frota_por_UF_Municipio_COMBUSTIVEL_Julho_2026.xlsx
SAO PAULO,PITANGUEIRAS,Sem Informação,1706,copy_of_D_Frota_por_UF_Municipio_COMBUSTIVEL_Julho_2026.xlsx
SAO PAULO,PLANALTO,ALCOOL,304,copy_of_D_Frota_por_UF_Municipio_COMBUSTIVEL_Julho_2026.xlsx
SAO PAULO,PLANALTO,ALCOOL/GASOLINA,1232,copy_of_D_Frota_por_UF_Municipio_COMBUSTIVEL_Julho_2026.xlsx
SAO PAULO,PLANALTO,DIESEL,545,copy_of_D_Frota_por_UF_Municipio_COMBUSTIVEL_Julho_2026.xlsx
SAO PAULO,PLANALTO,ELETRICO/FONTE EXTERNA,3,copy_of_D_Frota_por_UF_Municipio_COMBUSTIVEL_Julho_2026.xlsx
SAO PAULO,PLANALTO,GASOLINA,1199,copy_of_D_Frota_por_UF_Municipio_COMBUSTIVEL_Julho_2026.xlsx
SAO PAULO,PLANALTO,GASOLINA/GAS NATURAL VEICULAR,1,copy_of_D_Frota_por_UF_Municipio_COMBUSTIVEL_Julho_2026.xlsx
SAO PAULO,PLANALTO,HIBRIDO,1,copy_of_D_Frota_por_UF_Municipio_COMBUSTIVEL_Julho_2026.xlsx
SAO PAULO,PLANALTO,HIBRIDO PLUG-IN,1,copy_of_D_Frota_por_UF_Municipio_COMBUSTIVEL_Julho_2026.xlsx
SAO PAULO,PLANALTO,Sem Informação,668,copy_of_D_Frota_por_UF_Municipio_COMBUSTIVEL_Julho_2026.xlsx
SAO PAULO,PLATINA,ALCOOL,184,copy_of_D_Frota_por_UF_Municipio_COMBUSTIVEL_Julho_2026.xlsx
SAO PAULO,PLATINA,ALCOOL/GASOLINA,665,copy_of_D_Frota_por_UF_Municipio_COMBUSTIVEL_Julho_2026.xlsx
SAO PAULO,PLATINA,DIESEL,237,copy_of_D_Frota_por_UF_Municipio_COMBUSTIVEL_Julho_2026.xlsx
SAO PAULO,PLATINA,GASOLINA,722,copy_of_D_Frota_por_UF_Municipio_COMBUSTIVEL_Julho_2026.xlsx
SAO PAULO,PLATINA,GASOLINA/ALCOOL/ELETRICO,1,copy_of_D_Frota_por_UF_Municipio_COMBUSTIVEL_Julho_2026.xlsx
SAO PAULO,PLATINA,GASOLINA/GAS NATURAL VEICULAR,1,copy_of_D_Frota_por_UF_Municipio_COMBUSTIVEL_Julho_2026.xlsx
SAO PAULO,PLATINA,Sem Informação,74,copy_of_D_Frota_por_UF_Municipio_COMBUSTIVEL_Julho_2026.xlsx
SAO PAULO,POA,ALCOOL,2834,copy_of_D_Frota_por_UF_Municipio_COMBUSTIVEL_Julho_2026.xlsx
SAO PAULO,POA,ALCOOL/GAS NATURAL COMBUSTIVEL,3,copy_of_D_Frota_por_UF_Municipio_COMBUSTIVEL_Julho_2026.xlsx
SAO PAULO,POA,ALCOOL/GAS NATURAL VEICULAR,55,copy_of_D_Frota_por_UF_Municipio_COMBUSTIVEL_Julho_2026.xlsx
SAO PAULO,POA,ALCOOL/GASOLINA,30673,copy_of_D_Frota_por_UF_Municipio_COMBUSTIVEL_Julho_2026.xlsx
SAO PAULO,POA,DIESEL,3132,copy_of_D_Frota_por_UF_Municipio_COMBUSTIVEL_Julho_2026.xlsx
SAO PAULO,POA,DIESEL/ELETRICO,3,copy_of_D_Frota_por_UF_Municipio_COMBUSTIVEL_Julho_2026.xlsx
SAO PAULO,POA,ELETRICO,5,copy_of_D_Frota_por_UF_Municipio_COMBUSTIVEL_Julho_2026.xlsx
SAO PAULO,POA,ELETRICO/FONTE EXTERNA,78,copy_of_D_Frota_por_UF_Municipio_COMBUSTIVEL_Julho_2026.xlsx
SAO PAULO,POA,ELETRICO/FONTE INTERNA,6,copy_of_D_Frota_por_UF_Municipio_COMBUSTIVEL_Julho_2026.xlsx
SAO PAULO,POA,GAS METANO,9,copy_of_D_Frota_por_UF_Municipio_COMBUSTIVEL_Julho_2026.xlsx
SAO PAULO,POA,GASOL/GAS NATURAL COMBUSTIVEL,47,copy_of_D_Frota_por_UF_Municipio_COMBUSTIVEL_Julho_2026.xlsx
SAO PAULO,POA,GASOLINA,26904,copy_of_D_Frota_por_UF_Municipio_COMBUSTIVEL_Julho_2026.xlsx
SAO PAULO,POA,GASOLINA/ALCOOL/ELETRICO,83,copy_of_D_Frota_por_UF_Municipio_COMBUSTIVEL_Julho_2026.xlsx
SAO PAULO,POA,GASOLINA/ALCOOL/GAS NATURAL,205,copy_of_D_Frota_por_UF_Municipio_COMBUSTIVEL_Julho_2026.xlsx
SAO PAULO,POA,GASOLINA/ELETRICO,101,copy_of_D_Frota_por_UF_Municipio_COMBUSTIVEL_Julho_2026.xlsx
SAO PAULO,POA,GASOLINA/GAS NATURAL VEICULAR,760,copy_of_D_Frota_por_UF_Municipio_COMBUSTIVEL_Julho_2026.xlsx
SAO PAULO,POA,HIBRIDO,14,copy_of_D_Frota_por_UF_Municipio_COMBUSTIVEL_Julho_2026.xlsx
SAO PAULO,POA,HIBRIDO PLUG-IN,25,copy_of_D_Frota_por_UF_Municipio_COMBUSTIVEL_Julho_2026.xlsx
SAO PAULO,POA,Sem Informação,1033,copy_of_D_Frota_por_UF_Municipio_COMBUSTIVEL_Julho_2026.xlsx
SAO PAULO,POLONI,ALCOOL,401,copy_of_D_Frota_por_UF_Municipio_COMBUSTIVEL_Julho_2026.xlsx
SAO PAULO,POLONI,ALCOOL/GASOLINA,1651,copy_of_D_Frota_por_UF_Municipio_COMBUSTIVEL_Julho_2026.xlsx
SAO PAULO,POLONI,DIESEL,518,copy_of_D_Frota_por_UF_Municipio_COMBUSTIVEL_Julho_2026.xlsx
SAO PAULO,POLONI,ELETRICO/FONTE EXTERNA,3,copy_of_D_Frota_por_UF_Municipio_COMBUSTIVEL_Julho_2026.xlsx
SAO PAULO,POLONI,GASOLINA,1544,copy_of_D_Frota_por_UF_Municipio_COMBUSTIVEL_Julho_2026.xlsx
SAO PAULO,POLONI,GASOLINA/ALCOOL/ELETRICO,5,copy_of_D_Frota_por_UF_Municipio_COMBUSTIVEL_Julho_2026.xlsx
SAO PAULO,POLONI,GASOLINA/ELETRICO,3,copy_of_D_Frota_por_UF_Municipio_COMBUSTIVEL_Julho_2026.xlsx
SAO PAULO,POLONI,GASOLINA/GAS NATURAL VEICULAR,1,copy_of_D_Frota_por_UF_Municipio_COMBUSTIVEL_Julho_2026.xlsx
SAO PAULO,POLONI,HIBRIDO,1,copy_of_D_Frota_por_UF_Municipio_COMBUSTIVEL_Julho_2026.xlsx
SAO PAULO,POLONI,HIBRIDO PLUG-IN,1,copy_of_D_Frota_por_UF_Municipio_COMBUSTIVEL_Julho_2026.xlsx
SAO PAULO,POLONI,Sem Informação,284,copy_of_D_Frota_por_UF_Municipio_COMBUSTIVEL_Julho_2026.xlsx
SAO PAULO,POMPEIA,ALCOOL,949,copy_of_D_Frota_por_UF_Municipio_COMBUSTIVEL_Julho_2026.xlsx
SAO PAULO,POMPEIA,ALCOOL/GASOLINA,7394,copy_of_D_Frota_por_UF_Municipio_COMBUSTIVEL_Julho_2026.xlsx
SAO PAULO,POMPEIA,DIESEL,1186,copy_of_D_Frota_por_UF_Municipio_COMBUSTIVEL_Julho_2026.xlsx
SAO PAULO,POMPEIA,ELETRICO,3,copy_of_D_Frota_por_UF_Municipio_COMBUSTIVEL_Julho_2026.xlsx
SAO PAULO,POMPEIA,ELETRICO/FONTE EXTERNA,15,copy_of_D_Frota_por_UF_Municipio_COMBUSTIVEL_Julho_2026.xlsx
SAO PAULO,POMPEIA,GASOLINA,6643,copy_of_D_Frota_por_UF_Municipio_COMBUSTIVEL_Julho_2026.xlsx
SAO PAULO,POMPEIA,GASOLINA/ALCOOL/ELETRICO,24,copy_of_D_Frota_por_UF_Municipio_COMBUSTIVEL_Julho_2026.xlsx
SAO PAULO,POMPEIA,GASOLINA/ALCOOL/GAS NATURAL,3,copy_of_D_Frota_por_UF_Municipio_COMBUSTIVEL_Julho_2026.xlsx
SAO PAULO,POMPEIA,GASOLINA/ELETRICO,32,copy_of_D_Frota_por_UF_Municipio_COMBUSTIVEL_Julho_2026.xlsx
SAO PAULO,POMPEIA,GASOLINA/GAS NATURAL VEICULAR,2,copy_of_D_Frota_por_UF_Municipio_COMBUSTIVEL_Julho_2026.xlsx
SAO PAULO,POMPEIA,HIBRIDO,2,copy_of_D_Frota_por_UF_Municipio_COMBUSTIVEL_Julho_2026.xlsx
SAO PAULO,POMPEIA,HIBRIDO PLUG-IN,7,copy_of_D_Frota_por_UF_Municipio_COMBUSTIVEL_Julho_2026.xlsx
SAO PAULO,POMPEIA,Sem Informação,519,copy_of_D_Frota_por_UF_Municipio_COMBUSTIVEL_Julho_2026.xlsx
SAO PAULO,PONGAI,ALCOOL,312,copy_of_D_Frota_por_UF_Municipio_COMBUSTIVEL_Julho_2026.xlsx
SAO PAULO,PONGAI,ALCOOL/GASOLINA,1079,copy_of_D_Frota_por_UF_Municipio_COMBUSTIVEL_Julho_2026.xlsx
SAO PAULO,PONGAI,DIESEL,231,copy_of_D_Frota_por_UF_Municipio_COMBUSTIVEL_Julho_2026.xlsx
SAO PAULO,PONGAI,GASOLINA,1011,copy_of_D_Frota_por_UF_Municipio_COMBUSTIVEL_Julho_2026.xlsx
SAO PAULO,PONGAI,GASOLINA/ALCOOL/ELETRICO,1,copy_of_D_Frota_por_UF_Municipio_COMBUSTIVEL_Julho_2026.xlsx
SAO PAULO,PONGAI,GASOLINA/ELETRICO,2,copy_of_D_Frota_por_UF_Municipio_COMBUSTIVEL_Julho_2026.xlsx
SAO PAULO,PONGAI,HIBRIDO,1,copy_of_D_Frota_por_UF_Municipio_COMBUSTIVEL_Julho_2026.xlsx
SAO PAULO,PONGAI,Sem Informação,182,copy_of_D_Frota_por_UF_Municipio_COMBUSTIVEL_Julho_2026.xlsx
SAO PAULO,PONTAL,ALCOOL,2378,copy_of_D_Frota_por_UF_Municipio_COMBUSTIVEL_Julho_2026.xlsx
SAO PAULO,PONTAL,ALCOOL/GASOLINA,10025,copy_of_D_Frota_por_UF_Municipio_COMBUSTIVEL_Julho_2026.xlsx
SAO PAULO,PONTAL,DIESEL,2959,copy_of_D_Frota_por_UF_Municipio_COMBUSTIVEL_Julho_2026.xlsx
SAO PAULO,PONTAL,DIESEL/ELETRICO,3,copy_of_D_Frota_por_UF_Municipio_COMBUSTIVEL_Julho_2026.xlsx
SAO PAULO,PONTAL,ELETRICO/FONTE EXTERNA,3,copy_of_D_Frota_por_UF_Municipio_COMBUSTIVEL_Julho_2026.xlsx
SAO PAULO,PONTAL,ELETRICO/FONTE INTERNA,2,copy_of_D_Frota_por_UF_Municipio_COMBUSTIVEL_Julho_2026.xlsx
SAO PAULO,PONTAL,GASOLINA,8887,copy_of_D_Frota_por_UF_Municipio_COMBUSTIVEL_Julho_2026.xlsx
SAO PAULO,PONTAL,GASOLINA/ALCOOL/ELETRICO,9,copy_of_D_Frota_por_UF_Municipio_COMBUSTIVEL_Julho_2026.xlsx
SAO PAULO,PONTAL,GASOLINA/ALCOOL/GAS NATURAL,7,copy_of_D_Frota_por_UF_Municipio_COMBUSTIVEL_Julho_2026.xlsx
SAO PAULO,PONTAL,GASOLINA/ELETRICO,11,copy_of_D_Frota_por_UF_Municipio_COMBUSTIVEL_Julho_2026.xlsx
SAO PAULO,PONTAL,GASOLINA/GAS NATURAL VEICULAR,7,copy_of_D_Frota_por_UF_Municipio_COMBUSTIVEL_Julho_2026.xlsx
SAO PAULO,PONTAL,HIBRIDO,3,copy_of_D_Frota_por_UF_Municipio_COMBUSTIVEL_Julho_2026.xlsx
SAO PAULO,PONTAL,HIBRIDO PLUG-IN,5,copy_of_D_Frota_por_UF_Municipio_COMBUSTIVEL_Julho_2026.xlsx
SAO PAULO,PONTAL,Sem Informação,2057,copy_of_D_Frota_por_UF_Municipio_COMBUSTIVEL_Julho_2026.xlsx
SAO PAULO,PONTALINDA,ALCOOL,201,copy_of_D_Frota_por_UF_Municipio_COMBUSTIVEL_Julho_2026.xlsx
SAO PAULO,PONTALINDA,ALCOOL/GASOLINA,872,copy_of_D_Frota_por_UF_Municipio_COMBUSTIVEL_Julho_2026.xlsx
SAO PAULO,PONTALINDA,DIESEL,208,copy_of_D_Frota_por_UF_Municipio_COMBUSTIVEL_Julho_2026.xlsx
SAO PAULO,PONTALINDA,GASOLINA,1000,copy_of_D_Frota_por_UF_Municipio_COMBUSTIVEL_Julho_2026.xlsx
SAO PAULO,PONTALINDA,Sem Informação,124,copy_of_D_Frota_por_UF_Municipio_COMBUSTIVEL_Julho_2026.xlsx
SAO PAULO,PONTES GESTAL,ALCOOL,177,copy_of_D_Frota_por_UF_Municipio_COMBUSTIVEL_Julho_2026.xlsx
SAO PAULO,PONTES GESTAL,ALCOOL/GASOLINA,705,copy_of_D_Frota_por_UF_Municipio_COMBUSTIVEL_Julho_2026.xlsx
SAO PAULO,PONTES GESTAL,DIESEL,187,copy_of_D_Frota_por_UF_Municipio_COMBUSTIVEL_Julho_2026.xlsx
SAO PAULO,PONTES GESTAL,GASOLINA,607,copy_of_D_Frota_por_UF_Municipio_COMBUSTIVEL_Julho_2026.xlsx
SAO PAULO,PONTES GESTAL,GASOLINA/ELETRICO,1,copy_of_D_Frota_por_UF_Municipio_COMBUSTIVEL_Julho_2026.xlsx
SAO PAULO,PONTES GESTAL,Sem Informação,269,copy_of_D_Frota_por_UF_Municipio_COMBUSTIVEL_Julho_2026.xlsx
SAO PAULO,POPULINA,ALCOOL,313,copy_of_D_Frota_por_UF_Municipio_COMBUSTIVEL_Julho_2026.xlsx
SAO PAULO,POPULINA,ALCOOL/GASOLINA,1093,copy_of_D_Frota_por_UF_Municipio_COMBUSTIVEL_Julho_2026.xlsx
SAO PAULO,POPULINA,DIESEL,228,copy_of_D_Frota_por_UF_Municipio_COMBUSTIVEL_Julho_2026.xlsx
SAO PAULO,POPULINA,GASOLINA,1177,copy_of_D_Frota_por_UF_Municipio_COMBUSTIVEL_Julho_2026.xlsx
SAO PAULO,POPULINA,GASOLINA/ALCOOL/GAS NATURAL,1,copy_of_D_Frota_por_UF_Municipio_COMBUSTIVEL_Julho_2026.xlsx
SAO PAULO,POPULINA,GASOLINA/GAS NATURAL VEICULAR,2,copy_of_D_Frota_por_UF_Municipio_COMBUSTIVEL_Julho_2026.xlsx
SAO PAULO,POPULINA,HIBRIDO PLUG-IN,2,copy_of_D_Frota_por_UF_Municipio_COMBUSTIVEL_Julho_2026.xlsx
SAO PAULO,POPULINA,Sem Informação,209,copy_of_D_Frota_por_UF_Municipio_COMBUSTIVEL_Julho_2026.xlsx
SAO PAULO,PORANGABA,ALCOOL,398,copy_of_D_Frota_por_UF_Municipio_COMBUSTIVEL_Julho_2026.xlsx
SAO PAULO,PORANGABA,ALCOOL/GAS NATURAL VEICULAR,1,copy_of_D_Frota_por_UF_Municipio_COMBUSTIVEL_Julho_2026.xlsx
SAO PAULO,PORANGABA,ALCOOL/GASOLINA,2882,copy_of_D_Frota_por_UF_Municipio_COMBUSTIVEL_Julho_2026.xlsx
SAO PAULO,PORANGABA,DIESEL,547,copy_of_D_Frota_por_UF_Municipio_COMBUSTIVEL_Julho_2026.xlsx
SAO PAULO,PORANGABA,ELETRICO/FONTE EXTERNA,6,copy_of_D_Frota_por_UF_Municipio_COMBUSTIVEL_Julho_2026.xlsx
SAO PAULO,PORANGABA,ELETRICO/FONTE INTERNA,1,copy_of_D_Frota_por_UF_Municipio_COMBUSTIVEL_Julho_2026.xlsx
SAO PAULO,PORANGABA,GASOLINA,3134,copy_of_D_Frota_por_UF_Municipio_COMBUSTIVEL_Julho_2026.xlsx
SAO PAULO,PORANGABA,GASOLINA/ALCOOL/ELETRICO,10,copy_of_D_Frota_por_UF_Municipio_COMBUSTIVEL_Julho_2026.xlsx
SAO PAULO,PORANGABA,GASOLINA/ALCOOL/GAS NATURAL,4,copy_of_D_Frota_por_UF_Municipio_COMBUSTIVEL_Julho_2026.xlsx
SAO PAULO,PORANGABA,GASOLINA/ELETRICO,7,copy_of_D_Frota_por_UF_Municipio_COMBUSTIVEL_Julho_2026.xlsx
SAO PAULO,PORANGABA,GASOLINA/GAS NATURAL VEICULAR,18,copy_of_D_Frota_por_UF_Municipio_COMBUSTIVEL_Julho_2026.xlsx
SAO PAULO,PORANGABA,Sem Informação,183,copy_of_D_Frota_por_UF_Municipio_COMBUSTIVEL_Julho_2026.xlsx
SAO PAULO,PORTO FELIZ,ALCOOL,2259,copy_of_D_Frota_por_UF_Municipio_COMBUSTIVEL_Julho_2026.xlsx
SAO PAULO,PORTO FELIZ,ALCOOL/GAS NATURAL VEICULAR,8,copy_of_D_Frota_por_UF_Municipio_COMBUSTIVEL_Julho_2026.xlsx
SAO PAULO,PORTO FELIZ,ALCOOL/GASOLINA,17798,copy_of_D_Frota_por_UF_Municipio_COMBUSTIVEL_Julho_2026.xlsx
SAO PAULO,PORTO FELIZ,DIESEL,3724,copy_of_D_Frota_por_UF_Municipio_COMBUSTIVEL_Julho_2026.xlsx
SAO PAULO,PORTO FELIZ,DIESEL/ELETRICO,2,copy_of_D_Frota_por_UF_Municipio_COMBUSTIVEL_Julho_2026.xlsx
SAO PAULO,PORTO FELIZ,ELETRICO,6,copy_of_D_Frota_por_UF_Municipio_COMBUSTIVEL_Julho_2026.xlsx
SAO PAULO,PORTO FELIZ,ELETRICO/FONTE EXTERNA,53,copy_of_D_Frota_por_UF_Municipio_COMBUSTIVEL_Julho_2026.xlsx
SAO PAULO,PORTO FELIZ,ELETRICO/FONTE INTERNA,6,copy_of_D_Frota_por_UF_Municipio_COMBUSTIVEL_Julho_2026.xlsx
SAO PAULO,PORTO FELIZ,GAS METANO,3,copy_of_D_Frota_por_UF_Municipio_COMBUSTIVEL_Julho_2026.xlsx
SAO PAULO,PORTO FELIZ,GASOL/GAS NATURAL COMBUSTIVEL,3,copy_of_D_Frota_por_UF_Municipio_COMBUSTIVEL_Julho_2026.xlsx
SAO PAULO,PORTO FELIZ,GASOLINA,18553,copy_of_D_Frota_por_UF_Municipio_COMBUSTIVEL_Julho_2026.xlsx
SAO PAULO,PORTO FELIZ,GASOLINA/ALCOOL/ELETRICO,69,copy_of_D_Frota_por_UF_Municipio_COMBUSTIVEL_Julho_2026.xlsx
SAO PAULO,PORTO FELIZ,GASOLINA/ALCOOL/GAS NATURAL,30,copy_of_D_Frota_por_UF_Municipio_COMBUSTIVEL_Julho_2026.xlsx
SAO PAULO,PORTO FELIZ,GASOLINA/ELETRICO,73,copy_of_D_Frota_por_UF_Municipio_COMBUSTIVEL_Julho_2026.xlsx
SAO PAULO,PORTO FELIZ,GASOLINA/GAS NATURAL VEICULAR,211,copy_of_D_Frota_por_UF_Municipio_COMBUSTIVEL_Julho_2026.xlsx
SAO PAULO,PORTO FELIZ,HIBRIDO,5,copy_of_D_Frota_por_UF_Municipio_COMBUSTIVEL_Julho_2026.xlsx
SAO PAULO,PORTO FELIZ,HIBRIDO PLUG-IN,16,copy_of_D_Frota_por_UF_Municipio_COMBUSTIVEL_Julho_2026.xlsx
SAO PAULO,PORTO FELIZ,Sem Informação,1268,copy_of_D_Frota_por_UF_Municipio_COMBUSTIVEL_Julho_2026.xlsx
SAO PAULO,PORTO FERREIRA,ALCOOL,2767,copy_of_D_Frota_por_UF_Municipio_COMBUSTIVEL_Julho_2026.xlsx
SAO PAULO,PORTO FERREIRA,ALCOOL/GAS NATURAL COMBUSTIVEL,1,copy_of_D_Frota_por_UF_Municipio_COMBUSTIVEL_Julho_2026.xlsx
SAO PAULO,PORTO FERREIRA,ALCOOL/GAS NATURAL VEICULAR,8,copy_of_D_Frota_por_UF_Municipio_COMBUSTIVEL_Julho_2026.xlsx
SAO PAULO,PORTO FERREIRA,ALCOOL/GASOLINA,17703,copy_of_D_Frota_por_UF_Municipio_COMBUSTIVEL_Julho_2026.xlsx
SAO PAULO,PORTO FERREIRA,DIESEL,3713,copy_of_D_Frota_por_UF_Municipio_COMBUSTIVEL_Julho_2026.xlsx
SAO PAULO,PORTO FERREIRA,DIESEL/ELETRICO,3,copy_of_D_Frota_por_UF_Municipio_COMBUSTIVEL_Julho_2026.xlsx
SAO PAULO,PORTO FERREIRA,ELETRICO,6,copy_of_D_Frota_por_UF_Municipio_COMBUSTIVEL_Julho_2026.xlsx
SAO PAULO,PORTO FERREIRA,ELETRICO/FONTE EXTERNA,22,copy_of_D_Frota_por_UF_Municipio_COMBUSTIVEL_Julho_2026.xlsx
SAO PAULO,PORTO FERREIRA,ELETRICO/FONTE INTERNA,3,copy_of_D_Frota_por_UF_Municipio_COMBUSTIVEL_Julho_2026.xlsx
SAO PAULO,PORTO FERREIRA,GAS METANO,2,copy_of_D_Frota_por_UF_Municipio_COMBUSTIVEL_Julho_2026.xlsx
SAO PAULO,PORTO FERREIRA,GAS NATURAL VEICULAR,2,copy_of_D_Frota_por_UF_Municipio_COMBUSTIVEL_Julho_2026.xlsx
SAO PAULO,PORTO FERREIRA,GASOL/GAS NATURAL COMBUSTIVEL,3,copy_of_D_Frota_por_UF_Municipio_COMBUSTIVEL_Julho_2026.xlsx
SAO PAULO,PORTO FERREIRA,GASOLINA,23515,copy_of_D_Frota_por_UF_Municipio_COMBUSTIVEL_Julho_2026.xlsx
SAO PAULO,PORTO FERREIRA,GASOLINA/ALCOOL/ELETRICO,47,copy_of_D_Frota_por_UF_Municipio_COMBUSTIVEL_Julho_2026.xlsx
SAO PAULO,PORTO FERREIRA,GASOLINA/ALCOOL/GAS NATURAL,17,copy_of_D_Frota_por_UF_Municipio_COMBUSTIVEL_Julho_2026.xlsx
SAO PAULO,PORTO FERREIRA,GASOLINA/ELETRICO,78,copy_of_D_Frota_por_UF_Municipio_COMBUSTIVEL_Julho_2026.xlsx
SAO PAULO,PORTO FERREIRA,GASOLINA/GAS NATURAL VEICULAR,88,copy_of_D_Frota_por_UF_Municipio_COMBUSTIVEL_Julho_2026.xlsx
SAO PAULO,PORTO FERREIRA,HIBRIDO,8,copy_of_D_Frota_por_UF_Municipio_COMBUSTIVEL_Julho_2026.xlsx
SAO PAULO,PORTO FERREIRA,HIBRIDO PLUG-IN,17,copy_of_D_Frota_por_UF_Municipio_COMBUSTIVEL_Julho_2026.xlsx
SAO PAULO,PORTO FERREIRA,Sem Informação,2042,copy_of_D_Frota_por_UF_Municipio_COMBUSTIVEL_Julho_2026.xlsx
SAO PAULO,POTIM,ALCOOL,369,copy_of_D_Frota_por_UF_Municipio_COMBUSTIVEL_Julho_2026.xlsx
SAO PAULO,POTIM,ALCOOL/GAS NATURAL COMBUSTIVEL,1,copy_of_D_Frota_por_UF_Municipio_COMBUSTIVEL_Julho_2026.xlsx
SAO PAULO,POTIM,ALCOOL/GAS NATURAL VEICULAR,5,copy_of_D_Frota_por_UF_Municipio_COMBUSTIVEL_Julho_2026.xlsx
SAO PAULO,POTIM,ALCOOL/GASOLINA,4075,copy_of_D_Frota_por_UF_Municipio_COMBUSTIVEL_Julho_2026.xlsx
SAO PAULO,POTIM,DIESEL,428,copy_of_D_Frota_por_UF_Municipio_COMBUSTIVEL_Julho_2026.xlsx
SAO PAULO,POTIM,ELETRICO/FONTE EXTERNA,4,copy_of_D_Frota_por_UF_Municipio_COMBUSTIVEL_Julho_2026.xlsx
SAO PAULO,POTIM,ELETRICO/FONTE INTERNA,1,copy_of_D_Frota_por_UF_Municipio_COMBUSTIVEL_Julho_2026.xlsx
SAO PAULO,POTIM,GASOL/GAS NATURAL COMBUSTIVEL,2,copy_of_D_Frota_por_UF_Municipio_COMBUSTIVEL_Julho_2026.xlsx
SAO PAULO,POTIM,GASOLINA,4280,copy_of_D_Frota_por_UF_Municipio_COMBUSTIVEL_Julho_2026.xlsx
SAO PAULO,POTIM,GASOLINA/ALCOOL/ELETRICO,1,copy_of_D_Frota_por_UF_Municipio_COMBUSTIVEL_Julho_2026.xlsx
SAO PAULO,POTIM,GASOLINA/ALCOOL/GAS NATURAL,7,copy_of_D_Frota_por_UF_Municipio_COMBUSTIVEL_Julho_2026.xlsx
SAO PAULO,POTIM,GASOLINA/ELETRICO,8,copy_of_D_Frota_por_UF_Municipio_COMBUSTIVEL_Julho_2026.xlsx
SAO PAULO,POTIM,GASOLINA/GAS NATURAL VEICULAR,60,copy_of_D_Frota_por_UF_Municipio_COMBUSTIVEL_Julho_2026.xlsx
SAO PAULO,POTIM,HIBRIDO,1,copy_of_D_Frota_por_UF_Municipio_COMBUSTIVEL_Julho_2026.xlsx
SAO PAULO,POTIM,HIBRIDO PLUG-IN,1,copy_of_D_Frota_por_UF_Municipio_COMBUSTIVEL_Julho_2026.xlsx
SAO PAULO,POTIM,Sem Informação,155,copy_of_D_Frota_por_UF_Municipio_COMBUSTIVEL_Julho_2026.xlsx
SAO PAULO,POTIRENDABA,ALCOOL,1131,copy_of_D_Frota_por_UF_Municipio_COMBUSTIVEL_Julho_2026.xlsx
SAO PAULO,POTIRENDABA,ALCOOL/GASOLINA,6138,copy_of_D_Frota_por_UF_Municipio_COMBUSTIVEL_Julho_2026.xlsx
SAO PAULO,POTIRENDABA,DIESEL,1648,copy_of_D_Frota_por_UF_Municipio_COMBUSTIVEL_Julho_2026.xlsx
SAO PAULO,POTIRENDABA,ELETRICO,1,copy_of_D_Frota_por_UF_Municipio_COMBUSTIVEL_Julho_2026.xlsx
SAO PAULO,POTIRENDABA,ELETRICO/FONTE EXTERNA,3,copy_of_D_Frota_por_UF_Municipio_COMBUSTIVEL_Julho_2026.xlsx
SAO PAULO,POTIRENDABA,ELETRICO/FONTE INTERNA,3,copy_of_D_Frota_por_UF_Municipio_COMBUSTIVEL_Julho_2026.xlsx
SAO PAULO,POTIRENDABA,GASOLINA,6043,copy_of_D_Frota_por_UF_Municipio_COMBUSTIVEL_Julho_2026.xlsx
SAO PAULO,POTIRENDABA,GASOLINA/ALCOOL/ELETRICO,9,copy_of_D_Frota_por_UF_Municipio_COMBUSTIVEL_Julho_2026.xlsx
SAO PAULO,POTIRENDABA,GASOLINA/ALCOOL/GAS NATURAL,4,copy_of_D_Frota_por_UF_Municipio_COMBUSTIVEL_Julho_2026.xlsx
SAO PAULO,POTIRENDABA,GASOLINA/ELETRICO,7,copy_of_D_Frota_por_UF_Municipio_COMBUSTIVEL_Julho_2026.xlsx
SAO PAULO,POTIRENDABA,GASOLINA/GAS NATURAL VEICULAR,3,copy_of_D_Frota_por_UF_Municipio_COMBUSTIVEL_Julho_2026.xlsx
SAO PAULO,POTIRENDABA,HIBRIDO,2,copy_of_D_Frota_por_UF_Municipio_COMBUSTIVEL_Julho_2026.xlsx
SAO PAULO,POTIRENDABA,Sem Informação,1264,copy_of_D_Frota_por_UF_Municipio_COMBUSTIVEL_Julho_2026.xlsx
SAO PAULO,PRACINHA,ALCOOL,111,copy_of_D_Frota_por_UF_Municipio_COMBUSTIVEL_Julho_2026.xlsx
SAO PAULO,PRACINHA,ALCOOL/GASOLINA,374,copy_of_D_Frota_por_UF_Municipio_COMBUSTIVEL_Julho_2026.xlsx
SAO PAULO,PRACINHA,DIESEL,71,copy_of_D_Frota_por_UF_Municipio_COMBUSTIVEL_Julho_2026.xlsx
SAO PAULO,PRACINHA,ELETRICO/FONTE EXTERNA,1,copy_of_D_Frota_por_UF_Municipio_COMBUSTIVEL_Julho_2026.xlsx
SAO PAULO,PRACINHA,GASOLINA,379,copy_of_D_Frota_por_UF_Municipio_COMBUSTIVEL_Julho_2026.xlsx
SAO PAULO,PRACINHA,GASOLINA/ALCOOL/ELETRICO,1,copy_of_D_Frota_por_UF_Municipio_COMBUSTIVEL_Julho_2026.xlsx
SAO PAULO,PRACINHA,Sem Informação,18,copy_of_D_Frota_por_UF_Municipio_COMBUSTIVEL_Julho_2026.xlsx
SAO PAULO,PRADOPOLIS,ALCOOL,888,copy_of_D_Frota_por_UF_Municipio_COMBUSTIVEL_Julho_2026.xlsx
SAO PAULO,PRADOPOLIS,ALCOOL/GASOLINA,5232,copy_of_D_Frota_por_UF_Municipio_COMBUSTIVEL_Julho_2026.xlsx
SAO PAULO,PRADOPOLIS,DIESEL,1698,copy_of_D_Frota_por_UF_Municipio_COMBUSTIVEL_Julho_2026.xlsx
SAO PAULO,PRADOPOLIS,ELETRICO,1,copy_of_D_Frota_por_UF_Municipio_COMBUSTIVEL_Julho_2026.xlsx
SAO PAULO,PRADOPOLIS,ELETRICO/FONTE EXTERNA,10,copy_of_D_Frota_por_UF_Municipio_COMBUSTIVEL_Julho_2026.xlsx
SAO PAULO,PRADOPOLIS,ELETRICO/FONTE INTERNA,1,copy_of_D_Frota_por_UF_Municipio_COMBUSTIVEL_Julho_2026.xlsx
SAO PAULO,PRADOPOLIS,GASOLINA,4014,copy_of_D_Frota_por_UF_Municipio_COMBUSTIVEL_Julho_2026.xlsx
SAO PAULO,PRADOPOLIS,GASOLINA/ALCOOL/ELETRICO,14,copy_of_D_Frota_por_UF_Municipio_COMBUSTIVEL_Julho_2026.xlsx
SAO PAULO,PRADOPOLIS,GASOLINA/ALCOOL/GAS NATURAL,3,copy_of_D_Frota_por_UF_Municipio_COMBUSTIVEL_Julho_2026.xlsx
SAO PAULO,PRADOPOLIS,GASOLINA/ELETRICO,11,copy_of_D_Frota_por_UF_Municipio_COMBUSTIVEL_Julho_2026.xlsx
SAO PAULO,PRADOPOLIS,GASOLINA/GAS NATURAL VEICULAR,7,copy_of_D_Frota_por_UF_Municipio_COMBUSTIVEL_Julho_2026.xlsx
SAO PAULO,PRADOPOLIS,HIBRIDO,3,copy_of_D_Frota_por_UF_Municipio_COMBUSTIVEL_Julho_2026.xlsx
SAO PAULO,PRADOPOLIS,HIBRIDO PLUG-IN,6,copy_of_D_Frota_por_UF_Municipio_COMBUSTIVEL_Julho_2026.xlsx
SAO PAULO,PRADOPOLIS,Sem Informação,1319,copy_of_D_Frota_por_UF_Municipio_COMBUSTIVEL_Julho_2026.xlsx
SAO PAULO,PRAIA GRANDE,ALCOOL,3881,copy_of_D_Frota_por_UF_Municipio_COMBUSTIVEL_Julho_2026.xlsx
SAO PAULO,PRAIA GRANDE,ALCOOL/GAS NATURAL COMBUSTIVEL,3,copy_of_D_Frota_por_UF_Municipio_COMBUSTIVEL_Julho_2026.xlsx
SAO PAULO,PRAIA GRANDE,ALCOOL/GAS NATURAL VEICULAR,29,copy_of_D_Frota_por_UF_Municipio_COMBUSTIVEL_Julho_2026.xlsx
SAO PAULO,PRAIA GRANDE,ALCOOL/GASOLINA,101345,copy_of_D_Frota_por_UF_Municipio_COMBUSTIVEL_Julho_2026.xlsx
SAO PAULO,PRAIA GRANDE,DIESEL,8055,copy_of_D_Frota_por_UF_Municipio_COMBUSTIVEL_Julho_2026.xlsx
SAO PAULO,PRAIA GRANDE,DIESEL/ELETRICO,11,copy_of_D_Frota_por_UF_Municipio_COMBUSTIVEL_Julho_2026.xlsx
SAO PAULO,PRAIA GRANDE,ELETRICO,23,copy_of_D_Frota_por_UF_Municipio_COMBUSTIVEL_Julho_2026.xlsx
SAO PAULO,PRAIA GRANDE,ELETRICO/FONTE EXTERNA,364,copy_of_D_Frota_por_UF_Municipio_COMBUSTIVEL_Julho_2026.xlsx
SAO PAULO,PRAIA GRANDE,ELETRICO/FONTE INTERNA,99,copy_of_D_Frota_por_UF_Municipio_COMBUSTIVEL_Julho_2026.xlsx
SAO PAULO,PRAIA GRANDE,GAS METANO,9,copy_of_D_Frota_por_UF_Municipio_COMBUSTIVEL_Julho_2026.xlsx
SAO PAULO,PRAIA GRANDE,GAS NATURAL VEICULAR,1,copy_of_D_Frota_por_UF_Municipio_COMBUSTIVEL_Julho_2026.xlsx
SAO PAULO,PRAIA GRANDE,GASOL/GAS NATURAL COMBUSTIVEL,18,copy_of_D_Frota_por_UF_Municipio_COMBUSTIVEL_Julho_2026.xlsx
SAO PAULO,PRAIA GRANDE,GASOLINA,83706,copy_of_D_Frota_por_UF_Municipio_COMBUSTIVEL_Julho_2026.xlsx
SAO PAULO,PRAIA GRANDE,GASOLINA/ALCOOL/ELETRICO,361,copy_of_D_Frota_por_UF_Municipio_COMBUSTIVEL_Julho_2026.xlsx
SAO PAULO,PRAIA GRANDE,GASOLINA/ALCOOL/GAS NATURAL,231,copy_of_D_Frota_por_UF_Municipio_COMBUSTIVEL_Julho_2026.xlsx
SAO PAULO,PRAIA GRANDE,GASOLINA/ELETRICO,466,copy_of_D_Frota_por_UF_Municipio_COMBUSTIVEL_Julho_2026.xlsx
SAO PAULO,PRAIA GRANDE,GASOLINA/GAS NATURAL VEICULAR,751,copy_of_D_Frota_por_UF_Municipio_COMBUSTIVEL_Julho_2026.xlsx
SAO PAULO,PRAIA GRANDE,HIBRIDO,58,copy_of_D_Frota_por_UF_Municipio_COMBUSTIVEL_Julho_2026.xlsx
SAO PAULO,PRAIA GRANDE,HIBRIDO PLUG-IN,89,copy_of_D_Frota_por_UF_Municipio_COMBUSTIVEL_Julho_2026.xlsx
SAO PAULO,PRAIA GRANDE,Sem Informação,4239,copy_of_D_Frota_por_UF_Municipio_COMBUSTIVEL_Julho_2026.xlsx
SAO PAULO,PRATANIA,ALCOOL,305,copy_of_D_Frota_por_UF_Municipio_COMBUSTIVEL_Julho_2026.xlsx
SAO PAULO,PRATANIA,ALCOOL/GAS NATURAL COMBUSTIVEL,1,copy_of_D_Frota_por_UF_Municipio_COMBUSTIVEL_Julho_2026.xlsx
SAO PAULO,PRATANIA,ALCOOL/GASOLINA,1526,copy_of_D_Frota_por_UF_Municipio_COMBUSTIVEL_Julho_2026.xlsx
SAO PAULO,PRATANIA,DIESEL,748,copy_of_D_Frota_por_UF_Municipio_COMBUSTIVEL_Julho_2026.xlsx
SAO PAULO,PRATANIA,DIESEL/ELETRICO,1,copy_of_D_Frota_por_UF_Municipio_COMBUSTIVEL_Julho_2026.xlsx
SAO PAULO,PRATANIA,ELETRICO/FONTE EXTERNA,3,copy_of_D_Frota_por_UF_Municipio_COMBUSTIVEL_Julho_2026.xlsx
SAO PAULO,PRATANIA,ELETRICO/FONTE INTERNA,3,copy_of_D_Frota_por_UF_Municipio_COMBUSTIVEL_Julho_2026.xlsx
SAO PAULO,PRATANIA,GASOLINA,1510,copy_of_D_Frota_por_UF_Municipio_COMBUSTIVEL_Julho_2026.xlsx
SAO PAULO,PRATANIA,GASOLINA/ALCOOL/ELETRICO,1,copy_of_D_Frota_por_UF_Municipio_COMBUSTIVEL_Julho_2026.xlsx
SAO PAULO,PRATANIA,GASOLINA/ELETRICO,5,copy_of_D_Frota_por_UF_Municipio_COMBUSTIVEL_Julho_2026.xlsx
SAO PAULO,PRATANIA,HIBRIDO,1,copy_of_D_Frota_por_UF_Municipio_COMBUSTIVEL_Julho_2026.xlsx
SAO PAULO,PRATANIA,HIBRIDO PLUG-IN,1,copy_of_D_Frota_por_UF_Municipio_COMBUSTIVEL_Julho_2026.xlsx
SAO PAULO,PRATANIA,Sem Informação,967,copy_of_D_Frota_por_UF_Municipio_COMBUSTIVEL_Julho_2026.xlsx
SAO PAULO,PRESIDENTE ALVES,ALCOOL,253,copy_of_D_Frota_por_UF_Municipio_COMBUSTIVEL_Julho_2026.xlsx
SAO PAULO,PRESIDENTE ALVES,ALCOOL/GASOLINA,1042,copy_of_D_Frota_por_UF_Municipio_COMBUSTIVEL_Julho_2026.xlsx
SAO PAULO,PRESIDENTE ALVES,DIESEL,266,copy_of_D_Frota_por_UF_Municipio_COMBUSTIVEL_Julho_2026.xlsx
SAO PAULO,PRESIDENTE ALVES,ELETRICO/FONTE EXTERNA,1,copy_of_D_Frota_por_UF_Municipio_COMBUSTIVEL_Julho_2026.xlsx
SAO PAULO,PRESIDENTE ALVES,GASOLINA,971,copy_of_D_Frota_por_UF_Municipio_COMBUSTIVEL_Julho_2026.xlsx
SAO PAULO,PRESIDENTE ALVES,GASOLINA/ALCOOL/ELETRICO,1,copy_of_D_Frota_por_UF_Municipio_COMBUSTIVEL_Julho_2026.xlsx
SAO PAULO,PRESIDENTE ALVES,GASOLINA/GAS NATURAL VEICULAR,2,copy_of_D_Frota_por_UF_Municipio_COMBUSTIVEL_Julho_2026.xlsx
SAO PAULO,PRESIDENTE ALVES,HIBRIDO PLUG-IN,2,copy_of_D_Frota_por_UF_Municipio_COMBUSTIVEL_Julho_2026.xlsx
SAO PAULO,PRESIDENTE ALVES,Sem Informação,137,copy_of_D_Frota_por_UF_Municipio_COMBUSTIVEL_Julho_2026.xlsx
SAO PAULO,PRESIDENTE BERNARDES,ALCOOL,873,copy_of_D_Frota_por_UF_Municipio_COMBUSTIVEL_Julho_2026.xlsx
SAO PAULO,PRESIDENTE BERNARDES,ALCOOL/GASOLINA,4146,copy_of_D_Frota_por_UF_Municipio_COMBUSTIVEL_Julho_2026.xlsx
SAO PAULO,PRESIDENTE BERNARDES,DIESEL,953,copy_of_D_Frota_por_UF_Municipio_COMBUSTIVEL_Julho_2026.xlsx
SAO PAULO,PRESIDENTE BERNARDES,ELETRICO/FONTE EXTERNA,6,copy_of_D_Frota_por_UF_Municipio_COMBUSTIVEL_Julho_2026.xlsx
SAO PAULO,PRESIDENTE BERNARDES,GASOLINA,3583,copy_of_D_Frota_por_UF_Municipio_COMBUSTIVEL_Julho_2026.xlsx
SAO PAULO,PRESIDENTE BERNARDES,GASOLINA/ALCOOL/ELETRICO,4,copy_of_D_Frota_por_UF_Municipio_COMBUSTIVEL_Julho_2026.xlsx
SAO PAULO,PRESIDENTE BERNARDES,GASOLINA/ALCOOL/GAS NATURAL,1,copy_of_D_Frota_por_UF_Municipio_COMBUSTIVEL_Julho_2026.xlsx
SAO PAULO,PRESIDENTE BERNARDES,GASOLINA/ELETRICO,3,copy_of_D_Frota_por_UF_Municipio_COMBUSTIVEL_Julho_2026.xlsx
SAO PAULO,PRESIDENTE BERNARDES,GASOLINA/GAS NATURAL VEICULAR,3,copy_of_D_Frota_por_UF_Municipio_COMBUSTIVEL_Julho_2026.xlsx
SAO PAULO,PRESIDENTE BERNARDES,HIBRIDO PLUG-IN,1,copy_of_D_Frota_por_UF_Municipio_COMBUSTIVEL_Julho_2026.xlsx
SAO PAULO,PRESIDENTE BERNARDES,Sem Informação,513,copy_of_D_Frota_por_UF_Municipio_COMBUSTIVEL_Julho_2026.xlsx
SAO PAULO,PRESIDENTE EPITACIO,ALCOOL,2350,copy_of_D_Frota_por_UF_Municipio_COMBUSTIVEL_Julho_2026.xlsx
SAO PAULO,PRESIDENTE EPITACIO,ALCOOL/GAS NATURAL COMBUSTIVEL,3,copy_of_D_Frota_por_UF_Municipio_COMBUSTIVEL_Julho_2026.xlsx
SAO PAULO,PRESIDENTE EPITACIO,ALCOOL/GAS NATURAL VEICULAR,3,copy_of_D_Frota_por_UF_Municipio_COMBUSTIVEL_Julho_2026.xlsx
SAO PAULO,PRESIDENTE EPITACIO,ALCOOL/GASOLINA,12066,copy_of_D_Frota_por_UF_Municipio_COMBUSTIVEL_Julho_2026.xlsx
SAO PAULO,PRESIDENTE EPITACIO,CELULA COMBUSTIVEL,5,copy_of_D_Frota_por_UF_Municipio_COMBUSTIVEL_Julho_2026.xlsx
SAO PAULO,PRESIDENTE EPITACIO,DIESEL,2250,copy_of_D_Frota_por_UF_Municipio_COMBUSTIVEL_Julho_2026.xlsx
SAO PAULO,PRESIDENTE EPITACIO,ELETRICO,4,copy_of_D_Frota_por_UF_Municipio_COMBUSTIVEL_Julho_2026.xlsx
SAO PAULO,PRESIDENTE EPITACIO,ELETRICO/FONTE EXTERNA,103,copy_of_D_Frota_por_UF_Municipio_COMBUSTIVEL_Julho_2026.xlsx
SAO PAULO,PRESIDENTE EPITACIO,ELETRICO/FONTE INTERNA,2,copy_of_D_Frota_por_UF_Municipio_COMBUSTIVEL_Julho_2026.xlsx
SAO PAULO,PRESIDENTE EPITACIO,GAS METANO,1,copy_of_D_Frota_por_UF_Municipio_COMBUSTIVEL_Julho_2026.xlsx
SAO PAULO,PRESIDENTE EPITACIO,GASOLINA,16337,copy_of_D_Frota_por_UF_Municipio_COMBUSTIVEL_Julho_2026.xlsx
SAO PAULO,PRESIDENTE EPITACIO,GASOLINA/ALCOOL/ELETRICO,30,copy_of_D_Frota_por_UF_Municipio_COMBUSTIVEL_Julho_2026.xlsx
SAO PAULO,PRESIDENTE EPITACIO,GASOLINA/ALCOOL/GAS NATURAL,9,copy_of_D_Frota_por_UF_Municipio_COMBUSTIVEL_Julho_2026.xlsx
SAO PAULO,PRESIDENTE EPITACIO,GASOLINA/ELETRICO,25,copy_of_D_Frota_por_UF_Municipio_COMBUSTIVEL_Julho_2026.xlsx
SAO PAULO,PRESIDENTE EPITACIO,GASOLINA/GAS NATURAL VEICULAR,24,copy_of_D_Frota_por_UF_Municipio_COMBUSTIVEL_Julho_2026.xlsx
SAO PAULO,PRESIDENTE EPITACIO,HIBRIDO PLUG-IN,8,copy_of_D_Frota_por_UF_Municipio_COMBUSTIVEL_Julho_2026.xlsx
SAO PAULO,PRESIDENTE EPITACIO,Sem Informação,2067,copy_of_D_Frota_por_UF_Municipio_COMBUSTIVEL_Julho_2026.xlsx
SAO PAULO,PRESIDENTE PRUDENTE,ALCOOL,11042,copy_of_D_Frota_por_UF_Municipio_COMBUSTIVEL_Julho_2026.xlsx
SAO PAULO,PRESIDENTE PRUDENTE,ALCOOL/GAS NATURAL COMBUSTIVEL,1,copy_of_D_Frota_por_UF_Municipio_COMBUSTIVEL_Julho_2026.xlsx
SAO PAULO,PRESIDENTE PRUDENTE,ALCOOL/GAS NATURAL VEICULAR,8,copy_of_D_Frota_por_UF_Municipio_COMBUSTIVEL_Julho_2026.xlsx
SAO PAULO,PRESIDENTE PRUDENTE,ALCOOL/GASOLINA,85035,copy_of_D_Frota_por_UF_Municipio_COMBUSTIVEL_Julho_2026.xlsx
SAO PAULO,PRESIDENTE PRUDENTE,DIESEL,13853,copy_of_D_Frota_por_UF_Municipio_COMBUSTIVEL_Julho_2026.xlsx
SAO PAULO,PRESIDENTE PRUDENTE,DIESEL/ELETRICO,19,copy_of_D_Frota_por_UF_Municipio_COMBUSTIVEL_Julho_2026.xlsx
SAO PAULO,PRESIDENTE PRUDENTE,ELETRICO,25,copy_of_D_Frota_por_UF_Municipio_COMBUSTIVEL_Julho_2026.xlsx
SAO PAULO,PRESIDENTE PRUDENTE,ELETRICO/FONTE EXTERNA,365,copy_of_D_Frota_por_UF_Municipio_COMBUSTIVEL_Julho_2026.xlsx
SAO PAULO,PRESIDENTE PRUDENTE,ELETRICO/FONTE INTERNA,13,copy_of_D_Frota_por_UF_Municipio_COMBUSTIVEL_Julho_2026.xlsx
SAO PAULO,PRESIDENTE PRUDENTE,GAS METANO,1,copy_of_D_Frota_por_UF_Municipio_COMBUSTIVEL_Julho_2026.xlsx
SAO PAULO,PRESIDENTE PRUDENTE,GASOL/GAS NATURAL COMBUSTIVEL,1,copy_of_D_Frota_por_UF_Municipio_COMBUSTIVEL_Julho_2026.xlsx
SAO PAULO,PRESIDENTE PRUDENTE,GASOLINA,79490,copy_of_D_Frota_por_UF_Municipio_COMBUSTIVEL_Julho_2026.xlsx
SAO PAULO,PRESIDENTE PRUDENTE,GASOLINA/ALCOOL/ELETRICO,382,copy_of_D_Frota_por_UF_Municipio_COMBUSTIVEL_Julho_2026.xlsx
SAO PAULO,PRESIDENTE PRUDENTE,GASOLINA/ALCOOL/GAS NATURAL,13,copy_of_D_Frota_por_UF_Municipio_COMBUSTIVEL_Julho_2026.xlsx
SAO PAULO,PRESIDENTE PRUDENTE,GASOLINA/ELETRICO,509,copy_of_D_Frota_por_UF_Municipio_COMBUSTIVEL_Julho_2026.xlsx
SAO PAULO,PRESIDENTE PRUDENTE,GASOLINA/GAS NATURAL VEICULAR,40,copy_of_D_Frota_por_UF_Municipio_COMBUSTIVEL_Julho_2026.xlsx
SAO PAULO,PRESIDENTE PRUDENTE,HIBRIDO,79,copy_of_D_Frota_por_UF_Municipio_COMBUSTIVEL_Julho_2026.xlsx
SAO PAULO,PRESIDENTE PRUDENTE,HIBRIDO PLUG-IN,176,copy_of_D_Frota_por_UF_Municipio_COMBUSTIVEL_Julho_2026.xlsx
SAO PAULO,PRESIDENTE PRUDENTE,Sem Informação,8301,copy_of_D_Frota_por_UF_Municipio_COMBUSTIVEL_Julho_2026.xlsx
SAO PAULO,PRESIDENTE VENCESLAU,ALCOOL,1715,copy_of_D_Frota_por_UF_Municipio_COMBUSTIVEL_Julho_2026.xlsx
SAO PAULO,PRESIDENTE VENCESLAU,ALCOOL/GAS NATURAL VEICULAR,1,copy_of_D_Frota_por_UF_Municipio_COMBUSTIVEL_Julho_2026.xlsx
SAO PAULO,PRESIDENTE VENCESLAU,ALCOOL/GASOLINA,13362,copy_of_D_Frota_por_UF_Municipio_COMBUSTIVEL_Julho_2026.xlsx
SAO PAULO,PRESIDENTE VENCESLAU,DIESEL,2389,copy_of_D_Frota_por_UF_Municipio_COMBUSTIVEL_Julho_2026.xlsx
SAO PAULO,PRESIDENTE VENCESLAU,DIESEL/ELETRICO,1,copy_of_D_Frota_por_UF_Municipio_COMBUSTIVEL_Julho_2026.xlsx
SAO PAULO,PRESIDENTE VENCESLAU,ELETRICO/FONTE EXTERNA,17,copy_of_D_Frota_por_UF_Municipio_COMBUSTIVEL_Julho_2026.xlsx
SAO PAULO,PRESIDENTE VENCESLAU,ELETRICO/FONTE INTERNA,4,copy_of_D_Frota_por_UF_Municipio_COMBUSTIVEL_Julho_2026.xlsx
SAO PAULO,PRESIDENTE VENCESLAU,GASOLINA,12888,copy_of_D_Frota_por_UF_Municipio_COMBUSTIVEL_Julho_2026.xlsx
SAO PAULO,PRESIDENTE VENCESLAU,GASOLINA/ALCOOL/ELETRICO,26,copy_of_D_Frota_por_UF_Municipio_COMBUSTIVEL_Julho_2026.xlsx
SAO PAULO,PRESIDENTE VENCESLAU,GASOLINA/ALCOOL/GAS NATURAL,3,copy_of_D_Frota_por_UF_Municipio_COMBUSTIVEL_Julho_2026.xlsx
SAO PAULO,PRESIDENTE VENCESLAU,GASOLINA/ELETRICO,21,copy_of_D_Frota_por_UF_Municipio_COMBUSTIVEL_Julho_2026.xlsx
SAO PAULO,PRESIDENTE VENCESLAU,GASOLINA/GAS NATURAL VEICULAR,4,copy_of_D_Frota_por_UF_Municipio_COMBUSTIVEL_Julho_2026.xlsx
SAO PAULO,PRESIDENTE VENCESLAU,HIBRIDO,4,copy_of_D_Frota_por_UF_Municipio_COMBUSTIVEL_Julho_2026.xlsx
SAO PAULO,PRESIDENTE VENCESLAU,HIBRIDO PLUG-IN,8,copy_of_D_Frota_por_UF_Municipio_COMBUSTIVEL_Julho_2026.xlsx
SAO PAULO,PRESIDENTE VENCESLAU,Sem Informação,1641,copy_of_D_Frota_por_UF_Municipio_COMBUSTIVEL_Julho_2026.xlsx
SAO PAULO,PROMISSAO,ALCOOL,2122,copy_of_D_Frota_por_UF_Municipio_COMBUSTIVEL_Julho_2026.xlsx
SAO PAULO,PROMISSAO,ALCOOL/GAS NATURAL VEICULAR,1,copy_of_D_Frota_por_UF_Municipio_COMBUSTIVEL_Julho_2026.xlsx
SAO PAULO,PROMISSAO,ALCOOL/GASOLINA,12457,copy_of_D_Frota_por_UF_Municipio_COMBUSTIVEL_Julho_2026.xlsx
SAO PAULO,PROMISSAO,DIESEL,2202,copy_of_D_Frota_por_UF_Municipio_COMBUSTIVEL_Julho_2026.xlsx
SAO PAULO,PROMISSAO,DIESEL/ELETRICO,1,copy_of_D_Frota_por_UF_Municipio_COMBUSTIVEL_Julho_2026.xlsx
SAO PAULO,PROMISSAO,ELETRICO/FONTE EXTERNA,6,copy_of_D_Frota_por_UF_Municipio_COMBUSTIVEL_Julho_2026.xlsx
SAO PAULO,PROMISSAO,ELETRICO/FONTE INTERNA,4,copy_of_D_Frota_por_UF_Municipio_COMBUSTIVEL_Julho_2026.xlsx
SAO PAULO,PROMISSAO,GASOL/GAS NATURAL COMBUSTIVEL,3,copy_of_D_Frota_por_UF_Municipio_COMBUSTIVEL_Julho_2026.xlsx
SAO PAULO,PROMISSAO,GASOLINA,11423,copy_of_D_Frota_por_UF_Municipio_COMBUSTIVEL_Julho_2026.xlsx
SAO PAULO,PROMISSAO,GASOLINA/ALCOOL/ELETRICO,16,copy_of_D_Frota_por_UF_Municipio_COMBUSTIVEL_Julho_2026.xlsx
SAO PAULO,PROMISSAO,GASOLINA/ALCOOL/GAS NATURAL,5,copy_of_D_Frota_por_UF_Municipio_COMBUSTIVEL_Julho_2026.xlsx
SAO PAULO,PROMISSAO,GASOLINA/ELETRICO,19,copy_of_D_Frota_por_UF_Municipio_COMBUSTIVEL_Julho_2026.xlsx
SAO PAULO,PROMISSAO,GASOLINA/GAS NATURAL VEICULAR,11,copy_of_D_Frota_por_UF_Municipio_COMBUSTIVEL_Julho_2026.xlsx
SAO PAULO,PROMISSAO,HIBRIDO PLUG-IN,5,copy_of_D_Frota_por_UF_Municipio_COMBUSTIVEL_Julho_2026.xlsx
SAO PAULO,PROMISSAO,Sem Informação,1768,copy_of_D_Frota_por_UF_Municipio_COMBUSTIVEL_Julho_2026.xlsx
SAO PAULO,QUADRA,ALCOOL,81,copy_of_D_Frota_por_UF_Municipio_COMBUSTIVEL_Julho_2026.xlsx
SAO PAULO,QUADRA,ALCOOL/GAS NATURAL VEICULAR,1,copy_of_D_Frota_por_UF_Municipio_COMBUSTIVEL_Julho_2026.xlsx
SAO PAULO,QUADRA,ALCOOL/GASOLINA,985,copy_of_D_Frota_por_UF_Municipio_COMBUSTIVEL_Julho_2026.xlsx
SAO PAULO,QUADRA,DIESEL,254,copy_of_D_Frota_por_UF_Municipio_COMBUSTIVEL_Julho_2026.xlsx
SAO PAULO,QUADRA,ELETRICO/FONTE EXTERNA,3,copy_of_D_Frota_por_UF_Municipio_COMBUSTIVEL_Julho_2026.xlsx
SAO PAULO,QUADRA,GASOLINA,792,copy_of_D_Frota_por_UF_Municipio_COMBUSTIVEL_Julho_2026.xlsx
SAO PAULO,QUADRA,GASOLINA/ALCOOL/ELETRICO,2,copy_of_D_Frota_por_UF_Municipio_COMBUSTIVEL_Julho_2026.xlsx
SAO PAULO,QUADRA,GASOLINA/ALCOOL/GAS NATURAL,1,copy_of_D_Frota_por_UF_Municipio_COMBUSTIVEL_Julho_2026.xlsx
SAO PAULO,QUADRA,GASOLINA/ELETRICO,2,copy_of_D_Frota_por_UF_Municipio_COMBUSTIVEL_Julho_2026.xlsx
SAO PAULO,QUADRA,GASOLINA/GAS NATURAL VEICULAR,4,copy_of_D_Frota_por_UF_Municipio_COMBUSTIVEL_Julho_2026.xlsx
SAO PAULO,QUADRA,HIBRIDO PLUG-IN,1,copy_of_D_Frota_por_UF_Municipio_COMBUSTIVEL_Julho_2026.xlsx
SAO PAULO,QUADRA,Sem Informação,74,copy_of_D_Frota_por_UF_Municipio_COMBUSTIVEL_Julho_2026.xlsx
SAO PAULO,QUATA,ALCOOL,910,copy_of_D_Frota_por_UF_Municipio_COMBUSTIVEL_Julho_2026.xlsx
SAO PAULO,QUATA,ALCOOL/GASOLINA,3869,copy_of_D_Frota_por_UF_Municipio_COMBUSTIVEL_Julho_2026.xlsx
SAO PAULO,QUATA,DIESEL,869,copy_of_D_Frota_por_UF_Municipio_COMBUSTIVEL_Julho_2026.xlsx
SAO PAULO,QUATA,ELETRICO/FONTE EXTERNA,2,copy_of_D_Frota_por_UF_Municipio_COMBUSTIVEL_Julho_2026.xlsx
SAO PAULO,QUATA,GASOLINA,3537,copy_of_D_Frota_por_UF_Municipio_COMBUSTIVEL_Julho_2026.xlsx
SAO PAULO,QUATA,GASOLINA/ALCOOL/ELETRICO,4,copy_of_D_Frota_por_UF_Municipio_COMBUSTIVEL_Julho_2026.xlsx
SAO PAULO,QUATA,GASOLINA/ELETRICO,3,copy_of_D_Frota_por_UF_Municipio_COMBUSTIVEL_Julho_2026.xlsx
SAO PAULO,QUATA,GASOLINA/GAS NATURAL VEICULAR,1,copy_of_D_Frota_por_UF_Municipio_COMBUSTIVEL_Julho_2026.xlsx
SAO PAULO,QUATA,Sem Informação,657,copy_of_D_Frota_por_UF_Municipio_COMBUSTIVEL_Julho_2026.xlsx
SAO PAULO,QUEIROZ,ALCOOL,200,copy_of_D_Frota_por_UF_Municipio_COMBUSTIVEL_Julho_2026.xlsx
SAO PAULO,QUEIROZ,ALCOOL/GASOLINA,826,copy_of_D_Frota_por_UF_Municipio_COMBUSTIVEL_Julho_2026.xlsx
SAO PAULO,QUEIROZ,DIESEL,132,copy_of_D_Frota_por_UF_Municipio_COMBUSTIVEL_Julho_2026.xlsx
SAO PAULO,QUEIROZ,ELETRICO/FONTE EXTERNA,1,copy_of_D_Frota_por_UF_Municipio_COMBUSTIVEL_Julho_2026.xlsx
SAO PAULO,QUEIROZ,GASOLINA,651,copy_of_D_Frota_por_UF_Municipio_COMBUSTIVEL_Julho_2026.xlsx
SAO PAULO,QUEIROZ,Sem Informação,77,copy_of_D_Frota_por_UF_Municipio_COMBUSTIVEL_Julho_2026.xlsx
SAO PAULO,QUELUZ,ALCOOL,212,copy_of_D_Frota_por_UF_Municipio_COMBUSTIVEL_Julho_2026.xlsx
SAO PAULO,QUELUZ,ALCOOL/GAS NATURAL VEICULAR,3,copy_of_D_Frota_por_UF_Municipio_COMBUSTIVEL_Julho_2026.xlsx
SAO PAULO,QUELUZ,ALCOOL/GASOLINA,1947,copy_of_D_Frota_por_UF_Municipio_COMBUSTIVEL_Julho_2026.xlsx
SAO PAULO,QUELUZ,DIESEL,370,copy_of_D_Frota_por_UF_Municipio_COMBUSTIVEL_Julho_2026.xlsx
SAO PAULO,QUELUZ,ELETRICO/FONTE EXTERNA,3,copy_of_D_Frota_por_UF_Municipio_COMBUSTIVEL_Julho_2026.xlsx
SAO PAULO,QUELUZ,GASOL/GAS NATURAL COMBUSTIVEL,3,copy_of_D_Frota_por_UF_Municipio_COMBUSTIVEL_Julho_2026.xlsx
SAO PAULO,QUELUZ,GASOLINA,2236,copy_of_D_Frota_por_UF_Municipio_COMBUSTIVEL_Julho_2026.xlsx
SAO PAULO,QUELUZ,GASOLINA/ALCOOL/ELETRICO,3,copy_of_D_Frota_por_UF_Municipio_COMBUSTIVEL_Julho_2026.xlsx
SAO PAULO,QUELUZ,GASOLINA/ALCOOL/GAS NATURAL,10,copy_of_D_Frota_por_UF_Municipio_COMBUSTIVEL_Julho_2026.xlsx
SAO PAULO,QUELUZ,GASOLINA/ELETRICO,4,copy_of_D_Frota_por_UF_Municipio_COMBUSTIVEL_Julho_2026.xlsx
SAO PAULO,QUELUZ,GASOLINA/GAS NATURAL VEICULAR,63,copy_of_D_Frota_por_UF_Municipio_COMBUSTIVEL_Julho_2026.xlsx
SAO PAULO,QUELUZ,HIBRIDO,1,copy_of_D_Frota_por_UF_Municipio_COMBUSTIVEL_Julho_2026.xlsx
SAO PAULO,QUELUZ,HIBRIDO PLUG-IN,1,copy_of_D_Frota_por_UF_Municipio_COMBUSTIVEL_Julho_2026.xlsx
SAO PAULO,QUELUZ,Sem Informação,117,copy_of_D_Frota_por_UF_Municipio_COMBUSTIVEL_Julho_2026.xlsx
SAO PAULO,QUINTANA,ALCOOL,339,copy_of_D_Frota_por_UF_Municipio_COMBUSTIVEL_Julho_2026.xlsx
SAO PAULO,QUINTANA,ALCOOL/GASOLINA,1910,copy_of_D_Frota_por_UF_Municipio_COMBUSTIVEL_Julho_2026.xlsx
SAO PAULO,QUINTANA,DIESEL,563,copy_of_D_Frota_por_UF_Municipio_COMBUSTIVEL_Julho_2026.xlsx
SAO PAULO,QUINTANA,DIESEL/ELETRICO,3,copy_of_D_Frota_por_UF_Municipio_COMBUSTIVEL_Julho_2026.xlsx
SAO PAULO,QUINTANA,ELETRICO/FONTE EXTERNA,1,copy_of_D_Frota_por_UF_Municipio_COMBUSTIVEL_Julho_2026.xlsx
SAO PAULO,QUINTANA,GASOLINA,1514,copy_of_D_Frota_por_UF_Municipio_COMBUSTIVEL_Julho_2026.xlsx
SAO PAULO,QUINTANA,GASOLINA/ALCOOL/ELETRICO,4,copy_of_D_Frota_por_UF_Municipio_COMBUSTIVEL_Julho_2026.xlsx
SAO PAULO,QUINTANA,GASOLINA/ALCOOL/GAS NATURAL,2,copy_of_D_Frota_por_UF_Municipio_COMBUSTIVEL_Julho_2026.xlsx
SAO PAULO,QUINTANA,GASOLINA/ELETRICO,6,copy_of_D_Frota_por_UF_Municipio_COMBUSTIVEL_Julho_2026.xlsx
SAO PAULO,QUINTANA,GASOLINA/GAS NATURAL VEICULAR,1,copy_of_D_Frota_por_UF_Municipio_COMBUSTIVEL_Julho_2026.xlsx
SAO PAULO,QUINTANA,HIBRIDO,2,copy_of_D_Frota_por_UF_Municipio_COMBUSTIVEL_Julho_2026.xlsx
SAO PAULO,QUINTANA,Sem Informação,248,copy_of_D_Frota_por_UF_Municipio_COMBUSTIVEL_Julho_2026.xlsx
SAO PAULO,RAFARD,ALCOOL,442,copy_of_D_Frota_por_UF_Municipio_COMBUSTIVEL_Julho_2026.xlsx
SAO PAULO,RAFARD,ALCOOL/GAS NATURAL VEICULAR,1,copy_of_D_Frota_por_UF_Municipio_COMBUSTIVEL_Julho_2026.xlsx
SAO PAULO,RAFARD,ALCOOL/GASOLINA,2905,copy_of_D_Frota_por_UF_Municipio_COMBUSTIVEL_Julho_2026.xlsx
SAO PAULO,RAFARD,DIESEL,623,copy_of_D_Frota_por_UF_Municipio_COMBUSTIVEL_Julho_2026.xlsx
SAO PAULO,RAFARD,ELETRICO/FONTE EXTERNA,3,copy_of_D_Frota_por_UF_Municipio_COMBUSTIVEL_Julho_2026.xlsx
SAO PAULO,RAFARD,GASOLINA,2965,copy_of_D_Frota_por_UF_Municipio_COMBUSTIVEL_Julho_2026.xlsx
SAO PAULO,RAFARD,GASOLINA/ALCOOL/ELETRICO,9,copy_of_D_Frota_por_UF_Municipio_COMBUSTIVEL_Julho_2026.xlsx
SAO PAULO,RAFARD,GASOLINA/ALCOOL/GAS NATURAL,5,copy_of_D_Frota_por_UF_Municipio_COMBUSTIVEL_Julho_2026.xlsx
SAO PAULO,RAFARD,GASOLINA/ELETRICO,4,copy_of_D_Frota_por_UF_Municipio_COMBUSTIVEL_Julho_2026.xlsx
SAO PAULO,RAFARD,GASOLINA/GAS NATURAL VEICULAR,11,copy_of_D_Frota_por_UF_Municipio_COMBUSTIVEL_Julho_2026.xlsx
SAO PAULO,RAFARD,HIBRIDO,1,copy_of_D_Frota_por_UF_Municipio_COMBUSTIVEL_Julho_2026.xlsx
SAO PAULO,RAFARD,HIBRIDO PLUG-IN,1,copy_of_D_Frota_por_UF_Municipio_COMBUSTIVEL_Julho_2026.xlsx
SAO PAULO,RAFARD,Sem Informação,1012,copy_of_D_Frota_por_UF_Municipio_COMBUSTIVEL_Julho_2026.xlsx
SAO PAULO,RANCHARIA,ALCOOL,1812,copy_of_D_Frota_por_UF_Municipio_COMBUSTIVEL_Julho_2026.xlsx
SAO PAULO,RANCHARIA,ALCOOL/GAS NATURAL COMBUSTIVEL,2,copy_of_D_Frota_por_UF_Municipio_COMBUSTIVEL_Julho_2026.xlsx
SAO PAULO,RANCHARIA,ALCOOL/GAS NATURAL VEICULAR,3,copy_of_D_Frota_por_UF_Municipio_COMBUSTIVEL_Julho_2026.xlsx
SAO PAULO,RANCHARIA,ALCOOL/GASOLINA,8556,copy_of_D_Frota_por_UF_Municipio_COMBUSTIVEL_Julho_2026.xlsx
SAO PAULO,RANCHARIA,DIESEL,2010,copy_of_D_Frota_por_UF_Municipio_COMBUSTIVEL_Julho_2026.xlsx
SAO PAULO,RANCHARIA,ELETRICO/FONTE EXTERNA,8,copy_of_D_Frota_por_UF_Municipio_COMBUSTIVEL_Julho_2026.xlsx
SAO PAULO,RANCHARIA,ELETRICO/FONTE INTERNA,1,copy_of_D_Frota_por_UF_Municipio_COMBUSTIVEL_Julho_2026.xlsx
SAO PAULO,RANCHARIA,GAS METANO,1,copy_of_D_Frota_por_UF_Municipio_COMBUSTIVEL_Julho_2026.xlsx
SAO PAULO,RANCHARIA,GASOLINA,10009,copy_of_D_Frota_por_UF_Municipio_COMBUSTIVEL_Julho_2026.xlsx
SAO PAULO,RANCHARIA,GASOLINA/ALCOOL/ELETRICO,23,copy_of_D_Frota_por_UF_Municipio_COMBUSTIVEL_Julho_2026.xlsx
SAO PAULO,RANCHARIA,GASOLINA/ALCOOL/GAS NATURAL,3,copy_of_D_Frota_por_UF_Municipio_COMBUSTIVEL_Julho_2026.xlsx
SAO PAULO,RANCHARIA,GASOLINA/ELETRICO,18,copy_of_D_Frota_por_UF_Municipio_COMBUSTIVEL_Julho_2026.xlsx
SAO PAULO,RANCHARIA,GASOLINA/GAS NATURAL VEICULAR,10,copy_of_D_Frota_por_UF_Municipio_COMBUSTIVEL_Julho_2026.xlsx
SAO PAULO,RANCHARIA,HIBRIDO,3,copy_of_D_Frota_por_UF_Municipio_COMBUSTIVEL_Julho_2026.xlsx
SAO PAULO,RANCHARIA,HIBRIDO PLUG-IN,9,copy_of_D_Frota_por_UF_Municipio_COMBUSTIVEL_Julho_2026.xlsx
SAO PAULO,RANCHARIA,Sem Informação,1068,copy_of_D_Frota_por_UF_Municipio_COMBUSTIVEL_Julho_2026.xlsx
SAO PAULO,REDENCAO DA SERRA,ALCOOL,170,copy_of_D_Frota_por_UF_Municipio_COMBUSTIVEL_Julho_2026.xlsx
SAO PAULO,REDENCAO DA SERRA,ALCOOL/GAS NATURAL VEICULAR,3,copy_of_D_Frota_por_UF_Municipio_COMBUSTIVEL_Julho_2026.xlsx
SAO PAULO,REDENCAO DA SERRA,ALCOOL/GASOLINA,803,copy_of_D_Frota_por_UF_Municipio_COMBUSTIVEL_Julho_2026.xlsx
SAO PAULO,REDENCAO DA SERRA,DIESEL,327,copy_of_D_Frota_por_UF_Municipio_COMBUSTIVEL_Julho_2026.xlsx
SAO PAULO,REDENCAO DA SERRA,GAS METANO,1,copy_of_D_Frota_por_UF_Municipio_COMBUSTIVEL_Julho_2026.xlsx
SAO PAULO,REDENCAO DA SERRA,GASOLINA,1411,copy_of_D_Frota_por_UF_Municipio_COMBUSTIVEL_Julho_2026.xlsx
SAO PAULO,REDENCAO DA SERRA,GASOLINA/ALCOOL/GAS NATURAL,6,copy_of_D_Frota_por_UF_Municipio_COMBUSTIVEL_Julho_2026.xlsx
SAO PAULO,REDENCAO DA SERRA,GASOLINA/ELETRICO,3,copy_of_D_Frota_por_UF_Municipio_COMBUSTIVEL_Julho_2026.xlsx
SAO PAULO,REDENCAO DA SERRA,GASOLINA/GAS NATURAL VEICULAR,24,copy_of_D_Frota_por_UF_Municipio_COMBUSTIVEL_Julho_2026.xlsx
SAO PAULO,REDENCAO DA SERRA,Sem Informação,70,copy_of_D_Frota_por_UF_Municipio_COMBUSTIVEL_Julho_2026.xlsx
SAO PAULO,REGENTE FEIJO,ALCOOL,1174,copy_of_D_Frota_por_UF_Municipio_COMBUSTIVEL_Julho_2026.xlsx
SAO PAULO,REGENTE FEIJO,ALCOOL/GASOLINA,6464,copy_of_D_Frota_por_UF_Municipio_COMBUSTIVEL_Julho_2026.xlsx
SAO PAULO,REGENTE FEIJO,DIESEL,1373,copy_of_D_Frota_por_UF_Municipio_COMBUSTIVEL_Julho_2026.xlsx
SAO PAULO,REGENTE FEIJO,DIESEL/ELETRICO,2,copy_of_D_Frota_por_UF_Municipio_COMBUSTIVEL_Julho_2026.xlsx
SAO PAULO,REGENTE FEIJO,ELETRICO/FONTE EXTERNA,14,copy_of_D_Frota_por_UF_Municipio_COMBUSTIVEL_Julho_2026.xlsx
SAO PAULO,REGENTE FEIJO,ELETRICO/FONTE INTERNA,1,copy_of_D_Frota_por_UF_Municipio_COMBUSTIVEL_Julho_2026.xlsx
SAO PAULO,REGENTE FEIJO,GASOLINA,6024,copy_of_D_Frota_por_UF_Municipio_COMBUSTIVEL_Julho_2026.xlsx
SAO PAULO,REGENTE FEIJO,GASOLINA/ALCOOL/ELETRICO,14,copy_of_D_Frota_por_UF_Municipio_COMBUSTIVEL_Julho_2026.xlsx
SAO PAULO,REGENTE FEIJO,GASOLINA/ALCOOL/GAS NATURAL,1,copy_of_D_Frota_por_UF_Municipio_COMBUSTIVEL_Julho_2026.xlsx
SAO PAULO,REGENTE FEIJO,GASOLINA/ELETRICO,7,copy_of_D_Frota_por_UF_Municipio_COMBUSTIVEL_Julho_2026.xlsx
SAO PAULO,REGENTE FEIJO,GASOLINA/GAS NATURAL VEICULAR,2,copy_of_D_Frota_por_UF_Municipio_COMBUSTIVEL_Julho_2026.xlsx
SAO PAULO,REGENTE FEIJO,HIBRIDO,2,copy_of_D_Frota_por_UF_Municipio_COMBUSTIVEL_Julho_2026.xlsx
SAO PAULO,REGENTE FEIJO,HIBRIDO PLUG-IN,5,copy_of_D_Frota_por_UF_Municipio_COMBUSTIVEL_Julho_2026.xlsx
SAO PAULO,REGENTE FEIJO,Sem Informação,838,copy_of_D_Frota_por_UF_Municipio_COMBUSTIVEL_Julho_2026.xlsx
SAO PAULO,REGINOPOLIS,ALCOOL,330,copy_of_D_Frota_por_UF_Municipio_COMBUSTIVEL_Julho_2026.xlsx
SAO PAULO,REGINOPOLIS,ALCOOL/GASOLINA,1650,copy_of_D_Frota_por_UF_Municipio_COMBUSTIVEL_Julho_2026.xlsx
SAO PAULO,REGINOPOLIS,DIESEL,332,copy_of_D_Frota_por_UF_Municipio_COMBUSTIVEL_Julho_2026.xlsx
SAO PAULO,REGINOPOLIS,ELETRICO/FONTE INTERNA,1,copy_of_D_Frota_por_UF_Municipio_COMBUSTIVEL_Julho_2026.xlsx
SAO PAULO,REGINOPOLIS,GASOLINA,1637,copy_of_D_Frota_por_UF_Municipio_COMBUSTIVEL_Julho_2026.xlsx
SAO PAULO,REGINOPOLIS,GASOLINA/ALCOOL/ELETRICO,5,copy_of_D_Frota_por_UF_Municipio_COMBUSTIVEL_Julho_2026.xlsx
SAO PAULO,REGINOPOLIS,GASOLINA/ALCOOL/GAS NATURAL,1,copy_of_D_Frota_por_UF_Municipio_COMBUSTIVEL_Julho_2026.xlsx
SAO PAULO,REGINOPOLIS,GASOLINA/ELETRICO,2,copy_of_D_Frota_por_UF_Municipio_COMBUSTIVEL_Julho_2026.xlsx
SAO PAULO,REGINOPOLIS,Sem Informação,276,copy_of_D_Frota_por_UF_Municipio_COMBUSTIVEL_Julho_2026.xlsx
SAO PAULO,REGISTRO,ALCOOL,1301,copy_of_D_Frota_por_UF_Municipio_COMBUSTIVEL_Julho_2026.xlsx
SAO PAULO,REGISTRO,ALCOOL/GAS NATURAL VEICULAR,3,copy_of_D_Frota_por_UF_Municipio_COMBUSTIVEL_Julho_2026.xlsx
SAO PAULO,REGISTRO,ALCOOL/GASOLINA,19098,copy_of_D_Frota_por_UF_Municipio_COMBUSTIVEL_Julho_2026.xlsx
SAO PAULO,REGISTRO,DIESEL,3393,copy_of_D_Frota_por_UF_Municipio_COMBUSTIVEL_Julho_2026.xlsx
SAO PAULO,REGISTRO,DIESEL/ELETRICO,6,copy_of_D_Frota_por_UF_Municipio_COMBUSTIVEL_Julho_2026.xlsx
SAO PAULO,REGISTRO,ELETRICO,2,copy_of_D_Frota_por_UF_Municipio_COMBUSTIVEL_Julho_2026.xlsx
SAO PAULO,REGISTRO,ELETRICO/FONTE EXTERNA,14,copy_of_D_Frota_por_UF_Municipio_COMBUSTIVEL_Julho_2026.xlsx
SAO PAULO,REGISTRO,ELETRICO/FONTE INTERNA,3,copy_of_D_Frota_por_UF_Municipio_COMBUSTIVEL_Julho_2026.xlsx
SAO PAULO,REGISTRO,GASOL/GAS NATURAL COMBUSTIVEL,1,copy_of_D_Frota_por_UF_Municipio_COMBUSTIVEL_Julho_2026.xlsx
SAO PAULO,REGISTRO,GASOLINA,17820,copy_of_D_Frota_por_UF_Municipio_COMBUSTIVEL_Julho_2026.xlsx
SAO PAULO,REGISTRO,GASOLINA/ALCOOL/ELETRICO,96,copy_of_D_Frota_por_UF_Municipio_COMBUSTIVEL_Julho_2026.xlsx
SAO PAULO,REGISTRO,GASOLINA/ALCOOL/GAS NATURAL,8,copy_of_D_Frota_por_UF_Municipio_COMBUSTIVEL_Julho_2026.xlsx
SAO PAULO,REGISTRO,GASOLINA/ELETRICO,44,copy_of_D_Frota_por_UF_Municipio_COMBUSTIVEL_Julho_2026.xlsx
SAO PAULO,REGISTRO,GASOLINA/GAS NATURAL VEICULAR,38,copy_of_D_Frota_por_UF_Municipio_COMBUSTIVEL_Julho_2026.xlsx
SAO PAULO,REGISTRO,HIBRIDO,3,copy_of_D_Frota_por_UF_Municipio_COMBUSTIVEL_Julho_2026.xlsx
SAO PAULO,REGISTRO,HIBRIDO PLUG-IN,7,copy_of_D_Frota_por_UF_Municipio_COMBUSTIVEL_Julho_2026.xlsx
SAO PAULO,REGISTRO,Sem Informação,1652,copy_of_D_Frota_por_UF_Municipio_COMBUSTIVEL_Julho_2026.xlsx
SAO PAULO,RESTINGA,ALCOOL,423,copy_of_D_Frota_por_UF_Municipio_COMBUSTIVEL_Julho_2026.xlsx
SAO PAULO,RESTINGA,ALCOOL/GASOLINA,1860,copy_of_D_Frota_por_UF_Municipio_COMBUSTIVEL_Julho_2026.xlsx
SAO PAULO,RESTINGA,DIESEL,450,copy_of_D_Frota_por_UF_Municipio_COMBUSTIVEL_Julho_2026.xlsx
SAO PAULO,RESTINGA,DIESEL/ELETRICO,2,copy_of_D_Frota_por_UF_Municipio_COMBUSTIVEL_Julho_2026.xlsx
SAO PAULO,RESTINGA,ELETRICO/FONTE EXTERNA,3,copy_of_D_Frota_por_UF_Municipio_COMBUSTIVEL_Julho_2026.xlsx
SAO PAULO,RESTINGA,GASOLINA,1968,copy_of_D_Frota_por_UF_Municipio_COMBUSTIVEL_Julho_2026.xlsx
SAO PAULO,RESTINGA,GASOLINA/ALCOOL/ELETRICO,3,copy_of_D_Frota_por_UF_Municipio_COMBUSTIVEL_Julho_2026.xlsx
SAO PAULO,RESTINGA,GASOLINA/ELETRICO,4,copy_of_D_Frota_por_UF_Municipio_COMBUSTIVEL_Julho_2026.xlsx
SAO PAULO,RESTINGA,Sem Informação,171,copy_of_D_Frota_por_UF_Municipio_COMBUSTIVEL_Julho_2026.xlsx
SAO PAULO,RIBEIRA,ALCOOL,54,copy_of_D_Frota_por_UF_Municipio_COMBUSTIVEL_Julho_2026.xlsx
SAO PAULO,RIBEIRA,ALCOOL/GASOLINA,493,copy_of_D_Frota_por_UF_Municipio_COMBUSTIVEL_Julho_2026.xlsx
SAO PAULO,RIBEIRA,DIESEL,148,copy_of_D_Frota_por_UF_Municipio_COMBUSTIVEL_Julho_2026.xlsx
SAO PAULO,RIBEIRA,GASOLINA,567,copy_of_D_Frota_por_UF_Municipio_COMBUSTIVEL_Julho_2026.xlsx
SAO PAULO,RIBEIRA,GASOLINA/ALCOOL/GAS NATURAL,1,copy_of_D_Frota_por_UF_Municipio_COMBUSTIVEL_Julho_2026.xlsx
SAO PAULO,RIBEIRA,Sem Informação,36,copy_of_D_Frota_por_UF_Municipio_COMBUSTIVEL_Julho_2026.xlsx
SAO PAULO,RIBEIRAO BONITO,ALCOOL,689,copy_of_D_Frota_por_UF_Municipio_COMBUSTIVEL_Julho_2026.xlsx
SAO PAULO,RIBEIRAO BONITO,ALCOOL/GAS NATURAL VEICULAR,3,copy_of_D_Frota_por_UF_Municipio_COMBUSTIVEL_Julho_2026.xlsx
SAO PAULO,RIBEIRAO BONITO,ALCOOL/GASOLINA,2870,copy_of_D_Frota_por_UF_Municipio_COMBUSTIVEL_Julho_2026.xlsx
SAO PAULO,RIBEIRAO BONITO,DIESEL,974,copy_of_D_Frota_por_UF_Municipio_COMBUSTIVEL_Julho_2026.xlsx
SAO PAULO,RIBEIRAO BONITO,ELETRICO,1,copy_of_D_Frota_por_UF_Municipio_COMBUSTIVEL_Julho_2026.xlsx
SAO PAULO,RIBEIRAO BONITO,ELETRICO/FONTE EXTERNA,4,copy_of_D_Frota_por_UF_Municipio_COMBUSTIVEL_Julho_2026.xlsx
SAO PAULO,RIBEIRAO BONITO,GASOLINA,3535,copy_of_D_Frota_por_UF_Municipio_COMBUSTIVEL_Julho_2026.xlsx
SAO PAULO,RIBEIRAO BONITO,GASOLINA/ALCOOL/ELETRICO,3,copy_of_D_Frota_por_UF_Municipio_COMBUSTIVEL_Julho_2026.xlsx
SAO PAULO,RIBEIRAO BONITO,GASOLINA/ALCOOL/GAS NATURAL,3,copy_of_D_Frota_por_UF_Municipio_COMBUSTIVEL_Julho_2026.xlsx
SAO PAULO,RIBEIRAO BONITO,GASOLINA/ELETRICO,2,copy_of_D_Frota_por_UF_Municipio_COMBUSTIVEL_Julho_2026.xlsx
SAO PAULO,RIBEIRAO BONITO,GASOLINA/GAS NATURAL VEICULAR,14,copy_of_D_Frota_por_UF_Municipio_COMBUSTIVEL_Julho_2026.xlsx
SAO PAULO,RIBEIRAO BONITO,HIBRIDO,2,copy_of_D_Frota_por_UF_Municipio_COMBUSTIVEL_Julho_2026.xlsx
SAO PAULO,RIBEIRAO BONITO,HIBRIDO PLUG-IN,2,copy_of_D_Frota_por_UF_Municipio_COMBUSTIVEL_Julho_2026.xlsx
SAO PAULO,RIBEIRAO BONITO,Sem Informação,493,copy_of_D_Frota_por_UF_Municipio_COMBUSTIVEL_Julho_2026.xlsx
SAO PAULO,RIBEIRAO BRANCO,ALCOOL,383,copy_of_D_Frota_por_UF_Municipio_COMBUSTIVEL_Julho_2026.xlsx
SAO PAULO,RIBEIRAO BRANCO,ALCOOL/GAS NATURAL VEICULAR,1,copy_of_D_Frota_por_UF_Municipio_COMBUSTIVEL_Julho_2026.xlsx
SAO PAULO,RIBEIRAO BRANCO,ALCOOL/GASOLINA,4082,copy_of_D_Frota_por_UF_Municipio_COMBUSTIVEL_Julho_2026.xlsx
SAO PAULO,RIBEIRAO BRANCO,DIESEL,953,copy_of_D_Frota_por_UF_Municipio_COMBUSTIVEL_Julho_2026.xlsx
SAO PAULO,RIBEIRAO BRANCO,GASOLINA,3658,copy_of_D_Frota_por_UF_Municipio_COMBUSTIVEL_Julho_2026.xlsx
SAO PAULO,RIBEIRAO BRANCO,GASOLINA/ALCOOL/ELETRICO,4,copy_of_D_Frota_por_UF_Municipio_COMBUSTIVEL_Julho_2026.xlsx
SAO PAULO,RIBEIRAO BRANCO,GASOLINA/ALCOOL/GAS NATURAL,3,copy_of_D_Frota_por_UF_Municipio_COMBUSTIVEL_Julho_2026.xlsx
SAO PAULO,RIBEIRAO BRANCO,GASOLINA/ELETRICO,2,copy_of_D_Frota_por_UF_Municipio_COMBUSTIVEL_Julho_2026.xlsx
SAO PAULO,RIBEIRAO BRANCO,HIBRIDO,1,copy_of_D_Frota_por_UF_Municipio_COMBUSTIVEL_Julho_2026.xlsx
SAO PAULO,RIBEIRAO BRANCO,Sem Informação,208,copy_of_D_Frota_por_UF_Municipio_COMBUSTIVEL_Julho_2026.xlsx
SAO PAULO,RIBEIRAO CORRENTE,ALCOOL,314,copy_of_D_Frota_por_UF_Municipio_COMBUSTIVEL_Julho_2026.xlsx
SAO PAULO,RIBEIRAO CORRENTE,ALCOOL/GASOLINA,1258,copy_of_D_Frota_por_UF_Municipio_COMBUSTIVEL_Julho_2026.xlsx
SAO PAULO,RIBEIRAO CORRENTE,DIESEL,432,copy_of_D_Frota_por_UF_Municipio_COMBUSTIVEL_Julho_2026.xlsx
SAO PAULO,RIBEIRAO CORRENTE,ELETRICO/FONTE EXTERNA,3,copy_of_D_Frota_por_UF_Municipio_COMBUSTIVEL_Julho_2026.xlsx
SAO PAULO,RIBEIRAO CORRENTE,GASOLINA,1298,copy_of_D_Frota_por_UF_Municipio_COMBUSTIVEL_Julho_2026.xlsx
SAO PAULO,RIBEIRAO CORRENTE,GASOLINA/ALCOOL/ELETRICO,6,copy_of_D_Frota_por_UF_Municipio_COMBUSTIVEL_Julho_2026.xlsx
SAO PAULO,RIBEIRAO CORRENTE,GASOLINA/ELETRICO,4,copy_of_D_Frota_por_UF_Municipio_COMBUSTIVEL_Julho_2026.xlsx
SAO PAULO,RIBEIRAO CORRENTE,HIBRIDO PLUG-IN,1,copy_of_D_Frota_por_UF_Municipio_COMBUSTIVEL_Julho_2026.xlsx
SAO PAULO,RIBEIRAO CORRENTE,Sem Informação,108,copy_of_D_Frota_por_UF_Municipio_COMBUSTIVEL_Julho_2026.xlsx
SAO PAULO,RIBEIRAO DO SUL,ALCOOL,310,copy_of_D_Frota_por_UF_Municipio_COMBUSTIVEL_Julho_2026.xlsx
SAO PAULO,RIBEIRAO DO SUL,ALCOOL/GASOLINA,1337,copy_of_D_Frota_por_UF_Municipio_COMBUSTIVEL_Julho_2026.xlsx
SAO PAULO,RIBEIRAO DO SUL,DIESEL,428,copy_of_D_Frota_por_UF_Municipio_COMBUSTIVEL_Julho_2026.xlsx
SAO PAULO,RIBEIRAO DO SUL,ELETRICO/FONTE EXTERNA,1,copy_of_D_Frota_por_UF_Municipio_COMBUSTIVEL_Julho_2026.xlsx
SAO PAULO,RIBEIRAO DO SUL,GAS METANO,1,copy_of_D_Frota_por_UF_Municipio_COMBUSTIVEL_Julho_2026.xlsx
SAO PAULO,RIBEIRAO DO SUL,GASOLINA,1285,copy_of_D_Frota_por_UF_Municipio_COMBUSTIVEL_Julho_2026.xlsx
SAO PAULO,RIBEIRAO DO SUL,GASOLINA/ALCOOL/ELETRICO,2,copy_of_D_Frota_por_UF_Municipio_COMBUSTIVEL_Julho_2026.xlsx
SAO PAULO,RIBEIRAO DO SUL,GASOLINA/ELETRICO,2,copy_of_D_Frota_por_UF_Municipio_COMBUSTIVEL_Julho_2026.xlsx
SAO PAULO,RIBEIRAO DO SUL,GASOLINA/GAS NATURAL VEICULAR,2,copy_of_D_Frota_por_UF_Municipio_COMBUSTIVEL_Julho_2026.xlsx
SAO PAULO,RIBEIRAO DO SUL,Sem Informação,201,copy_of_D_Frota_por_UF_Municipio_COMBUSTIVEL_Julho_2026.xlsx
SAO PAULO,RIBEIRAO DOS INDIOS,ALCOOL,87,copy_of_D_Frota_por_UF_Municipio_COMBUSTIVEL_Julho_2026.xlsx
SAO PAULO,RIBEIRAO DOS INDIOS,ALCOOL/GASOLINA,651,copy_of_D_Frota_por_UF_Municipio_COMBUSTIVEL_Julho_2026.xlsx
SAO PAULO,RIBEIRAO DOS INDIOS,DIESEL,139,copy_of_D_Frota_por_UF_Municipio_COMBUSTIVEL_Julho_2026.xlsx
SAO PAULO,RIBEIRAO DOS INDIOS,ELETRICO/FONTE EXTERNA,1,copy_of_D_Frota_por_UF_Municipio_COMBUSTIVEL_Julho_2026.xlsx
SAO PAULO,RIBEIRAO DOS INDIOS,GASOLINA,557,copy_of_D_Frota_por_UF_Municipio_COMBUSTIVEL_Julho_2026.xlsx
SAO PAULO,RIBEIRAO DOS INDIOS,GASOLINA/ALCOOL/ELETRICO,1,copy_of_D_Frota_por_UF_Municipio_COMBUSTIVEL_Julho_2026.xlsx
SAO PAULO,RIBEIRAO DOS INDIOS,Sem Informação,45,copy_of_D_Frota_por_UF_Municipio_COMBUSTIVEL_Julho_2026.xlsx
SAO PAULO,RIBEIRAO GRANDE,ALCOOL,190,copy_of_D_Frota_por_UF_Municipio_COMBUSTIVEL_Julho_2026.xlsx
SAO PAULO,RIBEIRAO GRANDE,ALCOOL/GAS NATURAL VEICULAR,1,copy_of_D_Frota_por_UF_Municipio_COMBUSTIVEL_Julho_2026.xlsx
SAO PAULO,RIBEIRAO GRANDE,ALCOOL/GASOLINA,2173,copy_of_D_Frota_por_UF_Municipio_COMBUSTIVEL_Julho_2026.xlsx
SAO PAULO,RIBEIRAO GRANDE,DIESEL,275,copy_of_D_Frota_por_UF_Municipio_COMBUSTIVEL_Julho_2026.xlsx
SAO PAULO,RIBEIRAO GRANDE,ELETRICO/FONTE EXTERNA,4,copy_of_D_Frota_por_UF_Municipio_COMBUSTIVEL_Julho_2026.xlsx
SAO PAULO,RIBEIRAO GRANDE,GASOLINA,2116,copy_of_D_Frota_por_UF_Municipio_COMBUSTIVEL_Julho_2026.xlsx
SAO PAULO,RIBEIRAO GRANDE,GASOLINA/GAS NATURAL VEICULAR,2,copy_of_D_Frota_por_UF_Municipio_COMBUSTIVEL_Julho_2026.xlsx
SAO PAULO,RIBEIRAO GRANDE,Sem Informação,105,copy_of_D_Frota_por_UF_Municipio_COMBUSTIVEL_Julho_2026.xlsx
SAO PAULO,RIBEIRAO PIRES,ALCOOL,4130,copy_of_D_Frota_por_UF_Municipio_COMBUSTIVEL_Julho_2026.xlsx
SAO PAULO,RIBEIRAO PIRES,ALCOOL/GAS NATURAL COMBUSTIVEL,7,copy_of_D_Frota_por_UF_Municipio_COMBUSTIVEL_Julho_2026.xlsx
SAO PAULO,RIBEIRAO PIRES,ALCOOL/GAS NATURAL VEICULAR,70,copy_of_D_Frota_por_UF_Municipio_COMBUSTIVEL_Julho_2026.xlsx
SAO PAULO,RIBEIRAO PIRES,ALCOOL/GASOLINA,33565,copy_of_D_Frota_por_UF_Municipio_COMBUSTIVEL_Julho_2026.xlsx
SAO PAULO,RIBEIRAO PIRES,DIESEL,6478,copy_of_D_Frota_por_UF_Municipio_COMBUSTIVEL_Julho_2026.xlsx
SAO PAULO,RIBEIRAO PIRES,DIESEL/ELETRICO,2,copy_of_D_Frota_por_UF_Municipio_COMBUSTIVEL_Julho_2026.xlsx
SAO PAULO,RIBEIRAO PIRES,ELETRICO,5,copy_of_D_Frota_por_UF_Municipio_COMBUSTIVEL_Julho_2026.xlsx
SAO PAULO,RIBEIRAO PIRES,ELETRICO/FONTE EXTERNA,100,copy_of_D_Frota_por_UF_Municipio_COMBUSTIVEL_Julho_2026.xlsx
SAO PAULO,RIBEIRAO PIRES,ELETRICO/FONTE INTERNA,9,copy_of_D_Frota_por_UF_Municipio_COMBUSTIVEL_Julho_2026.xlsx
SAO PAULO,RIBEIRAO PIRES,GAS METANO,17,copy_of_D_Frota_por_UF_Municipio_COMBUSTIVEL_Julho_2026.xlsx
SAO PAULO,RIBEIRAO PIRES,GAS NATURAL VEICULAR,2,copy_of_D_Frota_por_UF_Municipio_COMBUSTIVEL_Julho_2026.xlsx
SAO PAULO,RIBEIRAO PIRES,GASOL/GAS NATURAL COMBUSTIVEL,32,copy_of_D_Frota_por_UF_Municipio_COMBUSTIVEL_Julho_2026.xlsx
SAO PAULO,RIBEIRAO PIRES,GASOLINA,34347,copy_of_D_Frota_por_UF_Municipio_COMBUSTIVEL_Julho_2026.xlsx
SAO PAULO,RIBEIRAO PIRES,GASOLINA/ALCOOL/ELETRICO,105,copy_of_D_Frota_por_UF_Municipio_COMBUSTIVEL_Julho_2026.xlsx
SAO PAULO,RIBEIRAO PIRES,GASOLINA/ALCOOL/GAS NATURAL,120,copy_of_D_Frota_por_UF_Municipio_COMBUSTIVEL_Julho_2026.xlsx
SAO PAULO,RIBEIRAO PIRES,GASOLINA/ELETRICO,151,copy_of_D_Frota_por_UF_Municipio_COMBUSTIVEL_Julho_2026.xlsx
SAO PAULO,RIBEIRAO PIRES,GASOLINA/GAS NATURAL VEICULAR,973,copy_of_D_Frota_por_UF_Municipio_COMBUSTIVEL_Julho_2026.xlsx
SAO PAULO,RIBEIRAO PIRES,HIBRIDO,13,copy_of_D_Frota_por_UF_Municipio_COMBUSTIVEL_Julho_2026.xlsx
SAO PAULO,RIBEIRAO PIRES,HIBRIDO PLUG-IN,22,copy_of_D_Frota_por_UF_Municipio_COMBUSTIVEL_Julho_2026.xlsx
SAO PAULO,RIBEIRAO PIRES,Sem Informação,1469,copy_of_D_Frota_por_UF_Municipio_COMBUSTIVEL_Julho_2026.xlsx
SAO PAULO,RIBEIRAO PRETO,ALCOOL,31317,copy_of_D_Frota_por_UF_Municipio_COMBUSTIVEL_Julho_2026.xlsx
SAO PAULO,RIBEIRAO PRETO,ALCOOL/GAS NATURAL COMBUSTIVEL,3,copy_of_D_Frota_por_UF_Municipio_COMBUSTIVEL_Julho_2026.xlsx
SAO PAULO,RIBEIRAO PRETO,ALCOOL/GAS NATURAL VEICULAR,35,copy_of_D_Frota_por_UF_Municipio_COMBUSTIVEL_Julho_2026.xlsx
SAO PAULO,RIBEIRAO PRETO,ALCOOL/GASOLINA,287460,copy_of_D_Frota_por_UF_Municipio_COMBUSTIVEL_Julho_2026.xlsx
SAO PAULO,RIBEIRAO PRETO,DIESEL,43505,copy_of_D_Frota_por_UF_Municipio_COMBUSTIVEL_Julho_2026.xlsx
SAO PAULO,RIBEIRAO PRETO,DIESEL/ELETRICO,187,copy_of_D_Frota_por_UF_Municipio_COMBUSTIVEL_Julho_2026.xlsx
SAO PAULO,RIBEIRAO PRETO,ELETRICO,169,copy_of_D_Frota_por_UF_Municipio_COMBUSTIVEL_Julho_2026.xlsx
SAO PAULO,RIBEIRAO PRETO,ELETRICO/FONTE EXTERNA,1779,copy_of_D_Frota_por_UF_Municipio_COMBUSTIVEL_Julho_2026.xlsx
SAO PAULO,RIBEIRAO PRETO,ELETRICO/FONTE INTERNA,157,copy_of_D_Frota_por_UF_Municipio_COMBUSTIVEL_Julho_2026.xlsx
SAO PAULO,RIBEIRAO PRETO,GAS METANO,3,copy_of_D_Frota_por_UF_Municipio_COMBUSTIVEL_Julho_2026.xlsx
SAO PAULO,RIBEIRAO PRETO,GAS NATURAL VEICULAR,24,copy_of_D_Frota_por_UF_Municipio_COMBUSTIVEL_Julho_2026.xlsx
SAO PAULO,RIBEIRAO PRETO,GASOL/GAS NATURAL COMBUSTIVEL,10,copy_of_D_Frota_por_UF_Municipio_COMBUSTIVEL_Julho_2026.xlsx
SAO PAULO,RIBEIRAO PRETO,GASOLINA,234540,copy_of_D_Frota_por_UF_Municipio_COMBUSTIVEL_Julho_2026.xlsx
SAO PAULO,RIBEIRAO PRETO,GASOLINA/ALCOOL/ELETRICO,1417,copy_of_D_Frota_por_UF_Municipio_COMBUSTIVEL_Julho_2026.xlsx
SAO PAULO,RIBEIRAO PRETO,GASOLINA/ALCOOL/GAS NATURAL,312,copy_of_D_Frota_por_UF_Municipio_COMBUSTIVEL_Julho_2026.xlsx
SAO PAULO,RIBEIRAO PRETO,GASOLINA/ELETRICO,3445,copy_of_D_Frota_por_UF_Municipio_COMBUSTIVEL_Julho_2026.xlsx
SAO PAULO,RIBEIRAO PRETO,GASOLINA/GAS NATURAL VEICULAR,565,copy_of_D_Frota_por_UF_Municipio_COMBUSTIVEL_Julho_2026.xlsx
SAO PAULO,RIBEIRAO PRETO,HIBRIDO,329,copy_of_D_Frota_por_UF_Municipio_COMBUSTIVEL_Julho_2026.xlsx
SAO PAULO,RIBEIRAO PRETO,HIBRIDO PLUG-IN,759,copy_of_D_Frota_por_UF_Municipio_COMBUSTIVEL_Julho_2026.xlsx
SAO PAULO,RIBEIRAO PRETO,Sem Informação,21595,copy_of_D_Frota_por_UF_Municipio_COMBUSTIVEL_Julho_2026.xlsx
SAO PAULO,RIFAINA,ALCOOL,310,copy_of_D_Frota_por_UF_Municipio_COMBUSTIVEL_Julho_2026.xlsx
SAO PAULO,RIFAINA,ALCOOL/GASOLINA,1321,copy_of_D_Frota_por_UF_Municipio_COMBUSTIVEL_Julho_2026.xlsx
SAO PAULO,RIFAINA,DIESEL,315,copy_of_D_Frota_por_UF_Municipio_COMBUSTIVEL_Julho_2026.xlsx
SAO PAULO,RIFAINA,ELETRICO,1,copy_of_D_Frota_por_UF_Municipio_COMBUSTIVEL_Julho_2026.xlsx
SAO PAULO,RIFAINA,ELETRICO/FONTE EXTERNA,1,copy_of_D_Frota_por_UF_Municipio_COMBUSTIVEL_Julho_2026.xlsx
SAO PAULO,RIFAINA,ELETRICO/FONTE INTERNA,2,copy_of_D_Frota_por_UF_Municipio_COMBUSTIVEL_Julho_2026.xlsx
SAO PAULO,RIFAINA,GASOLINA,1233,copy_of_D_Frota_por_UF_Municipio_COMBUSTIVEL_Julho_2026.xlsx
SAO PAULO,RIFAINA,GASOLINA/ALCOOL/ELETRICO,9,copy_of_D_Frota_por_UF_Municipio_COMBUSTIVEL_Julho_2026.xlsx
SAO PAULO,RIFAINA,GASOLINA/ALCOOL/GAS NATURAL,1,copy_of_D_Frota_por_UF_Municipio_COMBUSTIVEL_Julho_2026.xlsx
SAO PAULO,RIFAINA,GASOLINA/ELETRICO,4,copy_of_D_Frota_por_UF_Municipio_COMBUSTIVEL_Julho_2026.xlsx
SAO PAULO,RIFAINA,GASOLINA/GAS NATURAL VEICULAR,2,copy_of_D_Frota_por_UF_Municipio_COMBUSTIVEL_Julho_2026.xlsx
SAO PAULO,RIFAINA,HIBRIDO PLUG-IN,1,copy_of_D_Frota_por_UF_Municipio_COMBUSTIVEL_Julho_2026.xlsx
SAO PAULO,RIFAINA,Sem Informação,271,copy_of_D_Frota_por_UF_Municipio_COMBUSTIVEL_Julho_2026.xlsx
SAO PAULO,RINCAO,ALCOOL,659,copy_of_D_Frota_por_UF_Municipio_COMBUSTIVEL_Julho_2026.xlsx
SAO PAULO,RINCAO,ALCOOL/GAS NATURAL VEICULAR,2,copy_of_D_Frota_por_UF_Municipio_COMBUSTIVEL_Julho_2026.xlsx
SAO PAULO,RINCAO,ALCOOL/GASOLINA,2184,copy_of_D_Frota_por_UF_Municipio_COMBUSTIVEL_Julho_2026.xlsx
SAO PAULO,RINCAO,DIESEL,706,copy_of_D_Frota_por_UF_Municipio_COMBUSTIVEL_Julho_2026.xlsx
SAO PAULO,RINCAO,GASOL/GAS NATURAL COMBUSTIVEL,1,copy_of_D_Frota_por_UF_Municipio_COMBUSTIVEL_Julho_2026.xlsx
SAO PAULO,RINCAO,GASOLINA,2869,copy_of_D_Frota_por_UF_Municipio_COMBUSTIVEL_Julho_2026.xlsx
SAO PAULO,RINCAO,GASOLINA/ALCOOL/ELETRICO,2,copy_of_D_Frota_por_UF_Municipio_COMBUSTIVEL_Julho_2026.xlsx
SAO PAULO,RINCAO,GASOLINA/ALCOOL/GAS NATURAL,1,copy_of_D_Frota_por_UF_Municipio_COMBUSTIVEL_Julho_2026.xlsx
SAO PAULO,RINCAO,GASOLINA/ELETRICO,3,copy_of_D_Frota_por_UF_Municipio_COMBUSTIVEL_Julho_2026.xlsx
SAO PAULO,RINCAO,GASOLINA/GAS NATURAL VEICULAR,6,copy_of_D_Frota_por_UF_Municipio_COMBUSTIVEL_Julho_2026.xlsx
SAO PAULO,RINCAO,Sem Informação,468,copy_of_D_Frota_por_UF_Municipio_COMBUSTIVEL_Julho_2026.xlsx
SAO PAULO,RINOPOLIS,ALCOOL,673,copy_of_D_Frota_por_UF_Municipio_COMBUSTIVEL_Julho_2026.xlsx
SAO PAULO,RINOPOLIS,ALCOOL/GAS NATURAL VEICULAR,1,copy_of_D_Frota_por_UF_Municipio_COMBUSTIVEL_Julho_2026.xlsx
SAO PAULO,RINOPOLIS,ALCOOL/GASOLINA,2781,copy_of_D_Frota_por_UF_Municipio_COMBUSTIVEL_Julho_2026.xlsx
SAO PAULO,RINOPOLIS,DIESEL,922,copy_of_D_Frota_por_UF_Municipio_COMBUSTIVEL_Julho_2026.xlsx
SAO PAULO,RINOPOLIS,ELETRICO,1,copy_of_D_Frota_por_UF_Municipio_COMBUSTIVEL_Julho_2026.xlsx
SAO PAULO,RINOPOLIS,ELETRICO/FONTE EXTERNA,3,copy_of_D_Frota_por_UF_Municipio_COMBUSTIVEL_Julho_2026.xlsx
SAO PAULO,RINOPOLIS,GASOLINA,2700,copy_of_D_Frota_por_UF_Municipio_COMBUSTIVEL_Julho_2026.xlsx
SAO PAULO,RINOPOLIS,GASOLINA/ALCOOL/ELETRICO,11,copy_of_D_Frota_por_UF_Municipio_COMBUSTIVEL_Julho_2026.xlsx
SAO PAULO,RINOPOLIS,GASOLINA/ALCOOL/GAS NATURAL,1,copy_of_D_Frota_por_UF_Municipio_COMBUSTIVEL_Julho_2026.xlsx
SAO PAULO,RINOPOLIS,GASOLINA/ELETRICO,1,copy_of_D_Frota_por_UF_Municipio_COMBUSTIVEL_Julho_2026.xlsx
SAO PAULO,RINOPOLIS,HIBRIDO,1,copy_of_D_Frota_por_UF_Municipio_COMBUSTIVEL_Julho_2026.xlsx
SAO PAULO,RINOPOLIS,HIBRIDO PLUG-IN,1,copy_of_D_Frota_por_UF_Municipio_COMBUSTIVEL_Julho_2026.xlsx
SAO PAULO,RINOPOLIS,Sem Informação,1178,copy_of_D_Frota_por_UF_Municipio_COMBUSTIVEL_Julho_2026.xlsx
SAO PAULO,RIO CLARO,ALCOOL,8471,copy_of_D_Frota_por_UF_Municipio_COMBUSTIVEL_Julho_2026.xlsx
SAO PAULO,RIO CLARO,ALCOOL/GAS NATURAL COMBUSTIVEL,3,copy_of_D_Frota_por_UF_Municipio_COMBUSTIVEL_Julho_2026.xlsx
SAO PAULO,RIO CLARO,ALCOOL/GAS NATURAL VEICULAR,40,copy_of_D_Frota_por_UF_Municipio_COMBUSTIVEL_Julho_2026.xlsx
SAO PAULO,RIO CLARO,ALCOOL/GASOLINA,84255,copy_of_D_Frota_por_UF_Municipio_COMBUSTIVEL_Julho_2026.xlsx
SAO PAULO,RIO CLARO,DIESEL,10354,copy_of_D_Frota_por_UF_Municipio_COMBUSTIVEL_Julho_2026.xlsx
SAO PAULO,RIO CLARO,DIESEL/ELETRICO,22,copy_of_D_Frota_por_UF_Municipio_COMBUSTIVEL_Julho_2026.xlsx
SAO PAULO,RIO CLARO,DIESEL/GAS NATURAL VEICULAR,1,copy_of_D_Frota_por_UF_Municipio_COMBUSTIVEL_Julho_2026.xlsx
SAO PAULO,RIO CLARO,ELETRICO,20,copy_of_D_Frota_por_UF_Municipio_COMBUSTIVEL_Julho_2026.xlsx
SAO PAULO,RIO CLARO,ELETRICO/FONTE EXTERNA,140,copy_of_D_Frota_por_UF_Municipio_COMBUSTIVEL_Julho_2026.xlsx
SAO PAULO,RIO CLARO,ELETRICO/FONTE INTERNA,22,copy_of_D_Frota_por_UF_Municipio_COMBUSTIVEL_Julho_2026.xlsx
SAO PAULO,RIO CLARO,GAS METANO,2,copy_of_D_Frota_por_UF_Municipio_COMBUSTIVEL_Julho_2026.xlsx
SAO PAULO,RIO CLARO,GASOL/GAS NATURAL COMBUSTIVEL,19,copy_of_D_Frota_por_UF_Municipio_COMBUSTIVEL_Julho_2026.xlsx
SAO PAULO,RIO CLARO,GASOLINA,88733,copy_of_D_Frota_por_UF_Municipio_COMBUSTIVEL_Julho_2026.xlsx
SAO PAULO,RIO CLARO,GASOLINA/ALCOOL/ELETRICO,316,copy_of_D_Frota_por_UF_Municipio_COMBUSTIVEL_Julho_2026.xlsx
SAO PAULO,RIO CLARO,GASOLINA/ALCOOL/GAS NATURAL,123,copy_of_D_Frota_por_UF_Municipio_COMBUSTIVEL_Julho_2026.xlsx
SAO PAULO,RIO CLARO,GASOLINA/ELETRICO,277,copy_of_D_Frota_por_UF_Municipio_COMBUSTIVEL_Julho_2026.xlsx
SAO PAULO,RIO CLARO,GASOLINA/GAS NATURAL VEICULAR,795,copy_of_D_Frota_por_UF_Municipio_COMBUSTIVEL_Julho_2026.xlsx
SAO PAULO,RIO CLARO,HIBRIDO,58,copy_of_D_Frota_por_UF_Municipio_COMBUSTIVEL_Julho_2026.xlsx
SAO PAULO,RIO CLARO,HIBRIDO PLUG-IN,96,copy_of_D_Frota_por_UF_Municipio_COMBUSTIVEL_Julho_2026.xlsx
SAO PAULO,RIO CLARO,Sem Informação,5227,copy_of_D_Frota_por_UF_Municipio_COMBUSTIVEL_Julho_2026.xlsx
SAO PAULO,RIO DAS PEDRAS,ALCOOL,1713,copy_of_D_Frota_por_UF_Municipio_COMBUSTIVEL_Julho_2026.xlsx
SAO PAULO,RIO DAS PEDRAS,ALCOOL/GASOLINA,10480,copy_of_D_Frota_por_UF_Municipio_COMBUSTIVEL_Julho_2026.xlsx
SAO PAULO,RIO DAS PEDRAS,DIESEL,2524,copy_of_D_Frota_por_UF_Municipio_COMBUSTIVEL_Julho_2026.xlsx
SAO PAULO,RIO DAS PEDRAS,ELETRICO,2,copy_of_D_Frota_por_UF_Municipio_COMBUSTIVEL_Julho_2026.xlsx
SAO PAULO,RIO DAS PEDRAS,ELETRICO/FONTE EXTERNA,32,copy_of_D_Frota_por_UF_Municipio_COMBUSTIVEL_Julho_2026.xlsx
SAO PAULO,RIO DAS PEDRAS,ELETRICO/FONTE INTERNA,1,copy_of_D_Frota_por_UF_Municipio_COMBUSTIVEL_Julho_2026.xlsx
SAO PAULO,RIO DAS PEDRAS,GASOL/GAS NATURAL COMBUSTIVEL,3,copy_of_D_Frota_por_UF_Municipio_COMBUSTIVEL_Julho_2026.xlsx
SAO PAULO,RIO DAS PEDRAS,GASOLINA,9616,copy_of_D_Frota_por_UF_Municipio_COMBUSTIVEL_Julho_2026.xlsx
SAO PAULO,RIO DAS PEDRAS,GASOLINA/ALCOOL/ELETRICO,33,copy_of_D_Frota_por_UF_Municipio_COMBUSTIVEL_Julho_2026.xlsx
SAO PAULO,RIO DAS PEDRAS,GASOLINA/ALCOOL/GAS NATURAL,5,copy_of_D_Frota_por_UF_Municipio_COMBUSTIVEL_Julho_2026.xlsx
SAO PAULO,RIO DAS PEDRAS,GASOLINA/ELETRICO,25,copy_of_D_Frota_por_UF_Municipio_COMBUSTIVEL_Julho_2026.xlsx
SAO PAULO,RIO DAS PEDRAS,GASOLINA/GAS NATURAL VEICULAR,45,copy_of_D_Frota_por_UF_Municipio_COMBUSTIVEL_Julho_2026.xlsx
SAO PAULO,RIO DAS PEDRAS,HIBRIDO,1,copy_of_D_Frota_por_UF_Municipio_COMBUSTIVEL_Julho_2026.xlsx
SAO PAULO,RIO DAS PEDRAS,HIBRIDO PLUG-IN,4,copy_of_D_Frota_por_UF_Municipio_COMBUSTIVEL_Julho_2026.xlsx
SAO PAULO,RIO DAS PEDRAS,Sem Informação,1351,copy_of_D_Frota_por_UF_Municipio_COMBUSTIVEL_Julho_2026.xlsx
SAO PAULO,RIO GRANDE DA SERRA,ALCOOL,1317,copy_of_D_Frota_por_UF_Municipio_COMBUSTIVEL_Julho_2026.xlsx
SAO PAULO,RIO GRANDE DA SERRA,ALCOOL/GAS NATURAL COMBUSTIVEL,2,copy_of_D_Frota_por_UF_Municipio_COMBUSTIVEL_Julho_2026.xlsx
SAO PAULO,RIO GRANDE DA SERRA,ALCOOL/GAS NATURAL VEICULAR,26,copy_of_D_Frota_por_UF_Municipio_COMBUSTIVEL_Julho_2026.xlsx
SAO PAULO,RIO GRANDE DA SERRA,ALCOOL/GASOLINA,9454,copy_of_D_Frota_por_UF_Municipio_COMBUSTIVEL_Julho_2026.xlsx
SAO PAULO,RIO GRANDE DA SERRA,DIESEL,1167,copy_of_D_Frota_por_UF_Municipio_COMBUSTIVEL_Julho_2026.xlsx
SAO PAULO,RIO GRANDE DA SERRA,ELETRICO/FONTE EXTERNA,8,copy_of_D_Frota_por_UF_Municipio_COMBUSTIVEL_Julho_2026.xlsx
SAO PAULO,RIO GRANDE DA SERRA,ELETRICO/FONTE INTERNA,1,copy_of_D_Frota_por_UF_Municipio_COMBUSTIVEL_Julho_2026.xlsx
SAO PAULO,RIO GRANDE DA SERRA,GAS METANO,1,copy_of_D_Frota_por_UF_Municipio_COMBUSTIVEL_Julho_2026.xlsx
SAO PAULO,RIO GRANDE DA SERRA,GASOL/GAS NATURAL COMBUSTIVEL,8,copy_of_D_Frota_por_UF_Municipio_COMBUSTIVEL_Julho_2026.xlsx
SAO PAULO,RIO GRANDE DA SERRA,GASOLINA,11400,copy_of_D_Frota_por_UF_Municipio_COMBUSTIVEL_Julho_2026.xlsx
SAO PAULO,RIO GRANDE DA SERRA,GASOLINA/ALCOOL/ELETRICO,29,copy_of_D_Frota_por_UF_Municipio_COMBUSTIVEL_Julho_2026.xlsx
SAO PAULO,RIO GRANDE DA SERRA,GASOLINA/ALCOOL/GAS NATURAL,38,copy_of_D_Frota_por_UF_Municipio_COMBUSTIVEL_Julho_2026.xlsx
SAO PAULO,RIO GRANDE DA SERRA,GASOLINA/ELETRICO,13,copy_of_D_Frota_por_UF_Municipio_COMBUSTIVEL_Julho_2026.xlsx
SAO PAULO,RIO GRANDE DA SERRA,GASOLINA/GAS NATURAL VEICULAR,334,copy_of_D_Frota_por_UF_Municipio_COMBUSTIVEL_Julho_2026.xlsx
SAO PAULO,RIO GRANDE DA SERRA,Sem Informação,332,copy_of_D_Frota_por_UF_Municipio_COMBUSTIVEL_Julho_2026.xlsx
SAO PAULO,RIOLANDIA,ALCOOL,465,copy_of_D_Frota_por_UF_Municipio_COMBUSTIVEL_Julho_2026.xlsx
SAO PAULO,RIOLANDIA,ALCOOL/GASOLINA,2121,copy_of_D_Frota_por_UF_Municipio_COMBUSTIVEL_Julho_2026.xlsx
SAO PAULO,RIOLANDIA,DIESEL,498,copy_of_D_Frota_por_UF_Municipio_COMBUSTIVEL_Julho_2026.xlsx
SAO PAULO,RIOLANDIA,DIESEL/ELETRICO,2,copy_of_D_Frota_por_UF_Municipio_COMBUSTIVEL_Julho_2026.xlsx
SAO PAULO,RIOLANDIA,ELETRICO/FONTE INTERNA,1,copy_of_D_Frota_por_UF_Municipio_COMBUSTIVEL_Julho_2026.xlsx
SAO PAULO,RIOLANDIA,GASOLINA,2172,copy_of_D_Frota_por_UF_Municipio_COMBUSTIVEL_Julho_2026.xlsx
SAO PAULO,RIOLANDIA,GASOLINA/ALCOOL/ELETRICO,5,copy_of_D_Frota_por_UF_Municipio_COMBUSTIVEL_Julho_2026.xlsx
SAO PAULO,RIOLANDIA,GASOLINA/ELETRICO,4,copy_of_D_Frota_por_UF_Municipio_COMBUSTIVEL_Julho_2026.xlsx
SAO PAULO,RIOLANDIA,GASOLINA/GAS NATURAL VEICULAR,1,copy_of_D_Frota_por_UF_Municipio_COMBUSTIVEL_Julho_2026.xlsx
SAO PAULO,RIOLANDIA,Sem Informação,279,copy_of_D_Frota_por_UF_Municipio_COMBUSTIVEL_Julho_2026.xlsx
SAO PAULO,RIVERSUL,ALCOOL,146,copy_of_D_Frota_por_UF_Municipio_COMBUSTIVEL_Julho_2026.xlsx
SAO PAULO,RIVERSUL,ALCOOL/GASOLINA,1204,copy_of_D_Frota_por_UF_Municipio_COMBUSTIVEL_Julho_2026.xlsx
SAO PAULO,RIVERSUL,DIESEL,320,copy_of_D_Frota_por_UF_Municipio_COMBUSTIVEL_Julho_2026.xlsx
SAO PAULO,RIVERSUL,ELETRICO/FONTE EXTERNA,2,copy_of_D_Frota_por_UF_Municipio_COMBUSTIVEL_Julho_2026.xlsx
SAO PAULO,RIVERSUL,GASOLINA,1343,copy_of_D_Frota_por_UF_Municipio_COMBUSTIVEL_Julho_2026.xlsx
SAO PAULO,RIVERSUL,GASOLINA/GAS NATURAL VEICULAR,1,copy_of_D_Frota_por_UF_Municipio_COMBUSTIVEL_Julho_2026.xlsx
SAO PAULO,RIVERSUL,Sem Informação,121,copy_of_D_Frota_por_UF_Municipio_COMBUSTIVEL_Julho_2026.xlsx
SAO PAULO,ROSANA,ALCOOL,861,copy_of_D_Frota_por_UF_Municipio_COMBUSTIVEL_Julho_2026.xlsx
SAO PAULO,ROSANA,ALCOOL/GASOLINA,4198,copy_of_D_Frota_por_UF_Municipio_COMBUSTIVEL_Julho_2026.xlsx
SAO PAULO,ROSANA,DIESEL,740,copy_of_D_Frota_por_UF_Municipio_COMBUSTIVEL_Julho_2026.xlsx
SAO PAULO,ROSANA,ELETRICO/FONTE EXTERNA,4,copy_of_D_Frota_por_UF_Municipio_COMBUSTIVEL_Julho_2026.xlsx
SAO PAULO,ROSANA,ELETRICO/FONTE INTERNA,1,copy_of_D_Frota_por_UF_Municipio_COMBUSTIVEL_Julho_2026.xlsx
SAO PAULO,ROSANA,GASOLINA,4787,copy_of_D_Frota_por_UF_Municipio_COMBUSTIVEL_Julho_2026.xlsx
SAO PAULO,ROSANA,GASOLINA/ALCOOL/ELETRICO,10,copy_of_D_Frota_por_UF_Municipio_COMBUSTIVEL_Julho_2026.xlsx
SAO PAULO,ROSANA,GASOLINA/ELETRICO,7,copy_of_D_Frota_por_UF_Municipio_COMBUSTIVEL_Julho_2026.xlsx
SAO PAULO,ROSANA,GASOLINA/GAS NATURAL VEICULAR,4,copy_of_D_Frota_por_UF_Municipio_COMBUSTIVEL_Julho_2026.xlsx
SAO PAULO,ROSANA,HIBRIDO,1,copy_of_D_Frota_por_UF_Municipio_COMBUSTIVEL_Julho_2026.xlsx
SAO PAULO,ROSANA,HIBRIDO PLUG-IN,4,copy_of_D_Frota_por_UF_Municipio_COMBUSTIVEL_Julho_2026.xlsx
SAO PAULO,ROSANA,Sem Informação,1080,copy_of_D_Frota_por_UF_Municipio_COMBUSTIVEL_Julho_2026.xlsx
SAO PAULO,ROSEIRA,ALCOOL,421,copy_of_D_Frota_por_UF_Municipio_COMBUSTIVEL_Julho_2026.xlsx
SAO PAULO,ROSEIRA,ALCOOL/GAS NATURAL COMBUSTIVEL,1,copy_of_D_Frota_por_UF_Municipio_COMBUSTIVEL_Julho_2026.xlsx
SAO PAULO,ROSEIRA,ALCOOL/GAS NATURAL VEICULAR,1,copy_of_D_Frota_por_UF_Municipio_COMBUSTIVEL_Julho_2026.xlsx
SAO PAULO,ROSEIRA,ALCOOL/GASOLINA,2762,copy_of_D_Frota_por_UF_Municipio_COMBUSTIVEL_Julho_2026.xlsx
SAO PAULO,ROSEIRA,DIESEL,476,copy_of_D_Frota_por_UF_Municipio_COMBUSTIVEL_Julho_2026.xlsx
SAO PAULO,ROSEIRA,DIESEL/ELETRICO,1,copy_of_D_Frota_por_UF_Municipio_COMBUSTIVEL_Julho_2026.xlsx
SAO PAULO,ROSEIRA,ELETRICO,1,copy_of_D_Frota_por_UF_Municipio_COMBUSTIVEL_Julho_2026.xlsx
SAO PAULO,ROSEIRA,ELETRICO/FONTE EXTERNA,2,copy_of_D_Frota_por_UF_Municipio_COMBUSTIVEL_Julho_2026.xlsx
SAO PAULO,ROSEIRA,ELETRICO/FONTE INTERNA,1,copy_of_D_Frota_por_UF_Municipio_COMBUSTIVEL_Julho_2026.xlsx
SAO PAULO,ROSEIRA,GASOL/GAS NATURAL COMBUSTIVEL,1,copy_of_D_Frota_por_UF_Municipio_COMBUSTIVEL_Julho_2026.xlsx
SAO PAULO,ROSEIRA,GASOLINA,2944,copy_of_D_Frota_por_UF_Municipio_COMBUSTIVEL_Julho_2026.xlsx
SAO PAULO,ROSEIRA,GASOLINA/ALCOOL/ELETRICO,7,copy_of_D_Frota_por_UF_Municipio_COMBUSTIVEL_Julho_2026.xlsx
SAO PAULO,ROSEIRA,GASOLINA/ALCOOL/GAS NATURAL,8,copy_of_D_Frota_por_UF_Municipio_COMBUSTIVEL_Julho_2026.xlsx
SAO PAULO,ROSEIRA,GASOLINA/ELETRICO,5,copy_of_D_Frota_por_UF_Municipio_COMBUSTIVEL_Julho_2026.xlsx
SAO PAULO,ROSEIRA,GASOLINA/GAS NATURAL VEICULAR,48,copy_of_D_Frota_por_UF_Municipio_COMBUSTIVEL_Julho_2026.xlsx
SAO PAULO,ROSEIRA,HIBRIDO,1,copy_of_D_Frota_por_UF_Municipio_COMBUSTIVEL_Julho_2026.xlsx
SAO PAULO,ROSEIRA,HIBRIDO PLUG-IN,1,copy_of_D_Frota_por_UF_Municipio_COMBUSTIVEL_Julho_2026.xlsx
SAO PAULO,ROSEIRA,Sem Informação,194,copy_of_D_Frota_por_UF_Municipio_COMBUSTIVEL_Julho_2026.xlsx
SAO PAULO,RUBIACEA,ALCOOL,155,copy_of_D_Frota_por_UF_Municipio_COMBUSTIVEL_Julho_2026.xlsx
SAO PAULO,RUBIACEA,ALCOOL/GAS NATURAL VEICULAR,1,copy_of_D_Frota_por_UF_Municipio_COMBUSTIVEL_Julho_2026.xlsx
SAO PAULO,RUBIACEA,ALCOOL/GASOLINA,675,copy_of_D_Frota_por_UF_Municipio_COMBUSTIVEL_Julho_2026.xlsx
SAO PAULO,RUBIACEA,DIESEL,110,copy_of_D_Frota_por_UF_Municipio_COMBUSTIVEL_Julho_2026.xlsx
SAO PAULO,RUBIACEA,ELETRICO/FONTE EXTERNA,1,copy_of_D_Frota_por_UF_Municipio_COMBUSTIVEL_Julho_2026.xlsx
SAO PAULO,RUBIACEA,GAS METANO,1,copy_of_D_Frota_por_UF_Municipio_COMBUSTIVEL_Julho_2026.xlsx
SAO PAULO,RUBIACEA,GASOLINA,664,copy_of_D_Frota_por_UF_Municipio_COMBUSTIVEL_Julho_2026.xlsx
SAO PAULO,RUBIACEA,GASOLINA/ELETRICO,1,copy_of_D_Frota_por_UF_Municipio_COMBUSTIVEL_Julho_2026.xlsx
SAO PAULO,RUBIACEA,GASOLINA/GAS NATURAL VEICULAR,1,copy_of_D_Frota_por_UF_Municipio_COMBUSTIVEL_Julho_2026.xlsx
SAO PAULO,RUBIACEA,HIBRIDO,1,copy_of_D_Frota_por_UF_Municipio_COMBUSTIVEL_Julho_2026.xlsx
SAO PAULO,RUBIACEA,Sem Informação,88,copy_of_D_Frota_por_UF_Municipio_COMBUSTIVEL_Julho_2026.xlsx
SAO PAULO,RUBINEIA,ALCOOL,233,copy_of_D_Frota_por_UF_Municipio_COMBUSTIVEL_Julho_2026.xlsx
SAO PAULO,RUBINEIA,ALCOOL/GASOLINA,1043,copy_of_D_Frota_por_UF_Municipio_COMBUSTIVEL_Julho_2026.xlsx
SAO PAULO,RUBINEIA,DIESEL,215,copy_of_D_Frota_por_UF_Municipio_COMBUSTIVEL_Julho_2026.xlsx
SAO PAULO,RUBINEIA,GASOLINA,1250,copy_of_D_Frota_por_UF_Municipio_COMBUSTIVEL_Julho_2026.xlsx
SAO PAULO,RUBINEIA,GASOLINA/ALCOOL/GAS NATURAL,3,copy_of_D_Frota_por_UF_Municipio_COMBUSTIVEL_Julho_2026.xlsx
SAO PAULO,RUBINEIA,GASOLINA/ELETRICO,1,copy_of_D_Frota_por_UF_Municipio_COMBUSTIVEL_Julho_2026.xlsx
SAO PAULO,RUBINEIA,GASOLINA/GAS NATURAL VEICULAR,2,copy_of_D_Frota_por_UF_Municipio_COMBUSTIVEL_Julho_2026.xlsx
SAO PAULO,RUBINEIA,Sem Informação,461,copy_of_D_Frota_por_UF_Municipio_COMBUSTIVEL_Julho_2026.xlsx
SAO PAULO,SABINO,ALCOOL,247,copy_of_D_Frota_por_UF_Municipio_COMBUSTIVEL_Julho_2026.xlsx
SAO PAULO,SABINO,ALCOOL/GASOLINA,1444,copy_of_D_Frota_por_UF_Municipio_COMBUSTIVEL_Julho_2026.xlsx
SAO PAULO,SABINO,DIESEL,261,copy_of_D_Frota_por_UF_Municipio_COMBUSTIVEL_Julho_2026.xlsx
SAO PAULO,SABINO,ELETRICO/FONTE EXTERNA,3,copy_of_D_Frota_por_UF_Municipio_COMBUSTIVEL_Julho_2026.xlsx
SAO PAULO,SABINO,GASOLINA,1354,copy_of_D_Frota_por_UF_Municipio_COMBUSTIVEL_Julho_2026.xlsx
SAO PAULO,SABINO,GASOLINA/ALCOOL/ELETRICO,2,copy_of_D_Frota_por_UF_Municipio_COMBUSTIVEL_Julho_2026.xlsx
SAO PAULO,SABINO,GASOLINA/ELETRICO,1,copy_of_D_Frota_por_UF_Municipio_COMBUSTIVEL_Julho_2026.xlsx
SAO PAULO,SABINO,GASOLINA/GAS NATURAL VEICULAR,1,copy_of_D_Frota_por_UF_Municipio_COMBUSTIVEL_Julho_2026.xlsx
SAO PAULO,SABINO,Sem Informação,242,copy_of_D_Frota_por_UF_Municipio_COMBUSTIVEL_Julho_2026.xlsx
SAO PAULO,SAGRES,ALCOOL,189,copy_of_D_Frota_por_UF_Municipio_COMBUSTIVEL_Julho_2026.xlsx
SAO PAULO,SAGRES,ALCOOL/GASOLINA,458,copy_of_D_Frota_por_UF_Municipio_COMBUSTIVEL_Julho_2026.xlsx
SAO PAULO,SAGRES,DIESEL,69,copy_of_D_Frota_por_UF_Municipio_COMBUSTIVEL_Julho_2026.xlsx
SAO PAULO,SAGRES,GASOLINA,593,copy_of_D_Frota_por_UF_Municipio_COMBUSTIVEL_Julho_2026.xlsx
SAO PAULO,SAGRES,GASOLINA/GAS NATURAL VEICULAR,1,copy_of_D_Frota_por_UF_Municipio_COMBUSTIVEL_Julho_2026.xlsx
SAO PAULO,SAGRES,Sem Informação,48,copy_of_D_Frota_por_UF_Municipio_COMBUSTIVEL_Julho_2026.xlsx
SAO PAULO,SALES,ALCOOL,456,copy_of_D_Frota_por_UF_Municipio_COMBUSTIVEL_Julho_2026.xlsx
SAO PAULO,SALES,ALCOOL/GASOLINA,1655,copy_of_D_Frota_por_UF_Municipio_COMBUSTIVEL_Julho_2026.xlsx
SAO PAULO,SALES,DIESEL,366,copy_of_D_Frota_por_UF_Municipio_COMBUSTIVEL_Julho_2026.xlsx
SAO PAULO,SALES,ELETRICO/FONTE INTERNA,3,copy_of_D_Frota_por_UF_Municipio_COMBUSTIVEL_Julho_2026.xlsx
SAO PAULO,SALES,GASOLINA,1748,copy_of_D_Frota_por_UF_Municipio_COMBUSTIVEL_Julho_2026.xlsx
SAO PAULO,SALES,GASOLINA/ALCOOL/ELETRICO,2,copy_of_D_Frota_por_UF_Municipio_COMBUSTIVEL_Julho_2026.xlsx
SAO PAULO,SALES,GASOLINA/ELETRICO,2,copy_of_D_Frota_por_UF_Municipio_COMBUSTIVEL_Julho_2026.xlsx
SAO PAULO,SALES,GASOLINA/GAS NATURAL VEICULAR,1,copy_of_D_Frota_por_UF_Municipio_COMBUSTIVEL_Julho_2026.xlsx
SAO PAULO,SALES,HIBRIDO PLUG-IN,1,copy_of_D_Frota_por_UF_Municipio_COMBUSTIVEL_Julho_2026.xlsx
SAO PAULO,SALES,Sem Informação,368,copy_of_D_Frota_por_UF_Municipio_COMBUSTIVEL_Julho_2026.xlsx
SAO PAULO,SALES OLIVEIRA,ALCOOL,748,copy_of_D_Frota_por_UF_Municipio_COMBUSTIVEL_Julho_2026.xlsx
SAO PAULO,SALES OLIVEIRA,ALCOOL/GASOLINA,3632,copy_of_D_Frota_por_UF_Municipio_COMBUSTIVEL_Julho_2026.xlsx
SAO PAULO,SALES OLIVEIRA,DIESEL,988,copy_of_D_Frota_por_UF_Municipio_COMBUSTIVEL_Julho_2026.xlsx
SAO PAULO,SALES OLIVEIRA,DIESEL/ELETRICO,1,copy_of_D_Frota_por_UF_Municipio_COMBUSTIVEL_Julho_2026.xlsx
SAO PAULO,SALES OLIVEIRA,ELETRICO/FONTE EXTERNA,2,copy_of_D_Frota_por_UF_Municipio_COMBUSTIVEL_Julho_2026.xlsx
SAO PAULO,SALES OLIVEIRA,ELETRICO/FONTE INTERNA,2,copy_of_D_Frota_por_UF_Municipio_COMBUSTIVEL_Julho_2026.xlsx
SAO PAULO,SALES OLIVEIRA,GASOLINA,3097,copy_of_D_Frota_por_UF_Municipio_COMBUSTIVEL_Julho_2026.xlsx
SAO PAULO,SALES OLIVEIRA,GASOLINA/ALCOOL/ELETRICO,14,copy_of_D_Frota_por_UF_Municipio_COMBUSTIVEL_Julho_2026.xlsx
SAO PAULO,SALES OLIVEIRA,GASOLINA/ALCOOL/GAS NATURAL,2,copy_of_D_Frota_por_UF_Municipio_COMBUSTIVEL_Julho_2026.xlsx
SAO PAULO,SALES OLIVEIRA,GASOLINA/ELETRICO,6,copy_of_D_Frota_por_UF_Municipio_COMBUSTIVEL_Julho_2026.xlsx
SAO PAULO,SALES OLIVEIRA,GASOLINA/GAS NATURAL VEICULAR,2,copy_of_D_Frota_por_UF_Municipio_COMBUSTIVEL_Julho_2026.xlsx
SAO PAULO,SALES OLIVEIRA,HIBRIDO,2,copy_of_D_Frota_por_UF_Municipio_COMBUSTIVEL_Julho_2026.xlsx
SAO PAULO,SALES OLIVEIRA,HIBRIDO PLUG-IN,3,copy_of_D_Frota_por_UF_Municipio_COMBUSTIVEL_Julho_2026.xlsx
SAO PAULO,SALES OLIVEIRA,Sem Informação,503,copy_of_D_Frota_por_UF_Municipio_COMBUSTIVEL_Julho_2026.xlsx
SAO PAULO,SALESOPOLIS,ALCOOL,731,copy_of_D_Frota_por_UF_Municipio_COMBUSTIVEL_Julho_2026.xlsx
SAO PAULO,SALESOPOLIS,ALCOOL/GAS NATURAL VEICULAR,12,copy_of_D_Frota_por_UF_Municipio_COMBUSTIVEL_Julho_2026.xlsx
SAO PAULO,SALESOPOLIS,ALCOOL/GASOLINA,4491,copy_of_D_Frota_por_UF_Municipio_COMBUSTIVEL_Julho_2026.xlsx
SAO PAULO,SALESOPOLIS,DIESEL,1758,copy_of_D_Frota_por_UF_Municipio_COMBUSTIVEL_Julho_2026.xlsx
SAO PAULO,SALESOPOLIS,ELETRICO/FONTE EXTERNA,2,copy_of_D_Frota_por_UF_Municipio_COMBUSTIVEL_Julho_2026.xlsx
SAO PAULO,SALESOPOLIS,ELETRICO/FONTE INTERNA,1,copy_of_D_Frota_por_UF_Municipio_COMBUSTIVEL_Julho_2026.xlsx
SAO PAULO,SALESOPOLIS,GASOL/GAS NATURAL COMBUSTIVEL,1,copy_of_D_Frota_por_UF_Municipio_COMBUSTIVEL_Julho_2026.xlsx
SAO PAULO,SALESOPOLIS,GASOLINA,6272,copy_of_D_Frota_por_UF_Municipio_COMBUSTIVEL_Julho_2026.xlsx
SAO PAULO,SALESOPOLIS,GASOLINA/ALCOOL/ELETRICO,8,copy_of_D_Frota_por_UF_Municipio_COMBUSTIVEL_Julho_2026.xlsx
SAO PAULO,SALESOPOLIS,GASOLINA/ALCOOL/GAS NATURAL,7,copy_of_D_Frota_por_UF_Municipio_COMBUSTIVEL_Julho_2026.xlsx
SAO PAULO,SALESOPOLIS,GASOLINA/ELETRICO,6,copy_of_D_Frota_por_UF_Municipio_COMBUSTIVEL_Julho_2026.xlsx
SAO PAULO,SALESOPOLIS,GASOLINA/GAS NATURAL VEICULAR,76,copy_of_D_Frota_por_UF_Municipio_COMBUSTIVEL_Julho_2026.xlsx
SAO PAULO,SALESOPOLIS,HIBRIDO,2,copy_of_D_Frota_por_UF_Municipio_COMBUSTIVEL_Julho_2026.xlsx
SAO PAULO,SALESOPOLIS,HIBRIDO PLUG-IN,3,copy_of_D_Frota_por_UF_Municipio_COMBUSTIVEL_Julho_2026.xlsx
SAO PAULO,SALESOPOLIS,Sem Informação,361,copy_of_D_Frota_por_UF_Municipio_COMBUSTIVEL_Julho_2026.xlsx
SAO PAULO,SALMOURAO,ALCOOL,297,copy_of_D_Frota_por_UF_Municipio_COMBUSTIVEL_Julho_2026.xlsx
SAO PAULO,SALMOURAO,ALCOOL/GASOLINA,925,copy_of_D_Frota_por_UF_Municipio_COMBUSTIVEL_Julho_2026.xlsx
SAO PAULO,SALMOURAO,DIESEL,196,copy_of_D_Frota_por_UF_Municipio_COMBUSTIVEL_Julho_2026.xlsx
SAO PAULO,SALMOURAO,GASOLINA,928,copy_of_D_Frota_por_UF_Municipio_COMBUSTIVEL_Julho_2026.xlsx
SAO PAULO,SALMOURAO,GASOLINA/ALCOOL/ELETRICO,1,copy_of_D_Frota_por_UF_Municipio_COMBUSTIVEL_Julho_2026.xlsx
SAO PAULO,SALMOURAO,GASOLINA/ELETRICO,1,copy_of_D_Frota_por_UF_Municipio_COMBUSTIVEL_Julho_2026.xlsx
SAO PAULO,SALMOURAO,GASOLINA/GAS NATURAL VEICULAR,1,copy_of_D_Frota_por_UF_Municipio_COMBUSTIVEL_Julho_2026.xlsx
SAO PAULO,SALMOURAO,Sem Informação,104,copy_of_D_Frota_por_UF_Municipio_COMBUSTIVEL_Julho_2026.xlsx
SAO PAULO,SALTINHO,ALCOOL,567,copy_of_D_Frota_por_UF_Municipio_COMBUSTIVEL_Julho_2026.xlsx
SAO PAULO,SALTINHO,ALCOOL/GAS NATURAL VEICULAR,1,copy_of_D_Frota_por_UF_Municipio_COMBUSTIVEL_Julho_2026.xlsx
SAO PAULO,SALTINHO,ALCOOL/GASOLINA,3041,copy_of_D_Frota_por_UF_Municipio_COMBUSTIVEL_Julho_2026.xlsx
SAO PAULO,SALTINHO,DIESEL,1135,copy_of_D_Frota_por_UF_Municipio_COMBUSTIVEL_Julho_2026.xlsx
SAO PAULO,SALTINHO,ELETRICO/FONTE EXTERNA,9,copy_of_D_Frota_por_UF_Municipio_COMBUSTIVEL_Julho_2026.xlsx
SAO PAULO,SALTINHO,GASOLINA,2158,copy_of_D_Frota_por_UF_Municipio_COMBUSTIVEL_Julho_2026.xlsx
SAO PAULO,SALTINHO,GASOLINA/ALCOOL/ELETRICO,7,copy_of_D_Frota_por_UF_Municipio_COMBUSTIVEL_Julho_2026.xlsx
SAO PAULO,SALTINHO,GASOLINA/ALCOOL/GAS NATURAL,1,copy_of_D_Frota_por_UF_Municipio_COMBUSTIVEL_Julho_2026.xlsx
SAO PAULO,SALTINHO,GASOLINA/ELETRICO,9,copy_of_D_Frota_por_UF_Municipio_COMBUSTIVEL_Julho_2026.xlsx
SAO PAULO,SALTINHO,GASOLINA/GAS NATURAL VEICULAR,11,copy_of_D_Frota_por_UF_Municipio_COMBUSTIVEL_Julho_2026.xlsx
SAO PAULO,SALTINHO,HIBRIDO PLUG-IN,3,copy_of_D_Frota_por_UF_Municipio_COMBUSTIVEL_Julho_2026.xlsx
SAO PAULO,SALTINHO,Sem Informação,534,copy_of_D_Frota_por_UF_Municipio_COMBUSTIVEL_Julho_2026.xlsx
SAO PAULO,SALTO,ALCOOL,4328,copy_of_D_Frota_por_UF_Municipio_COMBUSTIVEL_Julho_2026.xlsx
SAO PAULO,SALTO,ALCOOL/GAS NATURAL VEICULAR,17,copy_of_D_Frota_por_UF_Municipio_COMBUSTIVEL_Julho_2026.xlsx
SAO PAULO,SALTO,ALCOOL/GASOLINA,47191,copy_of_D_Frota_por_UF_Municipio_COMBUSTIVEL_Julho_2026.xlsx
SAO PAULO,SALTO,DIESEL,6726,copy_of_D_Frota_por_UF_Municipio_COMBUSTIVEL_Julho_2026.xlsx
SAO PAULO,SALTO,DIESEL/ELETRICO,3,copy_of_D_Frota_por_UF_Municipio_COMBUSTIVEL_Julho_2026.xlsx
SAO PAULO,SALTO,ELETRICO,23,copy_of_D_Frota_por_UF_Municipio_COMBUSTIVEL_Julho_2026.xlsx
SAO PAULO,SALTO,ELETRICO/FONTE EXTERNA,181,copy_of_D_Frota_por_UF_Municipio_COMBUSTIVEL_Julho_2026.xlsx
SAO PAULO,SALTO,ELETRICO/FONTE INTERNA,43,copy_of_D_Frota_por_UF_Municipio_COMBUSTIVEL_Julho_2026.xlsx
SAO PAULO,SALTO,GAS METANO,1,copy_of_D_Frota_por_UF_Municipio_COMBUSTIVEL_Julho_2026.xlsx
SAO PAULO,SALTO,GASOL/GAS NATURAL COMBUSTIVEL,9,copy_of_D_Frota_por_UF_Municipio_COMBUSTIVEL_Julho_2026.xlsx
SAO PAULO,SALTO,GASOLINA,37994,copy_of_D_Frota_por_UF_Municipio_COMBUSTIVEL_Julho_2026.xlsx
SAO PAULO,SALTO,GASOLINA/ALCOOL/ELETRICO,208,copy_of_D_Frota_por_UF_Municipio_COMBUSTIVEL_Julho_2026.xlsx
SAO PAULO,SALTO,GASOLINA/ALCOOL/GAS NATURAL,69,copy_of_D_Frota_por_UF_Municipio_COMBUSTIVEL_Julho_2026.xlsx
SAO PAULO,SALTO,GASOLINA/ELETRICO,244,copy_of_D_Frota_por_UF_Municipio_COMBUSTIVEL_Julho_2026.xlsx
SAO PAULO,SALTO,GASOLINA/GAS NATURAL VEICULAR,472,copy_of_D_Frota_por_UF_Municipio_COMBUSTIVEL_Julho_2026.xlsx
SAO PAULO,SALTO,HIBRIDO,15,copy_of_D_Frota_por_UF_Municipio_COMBUSTIVEL_Julho_2026.xlsx
SAO PAULO,SALTO,HIBRIDO PLUG-IN,36,copy_of_D_Frota_por_UF_Municipio_COMBUSTIVEL_Julho_2026.xlsx
SAO PAULO,SALTO,Sem Informação,2166,copy_of_D_Frota_por_UF_Municipio_COMBUSTIVEL_Julho_2026.xlsx
SAO PAULO,SALTO DE PIRAPORA,ALCOOL,1754,copy_of_D_Frota_por_UF_Municipio_COMBUSTIVEL_Julho_2026.xlsx
SAO PAULO,SALTO DE PIRAPORA,ALCOOL/GAS NATURAL COMBUSTIVEL,1,copy_of_D_Frota_por_UF_Municipio_COMBUSTIVEL_Julho_2026.xlsx
SAO PAULO,SALTO DE PIRAPORA,ALCOOL/GAS NATURAL VEICULAR,9,copy_of_D_Frota_por_UF_Municipio_COMBUSTIVEL_Julho_2026.xlsx
SAO PAULO,SALTO DE PIRAPORA,ALCOOL/GASOLINA,13810,copy_of_D_Frota_por_UF_Municipio_COMBUSTIVEL_Julho_2026.xlsx
SAO PAULO,SALTO DE PIRAPORA,DIESEL,2174,copy_of_D_Frota_por_UF_Municipio_COMBUSTIVEL_Julho_2026.xlsx
SAO PAULO,SALTO DE PIRAPORA,DIESEL/ELETRICO,1,copy_of_D_Frota_por_UF_Municipio_COMBUSTIVEL_Julho_2026.xlsx
SAO PAULO,SALTO DE PIRAPORA,ELETRICO,5,copy_of_D_Frota_por_UF_Municipio_COMBUSTIVEL_Julho_2026.xlsx
SAO PAULO,SALTO DE PIRAPORA,ELETRICO/FONTE EXTERNA,32,copy_of_D_Frota_por_UF_Municipio_COMBUSTIVEL_Julho_2026.xlsx
SAO PAULO,SALTO DE PIRAPORA,ELETRICO/FONTE INTERNA,2,copy_of_D_Frota_por_UF_Municipio_COMBUSTIVEL_Julho_2026.xlsx
SAO PAULO,SALTO DE PIRAPORA,GASOL/GAS NATURAL COMBUSTIVEL,4,copy_of_D_Frota_por_UF_Municipio_COMBUSTIVEL_Julho_2026.xlsx
SAO PAULO,SALTO DE PIRAPORA,GASOLINA,14012,copy_of_D_Frota_por_UF_Municipio_COMBUSTIVEL_Julho_2026.xlsx
SAO PAULO,SALTO DE PIRAPORA,GASOLINA/ALCOOL/ELETRICO,26,copy_of_D_Frota_por_UF_Municipio_COMBUSTIVEL_Julho_2026.xlsx
SAO PAULO,SALTO DE PIRAPORA,GASOLINA/ALCOOL/GAS NATURAL,29,copy_of_D_Frota_por_UF_Municipio_COMBUSTIVEL_Julho_2026.xlsx
SAO PAULO,SALTO DE PIRAPORA,GASOLINA/ELETRICO,32,copy_of_D_Frota_por_UF_Municipio_COMBUSTIVEL_Julho_2026.xlsx
SAO PAULO,SALTO DE PIRAPORA,GASOLINA/GAS NATURAL VEICULAR,133,copy_of_D_Frota_por_UF_Municipio_COMBUSTIVEL_Julho_2026.xlsx
SAO PAULO,SALTO DE PIRAPORA,HIBRIDO,2,copy_of_D_Frota_por_UF_Municipio_COMBUSTIVEL_Julho_2026.xlsx
SAO PAULO,SALTO DE PIRAPORA,HIBRIDO PLUG-IN,11,copy_of_D_Frota_por_UF_Municipio_COMBUSTIVEL_Julho_2026.xlsx
SAO PAULO,SALTO DE PIRAPORA,Sem Informação,931,copy_of_D_Frota_por_UF_Municipio_COMBUSTIVEL_Julho_2026.xlsx
SAO PAULO,SALTO GRANDE,ALCOOL,440,copy_of_D_Frota_por_UF_Municipio_COMBUSTIVEL_Julho_2026.xlsx
SAO PAULO,SALTO GRANDE,ALCOOL/GAS NATURAL VEICULAR,1,copy_of_D_Frota_por_UF_Municipio_COMBUSTIVEL_Julho_2026.xlsx
SAO PAULO,SALTO GRANDE,ALCOOL/GASOLINA,2065,copy_of_D_Frota_por_UF_Municipio_COMBUSTIVEL_Julho_2026.xlsx
SAO PAULO,SALTO GRANDE,DIESEL,494,copy_of_D_Frota_por_UF_Municipio_COMBUSTIVEL_Julho_2026.xlsx
SAO PAULO,SALTO GRANDE,GASOLINA,2364,copy_of_D_Frota_por_UF_Municipio_COMBUSTIVEL_Julho_2026.xlsx
SAO PAULO,SALTO GRANDE,GASOLINA/ALCOOL/ELETRICO,2,copy_of_D_Frota_por_UF_Municipio_COMBUSTIVEL_Julho_2026.xlsx
SAO PAULO,SALTO GRANDE,GASOLINA/ALCOOL/GAS NATURAL,1,copy_of_D_Frota_por_UF_Municipio_COMBUSTIVEL_Julho_2026.xlsx
SAO PAULO,SALTO GRANDE,GASOLINA/ELETRICO,3,copy_of_D_Frota_por_UF_Municipio_COMBUSTIVEL_Julho_2026.xlsx
SAO PAULO,SALTO GRANDE,GASOLINA/GAS NATURAL VEICULAR,2,copy_of_D_Frota_por_UF_Municipio_COMBUSTIVEL_Julho_2026.xlsx
SAO PAULO,SALTO GRANDE,Sem Informação,288,copy_of_D_Frota_por_UF_Municipio_COMBUSTIVEL_Julho_2026.xlsx
SAO PAULO,SANDOVALINA,ALCOOL,256,copy_of_D_Frota_por_UF_Municipio_COMBUSTIVEL_Julho_2026.xlsx
SAO PAULO,SANDOVALINA,ALCOOL/GASOLINA,952,copy_of_D_Frota_por_UF_Municipio_COMBUSTIVEL_Julho_2026.xlsx
SAO PAULO,SANDOVALINA,DIESEL,271,copy_of_D_Frota_por_UF_Municipio_COMBUSTIVEL_Julho_2026.xlsx
SAO PAULO,SANDOVALINA,ELETRICO/FONTE EXTERNA,1,copy_of_D_Frota_por_UF_Municipio_COMBUSTIVEL_Julho_2026.xlsx
SAO PAULO,SANDOVALINA,GASOLINA,1017,copy_of_D_Frota_por_UF_Municipio_COMBUSTIVEL_Julho_2026.xlsx
SAO PAULO,SANDOVALINA,GASOLINA/ALCOOL/ELETRICO,2,copy_of_D_Frota_por_UF_Municipio_COMBUSTIVEL_Julho_2026.xlsx
SAO PAULO,SANDOVALINA,GASOLINA/ELETRICO,1,copy_of_D_Frota_por_UF_Municipio_COMBUSTIVEL_Julho_2026.xlsx
SAO PAULO,SANDOVALINA,GASOLINA/GAS NATURAL VEICULAR,2,copy_of_D_Frota_por_UF_Municipio_COMBUSTIVEL_Julho_2026.xlsx
SAO PAULO,SANDOVALINA,Sem Informação,165,copy_of_D_Frota_por_UF_Municipio_COMBUSTIVEL_Julho_2026.xlsx
SAO PAULO,SANTA ADELIA,ALCOOL,1247,copy_of_D_Frota_por_UF_Municipio_COMBUSTIVEL_Julho_2026.xlsx
SAO PAULO,SANTA ADELIA,ALCOOL/GASOLINA,4839,copy_of_D_Frota_por_UF_Municipio_COMBUSTIVEL_Julho_2026.xlsx
SAO PAULO,SANTA ADELIA,DIESEL,1329,copy_of_D_Frota_por_UF_Municipio_COMBUSTIVEL_Julho_2026.xlsx
SAO PAULO,SANTA ADELIA,ELETRICO/FONTE EXTERNA,5,copy_of_D_Frota_por_UF_Municipio_COMBUSTIVEL_Julho_2026.xlsx
SAO PAULO,SANTA ADELIA,GASOLINA,4129,copy_of_D_Frota_por_UF_Municipio_COMBUSTIVEL_Julho_2026.xlsx
SAO PAULO,SANTA ADELIA,GASOLINA/ALCOOL/ELETRICO,5,copy_of_D_Frota_por_UF_Municipio_COMBUSTIVEL_Julho_2026.xlsx
SAO PAULO,SANTA ADELIA,GASOLINA/ALCOOL/GAS NATURAL,3,copy_of_D_Frota_por_UF_Municipio_COMBUSTIVEL_Julho_2026.xlsx
SAO PAULO,SANTA ADELIA,GASOLINA/ELETRICO,6,copy_of_D_Frota_por_UF_Municipio_COMBUSTIVEL_Julho_2026.xlsx
SAO PAULO,SANTA ADELIA,HIBRIDO,3,copy_of_D_Frota_por_UF_Municipio_COMBUSTIVEL_Julho_2026.xlsx
SAO PAULO,SANTA ADELIA,HIBRIDO PLUG-IN,4,copy_of_D_Frota_por_UF_Municipio_COMBUSTIVEL_Julho_2026.xlsx
SAO PAULO,SANTA ADELIA,Sem Informação,1551,copy_of_D_Frota_por_UF_Municipio_COMBUSTIVEL_Julho_2026.xlsx
SAO PAULO,SANTA ALBERTINA,ALCOOL,362,copy_of_D_Frota_por_UF_Municipio_COMBUSTIVEL_Julho_2026.xlsx
SAO PAULO,SANTA ALBERTINA,ALCOOL/GASOLINA,1934,copy_of_D_Frota_por_UF_Municipio_COMBUSTIVEL_Julho_2026.xlsx
SAO PAULO,SANTA ALBERTINA,DIESEL,429,copy_of_D_Frota_por_UF_Municipio_COMBUSTIVEL_Julho_2026.xlsx
SAO PAULO,SANTA ALBERTINA,GASOLINA,1851,copy_of_D_Frota_por_UF_Municipio_COMBUSTIVEL_Julho_2026.xlsx
SAO PAULO,SANTA ALBERTINA,GASOLINA/ALCOOL/ELETRICO,2,copy_of_D_Frota_por_UF_Municipio_COMBUSTIVEL_Julho_2026.xlsx
SAO PAULO,SANTA ALBERTINA,GASOLINA/ALCOOL/GAS NATURAL,1,copy_of_D_Frota_por_UF_Municipio_COMBUSTIVEL_Julho_2026.xlsx
SAO PAULO,SANTA ALBERTINA,GASOLINA/ELETRICO,2,copy_of_D_Frota_por_UF_Municipio_COMBUSTIVEL_Julho_2026.xlsx
SAO PAULO,SANTA ALBERTINA,GASOLINA/GAS NATURAL VEICULAR,1,copy_of_D_Frota_por_UF_Municipio_COMBUSTIVEL_Julho_2026.xlsx
SAO PAULO,SANTA ALBERTINA,Sem Informação,597,copy_of_D_Frota_por_UF_Municipio_COMBUSTIVEL_Julho_2026.xlsx
SAO PAULO,SANTA BARBARA D'OESTE,ALCOOL,9677,copy_of_D_Frota_por_UF_Municipio_COMBUSTIVEL_Julho_2026.xlsx
SAO PAULO,SANTA BARBARA D'OESTE,ALCOOL/GAS NATURAL COMBUSTIVEL,1,copy_of_D_Frota_por_UF_Municipio_COMBUSTIVEL_Julho_2026.xlsx
SAO PAULO,SANTA BARBARA D'OESTE,ALCOOL/GAS NATURAL VEICULAR,29,copy_of_D_Frota_por_UF_Municipio_COMBUSTIVEL_Julho_2026.xlsx
SAO PAULO,SANTA BARBARA D'OESTE,ALCOOL/GASOLINA,70339,copy_of_D_Frota_por_UF_Municipio_COMBUSTIVEL_Julho_2026.xlsx
SAO PAULO,SANTA BARBARA D'OESTE,DIESEL,8074,copy_of_D_Frota_por_UF_Municipio_COMBUSTIVEL_Julho_2026.xlsx
SAO PAULO,SANTA BARBARA D'OESTE,DIESEL/ELETRICO,6,copy_of_D_Frota_por_UF_Municipio_COMBUSTIVEL_Julho_2026.xlsx
SAO PAULO,SANTA BARBARA D'OESTE,DIESEL/GAS NATURAL VEICULAR,1,copy_of_D_Frota_por_UF_Municipio_COMBUSTIVEL_Julho_2026.xlsx
SAO PAULO,SANTA BARBARA D'OESTE,ELETRICO,29,copy_of_D_Frota_por_UF_Municipio_COMBUSTIVEL_Julho_2026.xlsx
SAO PAULO,SANTA BARBARA D'OESTE,ELETRICO/FONTE EXTERNA,200,copy_of_D_Frota_por_UF_Municipio_COMBUSTIVEL_Julho_2026.xlsx
SAO PAULO,SANTA BARBARA D'OESTE,ELETRICO/FONTE INTERNA,28,copy_of_D_Frota_por_UF_Municipio_COMBUSTIVEL_Julho_2026.xlsx
SAO PAULO,SANTA BARBARA D'OESTE,GAS METANO,3,copy_of_D_Frota_por_UF_Municipio_COMBUSTIVEL_Julho_2026.xlsx
SAO PAULO,SANTA BARBARA D'OESTE,GASOL/GAS NATURAL COMBUSTIVEL,24,copy_of_D_Frota_por_UF_Municipio_COMBUSTIVEL_Julho_2026.xlsx
SAO PAULO,SANTA BARBARA D'OESTE,GASOLINA,73172,copy_of_D_Frota_por_UF_Municipio_COMBUSTIVEL_Julho_2026.xlsx
SAO PAULO,SANTA BARBARA D'OESTE,GASOLINA/ALCOOL/ELETRICO,166,copy_of_D_Frota_por_UF_Municipio_COMBUSTIVEL_Julho_2026.xlsx
SAO PAULO,SANTA BARBARA D'OESTE,GASOLINA/ALCOOL/GAS NATURAL,122,copy_of_D_Frota_por_UF_Municipio_COMBUSTIVEL_Julho_2026.xlsx
SAO PAULO,SANTA BARBARA D'OESTE,GASOLINA/ELETRICO,259,copy_of_D_Frota_por_UF_Municipio_COMBUSTIVEL_Julho_2026.xlsx
SAO PAULO,SANTA BARBARA D'OESTE,GASOLINA/GAS NATURAL VEICULAR,459,copy_of_D_Frota_por_UF_Municipio_COMBUSTIVEL_Julho_2026.xlsx
SAO PAULO,SANTA BARBARA D'OESTE,HIBRIDO,35,copy_of_D_Frota_por_UF_Municipio_COMBUSTIVEL_Julho_2026.xlsx
SAO PAULO,SANTA BARBARA D'OESTE,HIBRIDO PLUG-IN,63,copy_of_D_Frota_por_UF_Municipio_COMBUSTIVEL_Julho_2026.xlsx
SAO PAULO,SANTA BARBARA D'OESTE,Sem Informação,4254,copy_of_D_Frota_por_UF_Municipio_COMBUSTIVEL_Julho_2026.xlsx
SAO PAULO,SANTA BRANCA,ALCOOL,453,copy_of_D_Frota_por_UF_Municipio_COMBUSTIVEL_Julho_2026.xlsx
SAO PAULO,SANTA BRANCA,ALCOOL/GAS NATURAL VEICULAR,3,copy_of_D_Frota_por_UF_Municipio_COMBUSTIVEL_Julho_2026.xlsx
SAO PAULO,SANTA BRANCA,ALCOOL/GASOLINA,3679,copy_of_D_Frota_por_UF_Municipio_COMBUSTIVEL_Julho_2026.xlsx
SAO PAULO,SANTA BRANCA,DIESEL,490,copy_of_D_Frota_por_UF_Municipio_COMBUSTIVEL_Julho_2026.xlsx
SAO PAULO,SANTA BRANCA,ELETRICO/FONTE EXTERNA,6,copy_of_D_Frota_por_UF_Municipio_COMBUSTIVEL_Julho_2026.xlsx
SAO PAULO,SANTA BRANCA,GAS METANO,1,copy_of_D_Frota_por_UF_Municipio_COMBUSTIVEL_Julho_2026.xlsx
SAO PAULO,SANTA BRANCA,GASOL/GAS NATURAL COMBUSTIVEL,1,copy_of_D_Frota_por_UF_Municipio_COMBUSTIVEL_Julho_2026.xlsx
SAO PAULO,SANTA BRANCA,GASOLINA,3967,copy_of_D_Frota_por_UF_Municipio_COMBUSTIVEL_Julho_2026.xlsx
SAO PAULO,SANTA BRANCA,GASOLINA/ALCOOL/ELETRICO,5,copy_of_D_Frota_por_UF_Municipio_COMBUSTIVEL_Julho_2026.xlsx
SAO PAULO,SANTA BRANCA,GASOLINA/ALCOOL/GAS NATURAL,18,copy_of_D_Frota_por_UF_Municipio_COMBUSTIVEL_Julho_2026.xlsx
SAO PAULO,SANTA BRANCA,GASOLINA/ELETRICO,8,copy_of_D_Frota_por_UF_Municipio_COMBUSTIVEL_Julho_2026.xlsx
SAO PAULO,SANTA BRANCA,GASOLINA/GAS NATURAL VEICULAR,58,copy_of_D_Frota_por_UF_Municipio_COMBUSTIVEL_Julho_2026.xlsx
SAO PAULO,SANTA BRANCA,HIBRIDO PLUG-IN,1,copy_of_D_Frota_por_UF_Municipio_COMBUSTIVEL_Julho_2026.xlsx
SAO PAULO,SANTA BRANCA,Sem Informação,226,copy_of_D_Frota_por_UF_Municipio_COMBUSTIVEL_Julho_2026.xlsx
SAO PAULO,SANTA CLARA D'OESTE,ALCOOL,148,copy_of_D_Frota_por_UF_Municipio_COMBUSTIVEL_Julho_2026.xlsx
SAO PAULO,SANTA CLARA D'OESTE,ALCOOL/GASOLINA,764,copy_of_D_Frota_por_UF_Municipio_COMBUSTIVEL_Julho_2026.xlsx
SAO PAULO,SANTA CLARA D'OESTE,DIESEL,180,copy_of_D_Frota_por_UF_Municipio_COMBUSTIVEL_Julho_2026.xlsx
SAO PAULO,SANTA CLARA D'OESTE,DIESEL/ELETRICO,1,copy_of_D_Frota_por_UF_Municipio_COMBUSTIVEL_Julho_2026.xlsx
SAO PAULO,SANTA CLARA D'OESTE,ELETRICO/FONTE EXTERNA,1,copy_of_D_Frota_por_UF_Municipio_COMBUSTIVEL_Julho_2026.xlsx
SAO PAULO,SANTA CLARA D'OESTE,GASOLINA,649,copy_of_D_Frota_por_UF_Municipio_COMBUSTIVEL_Julho_2026.xlsx
SAO PAULO,SANTA CLARA D'OESTE,GASOLINA/ALCOOL/ELETRICO,1,copy_of_D_Frota_por_UF_Municipio_COMBUSTIVEL_Julho_2026.xlsx
SAO PAULO,SANTA CLARA D'OESTE,HIBRIDO,2,copy_of_D_Frota_por_UF_Municipio_COMBUSTIVEL_Julho_2026.xlsx
SAO PAULO,SANTA CLARA D'OESTE,HIBRIDO PLUG-IN,4,copy_of_D_Frota_por_UF_Municipio_COMBUSTIVEL_Julho_2026.xlsx
SAO PAULO,SANTA CLARA D'OESTE,Sem Informação,193,copy_of_D_Frota_por_UF_Municipio_COMBUSTIVEL_Julho_2026.xlsx
SAO PAULO,SANTA CRUZ DA CONCEICAO,ALCOOL,228,copy_of_D_Frota_por_UF_Municipio_COMBUSTIVEL_Julho_2026.xlsx
SAO PAULO,SANTA CRUZ DA CONCEICAO,ALCOOL/GASOLINA,1456,copy_of_D_Frota_por_UF_Municipio_COMBUSTIVEL_Julho_2026.xlsx
SAO PAULO,SANTA CRUZ DA CONCEICAO,DIESEL,417,copy_of_D_Frota_por_UF_Municipio_COMBUSTIVEL_Julho_2026.xlsx
SAO PAULO,SANTA CRUZ DA CONCEICAO,ELETRICO,1,copy_of_D_Frota_por_UF_Municipio_COMBUSTIVEL_Julho_2026.xlsx
SAO PAULO,SANTA CRUZ DA CONCEICAO,GAS METANO,1,copy_of_D_Frota_por_UF_Municipio_COMBUSTIVEL_Julho_2026.xlsx
SAO PAULO,SANTA CRUZ DA CONCEICAO,GASOLINA,1260,copy_of_D_Frota_por_UF_Municipio_COMBUSTIVEL_Julho_2026.xlsx
SAO PAULO,SANTA CRUZ DA CONCEICAO,GASOLINA/ALCOOL/GAS NATURAL,4,copy_of_D_Frota_por_UF_Municipio_COMBUSTIVEL_Julho_2026.xlsx
SAO PAULO,SANTA CRUZ DA CONCEICAO,GASOLINA/GAS NATURAL VEICULAR,2,copy_of_D_Frota_por_UF_Municipio_COMBUSTIVEL_Julho_2026.xlsx
SAO PAULO,SANTA CRUZ DA CONCEICAO,HIBRIDO PLUG-IN,1,copy_of_D_Frota_por_UF_Municipio_COMBUSTIVEL_Julho_2026.xlsx
SAO PAULO,SANTA CRUZ DA CONCEICAO,Sem Informação,155,copy_of_D_Frota_por_UF_Municipio_COMBUSTIVEL_Julho_2026.xlsx
SAO PAULO,SANTA CRUZ DA ESPERANCA,ALCOOL,117,copy_of_D_Frota_por_UF_Municipio_COMBUSTIVEL_Julho_2026.xlsx
SAO PAULO,SANTA CRUZ DA ESPERANCA,ALCOOL/GASOLINA,490,copy_of_D_Frota_por_UF_Municipio_COMBUSTIVEL_Julho_2026.xlsx
SAO PAULO,SANTA CRUZ DA ESPERANCA,DIESEL,150,copy_of_D_Frota_por_UF_Municipio_COMBUSTIVEL_Julho_2026.xlsx
SAO PAULO,SANTA CRUZ DA ESPERANCA,GASOLINA,421,copy_of_D_Frota_por_UF_Municipio_COMBUSTIVEL_Julho_2026.xlsx
SAO PAULO,SANTA CRUZ DA ESPERANCA,GASOLINA/ALCOOL/ELETRICO,1,copy_of_D_Frota_por_UF_Municipio_COMBUSTIVEL_Julho_2026.xlsx
SAO PAULO,SANTA CRUZ DA ESPERANCA,GASOLINA/ELETRICO,2,copy_of_D_Frota_por_UF_Municipio_COMBUSTIVEL_Julho_2026.xlsx
SAO PAULO,SANTA CRUZ DA ESPERANCA,GASOLINA/GAS NATURAL VEICULAR,3,copy_of_D_Frota_por_UF_Municipio_COMBUSTIVEL_Julho_2026.xlsx
SAO PAULO,SANTA CRUZ DA ESPERANCA,Sem Informação,68,copy_of_D_Frota_por_UF_Municipio_COMBUSTIVEL_Julho_2026.xlsx
SAO PAULO,SANTA CRUZ DAS PALMEIRAS,ALCOOL,1894,copy_of_D_Frota_por_UF_Municipio_COMBUSTIVEL_Julho_2026.xlsx
SAO PAULO,SANTA CRUZ DAS PALMEIRAS,ALCOOL/GASOLINA,8237,copy_of_D_Frota_por_UF_Municipio_COMBUSTIVEL_Julho_2026.xlsx
SAO PAULO,SANTA CRUZ DAS PALMEIRAS,DIESEL,2300,copy_of_D_Frota_por_UF_Municipio_COMBUSTIVEL_Julho_2026.xlsx
SAO PAULO,SANTA CRUZ DAS PALMEIRAS,ELETRICO,2,copy_of_D_Frota_por_UF_Municipio_COMBUSTIVEL_Julho_2026.xlsx
SAO PAULO,SANTA CRUZ DAS PALMEIRAS,ELETRICO/FONTE EXTERNA,11,copy_of_D_Frota_por_UF_Municipio_COMBUSTIVEL_Julho_2026.xlsx
SAO PAULO,SANTA CRUZ DAS PALMEIRAS,ELETRICO/FONTE INTERNA,2,copy_of_D_Frota_por_UF_Municipio_COMBUSTIVEL_Julho_2026.xlsx
SAO PAULO,SANTA CRUZ DAS PALMEIRAS,GASOLINA,8857,copy_of_D_Frota_por_UF_Municipio_COMBUSTIVEL_Julho_2026.xlsx
SAO PAULO,SANTA CRUZ DAS PALMEIRAS,GASOLINA/ALCOOL/ELETRICO,13,copy_of_D_Frota_por_UF_Municipio_COMBUSTIVEL_Julho_2026.xlsx
SAO PAULO,SANTA CRUZ DAS PALMEIRAS,GASOLINA/ALCOOL/GAS NATURAL,2,copy_of_D_Frota_por_UF_Municipio_COMBUSTIVEL_Julho_2026.xlsx
SAO PAULO,SANTA CRUZ DAS PALMEIRAS,GASOLINA/ELETRICO,13,copy_of_D_Frota_por_UF_Municipio_COMBUSTIVEL_Julho_2026.xlsx
SAO PAULO,SANTA CRUZ DAS PALMEIRAS,GASOLINA/GAS NATURAL VEICULAR,4,copy_of_D_Frota_por_UF_Municipio_COMBUSTIVEL_Julho_2026.xlsx
SAO PAULO,SANTA CRUZ DAS PALMEIRAS,HIBRIDO,3,copy_of_D_Frota_por_UF_Municipio_COMBUSTIVEL_Julho_2026.xlsx
SAO PAULO,SANTA CRUZ DAS PALMEIRAS,HIBRIDO PLUG-IN,7,copy_of_D_Frota_por_UF_Municipio_COMBUSTIVEL_Julho_2026.xlsx
SAO PAULO,SANTA CRUZ DAS PALMEIRAS,Sem Informação,1454,copy_of_D_Frota_por_UF_Municipio_COMBUSTIVEL_Julho_2026.xlsx
SAO PAULO,SANTA CRUZ DO RIO PARDO,ALCOOL,2338,copy_of_D_Frota_por_UF_Municipio_COMBUSTIVEL_Julho_2026.xlsx
SAO PAULO,SANTA CRUZ DO RIO PARDO,ALCOOL/GAS NATURAL COMBUSTIVEL,1,copy_of_D_Frota_por_UF_Municipio_COMBUSTIVEL_Julho_2026.xlsx
SAO PAULO,SANTA CRUZ DO RIO PARDO,ALCOOL/GAS NATURAL VEICULAR,2,copy_of_D_Frota_por_UF_Municipio_COMBUSTIVEL_Julho_2026.xlsx
SAO PAULO,SANTA CRUZ DO RIO PARDO,ALCOOL/GASOLINA,16453,copy_of_D_Frota_por_UF_Municipio_COMBUSTIVEL_Julho_2026.xlsx
SAO PAULO,SANTA CRUZ DO RIO PARDO,DIESEL,4703,copy_of_D_Frota_por_UF_Municipio_COMBUSTIVEL_Julho_2026.xlsx
SAO PAULO,SANTA CRUZ DO RIO PARDO,DIESEL/ELETRICO,2,copy_of_D_Frota_por_UF_Municipio_COMBUSTIVEL_Julho_2026.xlsx
SAO PAULO,SANTA CRUZ DO RIO PARDO,ELETRICO/FONTE EXTERNA,9,copy_of_D_Frota_por_UF_Municipio_COMBUSTIVEL_Julho_2026.xlsx
SAO PAULO,SANTA CRUZ DO RIO PARDO,ELETRICO/FONTE INTERNA,1,copy_of_D_Frota_por_UF_Municipio_COMBUSTIVEL_Julho_2026.xlsx
SAO PAULO,SANTA CRUZ DO RIO PARDO,GAS METANO,1,copy_of_D_Frota_por_UF_Municipio_COMBUSTIVEL_Julho_2026.xlsx
SAO PAULO,SANTA CRUZ DO RIO PARDO,GASOL/GAS NATURAL COMBUSTIVEL,2,copy_of_D_Frota_por_UF_Municipio_COMBUSTIVEL_Julho_2026.xlsx
SAO PAULO,SANTA CRUZ DO RIO PARDO,GASOLINA,15791,copy_of_D_Frota_por_UF_Municipio_COMBUSTIVEL_Julho_2026.xlsx
SAO PAULO,SANTA CRUZ DO RIO PARDO,GASOLINA/ALCOOL/ELETRICO,35,copy_of_D_Frota_por_UF_Municipio_COMBUSTIVEL_Julho_2026.xlsx
SAO PAULO,SANTA CRUZ DO RIO PARDO,GASOLINA/ALCOOL/GAS NATURAL,3,copy_of_D_Frota_por_UF_Municipio_COMBUSTIVEL_Julho_2026.xlsx
SAO PAULO,SANTA CRUZ DO RIO PARDO,GASOLINA/ELETRICO,28,copy_of_D_Frota_por_UF_Municipio_COMBUSTIVEL_Julho_2026.xlsx
SAO PAULO,SANTA CRUZ DO RIO PARDO,GASOLINA/GAS NATURAL VEICULAR,7,copy_of_D_Frota_por_UF_Municipio_COMBUSTIVEL_Julho_2026.xlsx
SAO PAULO,SANTA CRUZ DO RIO PARDO,HIBRIDO,4,copy_of_D_Frota_por_UF_Municipio_COMBUSTIVEL_Julho_2026.xlsx
SAO PAULO,SANTA CRUZ DO RIO PARDO,HIBRIDO PLUG-IN,9,copy_of_D_Frota_por_UF_Municipio_COMBUSTIVEL_Julho_2026.xlsx
SAO PAULO,SANTA CRUZ DO RIO PARDO,Sem Informação,2106,copy_of_D_Frota_por_UF_Municipio_COMBUSTIVEL_Julho_2026.xlsx
SAO PAULO,SANTA ERNESTINA,ALCOOL,370,copy_of_D_Frota_por_UF_Municipio_COMBUSTIVEL_Julho_2026.xlsx
SAO PAULO,SANTA ERNESTINA,ALCOOL/GASOLINA,1738,copy_of_D_Frota_por_UF_Municipio_COMBUSTIVEL_Julho_2026.xlsx
SAO PAULO,SANTA ERNESTINA,DIESEL,346,copy_of_D_Frota_por_UF_Municipio_COMBUSTIVEL_Julho_2026.xlsx
SAO PAULO,SANTA ERNESTINA,ELETRICO,1,copy_of_D_Frota_por_UF_Municipio_COMBUSTIVEL_Julho_2026.xlsx
SAO PAULO,SANTA ERNESTINA,ELETRICO/FONTE EXTERNA,3,copy_of_D_Frota_por_UF_Municipio_COMBUSTIVEL_Julho_2026.xlsx
SAO PAULO,SANTA ERNESTINA,GASOLINA,1466,copy_of_D_Frota_por_UF_Municipio_COMBUSTIVEL_Julho_2026.xlsx
SAO PAULO,SANTA ERNESTINA,GASOLINA/ALCOOL/ELETRICO,3,copy_of_D_Frota_por_UF_Municipio_COMBUSTIVEL_Julho_2026.xlsx
SAO PAULO,SANTA ERNESTINA,GASOLINA/ELETRICO,4,copy_of_D_Frota_por_UF_Municipio_COMBUSTIVEL_Julho_2026.xlsx
SAO PAULO,SANTA ERNESTINA,GASOLINA/GAS NATURAL VEICULAR,6,copy_of_D_Frota_por_UF_Municipio_COMBUSTIVEL_Julho_2026.xlsx
SAO PAULO,SANTA ERNESTINA,HIBRIDO PLUG-IN,1,copy_of_D_Frota_por_UF_Municipio_COMBUSTIVEL_Julho_2026.xlsx
SAO PAULO,SANTA ERNESTINA,Sem Informação,126,copy_of_D_Frota_por_UF_Municipio_COMBUSTIVEL_Julho_2026.xlsx
SAO PAULO,SANTA FE DO SUL,ALCOOL,2155,copy_of_D_Frota_por_UF_Municipio_COMBUSTIVEL_Julho_2026.xlsx
SAO PAULO,SANTA FE DO SUL,ALCOOL/GASOLINA,12641,copy_of_D_Frota_por_UF_Municipio_COMBUSTIVEL_Julho_2026.xlsx
SAO PAULO,SANTA FE DO SUL,DIESEL,2548,copy_of_D_Frota_por_UF_Municipio_COMBUSTIVEL_Julho_2026.xlsx
SAO PAULO,SANTA FE DO SUL,DIESEL/ELETRICO,2,copy_of_D_Frota_por_UF_Municipio_COMBUSTIVEL_Julho_2026.xlsx
SAO PAULO,SANTA FE DO SUL,ELETRICO/FONTE EXTERNA,11,copy_of_D_Frota_por_UF_Municipio_COMBUSTIVEL_Julho_2026.xlsx
SAO PAULO,SANTA FE DO SUL,ELETRICO/FONTE INTERNA,4,copy_of_D_Frota_por_UF_Municipio_COMBUSTIVEL_Julho_2026.xlsx
SAO PAULO,SANTA FE DO SUL,GAS/NATURAL/LIQUEFEITO,1,copy_of_D_Frota_por_UF_Municipio_COMBUSTIVEL_Julho_2026.xlsx
SAO PAULO,SANTA FE DO SUL,GASOLINA,13216,copy_of_D_Frota_por_UF_Municipio_COMBUSTIVEL_Julho_2026.xlsx
SAO PAULO,SANTA FE DO SUL,GASOLINA/ALCOOL/ELETRICO,17,copy_of_D_Frota_por_UF_Municipio_COMBUSTIVEL_Julho_2026.xlsx
SAO PAULO,SANTA FE DO SUL,GASOLINA/ALCOOL/GAS NATURAL,2,copy_of_D_Frota_por_UF_Municipio_COMBUSTIVEL_Julho_2026.xlsx
SAO PAULO,SANTA FE DO SUL,GASOLINA/ELETRICO,33,copy_of_D_Frota_por_UF_Municipio_COMBUSTIVEL_Julho_2026.xlsx
SAO PAULO,SANTA FE DO SUL,GASOLINA/GAS NATURAL VEICULAR,10,copy_of_D_Frota_por_UF_Municipio_COMBUSTIVEL_Julho_2026.xlsx
SAO PAULO,SANTA FE DO SUL,HIBRIDO,17,copy_of_D_Frota_por_UF_Municipio_COMBUSTIVEL_Julho_2026.xlsx
SAO PAULO,SANTA FE DO SUL,HIBRIDO PLUG-IN,19,copy_of_D_Frota_por_UF_Municipio_COMBUSTIVEL_Julho_2026.xlsx
SAO PAULO,SANTA FE DO SUL,Sem Informação,3082,copy_of_D_Frota_por_UF_Municipio_COMBUSTIVEL_Julho_2026.xlsx
SAO PAULO,SANTA GERTRUDES,ALCOOL,907,copy_of_D_Frota_por_UF_Municipio_COMBUSTIVEL_Julho_2026.xlsx
SAO PAULO,SANTA GERTRUDES,ALCOOL/GAS NATURAL VEICULAR,4,copy_of_D_Frota_por_UF_Municipio_COMBUSTIVEL_Julho_2026.xlsx
SAO PAULO,SANTA GERTRUDES,ALCOOL/GASOLINA,8593,copy_of_D_Frota_por_UF_Municipio_COMBUSTIVEL_Julho_2026.xlsx
SAO PAULO,SANTA GERTRUDES,DIESEL,1757,copy_of_D_Frota_por_UF_Municipio_COMBUSTIVEL_Julho_2026.xlsx
SAO PAULO,SANTA GERTRUDES,DIESEL/ELETRICO,4,copy_of_D_Frota_por_UF_Municipio_COMBUSTIVEL_Julho_2026.xlsx
SAO PAULO,SANTA GERTRUDES,ELETRICO/FONTE EXTERNA,6,copy_of_D_Frota_por_UF_Municipio_COMBUSTIVEL_Julho_2026.xlsx
SAO PAULO,SANTA GERTRUDES,GAS METANO,1,copy_of_D_Frota_por_UF_Municipio_COMBUSTIVEL_Julho_2026.xlsx
SAO PAULO,SANTA GERTRUDES,GASOL/GAS NATURAL COMBUSTIVEL,2,copy_of_D_Frota_por_UF_Municipio_COMBUSTIVEL_Julho_2026.xlsx
SAO PAULO,SANTA GERTRUDES,GASOLINA,8248,copy_of_D_Frota_por_UF_Municipio_COMBUSTIVEL_Julho_2026.xlsx
SAO PAULO,SANTA GERTRUDES,GASOLINA/ALCOOL/ELETRICO,20,copy_of_D_Frota_por_UF_Municipio_COMBUSTIVEL_Julho_2026.xlsx
SAO PAULO,SANTA GERTRUDES,GASOLINA/ALCOOL/GAS NATURAL,13,copy_of_D_Frota_por_UF_Municipio_COMBUSTIVEL_Julho_2026.xlsx
SAO PAULO,SANTA GERTRUDES,GASOLINA/ELETRICO,13,copy_of_D_Frota_por_UF_Municipio_COMBUSTIVEL_Julho_2026.xlsx
SAO PAULO,SANTA GERTRUDES,GASOLINA/GAS NATURAL VEICULAR,68,copy_of_D_Frota_por_UF_Municipio_COMBUSTIVEL_Julho_2026.xlsx
SAO PAULO,SANTA GERTRUDES,HIBRIDO,3,copy_of_D_Frota_por_UF_Municipio_COMBUSTIVEL_Julho_2026.xlsx
SAO PAULO,SANTA GERTRUDES,HIBRIDO PLUG-IN,7,copy_of_D_Frota_por_UF_Municipio_COMBUSTIVEL_Julho_2026.xlsx
SAO PAULO,SANTA GERTRUDES,Sem Informação,781,copy_of_D_Frota_por_UF_Municipio_COMBUSTIVEL_Julho_2026.xlsx
SAO PAULO,SANTA ISABEL,ALCOOL,1412,copy_of_D_Frota_por_UF_Municipio_COMBUSTIVEL_Julho_2026.xlsx
SAO PAULO,SANTA ISABEL,ALCOOL/GAS NATURAL VEICULAR,14,copy_of_D_Frota_por_UF_Municipio_COMBUSTIVEL_Julho_2026.xlsx
SAO PAULO,SANTA ISABEL,ALCOOL/GASOLINA,16309,copy_of_D_Frota_por_UF_Municipio_COMBUSTIVEL_Julho_2026.xlsx
SAO PAULO,SANTA ISABEL,DIESEL,3160,copy_of_D_Frota_por_UF_Municipio_COMBUSTIVEL_Julho_2026.xlsx
SAO PAULO,SANTA ISABEL,DIESEL/ELETRICO,5,copy_of_D_Frota_por_UF_Municipio_COMBUSTIVEL_Julho_2026.xlsx
SAO PAULO,SANTA ISABEL,ELETRICO,5,copy_of_D_Frota_por_UF_Municipio_COMBUSTIVEL_Julho_2026.xlsx
SAO PAULO,SANTA ISABEL,ELETRICO/FONTE EXTERNA,48,copy_of_D_Frota_por_UF_Municipio_COMBUSTIVEL_Julho_2026.xlsx
SAO PAULO,SANTA ISABEL,ELETRICO/FONTE INTERNA,5,copy_of_D_Frota_por_UF_Municipio_COMBUSTIVEL_Julho_2026.xlsx
SAO PAULO,SANTA ISABEL,GAS METANO,1,copy_of_D_Frota_por_UF_Municipio_COMBUSTIVEL_Julho_2026.xlsx
SAO PAULO,SANTA ISABEL,GASOL/GAS NATURAL COMBUSTIVEL,3,copy_of_D_Frota_por_UF_Municipio_COMBUSTIVEL_Julho_2026.xlsx
SAO PAULO,SANTA ISABEL,GASOLINA,16694,copy_of_D_Frota_por_UF_Municipio_COMBUSTIVEL_Julho_2026.xlsx
SAO PAULO,SANTA ISABEL,GASOLINA/ALCOOL/ELETRICO,35,copy_of_D_Frota_por_UF_Municipio_COMBUSTIVEL_Julho_2026.xlsx
SAO PAULO,SANTA ISABEL,GASOLINA/ALCOOL/GAS NATURAL,45,copy_of_D_Frota_por_UF_Municipio_COMBUSTIVEL_Julho_2026.xlsx
SAO PAULO,SANTA ISABEL,GASOLINA/ELETRICO,50,copy_of_D_Frota_por_UF_Municipio_COMBUSTIVEL_Julho_2026.xlsx
SAO PAULO,SANTA ISABEL,GASOLINA/GAS NATURAL VEICULAR,190,copy_of_D_Frota_por_UF_Municipio_COMBUSTIVEL_Julho_2026.xlsx
SAO PAULO,SANTA ISABEL,HIBRIDO,4,copy_of_D_Frota_por_UF_Municipio_COMBUSTIVEL_Julho_2026.xlsx
SAO PAULO,SANTA ISABEL,HIBRIDO PLUG-IN,14,copy_of_D_Frota_por_UF_Municipio_COMBUSTIVEL_Julho_2026.xlsx
SAO PAULO,SANTA ISABEL,Sem Informação,869,copy_of_D_Frota_por_UF_Municipio_COMBUSTIVEL_Julho_2026.xlsx
SAO PAULO,SANTA LUCIA,ALCOOL,410,copy_of_D_Frota_por_UF_Municipio_COMBUSTIVEL_Julho_2026.xlsx
SAO PAULO,SANTA LUCIA,ALCOOL/GAS NATURAL VEICULAR,1,copy_of_D_Frota_por_UF_Municipio_COMBUSTIVEL_Julho_2026.xlsx
SAO PAULO,SANTA LUCIA,ALCOOL/GASOLINA,1926,copy_of_D_Frota_por_UF_Municipio_COMBUSTIVEL_Julho_2026.xlsx
SAO PAULO,SANTA LUCIA,DIESEL,344,copy_of_D_Frota_por_UF_Municipio_COMBUSTIVEL_Julho_2026.xlsx
SAO PAULO,SANTA LUCIA,ELETRICO/FONTE EXTERNA,1,copy_of_D_Frota_por_UF_Municipio_COMBUSTIVEL_Julho_2026.xlsx
SAO PAULO,SANTA LUCIA,GASOLINA,2065,copy_of_D_Frota_por_UF_Municipio_COMBUSTIVEL_Julho_2026.xlsx
SAO PAULO,SANTA LUCIA,GASOLINA/ALCOOL/ELETRICO,3,copy_of_D_Frota_por_UF_Municipio_COMBUSTIVEL_Julho_2026.xlsx
SAO PAULO,SANTA LUCIA,GASOLINA/ALCOOL/GAS NATURAL,3,copy_of_D_Frota_por_UF_Municipio_COMBUSTIVEL_Julho_2026.xlsx
SAO PAULO,SANTA LUCIA,GASOLINA/ELETRICO,3,copy_of_D_Frota_por_UF_Municipio_COMBUSTIVEL_Julho_2026.xlsx
SAO PAULO,SANTA LUCIA,GASOLINA/GAS NATURAL VEICULAR,6,copy_of_D_Frota_por_UF_Municipio_COMBUSTIVEL_Julho_2026.xlsx
SAO PAULO,SANTA LUCIA,Sem Informação,156,copy_of_D_Frota_por_UF_Municipio_COMBUSTIVEL_Julho_2026.xlsx
SAO PAULO,SANTA MARIA DA SERRA,ALCOOL,355,copy_of_D_Frota_por_UF_Municipio_COMBUSTIVEL_Julho_2026.xlsx
SAO PAULO,SANTA MARIA DA SERRA,ALCOOL/GASOLINA,1445,copy_of_D_Frota_por_UF_Municipio_COMBUSTIVEL_Julho_2026.xlsx
SAO PAULO,SANTA MARIA DA SERRA,DIESEL,674,copy_of_D_Frota_por_UF_Municipio_COMBUSTIVEL_Julho_2026.xlsx
SAO PAULO,SANTA MARIA DA SERRA,DIESEL/ELETRICO,1,copy_of_D_Frota_por_UF_Municipio_COMBUSTIVEL_Julho_2026.xlsx
SAO PAULO,SANTA MARIA DA SERRA,ELETRICO/FONTE EXTERNA,2,copy_of_D_Frota_por_UF_Municipio_COMBUSTIVEL_Julho_2026.xlsx
SAO PAULO,SANTA MARIA DA SERRA,GASOL/GAS NATURAL COMBUSTIVEL,1,copy_of_D_Frota_por_UF_Municipio_COMBUSTIVEL_Julho_2026.xlsx
SAO PAULO,SANTA MARIA DA SERRA,GASOLINA,1619,copy_of_D_Frota_por_UF_Municipio_COMBUSTIVEL_Julho_2026.xlsx
SAO PAULO,SANTA MARIA DA SERRA,GASOLINA/ALCOOL/ELETRICO,1,copy_of_D_Frota_por_UF_Municipio_COMBUSTIVEL_Julho_2026.xlsx
SAO PAULO,SANTA MARIA DA SERRA,GASOLINA/ELETRICO,4,copy_of_D_Frota_por_UF_Municipio_COMBUSTIVEL_Julho_2026.xlsx
SAO PAULO,SANTA MARIA DA SERRA,GASOLINA/GAS NATURAL VEICULAR,5,copy_of_D_Frota_por_UF_Municipio_COMBUSTIVEL_Julho_2026.xlsx
SAO PAULO,SANTA MARIA DA SERRA,Sem Informação,479,copy_of_D_Frota_por_UF_Municipio_COMBUSTIVEL_Julho_2026.xlsx
SAO PAULO,SANTA MERCEDES,ALCOOL,194,copy_of_D_Frota_por_UF_Municipio_COMBUSTIVEL_Julho_2026.xlsx
SAO PAULO,SANTA MERCEDES,ALCOOL/GASOLINA,811,copy_of_D_Frota_por_UF_Municipio_COMBUSTIVEL_Julho_2026.xlsx
SAO PAULO,SANTA MERCEDES,DIESEL,306,copy_of_D_Frota_por_UF_Municipio_COMBUSTIVEL_Julho_2026.xlsx
SAO PAULO,SANTA MERCEDES,ELETRICO/FONTE EXTERNA,1,copy_of_D_Frota_por_UF_Municipio_COMBUSTIVEL_Julho_2026.xlsx
SAO PAULO,SANTA MERCEDES,GASOL/GAS NATURAL COMBUSTIVEL,1,copy_of_D_Frota_por_UF_Municipio_COMBUSTIVEL_Julho_2026.xlsx
SAO PAULO,SANTA MERCEDES,GASOLINA,774,copy_of_D_Frota_por_UF_Municipio_COMBUSTIVEL_Julho_2026.xlsx
SAO PAULO,SANTA MERCEDES,GASOLINA/ALCOOL/GAS NATURAL,1,copy_of_D_Frota_por_UF_Municipio_COMBUSTIVEL_Julho_2026.xlsx
SAO PAULO,SANTA MERCEDES,GASOLINA/GAS NATURAL VEICULAR,1,copy_of_D_Frota_por_UF_Municipio_COMBUSTIVEL_Julho_2026.xlsx
SAO PAULO,SANTA MERCEDES,Sem Informação,241,copy_of_D_Frota_por_UF_Municipio_COMBUSTIVEL_Julho_2026.xlsx
SAO PAULO,SANTA RITA D'OESTE,ALCOOL,151,copy_of_D_Frota_por_UF_Municipio_COMBUSTIVEL_Julho_2026.xlsx
SAO PAULO,SANTA RITA D'OESTE,ALCOOL/GASOLINA,801,copy_of_D_Frota_por_UF_Municipio_COMBUSTIVEL_Julho_2026.xlsx
SAO PAULO,SANTA RITA D'OESTE,DIESEL,157,copy_of_D_Frota_por_UF_Municipio_COMBUSTIVEL_Julho_2026.xlsx
SAO PAULO,SANTA RITA D'OESTE,GASOLINA,820,copy_of_D_Frota_por_UF_Municipio_COMBUSTIVEL_Julho_2026.xlsx
SAO PAULO,SANTA RITA D'OESTE,GASOLINA/ALCOOL/ELETRICO,1,copy_of_D_Frota_por_UF_Municipio_COMBUSTIVEL_Julho_2026.xlsx
SAO PAULO,SANTA RITA D'OESTE,GASOLINA/GAS NATURAL VEICULAR,1,copy_of_D_Frota_por_UF_Municipio_COMBUSTIVEL_Julho_2026.xlsx
SAO PAULO,SANTA RITA D'OESTE,Sem Informação,153,copy_of_D_Frota_por_UF_Municipio_COMBUSTIVEL_Julho_2026.xlsx
SAO PAULO,SANTA RITA DO PASSA QUATRO,ALCOOL,1547,copy_of_D_Frota_por_UF_Municipio_COMBUSTIVEL_Julho_2026.xlsx
SAO PAULO,SANTA RITA DO PASSA QUATRO,ALCOOL/GAS NATURAL COMBUSTIVEL,2,copy_of_D_Frota_por_UF_Municipio_COMBUSTIVEL_Julho_2026.xlsx
SAO PAULO,SANTA RITA DO PASSA QUATRO,ALCOOL/GASOLINA,8096,copy_of_D_Frota_por_UF_Municipio_COMBUSTIVEL_Julho_2026.xlsx
SAO PAULO,SANTA RITA DO PASSA QUATRO,DIESEL,1671,copy_of_D_Frota_por_UF_Municipio_COMBUSTIVEL_Julho_2026.xlsx
SAO PAULO,SANTA RITA DO PASSA QUATRO,DIESEL/ELETRICO,1,copy_of_D_Frota_por_UF_Municipio_COMBUSTIVEL_Julho_2026.xlsx
SAO PAULO,SANTA RITA DO PASSA QUATRO,ELETRICO/FONTE EXTERNA,7,copy_of_D_Frota_por_UF_Municipio_COMBUSTIVEL_Julho_2026.xlsx
SAO PAULO,SANTA RITA DO PASSA QUATRO,ELETRICO/FONTE INTERNA,2,copy_of_D_Frota_por_UF_Municipio_COMBUSTIVEL_Julho_2026.xlsx
SAO PAULO,SANTA RITA DO PASSA QUATRO,GASOL/GAS NATURAL COMBUSTIVEL,1,copy_of_D_Frota_por_UF_Municipio_COMBUSTIVEL_Julho_2026.xlsx
SAO PAULO,SANTA RITA DO PASSA QUATRO,GASOLINA,10034,copy_of_D_Frota_por_UF_Municipio_COMBUSTIVEL_Julho_2026.xlsx
SAO PAULO,SANTA RITA DO PASSA QUATRO,GASOLINA/ALCOOL/ELETRICO,21,copy_of_D_Frota_por_UF_Municipio_COMBUSTIVEL_Julho_2026.xlsx
SAO PAULO,SANTA RITA DO PASSA QUATRO,GASOLINA/ALCOOL/GAS NATURAL,3,copy_of_D_Frota_por_UF_Municipio_COMBUSTIVEL_Julho_2026.xlsx
SAO PAULO,SANTA RITA DO PASSA QUATRO,GASOLINA/ELETRICO,21,copy_of_D_Frota_por_UF_Municipio_COMBUSTIVEL_Julho_2026.xlsx
SAO PAULO,SANTA RITA DO PASSA QUATRO,GASOLINA/GAS NATURAL VEICULAR,20,copy_of_D_Frota_por_UF_Municipio_COMBUSTIVEL_Julho_2026.xlsx
SAO PAULO,SANTA RITA DO PASSA QUATRO,HIBRIDO,1,copy_of_D_Frota_por_UF_Municipio_COMBUSTIVEL_Julho_2026.xlsx
SAO PAULO,SANTA RITA DO PASSA QUATRO,HIBRIDO PLUG-IN,4,copy_of_D_Frota_por_UF_Municipio_COMBUSTIVEL_Julho_2026.xlsx
SAO PAULO,SANTA RITA DO PASSA QUATRO,Sem Informação,800,copy_of_D_Frota_por_UF_Municipio_COMBUSTIVEL_Julho_2026.xlsx
SAO PAULO,SANTA ROSA DE VITERBO,ALCOOL,1485,copy_of_D_Frota_por_UF_Municipio_COMBUSTIVEL_Julho_2026.xlsx
SAO PAULO,SANTA ROSA DE VITERBO,ALCOOL/GASOLINA,7514,copy_of_D_Frota_por_UF_Municipio_COMBUSTIVEL_Julho_2026.xlsx
SAO PAULO,SANTA ROSA DE VITERBO,DIESEL,1454,copy_of_D_Frota_por_UF_Municipio_COMBUSTIVEL_Julho_2026.xlsx
SAO PAULO,SANTA ROSA DE VITERBO,ELETRICO/FONTE EXTERNA,13,copy_of_D_Frota_por_UF_Municipio_COMBUSTIVEL_Julho_2026.xlsx
SAO PAULO,SANTA ROSA DE VITERBO,ELETRICO/FONTE INTERNA,1,copy_of_D_Frota_por_UF_Municipio_COMBUSTIVEL_Julho_2026.xlsx
SAO PAULO,SANTA ROSA DE VITERBO,GAS METANO,1,copy_of_D_Frota_por_UF_Municipio_COMBUSTIVEL_Julho_2026.xlsx
SAO PAULO,SANTA ROSA DE VITERBO,GASOLINA,8202,copy_of_D_Frota_por_UF_Municipio_COMBUSTIVEL_Julho_2026.xlsx
SAO PAULO,SANTA ROSA DE VITERBO,GASOLINA/ALCOOL/ELETRICO,7,copy_of_D_Frota_por_UF_Municipio_COMBUSTIVEL_Julho_2026.xlsx
SAO PAULO,SANTA ROSA DE VITERBO,GASOLINA/ALCOOL/GAS NATURAL,2,copy_of_D_Frota_por_UF_Municipio_COMBUSTIVEL_Julho_2026.xlsx
SAO PAULO,SANTA ROSA DE VITERBO,GASOLINA/ELETRICO,19,copy_of_D_Frota_por_UF_Municipio_COMBUSTIVEL_Julho_2026.xlsx
SAO PAULO,SANTA ROSA DE VITERBO,GASOLINA/GAS NATURAL VEICULAR,13,copy_of_D_Frota_por_UF_Municipio_COMBUSTIVEL_Julho_2026.xlsx
SAO PAULO,SANTA ROSA DE VITERBO,HIBRIDO,5,copy_of_D_Frota_por_UF_Municipio_COMBUSTIVEL_Julho_2026.xlsx
SAO PAULO,SANTA ROSA DE VITERBO,HIBRIDO PLUG-IN,10,copy_of_D_Frota_por_UF_Municipio_COMBUSTIVEL_Julho_2026.xlsx
SAO PAULO,SANTA ROSA DE VITERBO,Sem Informação,801,copy_of_D_Frota_por_UF_Municipio_COMBUSTIVEL_Julho_2026.xlsx
SAO PAULO,SANTA SALETE,ALCOOL,111,copy_of_D_Frota_por_UF_Municipio_COMBUSTIVEL_Julho_2026.xlsx
SAO PAULO,SANTA SALETE,ALCOOL/GASOLINA,559,copy_of_D_Frota_por_UF_Municipio_COMBUSTIVEL_Julho_2026.xlsx
SAO PAULO,SANTA SALETE,DIESEL,206,copy_of_D_Frota_por_UF_Municipio_COMBUSTIVEL_Julho_2026.xlsx
SAO PAULO,SANTA SALETE,GASOLINA,468,copy_of_D_Frota_por_UF_Municipio_COMBUSTIVEL_Julho_2026.xlsx
SAO PAULO,SANTA SALETE,GASOLINA/ALCOOL/ELETRICO,1,copy_of_D_Frota_por_UF_Municipio_COMBUSTIVEL_Julho_2026.xlsx
SAO PAULO,SANTA SALETE,GASOLINA/ELETRICO,1,copy_of_D_Frota_por_UF_Municipio_COMBUSTIVEL_Julho_2026.xlsx
SAO PAULO,SANTA SALETE,GASOLINA/GAS NATURAL VEICULAR,1,copy_of_D_Frota_por_UF_Municipio_COMBUSTIVEL_Julho_2026.xlsx
SAO PAULO,SANTA SALETE,Sem Informação,185,copy_of_D_Frota_por_UF_Municipio_COMBUSTIVEL_Julho_2026.xlsx
SAO PAULO,SANTANA DA PONTE PENSA,ALCOOL,122,copy_of_D_Frota_por_UF_Municipio_COMBUSTIVEL_Julho_2026.xlsx
SAO PAULO,SANTANA DA PONTE PENSA,ALCOOL/GASOLINA,471,copy_of_D_Frota_por_UF_Municipio_COMBUSTIVEL_Julho_2026.xlsx
SAO PAULO,SANTANA DA PONTE PENSA,DIESEL,138,copy_of_D_Frota_por_UF_Municipio_COMBUSTIVEL_Julho_2026.xlsx
SAO PAULO,SANTANA DA PONTE PENSA,GASOLINA,478,copy_of_D_Frota_por_UF_Municipio_COMBUSTIVEL_Julho_2026.xlsx
SAO PAULO,SANTANA DA PONTE PENSA,Sem Informação,90,copy_of_D_Frota_por_UF_Municipio_COMBUSTIVEL_Julho_2026.xlsx
SAO PAULO,SANTANA DE PARNAIBA,ALCOOL,3027,copy_of_D_Frota_por_UF_Municipio_COMBUSTIVEL_Julho_2026.xlsx
SAO PAULO,SANTANA DE PARNAIBA,ALCOOL/GAS NATURAL COMBUSTIVEL,1,copy_of_D_Frota_por_UF_Municipio_COMBUSTIVEL_Julho_2026.xlsx
SAO PAULO,SANTANA DE PARNAIBA,ALCOOL/GAS NATURAL VEICULAR,17,copy_of_D_Frota_por_UF_Municipio_COMBUSTIVEL_Julho_2026.xlsx
SAO PAULO,SANTANA DE PARNAIBA,ALCOOL/GASOLINA,51549,copy_of_D_Frota_por_UF_Municipio_COMBUSTIVEL_Julho_2026.xlsx
SAO PAULO,SANTANA DE PARNAIBA,DIESEL,8069,copy_of_D_Frota_por_UF_Municipio_COMBUSTIVEL_Julho_2026.xlsx
SAO PAULO,SANTANA DE PARNAIBA,DIESEL/ELETRICO,59,copy_of_D_Frota_por_UF_Municipio_COMBUSTIVEL_Julho_2026.xlsx
SAO PAULO,SANTANA DE PARNAIBA,ELETRICO,125,copy_of_D_Frota_por_UF_Municipio_COMBUSTIVEL_Julho_2026.xlsx
SAO PAULO,SANTANA DE PARNAIBA,ELETRICO/FONTE EXTERNA,1098,copy_of_D_Frota_por_UF_Municipio_COMBUSTIVEL_Julho_2026.xlsx
SAO PAULO,SANTANA DE PARNAIBA,ELETRICO/FONTE INTERNA,67,copy_of_D_Frota_por_UF_Municipio_COMBUSTIVEL_Julho_2026.xlsx
SAO PAULO,SANTANA DE PARNAIBA,GAS METANO,10,copy_of_D_Frota_por_UF_Municipio_COMBUSTIVEL_Julho_2026.xlsx
SAO PAULO,SANTANA DE PARNAIBA,GASOL/GAS NATURAL COMBUSTIVEL,19,copy_of_D_Frota_por_UF_Municipio_COMBUSTIVEL_Julho_2026.xlsx
SAO PAULO,SANTANA DE PARNAIBA,GASOLINA,42236,copy_of_D_Frota_por_UF_Municipio_COMBUSTIVEL_Julho_2026.xlsx
SAO PAULO,SANTANA DE PARNAIBA,GASOLINA/ALCOOL/ELETRICO,616,copy_of_D_Frota_por_UF_Municipio_COMBUSTIVEL_Julho_2026.xlsx
SAO PAULO,SANTANA DE PARNAIBA,GASOLINA/ALCOOL/GAS NATURAL,118,copy_of_D_Frota_por_UF_Municipio_COMBUSTIVEL_Julho_2026.xlsx
SAO PAULO,SANTANA DE PARNAIBA,GASOLINA/ELETRICO,1980,copy_of_D_Frota_por_UF_Municipio_COMBUSTIVEL_Julho_2026.xlsx
SAO PAULO,SANTANA DE PARNAIBA,GASOLINA/GAS NATURAL VEICULAR,441,copy_of_D_Frota_por_UF_Municipio_COMBUSTIVEL_Julho_2026.xlsx
SAO PAULO,SANTANA DE PARNAIBA,HIBRIDO,200,copy_of_D_Frota_por_UF_Municipio_COMBUSTIVEL_Julho_2026.xlsx
SAO PAULO,SANTANA DE PARNAIBA,HIBRIDO PLUG-IN,445,copy_of_D_Frota_por_UF_Municipio_COMBUSTIVEL_Julho_2026.xlsx
SAO PAULO,SANTANA DE PARNAIBA,Sem Informação,2047,copy_of_D_Frota_por_UF_Municipio_COMBUSTIVEL_Julho_2026.xlsx
SAO PAULO,SANTO ANASTACIO,ALCOOL,1132,copy_of_D_Frota_por_UF_Municipio_COMBUSTIVEL_Julho_2026.xlsx
SAO PAULO,SANTO ANASTACIO,ALCOOL/GAS NATURAL VEICULAR,1,copy_of_D_Frota_por_UF_Municipio_COMBUSTIVEL_Julho_2026.xlsx
SAO PAULO,SANTO ANASTACIO,ALCOOL/GASOLINA,6075,copy_of_D_Frota_por_UF_Municipio_COMBUSTIVEL_Julho_2026.xlsx
SAO PAULO,SANTO ANASTACIO,DIESEL,1602,copy_of_D_Frota_por_UF_Municipio_COMBUSTIVEL_Julho_2026.xlsx
SAO PAULO,SANTO ANASTACIO,ELETRICO,2,copy_of_D_Frota_por_UF_Municipio_COMBUSTIVEL_Julho_2026.xlsx
SAO PAULO,SANTO ANASTACIO,ELETRICO/FONTE EXTERNA,9,copy_of_D_Frota_por_UF_Municipio_COMBUSTIVEL_Julho_2026.xlsx
SAO PAULO,SANTO ANASTACIO,ELETRICO/FONTE INTERNA,1,copy_of_D_Frota_por_UF_Municipio_COMBUSTIVEL_Julho_2026.xlsx
SAO PAULO,SANTO ANASTACIO,GAS METANO,1,copy_of_D_Frota_por_UF_Municipio_COMBUSTIVEL_Julho_2026.xlsx
SAO PAULO,SANTO ANASTACIO,GASOL/GAS NATURAL COMBUSTIVEL,1,copy_of_D_Frota_por_UF_Municipio_COMBUSTIVEL_Julho_2026.xlsx
SAO PAULO,SANTO ANASTACIO,GASOLINA,6823,copy_of_D_Frota_por_UF_Municipio_COMBUSTIVEL_Julho_2026.xlsx
SAO PAULO,SANTO ANASTACIO,GASOLINA/ALCOOL/ELETRICO,10,copy_of_D_Frota_por_UF_Municipio_COMBUSTIVEL_Julho_2026.xlsx
SAO PAULO,SANTO ANASTACIO,GASOLINA/ELETRICO,6,copy_of_D_Frota_por_UF_Municipio_COMBUSTIVEL_Julho_2026.xlsx
SAO PAULO,SANTO ANASTACIO,GASOLINA/GAS NATURAL VEICULAR,5,copy_of_D_Frota_por_UF_Municipio_COMBUSTIVEL_Julho_2026.xlsx
SAO PAULO,SANTO ANASTACIO,HIBRIDO,2,copy_of_D_Frota_por_UF_Municipio_COMBUSTIVEL_Julho_2026.xlsx
SAO PAULO,SANTO ANASTACIO,HIBRIDO PLUG-IN,2,copy_of_D_Frota_por_UF_Municipio_COMBUSTIVEL_Julho_2026.xlsx
SAO PAULO,SANTO ANASTACIO,Sem Informação,786,copy_of_D_Frota_por_UF_Municipio_COMBUSTIVEL_Julho_2026.xlsx
SAO PAULO,SANTO ANDRE,ALCOOL,34472,copy_of_D_Frota_por_UF_Municipio_COMBUSTIVEL_Julho_2026.xlsx
SAO PAULO,SANTO ANDRE,ALCOOL/GAS NATURAL COMBUSTIVEL,32,copy_of_D_Frota_por_UF_Municipio_COMBUSTIVEL_Julho_2026.xlsx
SAO PAULO,SANTO ANDRE,ALCOOL/GAS NATURAL VEICULAR,371,copy_of_D_Frota_por_UF_Municipio_COMBUSTIVEL_Julho_2026.xlsx
SAO PAULO,SANTO ANDRE,ALCOOL/GASOLINA,262546,copy_of_D_Frota_por_UF_Municipio_COMBUSTIVEL_Julho_2026.xlsx
SAO PAULO,SANTO ANDRE,DIESEL,26300,copy_of_D_Frota_por_UF_Municipio_COMBUSTIVEL_Julho_2026.xlsx
SAO PAULO,SANTO ANDRE,DIESEL/ELETRICO,21,copy_of_D_Frota_por_UF_Municipio_COMBUSTIVEL_Julho_2026.xlsx
SAO PAULO,SANTO ANDRE,ELETRICO,79,copy_of_D_Frota_por_UF_Municipio_COMBUSTIVEL_Julho_2026.xlsx
SAO PAULO,SANTO ANDRE,ELETRICO/FONTE EXTERNA,1003,copy_of_D_Frota_por_UF_Municipio_COMBUSTIVEL_Julho_2026.xlsx
SAO PAULO,SANTO ANDRE,ELETRICO/FONTE INTERNA,90,copy_of_D_Frota_por_UF_Municipio_COMBUSTIVEL_Julho_2026.xlsx
SAO PAULO,SANTO ANDRE,ETANOL/ELETRICO,1,copy_of_D_Frota_por_UF_Municipio_COMBUSTIVEL_Julho_2026.xlsx
SAO PAULO,SANTO ANDRE,GAS METANO,82,copy_of_D_Frota_por_UF_Municipio_COMBUSTIVEL_Julho_2026.xlsx
SAO PAULO,SANTO ANDRE,GAS NATURAL VEICULAR,7,copy_of_D_Frota_por_UF_Municipio_COMBUSTIVEL_Julho_2026.xlsx
SAO PAULO,SANTO ANDRE,GAS/NATURAL/LIQUEFEITO,1,copy_of_D_Frota_por_UF_Municipio_COMBUSTIVEL_Julho_2026.xlsx
SAO PAULO,SANTO ANDRE,GASOGENIO,4,copy_of_D_Frota_por_UF_Municipio_COMBUSTIVEL_Julho_2026.xlsx
SAO PAULO,SANTO ANDRE,GASOL/GAS NATURAL COMBUSTIVEL,410,copy_of_D_Frota_por_UF_Municipio_COMBUSTIVEL_Julho_2026.xlsx
SAO PAULO,SANTO ANDRE,GASOLINA,275851,copy_of_D_Frota_por_UF_Municipio_COMBUSTIVEL_Julho_2026.xlsx
SAO PAULO,SANTO ANDRE,GASOLINA/ALCOOL/ELETRICO,1367,copy_of_D_Frota_por_UF_Municipio_COMBUSTIVEL_Julho_2026.xlsx
SAO PAULO,SANTO ANDRE,GASOLINA/ALCOOL/GAS NATURAL,995,copy_of_D_Frota_por_UF_Municipio_COMBUSTIVEL_Julho_2026.xlsx
SAO PAULO,SANTO ANDRE,GASOLINA/ELETRICO,1883,copy_of_D_Frota_por_UF_Municipio_COMBUSTIVEL_Julho_2026.xlsx
SAO PAULO,SANTO ANDRE,GASOLINA/GAS NATURAL VEICULAR,4999,copy_of_D_Frota_por_UF_Municipio_COMBUSTIVEL_Julho_2026.xlsx
SAO PAULO,SANTO ANDRE,HIBRIDO,228,copy_of_D_Frota_por_UF_Municipio_COMBUSTIVEL_Julho_2026.xlsx
SAO PAULO,SANTO ANDRE,HIBRIDO PLUG-IN,321,copy_of_D_Frota_por_UF_Municipio_COMBUSTIVEL_Julho_2026.xlsx
SAO PAULO,SANTO ANDRE,Sem Informação,8140,copy_of_D_Frota_por_UF_Municipio_COMBUSTIVEL_Julho_2026.xlsx
SAO PAULO,SANTO ANTONIO DA ALEGRIA,ALCOOL,535,copy_of_D_Frota_por_UF_Municipio_COMBUSTIVEL_Julho_2026.xlsx
SAO PAULO,SANTO ANTONIO DA ALEGRIA,ALCOOL/GAS NATURAL VEICULAR,1,copy_of_D_Frota_por_UF_Municipio_COMBUSTIVEL_Julho_2026.xlsx
SAO PAULO,SANTO ANTONIO DA ALEGRIA,ALCOOL/GASOLINA,1637,copy_of_D_Frota_por_UF_Municipio_COMBUSTIVEL_Julho_2026.xlsx
SAO PAULO,SANTO ANTONIO DA ALEGRIA,DIESEL,534,copy_of_D_Frota_por_UF_Municipio_COMBUSTIVEL_Julho_2026.xlsx
SAO PAULO,SANTO ANTONIO DA ALEGRIA,ELETRICO/FONTE EXTERNA,1,copy_of_D_Frota_por_UF_Municipio_COMBUSTIVEL_Julho_2026.xlsx
SAO PAULO,SANTO ANTONIO DA ALEGRIA,GASOLINA,1851,copy_of_D_Frota_por_UF_Municipio_COMBUSTIVEL_Julho_2026.xlsx
SAO PAULO,SANTO ANTONIO DA ALEGRIA,GASOLINA/ALCOOL/ELETRICO,6,copy_of_D_Frota_por_UF_Municipio_COMBUSTIVEL_Julho_2026.xlsx
SAO PAULO,SANTO ANTONIO DA ALEGRIA,GASOLINA/ALCOOL/GAS NATURAL,2,copy_of_D_Frota_por_UF_Municipio_COMBUSTIVEL_Julho_2026.xlsx
SAO PAULO,SANTO ANTONIO DA ALEGRIA,GASOLINA/ELETRICO,1,copy_of_D_Frota_por_UF_Municipio_COMBUSTIVEL_Julho_2026.xlsx
SAO PAULO,SANTO ANTONIO DA ALEGRIA,HIBRIDO PLUG-IN,2,copy_of_D_Frota_por_UF_Municipio_COMBUSTIVEL_Julho_2026.xlsx
SAO PAULO,SANTO ANTONIO DA ALEGRIA,Sem Informação,184,copy_of_D_Frota_por_UF_Municipio_COMBUSTIVEL_Julho_2026.xlsx
SAO PAULO,SANTO ANTONIO DE POSSE,ALCOOL,1074,copy_of_D_Frota_por_UF_Municipio_COMBUSTIVEL_Julho_2026.xlsx
SAO PAULO,SANTO ANTONIO DE POSSE,ALCOOL/GAS NATURAL COMBUSTIVEL,1,copy_of_D_Frota_por_UF_Municipio_COMBUSTIVEL_Julho_2026.xlsx
SAO PAULO,SANTO ANTONIO DE POSSE,ALCOOL/GAS NATURAL VEICULAR,4,copy_of_D_Frota_por_UF_Municipio_COMBUSTIVEL_Julho_2026.xlsx
SAO PAULO,SANTO ANTONIO DE POSSE,ALCOOL/GASOLINA,7457,copy_of_D_Frota_por_UF_Municipio_COMBUSTIVEL_Julho_2026.xlsx
SAO PAULO,SANTO ANTONIO DE POSSE,DIESEL,2073,copy_of_D_Frota_por_UF_Municipio_COMBUSTIVEL_Julho_2026.xlsx
SAO PAULO,SANTO ANTONIO DE POSSE,DIESEL/ELETRICO,2,copy_of_D_Frota_por_UF_Municipio_COMBUSTIVEL_Julho_2026.xlsx
SAO PAULO,SANTO ANTONIO DE POSSE,ELETRICO,3,copy_of_D_Frota_por_UF_Municipio_COMBUSTIVEL_Julho_2026.xlsx
SAO PAULO,SANTO ANTONIO DE POSSE,ELETRICO/FONTE EXTERNA,15,copy_of_D_Frota_por_UF_Municipio_COMBUSTIVEL_Julho_2026.xlsx
SAO PAULO,SANTO ANTONIO DE POSSE,ELETRICO/FONTE INTERNA,2,copy_of_D_Frota_por_UF_Municipio_COMBUSTIVEL_Julho_2026.xlsx
SAO PAULO,SANTO ANTONIO DE POSSE,GASOL/GAS NATURAL COMBUSTIVEL,1,copy_of_D_Frota_por_UF_Municipio_COMBUSTIVEL_Julho_2026.xlsx
SAO PAULO,SANTO ANTONIO DE POSSE,GASOLINA,8750,copy_of_D_Frota_por_UF_Municipio_COMBUSTIVEL_Julho_2026.xlsx
SAO PAULO,SANTO ANTONIO DE POSSE,GASOLINA/ALCOOL/ELETRICO,23,copy_of_D_Frota_por_UF_Municipio_COMBUSTIVEL_Julho_2026.xlsx
SAO PAULO,SANTO ANTONIO DE POSSE,GASOLINA/ALCOOL/GAS NATURAL,9,copy_of_D_Frota_por_UF_Municipio_COMBUSTIVEL_Julho_2026.xlsx
SAO PAULO,SANTO ANTONIO DE POSSE,GASOLINA/ELETRICO,17,copy_of_D_Frota_por_UF_Municipio_COMBUSTIVEL_Julho_2026.xlsx
SAO PAULO,SANTO ANTONIO DE POSSE,GASOLINA/GAS NATURAL VEICULAR,41,copy_of_D_Frota_por_UF_Municipio_COMBUSTIVEL_Julho_2026.xlsx
SAO PAULO,SANTO ANTONIO DE POSSE,HIBRIDO,2,copy_of_D_Frota_por_UF_Municipio_COMBUSTIVEL_Julho_2026.xlsx
SAO PAULO,SANTO ANTONIO DE POSSE,HIBRIDO PLUG-IN,12,copy_of_D_Frota_por_UF_Municipio_COMBUSTIVEL_Julho_2026.xlsx
SAO PAULO,SANTO ANTONIO DE POSSE,Sem Informação,514,copy_of_D_Frota_por_UF_Municipio_COMBUSTIVEL_Julho_2026.xlsx
SAO PAULO,SANTO ANTONIO DO ARACANGUA,ALCOOL,462,copy_of_D_Frota_por_UF_Municipio_COMBUSTIVEL_Julho_2026.xlsx
SAO PAULO,SANTO ANTONIO DO ARACANGUA,ALCOOL/GAS NATURAL VEICULAR,1,copy_of_D_Frota_por_UF_Municipio_COMBUSTIVEL_Julho_2026.xlsx
SAO PAULO,SANTO ANTONIO DO ARACANGUA,ALCOOL/GASOLINA,2140,copy_of_D_Frota_por_UF_Municipio_COMBUSTIVEL_Julho_2026.xlsx
SAO PAULO,SANTO ANTONIO DO ARACANGUA,DIESEL,573,copy_of_D_Frota_por_UF_Municipio_COMBUSTIVEL_Julho_2026.xlsx
SAO PAULO,SANTO ANTONIO DO ARACANGUA,ELETRICO/FONTE EXTERNA,1,copy_of_D_Frota_por_UF_Municipio_COMBUSTIVEL_Julho_2026.xlsx
SAO PAULO,SANTO ANTONIO DO ARACANGUA,GAS METANO,1,copy_of_D_Frota_por_UF_Municipio_COMBUSTIVEL_Julho_2026.xlsx
SAO PAULO,SANTO ANTONIO DO ARACANGUA,GASOLINA,1805,copy_of_D_Frota_por_UF_Municipio_COMBUSTIVEL_Julho_2026.xlsx
SAO PAULO,SANTO ANTONIO DO ARACANGUA,GASOLINA/ALCOOL/ELETRICO,2,copy_of_D_Frota_por_UF_Municipio_COMBUSTIVEL_Julho_2026.xlsx
SAO PAULO,SANTO ANTONIO DO ARACANGUA,GASOLINA/ELETRICO,3,copy_of_D_Frota_por_UF_Municipio_COMBUSTIVEL_Julho_2026.xlsx
SAO PAULO,SANTO ANTONIO DO ARACANGUA,GASOLINA/GAS NATURAL VEICULAR,5,copy_of_D_Frota_por_UF_Municipio_COMBUSTIVEL_Julho_2026.xlsx
SAO PAULO,SANTO ANTONIO DO ARACANGUA,HIBRIDO,1,copy_of_D_Frota_por_UF_Municipio_COMBUSTIVEL_Julho_2026.xlsx
SAO PAULO,SANTO ANTONIO DO ARACANGUA,HIBRIDO PLUG-IN,2,copy_of_D_Frota_por_UF_Municipio_COMBUSTIVEL_Julho_2026.xlsx
SAO PAULO,SANTO ANTONIO DO ARACANGUA,Sem Informação,469,copy_of_D_Frota_por_UF_Municipio_COMBUSTIVEL_Julho_2026.xlsx
SAO PAULO,SANTO ANTONIO DO JARDIM,ALCOOL,298,copy_of_D_Frota_por_UF_Municipio_COMBUSTIVEL_Julho_2026.xlsx
SAO PAULO,SANTO ANTONIO DO JARDIM,ALCOOL/GASOLINA,1788,copy_of_D_Frota_por_UF_Municipio_COMBUSTIVEL_Julho_2026.xlsx
SAO PAULO,SANTO ANTONIO DO JARDIM,DIESEL,628,copy_of_D_Frota_por_UF_Municipio_COMBUSTIVEL_Julho_2026.xlsx
SAO PAULO,SANTO ANTONIO DO JARDIM,ELETRICO/FONTE EXTERNA,2,copy_of_D_Frota_por_UF_Municipio_COMBUSTIVEL_Julho_2026.xlsx
SAO PAULO,SANTO ANTONIO DO JARDIM,ELETRICO/FONTE INTERNA,1,copy_of_D_Frota_por_UF_Municipio_COMBUSTIVEL_Julho_2026.xlsx
SAO PAULO,SANTO ANTONIO DO JARDIM,GASOLINA,1984,copy_of_D_Frota_por_UF_Municipio_COMBUSTIVEL_Julho_2026.xlsx
SAO PAULO,SANTO ANTONIO DO JARDIM,GASOLINA/ALCOOL/ELETRICO,4,copy_of_D_Frota_por_UF_Municipio_COMBUSTIVEL_Julho_2026.xlsx
SAO PAULO,SANTO ANTONIO DO JARDIM,GASOLINA/ALCOOL/GAS NATURAL,2,copy_of_D_Frota_por_UF_Municipio_COMBUSTIVEL_Julho_2026.xlsx
SAO PAULO,SANTO ANTONIO DO JARDIM,GASOLINA/ELETRICO,6,copy_of_D_Frota_por_UF_Municipio_COMBUSTIVEL_Julho_2026.xlsx
SAO PAULO,SANTO ANTONIO DO JARDIM,GASOLINA/GAS NATURAL VEICULAR,10,copy_of_D_Frota_por_UF_Municipio_COMBUSTIVEL_Julho_2026.xlsx
SAO PAULO,SANTO ANTONIO DO JARDIM,HIBRIDO,2,copy_of_D_Frota_por_UF_Municipio_COMBUSTIVEL_Julho_2026.xlsx
SAO PAULO,SANTO ANTONIO DO JARDIM,Sem Informação,111,copy_of_D_Frota_por_UF_Municipio_COMBUSTIVEL_Julho_2026.xlsx
SAO PAULO,SANTO ANTONIO DO PINHAL,ALCOOL,377,copy_of_D_Frota_por_UF_Municipio_COMBUSTIVEL_Julho_2026.xlsx
SAO PAULO,SANTO ANTONIO DO PINHAL,ALCOOL/GASOLINA,2507,copy_of_D_Frota_por_UF_Municipio_COMBUSTIVEL_Julho_2026.xlsx
SAO PAULO,SANTO ANTONIO DO PINHAL,DIESEL,568,copy_of_D_Frota_por_UF_Municipio_COMBUSTIVEL_Julho_2026.xlsx
SAO PAULO,SANTO ANTONIO DO PINHAL,ELETRICO/FONTE EXTERNA,8,copy_of_D_Frota_por_UF_Municipio_COMBUSTIVEL_Julho_2026.xlsx
SAO PAULO,SANTO ANTONIO DO PINHAL,ELETRICO/FONTE INTERNA,1,copy_of_D_Frota_por_UF_Municipio_COMBUSTIVEL_Julho_2026.xlsx
SAO PAULO,SANTO ANTONIO DO PINHAL,GASOLINA,3203,copy_of_D_Frota_por_UF_Municipio_COMBUSTIVEL_Julho_2026.xlsx
SAO PAULO,SANTO ANTONIO DO PINHAL,GASOLINA/ALCOOL/ELETRICO,8,copy_of_D_Frota_por_UF_Municipio_COMBUSTIVEL_Julho_2026.xlsx
SAO PAULO,SANTO ANTONIO DO PINHAL,GASOLINA/ALCOOL/GAS NATURAL,8,copy_of_D_Frota_por_UF_Municipio_COMBUSTIVEL_Julho_2026.xlsx
SAO PAULO,SANTO ANTONIO DO PINHAL,GASOLINA/ELETRICO,8,copy_of_D_Frota_por_UF_Municipio_COMBUSTIVEL_Julho_2026.xlsx
SAO PAULO,SANTO ANTONIO DO PINHAL,GASOLINA/GAS NATURAL VEICULAR,10,copy_of_D_Frota_por_UF_Municipio_COMBUSTIVEL_Julho_2026.xlsx
SAO PAULO,SANTO ANTONIO DO PINHAL,HIBRIDO,1,copy_of_D_Frota_por_UF_Municipio_COMBUSTIVEL_Julho_2026.xlsx
SAO PAULO,SANTO ANTONIO DO PINHAL,HIBRIDO PLUG-IN,2,copy_of_D_Frota_por_UF_Municipio_COMBUSTIVEL_Julho_2026.xlsx
SAO PAULO,SANTO ANTONIO DO PINHAL,Sem Informação,112,copy_of_D_Frota_por_UF_Municipio_COMBUSTIVEL_Julho_2026.xlsx
SAO PAULO,SANTO EXPEDITO,ALCOOL,234,copy_of_D_Frota_por_UF_Municipio_COMBUSTIVEL_Julho_2026.xlsx
SAO PAULO,SANTO EXPEDITO,ALCOOL/GASOLINA,685,copy_of_D_Frota_por_UF_Municipio_COMBUSTIVEL_Julho_2026.xlsx
SAO PAULO,SANTO EXPEDITO,DIESEL,134,copy_of_D_Frota_por_UF_Municipio_COMBUSTIVEL_Julho_2026.xlsx
SAO PAULO,SANTO EXPEDITO,GASOLINA,694,copy_of_D_Frota_por_UF_Municipio_COMBUSTIVEL_Julho_2026.xlsx
SAO PAULO,SANTO EXPEDITO,GASOLINA/GAS NATURAL VEICULAR,1,copy_of_D_Frota_por_UF_Municipio_COMBUSTIVEL_Julho_2026.xlsx
SAO PAULO,SANTO EXPEDITO,Sem Informação,68,copy_of_D_Frota_por_UF_Municipio_COMBUSTIVEL_Julho_2026.xlsx
SAO PAULO,SANTOPOLIS DO AGUAPEI,ALCOOL,234,copy_of_D_Frota_por_UF_Municipio_COMBUSTIVEL_Julho_2026.xlsx
SAO PAULO,SANTOPOLIS DO AGUAPEI,ALCOOL/GASOLINA,999,copy_of_D_Frota_por_UF_Municipio_COMBUSTIVEL_Julho_2026.xlsx
SAO PAULO,SANTOPOLIS DO AGUAPEI,DIESEL,193,copy_of_D_Frota_por_UF_Municipio_COMBUSTIVEL_Julho_2026.xlsx
SAO PAULO,SANTOPOLIS DO AGUAPEI,GASOLINA,878,copy_of_D_Frota_por_UF_Municipio_COMBUSTIVEL_Julho_2026.xlsx
SAO PAULO,SANTOPOLIS DO AGUAPEI,GASOLINA/ALCOOL/ELETRICO,1,copy_of_D_Frota_por_UF_Municipio_COMBUSTIVEL_Julho_2026.xlsx
SAO PAULO,SANTOPOLIS DO AGUAPEI,GASOLINA/GAS NATURAL VEICULAR,1,copy_of_D_Frota_por_UF_Municipio_COMBUSTIVEL_Julho_2026.xlsx
SAO PAULO,SANTOPOLIS DO AGUAPEI,Sem Informação,110,copy_of_D_Frota_por_UF_Municipio_COMBUSTIVEL_Julho_2026.xlsx
SAO PAULO,SANTOS,ALCOOL,6790,copy_of_D_Frota_por_UF_Municipio_COMBUSTIVEL_Julho_2026.xlsx
SAO PAULO,SANTOS,ALCOOL/GAS NATURAL COMBUSTIVEL,3,copy_of_D_Frota_por_UF_Municipio_COMBUSTIVEL_Julho_2026.xlsx
SAO PAULO,SANTOS,ALCOOL/GAS NATURAL VEICULAR,33,copy_of_D_Frota_por_UF_Municipio_COMBUSTIVEL_Julho_2026.xlsx
SAO PAULO,SANTOS,ALCOOL/GASOLINA,121538,copy_of_D_Frota_por_UF_Municipio_COMBUSTIVEL_Julho_2026.xlsx
SAO PAULO,SANTOS,DIESEL,19160,copy_of_D_Frota_por_UF_Municipio_COMBUSTIVEL_Julho_2026.xlsx
SAO PAULO,SANTOS,DIESEL/ELETRICO,50,copy_of_D_Frota_por_UF_Municipio_COMBUSTIVEL_Julho_2026.xlsx
SAO PAULO,SANTOS,DIESEL/GAS NATURAL COMBUSTIVEL,2,copy_of_D_Frota_por_UF_Municipio_COMBUSTIVEL_Julho_2026.xlsx
SAO PAULO,SANTOS,ELETRICO,84,copy_of_D_Frota_por_UF_Municipio_COMBUSTIVEL_Julho_2026.xlsx
SAO PAULO,SANTOS,ELETRICO/FONTE EXTERNA,552,copy_of_D_Frota_por_UF_Municipio_COMBUSTIVEL_Julho_2026.xlsx
SAO PAULO,SANTOS,ELETRICO/FONTE INTERNA,87,copy_of_D_Frota_por_UF_Municipio_COMBUSTIVEL_Julho_2026.xlsx
SAO PAULO,SANTOS,GAS METANO,347,copy_of_D_Frota_por_UF_Municipio_COMBUSTIVEL_Julho_2026.xlsx
SAO PAULO,SANTOS,GAS NATURAL VEICULAR,7,copy_of_D_Frota_por_UF_Municipio_COMBUSTIVEL_Julho_2026.xlsx
SAO PAULO,SANTOS,GAS/NATURAL/LIQUEFEITO,1,copy_of_D_Frota_por_UF_Municipio_COMBUSTIVEL_Julho_2026.xlsx
SAO PAULO,SANTOS,GASOGENIO,13,copy_of_D_Frota_por_UF_Municipio_COMBUSTIVEL_Julho_2026.xlsx
SAO PAULO,SANTOS,GASOL/GAS NATURAL COMBUSTIVEL,34,copy_of_D_Frota_por_UF_Municipio_COMBUSTIVEL_Julho_2026.xlsx
SAO PAULO,SANTOS,GASOLINA,129577,copy_of_D_Frota_por_UF_Municipio_COMBUSTIVEL_Julho_2026.xlsx
SAO PAULO,SANTOS,GASOLINA/ALCOOL/ELETRICO,1036,copy_of_D_Frota_por_UF_Municipio_COMBUSTIVEL_Julho_2026.xlsx
SAO PAULO,SANTOS,GASOLINA/ALCOOL/GAS NATURAL,285,copy_of_D_Frota_por_UF_Municipio_COMBUSTIVEL_Julho_2026.xlsx
SAO PAULO,SANTOS,GASOLINA/ELETRICO,1645,copy_of_D_Frota_por_UF_Municipio_COMBUSTIVEL_Julho_2026.xlsx
SAO PAULO,SANTOS,GASOLINA/GAS NATURAL VEICULAR,847,copy_of_D_Frota_por_UF_Municipio_COMBUSTIVEL_Julho_2026.xlsx
SAO PAULO,SANTOS,HIBRIDO,322,copy_of_D_Frota_por_UF_Municipio_COMBUSTIVEL_Julho_2026.xlsx
SAO PAULO,SANTOS,HIBRIDO PLUG-IN,410,copy_of_D_Frota_por_UF_Municipio_COMBUSTIVEL_Julho_2026.xlsx
SAO PAULO,SANTOS,Sem Informação,14538,copy_of_D_Frota_por_UF_Municipio_COMBUSTIVEL_Julho_2026.xlsx
SAO PAULO,SAO BENTO DO SAPUCAI,ALCOOL,379,copy_of_D_Frota_por_UF_Municipio_COMBUSTIVEL_Julho_2026.xlsx
SAO PAULO,SAO BENTO DO SAPUCAI,ALCOOL/GASOLINA,3506,copy_of_D_Frota_por_UF_Municipio_COMBUSTIVEL_Julho_2026.xlsx
SAO PAULO,SAO BENTO DO SAPUCAI,DIESEL,739,copy_of_D_Frota_por_UF_Municipio_COMBUSTIVEL_Julho_2026.xlsx
SAO PAULO,SAO BENTO DO SAPUCAI,GASOLINA,4134,copy_of_D_Frota_por_UF_Municipio_COMBUSTIVEL_Julho_2026.xlsx
SAO PAULO,SAO BENTO DO SAPUCAI,GASOLINA/ALCOOL/ELETRICO,8,copy_of_D_Frota_por_UF_Municipio_COMBUSTIVEL_Julho_2026.xlsx
SAO PAULO,SAO BENTO DO SAPUCAI,GASOLINA/ALCOOL/GAS NATURAL,3,copy_of_D_Frota_por_UF_Municipio_COMBUSTIVEL_Julho_2026.xlsx
SAO PAULO,SAO BENTO DO SAPUCAI,GASOLINA/ELETRICO,4,copy_of_D_Frota_por_UF_Municipio_COMBUSTIVEL_Julho_2026.xlsx
SAO PAULO,SAO BENTO DO SAPUCAI,GASOLINA/GAS NATURAL VEICULAR,11,copy_of_D_Frota_por_UF_Municipio_COMBUSTIVEL_Julho_2026.xlsx
SAO PAULO,SAO BENTO DO SAPUCAI,HIBRIDO,1,copy_of_D_Frota_por_UF_Municipio_COMBUSTIVEL_Julho_2026.xlsx
SAO PAULO,SAO BENTO DO SAPUCAI,HIBRIDO PLUG-IN,1,copy_of_D_Frota_por_UF_Municipio_COMBUSTIVEL_Julho_2026.xlsx
SAO PAULO,SAO BENTO DO SAPUCAI,Sem Informação,156,copy_of_D_Frota_por_UF_Municipio_COMBUSTIVEL_Julho_2026.xlsx
SAO PAULO,SAO BERNARDO DO CAMPO,ALCOOL,30958,copy_of_D_Frota_por_UF_Municipio_COMBUSTIVEL_Julho_2026.xlsx
SAO PAULO,SAO BERNARDO DO CAMPO,ALCOOL/GAS NATURAL COMBUSTIVEL,45,copy_of_D_Frota_por_UF_Municipio_COMBUSTIVEL_Julho_2026.xlsx
SAO PAULO,SAO BERNARDO DO CAMPO,ALCOOL/GAS NATURAL VEICULAR,315,copy_of_D_Frota_por_UF_Municipio_COMBUSTIVEL_Julho_2026.xlsx
SAO PAULO,SAO BERNARDO DO CAMPO,ALCOOL/GASOLINA,282962,copy_of_D_Frota_por_UF_Municipio_COMBUSTIVEL_Julho_2026.xlsx
SAO PAULO,SAO BERNARDO DO CAMPO,DIESEL,40804,copy_of_D_Frota_por_UF_Municipio_COMBUSTIVEL_Julho_2026.xlsx
SAO PAULO,SAO BERNARDO DO CAMPO,DIESEL/ELETRICO,36,copy_of_D_Frota_por_UF_Municipio_COMBUSTIVEL_Julho_2026.xlsx
SAO PAULO,SAO BERNARDO DO CAMPO,DIESEL/GAS NATURAL VEICULAR,9,copy_of_D_Frota_por_UF_Municipio_COMBUSTIVEL_Julho_2026.xlsx
SAO PAULO,SAO BERNARDO DO CAMPO,ELETRICO,106,copy_of_D_Frota_por_UF_Municipio_COMBUSTIVEL_Julho_2026.xlsx
SAO PAULO,SAO BERNARDO DO CAMPO,ELETRICO/FONTE EXTERNA,1410,copy_of_D_Frota_por_UF_Municipio_COMBUSTIVEL_Julho_2026.xlsx
SAO PAULO,SAO BERNARDO DO CAMPO,ELETRICO/FONTE INTERNA,98,copy_of_D_Frota_por_UF_Municipio_COMBUSTIVEL_Julho_2026.xlsx
SAO PAULO,SAO BERNARDO DO CAMPO,GAS METANO,75,copy_of_D_Frota_por_UF_Municipio_COMBUSTIVEL_Julho_2026.xlsx
SAO PAULO,SAO BERNARDO DO CAMPO,GAS NATURAL VEICULAR,146,copy_of_D_Frota_por_UF_Municipio_COMBUSTIVEL_Julho_2026.xlsx
SAO PAULO,SAO BERNARDO DO CAMPO,GAS/NATURAL/LIQUEFEITO,4,copy_of_D_Frota_por_UF_Municipio_COMBUSTIVEL_Julho_2026.xlsx
SAO PAULO,SAO BERNARDO DO CAMPO,GASOGENIO,4,copy_of_D_Frota_por_UF_Municipio_COMBUSTIVEL_Julho_2026.xlsx
SAO PAULO,SAO BERNARDO DO CAMPO,GASOL/GAS NATURAL COMBUSTIVEL,543,copy_of_D_Frota_por_UF_Municipio_COMBUSTIVEL_Julho_2026.xlsx
SAO PAULO,SAO BERNARDO DO CAMPO,GASOLINA,283442,copy_of_D_Frota_por_UF_Municipio_COMBUSTIVEL_Julho_2026.xlsx
SAO PAULO,SAO BERNARDO DO CAMPO,GASOLINA/ALCOOL/ELETRICO,1466,copy_of_D_Frota_por_UF_Municipio_COMBUSTIVEL_Julho_2026.xlsx
SAO PAULO,SAO BERNARDO DO CAMPO,GASOLINA/ALCOOL/GAS NATURAL,1018,copy_of_D_Frota_por_UF_Municipio_COMBUSTIVEL_Julho_2026.xlsx
SAO PAULO,SAO BERNARDO DO CAMPO,GASOLINA/ELETRICO,1988,copy_of_D_Frota_por_UF_Municipio_COMBUSTIVEL_Julho_2026.xlsx
SAO PAULO,SAO BERNARDO DO CAMPO,GASOLINA/GAS NATURAL VEICULAR,4721,copy_of_D_Frota_por_UF_Municipio_COMBUSTIVEL_Julho_2026.xlsx
SAO PAULO,SAO BERNARDO DO CAMPO,HIBRIDO,201,copy_of_D_Frota_por_UF_Municipio_COMBUSTIVEL_Julho_2026.xlsx
SAO PAULO,SAO BERNARDO DO CAMPO,HIBRIDO PLUG-IN,321,copy_of_D_Frota_por_UF_Municipio_COMBUSTIVEL_Julho_2026.xlsx
SAO PAULO,SAO BERNARDO DO CAMPO,Sem Informação,21500,copy_of_D_Frota_por_UF_Municipio_COMBUSTIVEL_Julho_2026.xlsx
SAO PAULO,SAO CAETANO DO SUL,ALCOOL,6686,copy_of_D_Frota_por_UF_Municipio_COMBUSTIVEL_Julho_2026.xlsx
SAO PAULO,SAO CAETANO DO SUL,ALCOOL/GAS NATURAL COMBUSTIVEL,2,copy_of_D_Frota_por_UF_Municipio_COMBUSTIVEL_Julho_2026.xlsx
SAO PAULO,SAO CAETANO DO SUL,ALCOOL/GAS NATURAL VEICULAR,64,copy_of_D_Frota_por_UF_Municipio_COMBUSTIVEL_Julho_2026.xlsx
SAO PAULO,SAO CAETANO DO SUL,ALCOOL/GASOLINA,69087,copy_of_D_Frota_por_UF_Municipio_COMBUSTIVEL_Julho_2026.xlsx
SAO PAULO,SAO CAETANO DO SUL,DIESEL,8270,copy_of_D_Frota_por_UF_Municipio_COMBUSTIVEL_Julho_2026.xlsx
SAO PAULO,SAO CAETANO DO SUL,DIESEL/ELETRICO,21,copy_of_D_Frota_por_UF_Municipio_COMBUSTIVEL_Julho_2026.xlsx
SAO PAULO,SAO CAETANO DO SUL,ELETRICO,40,copy_of_D_Frota_por_UF_Municipio_COMBUSTIVEL_Julho_2026.xlsx
SAO PAULO,SAO CAETANO DO SUL,ELETRICO/FONTE EXTERNA,888,copy_of_D_Frota_por_UF_Municipio_COMBUSTIVEL_Julho_2026.xlsx
SAO PAULO,SAO CAETANO DO SUL,ELETRICO/FONTE INTERNA,43,copy_of_D_Frota_por_UF_Municipio_COMBUSTIVEL_Julho_2026.xlsx
SAO PAULO,SAO CAETANO DO SUL,GAS METANO,11,copy_of_D_Frota_por_UF_Municipio_COMBUSTIVEL_Julho_2026.xlsx
SAO PAULO,SAO CAETANO DO SUL,GAS NATURAL VEICULAR,24,copy_of_D_Frota_por_UF_Municipio_COMBUSTIVEL_Julho_2026.xlsx
SAO PAULO,SAO CAETANO DO SUL,GASOGENIO,4,copy_of_D_Frota_por_UF_Municipio_COMBUSTIVEL_Julho_2026.xlsx
SAO PAULO,SAO CAETANO DO SUL,GASOL/GAS NATURAL COMBUSTIVEL,51,copy_of_D_Frota_por_UF_Municipio_COMBUSTIVEL_Julho_2026.xlsx
SAO PAULO,SAO CAETANO DO SUL,GASOLINA,62255,copy_of_D_Frota_por_UF_Municipio_COMBUSTIVEL_Julho_2026.xlsx
SAO PAULO,SAO CAETANO DO SUL,GASOLINA/ALCOOL/ELETRICO,672,copy_of_D_Frota_por_UF_Municipio_COMBUSTIVEL_Julho_2026.xlsx
SAO PAULO,SAO CAETANO DO SUL,GASOLINA/ALCOOL/GAS NATURAL,188,copy_of_D_Frota_por_UF_Municipio_COMBUSTIVEL_Julho_2026.xlsx
SAO PAULO,SAO CAETANO DO SUL,GASOLINA/ELETRICO,1056,copy_of_D_Frota_por_UF_Municipio_COMBUSTIVEL_Julho_2026.xlsx
SAO PAULO,SAO CAETANO DO SUL,GASOLINA/GAS NATURAL VEICULAR,993,copy_of_D_Frota_por_UF_Municipio_COMBUSTIVEL_Julho_2026.xlsx
SAO PAULO,SAO CAETANO DO SUL,HIBRIDO,149,copy_of_D_Frota_por_UF_Municipio_COMBUSTIVEL_Julho_2026.xlsx
SAO PAULO,SAO CAETANO DO SUL,HIBRIDO PLUG-IN,185,copy_of_D_Frota_por_UF_Municipio_COMBUSTIVEL_Julho_2026.xlsx
SAO PAULO,SAO CAETANO DO SUL,Sem Informação,2546,copy_of_D_Frota_por_UF_Municipio_COMBUSTIVEL_Julho_2026.xlsx
SAO PAULO,SAO CARLOS,ALCOOL,12597,copy_of_D_Frota_por_UF_Municipio_COMBUSTIVEL_Julho_2026.xlsx
SAO PAULO,SAO CARLOS,ALCOOL/GAS NATURAL COMBUSTIVEL,4,copy_of_D_Frota_por_UF_Municipio_COMBUSTIVEL_Julho_2026.xlsx
SAO PAULO,SAO CARLOS,ALCOOL/GAS NATURAL VEICULAR,41,copy_of_D_Frota_por_UF_Municipio_COMBUSTIVEL_Julho_2026.xlsx
SAO PAULO,SAO CARLOS,ALCOOL/GASOLINA,94324,copy_of_D_Frota_por_UF_Municipio_COMBUSTIVEL_Julho_2026.xlsx
SAO PAULO,SAO CARLOS,DIESEL,12984,copy_of_D_Frota_por_UF_Municipio_COMBUSTIVEL_Julho_2026.xlsx
SAO PAULO,SAO CARLOS,DIESEL/ELETRICO,13,copy_of_D_Frota_por_UF_Municipio_COMBUSTIVEL_Julho_2026.xlsx
SAO PAULO,SAO CARLOS,ELETRICO,30,copy_of_D_Frota_por_UF_Municipio_COMBUSTIVEL_Julho_2026.xlsx
SAO PAULO,SAO CARLOS,ELETRICO/FONTE EXTERNA,309,copy_of_D_Frota_por_UF_Municipio_COMBUSTIVEL_Julho_2026.xlsx
SAO PAULO,SAO CARLOS,ELETRICO/FONTE INTERNA,48,copy_of_D_Frota_por_UF_Municipio_COMBUSTIVEL_Julho_2026.xlsx
SAO PAULO,SAO CARLOS,GASOL/GAS NATURAL COMBUSTIVEL,20,copy_of_D_Frota_por_UF_Municipio_COMBUSTIVEL_Julho_2026.xlsx
SAO PAULO,SAO CARLOS,GASOLINA,87239,copy_of_D_Frota_por_UF_Municipio_COMBUSTIVEL_Julho_2026.xlsx
SAO PAULO,SAO CARLOS,GASOLINA/ALCOOL/ELETRICO,399,copy_of_D_Frota_por_UF_Municipio_COMBUSTIVEL_Julho_2026.xlsx
SAO PAULO,SAO CARLOS,GASOLINA/ALCOOL/GAS NATURAL,158,copy_of_D_Frota_por_UF_Municipio_COMBUSTIVEL_Julho_2026.xlsx
SAO PAULO,SAO CARLOS,GASOLINA/ELETRICO,428,copy_of_D_Frota_por_UF_Municipio_COMBUSTIVEL_Julho_2026.xlsx
SAO PAULO,SAO CARLOS,GASOLINA/GAS NATURAL VEICULAR,655,copy_of_D_Frota_por_UF_Municipio_COMBUSTIVEL_Julho_2026.xlsx
SAO PAULO,SAO CARLOS,HIBRIDO,46,copy_of_D_Frota_por_UF_Municipio_COMBUSTIVEL_Julho_2026.xlsx
SAO PAULO,SAO CARLOS,HIBRIDO PLUG-IN,116,copy_of_D_Frota_por_UF_Municipio_COMBUSTIVEL_Julho_2026.xlsx
SAO PAULO,SAO CARLOS,Sem Informação,6156,copy_of_D_Frota_por_UF_Municipio_COMBUSTIVEL_Julho_2026.xlsx
SAO PAULO,SAO FRANCISCO,ALCOOL,189,copy_of_D_Frota_por_UF_Municipio_COMBUSTIVEL_Julho_2026.xlsx
SAO PAULO,SAO FRANCISCO,ALCOOL/GASOLINA,811,copy_of_D_Frota_por_UF_Municipio_COMBUSTIVEL_Julho_2026.xlsx
SAO PAULO,SAO FRANCISCO,DIESEL,165,copy_of_D_Frota_por_UF_Municipio_COMBUSTIVEL_Julho_2026.xlsx
SAO PAULO,SAO FRANCISCO,ELETRICO,1,copy_of_D_Frota_por_UF_Municipio_COMBUSTIVEL_Julho_2026.xlsx
SAO PAULO,SAO FRANCISCO,GASOLINA,830,copy_of_D_Frota_por_UF_Municipio_COMBUSTIVEL_Julho_2026.xlsx
SAO PAULO,SAO FRANCISCO,GASOLINA/ALCOOL/ELETRICO,2,copy_of_D_Frota_por_UF_Municipio_COMBUSTIVEL_Julho_2026.xlsx
SAO PAULO,SAO FRANCISCO,GASOLINA/ALCOOL/GAS NATURAL,1,copy_of_D_Frota_por_UF_Municipio_COMBUSTIVEL_Julho_2026.xlsx
SAO PAULO,SAO FRANCISCO,HIBRIDO PLUG-IN,1,copy_of_D_Frota_por_UF_Municipio_COMBUSTIVEL_Julho_2026.xlsx
SAO PAULO,SAO FRANCISCO,Sem Informação,127,copy_of_D_Frota_por_UF_Municipio_COMBUSTIVEL_Julho_2026.xlsx
SAO PAULO,SAO JOAO DA BOA VISTA,ALCOOL,4388,copy_of_D_Frota_por_UF_Municipio_COMBUSTIVEL_Julho_2026.xlsx
SAO PAULO,SAO JOAO DA BOA VISTA,ALCOOL/GAS NATURAL VEICULAR,3,copy_of_D_Frota_por_UF_Municipio_COMBUSTIVEL_Julho_2026.xlsx
SAO PAULO,SAO JOAO DA BOA VISTA,ALCOOL/GASOLINA,34649,copy_of_D_Frota_por_UF_Municipio_COMBUSTIVEL_Julho_2026.xlsx
SAO PAULO,SAO JOAO DA BOA VISTA,DIESEL,5932,copy_of_D_Frota_por_UF_Municipio_COMBUSTIVEL_Julho_2026.xlsx
SAO PAULO,SAO JOAO DA BOA VISTA,DIESEL/ELETRICO,7,copy_of_D_Frota_por_UF_Municipio_COMBUSTIVEL_Julho_2026.xlsx
SAO PAULO,SAO JOAO DA BOA VISTA,ELETRICO,9,copy_of_D_Frota_por_UF_Municipio_COMBUSTIVEL_Julho_2026.xlsx
SAO PAULO,SAO JOAO DA BOA VISTA,ELETRICO/FONTE EXTERNA,83,copy_of_D_Frota_por_UF_Municipio_COMBUSTIVEL_Julho_2026.xlsx
SAO PAULO,SAO JOAO DA BOA VISTA,ELETRICO/FONTE INTERNA,18,copy_of_D_Frota_por_UF_Municipio_COMBUSTIVEL_Julho_2026.xlsx
SAO PAULO,SAO JOAO DA BOA VISTA,GAS METANO,1,copy_of_D_Frota_por_UF_Municipio_COMBUSTIVEL_Julho_2026.xlsx
SAO PAULO,SAO JOAO DA BOA VISTA,GASOL/GAS NATURAL COMBUSTIVEL,4,copy_of_D_Frota_por_UF_Municipio_COMBUSTIVEL_Julho_2026.xlsx
SAO PAULO,SAO JOAO DA BOA VISTA,GASOLINA,37738,copy_of_D_Frota_por_UF_Municipio_COMBUSTIVEL_Julho_2026.xlsx
SAO PAULO,SAO JOAO DA BOA VISTA,GASOLINA/ALCOOL/ELETRICO,151,copy_of_D_Frota_por_UF_Municipio_COMBUSTIVEL_Julho_2026.xlsx
SAO PAULO,SAO JOAO DA BOA VISTA,GASOLINA/ALCOOL/GAS NATURAL,20,copy_of_D_Frota_por_UF_Municipio_COMBUSTIVEL_Julho_2026.xlsx
SAO PAULO,SAO JOAO DA BOA VISTA,GASOLINA/ELETRICO,154,copy_of_D_Frota_por_UF_Municipio_COMBUSTIVEL_Julho_2026.xlsx
SAO PAULO,SAO JOAO DA BOA VISTA,GASOLINA/GAS NATURAL VEICULAR,65,copy_of_D_Frota_por_UF_Municipio_COMBUSTIVEL_Julho_2026.xlsx
SAO PAULO,SAO JOAO DA BOA VISTA,HIBRIDO,18,copy_of_D_Frota_por_UF_Municipio_COMBUSTIVEL_Julho_2026.xlsx
SAO PAULO,SAO JOAO DA BOA VISTA,HIBRIDO PLUG-IN,54,copy_of_D_Frota_por_UF_Municipio_COMBUSTIVEL_Julho_2026.xlsx
SAO PAULO,SAO JOAO DA BOA VISTA,Sem Informação,1935,copy_of_D_Frota_por_UF_Municipio_COMBUSTIVEL_Julho_2026.xlsx
SAO PAULO,SAO JOAO DAS DUAS PONTES,ALCOOL,151,copy_of_D_Frota_por_UF_Municipio_COMBUSTIVEL_Julho_2026.xlsx
SAO PAULO,SAO JOAO DAS DUAS PONTES,ALCOOL/GASOLINA,700,copy_of_D_Frota_por_UF_Municipio_COMBUSTIVEL_Julho_2026.xlsx
SAO PAULO,SAO JOAO DAS DUAS PONTES,DIESEL,111,copy_of_D_Frota_por_UF_Municipio_COMBUSTIVEL_Julho_2026.xlsx
SAO PAULO,SAO JOAO DAS DUAS PONTES,GASOLINA,629,copy_of_D_Frota_por_UF_Municipio_COMBUSTIVEL_Julho_2026.xlsx
SAO PAULO,SAO JOAO DAS DUAS PONTES,GASOLINA/ALCOOL/ELETRICO,1,copy_of_D_Frota_por_UF_Municipio_COMBUSTIVEL_Julho_2026.xlsx
SAO PAULO,SAO JOAO DAS DUAS PONTES,Sem Informação,90,copy_of_D_Frota_por_UF_Municipio_COMBUSTIVEL_Julho_2026.xlsx
SAO PAULO,SAO JOAO DE IRACEMA,ALCOOL,136,copy_of_D_Frota_por_UF_Municipio_COMBUSTIVEL_Julho_2026.xlsx
SAO PAULO,SAO JOAO DE IRACEMA,ALCOOL/GASOLINA,616,copy_of_D_Frota_por_UF_Municipio_COMBUSTIVEL_Julho_2026.xlsx
SAO PAULO,SAO JOAO DE IRACEMA,DIESEL,86,copy_of_D_Frota_por_UF_Municipio_COMBUSTIVEL_Julho_2026.xlsx
SAO PAULO,SAO JOAO DE IRACEMA,ELETRICO/FONTE EXTERNA,1,copy_of_D_Frota_por_UF_Municipio_COMBUSTIVEL_Julho_2026.xlsx
SAO PAULO,SAO JOAO DE IRACEMA,GASOLINA,468,copy_of_D_Frota_por_UF_Municipio_COMBUSTIVEL_Julho_2026.xlsx
SAO PAULO,SAO JOAO DE IRACEMA,GASOLINA/ALCOOL/ELETRICO,1,copy_of_D_Frota_por_UF_Municipio_COMBUSTIVEL_Julho_2026.xlsx
SAO PAULO,SAO JOAO DE IRACEMA,Sem Informação,54,copy_of_D_Frota_por_UF_Municipio_COMBUSTIVEL_Julho_2026.xlsx
SAO PAULO,SAO JOAO DO PAU D'ALHO,ALCOOL,177,copy_of_D_Frota_por_UF_Municipio_COMBUSTIVEL_Julho_2026.xlsx
SAO PAULO,SAO JOAO DO PAU D'ALHO,ALCOOL/GASOLINA,726,copy_of_D_Frota_por_UF_Municipio_COMBUSTIVEL_Julho_2026.xlsx
SAO PAULO,SAO JOAO DO PAU D'ALHO,DIESEL,137,copy_of_D_Frota_por_UF_Municipio_COMBUSTIVEL_Julho_2026.xlsx
SAO PAULO,SAO JOAO DO PAU D'ALHO,GASOLINA,655,copy_of_D_Frota_por_UF_Municipio_COMBUSTIVEL_Julho_2026.xlsx
SAO PAULO,SAO JOAO DO PAU D'ALHO,HIBRIDO PLUG-IN,1,copy_of_D_Frota_por_UF_Municipio_COMBUSTIVEL_Julho_2026.xlsx
SAO PAULO,SAO JOAO DO PAU D'ALHO,Sem Informação,95,copy_of_D_Frota_por_UF_Municipio_COMBUSTIVEL_Julho_2026.xlsx
SAO PAULO,SAO JOAQUIM DA BARRA,ALCOOL,2869,copy_of_D_Frota_por_UF_Municipio_COMBUSTIVEL_Julho_2026.xlsx
SAO PAULO,SAO JOAQUIM DA BARRA,ALCOOL/GASOLINA,15946,copy_of_D_Frota_por_UF_Municipio_COMBUSTIVEL_Julho_2026.xlsx
SAO PAULO,SAO JOAQUIM DA BARRA,DIESEL,2937,copy_of_D_Frota_por_UF_Municipio_COMBUSTIVEL_Julho_2026.xlsx
SAO PAULO,SAO JOAQUIM DA BARRA,DIESEL/ELETRICO,5,copy_of_D_Frota_por_UF_Municipio_COMBUSTIVEL_Julho_2026.xlsx
SAO PAULO,SAO JOAQUIM DA BARRA,ELETRICO,2,copy_of_D_Frota_por_UF_Municipio_COMBUSTIVEL_Julho_2026.xlsx
SAO PAULO,SAO JOAQUIM DA BARRA,ELETRICO/FONTE EXTERNA,26,copy_of_D_Frota_por_UF_Municipio_COMBUSTIVEL_Julho_2026.xlsx
SAO PAULO,SAO JOAQUIM DA BARRA,ELETRICO/FONTE INTERNA,7,copy_of_D_Frota_por_UF_Municipio_COMBUSTIVEL_Julho_2026.xlsx
SAO PAULO,SAO JOAQUIM DA BARRA,GASOLINA,17725,copy_of_D_Frota_por_UF_Municipio_COMBUSTIVEL_Julho_2026.xlsx
SAO PAULO,SAO JOAQUIM DA BARRA,GASOLINA/ALCOOL/ELETRICO,46,copy_of_D_Frota_por_UF_Municipio_COMBUSTIVEL_Julho_2026.xlsx
SAO PAULO,SAO JOAQUIM DA BARRA,GASOLINA/ALCOOL/GAS NATURAL,1,copy_of_D_Frota_por_UF_Municipio_COMBUSTIVEL_Julho_2026.xlsx
SAO PAULO,SAO JOAQUIM DA BARRA,GASOLINA/ELETRICO,55,copy_of_D_Frota_por_UF_Municipio_COMBUSTIVEL_Julho_2026.xlsx
SAO PAULO,SAO JOAQUIM DA BARRA,GASOLINA/GAS NATURAL VEICULAR,6,copy_of_D_Frota_por_UF_Municipio_COMBUSTIVEL_Julho_2026.xlsx
SAO PAULO,SAO JOAQUIM DA BARRA,HIBRIDO,4,copy_of_D_Frota_por_UF_Municipio_COMBUSTIVEL_Julho_2026.xlsx
SAO PAULO,SAO JOAQUIM DA BARRA,HIBRIDO PLUG-IN,15,copy_of_D_Frota_por_UF_Municipio_COMBUSTIVEL_Julho_2026.xlsx
SAO PAULO,SAO JOAQUIM DA BARRA,Sem Informação,2256,copy_of_D_Frota_por_UF_Municipio_COMBUSTIVEL_Julho_2026.xlsx
SAO PAULO,SAO JOSE DA BELA VISTA,ALCOOL,477,copy_of_D_Frota_por_UF_Municipio_COMBUSTIVEL_Julho_2026.xlsx
SAO PAULO,SAO JOSE DA BELA VISTA,ALCOOL/GASOLINA,1453,copy_of_D_Frota_por_UF_Municipio_COMBUSTIVEL_Julho_2026.xlsx
SAO PAULO,SAO JOSE DA BELA VISTA,DIESEL,330,copy_of_D_Frota_por_UF_Municipio_COMBUSTIVEL_Julho_2026.xlsx
SAO PAULO,SAO JOSE DA BELA VISTA,DIESEL/ELETRICO,1,copy_of_D_Frota_por_UF_Municipio_COMBUSTIVEL_Julho_2026.xlsx
SAO PAULO,SAO JOSE DA BELA VISTA,GASOLINA,1515,copy_of_D_Frota_por_UF_Municipio_COMBUSTIVEL_Julho_2026.xlsx
SAO PAULO,SAO JOSE DA BELA VISTA,GASOLINA/ALCOOL/ELETRICO,4,copy_of_D_Frota_por_UF_Municipio_COMBUSTIVEL_Julho_2026.xlsx
SAO PAULO,SAO JOSE DA BELA VISTA,GASOLINA/ALCOOL/GAS NATURAL,2,copy_of_D_Frota_por_UF_Municipio_COMBUSTIVEL_Julho_2026.xlsx
SAO PAULO,SAO JOSE DA BELA VISTA,GASOLINA/ELETRICO,2,copy_of_D_Frota_por_UF_Municipio_COMBUSTIVEL_Julho_2026.xlsx
SAO PAULO,SAO JOSE DA BELA VISTA,GASOLINA/GAS NATURAL VEICULAR,1,copy_of_D_Frota_por_UF_Municipio_COMBUSTIVEL_Julho_2026.xlsx
SAO PAULO,SAO JOSE DA BELA VISTA,Sem Informação,131,copy_of_D_Frota_por_UF_Municipio_COMBUSTIVEL_Julho_2026.xlsx
SAO PAULO,SAO JOSE DO BARREIRO,ALCOOL,65,copy_of_D_Frota_por_UF_Municipio_COMBUSTIVEL_Julho_2026.xlsx
SAO PAULO,SAO JOSE DO BARREIRO,ALCOOL/GASOLINA,659,copy_of_D_Frota_por_UF_Municipio_COMBUSTIVEL_Julho_2026.xlsx
SAO PAULO,SAO JOSE DO BARREIRO,DIESEL,178,copy_of_D_Frota_por_UF_Municipio_COMBUSTIVEL_Julho_2026.xlsx
SAO PAULO,SAO JOSE DO BARREIRO,ELETRICO/FONTE EXTERNA,3,copy_of_D_Frota_por_UF_Municipio_COMBUSTIVEL_Julho_2026.xlsx
SAO PAULO,SAO JOSE DO BARREIRO,GASOLINA,1069,copy_of_D_Frota_por_UF_Municipio_COMBUSTIVEL_Julho_2026.xlsx
SAO PAULO,SAO JOSE DO BARREIRO,GASOLINA/ALCOOL/GAS NATURAL,5,copy_of_D_Frota_por_UF_Municipio_COMBUSTIVEL_Julho_2026.xlsx
SAO PAULO,SAO JOSE DO BARREIRO,GASOLINA/ELETRICO,1,copy_of_D_Frota_por_UF_Municipio_COMBUSTIVEL_Julho_2026.xlsx
SAO PAULO,SAO JOSE DO BARREIRO,GASOLINA/GAS NATURAL VEICULAR,18,copy_of_D_Frota_por_UF_Municipio_COMBUSTIVEL_Julho_2026.xlsx
SAO PAULO,SAO JOSE DO BARREIRO,Sem Informação,46,copy_of_D_Frota_por_UF_Municipio_COMBUSTIVEL_Julho_2026.xlsx
SAO PAULO,SAO JOSE DO RIO PARDO,ALCOOL,2647,copy_of_D_Frota_por_UF_Municipio_COMBUSTIVEL_Julho_2026.xlsx
SAO PAULO,SAO JOSE DO RIO PARDO,ALCOOL/GAS NATURAL VEICULAR,2,copy_of_D_Frota_por_UF_Municipio_COMBUSTIVEL_Julho_2026.xlsx
SAO PAULO,SAO JOSE DO RIO PARDO,ALCOOL/GASOLINA,19375,copy_of_D_Frota_por_UF_Municipio_COMBUSTIVEL_Julho_2026.xlsx
SAO PAULO,SAO JOSE DO RIO PARDO,DIESEL,3905,copy_of_D_Frota_por_UF_Municipio_COMBUSTIVEL_Julho_2026.xlsx
SAO PAULO,SAO JOSE DO RIO PARDO,DIESEL/ELETRICO,4,copy_of_D_Frota_por_UF_Municipio_COMBUSTIVEL_Julho_2026.xlsx
SAO PAULO,SAO JOSE DO RIO PARDO,ELETRICO,1,copy_of_D_Frota_por_UF_Municipio_COMBUSTIVEL_Julho_2026.xlsx
SAO PAULO,SAO JOSE DO RIO PARDO,ELETRICO/FONTE EXTERNA,20,copy_of_D_Frota_por_UF_Municipio_COMBUSTIVEL_Julho_2026.xlsx
SAO PAULO,SAO JOSE DO RIO PARDO,ELETRICO/FONTE INTERNA,1,copy_of_D_Frota_por_UF_Municipio_COMBUSTIVEL_Julho_2026.xlsx
SAO PAULO,SAO JOSE DO RIO PARDO,GAS NATURAL VEICULAR,1,copy_of_D_Frota_por_UF_Municipio_COMBUSTIVEL_Julho_2026.xlsx
SAO PAULO,SAO JOSE DO RIO PARDO,GASOLINA,18187,copy_of_D_Frota_por_UF_Municipio_COMBUSTIVEL_Julho_2026.xlsx
SAO PAULO,SAO JOSE DO RIO PARDO,GASOLINA/ALCOOL/ELETRICO,54,copy_of_D_Frota_por_UF_Municipio_COMBUSTIVEL_Julho_2026.xlsx
SAO PAULO,SAO JOSE DO RIO PARDO,GASOLINA/ALCOOL/GAS NATURAL,10,copy_of_D_Frota_por_UF_Municipio_COMBUSTIVEL_Julho_2026.xlsx
SAO PAULO,SAO JOSE DO RIO PARDO,GASOLINA/ELETRICO,69,copy_of_D_Frota_por_UF_Municipio_COMBUSTIVEL_Julho_2026.xlsx
SAO PAULO,SAO JOSE DO RIO PARDO,GASOLINA/GAS NATURAL VEICULAR,9,copy_of_D_Frota_por_UF_Municipio_COMBUSTIVEL_Julho_2026.xlsx
SAO PAULO,SAO JOSE DO RIO PARDO,HIBRIDO,7,copy_of_D_Frota_por_UF_Municipio_COMBUSTIVEL_Julho_2026.xlsx
SAO PAULO,SAO JOSE DO RIO PARDO,HIBRIDO PLUG-IN,15,copy_of_D_Frota_por_UF_Municipio_COMBUSTIVEL_Julho_2026.xlsx
SAO PAULO,SAO JOSE DO RIO PARDO,Sem Informação,1420,copy_of_D_Frota_por_UF_Municipio_COMBUSTIVEL_Julho_2026.xlsx
SAO PAULO,SAO JOSE DO RIO PRETO,ALCOOL,21524,copy_of_D_Frota_por_UF_Municipio_COMBUSTIVEL_Julho_2026.xlsx
SAO PAULO,SAO JOSE DO RIO PRETO,ALCOOL/GAS NATURAL VEICULAR,2,copy_of_D_Frota_por_UF_Municipio_COMBUSTIVEL_Julho_2026.xlsx
SAO PAULO,SAO JOSE DO RIO PRETO,ALCOOL/GASOLINA,203849,copy_of_D_Frota_por_UF_Municipio_COMBUSTIVEL_Julho_2026.xlsx
SAO PAULO,SAO JOSE DO RIO PRETO,DIESEL,30932,copy_of_D_Frota_por_UF_Municipio_COMBUSTIVEL_Julho_2026.xlsx
SAO PAULO,SAO JOSE DO RIO PRETO,DIESEL/ELETRICO,128,copy_of_D_Frota_por_UF_Municipio_COMBUSTIVEL_Julho_2026.xlsx
SAO PAULO,SAO JOSE DO RIO PRETO,ELETRICO,116,copy_of_D_Frota_por_UF_Municipio_COMBUSTIVEL_Julho_2026.xlsx
SAO PAULO,SAO JOSE DO RIO PRETO,ELETRICO/FONTE EXTERNA,1200,copy_of_D_Frota_por_UF_Municipio_COMBUSTIVEL_Julho_2026.xlsx
SAO PAULO,SAO JOSE DO RIO PRETO,ELETRICO/FONTE INTERNA,139,copy_of_D_Frota_por_UF_Municipio_COMBUSTIVEL_Julho_2026.xlsx
SAO PAULO,SAO JOSE DO RIO PRETO,GAS METANO,1,copy_of_D_Frota_por_UF_Municipio_COMBUSTIVEL_Julho_2026.xlsx
SAO PAULO,SAO JOSE DO RIO PRETO,GAS NATURAL VEICULAR,4,copy_of_D_Frota_por_UF_Municipio_COMBUSTIVEL_Julho_2026.xlsx
SAO PAULO,SAO JOSE DO RIO PRETO,GASOGENIO,1,copy_of_D_Frota_por_UF_Municipio_COMBUSTIVEL_Julho_2026.xlsx
SAO PAULO,SAO JOSE DO RIO PRETO,GASOL/GAS NATURAL COMBUSTIVEL,2,copy_of_D_Frota_por_UF_Municipio_COMBUSTIVEL_Julho_2026.xlsx
SAO PAULO,SAO JOSE DO RIO PRETO,GASOLINA,182356,copy_of_D_Frota_por_UF_Municipio_COMBUSTIVEL_Julho_2026.xlsx
SAO PAULO,SAO JOSE DO RIO PRETO,GASOLINA/ALCOOL/ELETRICO,979,copy_of_D_Frota_por_UF_Municipio_COMBUSTIVEL_Julho_2026.xlsx
SAO PAULO,SAO JOSE DO RIO PRETO,GASOLINA/ALCOOL/GAS NATURAL,89,copy_of_D_Frota_por_UF_Municipio_COMBUSTIVEL_Julho_2026.xlsx
SAO PAULO,SAO JOSE DO RIO PRETO,GASOLINA/ELETRICO,1761,copy_of_D_Frota_por_UF_Municipio_COMBUSTIVEL_Julho_2026.xlsx
SAO PAULO,SAO JOSE DO RIO PRETO,GASOLINA/GAS NATURAL VEICULAR,74,copy_of_D_Frota_por_UF_Municipio_COMBUSTIVEL_Julho_2026.xlsx
SAO PAULO,SAO JOSE DO RIO PRETO,HIBRIDO,435,copy_of_D_Frota_por_UF_Municipio_COMBUSTIVEL_Julho_2026.xlsx
SAO PAULO,SAO JOSE DO RIO PRETO,HIBRIDO PLUG-IN,724,copy_of_D_Frota_por_UF_Municipio_COMBUSTIVEL_Julho_2026.xlsx
SAO PAULO,SAO JOSE DO RIO PRETO,Sem Informação,17507,copy_of_D_Frota_por_UF_Municipio_COMBUSTIVEL_Julho_2026.xlsx
SAO PAULO,SAO JOSE DOS CAMPOS,ALCOOL,27212,copy_of_D_Frota_por_UF_Municipio_COMBUSTIVEL_Julho_2026.xlsx
SAO PAULO,SAO JOSE DOS CAMPOS,ALCOOL/GAS NATURAL COMBUSTIVEL,7,copy_of_D_Frota_por_UF_Municipio_COMBUSTIVEL_Julho_2026.xlsx
SAO PAULO,SAO JOSE DOS CAMPOS,ALCOOL/GAS NATURAL VEICULAR,401,copy_of_D_Frota_por_UF_Municipio_COMBUSTIVEL_Julho_2026.xlsx
SAO PAULO,SAO JOSE DOS CAMPOS,ALCOOL/GASOLINA,240316,copy_of_D_Frota_por_UF_Municipio_COMBUSTIVEL_Julho_2026.xlsx
SAO PAULO,SAO JOSE DOS CAMPOS,DIESEL,27118,copy_of_D_Frota_por_UF_Municipio_COMBUSTIVEL_Julho_2026.xlsx
SAO PAULO,SAO JOSE DOS CAMPOS,DIESEL/ELETRICO,58,copy_of_D_Frota_por_UF_Municipio_COMBUSTIVEL_Julho_2026.xlsx
SAO PAULO,SAO JOSE DOS CAMPOS,ELETRICO,145,copy_of_D_Frota_por_UF_Municipio_COMBUSTIVEL_Julho_2026.xlsx
SAO PAULO,SAO JOSE DOS CAMPOS,ELETRICO/FONTE EXTERNA,982,copy_of_D_Frota_por_UF_Municipio_COMBUSTIVEL_Julho_2026.xlsx
SAO PAULO,SAO JOSE DOS CAMPOS,ELETRICO/FONTE INTERNA,70,copy_of_D_Frota_por_UF_Municipio_COMBUSTIVEL_Julho_2026.xlsx
SAO PAULO,SAO JOSE DOS CAMPOS,GAS METANO,13,copy_of_D_Frota_por_UF_Municipio_COMBUSTIVEL_Julho_2026.xlsx
SAO PAULO,SAO JOSE DOS CAMPOS,GAS NATURAL VEICULAR,1,copy_of_D_Frota_por_UF_Municipio_COMBUSTIVEL_Julho_2026.xlsx
SAO PAULO,SAO JOSE DOS CAMPOS,GASOGENIO,2,copy_of_D_Frota_por_UF_Municipio_COMBUSTIVEL_Julho_2026.xlsx
SAO PAULO,SAO JOSE DOS CAMPOS,GASOL/GAS NATURAL COMBUSTIVEL,53,copy_of_D_Frota_por_UF_Municipio_COMBUSTIVEL_Julho_2026.xlsx
SAO PAULO,SAO JOSE DOS CAMPOS,GASOLINA,202928,copy_of_D_Frota_por_UF_Municipio_COMBUSTIVEL_Julho_2026.xlsx
SAO PAULO,SAO JOSE DOS CAMPOS,GASOLINA/ALCOOL/ELETRICO,955,copy_of_D_Frota_por_UF_Municipio_COMBUSTIVEL_Julho_2026.xlsx
SAO PAULO,SAO JOSE DOS CAMPOS,GASOLINA/ALCOOL/GAS NATURAL,1667,copy_of_D_Frota_por_UF_Municipio_COMBUSTIVEL_Julho_2026.xlsx
SAO PAULO,SAO JOSE DOS CAMPOS,GASOLINA/ELETRICO,1636,copy_of_D_Frota_por_UF_Municipio_COMBUSTIVEL_Julho_2026.xlsx
SAO PAULO,SAO JOSE DOS CAMPOS,GASOLINA/GAS NATURAL VEICULAR,6950,copy_of_D_Frota_por_UF_Municipio_COMBUSTIVEL_Julho_2026.xlsx
SAO PAULO,SAO JOSE DOS CAMPOS,HIBRIDO,255,copy_of_D_Frota_por_UF_Municipio_COMBUSTIVEL_Julho_2026.xlsx
SAO PAULO,SAO JOSE DOS CAMPOS,HIBRIDO PLUG-IN,436,copy_of_D_Frota_por_UF_Municipio_COMBUSTIVEL_Julho_2026.xlsx
SAO PAULO,SAO JOSE DOS CAMPOS,Sem Informação,11895,copy_of_D_Frota_por_UF_Municipio_COMBUSTIVEL_Julho_2026.xlsx
SAO PAULO,SAO LOURENCO DA SERRA,ALCOOL,540,copy_of_D_Frota_por_UF_Municipio_COMBUSTIVEL_Julho_2026.xlsx
SAO PAULO,SAO LOURENCO DA SERRA,ALCOOL/GAS NATURAL VEICULAR,9,copy_of_D_Frota_por_UF_Municipio_COMBUSTIVEL_Julho_2026.xlsx
SAO PAULO,SAO LOURENCO DA SERRA,ALCOOL/GASOLINA,4013,copy_of_D_Frota_por_UF_Municipio_COMBUSTIVEL_Julho_2026.xlsx
SAO PAULO,SAO LOURENCO DA SERRA,DIESEL,932,copy_of_D_Frota_por_UF_Municipio_COMBUSTIVEL_Julho_2026.xlsx
SAO PAULO,SAO LOURENCO DA SERRA,ELETRICO/FONTE EXTERNA,5,copy_of_D_Frota_por_UF_Municipio_COMBUSTIVEL_Julho_2026.xlsx
SAO PAULO,SAO LOURENCO DA SERRA,ELETRICO/FONTE INTERNA,1,copy_of_D_Frota_por_UF_Municipio_COMBUSTIVEL_Julho_2026.xlsx
SAO PAULO,SAO LOURENCO DA SERRA,GAS METANO,4,copy_of_D_Frota_por_UF_Municipio_COMBUSTIVEL_Julho_2026.xlsx
SAO PAULO,SAO LOURENCO DA SERRA,GASOL/GAS NATURAL COMBUSTIVEL,2,copy_of_D_Frota_por_UF_Municipio_COMBUSTIVEL_Julho_2026.xlsx
SAO PAULO,SAO LOURENCO DA SERRA,GASOLINA,5097,copy_of_D_Frota_por_UF_Municipio_COMBUSTIVEL_Julho_2026.xlsx
SAO PAULO,SAO LOURENCO DA SERRA,GASOLINA/ALCOOL/ELETRICO,7,copy_of_D_Frota_por_UF_Municipio_COMBUSTIVEL_Julho_2026.xlsx
SAO PAULO,SAO LOURENCO DA SERRA,GASOLINA/ALCOOL/GAS NATURAL,12,copy_of_D_Frota_por_UF_Municipio_COMBUSTIVEL_Julho_2026.xlsx
SAO PAULO,SAO LOURENCO DA SERRA,GASOLINA/ELETRICO,1,copy_of_D_Frota_por_UF_Municipio_COMBUSTIVEL_Julho_2026.xlsx
SAO PAULO,SAO LOURENCO DA SERRA,GASOLINA/GAS NATURAL VEICULAR,70,copy_of_D_Frota_por_UF_Municipio_COMBUSTIVEL_Julho_2026.xlsx
SAO PAULO,SAO LOURENCO DA SERRA,HIBRIDO,1,copy_of_D_Frota_por_UF_Municipio_COMBUSTIVEL_Julho_2026.xlsx
SAO PAULO,SAO LOURENCO DA SERRA,HIBRIDO PLUG-IN,1,copy_of_D_Frota_por_UF_Municipio_COMBUSTIVEL_Julho_2026.xlsx
SAO PAULO,SAO LOURENCO DA SERRA,Sem Informação,210,copy_of_D_Frota_por_UF_Municipio_COMBUSTIVEL_Julho_2026.xlsx
SAO PAULO,SAO LUIZ DO PARAITINGA,ALCOOL,395,copy_of_D_Frota_por_UF_Municipio_COMBUSTIVEL_Julho_2026.xlsx
SAO PAULO,SAO LUIZ DO PARAITINGA,ALCOOL/GAS NATURAL VEICULAR,2,copy_of_D_Frota_por_UF_Municipio_COMBUSTIVEL_Julho_2026.xlsx
SAO PAULO,SAO LUIZ DO PARAITINGA,ALCOOL/GASOLINA,3019,copy_of_D_Frota_por_UF_Municipio_COMBUSTIVEL_Julho_2026.xlsx
SAO PAULO,SAO LUIZ DO PARAITINGA,DIESEL,715,copy_of_D_Frota_por_UF_Municipio_COMBUSTIVEL_Julho_2026.xlsx
SAO PAULO,SAO LUIZ DO PARAITINGA,ELETRICO/FONTE EXTERNA,3,copy_of_D_Frota_por_UF_Municipio_COMBUSTIVEL_Julho_2026.xlsx
SAO PAULO,SAO LUIZ DO PARAITINGA,GASOL/GAS NATURAL COMBUSTIVEL,1,copy_of_D_Frota_por_UF_Municipio_COMBUSTIVEL_Julho_2026.xlsx
SAO PAULO,SAO LUIZ DO PARAITINGA,GASOLINA,3917,copy_of_D_Frota_por_UF_Municipio_COMBUSTIVEL_Julho_2026.xlsx
SAO PAULO,SAO LUIZ DO PARAITINGA,GASOLINA/ALCOOL/ELETRICO,5,copy_of_D_Frota_por_UF_Municipio_COMBUSTIVEL_Julho_2026.xlsx
SAO PAULO,SAO LUIZ DO PARAITINGA,GASOLINA/ALCOOL/GAS NATURAL,4,copy_of_D_Frota_por_UF_Municipio_COMBUSTIVEL_Julho_2026.xlsx
SAO PAULO,SAO LUIZ DO PARAITINGA,GASOLINA/ELETRICO,7,copy_of_D_Frota_por_UF_Municipio_COMBUSTIVEL_Julho_2026.xlsx
SAO PAULO,SAO LUIZ DO PARAITINGA,GASOLINA/GAS NATURAL VEICULAR,22,copy_of_D_Frota_por_UF_Municipio_COMBUSTIVEL_Julho_2026.xlsx
SAO PAULO,SAO LUIZ DO PARAITINGA,HIBRIDO PLUG-IN,5,copy_of_D_Frota_por_UF_Municipio_COMBUSTIVEL_Julho_2026.xlsx
SAO PAULO,SAO LUIZ DO PARAITINGA,Sem Informação,186,copy_of_D_Frota_por_UF_Municipio_COMBUSTIVEL_Julho_2026.xlsx
SAO PAULO,SAO MANUEL,ALCOOL,2371,copy_of_D_Frota_por_UF_Municipio_COMBUSTIVEL_Julho_2026.xlsx
SAO PAULO,SAO MANUEL,ALCOOL/GAS NATURAL VEICULAR,2,copy_of_D_Frota_por_UF_Municipio_COMBUSTIVEL_Julho_2026.xlsx
SAO PAULO,SAO MANUEL,ALCOOL/GASOLINA,11789,copy_of_D_Frota_por_UF_Municipio_COMBUSTIVEL_Julho_2026.xlsx
SAO PAULO,SAO MANUEL,DIESEL,2479,copy_of_D_Frota_por_UF_Municipio_COMBUSTIVEL_Julho_2026.xlsx
SAO PAULO,SAO MANUEL,DIESEL/ELETRICO,1,copy_of_D_Frota_por_UF_Municipio_COMBUSTIVEL_Julho_2026.xlsx
SAO PAULO,SAO MANUEL,ELETRICO,2,copy_of_D_Frota_por_UF_Municipio_COMBUSTIVEL_Julho_2026.xlsx
SAO PAULO,SAO MANUEL,ELETRICO/FONTE EXTERNA,12,copy_of_D_Frota_por_UF_Municipio_COMBUSTIVEL_Julho_2026.xlsx
SAO PAULO,SAO MANUEL,ELETRICO/FONTE INTERNA,2,copy_of_D_Frota_por_UF_Municipio_COMBUSTIVEL_Julho_2026.xlsx
SAO PAULO,SAO MANUEL,GASOLINA,13261,copy_of_D_Frota_por_UF_Municipio_COMBUSTIVEL_Julho_2026.xlsx
SAO PAULO,SAO MANUEL,GASOLINA/ALCOOL/ELETRICO,14,copy_of_D_Frota_por_UF_Municipio_COMBUSTIVEL_Julho_2026.xlsx
SAO PAULO,SAO MANUEL,GASOLINA/ALCOOL/GAS NATURAL,9,copy_of_D_Frota_por_UF_Municipio_COMBUSTIVEL_Julho_2026.xlsx
SAO PAULO,SAO MANUEL,GASOLINA/ELETRICO,16,copy_of_D_Frota_por_UF_Municipio_COMBUSTIVEL_Julho_2026.xlsx
SAO PAULO,SAO MANUEL,GASOLINA/GAS NATURAL VEICULAR,10,copy_of_D_Frota_por_UF_Municipio_COMBUSTIVEL_Julho_2026.xlsx
SAO PAULO,SAO MANUEL,HIBRIDO,2,copy_of_D_Frota_por_UF_Municipio_COMBUSTIVEL_Julho_2026.xlsx
SAO PAULO,SAO MANUEL,HIBRIDO PLUG-IN,5,copy_of_D_Frota_por_UF_Municipio_COMBUSTIVEL_Julho_2026.xlsx
SAO PAULO,SAO MANUEL,Sem Informação,2378,copy_of_D_Frota_por_UF_Municipio_COMBUSTIVEL_Julho_2026.xlsx
SAO PAULO,SAO MIGUEL ARCANJO,ALCOOL,1254,copy_of_D_Frota_por_UF_Municipio_COMBUSTIVEL_Julho_2026.xlsx
SAO PAULO,SAO MIGUEL ARCANJO,ALCOOL/GASOLINA,8689,copy_of_D_Frota_por_UF_Municipio_COMBUSTIVEL_Julho_2026.xlsx
SAO PAULO,SAO MIGUEL ARCANJO,DIESEL,2106,copy_of_D_Frota_por_UF_Municipio_COMBUSTIVEL_Julho_2026.xlsx
SAO PAULO,SAO MIGUEL ARCANJO,ELETRICO,1,copy_of_D_Frota_por_UF_Municipio_COMBUSTIVEL_Julho_2026.xlsx
SAO PAULO,SAO MIGUEL ARCANJO,ELETRICO/FONTE EXTERNA,11,copy_of_D_Frota_por_UF_Municipio_COMBUSTIVEL_Julho_2026.xlsx
SAO PAULO,SAO MIGUEL ARCANJO,ELETRICO/FONTE INTERNA,1,copy_of_D_Frota_por_UF_Municipio_COMBUSTIVEL_Julho_2026.xlsx
SAO PAULO,SAO MIGUEL ARCANJO,GASOL/GAS NATURAL COMBUSTIVEL,1,copy_of_D_Frota_por_UF_Municipio_COMBUSTIVEL_Julho_2026.xlsx
SAO PAULO,SAO MIGUEL ARCANJO,GASOLINA,9765,copy_of_D_Frota_por_UF_Municipio_COMBUSTIVEL_Julho_2026.xlsx
SAO PAULO,SAO MIGUEL ARCANJO,GASOLINA/ALCOOL/ELETRICO,15,copy_of_D_Frota_por_UF_Municipio_COMBUSTIVEL_Julho_2026.xlsx
SAO PAULO,SAO MIGUEL ARCANJO,GASOLINA/ALCOOL/GAS NATURAL,6,copy_of_D_Frota_por_UF_Municipio_COMBUSTIVEL_Julho_2026.xlsx
SAO PAULO,SAO MIGUEL ARCANJO,GASOLINA/ELETRICO,6,copy_of_D_Frota_por_UF_Municipio_COMBUSTIVEL_Julho_2026.xlsx
SAO PAULO,SAO MIGUEL ARCANJO,GASOLINA/GAS NATURAL VEICULAR,17,copy_of_D_Frota_por_UF_Municipio_COMBUSTIVEL_Julho_2026.xlsx
SAO PAULO,SAO MIGUEL ARCANJO,HIBRIDO PLUG-IN,4,copy_of_D_Frota_por_UF_Municipio_COMBUSTIVEL_Julho_2026.xlsx
SAO PAULO,SAO MIGUEL ARCANJO,Sem Informação,638,copy_of_D_Frota_por_UF_Municipio_COMBUSTIVEL_Julho_2026.xlsx
SAO PAULO,SAO PAULO,ALCOOL,502239,copy_of_D_Frota_por_UF_Municipio_COMBUSTIVEL_Julho_2026.xlsx
SAO PAULO,SAO PAULO,ALCOOL/GAS NATURAL COMBUSTIVEL,452,copy_of_D_Frota_por_UF_Municipio_COMBUSTIVEL_Julho_2026.xlsx
SAO PAULO,SAO PAULO,ALCOOL/GAS NATURAL VEICULAR,5430,copy_of_D_Frota_por_UF_Municipio_COMBUSTIVEL_Julho_2026.xlsx
SAO PAULO,SAO PAULO,ALCOOL/GASOLINA,4300981,copy_of_D_Frota_por_UF_Municipio_COMBUSTIVEL_Julho_2026.xlsx
SAO PAULO,SAO PAULO,DIESEL,540126,copy_of_D_Frota_por_UF_Municipio_COMBUSTIVEL_Julho_2026.xlsx
SAO PAULO,SAO PAULO,DIESEL/ELETRICO,1651,copy_of_D_Frota_por_UF_Municipio_COMBUSTIVEL_Julho_2026.xlsx
SAO PAULO,SAO PAULO,DIESEL/GAS NATURAL COMBUSTIVEL,8,copy_of_D_Frota_por_UF_Municipio_COMBUSTIVEL_Julho_2026.xlsx
SAO PAULO,SAO PAULO,DIESEL/GAS NATURAL VEICULAR,90,copy_of_D_Frota_por_UF_Municipio_COMBUSTIVEL_Julho_2026.xlsx
SAO PAULO,SAO PAULO,ELETRICO,2823,copy_of_D_Frota_por_UF_Municipio_COMBUSTIVEL_Julho_2026.xlsx
SAO PAULO,SAO PAULO,ELETRICO/FONTE EXTERNA,36657,copy_of_D_Frota_por_UF_Municipio_COMBUSTIVEL_Julho_2026.xlsx
SAO PAULO,SAO PAULO,ELETRICO/FONTE INTERNA,3508,copy_of_D_Frota_por_UF_Municipio_COMBUSTIVEL_Julho_2026.xlsx
SAO PAULO,SAO PAULO,GAS METANO,2138,copy_of_D_Frota_por_UF_Municipio_COMBUSTIVEL_Julho_2026.xlsx
SAO PAULO,SAO PAULO,GAS NATURAL VEICULAR,481,copy_of_D_Frota_por_UF_Municipio_COMBUSTIVEL_Julho_2026.xlsx
SAO PAULO,SAO PAULO,GAS/NATURAL/LIQUEFEITO,7,copy_of_D_Frota_por_UF_Municipio_COMBUSTIVEL_Julho_2026.xlsx
SAO PAULO,SAO PAULO,GASOGENIO,32,copy_of_D_Frota_por_UF_Municipio_COMBUSTIVEL_Julho_2026.xlsx
SAO PAULO,SAO PAULO,GASOL/GAS NATURAL COMBUSTIVEL,2807,copy_of_D_Frota_por_UF_Municipio_COMBUSTIVEL_Julho_2026.xlsx
SAO PAULO,SAO PAULO,GASOLINA,4335106,copy_of_D_Frota_por_UF_Municipio_COMBUSTIVEL_Julho_2026.xlsx
SAO PAULO,SAO PAULO,GASOLINA/ALCOOL/ELETRICO,34450,copy_of_D_Frota_por_UF_Municipio_COMBUSTIVEL_Julho_2026.xlsx
SAO PAULO,SAO PAULO,GASOLINA/ALCOOL/GAS NATURAL,42375,copy_of_D_Frota_por_UF_Municipio_COMBUSTIVEL_Julho_2026.xlsx
SAO PAULO,SAO PAULO,GASOLINA/ELETRICO,54997,copy_of_D_Frota_por_UF_Municipio_COMBUSTIVEL_Julho_2026.xlsx
SAO PAULO,SAO PAULO,GASOLINA/GAS NATURAL VEICULAR,83244,copy_of_D_Frota_por_UF_Municipio_COMBUSTIVEL_Julho_2026.xlsx
SAO PAULO,SAO PAULO,HIBRIDO,6506,copy_of_D_Frota_por_UF_Municipio_COMBUSTIVEL_Julho_2026.xlsx
SAO PAULO,SAO PAULO,HIBRIDO PLUG-IN,8377,copy_of_D_Frota_por_UF_Municipio_COMBUSTIVEL_Julho_2026.xlsx
SAO PAULO,SAO PAULO,Sem Informação,154221,copy_of_D_Frota_por_UF_Municipio_COMBUSTIVEL_Julho_2026.xlsx
SAO PAULO,SAO PEDRO,ALCOOL,1922,copy_of_D_Frota_por_UF_Municipio_COMBUSTIVEL_Julho_2026.xlsx
SAO PAULO,SAO PEDRO,ALCOOL/GAS NATURAL VEICULAR,1,copy_of_D_Frota_por_UF_Municipio_COMBUSTIVEL_Julho_2026.xlsx
SAO PAULO,SAO PEDRO,ALCOOL/GASOLINA,12809,copy_of_D_Frota_por_UF_Municipio_COMBUSTIVEL_Julho_2026.xlsx
SAO PAULO,SAO PEDRO,DIESEL,2516,copy_of_D_Frota_por_UF_Municipio_COMBUSTIVEL_Julho_2026.xlsx
SAO PAULO,SAO PEDRO,ELETRICO,3,copy_of_D_Frota_por_UF_Municipio_COMBUSTIVEL_Julho_2026.xlsx
SAO PAULO,SAO PEDRO,ELETRICO/FONTE EXTERNA,49,copy_of_D_Frota_por_UF_Municipio_COMBUSTIVEL_Julho_2026.xlsx
SAO PAULO,SAO PEDRO,ELETRICO/FONTE INTERNA,10,copy_of_D_Frota_por_UF_Municipio_COMBUSTIVEL_Julho_2026.xlsx
SAO PAULO,SAO PEDRO,GAS METANO,1,copy_of_D_Frota_por_UF_Municipio_COMBUSTIVEL_Julho_2026.xlsx
SAO PAULO,SAO PEDRO,GASOL/GAS NATURAL COMBUSTIVEL,3,copy_of_D_Frota_por_UF_Municipio_COMBUSTIVEL_Julho_2026.xlsx
SAO PAULO,SAO PEDRO,GASOLINA,13892,copy_of_D_Frota_por_UF_Municipio_COMBUSTIVEL_Julho_2026.xlsx
SAO PAULO,SAO PEDRO,GASOLINA/ALCOOL/ELETRICO,38,copy_of_D_Frota_por_UF_Municipio_COMBUSTIVEL_Julho_2026.xlsx
SAO PAULO,SAO PEDRO,GASOLINA/ALCOOL/GAS NATURAL,8,copy_of_D_Frota_por_UF_Municipio_COMBUSTIVEL_Julho_2026.xlsx
SAO PAULO,SAO PEDRO,GASOLINA/ELETRICO,37,copy_of_D_Frota_por_UF_Municipio_COMBUSTIVEL_Julho_2026.xlsx
SAO PAULO,SAO PEDRO,GASOLINA/GAS NATURAL VEICULAR,52,copy_of_D_Frota_por_UF_Municipio_COMBUSTIVEL_Julho_2026.xlsx
SAO PAULO,SAO PEDRO,HIBRIDO,3,copy_of_D_Frota_por_UF_Municipio_COMBUSTIVEL_Julho_2026.xlsx
SAO PAULO,SAO PEDRO,HIBRIDO PLUG-IN,13,copy_of_D_Frota_por_UF_Municipio_COMBUSTIVEL_Julho_2026.xlsx
SAO PAULO,SAO PEDRO,Sem Informação,1461,copy_of_D_Frota_por_UF_Municipio_COMBUSTIVEL_Julho_2026.xlsx
SAO PAULO,SAO PEDRO DO TURVO,ALCOOL,492,copy_of_D_Frota_por_UF_Municipio_COMBUSTIVEL_Julho_2026.xlsx
SAO PAULO,SAO PEDRO DO TURVO,ALCOOL/GASOLINA,1911,copy_of_D_Frota_por_UF_Municipio_COMBUSTIVEL_Julho_2026.xlsx
SAO PAULO,SAO PEDRO DO TURVO,DIESEL,659,copy_of_D_Frota_por_UF_Municipio_COMBUSTIVEL_Julho_2026.xlsx
SAO PAULO,SAO PEDRO DO TURVO,ELETRICO/FONTE INTERNA,1,copy_of_D_Frota_por_UF_Municipio_COMBUSTIVEL_Julho_2026.xlsx
SAO PAULO,SAO PEDRO DO TURVO,GASOLINA,1920,copy_of_D_Frota_por_UF_Municipio_COMBUSTIVEL_Julho_2026.xlsx
SAO PAULO,SAO PEDRO DO TURVO,GASOLINA/ALCOOL/ELETRICO,4,copy_of_D_Frota_por_UF_Municipio_COMBUSTIVEL_Julho_2026.xlsx
SAO PAULO,SAO PEDRO DO TURVO,GASOLINA/ALCOOL/GAS NATURAL,1,copy_of_D_Frota_por_UF_Municipio_COMBUSTIVEL_Julho_2026.xlsx
SAO PAULO,SAO PEDRO DO TURVO,GASOLINA/ELETRICO,1,copy_of_D_Frota_por_UF_Municipio_COMBUSTIVEL_Julho_2026.xlsx
SAO PAULO,SAO PEDRO DO TURVO,GASOLINA/GAS NATURAL VEICULAR,1,copy_of_D_Frota_por_UF_Municipio_COMBUSTIVEL_Julho_2026.xlsx
SAO PAULO,SAO PEDRO DO TURVO,HIBRIDO,1,copy_of_D_Frota_por_UF_Municipio_COMBUSTIVEL_Julho_2026.xlsx
SAO PAULO,SAO PEDRO DO TURVO,Sem Informação,161,copy_of_D_Frota_por_UF_Municipio_COMBUSTIVEL_Julho_2026.xlsx
SAO PAULO,SAO ROQUE,ALCOOL,2949,copy_of_D_Frota_por_UF_Municipio_COMBUSTIVEL_Julho_2026.xlsx
SAO PAULO,SAO ROQUE,ALCOOL/GAS NATURAL COMBUSTIVEL,1,copy_of_D_Frota_por_UF_Municipio_COMBUSTIVEL_Julho_2026.xlsx
SAO PAULO,SAO ROQUE,ALCOOL/GAS NATURAL VEICULAR,25,copy_of_D_Frota_por_UF_Municipio_COMBUSTIVEL_Julho_2026.xlsx
SAO PAULO,SAO ROQUE,ALCOOL/GASOLINA,28056,copy_of_D_Frota_por_UF_Municipio_COMBUSTIVEL_Julho_2026.xlsx
SAO PAULO,SAO ROQUE,DIESEL,4278,copy_of_D_Frota_por_UF_Municipio_COMBUSTIVEL_Julho_2026.xlsx
SAO PAULO,SAO ROQUE,DIESEL/ELETRICO,1,copy_of_D_Frota_por_UF_Municipio_COMBUSTIVEL_Julho_2026.xlsx
SAO PAULO,SAO ROQUE,ELETRICO,8,copy_of_D_Frota_por_UF_Municipio_COMBUSTIVEL_Julho_2026.xlsx
SAO PAULO,SAO ROQUE,ELETRICO/FONTE EXTERNA,112,copy_of_D_Frota_por_UF_Municipio_COMBUSTIVEL_Julho_2026.xlsx
SAO PAULO,SAO ROQUE,ELETRICO/FONTE INTERNA,6,copy_of_D_Frota_por_UF_Municipio_COMBUSTIVEL_Julho_2026.xlsx
SAO PAULO,SAO ROQUE,GAS METANO,1,copy_of_D_Frota_por_UF_Municipio_COMBUSTIVEL_Julho_2026.xlsx
SAO PAULO,SAO ROQUE,GASOL/GAS NATURAL COMBUSTIVEL,8,copy_of_D_Frota_por_UF_Municipio_COMBUSTIVEL_Julho_2026.xlsx
SAO PAULO,SAO ROQUE,GASOLINA,25896,copy_of_D_Frota_por_UF_Municipio_COMBUSTIVEL_Julho_2026.xlsx
SAO PAULO,SAO ROQUE,GASOLINA/ALCOOL/ELETRICO,117,copy_of_D_Frota_por_UF_Municipio_COMBUSTIVEL_Julho_2026.xlsx
SAO PAULO,SAO ROQUE,GASOLINA/ALCOOL/GAS NATURAL,49,copy_of_D_Frota_por_UF_Municipio_COMBUSTIVEL_Julho_2026.xlsx
SAO PAULO,SAO ROQUE,GASOLINA/ELETRICO,159,copy_of_D_Frota_por_UF_Municipio_COMBUSTIVEL_Julho_2026.xlsx
SAO PAULO,SAO ROQUE,GASOLINA/GAS NATURAL VEICULAR,328,copy_of_D_Frota_por_UF_Municipio_COMBUSTIVEL_Julho_2026.xlsx
SAO PAULO,SAO ROQUE,HIBRIDO,12,copy_of_D_Frota_por_UF_Municipio_COMBUSTIVEL_Julho_2026.xlsx
SAO PAULO,SAO ROQUE,HIBRIDO PLUG-IN,34,copy_of_D_Frota_por_UF_Municipio_COMBUSTIVEL_Julho_2026.xlsx
SAO PAULO,SAO ROQUE,Sem Informação,1429,copy_of_D_Frota_por_UF_Municipio_COMBUSTIVEL_Julho_2026.xlsx
SAO PAULO,SAO SEBASTIAO,ALCOOL,1110,copy_of_D_Frota_por_UF_Municipio_COMBUSTIVEL_Julho_2026.xlsx
SAO PAULO,SAO SEBASTIAO,ALCOOL/GAS NATURAL COMBUSTIVEL,1,copy_of_D_Frota_por_UF_Municipio_COMBUSTIVEL_Julho_2026.xlsx
SAO PAULO,SAO SEBASTIAO,ALCOOL/GAS NATURAL VEICULAR,5,copy_of_D_Frota_por_UF_Municipio_COMBUSTIVEL_Julho_2026.xlsx
SAO PAULO,SAO SEBASTIAO,ALCOOL/GASOLINA,25165,copy_of_D_Frota_por_UF_Municipio_COMBUSTIVEL_Julho_2026.xlsx
SAO PAULO,SAO SEBASTIAO,DIESEL,3422,copy_of_D_Frota_por_UF_Municipio_COMBUSTIVEL_Julho_2026.xlsx
SAO PAULO,SAO SEBASTIAO,ELETRICO,4,copy_of_D_Frota_por_UF_Municipio_COMBUSTIVEL_Julho_2026.xlsx
SAO PAULO,SAO SEBASTIAO,ELETRICO/FONTE EXTERNA,68,copy_of_D_Frota_por_UF_Municipio_COMBUSTIVEL_Julho_2026.xlsx
SAO PAULO,SAO SEBASTIAO,ELETRICO/FONTE INTERNA,10,copy_of_D_Frota_por_UF_Municipio_COMBUSTIVEL_Julho_2026.xlsx
SAO PAULO,SAO SEBASTIAO,GAS METANO,1,copy_of_D_Frota_por_UF_Municipio_COMBUSTIVEL_Julho_2026.xlsx
SAO PAULO,SAO SEBASTIAO,GASOL/GAS NATURAL COMBUSTIVEL,2,copy_of_D_Frota_por_UF_Municipio_COMBUSTIVEL_Julho_2026.xlsx
SAO PAULO,SAO SEBASTIAO,GASOLINA,20592,copy_of_D_Frota_por_UF_Municipio_COMBUSTIVEL_Julho_2026.xlsx
SAO PAULO,SAO SEBASTIAO,GASOLINA/ALCOOL/ELETRICO,74,copy_of_D_Frota_por_UF_Municipio_COMBUSTIVEL_Julho_2026.xlsx
SAO PAULO,SAO SEBASTIAO,GASOLINA/ALCOOL/GAS NATURAL,28,copy_of_D_Frota_por_UF_Municipio_COMBUSTIVEL_Julho_2026.xlsx
SAO PAULO,SAO SEBASTIAO,GASOLINA/ELETRICO,114,copy_of_D_Frota_por_UF_Municipio_COMBUSTIVEL_Julho_2026.xlsx
SAO PAULO,SAO SEBASTIAO,GASOLINA/GAS NATURAL VEICULAR,81,copy_of_D_Frota_por_UF_Municipio_COMBUSTIVEL_Julho_2026.xlsx
SAO PAULO,SAO SEBASTIAO,HIBRIDO,11,copy_of_D_Frota_por_UF_Municipio_COMBUSTIVEL_Julho_2026.xlsx
SAO PAULO,SAO SEBASTIAO,HIBRIDO PLUG-IN,22,copy_of_D_Frota_por_UF_Municipio_COMBUSTIVEL_Julho_2026.xlsx
SAO PAULO,SAO SEBASTIAO,Sem Informação,1494,copy_of_D_Frota_por_UF_Municipio_COMBUSTIVEL_Julho_2026.xlsx
SAO PAULO,SAO SEBASTIAO DA GRAMA,ALCOOL,543,copy_of_D_Frota_por_UF_Municipio_COMBUSTIVEL_Julho_2026.xlsx
SAO PAULO,SAO SEBASTIAO DA GRAMA,ALCOOL/GASOLINA,2858,copy_of_D_Frota_por_UF_Municipio_COMBUSTIVEL_Julho_2026.xlsx
SAO PAULO,SAO SEBASTIAO DA GRAMA,DIESEL,667,copy_of_D_Frota_por_UF_Municipio_COMBUSTIVEL_Julho_2026.xlsx
SAO PAULO,SAO SEBASTIAO DA GRAMA,ELETRICO,1,copy_of_D_Frota_por_UF_Municipio_COMBUSTIVEL_Julho_2026.xlsx
SAO PAULO,SAO SEBASTIAO DA GRAMA,ELETRICO/FONTE EXTERNA,3,copy_of_D_Frota_por_UF_Municipio_COMBUSTIVEL_Julho_2026.xlsx
SAO PAULO,SAO SEBASTIAO DA GRAMA,ELETRICO/FONTE INTERNA,2,copy_of_D_Frota_por_UF_Municipio_COMBUSTIVEL_Julho_2026.xlsx
SAO PAULO,SAO SEBASTIAO DA GRAMA,GASOLINA,3362,copy_of_D_Frota_por_UF_Municipio_COMBUSTIVEL_Julho_2026.xlsx
SAO PAULO,SAO SEBASTIAO DA GRAMA,GASOLINA/ALCOOL/ELETRICO,12,copy_of_D_Frota_por_UF_Municipio_COMBUSTIVEL_Julho_2026.xlsx
SAO PAULO,SAO SEBASTIAO DA GRAMA,GASOLINA/ELETRICO,7,copy_of_D_Frota_por_UF_Municipio_COMBUSTIVEL_Julho_2026.xlsx
SAO PAULO,SAO SEBASTIAO DA GRAMA,GASOLINA/GAS NATURAL VEICULAR,2,copy_of_D_Frota_por_UF_Municipio_COMBUSTIVEL_Julho_2026.xlsx
SAO PAULO,SAO SEBASTIAO DA GRAMA,HIBRIDO,2,copy_of_D_Frota_por_UF_Municipio_COMBUSTIVEL_Julho_2026.xlsx
SAO PAULO,SAO SEBASTIAO DA GRAMA,HIBRIDO PLUG-IN,3,copy_of_D_Frota_por_UF_Municipio_COMBUSTIVEL_Julho_2026.xlsx
SAO PAULO,SAO SEBASTIAO DA GRAMA,Sem Informação,184,copy_of_D_Frota_por_UF_Municipio_COMBUSTIVEL_Julho_2026.xlsx
SAO PAULO,SAO SIMAO,ALCOOL,806,copy_of_D_Frota_por_UF_Municipio_COMBUSTIVEL_Julho_2026.xlsx
SAO PAULO,SAO SIMAO,ALCOOL/GAS NATURAL VEICULAR,2,copy_of_D_Frota_por_UF_Municipio_COMBUSTIVEL_Julho_2026.xlsx
SAO PAULO,SAO SIMAO,ALCOOL/GASOLINA,4051,copy_of_D_Frota_por_UF_Municipio_COMBUSTIVEL_Julho_2026.xlsx
SAO PAULO,SAO SIMAO,DIESEL,1072,copy_of_D_Frota_por_UF_Municipio_COMBUSTIVEL_Julho_2026.xlsx
SAO PAULO,SAO SIMAO,ELETRICO,1,copy_of_D_Frota_por_UF_Municipio_COMBUSTIVEL_Julho_2026.xlsx
SAO PAULO,SAO SIMAO,ELETRICO/FONTE EXTERNA,5,copy_of_D_Frota_por_UF_Municipio_COMBUSTIVEL_Julho_2026.xlsx
SAO PAULO,SAO SIMAO,ELETRICO/FONTE INTERNA,2,copy_of_D_Frota_por_UF_Municipio_COMBUSTIVEL_Julho_2026.xlsx
SAO PAULO,SAO SIMAO,GASOLINA,4148,copy_of_D_Frota_por_UF_Municipio_COMBUSTIVEL_Julho_2026.xlsx
SAO PAULO,SAO SIMAO,GASOLINA/ALCOOL/ELETRICO,7,copy_of_D_Frota_por_UF_Municipio_COMBUSTIVEL_Julho_2026.xlsx
SAO PAULO,SAO SIMAO,GASOLINA/ALCOOL/GAS NATURAL,1,copy_of_D_Frota_por_UF_Municipio_COMBUSTIVEL_Julho_2026.xlsx
SAO PAULO,SAO SIMAO,GASOLINA/ELETRICO,16,copy_of_D_Frota_por_UF_Municipio_COMBUSTIVEL_Julho_2026.xlsx
SAO PAULO,SAO SIMAO,GASOLINA/GAS NATURAL VEICULAR,5,copy_of_D_Frota_por_UF_Municipio_COMBUSTIVEL_Julho_2026.xlsx
SAO PAULO,SAO SIMAO,HIBRIDO PLUG-IN,1,copy_of_D_Frota_por_UF_Municipio_COMBUSTIVEL_Julho_2026.xlsx
SAO PAULO,SAO SIMAO,Sem Informação,341,copy_of_D_Frota_por_UF_Municipio_COMBUSTIVEL_Julho_2026.xlsx
SAO PAULO,SAO VICENTE,ALCOOL,2948,copy_of_D_Frota_por_UF_Municipio_COMBUSTIVEL_Julho_2026.xlsx
SAO PAULO,SAO VICENTE,ALCOOL/GAS NATURAL VEICULAR,12,copy_of_D_Frota_por_UF_Municipio_COMBUSTIVEL_Julho_2026.xlsx
SAO PAULO,SAO VICENTE,ALCOOL/GASOLINA,78463,copy_of_D_Frota_por_UF_Municipio_COMBUSTIVEL_Julho_2026.xlsx
SAO PAULO,SAO VICENTE,DIESEL,7518,copy_of_D_Frota_por_UF_Municipio_COMBUSTIVEL_Julho_2026.xlsx
SAO PAULO,SAO VICENTE,ELETRICO,4,copy_of_D_Frota_por_UF_Municipio_COMBUSTIVEL_Julho_2026.xlsx
SAO PAULO,SAO VICENTE,ELETRICO/FONTE EXTERNA,106,copy_of_D_Frota_por_UF_Municipio_COMBUSTIVEL_Julho_2026.xlsx
SAO PAULO,SAO VICENTE,ELETRICO/FONTE INTERNA,13,copy_of_D_Frota_por_UF_Municipio_COMBUSTIVEL_Julho_2026.xlsx
SAO PAULO,SAO VICENTE,GAS METANO,2,copy_of_D_Frota_por_UF_Municipio_COMBUSTIVEL_Julho_2026.xlsx
SAO PAULO,SAO VICENTE,GASOL/GAS NATURAL COMBUSTIVEL,8,copy_of_D_Frota_por_UF_Municipio_COMBUSTIVEL_Julho_2026.xlsx
SAO PAULO,SAO VICENTE,GASOLINA,81392,copy_of_D_Frota_por_UF_Municipio_COMBUSTIVEL_Julho_2026.xlsx
SAO PAULO,SAO VICENTE,GASOLINA/ALCOOL/ELETRICO,137,copy_of_D_Frota_por_UF_Municipio_COMBUSTIVEL_Julho_2026.xlsx
SAO PAULO,SAO VICENTE,GASOLINA/ALCOOL/GAS NATURAL,144,copy_of_D_Frota_por_UF_Municipio_COMBUSTIVEL_Julho_2026.xlsx
SAO PAULO,SAO VICENTE,GASOLINA/ELETRICO,149,copy_of_D_Frota_por_UF_Municipio_COMBUSTIVEL_Julho_2026.xlsx
SAO PAULO,SAO VICENTE,GASOLINA/GAS NATURAL VEICULAR,481,copy_of_D_Frota_por_UF_Municipio_COMBUSTIVEL_Julho_2026.xlsx
SAO PAULO,SAO VICENTE,HIBRIDO,25,copy_of_D_Frota_por_UF_Municipio_COMBUSTIVEL_Julho_2026.xlsx
SAO PAULO,SAO VICENTE,HIBRIDO PLUG-IN,29,copy_of_D_Frota_por_UF_Municipio_COMBUSTIVEL_Julho_2026.xlsx
SAO PAULO,SAO VICENTE,Não Identificado,2,copy_of_D_Frota_por_UF_Municipio_COMBUSTIVEL_Julho_2026.xlsx
SAO PAULO,SAO VICENTE,Sem Informação,3581,copy_of_D_Frota_por_UF_Municipio_COMBUSTIVEL_Julho_2026.xlsx
SAO PAULO,SARAPUI,ALCOOL,377,copy_of_D_Frota_por_UF_Municipio_COMBUSTIVEL_Julho_2026.xlsx
SAO PAULO,SARAPUI,ALCOOL/GASOLINA,3123,copy_of_D_Frota_por_UF_Municipio_COMBUSTIVEL_Julho_2026.xlsx
SAO PAULO,SARAPUI,DIESEL,542,copy_of_D_Frota_por_UF_Municipio_COMBUSTIVEL_Julho_2026.xlsx
SAO PAULO,SARAPUI,ELETRICO/FONTE EXTERNA,5,copy_of_D_Frota_por_UF_Municipio_COMBUSTIVEL_Julho_2026.xlsx
SAO PAULO,SARAPUI,ELETRICO/FONTE INTERNA,1,copy_of_D_Frota_por_UF_Municipio_COMBUSTIVEL_Julho_2026.xlsx
SAO PAULO,SARAPUI,GASOLINA,3581,copy_of_D_Frota_por_UF_Municipio_COMBUSTIVEL_Julho_2026.xlsx
SAO PAULO,SARAPUI,GASOLINA/ALCOOL/ELETRICO,4,copy_of_D_Frota_por_UF_Municipio_COMBUSTIVEL_Julho_2026.xlsx
SAO PAULO,SARAPUI,GASOLINA/ALCOOL/GAS NATURAL,4,copy_of_D_Frota_por_UF_Municipio_COMBUSTIVEL_Julho_2026.xlsx
SAO PAULO,SARAPUI,GASOLINA/ELETRICO,8,copy_of_D_Frota_por_UF_Municipio_COMBUSTIVEL_Julho_2026.xlsx
SAO PAULO,SARAPUI,GASOLINA/GAS NATURAL VEICULAR,17,copy_of_D_Frota_por_UF_Municipio_COMBUSTIVEL_Julho_2026.xlsx
SAO PAULO,SARAPUI,Sem Informação,251,copy_of_D_Frota_por_UF_Municipio_COMBUSTIVEL_Julho_2026.xlsx
SAO PAULO,SARUTAIA,ALCOOL,232,copy_of_D_Frota_por_UF_Municipio_COMBUSTIVEL_Julho_2026.xlsx
SAO PAULO,SARUTAIA,ALCOOL/GASOLINA,858,copy_of_D_Frota_por_UF_Municipio_COMBUSTIVEL_Julho_2026.xlsx
SAO PAULO,SARUTAIA,DIESEL,241,copy_of_D_Frota_por_UF_Municipio_COMBUSTIVEL_Julho_2026.xlsx
SAO PAULO,SARUTAIA,GASOLINA,1089,copy_of_D_Frota_por_UF_Municipio_COMBUSTIVEL_Julho_2026.xlsx
SAO PAULO,SARUTAIA,GASOLINA/ALCOOL/ELETRICO,2,copy_of_D_Frota_por_UF_Municipio_COMBUSTIVEL_Julho_2026.xlsx
SAO PAULO,SARUTAIA,GASOLINA/ELETRICO,2,copy_of_D_Frota_por_UF_Municipio_COMBUSTIVEL_Julho_2026.xlsx
SAO PAULO,SARUTAIA,GASOLINA/GAS NATURAL VEICULAR,1,copy_of_D_Frota_por_UF_Municipio_COMBUSTIVEL_Julho_2026.xlsx
SAO PAULO,SARUTAIA,Sem Informação,61,copy_of_D_Frota_por_UF_Municipio_COMBUSTIVEL_Julho_2026.xlsx
SAO PAULO,SEBASTIANOPOLIS DO SUL,ALCOOL,243,copy_of_D_Frota_por_UF_Municipio_COMBUSTIVEL_Julho_2026.xlsx
SAO PAULO,SEBASTIANOPOLIS DO SUL,ALCOOL/GASOLINA,1234,copy_of_D_Frota_por_UF_Municipio_COMBUSTIVEL_Julho_2026.xlsx
SAO PAULO,SEBASTIANOPOLIS DO SUL,DIESEL,619,copy_of_D_Frota_por_UF_Municipio_COMBUSTIVEL_Julho_2026.xlsx
SAO PAULO,SEBASTIANOPOLIS DO SUL,ELETRICO/FONTE EXTERNA,2,copy_of_D_Frota_por_UF_Municipio_COMBUSTIVEL_Julho_2026.xlsx
SAO PAULO,SEBASTIANOPOLIS DO SUL,GASOLINA,1020,copy_of_D_Frota_por_UF_Municipio_COMBUSTIVEL_Julho_2026.xlsx
SAO PAULO,SEBASTIANOPOLIS DO SUL,GASOLINA/ALCOOL/ELETRICO,2,copy_of_D_Frota_por_UF_Municipio_COMBUSTIVEL_Julho_2026.xlsx
SAO PAULO,SEBASTIANOPOLIS DO SUL,GASOLINA/ELETRICO,1,copy_of_D_Frota_por_UF_Municipio_COMBUSTIVEL_Julho_2026.xlsx
SAO PAULO,SEBASTIANOPOLIS DO SUL,GASOLINA/GAS NATURAL VEICULAR,1,copy_of_D_Frota_por_UF_Municipio_COMBUSTIVEL_Julho_2026.xlsx
SAO PAULO,SEBASTIANOPOLIS DO SUL,Sem Informação,535,copy_of_D_Frota_por_UF_Municipio_COMBUSTIVEL_Julho_2026.xlsx
SAO PAULO,SERRA AZUL,ALCOOL,615,copy_of_D_Frota_por_UF_Municipio_COMBUSTIVEL_Julho_2026.xlsx
SAO PAULO,SERRA AZUL,ALCOOL/GASOLINA,2046,copy_of_D_Frota_por_UF_Municipio_COMBUSTIVEL_Julho_2026.xlsx
SAO PAULO,SERRA AZUL,DIESEL,631,copy_of_D_Frota_por_UF_Municipio_COMBUSTIVEL_Julho_2026.xlsx
SAO PAULO,SERRA AZUL,ELETRICO/FONTE EXTERNA,3,copy_of_D_Frota_por_UF_Municipio_COMBUSTIVEL_Julho_2026.xlsx
SAO PAULO,SERRA AZUL,GASOLINA,2264,copy_of_D_Frota_por_UF_Municipio_COMBUSTIVEL_Julho_2026.xlsx
SAO PAULO,SERRA AZUL,GASOLINA/ALCOOL/ELETRICO,1,copy_of_D_Frota_por_UF_Municipio_COMBUSTIVEL_Julho_2026.xlsx
SAO PAULO,SERRA AZUL,GASOLINA/ALCOOL/GAS NATURAL,3,copy_of_D_Frota_por_UF_Municipio_COMBUSTIVEL_Julho_2026.xlsx
SAO PAULO,SERRA AZUL,GASOLINA/ELETRICO,1,copy_of_D_Frota_por_UF_Municipio_COMBUSTIVEL_Julho_2026.xlsx
SAO PAULO,SERRA AZUL,GASOLINA/GAS NATURAL VEICULAR,5,copy_of_D_Frota_por_UF_Municipio_COMBUSTIVEL_Julho_2026.xlsx
SAO PAULO,SERRA AZUL,Sem Informação,255,copy_of_D_Frota_por_UF_Municipio_COMBUSTIVEL_Julho_2026.xlsx
SAO PAULO,SERRA NEGRA,ALCOOL,1295,copy_of_D_Frota_por_UF_Municipio_COMBUSTIVEL_Julho_2026.xlsx
SAO PAULO,SERRA NEGRA,ALCOOL/GAS NATURAL VEICULAR,1,copy_of_D_Frota_por_UF_Municipio_COMBUSTIVEL_Julho_2026.xlsx
SAO PAULO,SERRA NEGRA,ALCOOL/GASOLINA,10201,copy_of_D_Frota_por_UF_Municipio_COMBUSTIVEL_Julho_2026.xlsx
SAO PAULO,SERRA NEGRA,DIESEL,1634,copy_of_D_Frota_por_UF_Municipio_COMBUSTIVEL_Julho_2026.xlsx
SAO PAULO,SERRA NEGRA,DIESEL/ELETRICO,3,copy_of_D_Frota_por_UF_Municipio_COMBUSTIVEL_Julho_2026.xlsx
SAO PAULO,SERRA NEGRA,ELETRICO,1,copy_of_D_Frota_por_UF_Municipio_COMBUSTIVEL_Julho_2026.xlsx
SAO PAULO,SERRA NEGRA,ELETRICO/FONTE EXTERNA,20,copy_of_D_Frota_por_UF_Municipio_COMBUSTIVEL_Julho_2026.xlsx
SAO PAULO,SERRA NEGRA,ELETRICO/FONTE INTERNA,5,copy_of_D_Frota_por_UF_Municipio_COMBUSTIVEL_Julho_2026.xlsx
SAO PAULO,SERRA NEGRA,GASOLINA,12811,copy_of_D_Frota_por_UF_Municipio_COMBUSTIVEL_Julho_2026.xlsx
SAO PAULO,SERRA NEGRA,GASOLINA/ALCOOL/ELETRICO,30,copy_of_D_Frota_por_UF_Municipio_COMBUSTIVEL_Julho_2026.xlsx
SAO PAULO,SERRA NEGRA,GASOLINA/ALCOOL/GAS NATURAL,7,copy_of_D_Frota_por_UF_Municipio_COMBUSTIVEL_Julho_2026.xlsx
SAO PAULO,SERRA NEGRA,GASOLINA/ELETRICO,38,copy_of_D_Frota_por_UF_Municipio_COMBUSTIVEL_Julho_2026.xlsx
SAO PAULO,SERRA NEGRA,GASOLINA/GAS NATURAL VEICULAR,23,copy_of_D_Frota_por_UF_Municipio_COMBUSTIVEL_Julho_2026.xlsx
SAO PAULO,SERRA NEGRA,HIBRIDO,1,copy_of_D_Frota_por_UF_Municipio_COMBUSTIVEL_Julho_2026.xlsx
SAO PAULO,SERRA NEGRA,HIBRIDO PLUG-IN,10,copy_of_D_Frota_por_UF_Municipio_COMBUSTIVEL_Julho_2026.xlsx
SAO PAULO,SERRA NEGRA,Sem Informação,400,copy_of_D_Frota_por_UF_Municipio_COMBUSTIVEL_Julho_2026.xlsx
SAO PAULO,SERRANA,ALCOOL,2113,copy_of_D_Frota_por_UF_Municipio_COMBUSTIVEL_Julho_2026.xlsx
SAO PAULO,SERRANA,ALCOOL/GAS NATURAL VEICULAR,3,copy_of_D_Frota_por_UF_Municipio_COMBUSTIVEL_Julho_2026.xlsx
SAO PAULO,SERRANA,ALCOOL/GASOLINA,12879,copy_of_D_Frota_por_UF_Municipio_COMBUSTIVEL_Julho_2026.xlsx
SAO PAULO,SERRANA,DIESEL,2539,copy_of_D_Frota_por_UF_Municipio_COMBUSTIVEL_Julho_2026.xlsx
SAO PAULO,SERRANA,DIESEL/ELETRICO,3,copy_of_D_Frota_por_UF_Municipio_COMBUSTIVEL_Julho_2026.xlsx
SAO PAULO,SERRANA,ELETRICO,1,copy_of_D_Frota_por_UF_Municipio_COMBUSTIVEL_Julho_2026.xlsx
SAO PAULO,SERRANA,ELETRICO/FONTE EXTERNA,22,copy_of_D_Frota_por_UF_Municipio_COMBUSTIVEL_Julho_2026.xlsx
SAO PAULO,SERRANA,ELETRICO/FONTE INTERNA,6,copy_of_D_Frota_por_UF_Municipio_COMBUSTIVEL_Julho_2026.xlsx
SAO PAULO,SERRANA,GASOLINA,11267,copy_of_D_Frota_por_UF_Municipio_COMBUSTIVEL_Julho_2026.xlsx
SAO PAULO,SERRANA,GASOLINA/ALCOOL/ELETRICO,23,copy_of_D_Frota_por_UF_Municipio_COMBUSTIVEL_Julho_2026.xlsx
SAO PAULO,SERRANA,GASOLINA/ALCOOL/GAS NATURAL,11,copy_of_D_Frota_por_UF_Municipio_COMBUSTIVEL_Julho_2026.xlsx
SAO PAULO,SERRANA,GASOLINA/ELETRICO,42,copy_of_D_Frota_por_UF_Municipio_COMBUSTIVEL_Julho_2026.xlsx
SAO PAULO,SERRANA,GASOLINA/GAS NATURAL VEICULAR,27,copy_of_D_Frota_por_UF_Municipio_COMBUSTIVEL_Julho_2026.xlsx
SAO PAULO,SERRANA,HIBRIDO,2,copy_of_D_Frota_por_UF_Municipio_COMBUSTIVEL_Julho_2026.xlsx
SAO PAULO,SERRANA,HIBRIDO PLUG-IN,6,copy_of_D_Frota_por_UF_Municipio_COMBUSTIVEL_Julho_2026.xlsx
SAO PAULO,SERRANA,Sem Informação,1523,copy_of_D_Frota_por_UF_Municipio_COMBUSTIVEL_Julho_2026.xlsx
SAO PAULO,SERTAOZINHO,ALCOOL,7392,copy_of_D_Frota_por_UF_Municipio_COMBUSTIVEL_Julho_2026.xlsx
SAO PAULO,SERTAOZINHO,ALCOOL/GAS NATURAL VEICULAR,3,copy_of_D_Frota_por_UF_Municipio_COMBUSTIVEL_Julho_2026.xlsx
SAO PAULO,SERTAOZINHO,ALCOOL/GASOLINA,50167,copy_of_D_Frota_por_UF_Municipio_COMBUSTIVEL_Julho_2026.xlsx
SAO PAULO,SERTAOZINHO,DIESEL,9773,copy_of_D_Frota_por_UF_Municipio_COMBUSTIVEL_Julho_2026.xlsx
SAO PAULO,SERTAOZINHO,DIESEL/ELETRICO,21,copy_of_D_Frota_por_UF_Municipio_COMBUSTIVEL_Julho_2026.xlsx
SAO PAULO,SERTAOZINHO,ELETRICO,5,copy_of_D_Frota_por_UF_Municipio_COMBUSTIVEL_Julho_2026.xlsx
SAO PAULO,SERTAOZINHO,ELETRICO/FONTE EXTERNA,139,copy_of_D_Frota_por_UF_Municipio_COMBUSTIVEL_Julho_2026.xlsx
SAO PAULO,SERTAOZINHO,ELETRICO/FONTE INTERNA,12,copy_of_D_Frota_por_UF_Municipio_COMBUSTIVEL_Julho_2026.xlsx
SAO PAULO,SERTAOZINHO,GASOLINA,42838,copy_of_D_Frota_por_UF_Municipio_COMBUSTIVEL_Julho_2026.xlsx
SAO PAULO,SERTAOZINHO,GASOLINA/ALCOOL/ELETRICO,123,copy_of_D_Frota_por_UF_Municipio_COMBUSTIVEL_Julho_2026.xlsx
SAO PAULO,SERTAOZINHO,GASOLINA/ALCOOL/GAS NATURAL,24,copy_of_D_Frota_por_UF_Municipio_COMBUSTIVEL_Julho_2026.xlsx
SAO PAULO,SERTAOZINHO,GASOLINA/ELETRICO,231,copy_of_D_Frota_por_UF_Municipio_COMBUSTIVEL_Julho_2026.xlsx
SAO PAULO,SERTAOZINHO,GASOLINA/GAS NATURAL VEICULAR,35,copy_of_D_Frota_por_UF_Municipio_COMBUSTIVEL_Julho_2026.xlsx
SAO PAULO,SERTAOZINHO,HIBRIDO,23,copy_of_D_Frota_por_UF_Municipio_COMBUSTIVEL_Julho_2026.xlsx
SAO PAULO,SERTAOZINHO,HIBRIDO PLUG-IN,49,copy_of_D_Frota_por_UF_Municipio_COMBUSTIVEL_Julho_2026.xlsx
SAO PAULO,SERTAOZINHO,Sem Informação,6755,copy_of_D_Frota_por_UF_Municipio_COMBUSTIVEL_Julho_2026.xlsx
SAO PAULO,SETE BARRAS,ALCOOL,269,copy_of_D_Frota_por_UF_Municipio_COMBUSTIVEL_Julho_2026.xlsx
SAO PAULO,SETE BARRAS,ALCOOL/GAS NATURAL COMBUSTIVEL,1,copy_of_D_Frota_por_UF_Municipio_COMBUSTIVEL_Julho_2026.xlsx
SAO PAULO,SETE BARRAS,ALCOOL/GASOLINA,3048,copy_of_D_Frota_por_UF_Municipio_COMBUSTIVEL_Julho_2026.xlsx
SAO PAULO,SETE BARRAS,DIESEL,677,copy_of_D_Frota_por_UF_Municipio_COMBUSTIVEL_Julho_2026.xlsx
SAO PAULO,SETE BARRAS,DIESEL/ELETRICO,2,copy_of_D_Frota_por_UF_Municipio_COMBUSTIVEL_Julho_2026.xlsx
SAO PAULO,SETE BARRAS,ELETRICO/FONTE EXTERNA,3,copy_of_D_Frota_por_UF_Municipio_COMBUSTIVEL_Julho_2026.xlsx
SAO PAULO,SETE BARRAS,ELETRICO/FONTE INTERNA,1,copy_of_D_Frota_por_UF_Municipio_COMBUSTIVEL_Julho_2026.xlsx
SAO PAULO,SETE BARRAS,GASOLINA,3235,copy_of_D_Frota_por_UF_Municipio_COMBUSTIVEL_Julho_2026.xlsx
SAO PAULO,SETE BARRAS,GASOLINA/ALCOOL/ELETRICO,9,copy_of_D_Frota_por_UF_Municipio_COMBUSTIVEL_Julho_2026.xlsx
SAO PAULO,SETE BARRAS,GASOLINA/ELETRICO,2,copy_of_D_Frota_por_UF_Municipio_COMBUSTIVEL_Julho_2026.xlsx
SAO PAULO,SETE BARRAS,GASOLINA/GAS NATURAL VEICULAR,10,copy_of_D_Frota_por_UF_Municipio_COMBUSTIVEL_Julho_2026.xlsx
SAO PAULO,SETE BARRAS,Sem Informação,327,copy_of_D_Frota_por_UF_Municipio_COMBUSTIVEL_Julho_2026.xlsx
SAO PAULO,SEVERINIA,ALCOOL,988,copy_of_D_Frota_por_UF_Municipio_COMBUSTIVEL_Julho_2026.xlsx
SAO PAULO,SEVERINIA,ALCOOL/GASOLINA,4198,copy_of_D_Frota_por_UF_Municipio_COMBUSTIVEL_Julho_2026.xlsx
SAO PAULO,SEVERINIA,DIESEL,1155,copy_of_D_Frota_por_UF_Municipio_COMBUSTIVEL_Julho_2026.xlsx
SAO PAULO,SEVERINIA,ELETRICO/FONTE EXTERNA,3,copy_of_D_Frota_por_UF_Municipio_COMBUSTIVEL_Julho_2026.xlsx
SAO PAULO,SEVERINIA,GASOLINA,3892,copy_of_D_Frota_por_UF_Municipio_COMBUSTIVEL_Julho_2026.xlsx
SAO PAULO,SEVERINIA,GASOLINA/ALCOOL/ELETRICO,8,copy_of_D_Frota_por_UF_Municipio_COMBUSTIVEL_Julho_2026.xlsx
SAO PAULO,SEVERINIA,GASOLINA/ALCOOL/GAS NATURAL,1,copy_of_D_Frota_por_UF_Municipio_COMBUSTIVEL_Julho_2026.xlsx
SAO PAULO,SEVERINIA,GASOLINA/ELETRICO,5,copy_of_D_Frota_por_UF_Municipio_COMBUSTIVEL_Julho_2026.xlsx
SAO PAULO,SEVERINIA,GASOLINA/GAS NATURAL VEICULAR,5,copy_of_D_Frota_por_UF_Municipio_COMBUSTIVEL_Julho_2026.xlsx
SAO PAULO,SEVERINIA,HIBRIDO PLUG-IN,3,copy_of_D_Frota_por_UF_Municipio_COMBUSTIVEL_Julho_2026.xlsx
SAO PAULO,SEVERINIA,Sem Informação,558,copy_of_D_Frota_por_UF_Municipio_COMBUSTIVEL_Julho_2026.xlsx
SAO PAULO,SILVEIRAS,ALCOOL,137,copy_of_D_Frota_por_UF_Municipio_COMBUSTIVEL_Julho_2026.xlsx
SAO PAULO,SILVEIRAS,ALCOOL/GASOLINA,1457,copy_of_D_Frota_por_UF_Municipio_COMBUSTIVEL_Julho_2026.xlsx
SAO PAULO,SILVEIRAS,DIESEL,260,copy_of_D_Frota_por_UF_Municipio_COMBUSTIVEL_Julho_2026.xlsx
SAO PAULO,SILVEIRAS,ELETRICO,1,copy_of_D_Frota_por_UF_Municipio_COMBUSTIVEL_Julho_2026.xlsx
SAO PAULO,SILVEIRAS,GASOLINA,2014,copy_of_D_Frota_por_UF_Municipio_COMBUSTIVEL_Julho_2026.xlsx
SAO PAULO,SILVEIRAS,GASOLINA/ALCOOL/GAS NATURAL,6,copy_of_D_Frota_por_UF_Municipio_COMBUSTIVEL_Julho_2026.xlsx
SAO PAULO,SILVEIRAS,GASOLINA/GAS NATURAL VEICULAR,23,copy_of_D_Frota_por_UF_Municipio_COMBUSTIVEL_Julho_2026.xlsx
SAO PAULO,SILVEIRAS,Sem Informação,79,copy_of_D_Frota_por_UF_Municipio_COMBUSTIVEL_Julho_2026.xlsx
SAO PAULO,SOCORRO,ALCOOL,1559,copy_of_D_Frota_por_UF_Municipio_COMBUSTIVEL_Julho_2026.xlsx
SAO PAULO,SOCORRO,ALCOOL/GASOLINA,16273,copy_of_D_Frota_por_UF_Municipio_COMBUSTIVEL_Julho_2026.xlsx
SAO PAULO,SOCORRO,DIESEL,2938,copy_of_D_Frota_por_UF_Municipio_COMBUSTIVEL_Julho_2026.xlsx
SAO PAULO,SOCORRO,DIESEL/ELETRICO,1,copy_of_D_Frota_por_UF_Municipio_COMBUSTIVEL_Julho_2026.xlsx
SAO PAULO,SOCORRO,ELETRICO,5,copy_of_D_Frota_por_UF_Municipio_COMBUSTIVEL_Julho_2026.xlsx
SAO PAULO,SOCORRO,ELETRICO/FONTE EXTERNA,18,copy_of_D_Frota_por_UF_Municipio_COMBUSTIVEL_Julho_2026.xlsx
SAO PAULO,SOCORRO,ELETRICO/FONTE INTERNA,3,copy_of_D_Frota_por_UF_Municipio_COMBUSTIVEL_Julho_2026.xlsx
SAO PAULO,SOCORRO,GASOLINA,18145,copy_of_D_Frota_por_UF_Municipio_COMBUSTIVEL_Julho_2026.xlsx
SAO PAULO,SOCORRO,GASOLINA/ALCOOL/ELETRICO,22,copy_of_D_Frota_por_UF_Municipio_COMBUSTIVEL_Julho_2026.xlsx
SAO PAULO,SOCORRO,GASOLINA/ALCOOL/GAS NATURAL,12,copy_of_D_Frota_por_UF_Municipio_COMBUSTIVEL_Julho_2026.xlsx
SAO PAULO,SOCORRO,GASOLINA/ELETRICO,31,copy_of_D_Frota_por_UF_Municipio_COMBUSTIVEL_Julho_2026.xlsx
SAO PAULO,SOCORRO,GASOLINA/GAS NATURAL VEICULAR,30,copy_of_D_Frota_por_UF_Municipio_COMBUSTIVEL_Julho_2026.xlsx
SAO PAULO,SOCORRO,HIBRIDO,2,copy_of_D_Frota_por_UF_Municipio_COMBUSTIVEL_Julho_2026.xlsx
SAO PAULO,SOCORRO,HIBRIDO PLUG-IN,10,copy_of_D_Frota_por_UF_Municipio_COMBUSTIVEL_Julho_2026.xlsx
SAO PAULO,SOCORRO,Sem Informação,719,copy_of_D_Frota_por_UF_Municipio_COMBUSTIVEL_Julho_2026.xlsx
SAO PAULO,SOROCABA,ALCOOL,26498,copy_of_D_Frota_por_UF_Municipio_COMBUSTIVEL_Julho_2026.xlsx
SAO PAULO,SOROCABA,ALCOOL/GAS NATURAL COMBUSTIVEL,1,copy_of_D_Frota_por_UF_Municipio_COMBUSTIVEL_Julho_2026.xlsx
SAO PAULO,SOROCABA,ALCOOL/GAS NATURAL VEICULAR,163,copy_of_D_Frota_por_UF_Municipio_COMBUSTIVEL_Julho_2026.xlsx
SAO PAULO,SOROCABA,ALCOOL/GASOLINA,273552,copy_of_D_Frota_por_UF_Municipio_COMBUSTIVEL_Julho_2026.xlsx
SAO PAULO,SOROCABA,DIESEL,28567,copy_of_D_Frota_por_UF_Municipio_COMBUSTIVEL_Julho_2026.xlsx
SAO PAULO,SOROCABA,DIESEL/ELETRICO,29,copy_of_D_Frota_por_UF_Municipio_COMBUSTIVEL_Julho_2026.xlsx
SAO PAULO,SOROCABA,DIESEL/GAS NATURAL VEICULAR,2,copy_of_D_Frota_por_UF_Municipio_COMBUSTIVEL_Julho_2026.xlsx
SAO PAULO,SOROCABA,ELETRICO,206,copy_of_D_Frota_por_UF_Municipio_COMBUSTIVEL_Julho_2026.xlsx
SAO PAULO,SOROCABA,ELETRICO/FONTE EXTERNA,1609,copy_of_D_Frota_por_UF_Municipio_COMBUSTIVEL_Julho_2026.xlsx
SAO PAULO,SOROCABA,ELETRICO/FONTE INTERNA,162,copy_of_D_Frota_por_UF_Municipio_COMBUSTIVEL_Julho_2026.xlsx
SAO PAULO,SOROCABA,GAS METANO,10,copy_of_D_Frota_por_UF_Municipio_COMBUSTIVEL_Julho_2026.xlsx
SAO PAULO,SOROCABA,GAS NATURAL VEICULAR,2,copy_of_D_Frota_por_UF_Municipio_COMBUSTIVEL_Julho_2026.xlsx
SAO PAULO,SOROCABA,GASOL/GAS NATURAL COMBUSTIVEL,33,copy_of_D_Frota_por_UF_Municipio_COMBUSTIVEL_Julho_2026.xlsx
SAO PAULO,SOROCABA,GASOLINA,231429,copy_of_D_Frota_por_UF_Municipio_COMBUSTIVEL_Julho_2026.xlsx
SAO PAULO,SOROCABA,GASOLINA/ALCOOL/ELETRICO,1962,copy_of_D_Frota_por_UF_Municipio_COMBUSTIVEL_Julho_2026.xlsx
SAO PAULO,SOROCABA,GASOLINA/ALCOOL/GAS NATURAL,1037,copy_of_D_Frota_por_UF_Municipio_COMBUSTIVEL_Julho_2026.xlsx
SAO PAULO,SOROCABA,GASOLINA/ELETRICO,2340,copy_of_D_Frota_por_UF_Municipio_COMBUSTIVEL_Julho_2026.xlsx
SAO PAULO,SOROCABA,GASOLINA/GAS NATURAL VEICULAR,3317,copy_of_D_Frota_por_UF_Municipio_COMBUSTIVEL_Julho_2026.xlsx
SAO PAULO,SOROCABA,HIBRIDO,292,copy_of_D_Frota_por_UF_Municipio_COMBUSTIVEL_Julho_2026.xlsx
SAO PAULO,SOROCABA,HIBRIDO PLUG-IN,542,copy_of_D_Frota_por_UF_Municipio_COMBUSTIVEL_Julho_2026.xlsx
SAO PAULO,SOROCABA,Sem Informação,11397,copy_of_D_Frota_por_UF_Municipio_COMBUSTIVEL_Julho_2026.xlsx
SAO PAULO,SUD MENNUCCI,ALCOOL,486,copy_of_D_Frota_por_UF_Municipio_COMBUSTIVEL_Julho_2026.xlsx
SAO PAULO,SUD MENNUCCI,ALCOOL/GASOLINA,2012,copy_of_D_Frota_por_UF_Municipio_COMBUSTIVEL_Julho_2026.xlsx
SAO PAULO,SUD MENNUCCI,DIESEL,506,copy_of_D_Frota_por_UF_Municipio_COMBUSTIVEL_Julho_2026.xlsx
SAO PAULO,SUD MENNUCCI,ELETRICO/FONTE EXTERNA,7,copy_of_D_Frota_por_UF_Municipio_COMBUSTIVEL_Julho_2026.xlsx
SAO PAULO,SUD MENNUCCI,GASOLINA,1801,copy_of_D_Frota_por_UF_Municipio_COMBUSTIVEL_Julho_2026.xlsx
SAO PAULO,SUD MENNUCCI,GASOLINA/ALCOOL/ELETRICO,1,copy_of_D_Frota_por_UF_Municipio_COMBUSTIVEL_Julho_2026.xlsx
SAO PAULO,SUD MENNUCCI,GASOLINA/ELETRICO,1,copy_of_D_Frota_por_UF_Municipio_COMBUSTIVEL_Julho_2026.xlsx
SAO PAULO,SUD MENNUCCI,GASOLINA/GAS NATURAL VEICULAR,1,copy_of_D_Frota_por_UF_Municipio_COMBUSTIVEL_Julho_2026.xlsx
SAO PAULO,SUD MENNUCCI,HIBRIDO,1,copy_of_D_Frota_por_UF_Municipio_COMBUSTIVEL_Julho_2026.xlsx
SAO PAULO,SUD MENNUCCI,Sem Informação,318,copy_of_D_Frota_por_UF_Municipio_COMBUSTIVEL_Julho_2026.xlsx
SAO PAULO,SUMARE,ALCOOL,11787,copy_of_D_Frota_por_UF_Municipio_COMBUSTIVEL_Julho_2026.xlsx
SAO PAULO,SUMARE,ALCOOL/GAS NATURAL COMBUSTIVEL,2,copy_of_D_Frota_por_UF_Municipio_COMBUSTIVEL_Julho_2026.xlsx
SAO PAULO,SUMARE,ALCOOL/GAS NATURAL VEICULAR,28,copy_of_D_Frota_por_UF_Municipio_COMBUSTIVEL_Julho_2026.xlsx
SAO PAULO,SUMARE,ALCOOL/GASOLINA,98392,copy_of_D_Frota_por_UF_Municipio_COMBUSTIVEL_Julho_2026.xlsx
SAO PAULO,SUMARE,CELULA COMBUSTIVEL,1,copy_of_D_Frota_por_UF_Municipio_COMBUSTIVEL_Julho_2026.xlsx
SAO PAULO,SUMARE,DIESEL,14019,copy_of_D_Frota_por_UF_Municipio_COMBUSTIVEL_Julho_2026.xlsx
SAO PAULO,SUMARE,DIESEL/ELETRICO,5,copy_of_D_Frota_por_UF_Municipio_COMBUSTIVEL_Julho_2026.xlsx
SAO PAULO,SUMARE,ELETRICO,26,copy_of_D_Frota_por_UF_Municipio_COMBUSTIVEL_Julho_2026.xlsx
SAO PAULO,SUMARE,ELETRICO/FONTE EXTERNA,199,copy_of_D_Frota_por_UF_Municipio_COMBUSTIVEL_Julho_2026.xlsx
SAO PAULO,SUMARE,ELETRICO/FONTE INTERNA,15,copy_of_D_Frota_por_UF_Municipio_COMBUSTIVEL_Julho_2026.xlsx
SAO PAULO,SUMARE,GAS METANO,2,copy_of_D_Frota_por_UF_Municipio_COMBUSTIVEL_Julho_2026.xlsx
SAO PAULO,SUMARE,GASOL/GAS NATURAL COMBUSTIVEL,12,copy_of_D_Frota_por_UF_Municipio_COMBUSTIVEL_Julho_2026.xlsx
SAO PAULO,SUMARE,GASOLINA,86234,copy_of_D_Frota_por_UF_Municipio_COMBUSTIVEL_Julho_2026.xlsx
SAO PAULO,SUMARE,GASOLINA/ALCOOL/ELETRICO,231,copy_of_D_Frota_por_UF_Municipio_COMBUSTIVEL_Julho_2026.xlsx
SAO PAULO,SUMARE,GASOLINA/ALCOOL/GAS NATURAL,255,copy_of_D_Frota_por_UF_Municipio_COMBUSTIVEL_Julho_2026.xlsx
SAO PAULO,SUMARE,GASOLINA/ELETRICO,265,copy_of_D_Frota_por_UF_Municipio_COMBUSTIVEL_Julho_2026.xlsx
SAO PAULO,SUMARE,GASOLINA/GAS NATURAL VEICULAR,695,copy_of_D_Frota_por_UF_Municipio_COMBUSTIVEL_Julho_2026.xlsx
SAO PAULO,SUMARE,HIBRIDO,31,copy_of_D_Frota_por_UF_Municipio_COMBUSTIVEL_Julho_2026.xlsx
SAO PAULO,SUMARE,HIBRIDO PLUG-IN,58,copy_of_D_Frota_por_UF_Municipio_COMBUSTIVEL_Julho_2026.xlsx
SAO PAULO,SUMARE,Sem Informação,6659,copy_of_D_Frota_por_UF_Municipio_COMBUSTIVEL_Julho_2026.xlsx
SAO PAULO,SUZANAPOLIS,ALCOOL,256,copy_of_D_Frota_por_UF_Municipio_COMBUSTIVEL_Julho_2026.xlsx
SAO PAULO,SUZANAPOLIS,ALCOOL/GASOLINA,912,copy_of_D_Frota_por_UF_Municipio_COMBUSTIVEL_Julho_2026.xlsx
SAO PAULO,SUZANAPOLIS,DIESEL,305,copy_of_D_Frota_por_UF_Municipio_COMBUSTIVEL_Julho_2026.xlsx
SAO PAULO,SUZANAPOLIS,GASOLINA,1020,copy_of_D_Frota_por_UF_Municipio_COMBUSTIVEL_Julho_2026.xlsx
SAO PAULO,SUZANAPOLIS,GASOLINA/ALCOOL/ELETRICO,2,copy_of_D_Frota_por_UF_Municipio_COMBUSTIVEL_Julho_2026.xlsx
SAO PAULO,SUZANAPOLIS,GASOLINA/GAS NATURAL VEICULAR,1,copy_of_D_Frota_por_UF_Municipio_COMBUSTIVEL_Julho_2026.xlsx
SAO PAULO,SUZANAPOLIS,Sem Informação,387,copy_of_D_Frota_por_UF_Municipio_COMBUSTIVEL_Julho_2026.xlsx
SAO PAULO,SUZANO,ALCOOL,8162,copy_of_D_Frota_por_UF_Municipio_COMBUSTIVEL_Julho_2026.xlsx
SAO PAULO,SUZANO,ALCOOL/GAS NATURAL COMBUSTIVEL,1,copy_of_D_Frota_por_UF_Municipio_COMBUSTIVEL_Julho_2026.xlsx
SAO PAULO,SUZANO,ALCOOL/GAS NATURAL VEICULAR,170,copy_of_D_Frota_por_UF_Municipio_COMBUSTIVEL_Julho_2026.xlsx
SAO PAULO,SUZANO,ALCOOL/GASOLINA,84828,copy_of_D_Frota_por_UF_Municipio_COMBUSTIVEL_Julho_2026.xlsx
SAO PAULO,SUZANO,DIESEL,11271,copy_of_D_Frota_por_UF_Municipio_COMBUSTIVEL_Julho_2026.xlsx
SAO PAULO,SUZANO,DIESEL/ELETRICO,5,copy_of_D_Frota_por_UF_Municipio_COMBUSTIVEL_Julho_2026.xlsx
SAO PAULO,SUZANO,DIESEL/GAS NATURAL VEICULAR,12,copy_of_D_Frota_por_UF_Municipio_COMBUSTIVEL_Julho_2026.xlsx
SAO PAULO,SUZANO,ELETRICO,12,copy_of_D_Frota_por_UF_Municipio_COMBUSTIVEL_Julho_2026.xlsx
SAO PAULO,SUZANO,ELETRICO/FONTE EXTERNA,210,copy_of_D_Frota_por_UF_Municipio_COMBUSTIVEL_Julho_2026.xlsx
SAO PAULO,SUZANO,ELETRICO/FONTE INTERNA,16,copy_of_D_Frota_por_UF_Municipio_COMBUSTIVEL_Julho_2026.xlsx
SAO PAULO,SUZANO,GAS METANO,6,copy_of_D_Frota_por_UF_Municipio_COMBUSTIVEL_Julho_2026.xlsx
SAO PAULO,SUZANO,GAS NATURAL VEICULAR,2,copy_of_D_Frota_por_UF_Municipio_COMBUSTIVEL_Julho_2026.xlsx
SAO PAULO,SUZANO,GASOL/GAS NATURAL COMBUSTIVEL,39,copy_of_D_Frota_por_UF_Municipio_COMBUSTIVEL_Julho_2026.xlsx
SAO PAULO,SUZANO,GASOLINA,73124,copy_of_D_Frota_por_UF_Municipio_COMBUSTIVEL_Julho_2026.xlsx
SAO PAULO,SUZANO,GASOLINA/ALCOOL/ELETRICO,284,copy_of_D_Frota_por_UF_Municipio_COMBUSTIVEL_Julho_2026.xlsx
SAO PAULO,SUZANO,GASOLINA/ALCOOL/GAS NATURAL,574,copy_of_D_Frota_por_UF_Municipio_COMBUSTIVEL_Julho_2026.xlsx
SAO PAULO,SUZANO,GASOLINA/ELETRICO,319,copy_of_D_Frota_por_UF_Municipio_COMBUSTIVEL_Julho_2026.xlsx
SAO PAULO,SUZANO,GASOLINA/GAS NATURAL VEICULAR,2180,copy_of_D_Frota_por_UF_Municipio_COMBUSTIVEL_Julho_2026.xlsx
SAO PAULO,SUZANO,HIBRIDO,25,copy_of_D_Frota_por_UF_Municipio_COMBUSTIVEL_Julho_2026.xlsx
SAO PAULO,SUZANO,HIBRIDO PLUG-IN,54,copy_of_D_Frota_por_UF_Municipio_COMBUSTIVEL_Julho_2026.xlsx
SAO PAULO,SUZANO,Sem Informação,3093,copy_of_D_Frota_por_UF_Municipio_COMBUSTIVEL_Julho_2026.xlsx
SAO PAULO,TABAPUA,ALCOOL,1007,copy_of_D_Frota_por_UF_Municipio_COMBUSTIVEL_Julho_2026.xlsx
SAO PAULO,TABAPUA,ALCOOL/GAS NATURAL VEICULAR,2,copy_of_D_Frota_por_UF_Municipio_COMBUSTIVEL_Julho_2026.xlsx
SAO PAULO,TABAPUA,ALCOOL/GASOLINA,3539,copy_of_D_Frota_por_UF_Municipio_COMBUSTIVEL_Julho_2026.xlsx
SAO PAULO,TABAPUA,DIESEL,943,copy_of_D_Frota_por_UF_Municipio_COMBUSTIVEL_Julho_2026.xlsx
SAO PAULO,TABAPUA,ELETRICO/FONTE EXTERNA,3,copy_of_D_Frota_por_UF_Municipio_COMBUSTIVEL_Julho_2026.xlsx
SAO PAULO,TABAPUA,GASOLINA,3342,copy_of_D_Frota_por_UF_Municipio_COMBUSTIVEL_Julho_2026.xlsx
SAO PAULO,TABAPUA,GASOLINA/ALCOOL/ELETRICO,3,copy_of_D_Frota_por_UF_Municipio_COMBUSTIVEL_Julho_2026.xlsx
SAO PAULO,TABAPUA,GASOLINA/ELETRICO,3,copy_of_D_Frota_por_UF_Municipio_COMBUSTIVEL_Julho_2026.xlsx
SAO PAULO,TABAPUA,HIBRIDO,2,copy_of_D_Frota_por_UF_Municipio_COMBUSTIVEL_Julho_2026.xlsx
SAO PAULO,TABAPUA,HIBRIDO PLUG-IN,5,copy_of_D_Frota_por_UF_Municipio_COMBUSTIVEL_Julho_2026.xlsx
SAO PAULO,TABAPUA,Sem Informação,1122,copy_of_D_Frota_por_UF_Municipio_COMBUSTIVEL_Julho_2026.xlsx
SAO PAULO,TABATINGA,ALCOOL,1316,copy_of_D_Frota_por_UF_Municipio_COMBUSTIVEL_Julho_2026.xlsx
SAO PAULO,TABATINGA,ALCOOL/GASOLINA,4172,copy_of_D_Frota_por_UF_Municipio_COMBUSTIVEL_Julho_2026.xlsx
SAO PAULO,TABATINGA,DIESEL,1416,copy_of_D_Frota_por_UF_Municipio_COMBUSTIVEL_Julho_2026.xlsx
SAO PAULO,TABATINGA,ELETRICO/FONTE EXTERNA,12,copy_of_D_Frota_por_UF_Municipio_COMBUSTIVEL_Julho_2026.xlsx
SAO PAULO,TABATINGA,ELETRICO/FONTE INTERNA,1,copy_of_D_Frota_por_UF_Municipio_COMBUSTIVEL_Julho_2026.xlsx
SAO PAULO,TABATINGA,GASOLINA,4993,copy_of_D_Frota_por_UF_Municipio_COMBUSTIVEL_Julho_2026.xlsx
SAO PAULO,TABATINGA,GASOLINA/ALCOOL/ELETRICO,9,copy_of_D_Frota_por_UF_Municipio_COMBUSTIVEL_Julho_2026.xlsx
SAO PAULO,TABATINGA,GASOLINA/ALCOOL/GAS NATURAL,4,copy_of_D_Frota_por_UF_Municipio_COMBUSTIVEL_Julho_2026.xlsx
SAO PAULO,TABATINGA,GASOLINA/ELETRICO,13,copy_of_D_Frota_por_UF_Municipio_COMBUSTIVEL_Julho_2026.xlsx
SAO PAULO,TABATINGA,GASOLINA/GAS NATURAL VEICULAR,2,copy_of_D_Frota_por_UF_Municipio_COMBUSTIVEL_Julho_2026.xlsx
SAO PAULO,TABATINGA,HIBRIDO PLUG-IN,5,copy_of_D_Frota_por_UF_Municipio_COMBUSTIVEL_Julho_2026.xlsx
SAO PAULO,TABATINGA,Sem Informação,691,copy_of_D_Frota_por_UF_Municipio_COMBUSTIVEL_Julho_2026.xlsx
SAO PAULO,TABOAO DA SERRA,ALCOOL,6308,copy_of_D_Frota_por_UF_Municipio_COMBUSTIVEL_Julho_2026.xlsx
SAO PAULO,TABOAO DA SERRA,ALCOOL/GAS NATURAL COMBUSTIVEL,8,copy_of_D_Frota_por_UF_Municipio_COMBUSTIVEL_Julho_2026.xlsx
SAO PAULO,TABOAO DA SERRA,ALCOOL/GAS NATURAL VEICULAR,74,copy_of_D_Frota_por_UF_Municipio_COMBUSTIVEL_Julho_2026.xlsx
SAO PAULO,TABOAO DA SERRA,ALCOOL/GASOLINA,73639,copy_of_D_Frota_por_UF_Municipio_COMBUSTIVEL_Julho_2026.xlsx
SAO PAULO,TABOAO DA SERRA,DIESEL,8470,copy_of_D_Frota_por_UF_Municipio_COMBUSTIVEL_Julho_2026.xlsx
SAO PAULO,TABOAO DA SERRA,DIESEL/ELETRICO,7,copy_of_D_Frota_por_UF_Municipio_COMBUSTIVEL_Julho_2026.xlsx
SAO PAULO,TABOAO DA SERRA,DIESEL/GAS NATURAL COMBUSTIVEL,1,copy_of_D_Frota_por_UF_Municipio_COMBUSTIVEL_Julho_2026.xlsx
SAO PAULO,TABOAO DA SERRA,ELETRICO,12,copy_of_D_Frota_por_UF_Municipio_COMBUSTIVEL_Julho_2026.xlsx
SAO PAULO,TABOAO DA SERRA,ELETRICO/FONTE EXTERNA,179,copy_of_D_Frota_por_UF_Municipio_COMBUSTIVEL_Julho_2026.xlsx
SAO PAULO,TABOAO DA SERRA,ELETRICO/FONTE INTERNA,23,copy_of_D_Frota_por_UF_Municipio_COMBUSTIVEL_Julho_2026.xlsx
SAO PAULO,TABOAO DA SERRA,GAS METANO,46,copy_of_D_Frota_por_UF_Municipio_COMBUSTIVEL_Julho_2026.xlsx
SAO PAULO,TABOAO DA SERRA,GAS NATURAL VEICULAR,1,copy_of_D_Frota_por_UF_Municipio_COMBUSTIVEL_Julho_2026.xlsx
SAO PAULO,TABOAO DA SERRA,GASOL/GAS NATURAL COMBUSTIVEL,24,copy_of_D_Frota_por_UF_Municipio_COMBUSTIVEL_Julho_2026.xlsx
SAO PAULO,TABOAO DA SERRA,GASOLINA,74081,copy_of_D_Frota_por_UF_Municipio_COMBUSTIVEL_Julho_2026.xlsx
SAO PAULO,TABOAO DA SERRA,GASOLINA/ALCOOL/ELETRICO,253,copy_of_D_Frota_por_UF_Municipio_COMBUSTIVEL_Julho_2026.xlsx
SAO PAULO,TABOAO DA SERRA,GASOLINA/ALCOOL/GAS NATURAL,286,copy_of_D_Frota_por_UF_Municipio_COMBUSTIVEL_Julho_2026.xlsx
SAO PAULO,TABOAO DA SERRA,GASOLINA/ELETRICO,256,copy_of_D_Frota_por_UF_Municipio_COMBUSTIVEL_Julho_2026.xlsx
SAO PAULO,TABOAO DA SERRA,GASOLINA/GAS NATURAL VEICULAR,1149,copy_of_D_Frota_por_UF_Municipio_COMBUSTIVEL_Julho_2026.xlsx
SAO PAULO,TABOAO DA SERRA,HIBRIDO,29,copy_of_D_Frota_por_UF_Municipio_COMBUSTIVEL_Julho_2026.xlsx
SAO PAULO,TABOAO DA SERRA,HIBRIDO PLUG-IN,47,copy_of_D_Frota_por_UF_Municipio_COMBUSTIVEL_Julho_2026.xlsx
SAO PAULO,TABOAO DA SERRA,Sem Informação,1918,copy_of_D_Frota_por_UF_Municipio_COMBUSTIVEL_Julho_2026.xlsx
SAO PAULO,TACIBA,ALCOOL,306,copy_of_D_Frota_por_UF_Municipio_COMBUSTIVEL_Julho_2026.xlsx
SAO PAULO,TACIBA,ALCOOL/GASOLINA,1637,copy_of_D_Frota_por_UF_Municipio_COMBUSTIVEL_Julho_2026.xlsx
SAO PAULO,TACIBA,DIESEL,346,copy_of_D_Frota_por_UF_Municipio_COMBUSTIVEL_Julho_2026.xlsx
SAO PAULO,TACIBA,ELETRICO/FONTE EXTERNA,3,copy_of_D_Frota_por_UF_Municipio_COMBUSTIVEL_Julho_2026.xlsx
SAO PAULO,TACIBA,GASOLINA,1543,copy_of_D_Frota_por_UF_Municipio_COMBUSTIVEL_Julho_2026.xlsx
SAO PAULO,TACIBA,GASOLINA/ALCOOL/ELETRICO,2,copy_of_D_Frota_por_UF_Municipio_COMBUSTIVEL_Julho_2026.xlsx
SAO PAULO,TACIBA,GASOLINA/ELETRICO,1,copy_of_D_Frota_por_UF_Municipio_COMBUSTIVEL_Julho_2026.xlsx
SAO PAULO,TACIBA,GASOLINA/GAS NATURAL VEICULAR,1,copy_of_D_Frota_por_UF_Municipio_COMBUSTIVEL_Julho_2026.xlsx
SAO PAULO,TACIBA,Sem Informação,152,copy_of_D_Frota_por_UF_Municipio_COMBUSTIVEL_Julho_2026.xlsx
SAO PAULO,TAGUAI,ALCOOL,443,copy_of_D_Frota_por_UF_Municipio_COMBUSTIVEL_Julho_2026.xlsx
SAO PAULO,TAGUAI,ALCOOL/GASOLINA,3540,copy_of_D_Frota_por_UF_Municipio_COMBUSTIVEL_Julho_2026.xlsx
SAO PAULO,TAGUAI,DIESEL,755,copy_of_D_Frota_por_UF_Municipio_COMBUSTIVEL_Julho_2026.xlsx
SAO PAULO,TAGUAI,DIESEL/ELETRICO,1,copy_of_D_Frota_por_UF_Municipio_COMBUSTIVEL_Julho_2026.xlsx
SAO PAULO,TAGUAI,ELETRICO/FONTE EXTERNA,4,copy_of_D_Frota_por_UF_Municipio_COMBUSTIVEL_Julho_2026.xlsx
SAO PAULO,TAGUAI,GASOLINA,2319,copy_of_D_Frota_por_UF_Municipio_COMBUSTIVEL_Julho_2026.xlsx
SAO PAULO,TAGUAI,GASOLINA/ALCOOL/ELETRICO,8,copy_of_D_Frota_por_UF_Municipio_COMBUSTIVEL_Julho_2026.xlsx
SAO PAULO,TAGUAI,GASOLINA/ALCOOL/GAS NATURAL,1,copy_of_D_Frota_por_UF_Municipio_COMBUSTIVEL_Julho_2026.xlsx
SAO PAULO,TAGUAI,GASOLINA/ELETRICO,5,copy_of_D_Frota_por_UF_Municipio_COMBUSTIVEL_Julho_2026.xlsx
SAO PAULO,TAGUAI,GASOLINA/GAS NATURAL VEICULAR,1,copy_of_D_Frota_por_UF_Municipio_COMBUSTIVEL_Julho_2026.xlsx
SAO PAULO,TAGUAI,HIBRIDO PLUG-IN,1,copy_of_D_Frota_por_UF_Municipio_COMBUSTIVEL_Julho_2026.xlsx
SAO PAULO,TAGUAI,Sem Informação,308,copy_of_D_Frota_por_UF_Municipio_COMBUSTIVEL_Julho_2026.xlsx
SAO PAULO,TAIACU,ALCOOL,466,copy_of_D_Frota_por_UF_Municipio_COMBUSTIVEL_Julho_2026.xlsx
SAO PAULO,TAIACU,ALCOOL/GASOLINA,1518,copy_of_D_Frota_por_UF_Municipio_COMBUSTIVEL_Julho_2026.xlsx
SAO PAULO,TAIACU,DIESEL,436,copy_of_D_Frota_por_UF_Municipio_COMBUSTIVEL_Julho_2026.xlsx
SAO PAULO,TAIACU,ELETRICO/FONTE EXTERNA,2,copy_of_D_Frota_por_UF_Municipio_COMBUSTIVEL_Julho_2026.xlsx
SAO PAULO,TAIACU,GAS METANO,1,copy_of_D_Frota_por_UF_Municipio_COMBUSTIVEL_Julho_2026.xlsx
SAO PAULO,TAIACU,GASOLINA,1414,copy_of_D_Frota_por_UF_Municipio_COMBUSTIVEL_Julho_2026.xlsx
SAO PAULO,TAIACU,GASOLINA/ALCOOL/ELETRICO,1,copy_of_D_Frota_por_UF_Municipio_COMBUSTIVEL_Julho_2026.xlsx
SAO PAULO,TAIACU,GASOLINA/ALCOOL/GAS NATURAL,4,copy_of_D_Frota_por_UF_Municipio_COMBUSTIVEL_Julho_2026.xlsx
SAO PAULO,TAIACU,GASOLINA/GAS NATURAL VEICULAR,5,copy_of_D_Frota_por_UF_Municipio_COMBUSTIVEL_Julho_2026.xlsx
SAO PAULO,TAIACU,HIBRIDO,1,copy_of_D_Frota_por_UF_Municipio_COMBUSTIVEL_Julho_2026.xlsx
SAO PAULO,TAIACU,HIBRIDO PLUG-IN,1,copy_of_D_Frota_por_UF_Municipio_COMBUSTIVEL_Julho_2026.xlsx
SAO PAULO,TAIACU,Sem Informação,108,copy_of_D_Frota_por_UF_Municipio_COMBUSTIVEL_Julho_2026.xlsx
SAO PAULO,TAIUVA,ALCOOL,403,copy_of_D_Frota_por_UF_Municipio_COMBUSTIVEL_Julho_2026.xlsx
SAO PAULO,TAIUVA,ALCOOL/GASOLINA,1674,copy_of_D_Frota_por_UF_Municipio_COMBUSTIVEL_Julho_2026.xlsx
SAO PAULO,TAIUVA,DIESEL,486,copy_of_D_Frota_por_UF_Municipio_COMBUSTIVEL_Julho_2026.xlsx
SAO PAULO,TAIUVA,DIESEL/ELETRICO,1,copy_of_D_Frota_por_UF_Municipio_COMBUSTIVEL_Julho_2026.xlsx
SAO PAULO,TAIUVA,ELETRICO/FONTE EXTERNA,1,copy_of_D_Frota_por_UF_Municipio_COMBUSTIVEL_Julho_2026.xlsx
SAO PAULO,TAIUVA,GASOLINA,1438,copy_of_D_Frota_por_UF_Municipio_COMBUSTIVEL_Julho_2026.xlsx
SAO PAULO,TAIUVA,GASOLINA/ALCOOL/ELETRICO,2,copy_of_D_Frota_por_UF_Municipio_COMBUSTIVEL_Julho_2026.xlsx
SAO PAULO,TAIUVA,GASOLINA/GAS NATURAL VEICULAR,1,copy_of_D_Frota_por_UF_Municipio_COMBUSTIVEL_Julho_2026.xlsx
SAO PAULO,TAIUVA,HIBRIDO PLUG-IN,1,copy_of_D_Frota_por_UF_Municipio_COMBUSTIVEL_Julho_2026.xlsx
SAO PAULO,TAIUVA,Sem Informação,253,copy_of_D_Frota_por_UF_Municipio_COMBUSTIVEL_Julho_2026.xlsx
SAO PAULO,TAMBAU,ALCOOL,1592,copy_of_D_Frota_por_UF_Municipio_COMBUSTIVEL_Julho_2026.xlsx
SAO PAULO,TAMBAU,ALCOOL/GASOLINA,6884,copy_of_D_Frota_por_UF_Municipio_COMBUSTIVEL_Julho_2026.xlsx
SAO PAULO,TAMBAU,DIESEL,1512,copy_of_D_Frota_por_UF_Municipio_COMBUSTIVEL_Julho_2026.xlsx
SAO PAULO,TAMBAU,ELETRICO,1,copy_of_D_Frota_por_UF_Municipio_COMBUSTIVEL_Julho_2026.xlsx
SAO PAULO,TAMBAU,ELETRICO/FONTE EXTERNA,3,copy_of_D_Frota_por_UF_Municipio_COMBUSTIVEL_Julho_2026.xlsx
SAO PAULO,TAMBAU,ELETRICO/FONTE INTERNA,1,copy_of_D_Frota_por_UF_Municipio_COMBUSTIVEL_Julho_2026.xlsx
SAO PAULO,TAMBAU,GASOLINA,8102,copy_of_D_Frota_por_UF_Municipio_COMBUSTIVEL_Julho_2026.xlsx
SAO PAULO,TAMBAU,GASOLINA/ALCOOL/ELETRICO,14,copy_of_D_Frota_por_UF_Municipio_COMBUSTIVEL_Julho_2026.xlsx
SAO PAULO,TAMBAU,GASOLINA/ALCOOL/GAS NATURAL,1,copy_of_D_Frota_por_UF_Municipio_COMBUSTIVEL_Julho_2026.xlsx
SAO PAULO,TAMBAU,GASOLINA/ELETRICO,12,copy_of_D_Frota_por_UF_Municipio_COMBUSTIVEL_Julho_2026.xlsx
SAO PAULO,TAMBAU,GASOLINA/GAS NATURAL VEICULAR,7,copy_of_D_Frota_por_UF_Municipio_COMBUSTIVEL_Julho_2026.xlsx
SAO PAULO,TAMBAU,HIBRIDO,1,copy_of_D_Frota_por_UF_Municipio_COMBUSTIVEL_Julho_2026.xlsx
SAO PAULO,TAMBAU,HIBRIDO PLUG-IN,3,copy_of_D_Frota_por_UF_Municipio_COMBUSTIVEL_Julho_2026.xlsx
SAO PAULO,TAMBAU,Sem Informação,481,copy_of_D_Frota_por_UF_Municipio_COMBUSTIVEL_Julho_2026.xlsx
SAO PAULO,TANABI,ALCOOL,1640,copy_of_D_Frota_por_UF_Municipio_COMBUSTIVEL_Julho_2026.xlsx
SAO PAULO,TANABI,ALCOOL/GAS NATURAL COMBUSTIVEL,1,copy_of_D_Frota_por_UF_Municipio_COMBUSTIVEL_Julho_2026.xlsx
SAO PAULO,TANABI,ALCOOL/GASOLINA,8625,copy_of_D_Frota_por_UF_Municipio_COMBUSTIVEL_Julho_2026.xlsx
SAO PAULO,TANABI,DIESEL,1556,copy_of_D_Frota_por_UF_Municipio_COMBUSTIVEL_Julho_2026.xlsx
SAO PAULO,TANABI,DIESEL/ELETRICO,1,copy_of_D_Frota_por_UF_Municipio_COMBUSTIVEL_Julho_2026.xlsx
SAO PAULO,TANABI,ELETRICO,1,copy_of_D_Frota_por_UF_Municipio_COMBUSTIVEL_Julho_2026.xlsx
SAO PAULO,TANABI,ELETRICO/FONTE EXTERNA,11,copy_of_D_Frota_por_UF_Municipio_COMBUSTIVEL_Julho_2026.xlsx
SAO PAULO,TANABI,ELETRICO/FONTE INTERNA,2,copy_of_D_Frota_por_UF_Municipio_COMBUSTIVEL_Julho_2026.xlsx
SAO PAULO,TANABI,GASOLINA,8981,copy_of_D_Frota_por_UF_Municipio_COMBUSTIVEL_Julho_2026.xlsx
SAO PAULO,TANABI,GASOLINA/ALCOOL/ELETRICO,7,copy_of_D_Frota_por_UF_Municipio_COMBUSTIVEL_Julho_2026.xlsx
SAO PAULO,TANABI,GASOLINA/ELETRICO,14,copy_of_D_Frota_por_UF_Municipio_COMBUSTIVEL_Julho_2026.xlsx
SAO PAULO,TANABI,GASOLINA/GAS NATURAL VEICULAR,3,copy_of_D_Frota_por_UF_Municipio_COMBUSTIVEL_Julho_2026.xlsx
SAO PAULO,TANABI,HIBRIDO,7,copy_of_D_Frota_por_UF_Municipio_COMBUSTIVEL_Julho_2026.xlsx
SAO PAULO,TANABI,HIBRIDO PLUG-IN,11,copy_of_D_Frota_por_UF_Municipio_COMBUSTIVEL_Julho_2026.xlsx
SAO PAULO,TANABI,Sem Informação,1045,copy_of_D_Frota_por_UF_Municipio_COMBUSTIVEL_Julho_2026.xlsx
SAO PAULO,TAPIRAI,ALCOOL,263,copy_of_D_Frota_por_UF_Municipio_COMBUSTIVEL_Julho_2026.xlsx
SAO PAULO,TAPIRAI,ALCOOL/GASOLINA,1800,copy_of_D_Frota_por_UF_Municipio_COMBUSTIVEL_Julho_2026.xlsx
SAO PAULO,TAPIRAI,DIESEL,508,copy_of_D_Frota_por_UF_Municipio_COMBUSTIVEL_Julho_2026.xlsx
SAO PAULO,TAPIRAI,ELETRICO/FONTE EXTERNA,3,copy_of_D_Frota_por_UF_Municipio_COMBUSTIVEL_Julho_2026.xlsx
SAO PAULO,TAPIRAI,ELETRICO/FONTE INTERNA,1,copy_of_D_Frota_por_UF_Municipio_COMBUSTIVEL_Julho_2026.xlsx
SAO PAULO,TAPIRAI,GASOLINA,2139,copy_of_D_Frota_por_UF_Municipio_COMBUSTIVEL_Julho_2026.xlsx
SAO PAULO,TAPIRAI,GASOLINA/ALCOOL/ELETRICO,3,copy_of_D_Frota_por_UF_Municipio_COMBUSTIVEL_Julho_2026.xlsx
SAO PAULO,TAPIRAI,GASOLINA/ALCOOL/GAS NATURAL,2,copy_of_D_Frota_por_UF_Municipio_COMBUSTIVEL_Julho_2026.xlsx
SAO PAULO,TAPIRAI,GASOLINA/ELETRICO,1,copy_of_D_Frota_por_UF_Municipio_COMBUSTIVEL_Julho_2026.xlsx
SAO PAULO,TAPIRAI,GASOLINA/GAS NATURAL VEICULAR,20,copy_of_D_Frota_por_UF_Municipio_COMBUSTIVEL_Julho_2026.xlsx
SAO PAULO,TAPIRAI,HIBRIDO PLUG-IN,1,copy_of_D_Frota_por_UF_Municipio_COMBUSTIVEL_Julho_2026.xlsx
SAO PAULO,TAPIRAI,Sem Informação,176,copy_of_D_Frota_por_UF_Municipio_COMBUSTIVEL_Julho_2026.xlsx
SAO PAULO,TAPIRATIBA,ALCOOL,610,copy_of_D_Frota_por_UF_Municipio_COMBUSTIVEL_Julho_2026.xlsx
SAO PAULO,TAPIRATIBA,ALCOOL/GASOLINA,3259,copy_of_D_Frota_por_UF_Municipio_COMBUSTIVEL_Julho_2026.xlsx
SAO PAULO,TAPIRATIBA,DIESEL,785,copy_of_D_Frota_por_UF_Municipio_COMBUSTIVEL_Julho_2026.xlsx
SAO PAULO,TAPIRATIBA,ELETRICO/FONTE EXTERNA,2,copy_of_D_Frota_por_UF_Municipio_COMBUSTIVEL_Julho_2026.xlsx
SAO PAULO,TAPIRATIBA,GASOL/GAS NATURAL COMBUSTIVEL,1,copy_of_D_Frota_por_UF_Municipio_COMBUSTIVEL_Julho_2026.xlsx
SAO PAULO,TAPIRATIBA,GASOLINA,3395,copy_of_D_Frota_por_UF_Municipio_COMBUSTIVEL_Julho_2026.xlsx
SAO PAULO,TAPIRATIBA,GASOLINA/ALCOOL/ELETRICO,1,copy_of_D_Frota_por_UF_Municipio_COMBUSTIVEL_Julho_2026.xlsx
SAO PAULO,TAPIRATIBA,GASOLINA/ALCOOL/GAS NATURAL,2,copy_of_D_Frota_por_UF_Municipio_COMBUSTIVEL_Julho_2026.xlsx
SAO PAULO,TAPIRATIBA,GASOLINA/ELETRICO,2,copy_of_D_Frota_por_UF_Municipio_COMBUSTIVEL_Julho_2026.xlsx
SAO PAULO,TAPIRATIBA,GASOLINA/GAS NATURAL VEICULAR,8,copy_of_D_Frota_por_UF_Municipio_COMBUSTIVEL_Julho_2026.xlsx
SAO PAULO,TAPIRATIBA,Sem Informação,313,copy_of_D_Frota_por_UF_Municipio_COMBUSTIVEL_Julho_2026.xlsx
SAO PAULO,TAQUARAL,ALCOOL,149,copy_of_D_Frota_por_UF_Municipio_COMBUSTIVEL_Julho_2026.xlsx
SAO PAULO,TAQUARAL,ALCOOL/GASOLINA,665,copy_of_D_Frota_por_UF_Municipio_COMBUSTIVEL_Julho_2026.xlsx
SAO PAULO,TAQUARAL,DIESEL,198,copy_of_D_Frota_por_UF_Municipio_COMBUSTIVEL_Julho_2026.xlsx
SAO PAULO,TAQUARAL,ELETRICO/FONTE EXTERNA,1,copy_of_D_Frota_por_UF_Municipio_COMBUSTIVEL_Julho_2026.xlsx
SAO PAULO,TAQUARAL,GASOLINA,462,copy_of_D_Frota_por_UF_Municipio_COMBUSTIVEL_Julho_2026.xlsx
SAO PAULO,TAQUARAL,GASOLINA/ALCOOL/ELETRICO,2,copy_of_D_Frota_por_UF_Municipio_COMBUSTIVEL_Julho_2026.xlsx
SAO PAULO,TAQUARAL,GASOLINA/GAS NATURAL VEICULAR,1,copy_of_D_Frota_por_UF_Municipio_COMBUSTIVEL_Julho_2026.xlsx
SAO PAULO,TAQUARAL,Sem Informação,162,copy_of_D_Frota_por_UF_Municipio_COMBUSTIVEL_Julho_2026.xlsx
SAO PAULO,TAQUARITINGA,ALCOOL,3936,copy_of_D_Frota_por_UF_Municipio_COMBUSTIVEL_Julho_2026.xlsx
SAO PAULO,TAQUARITINGA,ALCOOL/GAS NATURAL VEICULAR,1,copy_of_D_Frota_por_UF_Municipio_COMBUSTIVEL_Julho_2026.xlsx
SAO PAULO,TAQUARITINGA,ALCOOL/GASOLINA,18113,copy_of_D_Frota_por_UF_Municipio_COMBUSTIVEL_Julho_2026.xlsx
SAO PAULO,TAQUARITINGA,DIESEL,4585,copy_of_D_Frota_por_UF_Municipio_COMBUSTIVEL_Julho_2026.xlsx
SAO PAULO,TAQUARITINGA,DIESEL/ELETRICO,2,copy_of_D_Frota_por_UF_Municipio_COMBUSTIVEL_Julho_2026.xlsx
SAO PAULO,TAQUARITINGA,ELETRICO,5,copy_of_D_Frota_por_UF_Municipio_COMBUSTIVEL_Julho_2026.xlsx
SAO PAULO,TAQUARITINGA,ELETRICO/FONTE EXTERNA,53,copy_of_D_Frota_por_UF_Municipio_COMBUSTIVEL_Julho_2026.xlsx
SAO PAULO,TAQUARITINGA,ELETRICO/FONTE INTERNA,3,copy_of_D_Frota_por_UF_Municipio_COMBUSTIVEL_Julho_2026.xlsx
SAO PAULO,TAQUARITINGA,GAS NATURAL VEICULAR,1,copy_of_D_Frota_por_UF_Municipio_COMBUSTIVEL_Julho_2026.xlsx
SAO PAULO,TAQUARITINGA,GASOLINA,18454,copy_of_D_Frota_por_UF_Municipio_COMBUSTIVEL_Julho_2026.xlsx
SAO PAULO,TAQUARITINGA,GASOLINA/ALCOOL/ELETRICO,52,copy_of_D_Frota_por_UF_Municipio_COMBUSTIVEL_Julho_2026.xlsx
SAO PAULO,TAQUARITINGA,GASOLINA/ALCOOL/GAS NATURAL,6,copy_of_D_Frota_por_UF_Municipio_COMBUSTIVEL_Julho_2026.xlsx
SAO PAULO,TAQUARITINGA,GASOLINA/ELETRICO,96,copy_of_D_Frota_por_UF_Municipio_COMBUSTIVEL_Julho_2026.xlsx
SAO PAULO,TAQUARITINGA,GASOLINA/GAS NATURAL VEICULAR,23,copy_of_D_Frota_por_UF_Municipio_COMBUSTIVEL_Julho_2026.xlsx
SAO PAULO,TAQUARITINGA,HIBRIDO,8,copy_of_D_Frota_por_UF_Municipio_COMBUSTIVEL_Julho_2026.xlsx
SAO PAULO,TAQUARITINGA,HIBRIDO PLUG-IN,16,copy_of_D_Frota_por_UF_Municipio_COMBUSTIVEL_Julho_2026.xlsx
SAO PAULO,TAQUARITINGA,Sem Informação,1833,copy_of_D_Frota_por_UF_Municipio_COMBUSTIVEL_Julho_2026.xlsx
SAO PAULO,TAQUARITUBA,ALCOOL,1197,copy_of_D_Frota_por_UF_Municipio_COMBUSTIVEL_Julho_2026.xlsx
SAO PAULO,TAQUARITUBA,ALCOOL/GAS NATURAL VEICULAR,1,copy_of_D_Frota_por_UF_Municipio_COMBUSTIVEL_Julho_2026.xlsx
SAO PAULO,TAQUARITUBA,ALCOOL/GASOLINA,7418,copy_of_D_Frota_por_UF_Municipio_COMBUSTIVEL_Julho_2026.xlsx
SAO PAULO,TAQUARITUBA,DIESEL,2724,copy_of_D_Frota_por_UF_Municipio_COMBUSTIVEL_Julho_2026.xlsx
SAO PAULO,TAQUARITUBA,DIESEL/ELETRICO,4,copy_of_D_Frota_por_UF_Municipio_COMBUSTIVEL_Julho_2026.xlsx
SAO PAULO,TAQUARITUBA,ELETRICO,2,copy_of_D_Frota_por_UF_Municipio_COMBUSTIVEL_Julho_2026.xlsx
SAO PAULO,TAQUARITUBA,ELETRICO/FONTE EXTERNA,5,copy_of_D_Frota_por_UF_Municipio_COMBUSTIVEL_Julho_2026.xlsx
SAO PAULO,TAQUARITUBA,ELETRICO/FONTE INTERNA,3,copy_of_D_Frota_por_UF_Municipio_COMBUSTIVEL_Julho_2026.xlsx
SAO PAULO,TAQUARITUBA,GASOLINA,6534,copy_of_D_Frota_por_UF_Municipio_COMBUSTIVEL_Julho_2026.xlsx
SAO PAULO,TAQUARITUBA,GASOLINA/ALCOOL/ELETRICO,12,copy_of_D_Frota_por_UF_Municipio_COMBUSTIVEL_Julho_2026.xlsx
SAO PAULO,TAQUARITUBA,GASOLINA/ALCOOL/GAS NATURAL,4,copy_of_D_Frota_por_UF_Municipio_COMBUSTIVEL_Julho_2026.xlsx
SAO PAULO,TAQUARITUBA,GASOLINA/ELETRICO,19,copy_of_D_Frota_por_UF_Municipio_COMBUSTIVEL_Julho_2026.xlsx
SAO PAULO,TAQUARITUBA,GASOLINA/GAS NATURAL VEICULAR,5,copy_of_D_Frota_por_UF_Municipio_COMBUSTIVEL_Julho_2026.xlsx
SAO PAULO,TAQUARITUBA,HIBRIDO,4,copy_of_D_Frota_por_UF_Municipio_COMBUSTIVEL_Julho_2026.xlsx
SAO PAULO,TAQUARITUBA,HIBRIDO PLUG-IN,9,copy_of_D_Frota_por_UF_Municipio_COMBUSTIVEL_Julho_2026.xlsx
SAO PAULO,TAQUARITUBA,Sem Informação,1182,copy_of_D_Frota_por_UF_Municipio_COMBUSTIVEL_Julho_2026.xlsx
SAO PAULO,TAQUARIVAI,ALCOOL,164,copy_of_D_Frota_por_UF_Municipio_COMBUSTIVEL_Julho_2026.xlsx
SAO PAULO,TAQUARIVAI,ALCOOL/GASOLINA,1494,copy_of_D_Frota_por_UF_Municipio_COMBUSTIVEL_Julho_2026.xlsx
SAO PAULO,TAQUARIVAI,DIESEL,373,copy_of_D_Frota_por_UF_Municipio_COMBUSTIVEL_Julho_2026.xlsx
SAO PAULO,TAQUARIVAI,GASOLINA,1169,copy_of_D_Frota_por_UF_Municipio_COMBUSTIVEL_Julho_2026.xlsx
SAO PAULO,TAQUARIVAI,GASOLINA/ALCOOL/ELETRICO,3,copy_of_D_Frota_por_UF_Municipio_COMBUSTIVEL_Julho_2026.xlsx
SAO PAULO,TAQUARIVAI,GASOLINA/ELETRICO,3,copy_of_D_Frota_por_UF_Municipio_COMBUSTIVEL_Julho_2026.xlsx
SAO PAULO,TAQUARIVAI,GASOLINA/GAS NATURAL VEICULAR,1,copy_of_D_Frota_por_UF_Municipio_COMBUSTIVEL_Julho_2026.xlsx
SAO PAULO,TAQUARIVAI,HIBRIDO,1,copy_of_D_Frota_por_UF_Municipio_COMBUSTIVEL_Julho_2026.xlsx
SAO PAULO,TAQUARIVAI,Sem Informação,140,copy_of_D_Frota_por_UF_Municipio_COMBUSTIVEL_Julho_2026.xlsx
SAO PAULO,TARABAI,ALCOOL,426,copy_of_D_Frota_por_UF_Municipio_COMBUSTIVEL_Julho_2026.xlsx
SAO PAULO,TARABAI,ALCOOL/GASOLINA,1621,copy_of_D_Frota_por_UF_Municipio_COMBUSTIVEL_Julho_2026.xlsx
SAO PAULO,TARABAI,DIESEL,332,copy_of_D_Frota_por_UF_Municipio_COMBUSTIVEL_Julho_2026.xlsx
SAO PAULO,TARABAI,ELETRICO/FONTE EXTERNA,1,copy_of_D_Frota_por_UF_Municipio_COMBUSTIVEL_Julho_2026.xlsx
SAO PAULO,TARABAI,GASOL/GAS NATURAL COMBUSTIVEL,1,copy_of_D_Frota_por_UF_Municipio_COMBUSTIVEL_Julho_2026.xlsx
SAO PAULO,TARABAI,GASOLINA,1926,copy_of_D_Frota_por_UF_Municipio_COMBUSTIVEL_Julho_2026.xlsx
SAO PAULO,TARABAI,GASOLINA/ALCOOL/ELETRICO,1,copy_of_D_Frota_por_UF_Municipio_COMBUSTIVEL_Julho_2026.xlsx
SAO PAULO,TARABAI,GASOLINA/GAS NATURAL VEICULAR,1,copy_of_D_Frota_por_UF_Municipio_COMBUSTIVEL_Julho_2026.xlsx
SAO PAULO,TARABAI,Sem Informação,170,copy_of_D_Frota_por_UF_Municipio_COMBUSTIVEL_Julho_2026.xlsx
SAO PAULO,TARUMA,ALCOOL,767,copy_of_D_Frota_por_UF_Municipio_COMBUSTIVEL_Julho_2026.xlsx
SAO PAULO,TARUMA,ALCOOL/GAS NATURAL COMBUSTIVEL,1,copy_of_D_Frota_por_UF_Municipio_COMBUSTIVEL_Julho_2026.xlsx
SAO PAULO,TARUMA,ALCOOL/GASOLINA,4041,copy_of_D_Frota_por_UF_Municipio_COMBUSTIVEL_Julho_2026.xlsx
SAO PAULO,TARUMA,DIESEL,1322,copy_of_D_Frota_por_UF_Municipio_COMBUSTIVEL_Julho_2026.xlsx
SAO PAULO,TARUMA,ELETRICO/FONTE EXTERNA,4,copy_of_D_Frota_por_UF_Municipio_COMBUSTIVEL_Julho_2026.xlsx
SAO PAULO,TARUMA,GASOLINA,3610,copy_of_D_Frota_por_UF_Municipio_COMBUSTIVEL_Julho_2026.xlsx
SAO PAULO,TARUMA,GASOLINA/ALCOOL/ELETRICO,1,copy_of_D_Frota_por_UF_Municipio_COMBUSTIVEL_Julho_2026.xlsx
SAO PAULO,TARUMA,GASOLINA/ALCOOL/GAS NATURAL,2,copy_of_D_Frota_por_UF_Municipio_COMBUSTIVEL_Julho_2026.xlsx
SAO PAULO,TARUMA,GASOLINA/ELETRICO,2,copy_of_D_Frota_por_UF_Municipio_COMBUSTIVEL_Julho_2026.xlsx
SAO PAULO,TARUMA,GASOLINA/GAS NATURAL VEICULAR,8,copy_of_D_Frota_por_UF_Municipio_COMBUSTIVEL_Julho_2026.xlsx
SAO PAULO,TARUMA,Sem Informação,807,copy_of_D_Frota_por_UF_Municipio_COMBUSTIVEL_Julho_2026.xlsx
SAO PAULO,TATUI,ALCOOL,4430,copy_of_D_Frota_por_UF_Municipio_COMBUSTIVEL_Julho_2026.xlsx
SAO PAULO,TATUI,ALCOOL/GAS NATURAL VEICULAR,14,copy_of_D_Frota_por_UF_Municipio_COMBUSTIVEL_Julho_2026.xlsx
SAO PAULO,TATUI,ALCOOL/GASOLINA,44568,copy_of_D_Frota_por_UF_Municipio_COMBUSTIVEL_Julho_2026.xlsx
SAO PAULO,TATUI,DIESEL,7600,copy_of_D_Frota_por_UF_Municipio_COMBUSTIVEL_Julho_2026.xlsx
SAO PAULO,TATUI,DIESEL/ELETRICO,5,copy_of_D_Frota_por_UF_Municipio_COMBUSTIVEL_Julho_2026.xlsx
SAO PAULO,TATUI,DIESEL/GAS NATURAL VEICULAR,3,copy_of_D_Frota_por_UF_Municipio_COMBUSTIVEL_Julho_2026.xlsx
SAO PAULO,TATUI,ELETRICO,16,copy_of_D_Frota_por_UF_Municipio_COMBUSTIVEL_Julho_2026.xlsx
SAO PAULO,TATUI,ELETRICO/FONTE EXTERNA,113,copy_of_D_Frota_por_UF_Municipio_COMBUSTIVEL_Julho_2026.xlsx
SAO PAULO,TATUI,ELETRICO/FONTE INTERNA,15,copy_of_D_Frota_por_UF_Municipio_COMBUSTIVEL_Julho_2026.xlsx
SAO PAULO,TATUI,GAS METANO,1,copy_of_D_Frota_por_UF_Municipio_COMBUSTIVEL_Julho_2026.xlsx
SAO PAULO,TATUI,GAS NATURAL VEICULAR,1,copy_of_D_Frota_por_UF_Municipio_COMBUSTIVEL_Julho_2026.xlsx
SAO PAULO,TATUI,GASOL/GAS NATURAL COMBUSTIVEL,6,copy_of_D_Frota_por_UF_Municipio_COMBUSTIVEL_Julho_2026.xlsx
SAO PAULO,TATUI,GASOLINA,46626,copy_of_D_Frota_por_UF_Municipio_COMBUSTIVEL_Julho_2026.xlsx
SAO PAULO,TATUI,GASOLINA/ALCOOL/ELETRICO,149,copy_of_D_Frota_por_UF_Municipio_COMBUSTIVEL_Julho_2026.xlsx
SAO PAULO,TATUI,GASOLINA/ALCOOL/GAS NATURAL,94,copy_of_D_Frota_por_UF_Municipio_COMBUSTIVEL_Julho_2026.xlsx
SAO PAULO,TATUI,GASOLINA/ELETRICO,193,copy_of_D_Frota_por_UF_Municipio_COMBUSTIVEL_Julho_2026.xlsx
SAO PAULO,TATUI,GASOLINA/GAS NATURAL VEICULAR,322,copy_of_D_Frota_por_UF_Municipio_COMBUSTIVEL_Julho_2026.xlsx
SAO PAULO,TATUI,HIBRIDO,10,copy_of_D_Frota_por_UF_Municipio_COMBUSTIVEL_Julho_2026.xlsx
SAO PAULO,TATUI,HIBRIDO PLUG-IN,32,copy_of_D_Frota_por_UF_Municipio_COMBUSTIVEL_Julho_2026.xlsx
SAO PAULO,TATUI,Sem Informação,2712,copy_of_D_Frota_por_UF_Municipio_COMBUSTIVEL_Julho_2026.xlsx
SAO PAULO,TAUBATE,ALCOOL,10880,copy_of_D_Frota_por_UF_Municipio_COMBUSTIVEL_Julho_2026.xlsx
SAO PAULO,TAUBATE,ALCOOL/GAS NATURAL COMBUSTIVEL,3,copy_of_D_Frota_por_UF_Municipio_COMBUSTIVEL_Julho_2026.xlsx
SAO PAULO,TAUBATE,ALCOOL/GAS NATURAL VEICULAR,78,copy_of_D_Frota_por_UF_Municipio_COMBUSTIVEL_Julho_2026.xlsx
SAO PAULO,TAUBATE,ALCOOL/GASOLINA,106944,copy_of_D_Frota_por_UF_Municipio_COMBUSTIVEL_Julho_2026.xlsx
SAO PAULO,TAUBATE,DIESEL,10243,copy_of_D_Frota_por_UF_Municipio_COMBUSTIVEL_Julho_2026.xlsx
SAO PAULO,TAUBATE,DIESEL/ELETRICO,11,copy_of_D_Frota_por_UF_Municipio_COMBUSTIVEL_Julho_2026.xlsx
SAO PAULO,TAUBATE,ELETRICO,38,copy_of_D_Frota_por_UF_Municipio_COMBUSTIVEL_Julho_2026.xlsx
SAO PAULO,TAUBATE,ELETRICO/FONTE EXTERNA,296,copy_of_D_Frota_por_UF_Municipio_COMBUSTIVEL_Julho_2026.xlsx
SAO PAULO,TAUBATE,ELETRICO/FONTE INTERNA,40,copy_of_D_Frota_por_UF_Municipio_COMBUSTIVEL_Julho_2026.xlsx
SAO PAULO,TAUBATE,GAS METANO,2,copy_of_D_Frota_por_UF_Municipio_COMBUSTIVEL_Julho_2026.xlsx
SAO PAULO,TAUBATE,GAS NATURAL VEICULAR,1,copy_of_D_Frota_por_UF_Municipio_COMBUSTIVEL_Julho_2026.xlsx
SAO PAULO,TAUBATE,GASOGENIO,2,copy_of_D_Frota_por_UF_Municipio_COMBUSTIVEL_Julho_2026.xlsx
SAO PAULO,TAUBATE,GASOL/GAS NATURAL COMBUSTIVEL,20,copy_of_D_Frota_por_UF_Municipio_COMBUSTIVEL_Julho_2026.xlsx
SAO PAULO,TAUBATE,GASOLINA,112898,copy_of_D_Frota_por_UF_Municipio_COMBUSTIVEL_Julho_2026.xlsx
SAO PAULO,TAUBATE,GASOLINA/ALCOOL/ELETRICO,300,copy_of_D_Frota_por_UF_Municipio_COMBUSTIVEL_Julho_2026.xlsx
SAO PAULO,TAUBATE,GASOLINA/ALCOOL/GAS NATURAL,402,copy_of_D_Frota_por_UF_Municipio_COMBUSTIVEL_Julho_2026.xlsx
SAO PAULO,TAUBATE,GASOLINA/ELETRICO,383,copy_of_D_Frota_por_UF_Municipio_COMBUSTIVEL_Julho_2026.xlsx
SAO PAULO,TAUBATE,GASOLINA/GAS NATURAL VEICULAR,1938,copy_of_D_Frota_por_UF_Municipio_COMBUSTIVEL_Julho_2026.xlsx
SAO PAULO,TAUBATE,HIBRIDO,60,copy_of_D_Frota_por_UF_Municipio_COMBUSTIVEL_Julho_2026.xlsx
SAO PAULO,TAUBATE,HIBRIDO PLUG-IN,113,copy_of_D_Frota_por_UF_Municipio_COMBUSTIVEL_Julho_2026.xlsx
SAO PAULO,TAUBATE,Sem Informação,4775,copy_of_D_Frota_por_UF_Municipio_COMBUSTIVEL_Julho_2026.xlsx
SAO PAULO,TEJUPA,ALCOOL,121,copy_of_D_Frota_por_UF_Municipio_COMBUSTIVEL_Julho_2026.xlsx
SAO PAULO,TEJUPA,ALCOOL/GASOLINA,865,copy_of_D_Frota_por_UF_Municipio_COMBUSTIVEL_Julho_2026.xlsx
SAO PAULO,TEJUPA,DIESEL,225,copy_of_D_Frota_por_UF_Municipio_COMBUSTIVEL_Julho_2026.xlsx
SAO PAULO,TEJUPA,GASOLINA,763,copy_of_D_Frota_por_UF_Municipio_COMBUSTIVEL_Julho_2026.xlsx
SAO PAULO,TEJUPA,GASOLINA/ALCOOL/ELETRICO,1,copy_of_D_Frota_por_UF_Municipio_COMBUSTIVEL_Julho_2026.xlsx
SAO PAULO,TEJUPA,GASOLINA/ELETRICO,1,copy_of_D_Frota_por_UF_Municipio_COMBUSTIVEL_Julho_2026.xlsx
SAO PAULO,TEJUPA,HIBRIDO,1,copy_of_D_Frota_por_UF_Municipio_COMBUSTIVEL_Julho_2026.xlsx
SAO PAULO,TEJUPA,Sem Informação,71,copy_of_D_Frota_por_UF_Municipio_COMBUSTIVEL_Julho_2026.xlsx
SAO PAULO,TEODORO SAMPAIO,ALCOOL,1188,copy_of_D_Frota_por_UF_Municipio_COMBUSTIVEL_Julho_2026.xlsx
SAO PAULO,TEODORO SAMPAIO,ALCOOL/GASOLINA,6145,copy_of_D_Frota_por_UF_Municipio_COMBUSTIVEL_Julho_2026.xlsx
SAO PAULO,TEODORO SAMPAIO,DIESEL,1570,copy_of_D_Frota_por_UF_Municipio_COMBUSTIVEL_Julho_2026.xlsx
SAO PAULO,TEODORO SAMPAIO,ELETRICO/FONTE INTERNA,1,copy_of_D_Frota_por_UF_Municipio_COMBUSTIVEL_Julho_2026.xlsx
SAO PAULO,TEODORO SAMPAIO,GASOLINA,6688,copy_of_D_Frota_por_UF_Municipio_COMBUSTIVEL_Julho_2026.xlsx
SAO PAULO,TEODORO SAMPAIO,GASOLINA/ALCOOL/ELETRICO,10,copy_of_D_Frota_por_UF_Municipio_COMBUSTIVEL_Julho_2026.xlsx
SAO PAULO,TEODORO SAMPAIO,GASOLINA/ALCOOL/GAS NATURAL,1,copy_of_D_Frota_por_UF_Municipio_COMBUSTIVEL_Julho_2026.xlsx
SAO PAULO,TEODORO SAMPAIO,GASOLINA/ELETRICO,4,copy_of_D_Frota_por_UF_Municipio_COMBUSTIVEL_Julho_2026.xlsx
SAO PAULO,TEODORO SAMPAIO,GASOLINA/GAS NATURAL VEICULAR,6,copy_of_D_Frota_por_UF_Municipio_COMBUSTIVEL_Julho_2026.xlsx
SAO PAULO,TEODORO SAMPAIO,HIBRIDO PLUG-IN,4,copy_of_D_Frota_por_UF_Municipio_COMBUSTIVEL_Julho_2026.xlsx
SAO PAULO,TEODORO SAMPAIO,Sem Informação,1204,copy_of_D_Frota_por_UF_Municipio_COMBUSTIVEL_Julho_2026.xlsx
SAO PAULO,TERRA ROXA,ALCOOL,648,copy_of_D_Frota_por_UF_Municipio_COMBUSTIVEL_Julho_2026.xlsx
SAO PAULO,TERRA ROXA,ALCOOL/GAS NATURAL VEICULAR,1,copy_of_D_Frota_por_UF_Municipio_COMBUSTIVEL_Julho_2026.xlsx
SAO PAULO,TERRA ROXA,ALCOOL/GASOLINA,2311,copy_of_D_Frota_por_UF_Municipio_COMBUSTIVEL_Julho_2026.xlsx
SAO PAULO,TERRA ROXA,DIESEL,675,copy_of_D_Frota_por_UF_Municipio_COMBUSTIVEL_Julho_2026.xlsx
SAO PAULO,TERRA ROXA,ELETRICO/FONTE EXTERNA,1,copy_of_D_Frota_por_UF_Municipio_COMBUSTIVEL_Julho_2026.xlsx
SAO PAULO,TERRA ROXA,ELETRICO/FONTE INTERNA,1,copy_of_D_Frota_por_UF_Municipio_COMBUSTIVEL_Julho_2026.xlsx
SAO PAULO,TERRA ROXA,GASOLINA,2011,copy_of_D_Frota_por_UF_Municipio_COMBUSTIVEL_Julho_2026.xlsx
SAO PAULO,TERRA ROXA,GASOLINA/ALCOOL/ELETRICO,7,copy_of_D_Frota_por_UF_Municipio_COMBUSTIVEL_Julho_2026.xlsx
SAO PAULO,TERRA ROXA,GASOLINA/GAS NATURAL VEICULAR,1,copy_of_D_Frota_por_UF_Municipio_COMBUSTIVEL_Julho_2026.xlsx
SAO PAULO,TERRA ROXA,HIBRIDO PLUG-IN,1,copy_of_D_Frota_por_UF_Municipio_COMBUSTIVEL_Julho_2026.xlsx
SAO PAULO,TERRA ROXA,Sem Informação,261,copy_of_D_Frota_por_UF_Municipio_COMBUSTIVEL_Julho_2026.xlsx
SAO PAULO,TIETE,ALCOOL,1764,copy_of_D_Frota_por_UF_Municipio_COMBUSTIVEL_Julho_2026.xlsx
SAO PAULO,TIETE,ALCOOL/GASOLINA,13845,copy_of_D_Frota_por_UF_Municipio_COMBUSTIVEL_Julho_2026.xlsx
SAO PAULO,TIETE,DIESEL,3141,copy_of_D_Frota_por_UF_Municipio_COMBUSTIVEL_Julho_2026.xlsx
SAO PAULO,TIETE,DIESEL/ELETRICO,3,copy_of_D_Frota_por_UF_Municipio_COMBUSTIVEL_Julho_2026.xlsx
SAO PAULO,TIETE,ELETRICO,5,copy_of_D_Frota_por_UF_Municipio_COMBUSTIVEL_Julho_2026.xlsx
SAO PAULO,TIETE,ELETRICO/FONTE EXTERNA,23,copy_of_D_Frota_por_UF_Municipio_COMBUSTIVEL_Julho_2026.xlsx
SAO PAULO,TIETE,ELETRICO/FONTE INTERNA,2,copy_of_D_Frota_por_UF_Municipio_COMBUSTIVEL_Julho_2026.xlsx
SAO PAULO,TIETE,GAS METANO,1,copy_of_D_Frota_por_UF_Municipio_COMBUSTIVEL_Julho_2026.xlsx
SAO PAULO,TIETE,GASOL/GAS NATURAL COMBUSTIVEL,2,copy_of_D_Frota_por_UF_Municipio_COMBUSTIVEL_Julho_2026.xlsx
SAO PAULO,TIETE,GASOLINA,12719,copy_of_D_Frota_por_UF_Municipio_COMBUSTIVEL_Julho_2026.xlsx
SAO PAULO,TIETE,GASOLINA/ALCOOL/ELETRICO,49,copy_of_D_Frota_por_UF_Municipio_COMBUSTIVEL_Julho_2026.xlsx
SAO PAULO,TIETE,GASOLINA/ALCOOL/GAS NATURAL,9,copy_of_D_Frota_por_UF_Municipio_COMBUSTIVEL_Julho_2026.xlsx
SAO PAULO,TIETE,GASOLINA/ELETRICO,52,copy_of_D_Frota_por_UF_Municipio_COMBUSTIVEL_Julho_2026.xlsx
SAO PAULO,TIETE,GASOLINA/GAS NATURAL VEICULAR,47,copy_of_D_Frota_por_UF_Municipio_COMBUSTIVEL_Julho_2026.xlsx
SAO PAULO,TIETE,HIBRIDO,2,copy_of_D_Frota_por_UF_Municipio_COMBUSTIVEL_Julho_2026.xlsx
SAO PAULO,TIETE,HIBRIDO PLUG-IN,14,copy_of_D_Frota_por_UF_Municipio_COMBUSTIVEL_Julho_2026.xlsx
SAO PAULO,TIETE,Sem Informação,1206,copy_of_D_Frota_por_UF_Municipio_COMBUSTIVEL_Julho_2026.xlsx
SAO PAULO,TIMBURI,ALCOOL,122,copy_of_D_Frota_por_UF_Municipio_COMBUSTIVEL_Julho_2026.xlsx
SAO PAULO,TIMBURI,ALCOOL/GASOLINA,604,copy_of_D_Frota_por_UF_Municipio_COMBUSTIVEL_Julho_2026.xlsx
SAO PAULO,TIMBURI,DIESEL,114,copy_of_D_Frota_por_UF_Municipio_COMBUSTIVEL_Julho_2026.xlsx
SAO PAULO,TIMBURI,GASOLINA,758,copy_of_D_Frota_por_UF_Municipio_COMBUSTIVEL_Julho_2026.xlsx
SAO PAULO,TIMBURI,GASOLINA/ELETRICO,2,copy_of_D_Frota_por_UF_Municipio_COMBUSTIVEL_Julho_2026.xlsx
SAO PAULO,TIMBURI,GASOLINA/GAS NATURAL VEICULAR,1,copy_of_D_Frota_por_UF_Municipio_COMBUSTIVEL_Julho_2026.xlsx
SAO PAULO,TIMBURI,Sem Informação,72,copy_of_D_Frota_por_UF_Municipio_COMBUSTIVEL_Julho_2026.xlsx
SAO PAULO,TORRE DE PEDRA,ALCOOL,101,copy_of_D_Frota_por_UF_Municipio_COMBUSTIVEL_Julho_2026.xlsx
SAO PAULO,TORRE DE PEDRA,ALCOOL/GASOLINA,686,copy_of_D_Frota_por_UF_Municipio_COMBUSTIVEL_Julho_2026.xlsx
SAO PAULO,TORRE DE PEDRA,DIESEL,145,copy_of_D_Frota_por_UF_Municipio_COMBUSTIVEL_Julho_2026.xlsx
SAO PAULO,TORRE DE PEDRA,ELETRICO/FONTE EXTERNA,1,copy_of_D_Frota_por_UF_Municipio_COMBUSTIVEL_Julho_2026.xlsx
SAO PAULO,TORRE DE PEDRA,GASOLINA,811,copy_of_D_Frota_por_UF_Municipio_COMBUSTIVEL_Julho_2026.xlsx
SAO PAULO,TORRE DE PEDRA,GASOLINA/ALCOOL/ELETRICO,2,copy_of_D_Frota_por_UF_Municipio_COMBUSTIVEL_Julho_2026.xlsx
SAO PAULO,TORRE DE PEDRA,GASOLINA/ELETRICO,2,copy_of_D_Frota_por_UF_Municipio_COMBUSTIVEL_Julho_2026.xlsx
SAO PAULO,TORRE DE PEDRA,GASOLINA/GAS NATURAL VEICULAR,5,copy_of_D_Frota_por_UF_Municipio_COMBUSTIVEL_Julho_2026.xlsx
SAO PAULO,TORRE DE PEDRA,Sem Informação,47,copy_of_D_Frota_por_UF_Municipio_COMBUSTIVEL_Julho_2026.xlsx
SAO PAULO,TORRINHA,ALCOOL,762,copy_of_D_Frota_por_UF_Municipio_COMBUSTIVEL_Julho_2026.xlsx
SAO PAULO,TORRINHA,ALCOOL/GASOLINA,3052,copy_of_D_Frota_por_UF_Municipio_COMBUSTIVEL_Julho_2026.xlsx
SAO PAULO,TORRINHA,DIESEL,1367,copy_of_D_Frota_por_UF_Municipio_COMBUSTIVEL_Julho_2026.xlsx
SAO PAULO,TORRINHA,ELETRICO,1,copy_of_D_Frota_por_UF_Municipio_COMBUSTIVEL_Julho_2026.xlsx
SAO PAULO,TORRINHA,ELETRICO/FONTE EXTERNA,3,copy_of_D_Frota_por_UF_Municipio_COMBUSTIVEL_Julho_2026.xlsx
SAO PAULO,TORRINHA,ELETRICO/FONTE INTERNA,1,copy_of_D_Frota_por_UF_Municipio_COMBUSTIVEL_Julho_2026.xlsx
SAO PAULO,TORRINHA,GASOLINA,3346,copy_of_D_Frota_por_UF_Municipio_COMBUSTIVEL_Julho_2026.xlsx
SAO PAULO,TORRINHA,GASOLINA/ALCOOL/ELETRICO,4,copy_of_D_Frota_por_UF_Municipio_COMBUSTIVEL_Julho_2026.xlsx
SAO PAULO,TORRINHA,GASOLINA/ALCOOL/GAS NATURAL,1,copy_of_D_Frota_por_UF_Municipio_COMBUSTIVEL_Julho_2026.xlsx
SAO PAULO,TORRINHA,GASOLINA/ELETRICO,3,copy_of_D_Frota_por_UF_Municipio_COMBUSTIVEL_Julho_2026.xlsx
SAO PAULO,TORRINHA,GASOLINA/GAS NATURAL VEICULAR,8,copy_of_D_Frota_por_UF_Municipio_COMBUSTIVEL_Julho_2026.xlsx
SAO PAULO,TORRINHA,HIBRIDO,4,copy_of_D_Frota_por_UF_Municipio_COMBUSTIVEL_Julho_2026.xlsx
SAO PAULO,TORRINHA,HIBRIDO PLUG-IN,3,copy_of_D_Frota_por_UF_Municipio_COMBUSTIVEL_Julho_2026.xlsx
SAO PAULO,TORRINHA,Sem Informação,567,copy_of_D_Frota_por_UF_Municipio_COMBUSTIVEL_Julho_2026.xlsx
SAO PAULO,TRABIJU,ALCOOL,112,copy_of_D_Frota_por_UF_Municipio_COMBUSTIVEL_Julho_2026.xlsx
SAO PAULO,TRABIJU,ALCOOL/GASOLINA,427,copy_of_D_Frota_por_UF_Municipio_COMBUSTIVEL_Julho_2026.xlsx
SAO PAULO,TRABIJU,DIESEL,141,copy_of_D_Frota_por_UF_Municipio_COMBUSTIVEL_Julho_2026.xlsx
SAO PAULO,TRABIJU,ELETRICO/FONTE EXTERNA,1,copy_of_D_Frota_por_UF_Municipio_COMBUSTIVEL_Julho_2026.xlsx
SAO PAULO,TRABIJU,GASOLINA,368,copy_of_D_Frota_por_UF_Municipio_COMBUSTIVEL_Julho_2026.xlsx
SAO PAULO,TRABIJU,GASOLINA/ALCOOL/GAS NATURAL,1,copy_of_D_Frota_por_UF_Municipio_COMBUSTIVEL_Julho_2026.xlsx
SAO PAULO,TRABIJU,GASOLINA/ELETRICO,2,copy_of_D_Frota_por_UF_Municipio_COMBUSTIVEL_Julho_2026.xlsx
SAO PAULO,TRABIJU,GASOLINA/GAS NATURAL VEICULAR,1,copy_of_D_Frota_por_UF_Municipio_COMBUSTIVEL_Julho_2026.xlsx
SAO PAULO,TRABIJU,Sem Informação,38,copy_of_D_Frota_por_UF_Municipio_COMBUSTIVEL_Julho_2026.xlsx
SAO PAULO,TREMEMBE,ALCOOL,1038,copy_of_D_Frota_por_UF_Municipio_COMBUSTIVEL_Julho_2026.xlsx
SAO PAULO,TREMEMBE,ALCOOL/GAS NATURAL COMBUSTIVEL,1,copy_of_D_Frota_por_UF_Municipio_COMBUSTIVEL_Julho_2026.xlsx
SAO PAULO,TREMEMBE,ALCOOL/GAS NATURAL VEICULAR,4,copy_of_D_Frota_por_UF_Municipio_COMBUSTIVEL_Julho_2026.xlsx
SAO PAULO,TREMEMBE,ALCOOL/GASOLINA,12709,copy_of_D_Frota_por_UF_Municipio_COMBUSTIVEL_Julho_2026.xlsx
SAO PAULO,TREMEMBE,DIESEL,1397,copy_of_D_Frota_por_UF_Municipio_COMBUSTIVEL_Julho_2026.xlsx
SAO PAULO,TREMEMBE,DIESEL/ELETRICO,2,copy_of_D_Frota_por_UF_Municipio_COMBUSTIVEL_Julho_2026.xlsx
SAO PAULO,TREMEMBE,ELETRICO,9,copy_of_D_Frota_por_UF_Municipio_COMBUSTIVEL_Julho_2026.xlsx
SAO PAULO,TREMEMBE,ELETRICO/FONTE EXTERNA,46,copy_of_D_Frota_por_UF_Municipio_COMBUSTIVEL_Julho_2026.xlsx
SAO PAULO,TREMEMBE,ELETRICO/FONTE INTERNA,5,copy_of_D_Frota_por_UF_Municipio_COMBUSTIVEL_Julho_2026.xlsx
SAO PAULO,TREMEMBE,GASOL/GAS NATURAL COMBUSTIVEL,2,copy_of_D_Frota_por_UF_Municipio_COMBUSTIVEL_Julho_2026.xlsx
SAO PAULO,TREMEMBE,GASOLINA,11791,copy_of_D_Frota_por_UF_Municipio_COMBUSTIVEL_Julho_2026.xlsx
SAO PAULO,TREMEMBE,GASOLINA/ALCOOL/ELETRICO,49,copy_of_D_Frota_por_UF_Municipio_COMBUSTIVEL_Julho_2026.xlsx
SAO PAULO,TREMEMBE,GASOLINA/ALCOOL/GAS NATURAL,41,copy_of_D_Frota_por_UF_Municipio_COMBUSTIVEL_Julho_2026.xlsx
SAO PAULO,TREMEMBE,GASOLINA/ELETRICO,57,copy_of_D_Frota_por_UF_Municipio_COMBUSTIVEL_Julho_2026.xlsx
SAO PAULO,TREMEMBE,GASOLINA/GAS NATURAL VEICULAR,135,copy_of_D_Frota_por_UF_Municipio_COMBUSTIVEL_Julho_2026.xlsx
SAO PAULO,TREMEMBE,HIBRIDO,15,copy_of_D_Frota_por_UF_Municipio_COMBUSTIVEL_Julho_2026.xlsx
SAO PAULO,TREMEMBE,HIBRIDO PLUG-IN,16,copy_of_D_Frota_por_UF_Municipio_COMBUSTIVEL_Julho_2026.xlsx
SAO PAULO,TREMEMBE,Sem Informação,631,copy_of_D_Frota_por_UF_Municipio_COMBUSTIVEL_Julho_2026.xlsx
SAO PAULO,TRES FRONTEIRAS,ALCOOL,438,copy_of_D_Frota_por_UF_Municipio_COMBUSTIVEL_Julho_2026.xlsx
SAO PAULO,TRES FRONTEIRAS,ALCOOL/GASOLINA,1896,copy_of_D_Frota_por_UF_Municipio_COMBUSTIVEL_Julho_2026.xlsx
SAO PAULO,TRES FRONTEIRAS,DIESEL,374,copy_of_D_Frota_por_UF_Municipio_COMBUSTIVEL_Julho_2026.xlsx
SAO PAULO,TRES FRONTEIRAS,ELETRICO,1,copy_of_D_Frota_por_UF_Municipio_COMBUSTIVEL_Julho_2026.xlsx
SAO PAULO,TRES FRONTEIRAS,GASOL/GAS NATURAL COMBUSTIVEL,1,copy_of_D_Frota_por_UF_Municipio_COMBUSTIVEL_Julho_2026.xlsx
SAO PAULO,TRES FRONTEIRAS,GASOLINA,2105,copy_of_D_Frota_por_UF_Municipio_COMBUSTIVEL_Julho_2026.xlsx
SAO PAULO,TRES FRONTEIRAS,GASOLINA/ALCOOL/ELETRICO,2,copy_of_D_Frota_por_UF_Municipio_COMBUSTIVEL_Julho_2026.xlsx
SAO PAULO,TRES FRONTEIRAS,GASOLINA/ELETRICO,1,copy_of_D_Frota_por_UF_Municipio_COMBUSTIVEL_Julho_2026.xlsx
SAO PAULO,TRES FRONTEIRAS,GASOLINA/GAS NATURAL VEICULAR,1,copy_of_D_Frota_por_UF_Municipio_COMBUSTIVEL_Julho_2026.xlsx
SAO PAULO,TRES FRONTEIRAS,HIBRIDO PLUG-IN,1,copy_of_D_Frota_por_UF_Municipio_COMBUSTIVEL_Julho_2026.xlsx
SAO PAULO,TRES FRONTEIRAS,Sem Informação,470,copy_of_D_Frota_por_UF_Municipio_COMBUSTIVEL_Julho_2026.xlsx
SAO PAULO,TUIUTI,ALCOOL,238,copy_of_D_Frota_por_UF_Municipio_COMBUSTIVEL_Julho_2026.xlsx
SAO PAULO,TUIUTI,ALCOOL/GAS NATURAL VEICULAR,2,copy_of_D_Frota_por_UF_Municipio_COMBUSTIVEL_Julho_2026.xlsx
SAO PAULO,TUIUTI,ALCOOL/GASOLINA,2036,copy_of_D_Frota_por_UF_Municipio_COMBUSTIVEL_Julho_2026.xlsx
SAO PAULO,TUIUTI,DIESEL,366,copy_of_D_Frota_por_UF_Municipio_COMBUSTIVEL_Julho_2026.xlsx
SAO PAULO,TUIUTI,ELETRICO,1,copy_of_D_Frota_por_UF_Municipio_COMBUSTIVEL_Julho_2026.xlsx
SAO PAULO,TUIUTI,ELETRICO/FONTE EXTERNA,4,copy_of_D_Frota_por_UF_Municipio_COMBUSTIVEL_Julho_2026.xlsx
SAO PAULO,TUIUTI,GASOLINA,2245,copy_of_D_Frota_por_UF_Municipio_COMBUSTIVEL_Julho_2026.xlsx
SAO PAULO,TUIUTI,GASOLINA/ALCOOL/ELETRICO,2,copy_of_D_Frota_por_UF_Municipio_COMBUSTIVEL_Julho_2026.xlsx
SAO PAULO,TUIUTI,GASOLINA/ALCOOL/GAS NATURAL,1,copy_of_D_Frota_por_UF_Municipio_COMBUSTIVEL_Julho_2026.xlsx
SAO PAULO,TUIUTI,GASOLINA/ELETRICO,8,copy_of_D_Frota_por_UF_Municipio_COMBUSTIVEL_Julho_2026.xlsx
SAO PAULO,TUIUTI,GASOLINA/GAS NATURAL VEICULAR,11,copy_of_D_Frota_por_UF_Municipio_COMBUSTIVEL_Julho_2026.xlsx
SAO PAULO,TUIUTI,Sem Informação,84,copy_of_D_Frota_por_UF_Municipio_COMBUSTIVEL_Julho_2026.xlsx
SAO PAULO,TUPA,ALCOOL,3953,copy_of_D_Frota_por_UF_Municipio_COMBUSTIVEL_Julho_2026.xlsx
SAO PAULO,TUPA,ALCOOL/GAS NATURAL VEICULAR,1,copy_of_D_Frota_por_UF_Municipio_COMBUSTIVEL_Julho_2026.xlsx
SAO PAULO,TUPA,ALCOOL/GASOLINA,24528,copy_of_D_Frota_por_UF_Municipio_COMBUSTIVEL_Julho_2026.xlsx
SAO PAULO,TUPA,DIESEL,4853,copy_of_D_Frota_por_UF_Municipio_COMBUSTIVEL_Julho_2026.xlsx
SAO PAULO,TUPA,DIESEL/ELETRICO,3,copy_of_D_Frota_por_UF_Municipio_COMBUSTIVEL_Julho_2026.xlsx
SAO PAULO,TUPA,ELETRICO,3,copy_of_D_Frota_por_UF_Municipio_COMBUSTIVEL_Julho_2026.xlsx
SAO PAULO,TUPA,ELETRICO/FONTE EXTERNA,22,copy_of_D_Frota_por_UF_Municipio_COMBUSTIVEL_Julho_2026.xlsx
SAO PAULO,TUPA,ELETRICO/FONTE INTERNA,2,copy_of_D_Frota_por_UF_Municipio_COMBUSTIVEL_Julho_2026.xlsx
SAO PAULO,TUPA,GAS METANO,1,copy_of_D_Frota_por_UF_Municipio_COMBUSTIVEL_Julho_2026.xlsx
SAO PAULO,TUPA,GASOL/GAS NATURAL COMBUSTIVEL,2,copy_of_D_Frota_por_UF_Municipio_COMBUSTIVEL_Julho_2026.xlsx
SAO PAULO,TUPA,GASOLINA,27750,copy_of_D_Frota_por_UF_Municipio_COMBUSTIVEL_Julho_2026.xlsx
SAO PAULO,TUPA,GASOLINA/ALCOOL/ELETRICO,76,copy_of_D_Frota_por_UF_Municipio_COMBUSTIVEL_Julho_2026.xlsx
SAO PAULO,TUPA,GASOLINA/ALCOOL/GAS NATURAL,6,copy_of_D_Frota_por_UF_Municipio_COMBUSTIVEL_Julho_2026.xlsx
SAO PAULO,TUPA,GASOLINA/ELETRICO,75,copy_of_D_Frota_por_UF_Municipio_COMBUSTIVEL_Julho_2026.xlsx
SAO PAULO,TUPA,GASOLINA/GAS NATURAL VEICULAR,11,copy_of_D_Frota_por_UF_Municipio_COMBUSTIVEL_Julho_2026.xlsx
SAO PAULO,TUPA,HIBRIDO,8,copy_of_D_Frota_por_UF_Municipio_COMBUSTIVEL_Julho_2026.xlsx
SAO PAULO,TUPA,HIBRIDO PLUG-IN,22,copy_of_D_Frota_por_UF_Municipio_COMBUSTIVEL_Julho_2026.xlsx
SAO PAULO,TUPA,Sem Informação,2576,copy_of_D_Frota_por_UF_Municipio_COMBUSTIVEL_Julho_2026.xlsx
SAO PAULO,TUPI PAULISTA,ALCOOL,908,copy_of_D_Frota_por_UF_Municipio_COMBUSTIVEL_Julho_2026.xlsx
SAO PAULO,TUPI PAULISTA,ALCOOL/GASOLINA,4930,copy_of_D_Frota_por_UF_Municipio_COMBUSTIVEL_Julho_2026.xlsx
SAO PAULO,TUPI PAULISTA,DIESEL,1034,copy_of_D_Frota_por_UF_Municipio_COMBUSTIVEL_Julho_2026.xlsx
SAO PAULO,TUPI PAULISTA,ELETRICO/FONTE EXTERNA,8,copy_of_D_Frota_por_UF_Municipio_COMBUSTIVEL_Julho_2026.xlsx
SAO PAULO,TUPI PAULISTA,GASOLINA,4576,copy_of_D_Frota_por_UF_Municipio_COMBUSTIVEL_Julho_2026.xlsx
SAO PAULO,TUPI PAULISTA,GASOLINA/ALCOOL/ELETRICO,8,copy_of_D_Frota_por_UF_Municipio_COMBUSTIVEL_Julho_2026.xlsx
SAO PAULO,TUPI PAULISTA,GASOLINA/ALCOOL/GAS NATURAL,1,copy_of_D_Frota_por_UF_Municipio_COMBUSTIVEL_Julho_2026.xlsx
SAO PAULO,TUPI PAULISTA,GASOLINA/ELETRICO,20,copy_of_D_Frota_por_UF_Municipio_COMBUSTIVEL_Julho_2026.xlsx
SAO PAULO,TUPI PAULISTA,HIBRIDO PLUG-IN,1,copy_of_D_Frota_por_UF_Municipio_COMBUSTIVEL_Julho_2026.xlsx
SAO PAULO,TUPI PAULISTA,Sem Informação,728,copy_of_D_Frota_por_UF_Municipio_COMBUSTIVEL_Julho_2026.xlsx
SAO PAULO,TURIUBA,ALCOOL,144,copy_of_D_Frota_por_UF_Municipio_COMBUSTIVEL_Julho_2026.xlsx
SAO PAULO,TURIUBA,ALCOOL/GASOLINA,572,copy_of_D_Frota_por_UF_Municipio_COMBUSTIVEL_Julho_2026.xlsx
SAO PAULO,TURIUBA,DIESEL,109,copy_of_D_Frota_por_UF_Municipio_COMBUSTIVEL_Julho_2026.xlsx
SAO PAULO,TURIUBA,ELETRICO,1,copy_of_D_Frota_por_UF_Municipio_COMBUSTIVEL_Julho_2026.xlsx
SAO PAULO,TURIUBA,GASOLINA,551,copy_of_D_Frota_por_UF_Municipio_COMBUSTIVEL_Julho_2026.xlsx
SAO PAULO,TURIUBA,GASOLINA/ALCOOL/ELETRICO,1,copy_of_D_Frota_por_UF_Municipio_COMBUSTIVEL_Julho_2026.xlsx
SAO PAULO,TURIUBA,Sem Informação,64,copy_of_D_Frota_por_UF_Municipio_COMBUSTIVEL_Julho_2026.xlsx
SAO PAULO,TURMALINA,ALCOOL,145,copy_of_D_Frota_por_UF_Municipio_COMBUSTIVEL_Julho_2026.xlsx
SAO PAULO,TURMALINA,ALCOOL/GASOLINA,591,copy_of_D_Frota_por_UF_Municipio_COMBUSTIVEL_Julho_2026.xlsx
SAO PAULO,TURMALINA,DIESEL,150,copy_of_D_Frota_por_UF_Municipio_COMBUSTIVEL_Julho_2026.xlsx
SAO PAULO,TURMALINA,ELETRICO/FONTE EXTERNA,1,copy_of_D_Frota_por_UF_Municipio_COMBUSTIVEL_Julho_2026.xlsx
SAO PAULO,TURMALINA,GASOLINA,439,copy_of_D_Frota_por_UF_Municipio_COMBUSTIVEL_Julho_2026.xlsx
SAO PAULO,TURMALINA,Sem Informação,122,copy_of_D_Frota_por_UF_Municipio_COMBUSTIVEL_Julho_2026.xlsx
SAO PAULO,UBARANA,ALCOOL,334,copy_of_D_Frota_por_UF_Municipio_COMBUSTIVEL_Julho_2026.xlsx
SAO PAULO,UBARANA,ALCOOL/GAS NATURAL VEICULAR,1,copy_of_D_Frota_por_UF_Municipio_COMBUSTIVEL_Julho_2026.xlsx
SAO PAULO,UBARANA,ALCOOL/GASOLINA,1370,copy_of_D_Frota_por_UF_Municipio_COMBUSTIVEL_Julho_2026.xlsx
SAO PAULO,UBARANA,DIESEL,377,copy_of_D_Frota_por_UF_Municipio_COMBUSTIVEL_Julho_2026.xlsx
SAO PAULO,UBARANA,ELETRICO/FONTE EXTERNA,2,copy_of_D_Frota_por_UF_Municipio_COMBUSTIVEL_Julho_2026.xlsx
SAO PAULO,UBARANA,ELETRICO/FONTE INTERNA,1,copy_of_D_Frota_por_UF_Municipio_COMBUSTIVEL_Julho_2026.xlsx
SAO PAULO,UBARANA,GASOLINA,1413,copy_of_D_Frota_por_UF_Municipio_COMBUSTIVEL_Julho_2026.xlsx
SAO PAULO,UBARANA,GASOLINA/ALCOOL/ELETRICO,4,copy_of_D_Frota_por_UF_Municipio_COMBUSTIVEL_Julho_2026.xlsx
SAO PAULO,UBARANA,HIBRIDO PLUG-IN,1,copy_of_D_Frota_por_UF_Municipio_COMBUSTIVEL_Julho_2026.xlsx
SAO PAULO,UBARANA,Sem Informação,404,copy_of_D_Frota_por_UF_Municipio_COMBUSTIVEL_Julho_2026.xlsx
SAO PAULO,UBATUBA,ALCOOL,1921,copy_of_D_Frota_por_UF_Municipio_COMBUSTIVEL_Julho_2026.xlsx
SAO PAULO,UBATUBA,ALCOOL/GAS NATURAL COMBUSTIVEL,1,copy_of_D_Frota_por_UF_Municipio_COMBUSTIVEL_Julho_2026.xlsx
SAO PAULO,UBATUBA,ALCOOL/GAS NATURAL VEICULAR,8,copy_of_D_Frota_por_UF_Municipio_COMBUSTIVEL_Julho_2026.xlsx
SAO PAULO,UBATUBA,ALCOOL/GASOLINA,34931,copy_of_D_Frota_por_UF_Municipio_COMBUSTIVEL_Julho_2026.xlsx
SAO PAULO,UBATUBA,DIESEL,3806,copy_of_D_Frota_por_UF_Municipio_COMBUSTIVEL_Julho_2026.xlsx
SAO PAULO,UBATUBA,DIESEL/ELETRICO,4,copy_of_D_Frota_por_UF_Municipio_COMBUSTIVEL_Julho_2026.xlsx
SAO PAULO,UBATUBA,ELETRICO,7,copy_of_D_Frota_por_UF_Municipio_COMBUSTIVEL_Julho_2026.xlsx
SAO PAULO,UBATUBA,ELETRICO/FONTE EXTERNA,105,copy_of_D_Frota_por_UF_Municipio_COMBUSTIVEL_Julho_2026.xlsx
SAO PAULO,UBATUBA,ELETRICO/FONTE INTERNA,13,copy_of_D_Frota_por_UF_Municipio_COMBUSTIVEL_Julho_2026.xlsx
SAO PAULO,UBATUBA,GAS METANO,2,copy_of_D_Frota_por_UF_Municipio_COMBUSTIVEL_Julho_2026.xlsx
SAO PAULO,UBATUBA,GASOGENIO,1,copy_of_D_Frota_por_UF_Municipio_COMBUSTIVEL_Julho_2026.xlsx
SAO PAULO,UBATUBA,GASOL/GAS NATURAL COMBUSTIVEL,1,copy_of_D_Frota_por_UF_Municipio_COMBUSTIVEL_Julho_2026.xlsx
SAO PAULO,UBATUBA,GASOLINA,30816,copy_of_D_Frota_por_UF_Municipio_COMBUSTIVEL_Julho_2026.xlsx
SAO PAULO,UBATUBA,GASOLINA/ALCOOL/ELETRICO,97,copy_of_D_Frota_por_UF_Municipio_COMBUSTIVEL_Julho_2026.xlsx
SAO PAULO,UBATUBA,GASOLINA/ALCOOL/GAS NATURAL,56,copy_of_D_Frota_por_UF_Municipio_COMBUSTIVEL_Julho_2026.xlsx
SAO PAULO,UBATUBA,GASOLINA/ELETRICO,133,copy_of_D_Frota_por_UF_Municipio_COMBUSTIVEL_Julho_2026.xlsx
SAO PAULO,UBATUBA,GASOLINA/GAS NATURAL VEICULAR,138,copy_of_D_Frota_por_UF_Municipio_COMBUSTIVEL_Julho_2026.xlsx
SAO PAULO,UBATUBA,HIBRIDO,13,copy_of_D_Frota_por_UF_Municipio_COMBUSTIVEL_Julho_2026.xlsx
SAO PAULO,UBATUBA,HIBRIDO PLUG-IN,31,copy_of_D_Frota_por_UF_Municipio_COMBUSTIVEL_Julho_2026.xlsx
SAO PAULO,UBATUBA,Sem Informação,2183,copy_of_D_Frota_por_UF_Municipio_COMBUSTIVEL_Julho_2026.xlsx
SAO PAULO,UBIRAJARA,ALCOOL,292,copy_of_D_Frota_por_UF_Municipio_COMBUSTIVEL_Julho_2026.xlsx
SAO PAULO,UBIRAJARA,ALCOOL/GASOLINA,1446,copy_of_D_Frota_por_UF_Municipio_COMBUSTIVEL_Julho_2026.xlsx
SAO PAULO,UBIRAJARA,DIESEL,373,copy_of_D_Frota_por_UF_Municipio_COMBUSTIVEL_Julho_2026.xlsx
SAO PAULO,UBIRAJARA,GASOLINA,1291,copy_of_D_Frota_por_UF_Municipio_COMBUSTIVEL_Julho_2026.xlsx
SAO PAULO,UBIRAJARA,GASOLINA/ALCOOL/ELETRICO,3,copy_of_D_Frota_por_UF_Municipio_COMBUSTIVEL_Julho_2026.xlsx
SAO PAULO,UBIRAJARA,HIBRIDO PLUG-IN,1,copy_of_D_Frota_por_UF_Municipio_COMBUSTIVEL_Julho_2026.xlsx
SAO PAULO,UBIRAJARA,Sem Informação,127,copy_of_D_Frota_por_UF_Municipio_COMBUSTIVEL_Julho_2026.xlsx
SAO PAULO,UCHOA,ALCOOL,633,copy_of_D_Frota_por_UF_Municipio_COMBUSTIVEL_Julho_2026.xlsx
SAO PAULO,UCHOA,ALCOOL/GASOLINA,3280,copy_of_D_Frota_por_UF_Municipio_COMBUSTIVEL_Julho_2026.xlsx
SAO PAULO,UCHOA,DIESEL,629,copy_of_D_Frota_por_UF_Municipio_COMBUSTIVEL_Julho_2026.xlsx
SAO PAULO,UCHOA,DIESEL/ELETRICO,1,copy_of_D_Frota_por_UF_Municipio_COMBUSTIVEL_Julho_2026.xlsx
SAO PAULO,UCHOA,ELETRICO/FONTE EXTERNA,7,copy_of_D_Frota_por_UF_Municipio_COMBUSTIVEL_Julho_2026.xlsx
SAO PAULO,UCHOA,GASOLINA,3082,copy_of_D_Frota_por_UF_Municipio_COMBUSTIVEL_Julho_2026.xlsx
SAO PAULO,UCHOA,GASOLINA/ALCOOL/ELETRICO,4,copy_of_D_Frota_por_UF_Municipio_COMBUSTIVEL_Julho_2026.xlsx
SAO PAULO,UCHOA,GASOLINA/ALCOOL/GAS NATURAL,1,copy_of_D_Frota_por_UF_Municipio_COMBUSTIVEL_Julho_2026.xlsx
SAO PAULO,UCHOA,GASOLINA/ELETRICO,10,copy_of_D_Frota_por_UF_Municipio_COMBUSTIVEL_Julho_2026.xlsx
SAO PAULO,UCHOA,HIBRIDO PLUG-IN,1,copy_of_D_Frota_por_UF_Municipio_COMBUSTIVEL_Julho_2026.xlsx
SAO PAULO,UCHOA,Sem Informação,323,copy_of_D_Frota_por_UF_Municipio_COMBUSTIVEL_Julho_2026.xlsx
SAO PAULO,UNIAO PAULISTA,ALCOOL,138,copy_of_D_Frota_por_UF_Municipio_COMBUSTIVEL_Julho_2026.xlsx
SAO PAULO,UNIAO PAULISTA,ALCOOL/GASOLINA,428,copy_of_D_Frota_por_UF_Municipio_COMBUSTIVEL_Julho_2026.xlsx
SAO PAULO,UNIAO PAULISTA,DIESEL,122,copy_of_D_Frota_por_UF_Municipio_COMBUSTIVEL_Julho_2026.xlsx
SAO PAULO,UNIAO PAULISTA,GASOLINA,519,copy_of_D_Frota_por_UF_Municipio_COMBUSTIVEL_Julho_2026.xlsx
SAO PAULO,UNIAO PAULISTA,GASOLINA/ALCOOL/GAS NATURAL,1,copy_of_D_Frota_por_UF_Municipio_COMBUSTIVEL_Julho_2026.xlsx
SAO PAULO,UNIAO PAULISTA,Sem Informação,79,copy_of_D_Frota_por_UF_Municipio_COMBUSTIVEL_Julho_2026.xlsx
SAO PAULO,URANIA,ALCOOL,651,copy_of_D_Frota_por_UF_Municipio_COMBUSTIVEL_Julho_2026.xlsx
SAO PAULO,URANIA,ALCOOL/GASOLINA,2941,copy_of_D_Frota_por_UF_Municipio_COMBUSTIVEL_Julho_2026.xlsx
SAO PAULO,URANIA,DIESEL,733,copy_of_D_Frota_por_UF_Municipio_COMBUSTIVEL_Julho_2026.xlsx
SAO PAULO,URANIA,ELETRICO/FONTE EXTERNA,3,copy_of_D_Frota_por_UF_Municipio_COMBUSTIVEL_Julho_2026.xlsx
SAO PAULO,URANIA,GASOLINA,3375,copy_of_D_Frota_por_UF_Municipio_COMBUSTIVEL_Julho_2026.xlsx
SAO PAULO,URANIA,GASOLINA/ALCOOL/ELETRICO,5,copy_of_D_Frota_por_UF_Municipio_COMBUSTIVEL_Julho_2026.xlsx
SAO PAULO,URANIA,GASOLINA/ALCOOL/GAS NATURAL,1,copy_of_D_Frota_por_UF_Municipio_COMBUSTIVEL_Julho_2026.xlsx
SAO PAULO,URANIA,GASOLINA/ELETRICO,3,copy_of_D_Frota_por_UF_Municipio_COMBUSTIVEL_Julho_2026.xlsx
SAO PAULO,URANIA,GASOLINA/GAS NATURAL VEICULAR,8,copy_of_D_Frota_por_UF_Municipio_COMBUSTIVEL_Julho_2026.xlsx
SAO PAULO,URANIA,HIBRIDO PLUG-IN,4,copy_of_D_Frota_por_UF_Municipio_COMBUSTIVEL_Julho_2026.xlsx
SAO PAULO,URANIA,Sem Informação,711,copy_of_D_Frota_por_UF_Municipio_COMBUSTIVEL_Julho_2026.xlsx
SAO PAULO,URU,ALCOOL,94,copy_of_D_Frota_por_UF_Municipio_COMBUSTIVEL_Julho_2026.xlsx
SAO PAULO,URU,ALCOOL/GASOLINA,380,copy_of_D_Frota_por_UF_Municipio_COMBUSTIVEL_Julho_2026.xlsx
SAO PAULO,URU,DIESEL,56,copy_of_D_Frota_por_UF_Municipio_COMBUSTIVEL_Julho_2026.xlsx
SAO PAULO,URU,GASOLINA,368,copy_of_D_Frota_por_UF_Municipio_COMBUSTIVEL_Julho_2026.xlsx
SAO PAULO,URU,GASOLINA/ALCOOL/ELETRICO,3,copy_of_D_Frota_por_UF_Municipio_COMBUSTIVEL_Julho_2026.xlsx
SAO PAULO,URU,Sem Informação,59,copy_of_D_Frota_por_UF_Municipio_COMBUSTIVEL_Julho_2026.xlsx
SAO PAULO,URUPES,ALCOOL,1025,copy_of_D_Frota_por_UF_Municipio_COMBUSTIVEL_Julho_2026.xlsx
SAO PAULO,URUPES,ALCOOL/GASOLINA,5184,copy_of_D_Frota_por_UF_Municipio_COMBUSTIVEL_Julho_2026.xlsx
SAO PAULO,URUPES,DIESEL,1470,copy_of_D_Frota_por_UF_Municipio_COMBUSTIVEL_Julho_2026.xlsx
SAO PAULO,URUPES,DIESEL/ELETRICO,2,copy_of_D_Frota_por_UF_Municipio_COMBUSTIVEL_Julho_2026.xlsx
SAO PAULO,URUPES,ELETRICO,2,copy_of_D_Frota_por_UF_Municipio_COMBUSTIVEL_Julho_2026.xlsx
SAO PAULO,URUPES,ELETRICO/FONTE EXTERNA,7,copy_of_D_Frota_por_UF_Municipio_COMBUSTIVEL_Julho_2026.xlsx
SAO PAULO,URUPES,ELETRICO/FONTE INTERNA,3,copy_of_D_Frota_por_UF_Municipio_COMBUSTIVEL_Julho_2026.xlsx
SAO PAULO,URUPES,GASOLINA,4522,copy_of_D_Frota_por_UF_Municipio_COMBUSTIVEL_Julho_2026.xlsx
SAO PAULO,URUPES,GASOLINA/ALCOOL/ELETRICO,8,copy_of_D_Frota_por_UF_Municipio_COMBUSTIVEL_Julho_2026.xlsx
SAO PAULO,URUPES,GASOLINA/ELETRICO,12,copy_of_D_Frota_por_UF_Municipio_COMBUSTIVEL_Julho_2026.xlsx
SAO PAULO,URUPES,GASOLINA/GAS NATURAL VEICULAR,2,copy_of_D_Frota_por_UF_Municipio_COMBUSTIVEL_Julho_2026.xlsx
SAO PAULO,URUPES,HIBRIDO,5,copy_of_D_Frota_por_UF_Municipio_COMBUSTIVEL_Julho_2026.xlsx
SAO PAULO,URUPES,HIBRIDO PLUG-IN,4,copy_of_D_Frota_por_UF_Municipio_COMBUSTIVEL_Julho_2026.xlsx
SAO PAULO,URUPES,Sem Informação,880,copy_of_D_Frota_por_UF_Municipio_COMBUSTIVEL_Julho_2026.xlsx
SAO PAULO,VALENTIM GENTIL,ALCOOL,810,copy_of_D_Frota_por_UF_Municipio_COMBUSTIVEL_Julho_2026.xlsx
SAO PAULO,VALENTIM GENTIL,ALCOOL/GASOLINA,4931,copy_of_D_Frota_por_UF_Municipio_COMBUSTIVEL_Julho_2026.xlsx
SAO PAULO,VALENTIM GENTIL,DIESEL,979,copy_of_D_Frota_por_UF_Municipio_COMBUSTIVEL_Julho_2026.xlsx
SAO PAULO,VALENTIM GENTIL,ELETRICO,3,copy_of_D_Frota_por_UF_Municipio_COMBUSTIVEL_Julho_2026.xlsx
SAO PAULO,VALENTIM GENTIL,ELETRICO/FONTE EXTERNA,4,copy_of_D_Frota_por_UF_Municipio_COMBUSTIVEL_Julho_2026.xlsx
SAO PAULO,VALENTIM GENTIL,ELETRICO/FONTE INTERNA,1,copy_of_D_Frota_por_UF_Municipio_COMBUSTIVEL_Julho_2026.xlsx
SAO PAULO,VALENTIM GENTIL,GASOL/GAS NATURAL COMBUSTIVEL,1,copy_of_D_Frota_por_UF_Municipio_COMBUSTIVEL_Julho_2026.xlsx
SAO PAULO,VALENTIM GENTIL,GASOLINA,4921,copy_of_D_Frota_por_UF_Municipio_COMBUSTIVEL_Julho_2026.xlsx
SAO PAULO,VALENTIM GENTIL,GASOLINA/ALCOOL/ELETRICO,7,copy_of_D_Frota_por_UF_Municipio_COMBUSTIVEL_Julho_2026.xlsx
SAO PAULO,VALENTIM GENTIL,GASOLINA/ALCOOL/GAS NATURAL,2,copy_of_D_Frota_por_UF_Municipio_COMBUSTIVEL_Julho_2026.xlsx
SAO PAULO,VALENTIM GENTIL,GASOLINA/ELETRICO,10,copy_of_D_Frota_por_UF_Municipio_COMBUSTIVEL_Julho_2026.xlsx
SAO PAULO,VALENTIM GENTIL,HIBRIDO,1,copy_of_D_Frota_por_UF_Municipio_COMBUSTIVEL_Julho_2026.xlsx
SAO PAULO,VALENTIM GENTIL,HIBRIDO PLUG-IN,3,copy_of_D_Frota_por_UF_Municipio_COMBUSTIVEL_Julho_2026.xlsx
SAO PAULO,VALENTIM GENTIL,Sem Informação,722,copy_of_D_Frota_por_UF_Municipio_COMBUSTIVEL_Julho_2026.xlsx
SAO PAULO,VALINHOS,ALCOOL,4834,copy_of_D_Frota_por_UF_Municipio_COMBUSTIVEL_Julho_2026.xlsx
SAO PAULO,VALINHOS,ALCOOL/GAS NATURAL COMBUSTIVEL,3,copy_of_D_Frota_por_UF_Municipio_COMBUSTIVEL_Julho_2026.xlsx
SAO PAULO,VALINHOS,ALCOOL/GAS NATURAL VEICULAR,20,copy_of_D_Frota_por_UF_Municipio_COMBUSTIVEL_Julho_2026.xlsx
SAO PAULO,VALINHOS,ALCOOL/GASOLINA,59368,copy_of_D_Frota_por_UF_Municipio_COMBUSTIVEL_Julho_2026.xlsx
SAO PAULO,VALINHOS,DIESEL,9863,copy_of_D_Frota_por_UF_Municipio_COMBUSTIVEL_Julho_2026.xlsx
SAO PAULO,VALINHOS,DIESEL/ELETRICO,16,copy_of_D_Frota_por_UF_Municipio_COMBUSTIVEL_Julho_2026.xlsx
SAO PAULO,VALINHOS,DIESEL/GAS NATURAL VEICULAR,1,copy_of_D_Frota_por_UF_Municipio_COMBUSTIVEL_Julho_2026.xlsx
SAO PAULO,VALINHOS,ELETRICO,55,copy_of_D_Frota_por_UF_Municipio_COMBUSTIVEL_Julho_2026.xlsx
SAO PAULO,VALINHOS,ELETRICO/FONTE EXTERNA,652,copy_of_D_Frota_por_UF_Municipio_COMBUSTIVEL_Julho_2026.xlsx
SAO PAULO,VALINHOS,ELETRICO/FONTE INTERNA,41,copy_of_D_Frota_por_UF_Municipio_COMBUSTIVEL_Julho_2026.xlsx
SAO PAULO,VALINHOS,GAS METANO,2,copy_of_D_Frota_por_UF_Municipio_COMBUSTIVEL_Julho_2026.xlsx
SAO PAULO,VALINHOS,GAS NATURAL VEICULAR,2,copy_of_D_Frota_por_UF_Municipio_COMBUSTIVEL_Julho_2026.xlsx
SAO PAULO,VALINHOS,GASOL/GAS NATURAL COMBUSTIVEL,11,copy_of_D_Frota_por_UF_Municipio_COMBUSTIVEL_Julho_2026.xlsx
SAO PAULO,VALINHOS,GASOLINA,41489,copy_of_D_Frota_por_UF_Municipio_COMBUSTIVEL_Julho_2026.xlsx
SAO PAULO,VALINHOS,GASOLINA/ALCOOL/ELETRICO,449,copy_of_D_Frota_por_UF_Municipio_COMBUSTIVEL_Julho_2026.xlsx
SAO PAULO,VALINHOS,GASOLINA/ALCOOL/GAS NATURAL,119,copy_of_D_Frota_por_UF_Municipio_COMBUSTIVEL_Julho_2026.xlsx
SAO PAULO,VALINHOS,GASOLINA/ELETRICO,1058,copy_of_D_Frota_por_UF_Municipio_COMBUSTIVEL_Julho_2026.xlsx
SAO PAULO,VALINHOS,GASOLINA/GAS NATURAL VEICULAR,480,copy_of_D_Frota_por_UF_Municipio_COMBUSTIVEL_Julho_2026.xlsx
SAO PAULO,VALINHOS,HIBRIDO,74,copy_of_D_Frota_por_UF_Municipio_COMBUSTIVEL_Julho_2026.xlsx
SAO PAULO,VALINHOS,HIBRIDO PLUG-IN,164,copy_of_D_Frota_por_UF_Municipio_COMBUSTIVEL_Julho_2026.xlsx
SAO PAULO,VALINHOS,Sem Informação,3202,copy_of_D_Frota_por_UF_Municipio_COMBUSTIVEL_Julho_2026.xlsx
SAO PAULO,VALPARAISO,ALCOOL,1238,copy_of_D_Frota_por_UF_Municipio_COMBUSTIVEL_Julho_2026.xlsx
SAO PAULO,VALPARAISO,ALCOOL/GASOLINA,6632,copy_of_D_Frota_por_UF_Municipio_COMBUSTIVEL_Julho_2026.xlsx
SAO PAULO,VALPARAISO,DIESEL,1273,copy_of_D_Frota_por_UF_Municipio_COMBUSTIVEL_Julho_2026.xlsx
SAO PAULO,VALPARAISO,DIESEL/GAS NATURAL VEICULAR,3,copy_of_D_Frota_por_UF_Municipio_COMBUSTIVEL_Julho_2026.xlsx
SAO PAULO,VALPARAISO,ELETRICO/FONTE EXTERNA,4,copy_of_D_Frota_por_UF_Municipio_COMBUSTIVEL_Julho_2026.xlsx
SAO PAULO,VALPARAISO,GAS NATURAL VEICULAR,2,copy_of_D_Frota_por_UF_Municipio_COMBUSTIVEL_Julho_2026.xlsx
SAO PAULO,VALPARAISO,GASOLINA,5144,copy_of_D_Frota_por_UF_Municipio_COMBUSTIVEL_Julho_2026.xlsx
SAO PAULO,VALPARAISO,GASOLINA/ALCOOL/ELETRICO,9,copy_of_D_Frota_por_UF_Municipio_COMBUSTIVEL_Julho_2026.xlsx
SAO PAULO,VALPARAISO,GASOLINA/ALCOOL/GAS NATURAL,3,copy_of_D_Frota_por_UF_Municipio_COMBUSTIVEL_Julho_2026.xlsx
SAO PAULO,VALPARAISO,GASOLINA/ELETRICO,6,copy_of_D_Frota_por_UF_Municipio_COMBUSTIVEL_Julho_2026.xlsx
SAO PAULO,VALPARAISO,GASOLINA/GAS NATURAL VEICULAR,8,copy_of_D_Frota_por_UF_Municipio_COMBUSTIVEL_Julho_2026.xlsx
SAO PAULO,VALPARAISO,HIBRIDO,4,copy_of_D_Frota_por_UF_Municipio_COMBUSTIVEL_Julho_2026.xlsx
SAO PAULO,VALPARAISO,HIBRIDO PLUG-IN,1,copy_of_D_Frota_por_UF_Municipio_COMBUSTIVEL_Julho_2026.xlsx
SAO PAULO,VALPARAISO,Sem Informação,809,copy_of_D_Frota_por_UF_Municipio_COMBUSTIVEL_Julho_2026.xlsx
SAO PAULO,VARGEM,ALCOOL,516,copy_of_D_Frota_por_UF_Municipio_COMBUSTIVEL_Julho_2026.xlsx
SAO PAULO,VARGEM,ALCOOL/GAS NATURAL VEICULAR,2,copy_of_D_Frota_por_UF_Municipio_COMBUSTIVEL_Julho_2026.xlsx
SAO PAULO,VARGEM,ALCOOL/GASOLINA,3922,copy_of_D_Frota_por_UF_Municipio_COMBUSTIVEL_Julho_2026.xlsx
SAO PAULO,VARGEM,DIESEL,1069,copy_of_D_Frota_por_UF_Municipio_COMBUSTIVEL_Julho_2026.xlsx
SAO PAULO,VARGEM,DIESEL/ELETRICO,1,copy_of_D_Frota_por_UF_Municipio_COMBUSTIVEL_Julho_2026.xlsx
SAO PAULO,VARGEM,ELETRICO,5,copy_of_D_Frota_por_UF_Municipio_COMBUSTIVEL_Julho_2026.xlsx
SAO PAULO,VARGEM,ELETRICO/FONTE EXTERNA,11,copy_of_D_Frota_por_UF_Municipio_COMBUSTIVEL_Julho_2026.xlsx
SAO PAULO,VARGEM,ELETRICO/FONTE INTERNA,1,copy_of_D_Frota_por_UF_Municipio_COMBUSTIVEL_Julho_2026.xlsx
SAO PAULO,VARGEM,GASOLINA,4803,copy_of_D_Frota_por_UF_Municipio_COMBUSTIVEL_Julho_2026.xlsx
SAO PAULO,VARGEM,GASOLINA/ALCOOL/ELETRICO,5,copy_of_D_Frota_por_UF_Municipio_COMBUSTIVEL_Julho_2026.xlsx
SAO PAULO,VARGEM,GASOLINA/ALCOOL/GAS NATURAL,6,copy_of_D_Frota_por_UF_Municipio_COMBUSTIVEL_Julho_2026.xlsx
SAO PAULO,VARGEM,GASOLINA/ELETRICO,12,copy_of_D_Frota_por_UF_Municipio_COMBUSTIVEL_Julho_2026.xlsx
SAO PAULO,VARGEM,GASOLINA/GAS NATURAL VEICULAR,9,copy_of_D_Frota_por_UF_Municipio_COMBUSTIVEL_Julho_2026.xlsx
SAO PAULO,VARGEM,HIBRIDO PLUG-IN,1,copy_of_D_Frota_por_UF_Municipio_COMBUSTIVEL_Julho_2026.xlsx
SAO PAULO,VARGEM,Sem Informação,365,copy_of_D_Frota_por_UF_Municipio_COMBUSTIVEL_Julho_2026.xlsx
SAO PAULO,VARGEM GRANDE DO SUL,ALCOOL,2018,copy_of_D_Frota_por_UF_Municipio_COMBUSTIVEL_Julho_2026.xlsx
SAO PAULO,VARGEM GRANDE DO SUL,ALCOOL/GASOLINA,12361,copy_of_D_Frota_por_UF_Municipio_COMBUSTIVEL_Julho_2026.xlsx
SAO PAULO,VARGEM GRANDE DO SUL,DIESEL,3364,copy_of_D_Frota_por_UF_Municipio_COMBUSTIVEL_Julho_2026.xlsx
SAO PAULO,VARGEM GRANDE DO SUL,DIESEL/ELETRICO,6,copy_of_D_Frota_por_UF_Municipio_COMBUSTIVEL_Julho_2026.xlsx
SAO PAULO,VARGEM GRANDE DO SUL,ELETRICO,3,copy_of_D_Frota_por_UF_Municipio_COMBUSTIVEL_Julho_2026.xlsx
SAO PAULO,VARGEM GRANDE DO SUL,ELETRICO/FONTE EXTERNA,19,copy_of_D_Frota_por_UF_Municipio_COMBUSTIVEL_Julho_2026.xlsx
SAO PAULO,VARGEM GRANDE DO SUL,ELETRICO/FONTE INTERNA,2,copy_of_D_Frota_por_UF_Municipio_COMBUSTIVEL_Julho_2026.xlsx
SAO PAULO,VARGEM GRANDE DO SUL,GASOL/GAS NATURAL COMBUSTIVEL,1,copy_of_D_Frota_por_UF_Municipio_COMBUSTIVEL_Julho_2026.xlsx
SAO PAULO,VARGEM GRANDE DO SUL,GASOLINA,15634,copy_of_D_Frota_por_UF_Municipio_COMBUSTIVEL_Julho_2026.xlsx
SAO PAULO,VARGEM GRANDE DO SUL,GASOLINA/ALCOOL/ELETRICO,17,copy_of_D_Frota_por_UF_Municipio_COMBUSTIVEL_Julho_2026.xlsx
SAO PAULO,VARGEM GRANDE DO SUL,GASOLINA/ALCOOL/GAS NATURAL,2,copy_of_D_Frota_por_UF_Municipio_COMBUSTIVEL_Julho_2026.xlsx
SAO PAULO,VARGEM GRANDE DO SUL,GASOLINA/ELETRICO,24,copy_of_D_Frota_por_UF_Municipio_COMBUSTIVEL_Julho_2026.xlsx
SAO PAULO,VARGEM GRANDE DO SUL,GASOLINA/GAS NATURAL VEICULAR,23,copy_of_D_Frota_por_UF_Municipio_COMBUSTIVEL_Julho_2026.xlsx
SAO PAULO,VARGEM GRANDE DO SUL,HIBRIDO,2,copy_of_D_Frota_por_UF_Municipio_COMBUSTIVEL_Julho_2026.xlsx
SAO PAULO,VARGEM GRANDE DO SUL,HIBRIDO PLUG-IN,9,copy_of_D_Frota_por_UF_Municipio_COMBUSTIVEL_Julho_2026.xlsx
SAO PAULO,VARGEM GRANDE DO SUL,Sem Informação,988,copy_of_D_Frota_por_UF_Municipio_COMBUSTIVEL_Julho_2026.xlsx
SAO PAULO,VARGEM GRANDE PAULISTA,ALCOOL,1733,copy_of_D_Frota_por_UF_Municipio_COMBUSTIVEL_Julho_2026.xlsx
SAO PAULO,VARGEM GRANDE PAULISTA,ALCOOL/GAS NATURAL COMBUSTIVEL,1,copy_of_D_Frota_por_UF_Municipio_COMBUSTIVEL_Julho_2026.xlsx
SAO PAULO,VARGEM GRANDE PAULISTA,ALCOOL/GAS NATURAL VEICULAR,11,copy_of_D_Frota_por_UF_Municipio_COMBUSTIVEL_Julho_2026.xlsx
SAO PAULO,VARGEM GRANDE PAULISTA,ALCOOL/GASOLINA,19282,copy_of_D_Frota_por_UF_Municipio_COMBUSTIVEL_Julho_2026.xlsx
SAO PAULO,VARGEM GRANDE PAULISTA,DIESEL,3333,copy_of_D_Frota_por_UF_Municipio_COMBUSTIVEL_Julho_2026.xlsx
SAO PAULO,VARGEM GRANDE PAULISTA,DIESEL/ELETRICO,1,copy_of_D_Frota_por_UF_Municipio_COMBUSTIVEL_Julho_2026.xlsx
SAO PAULO,VARGEM GRANDE PAULISTA,ELETRICO,13,copy_of_D_Frota_por_UF_Municipio_COMBUSTIVEL_Julho_2026.xlsx
SAO PAULO,VARGEM GRANDE PAULISTA,ELETRICO/FONTE EXTERNA,92,copy_of_D_Frota_por_UF_Municipio_COMBUSTIVEL_Julho_2026.xlsx
SAO PAULO,VARGEM GRANDE PAULISTA,ELETRICO/FONTE INTERNA,6,copy_of_D_Frota_por_UF_Municipio_COMBUSTIVEL_Julho_2026.xlsx
SAO PAULO,VARGEM GRANDE PAULISTA,GAS METANO,3,copy_of_D_Frota_por_UF_Municipio_COMBUSTIVEL_Julho_2026.xlsx
SAO PAULO,VARGEM GRANDE PAULISTA,GASOL/GAS NATURAL COMBUSTIVEL,13,copy_of_D_Frota_por_UF_Municipio_COMBUSTIVEL_Julho_2026.xlsx
SAO PAULO,VARGEM GRANDE PAULISTA,GASOLINA,16147,copy_of_D_Frota_por_UF_Municipio_COMBUSTIVEL_Julho_2026.xlsx
SAO PAULO,VARGEM GRANDE PAULISTA,GASOLINA/ALCOOL/ELETRICO,90,copy_of_D_Frota_por_UF_Municipio_COMBUSTIVEL_Julho_2026.xlsx
SAO PAULO,VARGEM GRANDE PAULISTA,GASOLINA/ALCOOL/GAS NATURAL,41,copy_of_D_Frota_por_UF_Municipio_COMBUSTIVEL_Julho_2026.xlsx
SAO PAULO,VARGEM GRANDE PAULISTA,GASOLINA/ELETRICO,133,copy_of_D_Frota_por_UF_Municipio_COMBUSTIVEL_Julho_2026.xlsx
SAO PAULO,VARGEM GRANDE PAULISTA,GASOLINA/GAS NATURAL VEICULAR,191,copy_of_D_Frota_por_UF_Municipio_COMBUSTIVEL_Julho_2026.xlsx
SAO PAULO,VARGEM GRANDE PAULISTA,HIBRIDO,9,copy_of_D_Frota_por_UF_Municipio_COMBUSTIVEL_Julho_2026.xlsx
SAO PAULO,VARGEM GRANDE PAULISTA,HIBRIDO PLUG-IN,35,copy_of_D_Frota_por_UF_Municipio_COMBUSTIVEL_Julho_2026.xlsx
SAO PAULO,VARGEM GRANDE PAULISTA,Sem Informação,775,copy_of_D_Frota_por_UF_Municipio_COMBUSTIVEL_Julho_2026.xlsx
SAO PAULO,VARZEA PAULISTA,ALCOOL,4359,copy_of_D_Frota_por_UF_Municipio_COMBUSTIVEL_Julho_2026.xlsx
SAO PAULO,VARZEA PAULISTA,ALCOOL/GAS NATURAL COMBUSTIVEL,7,copy_of_D_Frota_por_UF_Municipio_COMBUSTIVEL_Julho_2026.xlsx
SAO PAULO,VARZEA PAULISTA,ALCOOL/GAS NATURAL VEICULAR,40,copy_of_D_Frota_por_UF_Municipio_COMBUSTIVEL_Julho_2026.xlsx
SAO PAULO,VARZEA PAULISTA,ALCOOL/GASOLINA,37961,copy_of_D_Frota_por_UF_Municipio_COMBUSTIVEL_Julho_2026.xlsx
SAO PAULO,VARZEA PAULISTA,DIESEL,4781,copy_of_D_Frota_por_UF_Municipio_COMBUSTIVEL_Julho_2026.xlsx
SAO PAULO,VARZEA PAULISTA,DIESEL/ELETRICO,1,copy_of_D_Frota_por_UF_Municipio_COMBUSTIVEL_Julho_2026.xlsx
SAO PAULO,VARZEA PAULISTA,ELETRICO,5,copy_of_D_Frota_por_UF_Municipio_COMBUSTIVEL_Julho_2026.xlsx
SAO PAULO,VARZEA PAULISTA,ELETRICO/FONTE EXTERNA,69,copy_of_D_Frota_por_UF_Municipio_COMBUSTIVEL_Julho_2026.xlsx
SAO PAULO,VARZEA PAULISTA,ELETRICO/FONTE INTERNA,8,copy_of_D_Frota_por_UF_Municipio_COMBUSTIVEL_Julho_2026.xlsx
SAO PAULO,VARZEA PAULISTA,GAS METANO,3,copy_of_D_Frota_por_UF_Municipio_COMBUSTIVEL_Julho_2026.xlsx
SAO PAULO,VARZEA PAULISTA,GASOL/GAS NATURAL COMBUSTIVEL,13,copy_of_D_Frota_por_UF_Municipio_COMBUSTIVEL_Julho_2026.xlsx
SAO PAULO,VARZEA PAULISTA,GASOLINA,36916,copy_of_D_Frota_por_UF_Municipio_COMBUSTIVEL_Julho_2026.xlsx
SAO PAULO,VARZEA PAULISTA,GASOLINA/ALCOOL/ELETRICO,53,copy_of_D_Frota_por_UF_Municipio_COMBUSTIVEL_Julho_2026.xlsx
SAO PAULO,VARZEA PAULISTA,GASOLINA/ALCOOL/GAS NATURAL,79,copy_of_D_Frota_por_UF_Municipio_COMBUSTIVEL_Julho_2026.xlsx
SAO PAULO,VARZEA PAULISTA,GASOLINA/ELETRICO,58,copy_of_D_Frota_por_UF_Municipio_COMBUSTIVEL_Julho_2026.xlsx
SAO PAULO,VARZEA PAULISTA,GASOLINA/GAS NATURAL VEICULAR,646,copy_of_D_Frota_por_UF_Municipio_COMBUSTIVEL_Julho_2026.xlsx
SAO PAULO,VARZEA PAULISTA,HIBRIDO,1,copy_of_D_Frota_por_UF_Municipio_COMBUSTIVEL_Julho_2026.xlsx
SAO PAULO,VARZEA PAULISTA,HIBRIDO PLUG-IN,15,copy_of_D_Frota_por_UF_Municipio_COMBUSTIVEL_Julho_2026.xlsx
SAO PAULO,VARZEA PAULISTA,Sem Informação,1635,copy_of_D_Frota_por_UF_Municipio_COMBUSTIVEL_Julho_2026.xlsx
SAO PAULO,VERA CRUZ,ALCOOL,642,copy_of_D_Frota_por_UF_Municipio_COMBUSTIVEL_Julho_2026.xlsx
SAO PAULO,VERA CRUZ,ALCOOL/GASOLINA,2902,copy_of_D_Frota_por_UF_Municipio_COMBUSTIVEL_Julho_2026.xlsx
SAO PAULO,VERA CRUZ,DIESEL,439,copy_of_D_Frota_por_UF_Municipio_COMBUSTIVEL_Julho_2026.xlsx
SAO PAULO,VERA CRUZ,ELETRICO/FONTE EXTERNA,4,copy_of_D_Frota_por_UF_Municipio_COMBUSTIVEL_Julho_2026.xlsx
SAO PAULO,VERA CRUZ,GASOLINA,3399,copy_of_D_Frota_por_UF_Municipio_COMBUSTIVEL_Julho_2026.xlsx
SAO PAULO,VERA CRUZ,GASOLINA/ALCOOL/ELETRICO,4,copy_of_D_Frota_por_UF_Municipio_COMBUSTIVEL_Julho_2026.xlsx
SAO PAULO,VERA CRUZ,GASOLINA/ELETRICO,5,copy_of_D_Frota_por_UF_Municipio_COMBUSTIVEL_Julho_2026.xlsx
SAO PAULO,VERA CRUZ,GASOLINA/GAS NATURAL VEICULAR,4,copy_of_D_Frota_por_UF_Municipio_COMBUSTIVEL_Julho_2026.xlsx
SAO PAULO,VERA CRUZ,Sem Informação,235,copy_of_D_Frota_por_UF_Municipio_COMBUSTIVEL_Julho_2026.xlsx
SAO PAULO,VINHEDO,ALCOOL,2956,copy_of_D_Frota_por_UF_Municipio_COMBUSTIVEL_Julho_2026.xlsx
SAO PAULO,VINHEDO,ALCOOL/GAS NATURAL COMBUSTIVEL,1,copy_of_D_Frota_por_UF_Municipio_COMBUSTIVEL_Julho_2026.xlsx
SAO PAULO,VINHEDO,ALCOOL/GAS NATURAL VEICULAR,11,copy_of_D_Frota_por_UF_Municipio_COMBUSTIVEL_Julho_2026.xlsx
SAO PAULO,VINHEDO,ALCOOL/GASOLINA,34105,copy_of_D_Frota_por_UF_Municipio_COMBUSTIVEL_Julho_2026.xlsx
SAO PAULO,VINHEDO,DIESEL,4844,copy_of_D_Frota_por_UF_Municipio_COMBUSTIVEL_Julho_2026.xlsx
SAO PAULO,VINHEDO,DIESEL/ELETRICO,17,copy_of_D_Frota_por_UF_Municipio_COMBUSTIVEL_Julho_2026.xlsx
SAO PAULO,VINHEDO,DIESEL/GAS NATURAL VEICULAR,1,copy_of_D_Frota_por_UF_Municipio_COMBUSTIVEL_Julho_2026.xlsx
SAO PAULO,VINHEDO,ELETRICO,61,copy_of_D_Frota_por_UF_Municipio_COMBUSTIVEL_Julho_2026.xlsx
SAO PAULO,VINHEDO,ELETRICO/FONTE EXTERNA,317,copy_of_D_Frota_por_UF_Municipio_COMBUSTIVEL_Julho_2026.xlsx
SAO PAULO,VINHEDO,ELETRICO/FONTE INTERNA,22,copy_of_D_Frota_por_UF_Municipio_COMBUSTIVEL_Julho_2026.xlsx
SAO PAULO,VINHEDO,GAS METANO,6,copy_of_D_Frota_por_UF_Municipio_COMBUSTIVEL_Julho_2026.xlsx
SAO PAULO,VINHEDO,GASOL/GAS NATURAL COMBUSTIVEL,6,copy_of_D_Frota_por_UF_Municipio_COMBUSTIVEL_Julho_2026.xlsx
SAO PAULO,VINHEDO,GASOLINA,28386,copy_of_D_Frota_por_UF_Municipio_COMBUSTIVEL_Julho_2026.xlsx
SAO PAULO,VINHEDO,GASOLINA/ALCOOL/ELETRICO,277,copy_of_D_Frota_por_UF_Municipio_COMBUSTIVEL_Julho_2026.xlsx
SAO PAULO,VINHEDO,GASOLINA/ALCOOL/GAS NATURAL,54,copy_of_D_Frota_por_UF_Municipio_COMBUSTIVEL_Julho_2026.xlsx
SAO PAULO,VINHEDO,GASOLINA/ELETRICO,471,copy_of_D_Frota_por_UF_Municipio_COMBUSTIVEL_Julho_2026.xlsx
SAO PAULO,VINHEDO,GASOLINA/GAS NATURAL VEICULAR,282,copy_of_D_Frota_por_UF_Municipio_COMBUSTIVEL_Julho_2026.xlsx
SAO PAULO,VINHEDO,HIBRIDO,64,copy_of_D_Frota_por_UF_Municipio_COMBUSTIVEL_Julho_2026.xlsx
SAO PAULO,VINHEDO,HIBRIDO PLUG-IN,148,copy_of_D_Frota_por_UF_Municipio_COMBUSTIVEL_Julho_2026.xlsx
SAO PAULO,VINHEDO,Sem Informação,1515,copy_of_D_Frota_por_UF_Municipio_COMBUSTIVEL_Julho_2026.xlsx
SAO PAULO,VIRADOURO,ALCOOL,1613,copy_of_D_Frota_por_UF_Municipio_COMBUSTIVEL_Julho_2026.xlsx
SAO PAULO,VIRADOURO,ALCOOL/GASOLINA,5729,copy_of_D_Frota_por_UF_Municipio_COMBUSTIVEL_Julho_2026.xlsx
SAO PAULO,VIRADOURO,DIESEL,1135,copy_of_D_Frota_por_UF_Municipio_COMBUSTIVEL_Julho_2026.xlsx
SAO PAULO,VIRADOURO,ELETRICO/FONTE EXTERNA,10,copy_of_D_Frota_por_UF_Municipio_COMBUSTIVEL_Julho_2026.xlsx
SAO PAULO,VIRADOURO,ELETRICO/FONTE INTERNA,1,copy_of_D_Frota_por_UF_Municipio_COMBUSTIVEL_Julho_2026.xlsx
SAO PAULO,VIRADOURO,GASOLINA,5440,copy_of_D_Frota_por_UF_Municipio_COMBUSTIVEL_Julho_2026.xlsx
SAO PAULO,VIRADOURO,GASOLINA/ALCOOL/ELETRICO,7,copy_of_D_Frota_por_UF_Municipio_COMBUSTIVEL_Julho_2026.xlsx
SAO PAULO,VIRADOURO,GASOLINA/ELETRICO,3,copy_of_D_Frota_por_UF_Municipio_COMBUSTIVEL_Julho_2026.xlsx
SAO PAULO,VIRADOURO,GASOLINA/GAS NATURAL VEICULAR,5,copy_of_D_Frota_por_UF_Municipio_COMBUSTIVEL_Julho_2026.xlsx
SAO PAULO,VIRADOURO,HIBRIDO,1,copy_of_D_Frota_por_UF_Municipio_COMBUSTIVEL_Julho_2026.xlsx
SAO PAULO,VIRADOURO,HIBRIDO PLUG-IN,4,copy_of_D_Frota_por_UF_Municipio_COMBUSTIVEL_Julho_2026.xlsx
SAO PAULO,VIRADOURO,Sem Informação,590,copy_of_D_Frota_por_UF_Municipio_COMBUSTIVEL_Julho_2026.xlsx
SAO PAULO,VISTA ALEGRE DO ALTO,ALCOOL,389,copy_of_D_Frota_por_UF_Municipio_COMBUSTIVEL_Julho_2026.xlsx
SAO PAULO,VISTA ALEGRE DO ALTO,ALCOOL/GASOLINA,2614,copy_of_D_Frota_por_UF_Municipio_COMBUSTIVEL_Julho_2026.xlsx
SAO PAULO,VISTA ALEGRE DO ALTO,DIESEL,1023,copy_of_D_Frota_por_UF_Municipio_COMBUSTIVEL_Julho_2026.xlsx
SAO PAULO,VISTA ALEGRE DO ALTO,ELETRICO/FONTE EXTERNA,2,copy_of_D_Frota_por_UF_Municipio_COMBUSTIVEL_Julho_2026.xlsx
SAO PAULO,VISTA ALEGRE DO ALTO,ELETRICO/FONTE INTERNA,1,copy_of_D_Frota_por_UF_Municipio_COMBUSTIVEL_Julho_2026.xlsx
SAO PAULO,VISTA ALEGRE DO ALTO,GASOLINA,1813,copy_of_D_Frota_por_UF_Municipio_COMBUSTIVEL_Julho_2026.xlsx
SAO PAULO,VISTA ALEGRE DO ALTO,GASOLINA/ALCOOL/ELETRICO,10,copy_of_D_Frota_por_UF_Municipio_COMBUSTIVEL_Julho_2026.xlsx
SAO PAULO,VISTA ALEGRE DO ALTO,GASOLINA/ELETRICO,3,copy_of_D_Frota_por_UF_Municipio_COMBUSTIVEL_Julho_2026.xlsx
SAO PAULO,VISTA ALEGRE DO ALTO,HIBRIDO,1,copy_of_D_Frota_por_UF_Municipio_COMBUSTIVEL_Julho_2026.xlsx
SAO PAULO,VISTA ALEGRE DO ALTO,HIBRIDO PLUG-IN,4,copy_of_D_Frota_por_UF_Municipio_COMBUSTIVEL_Julho_2026.xlsx
SAO PAULO,VISTA ALEGRE DO ALTO,Sem Informação,768,copy_of_D_Frota_por_UF_Municipio_COMBUSTIVEL_Julho_2026.xlsx
SAO PAULO,VITORIA BRASIL,ALCOOL,110,copy_of_D_Frota_por_UF_Municipio_COMBUSTIVEL_Julho_2026.xlsx
SAO PAULO,VITORIA BRASIL,ALCOOL/GASOLINA,494,copy_of_D_Frota_por_UF_Municipio_COMBUSTIVEL_Julho_2026.xlsx
SAO PAULO,VITORIA BRASIL,DIESEL,142,copy_of_D_Frota_por_UF_Municipio_COMBUSTIVEL_Julho_2026.xlsx
SAO PAULO,VITORIA BRASIL,ELETRICO/FONTE EXTERNA,1,copy_of_D_Frota_por_UF_Municipio_COMBUSTIVEL_Julho_2026.xlsx
SAO PAULO,VITORIA BRASIL,GASOLINA,518,copy_of_D_Frota_por_UF_Municipio_COMBUSTIVEL_Julho_2026.xlsx
SAO PAULO,VITORIA BRASIL,GASOLINA/ALCOOL/ELETRICO,1,copy_of_D_Frota_por_UF_Municipio_COMBUSTIVEL_Julho_2026.xlsx
SAO PAULO,VITORIA BRASIL,HIBRIDO,1,copy_of_D_Frota_por_UF_Municipio_COMBUSTIVEL_Julho_2026.xlsx
SAO PAULO,VITORIA BRASIL,HIBRIDO PLUG-IN,1,copy_of_D_Frota_por_UF_Municipio_COMBUSTIVEL_Julho_2026.xlsx
SAO PAULO,VITORIA BRASIL,Sem Informação,100,copy_of_D_Frota_por_UF_Municipio_COMBUSTIVEL_Julho_2026.xlsx
SAO PAULO,VOTORANTIM,ALCOOL,4578,copy_of_D_Frota_por_UF_Municipio_COMBUSTIVEL_Julho_2026.xlsx
SAO PAULO,VOTORANTIM,ALCOOL/GAS NATURAL COMBUSTIVEL,1,copy_of_D_Frota_por_UF_Municipio_COMBUSTIVEL_Julho_2026.xlsx
SAO PAULO,VOTORANTIM,ALCOOL/GAS NATURAL VEICULAR,37,copy_of_D_Frota_por_UF_Municipio_COMBUSTIVEL_Julho_2026.xlsx
SAO PAULO,VOTORANTIM,ALCOOL/GASOLINA,40719,copy_of_D_Frota_por_UF_Municipio_COMBUSTIVEL_Julho_2026.xlsx
SAO PAULO,VOTORANTIM,DIESEL,4305,copy_of_D_Frota_por_UF_Municipio_COMBUSTIVEL_Julho_2026.xlsx
SAO PAULO,VOTORANTIM,DIESEL/ELETRICO,12,copy_of_D_Frota_por_UF_Municipio_COMBUSTIVEL_Julho_2026.xlsx
SAO PAULO,VOTORANTIM,ELETRICO,32,copy_of_D_Frota_por_UF_Municipio_COMBUSTIVEL_Julho_2026.xlsx
SAO PAULO,VOTORANTIM,ELETRICO/FONTE EXTERNA,239,copy_of_D_Frota_por_UF_Municipio_COMBUSTIVEL_Julho_2026.xlsx
SAO PAULO,VOTORANTIM,ELETRICO/FONTE INTERNA,22,copy_of_D_Frota_por_UF_Municipio_COMBUSTIVEL_Julho_2026.xlsx
SAO PAULO,VOTORANTIM,GAS METANO,5,copy_of_D_Frota_por_UF_Municipio_COMBUSTIVEL_Julho_2026.xlsx
SAO PAULO,VOTORANTIM,GAS NATURAL VEICULAR,1,copy_of_D_Frota_por_UF_Municipio_COMBUSTIVEL_Julho_2026.xlsx
SAO PAULO,VOTORANTIM,GASOGENIO,1,copy_of_D_Frota_por_UF_Municipio_COMBUSTIVEL_Julho_2026.xlsx
SAO PAULO,VOTORANTIM,GASOL/GAS NATURAL COMBUSTIVEL,6,copy_of_D_Frota_por_UF_Municipio_COMBUSTIVEL_Julho_2026.xlsx
SAO PAULO,VOTORANTIM,GASOLINA,39203,copy_of_D_Frota_por_UF_Municipio_COMBUSTIVEL_Julho_2026.xlsx
SAO PAULO,VOTORANTIM,GASOLINA/ALCOOL/ELETRICO,146,copy_of_D_Frota_por_UF_Municipio_COMBUSTIVEL_Julho_2026.xlsx
SAO PAULO,VOTORANTIM,GASOLINA/ALCOOL/GAS NATURAL,115,copy_of_D_Frota_por_UF_Municipio_COMBUSTIVEL_Julho_2026.xlsx
SAO PAULO,VOTORANTIM,GASOLINA/ELETRICO,311,copy_of_D_Frota_por_UF_Municipio_COMBUSTIVEL_Julho_2026.xlsx
SAO PAULO,VOTORANTIM,GASOLINA/GAS NATURAL VEICULAR,521,copy_of_D_Frota_por_UF_Municipio_COMBUSTIVEL_Julho_2026.xlsx
SAO PAULO,VOTORANTIM,HIBRIDO,29,copy_of_D_Frota_por_UF_Municipio_COMBUSTIVEL_Julho_2026.xlsx
SAO PAULO,VOTORANTIM,HIBRIDO PLUG-IN,112,copy_of_D_Frota_por_UF_Municipio_COMBUSTIVEL_Julho_2026.xlsx
SAO PAULO,VOTORANTIM,Sem Informação,2005,copy_of_D_Frota_por_UF_Municipio_COMBUSTIVEL_Julho_2026.xlsx
SAO PAULO,VOTUPORANGA,ALCOOL,5700,copy_of_D_Frota_por_UF_Municipio_COMBUSTIVEL_Julho_2026.xlsx
SAO PAULO,VOTUPORANGA,ALCOOL/GAS NATURAL VEICULAR,2,copy_of_D_Frota_por_UF_Municipio_COMBUSTIVEL_Julho_2026.xlsx
SAO PAULO,VOTUPORANGA,ALCOOL/GASOLINA,41383,copy_of_D_Frota_por_UF_Municipio_COMBUSTIVEL_Julho_2026.xlsx
SAO PAULO,VOTUPORANGA,DIESEL,6609,copy_of_D_Frota_por_UF_Municipio_COMBUSTIVEL_Julho_2026.xlsx
SAO PAULO,VOTUPORANGA,DIESEL/ELETRICO,7,copy_of_D_Frota_por_UF_Municipio_COMBUSTIVEL_Julho_2026.xlsx
SAO PAULO,VOTUPORANGA,DIESEL/GAS NATURAL COMBUSTIVEL,1,copy_of_D_Frota_por_UF_Municipio_COMBUSTIVEL_Julho_2026.xlsx
SAO PAULO,VOTUPORANGA,ELETRICO,9,copy_of_D_Frota_por_UF_Municipio_COMBUSTIVEL_Julho_2026.xlsx
SAO PAULO,VOTUPORANGA,ELETRICO/FONTE EXTERNA,82,copy_of_D_Frota_por_UF_Municipio_COMBUSTIVEL_Julho_2026.xlsx
SAO PAULO,VOTUPORANGA,ELETRICO/FONTE INTERNA,15,copy_of_D_Frota_por_UF_Municipio_COMBUSTIVEL_Julho_2026.xlsx
SAO PAULO,VOTUPORANGA,GASOLINA,43099,copy_of_D_Frota_por_UF_Municipio_COMBUSTIVEL_Julho_2026.xlsx
SAO PAULO,VOTUPORANGA,GASOLINA/ALCOOL/ELETRICO,88,copy_of_D_Frota_por_UF_Municipio_COMBUSTIVEL_Julho_2026.xlsx
SAO PAULO,VOTUPORANGA,GASOLINA/ALCOOL/GAS NATURAL,10,copy_of_D_Frota_por_UF_Municipio_COMBUSTIVEL_Julho_2026.xlsx
SAO PAULO,VOTUPORANGA,GASOLINA/ELETRICO,121,copy_of_D_Frota_por_UF_Municipio_COMBUSTIVEL_Julho_2026.xlsx
SAO PAULO,VOTUPORANGA,GASOLINA/GAS NATURAL VEICULAR,11,copy_of_D_Frota_por_UF_Municipio_COMBUSTIVEL_Julho_2026.xlsx
SAO PAULO,VOTUPORANGA,HIBRIDO,39,copy_of_D_Frota_por_UF_Municipio_COMBUSTIVEL_Julho_2026.xlsx
SAO PAULO,VOTUPORANGA,HIBRIDO PLUG-IN,42,copy_of_D_Frota_por_UF_Municipio_COMBUSTIVEL_Julho_2026.xlsx
SAO PAULO,VOTUPORANGA,Sem Informação,5064,copy_of_D_Frota_por_UF_Municipio_COMBUSTIVEL_Julho_2026.xlsx
SAO PAULO,ZACARIAS,ALCOOL,168,copy_of_D_Frota_por_UF_Municipio_COMBUSTIVEL_Julho_2026.xlsx
SAO PAULO,ZACARIAS,ALCOOL/GASOLINA,762,copy_of_D_Frota_por_UF_Municipio_COMBUSTIVEL_Julho_2026.xlsx
SAO PAULO,ZACARIAS,DIESEL,256,copy_of_D_Frota_por_UF_Municipio_COMBUSTIVEL_Julho_2026.xlsx
SAO PAULO,ZACARIAS,GASOLINA,756,copy_of_D_Frota_por_UF_Municipio_COMBUSTIVEL_Julho_2026.xlsx
SAO PAULO,ZACARIAS,GASOLINA/ALCOOL/ELETRICO,1,copy_of_D_Frota_por_UF_Municipio_COMBUSTIVEL_Julho_2026.xlsx
SAO PAULO,ZACARIAS,GASOLINA/ELETRICO,2,copy_of_D_Frota_por_UF_Municipio_COMBUSTIVEL_Julho_2026.xlsx
SAO PAULO,ZACARIAS,GASOLINA/GAS NATURAL VEICULAR,1,copy_of_D_Frota_por_UF_Municipio_COMBUSTIVEL_Julho_2026.xlsx
SAO PAULO,ZACARIAS,HIBRIDO,1,copy_of_D_Frota_por_UF_Municipio_COMBUSTIVEL_Julho_2026.xlsx
SAO PAULO,ZACARIAS,HIBRIDO PLUG-IN,1,copy_of_D_Frota_por_UF_Municipio_COMBUSTIVEL_Julho_2026.xlsx
SAO PAULO,ZACARIAS,Sem Informação,127,copy_of_D_Frota_por_UF_Municipio_COMBUSTIVEL_Julho_2026.xlsx
