UF,Município,CEP,Qtd. Veículos,_arquivo_origem
SAO PAULO,ADAMANTINA,_x0000__x0000__x0000__x0000_ ,1,A_Frota_por_UF_Municipio_CEP_Julho_2026.xlsx
SAO PAULO,ADAMANTINA,00000,28670,A_Frota_por_UF_Municipio_CEP_Julho_2026.xlsx
SAO PAULO,ADAMANTINA,17800,48,A_Frota_por_UF_Municipio_CEP_Julho_2026.xlsx
SAO PAULO,ADAMANTINA,Sem I,3264,A_Frota_por_UF_Municipio_CEP_Julho_2026.xlsx
SAO PAULO,ADOLFO,00000,2869,A_Frota_por_UF_Municipio_CEP_Julho_2026.xlsx
SAO PAULO,ADOLFO,15230,10,A_Frota_por_UF_Municipio_CEP_Julho_2026.xlsx
SAO PAULO,ADOLFO,Sem I,246,A_Frota_por_UF_Municipio_CEP_Julho_2026.xlsx
SAO PAULO,AGUAI,00000,24064,A_Frota_por_UF_Municipio_CEP_Julho_2026.xlsx
SAO PAULO,AGUAI,13860,65,A_Frota_por_UF_Municipio_CEP_Julho_2026.xlsx
SAO PAULO,AGUAI,Sem I,3051,A_Frota_por_UF_Municipio_CEP_Julho_2026.xlsx
SAO PAULO,AGUAS DA PRATA,00000,5050,A_Frota_por_UF_Municipio_CEP_Julho_2026.xlsx
SAO PAULO,AGUAS DA PRATA,13890,19,A_Frota_por_UF_Municipio_CEP_Julho_2026.xlsx
SAO PAULO,AGUAS DA PRATA,Sem I,811,A_Frota_por_UF_Municipio_CEP_Julho_2026.xlsx
SAO PAULO,AGUAS DE LINDOIA,_x0000__x0000__x0000__x0000_ ,1,A_Frota_por_UF_Municipio_CEP_Julho_2026.xlsx
SAO PAULO,AGUAS DE LINDOIA,00000,15815,A_Frota_por_UF_Municipio_CEP_Julho_2026.xlsx
SAO PAULO,AGUAS DE LINDOIA,13940,31,A_Frota_por_UF_Municipio_CEP_Julho_2026.xlsx
SAO PAULO,AGUAS DE LINDOIA,Sem I,1967,A_Frota_por_UF_Municipio_CEP_Julho_2026.xlsx
SAO PAULO,AGUAS DE SANTA BARBARA,_x0000__x0000__x0000__x0000_ ,1,A_Frota_por_UF_Municipio_CEP_Julho_2026.xlsx
SAO PAULO,AGUAS DE SANTA BARBARA,00000,5062,A_Frota_por_UF_Municipio_CEP_Julho_2026.xlsx
SAO PAULO,AGUAS DE SANTA BARBARA,18770,22,A_Frota_por_UF_Municipio_CEP_Julho_2026.xlsx
SAO PAULO,AGUAS DE SANTA BARBARA,Sem I,562,A_Frota_por_UF_Municipio_CEP_Julho_2026.xlsx
SAO PAULO,AGUAS DE SAO PEDRO,00000,2871,A_Frota_por_UF_Municipio_CEP_Julho_2026.xlsx
SAO PAULO,AGUAS DE SAO PEDRO,13520,1,A_Frota_por_UF_Municipio_CEP_Julho_2026.xlsx
SAO PAULO,AGUAS DE SAO PEDRO,13525,16,A_Frota_por_UF_Municipio_CEP_Julho_2026.xlsx
SAO PAULO,AGUAS DE SAO PEDRO,Sem I,356,A_Frota_por_UF_Municipio_CEP_Julho_2026.xlsx
SAO PAULO,AGUDOS,_x0000__x0000__x0000__x0000_ ,1,A_Frota_por_UF_Municipio_CEP_Julho_2026.xlsx
SAO PAULO,AGUDOS,00000,25129,A_Frota_por_UF_Municipio_CEP_Julho_2026.xlsx
SAO PAULO,AGUDOS,17120,234,A_Frota_por_UF_Municipio_CEP_Julho_2026.xlsx
SAO PAULO,AGUDOS,17123,74,A_Frota_por_UF_Municipio_CEP_Julho_2026.xlsx
SAO PAULO,AGUDOS,Sem I,2559,A_Frota_por_UF_Municipio_CEP_Julho_2026.xlsx
SAO PAULO,ALAMBARI,00000,3526,A_Frota_por_UF_Municipio_CEP_Julho_2026.xlsx
SAO PAULO,ALAMBARI,18220,17,A_Frota_por_UF_Municipio_CEP_Julho_2026.xlsx
SAO PAULO,ALAMBARI,Sem I,236,A_Frota_por_UF_Municipio_CEP_Julho_2026.xlsx
SAO PAULO,ALFREDO MARCONDES,00000,2910,A_Frota_por_UF_Municipio_CEP_Julho_2026.xlsx
SAO PAULO,ALFREDO MARCONDES,Sem I,250,A_Frota_por_UF_Municipio_CEP_Julho_2026.xlsx
SAO PAULO,ALTAIR,00000,1913,A_Frota_por_UF_Municipio_CEP_Julho_2026.xlsx
SAO PAULO,ALTAIR,15430,4,A_Frota_por_UF_Municipio_CEP_Julho_2026.xlsx
SAO PAULO,ALTAIR,Sem I,231,A_Frota_por_UF_Municipio_CEP_Julho_2026.xlsx
SAO PAULO,ALTINOPOLIS,00000,10912,A_Frota_por_UF_Municipio_CEP_Julho_2026.xlsx
SAO PAULO,ALTINOPOLIS,14350,32,A_Frota_por_UF_Municipio_CEP_Julho_2026.xlsx
SAO PAULO,ALTINOPOLIS,Sem I,1292,A_Frota_por_UF_Municipio_CEP_Julho_2026.xlsx
SAO PAULO,ALTO ALEGRE,00000,2665,A_Frota_por_UF_Municipio_CEP_Julho_2026.xlsx
SAO PAULO,ALTO ALEGRE,16310,7,A_Frota_por_UF_Municipio_CEP_Julho_2026.xlsx
SAO PAULO,ALTO ALEGRE,Sem I,404,A_Frota_por_UF_Municipio_CEP_Julho_2026.xlsx
SAO PAULO,ALUMINIO,00000,10047,A_Frota_por_UF_Municipio_CEP_Julho_2026.xlsx
SAO PAULO,ALUMINIO,18125,92,A_Frota_por_UF_Municipio_CEP_Julho_2026.xlsx
SAO PAULO,ALUMINIO,Sem I,1214,A_Frota_por_UF_Municipio_CEP_Julho_2026.xlsx
SAO PAULO,ALVARES FLORENCE,00000,2384,A_Frota_por_UF_Municipio_CEP_Julho_2026.xlsx
SAO PAULO,ALVARES FLORENCE,15540,6,A_Frota_por_UF_Municipio_CEP_Julho_2026.xlsx
SAO PAULO,ALVARES FLORENCE,Sem I,244,A_Frota_por_UF_Municipio_CEP_Julho_2026.xlsx
SAO PAULO,ALVARES MACHADO,_x0000__x0000__x0000__x0000_ ,1,A_Frota_por_UF_Municipio_CEP_Julho_2026.xlsx
SAO PAULO,ALVARES MACHADO,00000,18363,A_Frota_por_UF_Municipio_CEP_Julho_2026.xlsx
SAO PAULO,ALVARES MACHADO,19160,48,A_Frota_por_UF_Municipio_CEP_Julho_2026.xlsx
SAO PAULO,ALVARES MACHADO,Sem I,1976,A_Frota_por_UF_Municipio_CEP_Julho_2026.xlsx
SAO PAULO,ALVARO DE CARVALHO,00000,1584,A_Frota_por_UF_Municipio_CEP_Julho_2026.xlsx
SAO PAULO,ALVARO DE CARVALHO,17410,2,A_Frota_por_UF_Municipio_CEP_Julho_2026.xlsx
SAO PAULO,ALVARO DE CARVALHO,Sem I,159,A_Frota_por_UF_Municipio_CEP_Julho_2026.xlsx
SAO PAULO,ALVINLANDIA,00000,1729,A_Frota_por_UF_Municipio_CEP_Julho_2026.xlsx
SAO PAULO,ALVINLANDIA,17430,1,A_Frota_por_UF_Municipio_CEP_Julho_2026.xlsx
SAO PAULO,ALVINLANDIA,Sem I,168,A_Frota_por_UF_Municipio_CEP_Julho_2026.xlsx
SAO PAULO,AMERICANA,_x0000__x0000__x0000__x0000_ ,12,A_Frota_por_UF_Municipio_CEP_Julho_2026.xlsx
SAO PAULO,AMERICANA,00000,183036,A_Frota_por_UF_Municipio_CEP_Julho_2026.xlsx
SAO PAULO,AMERICANA,13450,2,A_Frota_por_UF_Municipio_CEP_Julho_2026.xlsx
SAO PAULO,AMERICANA,13455,2,A_Frota_por_UF_Municipio_CEP_Julho_2026.xlsx
SAO PAULO,AMERICANA,13459,1,A_Frota_por_UF_Municipio_CEP_Julho_2026.xlsx
SAO PAULO,AMERICANA,13460,1,A_Frota_por_UF_Municipio_CEP_Julho_2026.xlsx
SAO PAULO,AMERICANA,13465,454,A_Frota_por_UF_Municipio_CEP_Julho_2026.xlsx
SAO PAULO,AMERICANA,13466,148,A_Frota_por_UF_Municipio_CEP_Julho_2026.xlsx
SAO PAULO,AMERICANA,13467,195,A_Frota_por_UF_Municipio_CEP_Julho_2026.xlsx
SAO PAULO,AMERICANA,13468,150,A_Frota_por_UF_Municipio_CEP_Julho_2026.xlsx
SAO PAULO,AMERICANA,13469,133,A_Frota_por_UF_Municipio_CEP_Julho_2026.xlsx
SAO PAULO,AMERICANA,13470,150,A_Frota_por_UF_Municipio_CEP_Julho_2026.xlsx
SAO PAULO,AMERICANA,13471,93,A_Frota_por_UF_Municipio_CEP_Julho_2026.xlsx
SAO PAULO,AMERICANA,13472,128,A_Frota_por_UF_Municipio_CEP_Julho_2026.xlsx
SAO PAULO,AMERICANA,13473,168,A_Frota_por_UF_Municipio_CEP_Julho_2026.xlsx
SAO PAULO,AMERICANA,13474,186,A_Frota_por_UF_Municipio_CEP_Julho_2026.xlsx
SAO PAULO,AMERICANA,13475,28,A_Frota_por_UF_Municipio_CEP_Julho_2026.xlsx
SAO PAULO,AMERICANA,13476,71,A_Frota_por_UF_Municipio_CEP_Julho_2026.xlsx
SAO PAULO,AMERICANA,13477,98,A_Frota_por_UF_Municipio_CEP_Julho_2026.xlsx
SAO PAULO,AMERICANA,13478,169,A_Frota_por_UF_Municipio_CEP_Julho_2026.xlsx
SAO PAULO,AMERICANA,13479,22,A_Frota_por_UF_Municipio_CEP_Julho_2026.xlsx
SAO PAULO,AMERICANA,16476,1,A_Frota_por_UF_Municipio_CEP_Julho_2026.xlsx
SAO PAULO,AMERICANA,17473,1,A_Frota_por_UF_Municipio_CEP_Julho_2026.xlsx
SAO PAULO,AMERICANA,Sem I,27216,A_Frota_por_UF_Municipio_CEP_Julho_2026.xlsx
SAO PAULO,AMERICO BRASILIENSE,00000,26421,A_Frota_por_UF_Municipio_CEP_Julho_2026.xlsx
SAO PAULO,AMERICO BRASILIENSE,14800,1,A_Frota_por_UF_Municipio_CEP_Julho_2026.xlsx
SAO PAULO,AMERICO BRASILIENSE,14820,161,A_Frota_por_UF_Municipio_CEP_Julho_2026.xlsx
SAO PAULO,AMERICO BRASILIENSE,Sem I,2705,A_Frota_por_UF_Municipio_CEP_Julho_2026.xlsx
SAO PAULO,AMERICO DE CAMPOS,00000,4091,A_Frota_por_UF_Municipio_CEP_Julho_2026.xlsx
SAO PAULO,AMERICO DE CAMPOS,15550,5,A_Frota_por_UF_Municipio_CEP_Julho_2026.xlsx
SAO PAULO,AMERICO DE CAMPOS,Sem I,560,A_Frota_por_UF_Municipio_CEP_Julho_2026.xlsx
SAO PAULO,AMPARO,_x0000__x0000__x0000__x0000_ ,3,A_Frota_por_UF_Municipio_CEP_Julho_2026.xlsx
SAO PAULO,AMPARO,00000,55243,A_Frota_por_UF_Municipio_CEP_Julho_2026.xlsx
SAO PAULO,AMPARO,13900,111,A_Frota_por_UF_Municipio_CEP_Julho_2026.xlsx
SAO PAULO,AMPARO,13901,28,A_Frota_por_UF_Municipio_CEP_Julho_2026.xlsx
SAO PAULO,AMPARO,13902,8,A_Frota_por_UF_Municipio_CEP_Julho_2026.xlsx
SAO PAULO,AMPARO,13903,15,A_Frota_por_UF_Municipio_CEP_Julho_2026.xlsx
SAO PAULO,AMPARO,13904,30,A_Frota_por_UF_Municipio_CEP_Julho_2026.xlsx
SAO PAULO,AMPARO,13905,40,A_Frota_por_UF_Municipio_CEP_Julho_2026.xlsx
SAO PAULO,AMPARO,13908,4,A_Frota_por_UF_Municipio_CEP_Julho_2026.xlsx
SAO PAULO,AMPARO,13909,2,A_Frota_por_UF_Municipio_CEP_Julho_2026.xlsx
SAO PAULO,AMPARO,Sem I,8605,A_Frota_por_UF_Municipio_CEP_Julho_2026.xlsx
SAO PAULO,ANALANDIA,00000,3080,A_Frota_por_UF_Municipio_CEP_Julho_2026.xlsx
SAO PAULO,ANALANDIA,13550,9,A_Frota_por_UF_Municipio_CEP_Julho_2026.xlsx
SAO PAULO,ANALANDIA,Sem I,376,A_Frota_por_UF_Municipio_CEP_Julho_2026.xlsx
SAO PAULO,ANDRADINA,00000,48778,A_Frota_por_UF_Municipio_CEP_Julho_2026.xlsx
SAO PAULO,ANDRADINA,16900,72,A_Frota_por_UF_Municipio_CEP_Julho_2026.xlsx
SAO PAULO,ANDRADINA,16901,28,A_Frota_por_UF_Municipio_CEP_Julho_2026.xlsx
SAO PAULO,ANDRADINA,16902,2,A_Frota_por_UF_Municipio_CEP_Julho_2026.xlsx
SAO PAULO,ANDRADINA,16903,3,A_Frota_por_UF_Municipio_CEP_Julho_2026.xlsx
SAO PAULO,ANDRADINA,16904,1,A_Frota_por_UF_Municipio_CEP_Julho_2026.xlsx
SAO PAULO,ANDRADINA,16905,2,A_Frota_por_UF_Municipio_CEP_Julho_2026.xlsx
SAO PAULO,ANDRADINA,Sem I,5701,A_Frota_por_UF_Municipio_CEP_Julho_2026.xlsx
SAO PAULO,ANGATUBA,_x0000__x0000__x0000__x0000_ ,1,A_Frota_por_UF_Municipio_CEP_Julho_2026.xlsx
SAO PAULO,ANGATUBA,00000,14874,A_Frota_por_UF_Municipio_CEP_Julho_2026.xlsx
SAO PAULO,ANGATUBA,18240,82,A_Frota_por_UF_Municipio_CEP_Julho_2026.xlsx
SAO PAULO,ANGATUBA,Sem I,2104,A_Frota_por_UF_Municipio_CEP_Julho_2026.xlsx
SAO PAULO,ANHEMBI,00000,2883,A_Frota_por_UF_Municipio_CEP_Julho_2026.xlsx
SAO PAULO,ANHEMBI,18620,18,A_Frota_por_UF_Municipio_CEP_Julho_2026.xlsx
SAO PAULO,ANHEMBI,18630,1,A_Frota_por_UF_Municipio_CEP_Julho_2026.xlsx
SAO PAULO,ANHEMBI,Sem I,320,A_Frota_por_UF_Municipio_CEP_Julho_2026.xlsx
SAO PAULO,ANHUMAS,00000,2385,A_Frota_por_UF_Municipio_CEP_Julho_2026.xlsx
SAO PAULO,ANHUMAS,19580,10,A_Frota_por_UF_Municipio_CEP_Julho_2026.xlsx
SAO PAULO,ANHUMAS,Sem I,215,A_Frota_por_UF_Municipio_CEP_Julho_2026.xlsx
SAO PAULO,APARECIDA,00000,20643,A_Frota_por_UF_Municipio_CEP_Julho_2026.xlsx
SAO PAULO,APARECIDA,12570,174,A_Frota_por_UF_Municipio_CEP_Julho_2026.xlsx
SAO PAULO,APARECIDA,Sem I,3723,A_Frota_por_UF_Municipio_CEP_Julho_2026.xlsx
SAO PAULO,APARECIDA D'OESTE,00000,3345,A_Frota_por_UF_Municipio_CEP_Julho_2026.xlsx
SAO PAULO,APARECIDA D'OESTE,15735,4,A_Frota_por_UF_Municipio_CEP_Julho_2026.xlsx
SAO PAULO,APARECIDA D'OESTE,Sem I,475,A_Frota_por_UF_Municipio_CEP_Julho_2026.xlsx
SAO PAULO,APIAI,00000,14010,A_Frota_por_UF_Municipio_CEP_Julho_2026.xlsx
SAO PAULO,APIAI,18320,41,A_Frota_por_UF_Municipio_CEP_Julho_2026.xlsx
SAO PAULO,APIAI,Sem I,1485,A_Frota_por_UF_Municipio_CEP_Julho_2026.xlsx
SAO PAULO,ARACARIGUAMA,00000,14312,A_Frota_por_UF_Municipio_CEP_Julho_2026.xlsx
SAO PAULO,ARACARIGUAMA,18130,1,A_Frota_por_UF_Municipio_CEP_Julho_2026.xlsx
SAO PAULO,ARACARIGUAMA,18147,177,A_Frota_por_UF_Municipio_CEP_Julho_2026.xlsx
SAO PAULO,ARACARIGUAMA,18149,4,A_Frota_por_UF_Municipio_CEP_Julho_2026.xlsx
SAO PAULO,ARACARIGUAMA,Sem I,1319,A_Frota_por_UF_Municipio_CEP_Julho_2026.xlsx
SAO PAULO,ARACATUBA,_x0000__x0000__x0000__x0000_ ,8,A_Frota_por_UF_Municipio_CEP_Julho_2026.xlsx
SAO PAULO,ARACATUBA,00000,170988,A_Frota_por_UF_Municipio_CEP_Julho_2026.xlsx
SAO PAULO,ARACATUBA,06022,1,A_Frota_por_UF_Municipio_CEP_Julho_2026.xlsx
SAO PAULO,ARACATUBA,16000,1,A_Frota_por_UF_Municipio_CEP_Julho_2026.xlsx
SAO PAULO,ARACATUBA,16001,2,A_Frota_por_UF_Municipio_CEP_Julho_2026.xlsx
SAO PAULO,ARACATUBA,16010,39,A_Frota_por_UF_Municipio_CEP_Julho_2026.xlsx
SAO PAULO,ARACATUBA,16011,3,A_Frota_por_UF_Municipio_CEP_Julho_2026.xlsx
SAO PAULO,ARACATUBA,16012,42,A_Frota_por_UF_Municipio_CEP_Julho_2026.xlsx
SAO PAULO,ARACATUBA,16013,18,A_Frota_por_UF_Municipio_CEP_Julho_2026.xlsx
SAO PAULO,ARACATUBA,16015,43,A_Frota_por_UF_Municipio_CEP_Julho_2026.xlsx
SAO PAULO,ARACATUBA,16016,5,A_Frota_por_UF_Municipio_CEP_Julho_2026.xlsx
SAO PAULO,ARACATUBA,16018,10,A_Frota_por_UF_Municipio_CEP_Julho_2026.xlsx
SAO PAULO,ARACATUBA,16020,29,A_Frota_por_UF_Municipio_CEP_Julho_2026.xlsx
SAO PAULO,ARACATUBA,16021,52,A_Frota_por_UF_Municipio_CEP_Julho_2026.xlsx
SAO PAULO,ARACATUBA,16022,17,A_Frota_por_UF_Municipio_CEP_Julho_2026.xlsx
SAO PAULO,ARACATUBA,16023,17,A_Frota_por_UF_Municipio_CEP_Julho_2026.xlsx
SAO PAULO,ARACATUBA,16024,1,A_Frota_por_UF_Municipio_CEP_Julho_2026.xlsx
SAO PAULO,ARACATUBA,16025,43,A_Frota_por_UF_Municipio_CEP_Julho_2026.xlsx
SAO PAULO,ARACATUBA,16026,16,A_Frota_por_UF_Municipio_CEP_Julho_2026.xlsx
SAO PAULO,ARACATUBA,16027,1,A_Frota_por_UF_Municipio_CEP_Julho_2026.xlsx
SAO PAULO,ARACATUBA,16030,13,A_Frota_por_UF_Municipio_CEP_Julho_2026.xlsx
SAO PAULO,ARACATUBA,16031,14,A_Frota_por_UF_Municipio_CEP_Julho_2026.xlsx
SAO PAULO,ARACATUBA,16035,30,A_Frota_por_UF_Municipio_CEP_Julho_2026.xlsx
SAO PAULO,ARACATUBA,16036,2,A_Frota_por_UF_Municipio_CEP_Julho_2026.xlsx
SAO PAULO,ARACATUBA,16040,40,A_Frota_por_UF_Municipio_CEP_Julho_2026.xlsx
SAO PAULO,ARACATUBA,16041,1,A_Frota_por_UF_Municipio_CEP_Julho_2026.xlsx
SAO PAULO,ARACATUBA,16044,1,A_Frota_por_UF_Municipio_CEP_Julho_2026.xlsx
SAO PAULO,ARACATUBA,16045,22,A_Frota_por_UF_Municipio_CEP_Julho_2026.xlsx
SAO PAULO,ARACATUBA,16046,17,A_Frota_por_UF_Municipio_CEP_Julho_2026.xlsx
SAO PAULO,ARACATUBA,16050,66,A_Frota_por_UF_Municipio_CEP_Julho_2026.xlsx
SAO PAULO,ARACATUBA,16052,16,A_Frota_por_UF_Municipio_CEP_Julho_2026.xlsx
SAO PAULO,ARACATUBA,16055,21,A_Frota_por_UF_Municipio_CEP_Julho_2026.xlsx
SAO PAULO,ARACATUBA,16056,46,A_Frota_por_UF_Municipio_CEP_Julho_2026.xlsx
SAO PAULO,ARACATUBA,16057,8,A_Frota_por_UF_Municipio_CEP_Julho_2026.xlsx
SAO PAULO,ARACATUBA,16058,14,A_Frota_por_UF_Municipio_CEP_Julho_2026.xlsx
SAO PAULO,ARACATUBA,16060,12,A_Frota_por_UF_Municipio_CEP_Julho_2026.xlsx
SAO PAULO,ARACATUBA,16062,30,A_Frota_por_UF_Municipio_CEP_Julho_2026.xlsx
SAO PAULO,ARACATUBA,16063,22,A_Frota_por_UF_Municipio_CEP_Julho_2026.xlsx
SAO PAULO,ARACATUBA,16065,16,A_Frota_por_UF_Municipio_CEP_Julho_2026.xlsx
SAO PAULO,ARACATUBA,16066,10,A_Frota_por_UF_Municipio_CEP_Julho_2026.xlsx
SAO PAULO,ARACATUBA,16070,9,A_Frota_por_UF_Municipio_CEP_Julho_2026.xlsx
SAO PAULO,ARACATUBA,16071,11,A_Frota_por_UF_Municipio_CEP_Julho_2026.xlsx
SAO PAULO,ARACATUBA,16072,17,A_Frota_por_UF_Municipio_CEP_Julho_2026.xlsx
SAO PAULO,ARACATUBA,16074,12,A_Frota_por_UF_Municipio_CEP_Julho_2026.xlsx
SAO PAULO,ARACATUBA,16075,20,A_Frota_por_UF_Municipio_CEP_Julho_2026.xlsx
SAO PAULO,ARACATUBA,16078,3,A_Frota_por_UF_Municipio_CEP_Julho_2026.xlsx
SAO PAULO,ARACATUBA,16080,4,A_Frota_por_UF_Municipio_CEP_Julho_2026.xlsx
SAO PAULO,ARACATUBA,16087,8,A_Frota_por_UF_Municipio_CEP_Julho_2026.xlsx
SAO PAULO,ARACATUBA,16100,26,A_Frota_por_UF_Municipio_CEP_Julho_2026.xlsx
SAO PAULO,ARACATUBA,Sem I,27480,A_Frota_por_UF_Municipio_CEP_Julho_2026.xlsx
SAO PAULO,ARACOIABA DA SERRA,00000,26793,A_Frota_por_UF_Municipio_CEP_Julho_2026.xlsx
SAO PAULO,ARACOIABA DA SERRA,18190,175,A_Frota_por_UF_Municipio_CEP_Julho_2026.xlsx
SAO PAULO,ARACOIABA DA SERRA,Sem I,2585,A_Frota_por_UF_Municipio_CEP_Julho_2026.xlsx
SAO PAULO,ARAMINA,00000,3312,A_Frota_por_UF_Municipio_CEP_Julho_2026.xlsx
SAO PAULO,ARAMINA,14550,10,A_Frota_por_UF_Municipio_CEP_Julho_2026.xlsx
SAO PAULO,ARAMINA,Sem I,381,A_Frota_por_UF_Municipio_CEP_Julho_2026.xlsx
SAO PAULO,ARANDU,00000,3446,A_Frota_por_UF_Municipio_CEP_Julho_2026.xlsx
SAO PAULO,ARANDU,18710,7,A_Frota_por_UF_Municipio_CEP_Julho_2026.xlsx
SAO PAULO,ARANDU,Sem I,402,A_Frota_por_UF_Municipio_CEP_Julho_2026.xlsx
SAO PAULO,ARAPEI,00000,1141,A_Frota_por_UF_Municipio_CEP_Julho_2026.xlsx
SAO PAULO,ARAPEI,12870,4,A_Frota_por_UF_Municipio_CEP_Julho_2026.xlsx
SAO PAULO,ARAPEI,Sem I,177,A_Frota_por_UF_Municipio_CEP_Julho_2026.xlsx
SAO PAULO,ARARAQUARA,00000,187009,A_Frota_por_UF_Municipio_CEP_Julho_2026.xlsx
SAO PAULO,ARARAQUARA,11800,1,A_Frota_por_UF_Municipio_CEP_Julho_2026.xlsx
SAO PAULO,ARARAQUARA,14001,1,A_Frota_por_UF_Municipio_CEP_Julho_2026.xlsx
SAO PAULO,ARARAQUARA,14800,319,A_Frota_por_UF_Municipio_CEP_Julho_2026.xlsx
SAO PAULO,ARARAQUARA,14801,150,A_Frota_por_UF_Municipio_CEP_Julho_2026.xlsx
SAO PAULO,ARARAQUARA,14802,76,A_Frota_por_UF_Municipio_CEP_Julho_2026.xlsx
SAO PAULO,ARARAQUARA,14803,1,A_Frota_por_UF_Municipio_CEP_Julho_2026.xlsx
SAO PAULO,ARARAQUARA,14804,54,A_Frota_por_UF_Municipio_CEP_Julho_2026.xlsx
SAO PAULO,ARARAQUARA,14805,27,A_Frota_por_UF_Municipio_CEP_Julho_2026.xlsx
SAO PAULO,ARARAQUARA,14806,83,A_Frota_por_UF_Municipio_CEP_Julho_2026.xlsx
SAO PAULO,ARARAQUARA,14807,58,A_Frota_por_UF_Municipio_CEP_Julho_2026.xlsx
SAO PAULO,ARARAQUARA,14808,194,A_Frota_por_UF_Municipio_CEP_Julho_2026.xlsx
SAO PAULO,ARARAQUARA,14810,149,A_Frota_por_UF_Municipio_CEP_Julho_2026.xlsx
SAO PAULO,ARARAQUARA,14811,81,A_Frota_por_UF_Municipio_CEP_Julho_2026.xlsx
SAO PAULO,ARARAQUARA,14820,1,A_Frota_por_UF_Municipio_CEP_Julho_2026.xlsx
SAO PAULO,ARARAQUARA,Sem I,26344,A_Frota_por_UF_Municipio_CEP_Julho_2026.xlsx
SAO PAULO,ARARAS,_x0000__x0000__x0000__x0000_ ,4,A_Frota_por_UF_Municipio_CEP_Julho_2026.xlsx
SAO PAULO,ARARAS,00000,105050,A_Frota_por_UF_Municipio_CEP_Julho_2026.xlsx
SAO PAULO,ARARAS,13560,1,A_Frota_por_UF_Municipio_CEP_Julho_2026.xlsx
SAO PAULO,ARARAS,13600,216,A_Frota_por_UF_Municipio_CEP_Julho_2026.xlsx
SAO PAULO,ARARAS,13601,123,A_Frota_por_UF_Municipio_CEP_Julho_2026.xlsx
SAO PAULO,ARARAS,13602,31,A_Frota_por_UF_Municipio_CEP_Julho_2026.xlsx
SAO PAULO,ARARAS,13603,55,A_Frota_por_UF_Municipio_CEP_Julho_2026.xlsx
SAO PAULO,ARARAS,13604,112,A_Frota_por_UF_Municipio_CEP_Julho_2026.xlsx
SAO PAULO,ARARAS,13605,3,A_Frota_por_UF_Municipio_CEP_Julho_2026.xlsx
SAO PAULO,ARARAS,13606,163,A_Frota_por_UF_Municipio_CEP_Julho_2026.xlsx
SAO PAULO,ARARAS,13607,120,A_Frota_por_UF_Municipio_CEP_Julho_2026.xlsx
SAO PAULO,ARARAS,13609,31,A_Frota_por_UF_Municipio_CEP_Julho_2026.xlsx
SAO PAULO,ARARAS,Sem I,15225,A_Frota_por_UF_Municipio_CEP_Julho_2026.xlsx
SAO PAULO,ARCO-IRIS,00000,1164,A_Frota_por_UF_Municipio_CEP_Julho_2026.xlsx
SAO PAULO,ARCO-IRIS,17630,2,A_Frota_por_UF_Municipio_CEP_Julho_2026.xlsx
SAO PAULO,ARCO-IRIS,Sem I,81,A_Frota_por_UF_Municipio_CEP_Julho_2026.xlsx
SAO PAULO,AREALVA,00000,5165,A_Frota_por_UF_Municipio_CEP_Julho_2026.xlsx
SAO PAULO,AREALVA,17160,18,A_Frota_por_UF_Municipio_CEP_Julho_2026.xlsx
SAO PAULO,AREALVA,Sem I,527,A_Frota_por_UF_Municipio_CEP_Julho_2026.xlsx
SAO PAULO,AREIAS,00000,1805,A_Frota_por_UF_Municipio_CEP_Julho_2026.xlsx
SAO PAULO,AREIAS,12820,4,A_Frota_por_UF_Municipio_CEP_Julho_2026.xlsx
SAO PAULO,AREIAS,Sem I,214,A_Frota_por_UF_Municipio_CEP_Julho_2026.xlsx
SAO PAULO,AREIOPOLIS,00000,6009,A_Frota_por_UF_Municipio_CEP_Julho_2026.xlsx
SAO PAULO,AREIOPOLIS,18670,35,A_Frota_por_UF_Municipio_CEP_Julho_2026.xlsx
SAO PAULO,AREIOPOLIS,Sem I,653,A_Frota_por_UF_Municipio_CEP_Julho_2026.xlsx
SAO PAULO,ARIRANHA,00000,6011,A_Frota_por_UF_Municipio_CEP_Julho_2026.xlsx
SAO PAULO,ARIRANHA,15960,13,A_Frota_por_UF_Municipio_CEP_Julho_2026.xlsx
SAO PAULO,ARIRANHA,Sem I,823,A_Frota_por_UF_Municipio_CEP_Julho_2026.xlsx
SAO PAULO,ARTUR NOGUEIRA,_x0000__x0000__x0000__x0000_ ,6,A_Frota_por_UF_Municipio_CEP_Julho_2026.xlsx
SAO PAULO,ARTUR NOGUEIRA,00000,42271,A_Frota_por_UF_Municipio_CEP_Julho_2026.xlsx
SAO PAULO,ARTUR NOGUEIRA,13160,468,A_Frota_por_UF_Municipio_CEP_Julho_2026.xlsx
SAO PAULO,ARTUR NOGUEIRA,Sem I,5855,A_Frota_por_UF_Municipio_CEP_Julho_2026.xlsx
SAO PAULO,ARUJA,_x0000__x0000__x0000__x0000_ ,3,A_Frota_por_UF_Municipio_CEP_Julho_2026.xlsx
SAO PAULO,ARUJA,00000,59967,A_Frota_por_UF_Municipio_CEP_Julho_2026.xlsx
SAO PAULO,ARUJA,07000,2,A_Frota_por_UF_Municipio_CEP_Julho_2026.xlsx
SAO PAULO,ARUJA,07400,766,A_Frota_por_UF_Municipio_CEP_Julho_2026.xlsx
SAO PAULO,ARUJA,07403,1,A_Frota_por_UF_Municipio_CEP_Julho_2026.xlsx
SAO PAULO,ARUJA,07405,1,A_Frota_por_UF_Municipio_CEP_Julho_2026.xlsx
SAO PAULO,ARUJA,07411,6,A_Frota_por_UF_Municipio_CEP_Julho_2026.xlsx
SAO PAULO,ARUJA,07413,38,A_Frota_por_UF_Municipio_CEP_Julho_2026.xlsx
SAO PAULO,ARUJA,07428,1,A_Frota_por_UF_Municipio_CEP_Julho_2026.xlsx
SAO PAULO,ARUJA,07430,2,A_Frota_por_UF_Municipio_CEP_Julho_2026.xlsx
SAO PAULO,ARUJA,07432,1,A_Frota_por_UF_Municipio_CEP_Julho_2026.xlsx
SAO PAULO,ARUJA,07434,1,A_Frota_por_UF_Municipio_CEP_Julho_2026.xlsx
SAO PAULO,ARUJA,Sem I,10402,A_Frota_por_UF_Municipio_CEP_Julho_2026.xlsx
SAO PAULO,ASPASIA,00000,1304,A_Frota_por_UF_Municipio_CEP_Julho_2026.xlsx
SAO PAULO,ASPASIA,Sem I,130,A_Frota_por_UF_Municipio_CEP_Julho_2026.xlsx
SAO PAULO,ASSIS,_x0000__x0000__x0000__x0000_ ,4,A_Frota_por_UF_Municipio_CEP_Julho_2026.xlsx
SAO PAULO,ASSIS,00000,82263,A_Frota_por_UF_Municipio_CEP_Julho_2026.xlsx
SAO PAULO,ASSIS,19800,102,A_Frota_por_UF_Municipio_CEP_Julho_2026.xlsx
SAO PAULO,ASSIS,19801,3,A_Frota_por_UF_Municipio_CEP_Julho_2026.xlsx
SAO PAULO,ASSIS,19802,29,A_Frota_por_UF_Municipio_CEP_Julho_2026.xlsx
SAO PAULO,ASSIS,19803,13,A_Frota_por_UF_Municipio_CEP_Julho_2026.xlsx
SAO PAULO,ASSIS,19804,17,A_Frota_por_UF_Municipio_CEP_Julho_2026.xlsx
SAO PAULO,ASSIS,19805,8,A_Frota_por_UF_Municipio_CEP_Julho_2026.xlsx
SAO PAULO,ASSIS,19806,29,A_Frota_por_UF_Municipio_CEP_Julho_2026.xlsx
SAO PAULO,ASSIS,19807,32,A_Frota_por_UF_Municipio_CEP_Julho_2026.xlsx
SAO PAULO,ASSIS,19811,3,A_Frota_por_UF_Municipio_CEP_Julho_2026.xlsx
SAO PAULO,ASSIS,19812,4,A_Frota_por_UF_Municipio_CEP_Julho_2026.xlsx
SAO PAULO,ASSIS,19813,20,A_Frota_por_UF_Municipio_CEP_Julho_2026.xlsx
SAO PAULO,ASSIS,19814,19,A_Frota_por_UF_Municipio_CEP_Julho_2026.xlsx
SAO PAULO,ASSIS,19815,21,A_Frota_por_UF_Municipio_CEP_Julho_2026.xlsx
SAO PAULO,ASSIS,19816,8,A_Frota_por_UF_Municipio_CEP_Julho_2026.xlsx
SAO PAULO,ASSIS,Sem I,12634,A_Frota_por_UF_Municipio_CEP_Julho_2026.xlsx
SAO PAULO,ATIBAIA,_x0000__x0000__x0000__x0000_ ,5,A_Frota_por_UF_Municipio_CEP_Julho_2026.xlsx
SAO PAULO,ATIBAIA,00000,131757,A_Frota_por_UF_Municipio_CEP_Julho_2026.xlsx
SAO PAULO,ATIBAIA,12400,1,A_Frota_por_UF_Municipio_CEP_Julho_2026.xlsx
SAO PAULO,ATIBAIA,12500,1,A_Frota_por_UF_Municipio_CEP_Julho_2026.xlsx
SAO PAULO,ATIBAIA,12940,571,A_Frota_por_UF_Municipio_CEP_Julho_2026.xlsx
SAO PAULO,ATIBAIA,12941,33,A_Frota_por_UF_Municipio_CEP_Julho_2026.xlsx
SAO PAULO,ATIBAIA,12942,142,A_Frota_por_UF_Municipio_CEP_Julho_2026.xlsx
SAO PAULO,ATIBAIA,12943,131,A_Frota_por_UF_Municipio_CEP_Julho_2026.xlsx
SAO PAULO,ATIBAIA,12944,108,A_Frota_por_UF_Municipio_CEP_Julho_2026.xlsx
SAO PAULO,ATIBAIA,12945,67,A_Frota_por_UF_Municipio_CEP_Julho_2026.xlsx
SAO PAULO,ATIBAIA,12946,74,A_Frota_por_UF_Municipio_CEP_Julho_2026.xlsx
SAO PAULO,ATIBAIA,12947,90,A_Frota_por_UF_Municipio_CEP_Julho_2026.xlsx
SAO PAULO,ATIBAIA,12948,72,A_Frota_por_UF_Municipio_CEP_Julho_2026.xlsx
SAO PAULO,ATIBAIA,12949,45,A_Frota_por_UF_Municipio_CEP_Julho_2026.xlsx
SAO PAULO,ATIBAIA,12950,157,A_Frota_por_UF_Municipio_CEP_Julho_2026.xlsx
SAO PAULO,ATIBAIA,12951,189,A_Frota_por_UF_Municipio_CEP_Julho_2026.xlsx
SAO PAULO,ATIBAIA,12952,48,A_Frota_por_UF_Municipio_CEP_Julho_2026.xlsx
SAO PAULO,ATIBAIA,12953,13,A_Frota_por_UF_Municipio_CEP_Julho_2026.xlsx
SAO PAULO,ATIBAIA,12954,93,A_Frota_por_UF_Municipio_CEP_Julho_2026.xlsx
SAO PAULO,ATIBAIA,12994,1,A_Frota_por_UF_Municipio_CEP_Julho_2026.xlsx
SAO PAULO,ATIBAIA,Sem I,15942,A_Frota_por_UF_Municipio_CEP_Julho_2026.xlsx
SAO PAULO,AURIFLAMA,00000,11834,A_Frota_por_UF_Municipio_CEP_Julho_2026.xlsx
SAO PAULO,AURIFLAMA,15350,12,A_Frota_por_UF_Municipio_CEP_Julho_2026.xlsx
SAO PAULO,AURIFLAMA,Sem I,1598,A_Frota_por_UF_Municipio_CEP_Julho_2026.xlsx
SAO PAULO,AVAI,00000,2378,A_Frota_por_UF_Municipio_CEP_Julho_2026.xlsx
SAO PAULO,AVAI,16680,3,A_Frota_por_UF_Municipio_CEP_Julho_2026.xlsx
SAO PAULO,AVAI,Sem I,350,A_Frota_por_UF_Municipio_CEP_Julho_2026.xlsx
SAO PAULO,AVANHANDAVA,00000,6568,A_Frota_por_UF_Municipio_CEP_Julho_2026.xlsx
SAO PAULO,AVANHANDAVA,16360,22,A_Frota_por_UF_Municipio_CEP_Julho_2026.xlsx
SAO PAULO,AVANHANDAVA,Sem I,874,A_Frota_por_UF_Municipio_CEP_Julho_2026.xlsx
SAO PAULO,AVARE,_x0000__x0000__x0000__x0000_ ,3,A_Frota_por_UF_Municipio_CEP_Julho_2026.xlsx
SAO PAULO,AVARE,00000,68335,A_Frota_por_UF_Municipio_CEP_Julho_2026.xlsx
SAO PAULO,AVARE,06189,1,A_Frota_por_UF_Municipio_CEP_Julho_2026.xlsx
SAO PAULO,AVARE,18601,1,A_Frota_por_UF_Municipio_CEP_Julho_2026.xlsx
SAO PAULO,AVARE,18700,98,A_Frota_por_UF_Municipio_CEP_Julho_2026.xlsx
SAO PAULO,AVARE,18701,54,A_Frota_por_UF_Municipio_CEP_Julho_2026.xlsx
SAO PAULO,AVARE,18702,90,A_Frota_por_UF_Municipio_CEP_Julho_2026.xlsx
SAO PAULO,AVARE,18703,30,A_Frota_por_UF_Municipio_CEP_Julho_2026.xlsx
SAO PAULO,AVARE,18704,21,A_Frota_por_UF_Municipio_CEP_Julho_2026.xlsx
SAO PAULO,AVARE,18705,58,A_Frota_por_UF_Municipio_CEP_Julho_2026.xlsx
SAO PAULO,AVARE,18706,41,A_Frota_por_UF_Municipio_CEP_Julho_2026.xlsx
SAO PAULO,AVARE,18707,10,A_Frota_por_UF_Municipio_CEP_Julho_2026.xlsx
SAO PAULO,AVARE,18708,42,A_Frota_por_UF_Municipio_CEP_Julho_2026.xlsx
SAO PAULO,AVARE,Sem I,9338,A_Frota_por_UF_Municipio_CEP_Julho_2026.xlsx
SAO PAULO,BADY BASSITT,00000,20028,A_Frota_por_UF_Municipio_CEP_Julho_2026.xlsx
SAO PAULO,BADY BASSITT,15115,70,A_Frota_por_UF_Municipio_CEP_Julho_2026.xlsx
SAO PAULO,BADY BASSITT,Sem I,1276,A_Frota_por_UF_Municipio_CEP_Julho_2026.xlsx
SAO PAULO,BALBINOS,00000,810,A_Frota_por_UF_Municipio_CEP_Julho_2026.xlsx
SAO PAULO,BALBINOS,16640,4,A_Frota_por_UF_Municipio_CEP_Julho_2026.xlsx
SAO PAULO,BALBINOS,Sem I,98,A_Frota_por_UF_Municipio_CEP_Julho_2026.xlsx
SAO PAULO,BALSAMO,00000,7489,A_Frota_por_UF_Municipio_CEP_Julho_2026.xlsx
SAO PAULO,BALSAMO,15140,17,A_Frota_por_UF_Municipio_CEP_Julho_2026.xlsx
SAO PAULO,BALSAMO,Sem I,711,A_Frota_por_UF_Municipio_CEP_Julho_2026.xlsx
SAO PAULO,BANANAL,00000,4633,A_Frota_por_UF_Municipio_CEP_Julho_2026.xlsx
SAO PAULO,BANANAL,12850,25,A_Frota_por_UF_Municipio_CEP_Julho_2026.xlsx
SAO PAULO,BANANAL,Sem I,730,A_Frota_por_UF_Municipio_CEP_Julho_2026.xlsx
SAO PAULO,BARAO DE ANTONINA,00000,1691,A_Frota_por_UF_Municipio_CEP_Julho_2026.xlsx
SAO PAULO,BARAO DE ANTONINA,18490,2,A_Frota_por_UF_Municipio_CEP_Julho_2026.xlsx
SAO PAULO,BARAO DE ANTONINA,Sem I,111,A_Frota_por_UF_Municipio_CEP_Julho_2026.xlsx
SAO PAULO,BARBOSA,00000,3510,A_Frota_por_UF_Municipio_CEP_Julho_2026.xlsx
SAO PAULO,BARBOSA,16350,2,A_Frota_por_UF_Municipio_CEP_Julho_2026.xlsx
SAO PAULO,BARBOSA,Sem I,449,A_Frota_por_UF_Municipio_CEP_Julho_2026.xlsx
SAO PAULO,BARIRI,00000,26100,A_Frota_por_UF_Municipio_CEP_Julho_2026.xlsx
SAO PAULO,BARIRI,17250,84,A_Frota_por_UF_Municipio_CEP_Julho_2026.xlsx
SAO PAULO,BARIRI,Sem I,3358,A_Frota_por_UF_Municipio_CEP_Julho_2026.xlsx
SAO PAULO,BARRA BONITA,_x0000__x0000__x0000__x0000_ ,2,A_Frota_por_UF_Municipio_CEP_Julho_2026.xlsx
SAO PAULO,BARRA BONITA,00000,27507,A_Frota_por_UF_Municipio_CEP_Julho_2026.xlsx
SAO PAULO,BARRA BONITA,17340,149,A_Frota_por_UF_Municipio_CEP_Julho_2026.xlsx
SAO PAULO,BARRA BONITA,17347,1,A_Frota_por_UF_Municipio_CEP_Julho_2026.xlsx
SAO PAULO,BARRA BONITA,Sem I,4937,A_Frota_por_UF_Municipio_CEP_Julho_2026.xlsx
SAO PAULO,BARRA DO CHAPEU,00000,3028,A_Frota_por_UF_Municipio_CEP_Julho_2026.xlsx
SAO PAULO,BARRA DO CHAPEU,18325,5,A_Frota_por_UF_Municipio_CEP_Julho_2026.xlsx
SAO PAULO,BARRA DO CHAPEU,Sem I,226,A_Frota_por_UF_Municipio_CEP_Julho_2026.xlsx
SAO PAULO,BARRA DO TURVO,00000,2274,A_Frota_por_UF_Municipio_CEP_Julho_2026.xlsx
SAO PAULO,BARRA DO TURVO,11955,4,A_Frota_por_UF_Municipio_CEP_Julho_2026.xlsx
SAO PAULO,BARRA DO TURVO,Sem I,259,A_Frota_por_UF_Municipio_CEP_Julho_2026.xlsx
SAO PAULO,BARRETOS,_x0000__x0000__x0000__x0000_ ,7,A_Frota_por_UF_Municipio_CEP_Julho_2026.xlsx
SAO PAULO,BARRETOS,00000,100360,A_Frota_por_UF_Municipio_CEP_Julho_2026.xlsx
SAO PAULO,BARRETOS,06209,1,A_Frota_por_UF_Municipio_CEP_Julho_2026.xlsx
SAO PAULO,BARRETOS,14703,1,A_Frota_por_UF_Municipio_CEP_Julho_2026.xlsx
SAO PAULO,BARRETOS,14780,222,A_Frota_por_UF_Municipio_CEP_Julho_2026.xlsx
SAO PAULO,BARRETOS,14781,179,A_Frota_por_UF_Municipio_CEP_Julho_2026.xlsx
SAO PAULO,BARRETOS,14783,83,A_Frota_por_UF_Municipio_CEP_Julho_2026.xlsx
SAO PAULO,BARRETOS,14784,85,A_Frota_por_UF_Municipio_CEP_Julho_2026.xlsx
SAO PAULO,BARRETOS,14786,10,A_Frota_por_UF_Municipio_CEP_Julho_2026.xlsx
SAO PAULO,BARRETOS,14787,31,A_Frota_por_UF_Municipio_CEP_Julho_2026.xlsx
SAO PAULO,BARRETOS,14788,2,A_Frota_por_UF_Municipio_CEP_Julho_2026.xlsx
SAO PAULO,BARRETOS,Sem I,15654,A_Frota_por_UF_Municipio_CEP_Julho_2026.xlsx
SAO PAULO,BARRINHA,_x0000__x0000__x0000__x0000_ ,2,A_Frota_por_UF_Municipio_CEP_Julho_2026.xlsx
SAO PAULO,BARRINHA,00000,18608,A_Frota_por_UF_Municipio_CEP_Julho_2026.xlsx
SAO PAULO,BARRINHA,14860,160,A_Frota_por_UF_Municipio_CEP_Julho_2026.xlsx
SAO PAULO,BARRINHA,Sem I,1968,A_Frota_por_UF_Municipio_CEP_Julho_2026.xlsx
SAO PAULO,BARUERI,_x0000__x0000__x0000__x0000_ ,2,A_Frota_por_UF_Municipio_CEP_Julho_2026.xlsx
SAO PAULO,BARUERI,00000,204798,A_Frota_por_UF_Municipio_CEP_Julho_2026.xlsx
SAO PAULO,BARUERI,06080,1,A_Frota_por_UF_Municipio_CEP_Julho_2026.xlsx
SAO PAULO,BARUERI,06100,1,A_Frota_por_UF_Municipio_CEP_Julho_2026.xlsx
SAO PAULO,BARUERI,06212,1,A_Frota_por_UF_Municipio_CEP_Julho_2026.xlsx
SAO PAULO,BARUERI,06264,1,A_Frota_por_UF_Municipio_CEP_Julho_2026.xlsx
SAO PAULO,BARUERI,06400,36,A_Frota_por_UF_Municipio_CEP_Julho_2026.xlsx
SAO PAULO,BARUERI,06401,25,A_Frota_por_UF_Municipio_CEP_Julho_2026.xlsx
SAO PAULO,BARUERI,06402,39,A_Frota_por_UF_Municipio_CEP_Julho_2026.xlsx
SAO PAULO,BARUERI,06404,19,A_Frota_por_UF_Municipio_CEP_Julho_2026.xlsx
SAO PAULO,BARUERI,06406,3,A_Frota_por_UF_Municipio_CEP_Julho_2026.xlsx
SAO PAULO,BARUERI,06407,31,A_Frota_por_UF_Municipio_CEP_Julho_2026.xlsx
SAO PAULO,BARUERI,06408,29,A_Frota_por_UF_Municipio_CEP_Julho_2026.xlsx
SAO PAULO,BARUERI,06409,42,A_Frota_por_UF_Municipio_CEP_Julho_2026.xlsx
SAO PAULO,BARUERI,06410,81,A_Frota_por_UF_Municipio_CEP_Julho_2026.xlsx
SAO PAULO,BARUERI,06411,66,A_Frota_por_UF_Municipio_CEP_Julho_2026.xlsx
SAO PAULO,BARUERI,06412,81,A_Frota_por_UF_Municipio_CEP_Julho_2026.xlsx
SAO PAULO,BARUERI,06413,55,A_Frota_por_UF_Municipio_CEP_Julho_2026.xlsx
SAO PAULO,BARUERI,06414,25,A_Frota_por_UF_Municipio_CEP_Julho_2026.xlsx
SAO PAULO,BARUERI,06415,64,A_Frota_por_UF_Municipio_CEP_Julho_2026.xlsx
SAO PAULO,BARUERI,06416,63,A_Frota_por_UF_Municipio_CEP_Julho_2026.xlsx
SAO PAULO,BARUERI,06417,28,A_Frota_por_UF_Municipio_CEP_Julho_2026.xlsx
SAO PAULO,BARUERI,06418,3,A_Frota_por_UF_Municipio_CEP_Julho_2026.xlsx
SAO PAULO,BARUERI,06419,31,A_Frota_por_UF_Municipio_CEP_Julho_2026.xlsx
SAO PAULO,BARUERI,06420,103,A_Frota_por_UF_Municipio_CEP_Julho_2026.xlsx
SAO PAULO,BARUERI,06421,18,A_Frota_por_UF_Municipio_CEP_Julho_2026.xlsx
SAO PAULO,BARUERI,06422,76,A_Frota_por_UF_Municipio_CEP_Julho_2026.xlsx
SAO PAULO,BARUERI,06423,12,A_Frota_por_UF_Municipio_CEP_Julho_2026.xlsx
SAO PAULO,BARUERI,06428,14,A_Frota_por_UF_Municipio_CEP_Julho_2026.xlsx
SAO PAULO,BARUERI,06429,16,A_Frota_por_UF_Municipio_CEP_Julho_2026.xlsx
SAO PAULO,BARUERI,06430,1,A_Frota_por_UF_Municipio_CEP_Julho_2026.xlsx
SAO PAULO,BARUERI,06431,1,A_Frota_por_UF_Municipio_CEP_Julho_2026.xlsx
SAO PAULO,BARUERI,06433,68,A_Frota_por_UF_Municipio_CEP_Julho_2026.xlsx
SAO PAULO,BARUERI,06434,55,A_Frota_por_UF_Municipio_CEP_Julho_2026.xlsx
SAO PAULO,BARUERI,06435,62,A_Frota_por_UF_Municipio_CEP_Julho_2026.xlsx
SAO PAULO,BARUERI,06436,149,A_Frota_por_UF_Municipio_CEP_Julho_2026.xlsx
SAO PAULO,BARUERI,06437,56,A_Frota_por_UF_Municipio_CEP_Julho_2026.xlsx
SAO PAULO,BARUERI,06440,54,A_Frota_por_UF_Municipio_CEP_Julho_2026.xlsx
SAO PAULO,BARUERI,06442,8,A_Frota_por_UF_Municipio_CEP_Julho_2026.xlsx
SAO PAULO,BARUERI,06443,3,A_Frota_por_UF_Municipio_CEP_Julho_2026.xlsx
SAO PAULO,BARUERI,06444,15,A_Frota_por_UF_Municipio_CEP_Julho_2026.xlsx
SAO PAULO,BARUERI,06445,27,A_Frota_por_UF_Municipio_CEP_Julho_2026.xlsx
SAO PAULO,BARUERI,06447,112,A_Frota_por_UF_Municipio_CEP_Julho_2026.xlsx
SAO PAULO,BARUERI,06448,11,A_Frota_por_UF_Municipio_CEP_Julho_2026.xlsx
SAO PAULO,BARUERI,06449,82,A_Frota_por_UF_Municipio_CEP_Julho_2026.xlsx
SAO PAULO,BARUERI,06453,52,A_Frota_por_UF_Municipio_CEP_Julho_2026.xlsx
SAO PAULO,BARUERI,06454,368,A_Frota_por_UF_Municipio_CEP_Julho_2026.xlsx
SAO PAULO,BARUERI,06455,353,A_Frota_por_UF_Municipio_CEP_Julho_2026.xlsx
SAO PAULO,BARUERI,06458,5,A_Frota_por_UF_Municipio_CEP_Julho_2026.xlsx
SAO PAULO,BARUERI,06460,919,A_Frota_por_UF_Municipio_CEP_Julho_2026.xlsx
SAO PAULO,BARUERI,06462,91,A_Frota_por_UF_Municipio_CEP_Julho_2026.xlsx
SAO PAULO,BARUERI,06463,64,A_Frota_por_UF_Municipio_CEP_Julho_2026.xlsx
SAO PAULO,BARUERI,06465,85,A_Frota_por_UF_Municipio_CEP_Julho_2026.xlsx
SAO PAULO,BARUERI,06470,22,A_Frota_por_UF_Municipio_CEP_Julho_2026.xlsx
SAO PAULO,BARUERI,06472,7,A_Frota_por_UF_Municipio_CEP_Julho_2026.xlsx
SAO PAULO,BARUERI,06473,19,A_Frota_por_UF_Municipio_CEP_Julho_2026.xlsx
SAO PAULO,BARUERI,06474,15,A_Frota_por_UF_Municipio_CEP_Julho_2026.xlsx
SAO PAULO,BARUERI,06475,15,A_Frota_por_UF_Municipio_CEP_Julho_2026.xlsx
SAO PAULO,BARUERI,06481,1,A_Frota_por_UF_Municipio_CEP_Julho_2026.xlsx
SAO PAULO,BARUERI,06482,1,A_Frota_por_UF_Municipio_CEP_Julho_2026.xlsx
SAO PAULO,BARUERI,06487,12,A_Frota_por_UF_Municipio_CEP_Julho_2026.xlsx
SAO PAULO,BARUERI,06500,3,A_Frota_por_UF_Municipio_CEP_Julho_2026.xlsx
SAO PAULO,BARUERI,06505,1,A_Frota_por_UF_Municipio_CEP_Julho_2026.xlsx
SAO PAULO,BARUERI,06519,3,A_Frota_por_UF_Municipio_CEP_Julho_2026.xlsx
SAO PAULO,BARUERI,06608,1,A_Frota_por_UF_Municipio_CEP_Julho_2026.xlsx
SAO PAULO,BARUERI,06663,1,A_Frota_por_UF_Municipio_CEP_Julho_2026.xlsx
SAO PAULO,BARUERI,09310,1,A_Frota_por_UF_Municipio_CEP_Julho_2026.xlsx
SAO PAULO,BARUERI,13000,1,A_Frota_por_UF_Municipio_CEP_Julho_2026.xlsx
SAO PAULO,BARUERI,13400,2,A_Frota_por_UF_Municipio_CEP_Julho_2026.xlsx
SAO PAULO,BARUERI,Sem I,24080,A_Frota_por_UF_Municipio_CEP_Julho_2026.xlsx
SAO PAULO,BASTOS,00000,18595,A_Frota_por_UF_Municipio_CEP_Julho_2026.xlsx
SAO PAULO,BASTOS,17690,36,A_Frota_por_UF_Municipio_CEP_Julho_2026.xlsx
SAO PAULO,BASTOS,Sem I,1930,A_Frota_por_UF_Municipio_CEP_Julho_2026.xlsx
SAO PAULO,BATATAIS,00000,44532,A_Frota_por_UF_Municipio_CEP_Julho_2026.xlsx
SAO PAULO,BATATAIS,14300,201,A_Frota_por_UF_Municipio_CEP_Julho_2026.xlsx
SAO PAULO,BATATAIS,14315,1,A_Frota_por_UF_Municipio_CEP_Julho_2026.xlsx
SAO PAULO,BATATAIS,Sem I,6049,A_Frota_por_UF_Municipio_CEP_Julho_2026.xlsx
SAO PAULO,BAURU,_x0000__x0000__x0000__x0000_ ,11,A_Frota_por_UF_Municipio_CEP_Julho_2026.xlsx
SAO PAULO,BAURU,00000,277894,A_Frota_por_UF_Municipio_CEP_Julho_2026.xlsx
SAO PAULO,BAURU,09710,1,A_Frota_por_UF_Municipio_CEP_Julho_2026.xlsx
SAO PAULO,BAURU,17000,5,A_Frota_por_UF_Municipio_CEP_Julho_2026.xlsx
SAO PAULO,BAURU,17001,1,A_Frota_por_UF_Municipio_CEP_Julho_2026.xlsx
SAO PAULO,BAURU,17010,67,A_Frota_por_UF_Municipio_CEP_Julho_2026.xlsx
SAO PAULO,BAURU,17011,30,A_Frota_por_UF_Municipio_CEP_Julho_2026.xlsx
SAO PAULO,BAURU,17012,64,A_Frota_por_UF_Municipio_CEP_Julho_2026.xlsx
SAO PAULO,BAURU,17013,114,A_Frota_por_UF_Municipio_CEP_Julho_2026.xlsx
SAO PAULO,BAURU,17014,38,A_Frota_por_UF_Municipio_CEP_Julho_2026.xlsx
SAO PAULO,BAURU,17015,82,A_Frota_por_UF_Municipio_CEP_Julho_2026.xlsx
SAO PAULO,BAURU,17016,24,A_Frota_por_UF_Municipio_CEP_Julho_2026.xlsx
SAO PAULO,BAURU,17017,73,A_Frota_por_UF_Municipio_CEP_Julho_2026.xlsx
SAO PAULO,BAURU,17018,16,A_Frota_por_UF_Municipio_CEP_Julho_2026.xlsx
SAO PAULO,BAURU,17020,82,A_Frota_por_UF_Municipio_CEP_Julho_2026.xlsx
SAO PAULO,BAURU,17021,105,A_Frota_por_UF_Municipio_CEP_Julho_2026.xlsx
SAO PAULO,BAURU,17022,178,A_Frota_por_UF_Municipio_CEP_Julho_2026.xlsx
SAO PAULO,BAURU,17023,39,A_Frota_por_UF_Municipio_CEP_Julho_2026.xlsx
SAO PAULO,BAURU,17024,49,A_Frota_por_UF_Municipio_CEP_Julho_2026.xlsx
SAO PAULO,BAURU,17025,133,A_Frota_por_UF_Municipio_CEP_Julho_2026.xlsx
SAO PAULO,BAURU,17026,179,A_Frota_por_UF_Municipio_CEP_Julho_2026.xlsx
SAO PAULO,BAURU,17027,37,A_Frota_por_UF_Municipio_CEP_Julho_2026.xlsx
SAO PAULO,BAURU,17028,18,A_Frota_por_UF_Municipio_CEP_Julho_2026.xlsx
SAO PAULO,BAURU,17029,1,A_Frota_por_UF_Municipio_CEP_Julho_2026.xlsx
SAO PAULO,BAURU,17030,125,A_Frota_por_UF_Municipio_CEP_Julho_2026.xlsx
SAO PAULO,BAURU,17031,126,A_Frota_por_UF_Municipio_CEP_Julho_2026.xlsx
SAO PAULO,BAURU,17032,111,A_Frota_por_UF_Municipio_CEP_Julho_2026.xlsx
SAO PAULO,BAURU,17033,103,A_Frota_por_UF_Municipio_CEP_Julho_2026.xlsx
SAO PAULO,BAURU,17034,21,A_Frota_por_UF_Municipio_CEP_Julho_2026.xlsx
SAO PAULO,BAURU,17035,25,A_Frota_por_UF_Municipio_CEP_Julho_2026.xlsx
SAO PAULO,BAURU,17036,3,A_Frota_por_UF_Municipio_CEP_Julho_2026.xlsx
SAO PAULO,BAURU,17037,1,A_Frota_por_UF_Municipio_CEP_Julho_2026.xlsx
SAO PAULO,BAURU,17039,84,A_Frota_por_UF_Municipio_CEP_Julho_2026.xlsx
SAO PAULO,BAURU,17040,17,A_Frota_por_UF_Municipio_CEP_Julho_2026.xlsx
SAO PAULO,BAURU,17041,7,A_Frota_por_UF_Municipio_CEP_Julho_2026.xlsx
SAO PAULO,BAURU,17043,25,A_Frota_por_UF_Municipio_CEP_Julho_2026.xlsx
SAO PAULO,BAURU,17044,16,A_Frota_por_UF_Municipio_CEP_Julho_2026.xlsx
SAO PAULO,BAURU,17045,25,A_Frota_por_UF_Municipio_CEP_Julho_2026.xlsx
SAO PAULO,BAURU,17046,5,A_Frota_por_UF_Municipio_CEP_Julho_2026.xlsx
SAO PAULO,BAURU,17047,90,A_Frota_por_UF_Municipio_CEP_Julho_2026.xlsx
SAO PAULO,BAURU,17048,7,A_Frota_por_UF_Municipio_CEP_Julho_2026.xlsx
SAO PAULO,BAURU,17049,1,A_Frota_por_UF_Municipio_CEP_Julho_2026.xlsx
SAO PAULO,BAURU,17050,73,A_Frota_por_UF_Municipio_CEP_Julho_2026.xlsx
SAO PAULO,BAURU,17051,75,A_Frota_por_UF_Municipio_CEP_Julho_2026.xlsx
SAO PAULO,BAURU,17052,85,A_Frota_por_UF_Municipio_CEP_Julho_2026.xlsx
SAO PAULO,BAURU,17053,32,A_Frota_por_UF_Municipio_CEP_Julho_2026.xlsx
SAO PAULO,BAURU,17054,136,A_Frota_por_UF_Municipio_CEP_Julho_2026.xlsx
SAO PAULO,BAURU,17055,147,A_Frota_por_UF_Municipio_CEP_Julho_2026.xlsx
SAO PAULO,BAURU,17056,118,A_Frota_por_UF_Municipio_CEP_Julho_2026.xlsx
SAO PAULO,BAURU,17057,81,A_Frota_por_UF_Municipio_CEP_Julho_2026.xlsx
SAO PAULO,BAURU,17060,161,A_Frota_por_UF_Municipio_CEP_Julho_2026.xlsx
SAO PAULO,BAURU,17063,85,A_Frota_por_UF_Municipio_CEP_Julho_2026.xlsx
SAO PAULO,BAURU,17064,78,A_Frota_por_UF_Municipio_CEP_Julho_2026.xlsx
SAO PAULO,BAURU,17065,123,A_Frota_por_UF_Municipio_CEP_Julho_2026.xlsx
SAO PAULO,BAURU,17066,120,A_Frota_por_UF_Municipio_CEP_Julho_2026.xlsx
SAO PAULO,BAURU,17067,104,A_Frota_por_UF_Municipio_CEP_Julho_2026.xlsx
SAO PAULO,BAURU,17075,1,A_Frota_por_UF_Municipio_CEP_Julho_2026.xlsx
SAO PAULO,BAURU,17100,22,A_Frota_por_UF_Municipio_CEP_Julho_2026.xlsx
SAO PAULO,BAURU,17105,1,A_Frota_por_UF_Municipio_CEP_Julho_2026.xlsx
SAO PAULO,BAURU,17110,7,A_Frota_por_UF_Municipio_CEP_Julho_2026.xlsx
SAO PAULO,BAURU,17120,2,A_Frota_por_UF_Municipio_CEP_Julho_2026.xlsx
SAO PAULO,BAURU,17270,1,A_Frota_por_UF_Municipio_CEP_Julho_2026.xlsx
SAO PAULO,BAURU,17690,1,A_Frota_por_UF_Municipio_CEP_Julho_2026.xlsx
SAO PAULO,BAURU,Sem I,40883,A_Frota_por_UF_Municipio_CEP_Julho_2026.xlsx
SAO PAULO,BEBEDOURO,_x0000__x0000__x0000__x0000_ ,8,A_Frota_por_UF_Municipio_CEP_Julho_2026.xlsx
SAO PAULO,BEBEDOURO,00000,67402,A_Frota_por_UF_Municipio_CEP_Julho_2026.xlsx
SAO PAULO,BEBEDOURO,11470,1,A_Frota_por_UF_Municipio_CEP_Julho_2026.xlsx
SAO PAULO,BEBEDOURO,14700,246,A_Frota_por_UF_Municipio_CEP_Julho_2026.xlsx
SAO PAULO,BEBEDOURO,14701,41,A_Frota_por_UF_Municipio_CEP_Julho_2026.xlsx
SAO PAULO,BEBEDOURO,14702,63,A_Frota_por_UF_Municipio_CEP_Julho_2026.xlsx
SAO PAULO,BEBEDOURO,14703,1,A_Frota_por_UF_Municipio_CEP_Julho_2026.xlsx
SAO PAULO,BEBEDOURO,14704,2,A_Frota_por_UF_Municipio_CEP_Julho_2026.xlsx
SAO PAULO,BEBEDOURO,14706,42,A_Frota_por_UF_Municipio_CEP_Julho_2026.xlsx
SAO PAULO,BEBEDOURO,14708,41,A_Frota_por_UF_Municipio_CEP_Julho_2026.xlsx
SAO PAULO,BEBEDOURO,14709,18,A_Frota_por_UF_Municipio_CEP_Julho_2026.xlsx
SAO PAULO,BEBEDOURO,14710,22,A_Frota_por_UF_Municipio_CEP_Julho_2026.xlsx
SAO PAULO,BEBEDOURO,14711,89,A_Frota_por_UF_Municipio_CEP_Julho_2026.xlsx
SAO PAULO,BEBEDOURO,14712,1,A_Frota_por_UF_Municipio_CEP_Julho_2026.xlsx
SAO PAULO,BEBEDOURO,14715,1,A_Frota_por_UF_Municipio_CEP_Julho_2026.xlsx
SAO PAULO,BEBEDOURO,Sem I,9587,A_Frota_por_UF_Municipio_CEP_Julho_2026.xlsx
SAO PAULO,BENTO DE ABREU,00000,1578,A_Frota_por_UF_Municipio_CEP_Julho_2026.xlsx
SAO PAULO,BENTO DE ABREU,16790,5,A_Frota_por_UF_Municipio_CEP_Julho_2026.xlsx
SAO PAULO,BENTO DE ABREU,Sem I,188,A_Frota_por_UF_Municipio_CEP_Julho_2026.xlsx
SAO PAULO,BERNARDINO DE CAMPOS,00000,7741,A_Frota_por_UF_Municipio_CEP_Julho_2026.xlsx
SAO PAULO,BERNARDINO DE CAMPOS,18960,21,A_Frota_por_UF_Municipio_CEP_Julho_2026.xlsx
SAO PAULO,BERNARDINO DE CAMPOS,Sem I,1018,A_Frota_por_UF_Municipio_CEP_Julho_2026.xlsx
SAO PAULO,BERTIOGA,00000,35408,A_Frota_por_UF_Municipio_CEP_Julho_2026.xlsx
SAO PAULO,BERTIOGA,08717,1,A_Frota_por_UF_Municipio_CEP_Julho_2026.xlsx
SAO PAULO,BERTIOGA,11250,344,A_Frota_por_UF_Municipio_CEP_Julho_2026.xlsx
SAO PAULO,BERTIOGA,11259,20,A_Frota_por_UF_Municipio_CEP_Julho_2026.xlsx
SAO PAULO,BERTIOGA,Sem I,2962,A_Frota_por_UF_Municipio_CEP_Julho_2026.xlsx
SAO PAULO,BILAC,_x0000__x0000__x0000__x0000_ ,2,A_Frota_por_UF_Municipio_CEP_Julho_2026.xlsx
SAO PAULO,BILAC,00000,5997,A_Frota_por_UF_Municipio_CEP_Julho_2026.xlsx
SAO PAULO,BILAC,16210,8,A_Frota_por_UF_Municipio_CEP_Julho_2026.xlsx
SAO PAULO,BILAC,Sem I,689,A_Frota_por_UF_Municipio_CEP_Julho_2026.xlsx
SAO PAULO,BIRIGUI,_x0000__x0000__x0000__x0000_ ,5,A_Frota_por_UF_Municipio_CEP_Julho_2026.xlsx
SAO PAULO,BIRIGUI,00000,102217,A_Frota_por_UF_Municipio_CEP_Julho_2026.xlsx
SAO PAULO,BIRIGUI,16200,126,A_Frota_por_UF_Municipio_CEP_Julho_2026.xlsx
SAO PAULO,BIRIGUI,16201,39,A_Frota_por_UF_Municipio_CEP_Julho_2026.xlsx
SAO PAULO,BIRIGUI,16202,24,A_Frota_por_UF_Municipio_CEP_Julho_2026.xlsx
SAO PAULO,BIRIGUI,16203,28,A_Frota_por_UF_Municipio_CEP_Julho_2026.xlsx
SAO PAULO,BIRIGUI,16204,32,A_Frota_por_UF_Municipio_CEP_Julho_2026.xlsx
SAO PAULO,BIRIGUI,16207,3,A_Frota_por_UF_Municipio_CEP_Julho_2026.xlsx
SAO PAULO,BIRIGUI,16208,2,A_Frota_por_UF_Municipio_CEP_Julho_2026.xlsx
SAO PAULO,BIRIGUI,Sem I,15267,A_Frota_por_UF_Municipio_CEP_Julho_2026.xlsx
SAO PAULO,BIRITIBA-MIRIM,_x0000__x0000__x0000__x0000_ ,4,A_Frota_por_UF_Municipio_CEP_Julho_2026.xlsx
SAO PAULO,BIRITIBA-MIRIM,00000,16088,A_Frota_por_UF_Municipio_CEP_Julho_2026.xlsx
SAO PAULO,BIRITIBA-MIRIM,08940,50,A_Frota_por_UF_Municipio_CEP_Julho_2026.xlsx
SAO PAULO,BIRITIBA-MIRIM,Sem I,1825,A_Frota_por_UF_Municipio_CEP_Julho_2026.xlsx
SAO PAULO,BOA ESPERANCA DO SUL,00000,8025,A_Frota_por_UF_Municipio_CEP_Julho_2026.xlsx
SAO PAULO,BOA ESPERANCA DO SUL,07149,1,A_Frota_por_UF_Municipio_CEP_Julho_2026.xlsx
SAO PAULO,BOA ESPERANCA DO SUL,14930,33,A_Frota_por_UF_Municipio_CEP_Julho_2026.xlsx
SAO PAULO,BOA ESPERANCA DO SUL,Sem I,1264,A_Frota_por_UF_Municipio_CEP_Julho_2026.xlsx
SAO PAULO,BOCAINA,00000,7568,A_Frota_por_UF_Municipio_CEP_Julho_2026.xlsx
SAO PAULO,BOCAINA,17240,34,A_Frota_por_UF_Municipio_CEP_Julho_2026.xlsx
SAO PAULO,BOCAINA,Sem I,1149,A_Frota_por_UF_Municipio_CEP_Julho_2026.xlsx
SAO PAULO,BOFETE,00000,6578,A_Frota_por_UF_Municipio_CEP_Julho_2026.xlsx
SAO PAULO,BOFETE,18590,40,A_Frota_por_UF_Municipio_CEP_Julho_2026.xlsx
SAO PAULO,BOFETE,Sem I,777,A_Frota_por_UF_Municipio_CEP_Julho_2026.xlsx
SAO PAULO,BOITUVA,_x0000__x0000__x0000__x0000_ ,2,A_Frota_por_UF_Municipio_CEP_Julho_2026.xlsx
SAO PAULO,BOITUVA,00000,55609,A_Frota_por_UF_Municipio_CEP_Julho_2026.xlsx
SAO PAULO,BOITUVA,18550,352,A_Frota_por_UF_Municipio_CEP_Julho_2026.xlsx
SAO PAULO,BOITUVA,18555,29,A_Frota_por_UF_Municipio_CEP_Julho_2026.xlsx
SAO PAULO,BOITUVA,Sem I,4401,A_Frota_por_UF_Municipio_CEP_Julho_2026.xlsx
SAO PAULO,BOM JESUS DOS PERDOES,00000,18717,A_Frota_por_UF_Municipio_CEP_Julho_2026.xlsx
SAO PAULO,BOM JESUS DOS PERDOES,12955,203,A_Frota_por_UF_Municipio_CEP_Julho_2026.xlsx
SAO PAULO,BOM JESUS DOS PERDOES,Sem I,1809,A_Frota_por_UF_Municipio_CEP_Julho_2026.xlsx
SAO PAULO,BOM SUCESSO DE ITARARE,00000,2185,A_Frota_por_UF_Municipio_CEP_Julho_2026.xlsx
SAO PAULO,BOM SUCESSO DE ITARARE,18475,1,A_Frota_por_UF_Municipio_CEP_Julho_2026.xlsx
SAO PAULO,BOM SUCESSO DE ITARARE,Sem I,186,A_Frota_por_UF_Municipio_CEP_Julho_2026.xlsx
SAO PAULO,BORA,00000,665,A_Frota_por_UF_Municipio_CEP_Julho_2026.xlsx
SAO PAULO,BORA,19740,1,A_Frota_por_UF_Municipio_CEP_Julho_2026.xlsx
SAO PAULO,BORA,Sem I,57,A_Frota_por_UF_Municipio_CEP_Julho_2026.xlsx
SAO PAULO,BORACEIA,00000,3084,A_Frota_por_UF_Municipio_CEP_Julho_2026.xlsx
SAO PAULO,BORACEIA,17270,16,A_Frota_por_UF_Municipio_CEP_Julho_2026.xlsx
SAO PAULO,BORACEIA,Sem I,377,A_Frota_por_UF_Municipio_CEP_Julho_2026.xlsx
SAO PAULO,BORBOREMA,00000,12100,A_Frota_por_UF_Municipio_CEP_Julho_2026.xlsx
SAO PAULO,BORBOREMA,14955,34,A_Frota_por_UF_Municipio_CEP_Julho_2026.xlsx
SAO PAULO,BORBOREMA,Sem I,1258,A_Frota_por_UF_Municipio_CEP_Julho_2026.xlsx
SAO PAULO,BOREBI,00000,1596,A_Frota_por_UF_Municipio_CEP_Julho_2026.xlsx
SAO PAULO,BOREBI,18675,12,A_Frota_por_UF_Municipio_CEP_Julho_2026.xlsx
SAO PAULO,BOREBI,Sem I,105,A_Frota_por_UF_Municipio_CEP_Julho_2026.xlsx
SAO PAULO,BOTUCATU,_x0000__x0000__x0000__x0000_ ,1,A_Frota_por_UF_Municipio_CEP_Julho_2026.xlsx
SAO PAULO,BOTUCATU,00000,109695,A_Frota_por_UF_Municipio_CEP_Julho_2026.xlsx
SAO PAULO,BOTUCATU,18600,76,A_Frota_por_UF_Municipio_CEP_Julho_2026.xlsx
SAO PAULO,BOTUCATU,18601,51,A_Frota_por_UF_Municipio_CEP_Julho_2026.xlsx
SAO PAULO,BOTUCATU,18602,44,A_Frota_por_UF_Municipio_CEP_Julho_2026.xlsx
SAO PAULO,BOTUCATU,18603,32,A_Frota_por_UF_Municipio_CEP_Julho_2026.xlsx
SAO PAULO,BOTUCATU,18604,43,A_Frota_por_UF_Municipio_CEP_Julho_2026.xlsx
SAO PAULO,BOTUCATU,18605,62,A_Frota_por_UF_Municipio_CEP_Julho_2026.xlsx
SAO PAULO,BOTUCATU,18606,42,A_Frota_por_UF_Municipio_CEP_Julho_2026.xlsx
SAO PAULO,BOTUCATU,18607,22,A_Frota_por_UF_Municipio_CEP_Julho_2026.xlsx
SAO PAULO,BOTUCATU,18608,72,A_Frota_por_UF_Municipio_CEP_Julho_2026.xlsx
SAO PAULO,BOTUCATU,18609,39,A_Frota_por_UF_Municipio_CEP_Julho_2026.xlsx
SAO PAULO,BOTUCATU,18610,29,A_Frota_por_UF_Municipio_CEP_Julho_2026.xlsx
SAO PAULO,BOTUCATU,18611,32,A_Frota_por_UF_Municipio_CEP_Julho_2026.xlsx
SAO PAULO,BOTUCATU,18617,1,A_Frota_por_UF_Municipio_CEP_Julho_2026.xlsx
SAO PAULO,BOTUCATU,18618,14,A_Frota_por_UF_Municipio_CEP_Julho_2026.xlsx
SAO PAULO,BOTUCATU,18619,2,A_Frota_por_UF_Municipio_CEP_Julho_2026.xlsx
SAO PAULO,BOTUCATU,Sem I,14849,A_Frota_por_UF_Municipio_CEP_Julho_2026.xlsx
SAO PAULO,BRAGANCA PAULISTA,00000,141874,A_Frota_por_UF_Municipio_CEP_Julho_2026.xlsx
SAO PAULO,BRAGANCA PAULISTA,06253,1,A_Frota_por_UF_Municipio_CEP_Julho_2026.xlsx
SAO PAULO,BRAGANCA PAULISTA,09220,1,A_Frota_por_UF_Municipio_CEP_Julho_2026.xlsx
SAO PAULO,BRAGANCA PAULISTA,12090,1,A_Frota_por_UF_Municipio_CEP_Julho_2026.xlsx
SAO PAULO,BRAGANCA PAULISTA,12191,1,A_Frota_por_UF_Municipio_CEP_Julho_2026.xlsx
SAO PAULO,BRAGANCA PAULISTA,12290,1,A_Frota_por_UF_Municipio_CEP_Julho_2026.xlsx
SAO PAULO,BRAGANCA PAULISTA,12822,1,A_Frota_por_UF_Municipio_CEP_Julho_2026.xlsx
SAO PAULO,BRAGANCA PAULISTA,12900,312,A_Frota_por_UF_Municipio_CEP_Julho_2026.xlsx
SAO PAULO,BRAGANCA PAULISTA,12902,25,A_Frota_por_UF_Municipio_CEP_Julho_2026.xlsx
SAO PAULO,BRAGANCA PAULISTA,12903,49,A_Frota_por_UF_Municipio_CEP_Julho_2026.xlsx
SAO PAULO,BRAGANCA PAULISTA,12904,40,A_Frota_por_UF_Municipio_CEP_Julho_2026.xlsx
SAO PAULO,BRAGANCA PAULISTA,12906,40,A_Frota_por_UF_Municipio_CEP_Julho_2026.xlsx
SAO PAULO,BRAGANCA PAULISTA,12908,54,A_Frota_por_UF_Municipio_CEP_Julho_2026.xlsx
SAO PAULO,BRAGANCA PAULISTA,12910,56,A_Frota_por_UF_Municipio_CEP_Julho_2026.xlsx
SAO PAULO,BRAGANCA PAULISTA,12912,58,A_Frota_por_UF_Municipio_CEP_Julho_2026.xlsx
SAO PAULO,BRAGANCA PAULISTA,12913,14,A_Frota_por_UF_Municipio_CEP_Julho_2026.xlsx
SAO PAULO,BRAGANCA PAULISTA,12914,47,A_Frota_por_UF_Municipio_CEP_Julho_2026.xlsx
SAO PAULO,BRAGANCA PAULISTA,12916,54,A_Frota_por_UF_Municipio_CEP_Julho_2026.xlsx
SAO PAULO,BRAGANCA PAULISTA,12917,3,A_Frota_por_UF_Municipio_CEP_Julho_2026.xlsx
SAO PAULO,BRAGANCA PAULISTA,12919,30,A_Frota_por_UF_Municipio_CEP_Julho_2026.xlsx
SAO PAULO,BRAGANCA PAULISTA,12922,87,A_Frota_por_UF_Municipio_CEP_Julho_2026.xlsx
SAO PAULO,BRAGANCA PAULISTA,12924,7,A_Frota_por_UF_Municipio_CEP_Julho_2026.xlsx
SAO PAULO,BRAGANCA PAULISTA,12926,57,A_Frota_por_UF_Municipio_CEP_Julho_2026.xlsx
SAO PAULO,BRAGANCA PAULISTA,12927,12,A_Frota_por_UF_Municipio_CEP_Julho_2026.xlsx
SAO PAULO,BRAGANCA PAULISTA,12929,106,A_Frota_por_UF_Municipio_CEP_Julho_2026.xlsx
SAO PAULO,BRAGANCA PAULISTA,12940,1,A_Frota_por_UF_Municipio_CEP_Julho_2026.xlsx
SAO PAULO,BRAGANCA PAULISTA,Sem I,19594,A_Frota_por_UF_Municipio_CEP_Julho_2026.xlsx
SAO PAULO,BRAUNA,00000,3533,A_Frota_por_UF_Municipio_CEP_Julho_2026.xlsx
SAO PAULO,BRAUNA,16250,1,A_Frota_por_UF_Municipio_CEP_Julho_2026.xlsx
SAO PAULO,BRAUNA,16290,3,A_Frota_por_UF_Municipio_CEP_Julho_2026.xlsx
SAO PAULO,BRAUNA,Sem I,310,A_Frota_por_UF_Municipio_CEP_Julho_2026.xlsx
SAO PAULO,BREJO ALEGRE,00000,1784,A_Frota_por_UF_Municipio_CEP_Julho_2026.xlsx
SAO PAULO,BREJO ALEGRE,16265,2,A_Frota_por_UF_Municipio_CEP_Julho_2026.xlsx
SAO PAULO,BREJO ALEGRE,Sem I,86,A_Frota_por_UF_Municipio_CEP_Julho_2026.xlsx
SAO PAULO,BRODOWSKI,00000,18188,A_Frota_por_UF_Municipio_CEP_Julho_2026.xlsx
SAO PAULO,BRODOWSKI,14340,79,A_Frota_por_UF_Municipio_CEP_Julho_2026.xlsx
SAO PAULO,BRODOWSKI,Sem I,1964,A_Frota_por_UF_Municipio_CEP_Julho_2026.xlsx
SAO PAULO,BROTAS,00000,18245,A_Frota_por_UF_Municipio_CEP_Julho_2026.xlsx
SAO PAULO,BROTAS,17380,68,A_Frota_por_UF_Municipio_CEP_Julho_2026.xlsx
SAO PAULO,BROTAS,Sem I,2306,A_Frota_por_UF_Municipio_CEP_Julho_2026.xlsx
SAO PAULO,BURI,00000,12089,A_Frota_por_UF_Municipio_CEP_Julho_2026.xlsx
SAO PAULO,BURI,18290,34,A_Frota_por_UF_Municipio_CEP_Julho_2026.xlsx
SAO PAULO,BURI,Sem I,1316,A_Frota_por_UF_Municipio_CEP_Julho_2026.xlsx
SAO PAULO,BURITAMA,00000,13215,A_Frota_por_UF_Municipio_CEP_Julho_2026.xlsx
SAO PAULO,BURITAMA,15290,26,A_Frota_por_UF_Municipio_CEP_Julho_2026.xlsx
SAO PAULO,BURITAMA,Sem I,1275,A_Frota_por_UF_Municipio_CEP_Julho_2026.xlsx
SAO PAULO,BURITIZAL,00000,3363,A_Frota_por_UF_Municipio_CEP_Julho_2026.xlsx
SAO PAULO,BURITIZAL,14570,7,A_Frota_por_UF_Municipio_CEP_Julho_2026.xlsx
SAO PAULO,BURITIZAL,Sem I,392,A_Frota_por_UF_Municipio_CEP_Julho_2026.xlsx
SAO PAULO,CABRALIA PAULISTA,00000,2827,A_Frota_por_UF_Municipio_CEP_Julho_2026.xlsx
SAO PAULO,CABRALIA PAULISTA,17480,18,A_Frota_por_UF_Municipio_CEP_Julho_2026.xlsx
SAO PAULO,CABRALIA PAULISTA,Sem I,437,A_Frota_por_UF_Municipio_CEP_Julho_2026.xlsx
SAO PAULO,CABREUVA,00000,33580,A_Frota_por_UF_Municipio_CEP_Julho_2026.xlsx
SAO PAULO,CABREUVA,06029,1,A_Frota_por_UF_Municipio_CEP_Julho_2026.xlsx
SAO PAULO,CABREUVA,13310,1,A_Frota_por_UF_Municipio_CEP_Julho_2026.xlsx
SAO PAULO,CABREUVA,13315,131,A_Frota_por_UF_Municipio_CEP_Julho_2026.xlsx
SAO PAULO,CABREUVA,13317,32,A_Frota_por_UF_Municipio_CEP_Julho_2026.xlsx
SAO PAULO,CABREUVA,13318,139,A_Frota_por_UF_Municipio_CEP_Julho_2026.xlsx
SAO PAULO,CABREUVA,13319,21,A_Frota_por_UF_Municipio_CEP_Julho_2026.xlsx
SAO PAULO,CABREUVA,Sem I,3874,A_Frota_por_UF_Municipio_CEP_Julho_2026.xlsx
SAO PAULO,CACAPAVA,_x0000__x0000__x0000__x0000_ ,3,A_Frota_por_UF_Municipio_CEP_Julho_2026.xlsx
SAO PAULO,CACAPAVA,00000,59920,A_Frota_por_UF_Municipio_CEP_Julho_2026.xlsx
SAO PAULO,CACAPAVA,12235,1,A_Frota_por_UF_Municipio_CEP_Julho_2026.xlsx
SAO PAULO,CACAPAVA,12280,102,A_Frota_por_UF_Municipio_CEP_Julho_2026.xlsx
SAO PAULO,CACAPAVA,12281,26,A_Frota_por_UF_Municipio_CEP_Julho_2026.xlsx
SAO PAULO,CACAPAVA,12282,20,A_Frota_por_UF_Municipio_CEP_Julho_2026.xlsx
SAO PAULO,CACAPAVA,12283,30,A_Frota_por_UF_Municipio_CEP_Julho_2026.xlsx
SAO PAULO,CACAPAVA,12284,30,A_Frota_por_UF_Municipio_CEP_Julho_2026.xlsx
SAO PAULO,CACAPAVA,12285,15,A_Frota_por_UF_Municipio_CEP_Julho_2026.xlsx
SAO PAULO,CACAPAVA,12286,26,A_Frota_por_UF_Municipio_CEP_Julho_2026.xlsx
SAO PAULO,CACAPAVA,12287,35,A_Frota_por_UF_Municipio_CEP_Julho_2026.xlsx
SAO PAULO,CACAPAVA,12288,19,A_Frota_por_UF_Municipio_CEP_Julho_2026.xlsx
SAO PAULO,CACAPAVA,12289,15,A_Frota_por_UF_Municipio_CEP_Julho_2026.xlsx
SAO PAULO,CACAPAVA,12290,4,A_Frota_por_UF_Municipio_CEP_Julho_2026.xlsx
SAO PAULO,CACAPAVA,12291,6,A_Frota_por_UF_Municipio_CEP_Julho_2026.xlsx
SAO PAULO,CACAPAVA,12292,8,A_Frota_por_UF_Municipio_CEP_Julho_2026.xlsx
SAO PAULO,CACAPAVA,12294,1,A_Frota_por_UF_Municipio_CEP_Julho_2026.xlsx
SAO PAULO,CACAPAVA,12295,2,A_Frota_por_UF_Municipio_CEP_Julho_2026.xlsx
SAO PAULO,CACAPAVA,12297,1,A_Frota_por_UF_Municipio_CEP_Julho_2026.xlsx
SAO PAULO,CACAPAVA,12884,1,A_Frota_por_UF_Municipio_CEP_Julho_2026.xlsx
SAO PAULO,CACAPAVA,Sem I,9524,A_Frota_por_UF_Municipio_CEP_Julho_2026.xlsx
SAO PAULO,CACHOEIRA PAULISTA,00000,17093,A_Frota_por_UF_Municipio_CEP_Julho_2026.xlsx
SAO PAULO,CACHOEIRA PAULISTA,12630,40,A_Frota_por_UF_Municipio_CEP_Julho_2026.xlsx
SAO PAULO,CACHOEIRA PAULISTA,Sem I,2149,A_Frota_por_UF_Municipio_CEP_Julho_2026.xlsx
SAO PAULO,CACONDE,00000,11812,A_Frota_por_UF_Municipio_CEP_Julho_2026.xlsx
SAO PAULO,CACONDE,13770,19,A_Frota_por_UF_Municipio_CEP_Julho_2026.xlsx
SAO PAULO,CACONDE,Sem I,1617,A_Frota_por_UF_Municipio_CEP_Julho_2026.xlsx
SAO PAULO,CAFELANDIA,00000,11187,A_Frota_por_UF_Municipio_CEP_Julho_2026.xlsx
SAO PAULO,CAFELANDIA,16500,55,A_Frota_por_UF_Municipio_CEP_Julho_2026.xlsx
SAO PAULO,CAFELANDIA,Sem I,1381,A_Frota_por_UF_Municipio_CEP_Julho_2026.xlsx
SAO PAULO,CAIABU,00000,2209,A_Frota_por_UF_Municipio_CEP_Julho_2026.xlsx
SAO PAULO,CAIABU,19530,9,A_Frota_por_UF_Municipio_CEP_Julho_2026.xlsx
SAO PAULO,CAIABU,19535,1,A_Frota_por_UF_Municipio_CEP_Julho_2026.xlsx
SAO PAULO,CAIABU,Sem I,310,A_Frota_por_UF_Municipio_CEP_Julho_2026.xlsx
SAO PAULO,CAIEIRAS,00000,54380,A_Frota_por_UF_Municipio_CEP_Julho_2026.xlsx
SAO PAULO,CAIEIRAS,07700,349,A_Frota_por_UF_Municipio_CEP_Julho_2026.xlsx
SAO PAULO,CAIEIRAS,07714,1,A_Frota_por_UF_Municipio_CEP_Julho_2026.xlsx
SAO PAULO,CAIEIRAS,07726,1,A_Frota_por_UF_Municipio_CEP_Julho_2026.xlsx
SAO PAULO,CAIEIRAS,07739,1,A_Frota_por_UF_Municipio_CEP_Julho_2026.xlsx
SAO PAULO,CAIEIRAS,07743,1,A_Frota_por_UF_Municipio_CEP_Julho_2026.xlsx
SAO PAULO,CAIEIRAS,07745,53,A_Frota_por_UF_Municipio_CEP_Julho_2026.xlsx
SAO PAULO,CAIEIRAS,07749,1,A_Frota_por_UF_Municipio_CEP_Julho_2026.xlsx
SAO PAULO,CAIEIRAS,Sem I,5206,A_Frota_por_UF_Municipio_CEP_Julho_2026.xlsx
SAO PAULO,CAIUA,00000,2132,A_Frota_por_UF_Municipio_CEP_Julho_2026.xlsx
SAO PAULO,CAIUA,19450,23,A_Frota_por_UF_Municipio_CEP_Julho_2026.xlsx
SAO PAULO,CAIUA,Sem I,255,A_Frota_por_UF_Municipio_CEP_Julho_2026.xlsx
SAO PAULO,CAJAMAR,_x0000__x0000__x0000__x0000_ ,1,A_Frota_por_UF_Municipio_CEP_Julho_2026.xlsx
SAO PAULO,CAJAMAR,00000,57507,A_Frota_por_UF_Municipio_CEP_Julho_2026.xlsx
SAO PAULO,CAJAMAR,07600,1,A_Frota_por_UF_Municipio_CEP_Julho_2026.xlsx
SAO PAULO,CAJAMAR,07750,118,A_Frota_por_UF_Municipio_CEP_Julho_2026.xlsx
SAO PAULO,CAJAMAR,07753,4,A_Frota_por_UF_Municipio_CEP_Julho_2026.xlsx
SAO PAULO,CAJAMAR,07760,159,A_Frota_por_UF_Municipio_CEP_Julho_2026.xlsx
SAO PAULO,CAJAMAR,07770,105,A_Frota_por_UF_Municipio_CEP_Julho_2026.xlsx
SAO PAULO,CAJAMAR,07775,2,A_Frota_por_UF_Municipio_CEP_Julho_2026.xlsx
SAO PAULO,CAJAMAR,07776,87,A_Frota_por_UF_Municipio_CEP_Julho_2026.xlsx
SAO PAULO,CAJAMAR,07777,1,A_Frota_por_UF_Municipio_CEP_Julho_2026.xlsx
SAO PAULO,CAJAMAR,07786,2,A_Frota_por_UF_Municipio_CEP_Julho_2026.xlsx
SAO PAULO,CAJAMAR,07787,1,A_Frota_por_UF_Municipio_CEP_Julho_2026.xlsx
SAO PAULO,CAJAMAR,07790,559,A_Frota_por_UF_Municipio_CEP_Julho_2026.xlsx
SAO PAULO,CAJAMAR,Sem I,4821,A_Frota_por_UF_Municipio_CEP_Julho_2026.xlsx
SAO PAULO,CAJATI,_x0000__x0000__x0000__x0000_ ,2,A_Frota_por_UF_Municipio_CEP_Julho_2026.xlsx
SAO PAULO,CAJATI,00000,18240,A_Frota_por_UF_Municipio_CEP_Julho_2026.xlsx
SAO PAULO,CAJATI,11950,64,A_Frota_por_UF_Municipio_CEP_Julho_2026.xlsx
SAO PAULO,CAJATI,19500,1,A_Frota_por_UF_Municipio_CEP_Julho_2026.xlsx
SAO PAULO,CAJATI,Sem I,1435,A_Frota_por_UF_Municipio_CEP_Julho_2026.xlsx
SAO PAULO,CAJOBI,00000,6142,A_Frota_por_UF_Municipio_CEP_Julho_2026.xlsx
SAO PAULO,CAJOBI,15410,14,A_Frota_por_UF_Municipio_CEP_Julho_2026.xlsx
SAO PAULO,CAJOBI,Sem I,647,A_Frota_por_UF_Municipio_CEP_Julho_2026.xlsx
SAO PAULO,CAJURU,00000,16983,A_Frota_por_UF_Municipio_CEP_Julho_2026.xlsx
SAO PAULO,CAJURU,14240,89,A_Frota_por_UF_Municipio_CEP_Julho_2026.xlsx
SAO PAULO,CAJURU,Sem I,2605,A_Frota_por_UF_Municipio_CEP_Julho_2026.xlsx
SAO PAULO,CAMPINA DO MONTE ALEGRE,00000,3412,A_Frota_por_UF_Municipio_CEP_Julho_2026.xlsx
SAO PAULO,CAMPINA DO MONTE ALEGRE,18245,16,A_Frota_por_UF_Municipio_CEP_Julho_2026.xlsx
SAO PAULO,CAMPINA DO MONTE ALEGRE,Sem I,450,A_Frota_por_UF_Municipio_CEP_Julho_2026.xlsx
SAO PAULO,CAMPINAS,_x0000__x0000__x0000__x0000_ ,10,A_Frota_por_UF_Municipio_CEP_Julho_2026.xlsx
SAO PAULO,CAMPINAS,-2,1,A_Frota_por_UF_Municipio_CEP_Julho_2026.xlsx
SAO PAULO,CAMPINAS,00000,843361,A_Frota_por_UF_Municipio_CEP_Julho_2026.xlsx
SAO PAULO,CAMPINAS,05792,1,A_Frota_por_UF_Municipio_CEP_Julho_2026.xlsx
SAO PAULO,CAMPINAS,06029,8,A_Frota_por_UF_Municipio_CEP_Julho_2026.xlsx
SAO PAULO,CAMPINAS,06291,1,A_Frota_por_UF_Municipio_CEP_Julho_2026.xlsx
SAO PAULO,CAMPINAS,06454,1,A_Frota_por_UF_Municipio_CEP_Julho_2026.xlsx
SAO PAULO,CAMPINAS,06455,2,A_Frota_por_UF_Municipio_CEP_Julho_2026.xlsx
SAO PAULO,CAMPINAS,08553,1,A_Frota_por_UF_Municipio_CEP_Julho_2026.xlsx
SAO PAULO,CAMPINAS,08557,3,A_Frota_por_UF_Municipio_CEP_Julho_2026.xlsx
SAO PAULO,CAMPINAS,09710,1,A_Frota_por_UF_Municipio_CEP_Julho_2026.xlsx
SAO PAULO,CAMPINAS,11040,1,A_Frota_por_UF_Municipio_CEP_Julho_2026.xlsx
SAO PAULO,CAMPINAS,12243,1,A_Frota_por_UF_Municipio_CEP_Julho_2026.xlsx
SAO PAULO,CAMPINAS,13000,265,A_Frota_por_UF_Municipio_CEP_Julho_2026.xlsx
SAO PAULO,CAMPINAS,13001,9,A_Frota_por_UF_Municipio_CEP_Julho_2026.xlsx
SAO PAULO,CAMPINAS,13002,1,A_Frota_por_UF_Municipio_CEP_Julho_2026.xlsx
SAO PAULO,CAMPINAS,13005,1,A_Frota_por_UF_Municipio_CEP_Julho_2026.xlsx
SAO PAULO,CAMPINAS,13006,2,A_Frota_por_UF_Municipio_CEP_Julho_2026.xlsx
SAO PAULO,CAMPINAS,13009,2,A_Frota_por_UF_Municipio_CEP_Julho_2026.xlsx
SAO PAULO,CAMPINAS,13010,297,A_Frota_por_UF_Municipio_CEP_Julho_2026.xlsx
SAO PAULO,CAMPINAS,13011,3,A_Frota_por_UF_Municipio_CEP_Julho_2026.xlsx
SAO PAULO,CAMPINAS,13012,80,A_Frota_por_UF_Municipio_CEP_Julho_2026.xlsx
SAO PAULO,CAMPINAS,13013,220,A_Frota_por_UF_Municipio_CEP_Julho_2026.xlsx
SAO PAULO,CAMPINAS,13014,2,A_Frota_por_UF_Municipio_CEP_Julho_2026.xlsx
SAO PAULO,CAMPINAS,13015,316,A_Frota_por_UF_Municipio_CEP_Julho_2026.xlsx
SAO PAULO,CAMPINAS,13017,2,A_Frota_por_UF_Municipio_CEP_Julho_2026.xlsx
SAO PAULO,CAMPINAS,13018,1,A_Frota_por_UF_Municipio_CEP_Julho_2026.xlsx
SAO PAULO,CAMPINAS,13019,2,A_Frota_por_UF_Municipio_CEP_Julho_2026.xlsx
SAO PAULO,CAMPINAS,13020,224,A_Frota_por_UF_Municipio_CEP_Julho_2026.xlsx
SAO PAULO,CAMPINAS,13021,1,A_Frota_por_UF_Municipio_CEP_Julho_2026.xlsx
SAO PAULO,CAMPINAS,13022,1,A_Frota_por_UF_Municipio_CEP_Julho_2026.xlsx
SAO PAULO,CAMPINAS,13023,146,A_Frota_por_UF_Municipio_CEP_Julho_2026.xlsx
SAO PAULO,CAMPINAS,13024,286,A_Frota_por_UF_Municipio_CEP_Julho_2026.xlsx
SAO PAULO,CAMPINAS,13025,217,A_Frota_por_UF_Municipio_CEP_Julho_2026.xlsx
SAO PAULO,CAMPINAS,13026,264,A_Frota_por_UF_Municipio_CEP_Julho_2026.xlsx
SAO PAULO,CAMPINAS,13028,1,A_Frota_por_UF_Municipio_CEP_Julho_2026.xlsx
SAO PAULO,CAMPINAS,13029,2,A_Frota_por_UF_Municipio_CEP_Julho_2026.xlsx
SAO PAULO,CAMPINAS,13030,232,A_Frota_por_UF_Municipio_CEP_Julho_2026.xlsx
SAO PAULO,CAMPINAS,13031,244,A_Frota_por_UF_Municipio_CEP_Julho_2026.xlsx
SAO PAULO,CAMPINAS,13032,159,A_Frota_por_UF_Municipio_CEP_Julho_2026.xlsx
SAO PAULO,CAMPINAS,13033,375,A_Frota_por_UF_Municipio_CEP_Julho_2026.xlsx
SAO PAULO,CAMPINAS,13034,202,A_Frota_por_UF_Municipio_CEP_Julho_2026.xlsx
SAO PAULO,CAMPINAS,13035,295,A_Frota_por_UF_Municipio_CEP_Julho_2026.xlsx
SAO PAULO,CAMPINAS,13036,150,A_Frota_por_UF_Municipio_CEP_Julho_2026.xlsx
SAO PAULO,CAMPINAS,13038,1,A_Frota_por_UF_Municipio_CEP_Julho_2026.xlsx
SAO PAULO,CAMPINAS,13040,357,A_Frota_por_UF_Municipio_CEP_Julho_2026.xlsx
SAO PAULO,CAMPINAS,13041,222,A_Frota_por_UF_Municipio_CEP_Julho_2026.xlsx
SAO PAULO,CAMPINAS,13042,201,A_Frota_por_UF_Municipio_CEP_Julho_2026.xlsx
SAO PAULO,CAMPINAS,13043,213,A_Frota_por_UF_Municipio_CEP_Julho_2026.xlsx
SAO PAULO,CAMPINAS,13044,299,A_Frota_por_UF_Municipio_CEP_Julho_2026.xlsx
SAO PAULO,CAMPINAS,13045,327,A_Frota_por_UF_Municipio_CEP_Julho_2026.xlsx
SAO PAULO,CAMPINAS,13046,223,A_Frota_por_UF_Municipio_CEP_Julho_2026.xlsx
SAO PAULO,CAMPINAS,13047,1,A_Frota_por_UF_Municipio_CEP_Julho_2026.xlsx
SAO PAULO,CAMPINAS,13049,7,A_Frota_por_UF_Municipio_CEP_Julho_2026.xlsx
SAO PAULO,CAMPINAS,13050,1024,A_Frota_por_UF_Municipio_CEP_Julho_2026.xlsx
SAO PAULO,CAMPINAS,13051,502,A_Frota_por_UF_Municipio_CEP_Julho_2026.xlsx
SAO PAULO,CAMPINAS,13052,302,A_Frota_por_UF_Municipio_CEP_Julho_2026.xlsx
SAO PAULO,CAMPINAS,13053,350,A_Frota_por_UF_Municipio_CEP_Julho_2026.xlsx
SAO PAULO,CAMPINAS,13054,677,A_Frota_por_UF_Municipio_CEP_Julho_2026.xlsx
SAO PAULO,CAMPINAS,13055,10,A_Frota_por_UF_Municipio_CEP_Julho_2026.xlsx
SAO PAULO,CAMPINAS,13056,805,A_Frota_por_UF_Municipio_CEP_Julho_2026.xlsx
SAO PAULO,CAMPINAS,13057,192,A_Frota_por_UF_Municipio_CEP_Julho_2026.xlsx
SAO PAULO,CAMPINAS,13058,633,A_Frota_por_UF_Municipio_CEP_Julho_2026.xlsx
SAO PAULO,CAMPINAS,13059,455,A_Frota_por_UF_Municipio_CEP_Julho_2026.xlsx
SAO PAULO,CAMPINAS,13060,1380,A_Frota_por_UF_Municipio_CEP_Julho_2026.xlsx
SAO PAULO,CAMPINAS,13061,403,A_Frota_por_UF_Municipio_CEP_Julho_2026.xlsx
SAO PAULO,CAMPINAS,13062,3,A_Frota_por_UF_Municipio_CEP_Julho_2026.xlsx
SAO PAULO,CAMPINAS,13063,276,A_Frota_por_UF_Municipio_CEP_Julho_2026.xlsx
SAO PAULO,CAMPINAS,13064,377,A_Frota_por_UF_Municipio_CEP_Julho_2026.xlsx
SAO PAULO,CAMPINAS,13065,474,A_Frota_por_UF_Municipio_CEP_Julho_2026.xlsx
SAO PAULO,CAMPINAS,13066,137,A_Frota_por_UF_Municipio_CEP_Julho_2026.xlsx
SAO PAULO,CAMPINAS,13067,248,A_Frota_por_UF_Municipio_CEP_Julho_2026.xlsx
SAO PAULO,CAMPINAS,13068,205,A_Frota_por_UF_Municipio_CEP_Julho_2026.xlsx
SAO PAULO,CAMPINAS,13069,239,A_Frota_por_UF_Municipio_CEP_Julho_2026.xlsx
SAO PAULO,CAMPINAS,13070,656,A_Frota_por_UF_Municipio_CEP_Julho_2026.xlsx
SAO PAULO,CAMPINAS,13071,1,A_Frota_por_UF_Municipio_CEP_Julho_2026.xlsx
SAO PAULO,CAMPINAS,13072,1,A_Frota_por_UF_Municipio_CEP_Julho_2026.xlsx
SAO PAULO,CAMPINAS,13073,357,A_Frota_por_UF_Municipio_CEP_Julho_2026.xlsx
SAO PAULO,CAMPINAS,13074,1,A_Frota_por_UF_Municipio_CEP_Julho_2026.xlsx
SAO PAULO,CAMPINAS,13075,242,A_Frota_por_UF_Municipio_CEP_Julho_2026.xlsx
SAO PAULO,CAMPINAS,13076,182,A_Frota_por_UF_Municipio_CEP_Julho_2026.xlsx
SAO PAULO,CAMPINAS,13077,27,A_Frota_por_UF_Municipio_CEP_Julho_2026.xlsx
SAO PAULO,CAMPINAS,13078,2,A_Frota_por_UF_Municipio_CEP_Julho_2026.xlsx
SAO PAULO,CAMPINAS,13079,2,A_Frota_por_UF_Municipio_CEP_Julho_2026.xlsx
SAO PAULO,CAMPINAS,13080,206,A_Frota_por_UF_Municipio_CEP_Julho_2026.xlsx
SAO PAULO,CAMPINAS,13081,216,A_Frota_por_UF_Municipio_CEP_Julho_2026.xlsx
SAO PAULO,CAMPINAS,13082,424,A_Frota_por_UF_Municipio_CEP_Julho_2026.xlsx
SAO PAULO,CAMPINAS,13083,124,A_Frota_por_UF_Municipio_CEP_Julho_2026.xlsx
SAO PAULO,CAMPINAS,13084,193,A_Frota_por_UF_Municipio_CEP_Julho_2026.xlsx
SAO PAULO,CAMPINAS,13085,195,A_Frota_por_UF_Municipio_CEP_Julho_2026.xlsx
SAO PAULO,CAMPINAS,13086,54,A_Frota_por_UF_Municipio_CEP_Julho_2026.xlsx
SAO PAULO,CAMPINAS,13087,338,A_Frota_por_UF_Municipio_CEP_Julho_2026.xlsx
SAO PAULO,CAMPINAS,13088,346,A_Frota_por_UF_Municipio_CEP_Julho_2026.xlsx
SAO PAULO,CAMPINAS,13089,130,A_Frota_por_UF_Municipio_CEP_Julho_2026.xlsx
SAO PAULO,CAMPINAS,13090,210,A_Frota_por_UF_Municipio_CEP_Julho_2026.xlsx
SAO PAULO,CAMPINAS,13091,356,A_Frota_por_UF_Municipio_CEP_Julho_2026.xlsx
SAO PAULO,CAMPINAS,13092,202,A_Frota_por_UF_Municipio_CEP_Julho_2026.xlsx
SAO PAULO,CAMPINAS,13093,133,A_Frota_por_UF_Municipio_CEP_Julho_2026.xlsx
SAO PAULO,CAMPINAS,13094,64,A_Frota_por_UF_Municipio_CEP_Julho_2026.xlsx
SAO PAULO,CAMPINAS,13095,144,A_Frota_por_UF_Municipio_CEP_Julho_2026.xlsx
SAO PAULO,CAMPINAS,13096,239,A_Frota_por_UF_Municipio_CEP_Julho_2026.xlsx
SAO PAULO,CAMPINAS,13097,152,A_Frota_por_UF_Municipio_CEP_Julho_2026.xlsx
SAO PAULO,CAMPINAS,13098,139,A_Frota_por_UF_Municipio_CEP_Julho_2026.xlsx
SAO PAULO,CAMPINAS,13099,4,A_Frota_por_UF_Municipio_CEP_Julho_2026.xlsx
SAO PAULO,CAMPINAS,13100,656,A_Frota_por_UF_Municipio_CEP_Julho_2026.xlsx
SAO PAULO,CAMPINAS,13101,137,A_Frota_por_UF_Municipio_CEP_Julho_2026.xlsx
SAO PAULO,CAMPINAS,13103,1,A_Frota_por_UF_Municipio_CEP_Julho_2026.xlsx
SAO PAULO,CAMPINAS,13104,52,A_Frota_por_UF_Municipio_CEP_Julho_2026.xlsx
SAO PAULO,CAMPINAS,13105,92,A_Frota_por_UF_Municipio_CEP_Julho_2026.xlsx
SAO PAULO,CAMPINAS,13106,40,A_Frota_por_UF_Municipio_CEP_Julho_2026.xlsx
SAO PAULO,CAMPINAS,13107,9,A_Frota_por_UF_Municipio_CEP_Julho_2026.xlsx
SAO PAULO,CAMPINAS,13108,13,A_Frota_por_UF_Municipio_CEP_Julho_2026.xlsx
SAO PAULO,CAMPINAS,13109,1,A_Frota_por_UF_Municipio_CEP_Julho_2026.xlsx
SAO PAULO,CAMPINAS,13110,113,A_Frota_por_UF_Municipio_CEP_Julho_2026.xlsx
SAO PAULO,CAMPINAS,13111,66,A_Frota_por_UF_Municipio_CEP_Julho_2026.xlsx
SAO PAULO,CAMPINAS,13112,1,A_Frota_por_UF_Municipio_CEP_Julho_2026.xlsx
SAO PAULO,CAMPINAS,13113,1,A_Frota_por_UF_Municipio_CEP_Julho_2026.xlsx
SAO PAULO,CAMPINAS,13120,8,A_Frota_por_UF_Municipio_CEP_Julho_2026.xlsx
SAO PAULO,CAMPINAS,13130,66,A_Frota_por_UF_Municipio_CEP_Julho_2026.xlsx
SAO PAULO,CAMPINAS,13131,27,A_Frota_por_UF_Municipio_CEP_Julho_2026.xlsx
SAO PAULO,CAMPINAS,13133,1,A_Frota_por_UF_Municipio_CEP_Julho_2026.xlsx
SAO PAULO,CAMPINAS,13134,1,A_Frota_por_UF_Municipio_CEP_Julho_2026.xlsx
SAO PAULO,CAMPINAS,13140,2,A_Frota_por_UF_Municipio_CEP_Julho_2026.xlsx
SAO PAULO,CAMPINAS,13145,1,A_Frota_por_UF_Municipio_CEP_Julho_2026.xlsx
SAO PAULO,CAMPINAS,13150,3,A_Frota_por_UF_Municipio_CEP_Julho_2026.xlsx
SAO PAULO,CAMPINAS,13151,1,A_Frota_por_UF_Municipio_CEP_Julho_2026.xlsx
SAO PAULO,CAMPINAS,13153,1,A_Frota_por_UF_Municipio_CEP_Julho_2026.xlsx
SAO PAULO,CAMPINAS,13157,1,A_Frota_por_UF_Municipio_CEP_Julho_2026.xlsx
SAO PAULO,CAMPINAS,13160,2,A_Frota_por_UF_Municipio_CEP_Julho_2026.xlsx
SAO PAULO,CAMPINAS,13161,1,A_Frota_por_UF_Municipio_CEP_Julho_2026.xlsx
SAO PAULO,CAMPINAS,13170,3,A_Frota_por_UF_Municipio_CEP_Julho_2026.xlsx
SAO PAULO,CAMPINAS,13173,1,A_Frota_por_UF_Municipio_CEP_Julho_2026.xlsx
SAO PAULO,CAMPINAS,13175,1,A_Frota_por_UF_Municipio_CEP_Julho_2026.xlsx
SAO PAULO,CAMPINAS,13176,1,A_Frota_por_UF_Municipio_CEP_Julho_2026.xlsx
SAO PAULO,CAMPINAS,13177,1,A_Frota_por_UF_Municipio_CEP_Julho_2026.xlsx
SAO PAULO,CAMPINAS,13178,1,A_Frota_por_UF_Municipio_CEP_Julho_2026.xlsx
SAO PAULO,CAMPINAS,13179,1,A_Frota_por_UF_Municipio_CEP_Julho_2026.xlsx
SAO PAULO,CAMPINAS,13180,6,A_Frota_por_UF_Municipio_CEP_Julho_2026.xlsx
SAO PAULO,CAMPINAS,13181,3,A_Frota_por_UF_Municipio_CEP_Julho_2026.xlsx
SAO PAULO,CAMPINAS,13183,3,A_Frota_por_UF_Municipio_CEP_Julho_2026.xlsx
SAO PAULO,CAMPINAS,13184,2,A_Frota_por_UF_Municipio_CEP_Julho_2026.xlsx
SAO PAULO,CAMPINAS,13185,7,A_Frota_por_UF_Municipio_CEP_Julho_2026.xlsx
SAO PAULO,CAMPINAS,13186,5,A_Frota_por_UF_Municipio_CEP_Julho_2026.xlsx
SAO PAULO,CAMPINAS,13187,4,A_Frota_por_UF_Municipio_CEP_Julho_2026.xlsx
SAO PAULO,CAMPINAS,13188,4,A_Frota_por_UF_Municipio_CEP_Julho_2026.xlsx
SAO PAULO,CAMPINAS,13190,2,A_Frota_por_UF_Municipio_CEP_Julho_2026.xlsx
SAO PAULO,CAMPINAS,13196,1,A_Frota_por_UF_Municipio_CEP_Julho_2026.xlsx
SAO PAULO,CAMPINAS,13201,1,A_Frota_por_UF_Municipio_CEP_Julho_2026.xlsx
SAO PAULO,CAMPINAS,13208,1,A_Frota_por_UF_Municipio_CEP_Julho_2026.xlsx
SAO PAULO,CAMPINAS,13248,1,A_Frota_por_UF_Municipio_CEP_Julho_2026.xlsx
SAO PAULO,CAMPINAS,13250,1,A_Frota_por_UF_Municipio_CEP_Julho_2026.xlsx
SAO PAULO,CAMPINAS,13260,1,A_Frota_por_UF_Municipio_CEP_Julho_2026.xlsx
SAO PAULO,CAMPINAS,13270,3,A_Frota_por_UF_Municipio_CEP_Julho_2026.xlsx
SAO PAULO,CAMPINAS,13277,1,A_Frota_por_UF_Municipio_CEP_Julho_2026.xlsx
SAO PAULO,CAMPINAS,13280,3,A_Frota_por_UF_Municipio_CEP_Julho_2026.xlsx
SAO PAULO,CAMPINAS,13285,1,A_Frota_por_UF_Municipio_CEP_Julho_2026.xlsx
SAO PAULO,CAMPINAS,13290,1,A_Frota_por_UF_Municipio_CEP_Julho_2026.xlsx
SAO PAULO,CAMPINAS,13300,2,A_Frota_por_UF_Municipio_CEP_Julho_2026.xlsx
SAO PAULO,CAMPINAS,13315,1,A_Frota_por_UF_Municipio_CEP_Julho_2026.xlsx
SAO PAULO,CAMPINAS,13340,1,A_Frota_por_UF_Municipio_CEP_Julho_2026.xlsx
SAO PAULO,CAMPINAS,13347,1,A_Frota_por_UF_Municipio_CEP_Julho_2026.xlsx
SAO PAULO,CAMPINAS,13348,1,A_Frota_por_UF_Municipio_CEP_Julho_2026.xlsx
SAO PAULO,CAMPINAS,13370,1,A_Frota_por_UF_Municipio_CEP_Julho_2026.xlsx
SAO PAULO,CAMPINAS,13455,1,A_Frota_por_UF_Municipio_CEP_Julho_2026.xlsx
SAO PAULO,CAMPINAS,13460,1,A_Frota_por_UF_Municipio_CEP_Julho_2026.xlsx
SAO PAULO,CAMPINAS,13465,1,A_Frota_por_UF_Municipio_CEP_Julho_2026.xlsx
SAO PAULO,CAMPINAS,13466,1,A_Frota_por_UF_Municipio_CEP_Julho_2026.xlsx
SAO PAULO,CAMPINAS,13469,1,A_Frota_por_UF_Municipio_CEP_Julho_2026.xlsx
SAO PAULO,CAMPINAS,13471,1,A_Frota_por_UF_Municipio_CEP_Julho_2026.xlsx
SAO PAULO,CAMPINAS,13500,1,A_Frota_por_UF_Municipio_CEP_Julho_2026.xlsx
SAO PAULO,CAMPINAS,13520,1,A_Frota_por_UF_Municipio_CEP_Julho_2026.xlsx
SAO PAULO,CAMPINAS,13560,1,A_Frota_por_UF_Municipio_CEP_Julho_2026.xlsx
SAO PAULO,CAMPINAS,13607,1,A_Frota_por_UF_Municipio_CEP_Julho_2026.xlsx
SAO PAULO,CAMPINAS,13610,1,A_Frota_por_UF_Municipio_CEP_Julho_2026.xlsx
SAO PAULO,CAMPINAS,13770,1,A_Frota_por_UF_Municipio_CEP_Julho_2026.xlsx
SAO PAULO,CAMPINAS,13855,1,A_Frota_por_UF_Municipio_CEP_Julho_2026.xlsx
SAO PAULO,CAMPINAS,13900,1,A_Frota_por_UF_Municipio_CEP_Julho_2026.xlsx
SAO PAULO,CAMPINAS,13901,1,A_Frota_por_UF_Municipio_CEP_Julho_2026.xlsx
SAO PAULO,CAMPINAS,13903,1,A_Frota_por_UF_Municipio_CEP_Julho_2026.xlsx
SAO PAULO,CAMPINAS,13920,2,A_Frota_por_UF_Municipio_CEP_Julho_2026.xlsx
SAO PAULO,CAMPINAS,13960,1,A_Frota_por_UF_Municipio_CEP_Julho_2026.xlsx
SAO PAULO,CAMPINAS,14042,1,A_Frota_por_UF_Municipio_CEP_Julho_2026.xlsx
SAO PAULO,CAMPINAS,14046,1,A_Frota_por_UF_Municipio_CEP_Julho_2026.xlsx
SAO PAULO,CAMPINAS,14780,1,A_Frota_por_UF_Municipio_CEP_Julho_2026.xlsx
SAO PAULO,CAMPINAS,15055,1,A_Frota_por_UF_Municipio_CEP_Julho_2026.xlsx
SAO PAULO,CAMPINAS,15155,1,A_Frota_por_UF_Municipio_CEP_Julho_2026.xlsx
SAO PAULO,CAMPINAS,16065,1,A_Frota_por_UF_Municipio_CEP_Julho_2026.xlsx
SAO PAULO,CAMPINAS,Sem I,167212,A_Frota_por_UF_Municipio_CEP_Julho_2026.xlsx
SAO PAULO,CAMPO LIMPO PAULISTA,_x0000__x0000__x0000__x0000_ ,1,A_Frota_por_UF_Municipio_CEP_Julho_2026.xlsx
SAO PAULO,CAMPO LIMPO PAULISTA,00000,50621,A_Frota_por_UF_Municipio_CEP_Julho_2026.xlsx
SAO PAULO,CAMPO LIMPO PAULISTA,06400,1,A_Frota_por_UF_Municipio_CEP_Julho_2026.xlsx
SAO PAULO,CAMPO LIMPO PAULISTA,13200,1,A_Frota_por_UF_Municipio_CEP_Julho_2026.xlsx
SAO PAULO,CAMPO LIMPO PAULISTA,13230,96,A_Frota_por_UF_Municipio_CEP_Julho_2026.xlsx
SAO PAULO,CAMPO LIMPO PAULISTA,13231,99,A_Frota_por_UF_Municipio_CEP_Julho_2026.xlsx
SAO PAULO,CAMPO LIMPO PAULISTA,13232,154,A_Frota_por_UF_Municipio_CEP_Julho_2026.xlsx
SAO PAULO,CAMPO LIMPO PAULISTA,13233,49,A_Frota_por_UF_Municipio_CEP_Julho_2026.xlsx
SAO PAULO,CAMPO LIMPO PAULISTA,13234,14,A_Frota_por_UF_Municipio_CEP_Julho_2026.xlsx
SAO PAULO,CAMPO LIMPO PAULISTA,13235,3,A_Frota_por_UF_Municipio_CEP_Julho_2026.xlsx
SAO PAULO,CAMPO LIMPO PAULISTA,13236,78,A_Frota_por_UF_Municipio_CEP_Julho_2026.xlsx
SAO PAULO,CAMPO LIMPO PAULISTA,13238,78,A_Frota_por_UF_Municipio_CEP_Julho_2026.xlsx
SAO PAULO,CAMPO LIMPO PAULISTA,Sem I,6403,A_Frota_por_UF_Municipio_CEP_Julho_2026.xlsx
SAO PAULO,CAMPOS DO JORDAO,00000,39386,A_Frota_por_UF_Municipio_CEP_Julho_2026.xlsx
SAO PAULO,CAMPOS DO JORDAO,12460,220,A_Frota_por_UF_Municipio_CEP_Julho_2026.xlsx
SAO PAULO,CAMPOS DO JORDAO,Sem I,5877,A_Frota_por_UF_Municipio_CEP_Julho_2026.xlsx
SAO PAULO,CAMPOS NOVOS PAULISTA,00000,2845,A_Frota_por_UF_Municipio_CEP_Julho_2026.xlsx
SAO PAULO,CAMPOS NOVOS PAULISTA,19960,7,A_Frota_por_UF_Municipio_CEP_Julho_2026.xlsx
SAO PAULO,CAMPOS NOVOS PAULISTA,Sem I,342,A_Frota_por_UF_Municipio_CEP_Julho_2026.xlsx
SAO PAULO,CANANEIA,00000,4728,A_Frota_por_UF_Municipio_CEP_Julho_2026.xlsx
SAO PAULO,CANANEIA,11990,28,A_Frota_por_UF_Municipio_CEP_Julho_2026.xlsx
SAO PAULO,CANANEIA,Sem I,416,A_Frota_por_UF_Municipio_CEP_Julho_2026.xlsx
SAO PAULO,CANAS,00000,2439,A_Frota_por_UF_Municipio_CEP_Julho_2026.xlsx
SAO PAULO,CANAS,12615,10,A_Frota_por_UF_Municipio_CEP_Julho_2026.xlsx
SAO PAULO,CANAS,12616,1,A_Frota_por_UF_Municipio_CEP_Julho_2026.xlsx
SAO PAULO,CANAS,Sem I,207,A_Frota_por_UF_Municipio_CEP_Julho_2026.xlsx
SAO PAULO,CANDIDO MOTA,_x0000__x0000__x0000__x0000_ ,1,A_Frota_por_UF_Municipio_CEP_Julho_2026.xlsx
SAO PAULO,CANDIDO MOTA,00000,22259,A_Frota_por_UF_Municipio_CEP_Julho_2026.xlsx
SAO PAULO,CANDIDO MOTA,19880,30,A_Frota_por_UF_Municipio_CEP_Julho_2026.xlsx
SAO PAULO,CANDIDO MOTA,Sem I,2793,A_Frota_por_UF_Municipio_CEP_Julho_2026.xlsx
SAO PAULO,CANDIDO RODRIGUES,00000,2111,A_Frota_por_UF_Municipio_CEP_Julho_2026.xlsx
SAO PAULO,CANDIDO RODRIGUES,15930,5,A_Frota_por_UF_Municipio_CEP_Julho_2026.xlsx
SAO PAULO,CANDIDO RODRIGUES,Sem I,209,A_Frota_por_UF_Municipio_CEP_Julho_2026.xlsx
SAO PAULO,CANITAR,00000,2947,A_Frota_por_UF_Municipio_CEP_Julho_2026.xlsx
SAO PAULO,CANITAR,18990,11,A_Frota_por_UF_Municipio_CEP_Julho_2026.xlsx
SAO PAULO,CANITAR,Sem I,196,A_Frota_por_UF_Municipio_CEP_Julho_2026.xlsx
SAO PAULO,CAPAO BONITO,00000,29689,A_Frota_por_UF_Municipio_CEP_Julho_2026.xlsx
SAO PAULO,CAPAO BONITO,18010,1,A_Frota_por_UF_Municipio_CEP_Julho_2026.xlsx
SAO PAULO,CAPAO BONITO,18300,32,A_Frota_por_UF_Municipio_CEP_Julho_2026.xlsx
SAO PAULO,CAPAO BONITO,18301,17,A_Frota_por_UF_Municipio_CEP_Julho_2026.xlsx
SAO PAULO,CAPAO BONITO,18302,6,A_Frota_por_UF_Municipio_CEP_Julho_2026.xlsx
SAO PAULO,CAPAO BONITO,18303,8,A_Frota_por_UF_Municipio_CEP_Julho_2026.xlsx
SAO PAULO,CAPAO BONITO,18304,3,A_Frota_por_UF_Municipio_CEP_Julho_2026.xlsx
SAO PAULO,CAPAO BONITO,18305,4,A_Frota_por_UF_Municipio_CEP_Julho_2026.xlsx
SAO PAULO,CAPAO BONITO,18306,1,A_Frota_por_UF_Municipio_CEP_Julho_2026.xlsx
SAO PAULO,CAPAO BONITO,18307,11,A_Frota_por_UF_Municipio_CEP_Julho_2026.xlsx
SAO PAULO,CAPAO BONITO,Sem I,3552,A_Frota_por_UF_Municipio_CEP_Julho_2026.xlsx
SAO PAULO,CAPELA DO ALTO,_x0000__x0000__x0000__x0000_ ,2,A_Frota_por_UF_Municipio_CEP_Julho_2026.xlsx
SAO PAULO,CAPELA DO ALTO,00000,15272,A_Frota_por_UF_Municipio_CEP_Julho_2026.xlsx
SAO PAULO,CAPELA DO ALTO,18195,51,A_Frota_por_UF_Municipio_CEP_Julho_2026.xlsx
SAO PAULO,CAPELA DO ALTO,Sem I,1464,A_Frota_por_UF_Municipio_CEP_Julho_2026.xlsx
SAO PAULO,CAPIVARI,_x0000__x0000__x0000__x0000_ ,6,A_Frota_por_UF_Municipio_CEP_Julho_2026.xlsx
SAO PAULO,CAPIVARI,00000,38411,A_Frota_por_UF_Municipio_CEP_Julho_2026.xlsx
SAO PAULO,CAPIVARI,13080,1,A_Frota_por_UF_Municipio_CEP_Julho_2026.xlsx
SAO PAULO,CAPIVARI,13360,391,A_Frota_por_UF_Municipio_CEP_Julho_2026.xlsx
SAO PAULO,CAPIVARI,13660,1,A_Frota_por_UF_Municipio_CEP_Julho_2026.xlsx
SAO PAULO,CAPIVARI,Sem I,5067,A_Frota_por_UF_Municipio_CEP_Julho_2026.xlsx
SAO PAULO,CARAGUATATUBA,00000,83773,A_Frota_por_UF_Municipio_CEP_Julho_2026.xlsx
SAO PAULO,CARAGUATATUBA,11634,1,A_Frota_por_UF_Municipio_CEP_Julho_2026.xlsx
SAO PAULO,CARAGUATATUBA,11660,189,A_Frota_por_UF_Municipio_CEP_Julho_2026.xlsx
SAO PAULO,CARAGUATATUBA,11661,37,A_Frota_por_UF_Municipio_CEP_Julho_2026.xlsx
SAO PAULO,CARAGUATATUBA,11662,15,A_Frota_por_UF_Municipio_CEP_Julho_2026.xlsx
SAO PAULO,CARAGUATATUBA,11663,10,A_Frota_por_UF_Municipio_CEP_Julho_2026.xlsx
SAO PAULO,CARAGUATATUBA,11664,1,A_Frota_por_UF_Municipio_CEP_Julho_2026.xlsx
SAO PAULO,CARAGUATATUBA,11665,43,A_Frota_por_UF_Municipio_CEP_Julho_2026.xlsx
SAO PAULO,CARAGUATATUBA,11666,17,A_Frota_por_UF_Municipio_CEP_Julho_2026.xlsx
SAO PAULO,CARAGUATATUBA,11667,21,A_Frota_por_UF_Municipio_CEP_Julho_2026.xlsx
SAO PAULO,CARAGUATATUBA,11668,15,A_Frota_por_UF_Municipio_CEP_Julho_2026.xlsx
SAO PAULO,CARAGUATATUBA,11669,20,A_Frota_por_UF_Municipio_CEP_Julho_2026.xlsx
SAO PAULO,CARAGUATATUBA,11670,6,A_Frota_por_UF_Municipio_CEP_Julho_2026.xlsx
SAO PAULO,CARAGUATATUBA,11671,13,A_Frota_por_UF_Municipio_CEP_Julho_2026.xlsx
SAO PAULO,CARAGUATATUBA,11672,12,A_Frota_por_UF_Municipio_CEP_Julho_2026.xlsx
SAO PAULO,CARAGUATATUBA,11673,30,A_Frota_por_UF_Municipio_CEP_Julho_2026.xlsx
SAO PAULO,CARAGUATATUBA,11674,23,A_Frota_por_UF_Municipio_CEP_Julho_2026.xlsx
SAO PAULO,CARAGUATATUBA,11675,19,A_Frota_por_UF_Municipio_CEP_Julho_2026.xlsx
SAO PAULO,CARAGUATATUBA,11676,8,A_Frota_por_UF_Municipio_CEP_Julho_2026.xlsx
SAO PAULO,CARAGUATATUBA,11677,11,A_Frota_por_UF_Municipio_CEP_Julho_2026.xlsx
SAO PAULO,CARAGUATATUBA,11679,4,A_Frota_por_UF_Municipio_CEP_Julho_2026.xlsx
SAO PAULO,CARAGUATATUBA,11726,1,A_Frota_por_UF_Municipio_CEP_Julho_2026.xlsx
SAO PAULO,CARAGUATATUBA,Sem I,8391,A_Frota_por_UF_Municipio_CEP_Julho_2026.xlsx
SAO PAULO,CARAPICUIBA,_x0000__x0000__x0000__x0000_ ,6,A_Frota_por_UF_Municipio_CEP_Julho_2026.xlsx
SAO PAULO,CARAPICUIBA,00000,207174,A_Frota_por_UF_Municipio_CEP_Julho_2026.xlsx
SAO PAULO,CARAPICUIBA,06000,1,A_Frota_por_UF_Municipio_CEP_Julho_2026.xlsx
SAO PAULO,CARAPICUIBA,06029,11,A_Frota_por_UF_Municipio_CEP_Julho_2026.xlsx
SAO PAULO,CARAPICUIBA,06210,1,A_Frota_por_UF_Municipio_CEP_Julho_2026.xlsx
SAO PAULO,CARAPICUIBA,06221,1,A_Frota_por_UF_Municipio_CEP_Julho_2026.xlsx
SAO PAULO,CARAPICUIBA,06236,1,A_Frota_por_UF_Municipio_CEP_Julho_2026.xlsx
SAO PAULO,CARAPICUIBA,06300,22,A_Frota_por_UF_Municipio_CEP_Julho_2026.xlsx
SAO PAULO,CARAPICUIBA,06310,61,A_Frota_por_UF_Municipio_CEP_Julho_2026.xlsx
SAO PAULO,CARAPICUIBA,06311,36,A_Frota_por_UF_Municipio_CEP_Julho_2026.xlsx
SAO PAULO,CARAPICUIBA,06314,1,A_Frota_por_UF_Municipio_CEP_Julho_2026.xlsx
SAO PAULO,CARAPICUIBA,06315,37,A_Frota_por_UF_Municipio_CEP_Julho_2026.xlsx
SAO PAULO,CARAPICUIBA,06317,54,A_Frota_por_UF_Municipio_CEP_Julho_2026.xlsx
SAO PAULO,CARAPICUIBA,06320,61,A_Frota_por_UF_Municipio_CEP_Julho_2026.xlsx
SAO PAULO,CARAPICUIBA,06321,105,A_Frota_por_UF_Municipio_CEP_Julho_2026.xlsx
SAO PAULO,CARAPICUIBA,06322,60,A_Frota_por_UF_Municipio_CEP_Julho_2026.xlsx
SAO PAULO,CARAPICUIBA,06323,34,A_Frota_por_UF_Municipio_CEP_Julho_2026.xlsx
SAO PAULO,CARAPICUIBA,06324,22,A_Frota_por_UF_Municipio_CEP_Julho_2026.xlsx
SAO PAULO,CARAPICUIBA,06325,117,A_Frota_por_UF_Municipio_CEP_Julho_2026.xlsx
SAO PAULO,CARAPICUIBA,06326,71,A_Frota_por_UF_Municipio_CEP_Julho_2026.xlsx
SAO PAULO,CARAPICUIBA,06327,70,A_Frota_por_UF_Municipio_CEP_Julho_2026.xlsx
SAO PAULO,CARAPICUIBA,06328,73,A_Frota_por_UF_Municipio_CEP_Julho_2026.xlsx
SAO PAULO,CARAPICUIBA,06329,121,A_Frota_por_UF_Municipio_CEP_Julho_2026.xlsx
SAO PAULO,CARAPICUIBA,06330,93,A_Frota_por_UF_Municipio_CEP_Julho_2026.xlsx
SAO PAULO,CARAPICUIBA,06331,31,A_Frota_por_UF_Municipio_CEP_Julho_2026.xlsx
SAO PAULO,CARAPICUIBA,06332,47,A_Frota_por_UF_Municipio_CEP_Julho_2026.xlsx
SAO PAULO,CARAPICUIBA,06333,78,A_Frota_por_UF_Municipio_CEP_Julho_2026.xlsx
SAO PAULO,CARAPICUIBA,06334,3,A_Frota_por_UF_Municipio_CEP_Julho_2026.xlsx
SAO PAULO,CARAPICUIBA,06335,38,A_Frota_por_UF_Municipio_CEP_Julho_2026.xlsx
SAO PAULO,CARAPICUIBA,06340,32,A_Frota_por_UF_Municipio_CEP_Julho_2026.xlsx
SAO PAULO,CARAPICUIBA,06341,100,A_Frota_por_UF_Municipio_CEP_Julho_2026.xlsx
SAO PAULO,CARAPICUIBA,06342,17,A_Frota_por_UF_Municipio_CEP_Julho_2026.xlsx
SAO PAULO,CARAPICUIBA,06343,55,A_Frota_por_UF_Municipio_CEP_Julho_2026.xlsx
SAO PAULO,CARAPICUIBA,06345,6,A_Frota_por_UF_Municipio_CEP_Julho_2026.xlsx
SAO PAULO,CARAPICUIBA,06346,1,A_Frota_por_UF_Municipio_CEP_Julho_2026.xlsx
SAO PAULO,CARAPICUIBA,06350,10,A_Frota_por_UF_Municipio_CEP_Julho_2026.xlsx
SAO PAULO,CARAPICUIBA,06351,11,A_Frota_por_UF_Municipio_CEP_Julho_2026.xlsx
SAO PAULO,CARAPICUIBA,06352,7,A_Frota_por_UF_Municipio_CEP_Julho_2026.xlsx
SAO PAULO,CARAPICUIBA,06354,1,A_Frota_por_UF_Municipio_CEP_Julho_2026.xlsx
SAO PAULO,CARAPICUIBA,06355,19,A_Frota_por_UF_Municipio_CEP_Julho_2026.xlsx
SAO PAULO,CARAPICUIBA,06360,13,A_Frota_por_UF_Municipio_CEP_Julho_2026.xlsx
SAO PAULO,CARAPICUIBA,06361,72,A_Frota_por_UF_Municipio_CEP_Julho_2026.xlsx
SAO PAULO,CARAPICUIBA,06362,22,A_Frota_por_UF_Municipio_CEP_Julho_2026.xlsx
SAO PAULO,CARAPICUIBA,06363,16,A_Frota_por_UF_Municipio_CEP_Julho_2026.xlsx
SAO PAULO,CARAPICUIBA,06364,49,A_Frota_por_UF_Municipio_CEP_Julho_2026.xlsx
SAO PAULO,CARAPICUIBA,06365,127,A_Frota_por_UF_Municipio_CEP_Julho_2026.xlsx
SAO PAULO,CARAPICUIBA,06375,2,A_Frota_por_UF_Municipio_CEP_Julho_2026.xlsx
SAO PAULO,CARAPICUIBA,06379,1,A_Frota_por_UF_Municipio_CEP_Julho_2026.xlsx
SAO PAULO,CARAPICUIBA,06380,49,A_Frota_por_UF_Municipio_CEP_Julho_2026.xlsx
SAO PAULO,CARAPICUIBA,06381,57,A_Frota_por_UF_Municipio_CEP_Julho_2026.xlsx
SAO PAULO,CARAPICUIBA,06382,47,A_Frota_por_UF_Municipio_CEP_Julho_2026.xlsx
SAO PAULO,CARAPICUIBA,06384,7,A_Frota_por_UF_Municipio_CEP_Julho_2026.xlsx
SAO PAULO,CARAPICUIBA,06385,132,A_Frota_por_UF_Municipio_CEP_Julho_2026.xlsx
SAO PAULO,CARAPICUIBA,06386,75,A_Frota_por_UF_Municipio_CEP_Julho_2026.xlsx
SAO PAULO,CARAPICUIBA,06387,1,A_Frota_por_UF_Municipio_CEP_Julho_2026.xlsx
SAO PAULO,CARAPICUIBA,06390,106,A_Frota_por_UF_Municipio_CEP_Julho_2026.xlsx
SAO PAULO,CARAPICUIBA,06394,5,A_Frota_por_UF_Municipio_CEP_Julho_2026.xlsx
SAO PAULO,CARAPICUIBA,06395,74,A_Frota_por_UF_Municipio_CEP_Julho_2026.xlsx
SAO PAULO,CARAPICUIBA,06396,62,A_Frota_por_UF_Municipio_CEP_Julho_2026.xlsx
SAO PAULO,CARAPICUIBA,06397,59,A_Frota_por_UF_Municipio_CEP_Julho_2026.xlsx
SAO PAULO,CARAPICUIBA,06420,1,A_Frota_por_UF_Municipio_CEP_Julho_2026.xlsx
SAO PAULO,CARAPICUIBA,06427,1,A_Frota_por_UF_Municipio_CEP_Julho_2026.xlsx
SAO PAULO,CARAPICUIBA,06433,1,A_Frota_por_UF_Municipio_CEP_Julho_2026.xlsx
SAO PAULO,CARAPICUIBA,06434,1,A_Frota_por_UF_Municipio_CEP_Julho_2026.xlsx
SAO PAULO,CARAPICUIBA,06436,1,A_Frota_por_UF_Municipio_CEP_Julho_2026.xlsx
SAO PAULO,CARAPICUIBA,06460,1,A_Frota_por_UF_Municipio_CEP_Julho_2026.xlsx
SAO PAULO,CARAPICUIBA,06600,1,A_Frota_por_UF_Municipio_CEP_Julho_2026.xlsx
SAO PAULO,CARAPICUIBA,06643,1,A_Frota_por_UF_Municipio_CEP_Julho_2026.xlsx
SAO PAULO,CARAPICUIBA,06696,1,A_Frota_por_UF_Municipio_CEP_Julho_2026.xlsx
SAO PAULO,CARAPICUIBA,06730,1,A_Frota_por_UF_Municipio_CEP_Julho_2026.xlsx
SAO PAULO,CARAPICUIBA,06800,1,A_Frota_por_UF_Municipio_CEP_Julho_2026.xlsx
SAO PAULO,CARAPICUIBA,Sem I,29992,A_Frota_por_UF_Municipio_CEP_Julho_2026.xlsx
SAO PAULO,CARDOSO,00000,8269,A_Frota_por_UF_Municipio_CEP_Julho_2026.xlsx
SAO PAULO,CARDOSO,15570,22,A_Frota_por_UF_Municipio_CEP_Julho_2026.xlsx
SAO PAULO,CARDOSO,15575,1,A_Frota_por_UF_Municipio_CEP_Julho_2026.xlsx
SAO PAULO,CARDOSO,15843,1,A_Frota_por_UF_Municipio_CEP_Julho_2026.xlsx
SAO PAULO,CARDOSO,Sem I,927,A_Frota_por_UF_Municipio_CEP_Julho_2026.xlsx
SAO PAULO,CASA BRANCA,00000,19907,A_Frota_por_UF_Municipio_CEP_Julho_2026.xlsx
SAO PAULO,CASA BRANCA,13700,85,A_Frota_por_UF_Municipio_CEP_Julho_2026.xlsx
SAO PAULO,CASA BRANCA,Sem I,2979,A_Frota_por_UF_Municipio_CEP_Julho_2026.xlsx
SAO PAULO,CASSIA DOS COQUEIROS,00000,1703,A_Frota_por_UF_Municipio_CEP_Julho_2026.xlsx
SAO PAULO,CASSIA DOS COQUEIROS,14260,7,A_Frota_por_UF_Municipio_CEP_Julho_2026.xlsx
SAO PAULO,CASSIA DOS COQUEIROS,Sem I,235,A_Frota_por_UF_Municipio_CEP_Julho_2026.xlsx
SAO PAULO,CASTILHO,00000,12226,A_Frota_por_UF_Municipio_CEP_Julho_2026.xlsx
SAO PAULO,CASTILHO,16920,44,A_Frota_por_UF_Municipio_CEP_Julho_2026.xlsx
SAO PAULO,CASTILHO,Sem I,900,A_Frota_por_UF_Municipio_CEP_Julho_2026.xlsx
SAO PAULO,CATANDUVA,_x0000__x0000__x0000__x0000_ ,1,A_Frota_por_UF_Municipio_CEP_Julho_2026.xlsx
SAO PAULO,CATANDUVA,00000,106888,A_Frota_por_UF_Municipio_CEP_Julho_2026.xlsx
SAO PAULO,CATANDUVA,15800,132,A_Frota_por_UF_Municipio_CEP_Julho_2026.xlsx
SAO PAULO,CATANDUVA,15801,39,A_Frota_por_UF_Municipio_CEP_Julho_2026.xlsx
SAO PAULO,CATANDUVA,15802,15,A_Frota_por_UF_Municipio_CEP_Julho_2026.xlsx
SAO PAULO,CATANDUVA,15803,26,A_Frota_por_UF_Municipio_CEP_Julho_2026.xlsx
SAO PAULO,CATANDUVA,15804,25,A_Frota_por_UF_Municipio_CEP_Julho_2026.xlsx
SAO PAULO,CATANDUVA,15805,19,A_Frota_por_UF_Municipio_CEP_Julho_2026.xlsx
SAO PAULO,CATANDUVA,15806,38,A_Frota_por_UF_Municipio_CEP_Julho_2026.xlsx
SAO PAULO,CATANDUVA,15807,23,A_Frota_por_UF_Municipio_CEP_Julho_2026.xlsx
SAO PAULO,CATANDUVA,15808,32,A_Frota_por_UF_Municipio_CEP_Julho_2026.xlsx
SAO PAULO,CATANDUVA,15809,11,A_Frota_por_UF_Municipio_CEP_Julho_2026.xlsx
SAO PAULO,CATANDUVA,15810,30,A_Frota_por_UF_Municipio_CEP_Julho_2026.xlsx
SAO PAULO,CATANDUVA,15811,1,A_Frota_por_UF_Municipio_CEP_Julho_2026.xlsx
SAO PAULO,CATANDUVA,15812,4,A_Frota_por_UF_Municipio_CEP_Julho_2026.xlsx
SAO PAULO,CATANDUVA,15813,12,A_Frota_por_UF_Municipio_CEP_Julho_2026.xlsx
SAO PAULO,CATANDUVA,15816,3,A_Frota_por_UF_Municipio_CEP_Julho_2026.xlsx
SAO PAULO,CATANDUVA,Sem I,16514,A_Frota_por_UF_Municipio_CEP_Julho_2026.xlsx
SAO PAULO,CATIGUA,00000,4441,A_Frota_por_UF_Municipio_CEP_Julho_2026.xlsx
SAO PAULO,CATIGUA,15870,10,A_Frota_por_UF_Municipio_CEP_Julho_2026.xlsx
SAO PAULO,CATIGUA,Sem I,467,A_Frota_por_UF_Municipio_CEP_Julho_2026.xlsx
SAO PAULO,CEDRAL,00000,8758,A_Frota_por_UF_Municipio_CEP_Julho_2026.xlsx
SAO PAULO,CEDRAL,15895,18,A_Frota_por_UF_Municipio_CEP_Julho_2026.xlsx
SAO PAULO,CEDRAL,Sem I,689,A_Frota_por_UF_Municipio_CEP_Julho_2026.xlsx
SAO PAULO,CERQUEIRA CESAR,00000,14019,A_Frota_por_UF_Municipio_CEP_Julho_2026.xlsx
SAO PAULO,CERQUEIRA CESAR,18760,40,A_Frota_por_UF_Municipio_CEP_Julho_2026.xlsx
SAO PAULO,CERQUEIRA CESAR,18764,1,A_Frota_por_UF_Municipio_CEP_Julho_2026.xlsx
SAO PAULO,CERQUEIRA CESAR,Sem I,1591,A_Frota_por_UF_Municipio_CEP_Julho_2026.xlsx
SAO PAULO,CERQUILHO,00000,33713,A_Frota_por_UF_Municipio_CEP_Julho_2026.xlsx
SAO PAULO,CERQUILHO,18275,1,A_Frota_por_UF_Municipio_CEP_Julho_2026.xlsx
SAO PAULO,CERQUILHO,18520,186,A_Frota_por_UF_Municipio_CEP_Julho_2026.xlsx
SAO PAULO,CERQUILHO,Sem I,4154,A_Frota_por_UF_Municipio_CEP_Julho_2026.xlsx
SAO PAULO,CESARIO LANGE,00000,14450,A_Frota_por_UF_Municipio_CEP_Julho_2026.xlsx
SAO PAULO,CESARIO LANGE,18285,55,A_Frota_por_UF_Municipio_CEP_Julho_2026.xlsx
SAO PAULO,CESARIO LANGE,Sem I,1304,A_Frota_por_UF_Municipio_CEP_Julho_2026.xlsx
SAO PAULO,CHARQUEADA,00000,11002,A_Frota_por_UF_Municipio_CEP_Julho_2026.xlsx
SAO PAULO,CHARQUEADA,13515,166,A_Frota_por_UF_Municipio_CEP_Julho_2026.xlsx
SAO PAULO,CHARQUEADA,Sem I,1291,A_Frota_por_UF_Municipio_CEP_Julho_2026.xlsx
SAO PAULO,CHAVANTES,00000,6241,A_Frota_por_UF_Municipio_CEP_Julho_2026.xlsx
SAO PAULO,CHAVANTES,18970,17,A_Frota_por_UF_Municipio_CEP_Julho_2026.xlsx
SAO PAULO,CHAVANTES,Sem I,823,A_Frota_por_UF_Municipio_CEP_Julho_2026.xlsx
SAO PAULO,CLEMENTINA,00000,5773,A_Frota_por_UF_Municipio_CEP_Julho_2026.xlsx
SAO PAULO,CLEMENTINA,16250,9,A_Frota_por_UF_Municipio_CEP_Julho_2026.xlsx
SAO PAULO,CLEMENTINA,Sem I,575,A_Frota_por_UF_Municipio_CEP_Julho_2026.xlsx
SAO PAULO,COLINA,00000,13129,A_Frota_por_UF_Municipio_CEP_Julho_2026.xlsx
SAO PAULO,COLINA,06454,1,A_Frota_por_UF_Municipio_CEP_Julho_2026.xlsx
SAO PAULO,COLINA,14770,51,A_Frota_por_UF_Municipio_CEP_Julho_2026.xlsx
SAO PAULO,COLINA,Sem I,1846,A_Frota_por_UF_Municipio_CEP_Julho_2026.xlsx
SAO PAULO,COLOMBIA,00000,4374,A_Frota_por_UF_Municipio_CEP_Julho_2026.xlsx
SAO PAULO,COLOMBIA,14795,25,A_Frota_por_UF_Municipio_CEP_Julho_2026.xlsx
SAO PAULO,COLOMBIA,Sem I,500,A_Frota_por_UF_Municipio_CEP_Julho_2026.xlsx
SAO PAULO,CONCHAL,00000,21171,A_Frota_por_UF_Municipio_CEP_Julho_2026.xlsx
SAO PAULO,CONCHAL,13830,1,A_Frota_por_UF_Municipio_CEP_Julho_2026.xlsx
SAO PAULO,CONCHAL,13835,73,A_Frota_por_UF_Municipio_CEP_Julho_2026.xlsx
SAO PAULO,CONCHAL,Sem I,2300,A_Frota_por_UF_Municipio_CEP_Julho_2026.xlsx
SAO PAULO,CONCHAS,00000,11068,A_Frota_por_UF_Municipio_CEP_Julho_2026.xlsx
SAO PAULO,CONCHAS,18570,92,A_Frota_por_UF_Municipio_CEP_Julho_2026.xlsx
SAO PAULO,CONCHAS,Sem I,1763,A_Frota_por_UF_Municipio_CEP_Julho_2026.xlsx
SAO PAULO,CORDEIROPOLIS,00000,19976,A_Frota_por_UF_Municipio_CEP_Julho_2026.xlsx
SAO PAULO,CORDEIROPOLIS,13490,137,A_Frota_por_UF_Municipio_CEP_Julho_2026.xlsx
SAO PAULO,CORDEIROPOLIS,Sem I,2307,A_Frota_por_UF_Municipio_CEP_Julho_2026.xlsx
SAO PAULO,COROADOS,00000,3545,A_Frota_por_UF_Municipio_CEP_Julho_2026.xlsx
SAO PAULO,COROADOS,16260,2,A_Frota_por_UF_Municipio_CEP_Julho_2026.xlsx
SAO PAULO,COROADOS,Sem I,373,A_Frota_por_UF_Municipio_CEP_Julho_2026.xlsx
SAO PAULO,CORONEL MACEDO,00000,2199,A_Frota_por_UF_Municipio_CEP_Julho_2026.xlsx
SAO PAULO,CORONEL MACEDO,18745,1,A_Frota_por_UF_Municipio_CEP_Julho_2026.xlsx
SAO PAULO,CORONEL MACEDO,Sem I,210,A_Frota_por_UF_Municipio_CEP_Julho_2026.xlsx
SAO PAULO,CORUMBATAI,00000,3027,A_Frota_por_UF_Municipio_CEP_Julho_2026.xlsx
SAO PAULO,CORUMBATAI,13540,11,A_Frota_por_UF_Municipio_CEP_Julho_2026.xlsx
SAO PAULO,CORUMBATAI,Sem I,469,A_Frota_por_UF_Municipio_CEP_Julho_2026.xlsx
SAO PAULO,COSMOPOLIS,_x0000__x0000__x0000__x0000_ ,3,A_Frota_por_UF_Municipio_CEP_Julho_2026.xlsx
SAO PAULO,COSMOPOLIS,00000,40866,A_Frota_por_UF_Municipio_CEP_Julho_2026.xlsx
SAO PAULO,COSMOPOLIS,13150,583,A_Frota_por_UF_Municipio_CEP_Julho_2026.xlsx
SAO PAULO,COSMOPOLIS,13151,325,A_Frota_por_UF_Municipio_CEP_Julho_2026.xlsx
SAO PAULO,COSMOPOLIS,13157,1,A_Frota_por_UF_Municipio_CEP_Julho_2026.xlsx
SAO PAULO,COSMOPOLIS,15150,1,A_Frota_por_UF_Municipio_CEP_Julho_2026.xlsx
SAO PAULO,COSMOPOLIS,Sem I,6869,A_Frota_por_UF_Municipio_CEP_Julho_2026.xlsx
SAO PAULO,COSMORAMA,00000,6575,A_Frota_por_UF_Municipio_CEP_Julho_2026.xlsx
SAO PAULO,COSMORAMA,15530,12,A_Frota_por_UF_Municipio_CEP_Julho_2026.xlsx
SAO PAULO,COSMORAMA,Sem I,664,A_Frota_por_UF_Municipio_CEP_Julho_2026.xlsx
SAO PAULO,COTIA,_x0000__x0000__x0000__x0000_ ,4,A_Frota_por_UF_Municipio_CEP_Julho_2026.xlsx
SAO PAULO,COTIA,00000,174882,A_Frota_por_UF_Municipio_CEP_Julho_2026.xlsx
SAO PAULO,COTIA,05672,1,A_Frota_por_UF_Municipio_CEP_Julho_2026.xlsx
SAO PAULO,COTIA,06462,1,A_Frota_por_UF_Municipio_CEP_Julho_2026.xlsx
SAO PAULO,COTIA,06700,333,A_Frota_por_UF_Municipio_CEP_Julho_2026.xlsx
SAO PAULO,COTIA,06701,5,A_Frota_por_UF_Municipio_CEP_Julho_2026.xlsx
SAO PAULO,COTIA,06702,37,A_Frota_por_UF_Municipio_CEP_Julho_2026.xlsx
SAO PAULO,COTIA,06703,135,A_Frota_por_UF_Municipio_CEP_Julho_2026.xlsx
SAO PAULO,COTIA,06704,47,A_Frota_por_UF_Municipio_CEP_Julho_2026.xlsx
SAO PAULO,COTIA,06705,248,A_Frota_por_UF_Municipio_CEP_Julho_2026.xlsx
SAO PAULO,COTIA,06706,25,A_Frota_por_UF_Municipio_CEP_Julho_2026.xlsx
SAO PAULO,COTIA,06707,44,A_Frota_por_UF_Municipio_CEP_Julho_2026.xlsx
SAO PAULO,COTIA,06708,61,A_Frota_por_UF_Municipio_CEP_Julho_2026.xlsx
SAO PAULO,COTIA,06709,90,A_Frota_por_UF_Municipio_CEP_Julho_2026.xlsx
SAO PAULO,COTIA,06710,44,A_Frota_por_UF_Municipio_CEP_Julho_2026.xlsx
SAO PAULO,COTIA,06711,83,A_Frota_por_UF_Municipio_CEP_Julho_2026.xlsx
SAO PAULO,COTIA,06712,11,A_Frota_por_UF_Municipio_CEP_Julho_2026.xlsx
SAO PAULO,COTIA,06713,35,A_Frota_por_UF_Municipio_CEP_Julho_2026.xlsx
SAO PAULO,COTIA,06714,21,A_Frota_por_UF_Municipio_CEP_Julho_2026.xlsx
SAO PAULO,COTIA,06715,168,A_Frota_por_UF_Municipio_CEP_Julho_2026.xlsx
SAO PAULO,COTIA,06716,98,A_Frota_por_UF_Municipio_CEP_Julho_2026.xlsx
SAO PAULO,COTIA,06717,72,A_Frota_por_UF_Municipio_CEP_Julho_2026.xlsx
SAO PAULO,COTIA,06719,71,A_Frota_por_UF_Municipio_CEP_Julho_2026.xlsx
SAO PAULO,COTIA,06720,66,A_Frota_por_UF_Municipio_CEP_Julho_2026.xlsx
SAO PAULO,COTIA,06721,4,A_Frota_por_UF_Municipio_CEP_Julho_2026.xlsx
SAO PAULO,COTIA,06722,16,A_Frota_por_UF_Municipio_CEP_Julho_2026.xlsx
SAO PAULO,COTIA,06725,34,A_Frota_por_UF_Municipio_CEP_Julho_2026.xlsx
SAO PAULO,COTIA,06726,28,A_Frota_por_UF_Municipio_CEP_Julho_2026.xlsx
SAO PAULO,COTIA,06727,44,A_Frota_por_UF_Municipio_CEP_Julho_2026.xlsx
SAO PAULO,COTIA,06728,4,A_Frota_por_UF_Municipio_CEP_Julho_2026.xlsx
SAO PAULO,COTIA,06729,5,A_Frota_por_UF_Municipio_CEP_Julho_2026.xlsx
SAO PAULO,COTIA,06730,2,A_Frota_por_UF_Municipio_CEP_Julho_2026.xlsx
SAO PAULO,COTIA,06750,1,A_Frota_por_UF_Municipio_CEP_Julho_2026.xlsx
SAO PAULO,COTIA,06751,1,A_Frota_por_UF_Municipio_CEP_Julho_2026.xlsx
SAO PAULO,COTIA,06764,1,A_Frota_por_UF_Municipio_CEP_Julho_2026.xlsx
SAO PAULO,COTIA,06780,1,A_Frota_por_UF_Municipio_CEP_Julho_2026.xlsx
SAO PAULO,COTIA,06810,1,A_Frota_por_UF_Municipio_CEP_Julho_2026.xlsx
SAO PAULO,COTIA,Sem I,17093,A_Frota_por_UF_Municipio_CEP_Julho_2026.xlsx
SAO PAULO,CRAVINHOS,00000,25941,A_Frota_por_UF_Municipio_CEP_Julho_2026.xlsx
SAO PAULO,CRAVINHOS,14140,155,A_Frota_por_UF_Municipio_CEP_Julho_2026.xlsx
SAO PAULO,CRAVINHOS,Sem I,3215,A_Frota_por_UF_Municipio_CEP_Julho_2026.xlsx
SAO PAULO,CRISTAIS PAULISTA,00000,5639,A_Frota_por_UF_Municipio_CEP_Julho_2026.xlsx
SAO PAULO,CRISTAIS PAULISTA,14460,16,A_Frota_por_UF_Municipio_CEP_Julho_2026.xlsx
SAO PAULO,CRISTAIS PAULISTA,Sem I,446,A_Frota_por_UF_Municipio_CEP_Julho_2026.xlsx
SAO PAULO,CRUZALIA,00000,1521,A_Frota_por_UF_Municipio_CEP_Julho_2026.xlsx
SAO PAULO,CRUZALIA,19860,4,A_Frota_por_UF_Municipio_CEP_Julho_2026.xlsx
SAO PAULO,CRUZALIA,Sem I,227,A_Frota_por_UF_Municipio_CEP_Julho_2026.xlsx
SAO PAULO,CRUZEIRO,00000,43228,A_Frota_por_UF_Municipio_CEP_Julho_2026.xlsx
SAO PAULO,CRUZEIRO,12700,35,A_Frota_por_UF_Municipio_CEP_Julho_2026.xlsx
SAO PAULO,CRUZEIRO,12701,43,A_Frota_por_UF_Municipio_CEP_Julho_2026.xlsx
SAO PAULO,CRUZEIRO,12702,14,A_Frota_por_UF_Municipio_CEP_Julho_2026.xlsx
SAO PAULO,CRUZEIRO,12703,11,A_Frota_por_UF_Municipio_CEP_Julho_2026.xlsx
SAO PAULO,CRUZEIRO,12704,4,A_Frota_por_UF_Municipio_CEP_Julho_2026.xlsx
SAO PAULO,CRUZEIRO,12705,20,A_Frota_por_UF_Municipio_CEP_Julho_2026.xlsx
SAO PAULO,CRUZEIRO,12710,25,A_Frota_por_UF_Municipio_CEP_Julho_2026.xlsx
SAO PAULO,CRUZEIRO,12711,5,A_Frota_por_UF_Municipio_CEP_Julho_2026.xlsx
SAO PAULO,CRUZEIRO,12712,15,A_Frota_por_UF_Municipio_CEP_Julho_2026.xlsx
SAO PAULO,CRUZEIRO,12720,15,A_Frota_por_UF_Municipio_CEP_Julho_2026.xlsx
SAO PAULO,CRUZEIRO,12721,7,A_Frota_por_UF_Municipio_CEP_Julho_2026.xlsx
SAO PAULO,CRUZEIRO,12722,8,A_Frota_por_UF_Municipio_CEP_Julho_2026.xlsx
SAO PAULO,CRUZEIRO,12730,12,A_Frota_por_UF_Municipio_CEP_Julho_2026.xlsx
SAO PAULO,CRUZEIRO,Sem I,6069,A_Frota_por_UF_Municipio_CEP_Julho_2026.xlsx
SAO PAULO,CUBATAO,00000,57544,A_Frota_por_UF_Municipio_CEP_Julho_2026.xlsx
SAO PAULO,CUBATAO,11040,1,A_Frota_por_UF_Municipio_CEP_Julho_2026.xlsx
SAO PAULO,CUBATAO,11088,1,A_Frota_por_UF_Municipio_CEP_Julho_2026.xlsx
SAO PAULO,CUBATAO,11500,205,A_Frota_por_UF_Municipio_CEP_Julho_2026.xlsx
SAO PAULO,CUBATAO,11505,7,A_Frota_por_UF_Municipio_CEP_Julho_2026.xlsx
SAO PAULO,CUBATAO,11510,76,A_Frota_por_UF_Municipio_CEP_Julho_2026.xlsx
SAO PAULO,CUBATAO,11515,40,A_Frota_por_UF_Municipio_CEP_Julho_2026.xlsx
SAO PAULO,CUBATAO,11520,123,A_Frota_por_UF_Municipio_CEP_Julho_2026.xlsx
SAO PAULO,CUBATAO,11523,33,A_Frota_por_UF_Municipio_CEP_Julho_2026.xlsx
SAO PAULO,CUBATAO,11525,69,A_Frota_por_UF_Municipio_CEP_Julho_2026.xlsx
SAO PAULO,CUBATAO,11530,46,A_Frota_por_UF_Municipio_CEP_Julho_2026.xlsx
SAO PAULO,CUBATAO,11531,52,A_Frota_por_UF_Municipio_CEP_Julho_2026.xlsx
SAO PAULO,CUBATAO,11533,82,A_Frota_por_UF_Municipio_CEP_Julho_2026.xlsx
SAO PAULO,CUBATAO,11534,47,A_Frota_por_UF_Municipio_CEP_Julho_2026.xlsx
SAO PAULO,CUBATAO,11535,49,A_Frota_por_UF_Municipio_CEP_Julho_2026.xlsx
SAO PAULO,CUBATAO,11538,85,A_Frota_por_UF_Municipio_CEP_Julho_2026.xlsx
SAO PAULO,CUBATAO,11539,2,A_Frota_por_UF_Municipio_CEP_Julho_2026.xlsx
SAO PAULO,CUBATAO,11540,40,A_Frota_por_UF_Municipio_CEP_Julho_2026.xlsx
SAO PAULO,CUBATAO,11542,18,A_Frota_por_UF_Municipio_CEP_Julho_2026.xlsx
SAO PAULO,CUBATAO,11543,33,A_Frota_por_UF_Municipio_CEP_Julho_2026.xlsx
SAO PAULO,CUBATAO,11546,6,A_Frota_por_UF_Municipio_CEP_Julho_2026.xlsx
SAO PAULO,CUBATAO,11547,29,A_Frota_por_UF_Municipio_CEP_Julho_2026.xlsx
SAO PAULO,CUBATAO,11548,25,A_Frota_por_UF_Municipio_CEP_Julho_2026.xlsx
SAO PAULO,CUBATAO,11550,5,A_Frota_por_UF_Municipio_CEP_Julho_2026.xlsx
SAO PAULO,CUBATAO,11555,2,A_Frota_por_UF_Municipio_CEP_Julho_2026.xlsx
SAO PAULO,CUBATAO,11560,1,A_Frota_por_UF_Municipio_CEP_Julho_2026.xlsx
SAO PAULO,CUBATAO,11570,19,A_Frota_por_UF_Municipio_CEP_Julho_2026.xlsx
SAO PAULO,CUBATAO,11573,4,A_Frota_por_UF_Municipio_CEP_Julho_2026.xlsx
SAO PAULO,CUBATAO,Sem I,9580,A_Frota_por_UF_Municipio_CEP_Julho_2026.xlsx
SAO PAULO,CUNHA,00000,15378,A_Frota_por_UF_Municipio_CEP_Julho_2026.xlsx
SAO PAULO,CUNHA,12530,22,A_Frota_por_UF_Municipio_CEP_Julho_2026.xlsx
SAO PAULO,CUNHA,Sem I,1621,A_Frota_por_UF_Municipio_CEP_Julho_2026.xlsx
SAO PAULO,DESCALVADO,00000,26746,A_Frota_por_UF_Municipio_CEP_Julho_2026.xlsx
SAO PAULO,DESCALVADO,13690,88,A_Frota_por_UF_Municipio_CEP_Julho_2026.xlsx
SAO PAULO,DESCALVADO,Sem I,3539,A_Frota_por_UF_Municipio_CEP_Julho_2026.xlsx
SAO PAULO,DIADEMA,_x0000__x0000__x0000__x0000_ ,8,A_Frota_por_UF_Municipio_CEP_Julho_2026.xlsx
SAO PAULO,DIADEMA,00000,219408,A_Frota_por_UF_Municipio_CEP_Julho_2026.xlsx
SAO PAULO,DIADEMA,06400,1,A_Frota_por_UF_Municipio_CEP_Julho_2026.xlsx
SAO PAULO,DIADEMA,07760,1,A_Frota_por_UF_Municipio_CEP_Julho_2026.xlsx
SAO PAULO,DIADEMA,08557,1,A_Frota_por_UF_Municipio_CEP_Julho_2026.xlsx
SAO PAULO,DIADEMA,09110,1,A_Frota_por_UF_Municipio_CEP_Julho_2026.xlsx
SAO PAULO,DIADEMA,09650,1,A_Frota_por_UF_Municipio_CEP_Julho_2026.xlsx
SAO PAULO,DIADEMA,09691,1,A_Frota_por_UF_Municipio_CEP_Julho_2026.xlsx
SAO PAULO,DIADEMA,09726,1,A_Frota_por_UF_Municipio_CEP_Julho_2026.xlsx
SAO PAULO,DIADEMA,09781,1,A_Frota_por_UF_Municipio_CEP_Julho_2026.xlsx
SAO PAULO,DIADEMA,09851,1,A_Frota_por_UF_Municipio_CEP_Julho_2026.xlsx
SAO PAULO,DIADEMA,09900,34,A_Frota_por_UF_Municipio_CEP_Julho_2026.xlsx
SAO PAULO,DIADEMA,09910,169,A_Frota_por_UF_Municipio_CEP_Julho_2026.xlsx
SAO PAULO,DIADEMA,09911,110,A_Frota_por_UF_Municipio_CEP_Julho_2026.xlsx
SAO PAULO,DIADEMA,09912,58,A_Frota_por_UF_Municipio_CEP_Julho_2026.xlsx
SAO PAULO,DIADEMA,09913,36,A_Frota_por_UF_Municipio_CEP_Julho_2026.xlsx
SAO PAULO,DIADEMA,09920,133,A_Frota_por_UF_Municipio_CEP_Julho_2026.xlsx
SAO PAULO,DIADEMA,09921,62,A_Frota_por_UF_Municipio_CEP_Julho_2026.xlsx
SAO PAULO,DIADEMA,09930,102,A_Frota_por_UF_Municipio_CEP_Julho_2026.xlsx
SAO PAULO,DIADEMA,09931,134,A_Frota_por_UF_Municipio_CEP_Julho_2026.xlsx
SAO PAULO,DIADEMA,09932,39,A_Frota_por_UF_Municipio_CEP_Julho_2026.xlsx
SAO PAULO,DIADEMA,09939,1,A_Frota_por_UF_Municipio_CEP_Julho_2026.xlsx
SAO PAULO,DIADEMA,09940,118,A_Frota_por_UF_Municipio_CEP_Julho_2026.xlsx
SAO PAULO,DIADEMA,09941,163,A_Frota_por_UF_Municipio_CEP_Julho_2026.xlsx
SAO PAULO,DIADEMA,09942,66,A_Frota_por_UF_Municipio_CEP_Julho_2026.xlsx
SAO PAULO,DIADEMA,09943,10,A_Frota_por_UF_Municipio_CEP_Julho_2026.xlsx
SAO PAULO,DIADEMA,09950,558,A_Frota_por_UF_Municipio_CEP_Julho_2026.xlsx
SAO PAULO,DIADEMA,09951,92,A_Frota_por_UF_Municipio_CEP_Julho_2026.xlsx
SAO PAULO,DIADEMA,09954,1,A_Frota_por_UF_Municipio_CEP_Julho_2026.xlsx
SAO PAULO,DIADEMA,09960,105,A_Frota_por_UF_Municipio_CEP_Julho_2026.xlsx
SAO PAULO,DIADEMA,09961,206,A_Frota_por_UF_Municipio_CEP_Julho_2026.xlsx
SAO PAULO,DIADEMA,09962,10,A_Frota_por_UF_Municipio_CEP_Julho_2026.xlsx
SAO PAULO,DIADEMA,09963,2,A_Frota_por_UF_Municipio_CEP_Julho_2026.xlsx
SAO PAULO,DIADEMA,09970,48,A_Frota_por_UF_Municipio_CEP_Julho_2026.xlsx
SAO PAULO,DIADEMA,09971,75,A_Frota_por_UF_Municipio_CEP_Julho_2026.xlsx
SAO PAULO,DIADEMA,09972,77,A_Frota_por_UF_Municipio_CEP_Julho_2026.xlsx
SAO PAULO,DIADEMA,09973,77,A_Frota_por_UF_Municipio_CEP_Julho_2026.xlsx
SAO PAULO,DIADEMA,09974,17,A_Frota_por_UF_Municipio_CEP_Julho_2026.xlsx
SAO PAULO,DIADEMA,09975,2,A_Frota_por_UF_Municipio_CEP_Julho_2026.xlsx
SAO PAULO,DIADEMA,09977,1,A_Frota_por_UF_Municipio_CEP_Julho_2026.xlsx
SAO PAULO,DIADEMA,09980,117,A_Frota_por_UF_Municipio_CEP_Julho_2026.xlsx
SAO PAULO,DIADEMA,09981,76,A_Frota_por_UF_Municipio_CEP_Julho_2026.xlsx
SAO PAULO,DIADEMA,09990,165,A_Frota_por_UF_Municipio_CEP_Julho_2026.xlsx
SAO PAULO,DIADEMA,09991,65,A_Frota_por_UF_Municipio_CEP_Julho_2026.xlsx
SAO PAULO,DIADEMA,09992,12,A_Frota_por_UF_Municipio_CEP_Julho_2026.xlsx
SAO PAULO,DIADEMA,09993,22,A_Frota_por_UF_Municipio_CEP_Julho_2026.xlsx
SAO PAULO,DIADEMA,09997,1,A_Frota_por_UF_Municipio_CEP_Julho_2026.xlsx
SAO PAULO,DIADEMA,09998,1,A_Frota_por_UF_Municipio_CEP_Julho_2026.xlsx
SAO PAULO,DIADEMA,10000,1,A_Frota_por_UF_Municipio_CEP_Julho_2026.xlsx
SAO PAULO,DIADEMA,Sem I,37220,A_Frota_por_UF_Municipio_CEP_Julho_2026.xlsx
SAO PAULO,DIRCE REIS,00000,1083,A_Frota_por_UF_Municipio_CEP_Julho_2026.xlsx
SAO PAULO,DIRCE REIS,15715,1,A_Frota_por_UF_Municipio_CEP_Julho_2026.xlsx
SAO PAULO,DIRCE REIS,Sem I,93,A_Frota_por_UF_Municipio_CEP_Julho_2026.xlsx
SAO PAULO,DIVINOLANDIA,00000,9668,A_Frota_por_UF_Municipio_CEP_Julho_2026.xlsx
SAO PAULO,DIVINOLANDIA,13780,6,A_Frota_por_UF_Municipio_CEP_Julho_2026.xlsx
SAO PAULO,DIVINOLANDIA,Sem I,1117,A_Frota_por_UF_Municipio_CEP_Julho_2026.xlsx
SAO PAULO,DOBRADA,00000,4955,A_Frota_por_UF_Municipio_CEP_Julho_2026.xlsx
SAO PAULO,DOBRADA,15980,7,A_Frota_por_UF_Municipio_CEP_Julho_2026.xlsx
SAO PAULO,DOBRADA,Sem I,469,A_Frota_por_UF_Municipio_CEP_Julho_2026.xlsx
SAO PAULO,DOIS CORREGOS,00000,18877,A_Frota_por_UF_Municipio_CEP_Julho_2026.xlsx
SAO PAULO,DOIS CORREGOS,08550,1,A_Frota_por_UF_Municipio_CEP_Julho_2026.xlsx
SAO PAULO,DOIS CORREGOS,17300,112,A_Frota_por_UF_Municipio_CEP_Julho_2026.xlsx
SAO PAULO,DOIS CORREGOS,Sem I,2623,A_Frota_por_UF_Municipio_CEP_Julho_2026.xlsx
SAO PAULO,DOLCINOPOLIS,00000,1844,A_Frota_por_UF_Municipio_CEP_Julho_2026.xlsx
SAO PAULO,DOLCINOPOLIS,15740,2,A_Frota_por_UF_Municipio_CEP_Julho_2026.xlsx
SAO PAULO,DOLCINOPOLIS,Sem I,201,A_Frota_por_UF_Municipio_CEP_Julho_2026.xlsx
SAO PAULO,DOURADO,00000,6202,A_Frota_por_UF_Municipio_CEP_Julho_2026.xlsx
SAO PAULO,DOURADO,13590,27,A_Frota_por_UF_Municipio_CEP_Julho_2026.xlsx
SAO PAULO,DOURADO,Sem I,834,A_Frota_por_UF_Municipio_CEP_Julho_2026.xlsx
SAO PAULO,DRACENA,_x0000__x0000__x0000__x0000_ ,2,A_Frota_por_UF_Municipio_CEP_Julho_2026.xlsx
SAO PAULO,DRACENA,00000,37254,A_Frota_por_UF_Municipio_CEP_Julho_2026.xlsx
SAO PAULO,DRACENA,17900,108,A_Frota_por_UF_Municipio_CEP_Julho_2026.xlsx
SAO PAULO,DRACENA,Sem I,4628,A_Frota_por_UF_Municipio_CEP_Julho_2026.xlsx
SAO PAULO,DUARTINA,00000,8263,A_Frota_por_UF_Municipio_CEP_Julho_2026.xlsx
SAO PAULO,DUARTINA,17470,36,A_Frota_por_UF_Municipio_CEP_Julho_2026.xlsx
SAO PAULO,DUARTINA,Sem I,1064,A_Frota_por_UF_Municipio_CEP_Julho_2026.xlsx
SAO PAULO,DUMONT,00000,6119,A_Frota_por_UF_Municipio_CEP_Julho_2026.xlsx
SAO PAULO,DUMONT,14120,23,A_Frota_por_UF_Municipio_CEP_Julho_2026.xlsx
SAO PAULO,DUMONT,Sem I,712,A_Frota_por_UF_Municipio_CEP_Julho_2026.xlsx
SAO PAULO,ECHAPORA,_x0000__x0000__x0000__x0000_ ,1,A_Frota_por_UF_Municipio_CEP_Julho_2026.xlsx
SAO PAULO,ECHAPORA,00000,3714,A_Frota_por_UF_Municipio_CEP_Julho_2026.xlsx
SAO PAULO,ECHAPORA,19830,15,A_Frota_por_UF_Municipio_CEP_Julho_2026.xlsx
SAO PAULO,ECHAPORA,Sem I,386,A_Frota_por_UF_Municipio_CEP_Julho_2026.xlsx
SAO PAULO,ELDORADO,00000,6219,A_Frota_por_UF_Municipio_CEP_Julho_2026.xlsx
SAO PAULO,ELDORADO,11960,20,A_Frota_por_UF_Municipio_CEP_Julho_2026.xlsx
SAO PAULO,ELDORADO,Sem I,648,A_Frota_por_UF_Municipio_CEP_Julho_2026.xlsx
SAO PAULO,ELIAS FAUSTO,00000,10952,A_Frota_por_UF_Municipio_CEP_Julho_2026.xlsx
SAO PAULO,ELIAS FAUSTO,13350,64,A_Frota_por_UF_Municipio_CEP_Julho_2026.xlsx
SAO PAULO,ELIAS FAUSTO,13359,2,A_Frota_por_UF_Municipio_CEP_Julho_2026.xlsx
SAO PAULO,ELIAS FAUSTO,Sem I,901,A_Frota_por_UF_Municipio_CEP_Julho_2026.xlsx
SAO PAULO,ELISIARIO,00000,1879,A_Frota_por_UF_Municipio_CEP_Julho_2026.xlsx
SAO PAULO,ELISIARIO,15823,2,A_Frota_por_UF_Municipio_CEP_Julho_2026.xlsx
SAO PAULO,ELISIARIO,Sem I,209,A_Frota_por_UF_Municipio_CEP_Julho_2026.xlsx
SAO PAULO,EMBAUBA,00000,1457,A_Frota_por_UF_Municipio_CEP_Julho_2026.xlsx
SAO PAULO,EMBAUBA,15425,3,A_Frota_por_UF_Municipio_CEP_Julho_2026.xlsx
SAO PAULO,EMBAUBA,Sem I,172,A_Frota_por_UF_Municipio_CEP_Julho_2026.xlsx
SAO PAULO,EMBU DAS ARTES,_x0000__x0000__x0000__x0000_ ,6,A_Frota_por_UF_Municipio_CEP_Julho_2026.xlsx
SAO PAULO,EMBU DAS ARTES,00000,137207,A_Frota_por_UF_Municipio_CEP_Julho_2026.xlsx
SAO PAULO,EMBU DAS ARTES,02377,1,A_Frota_por_UF_Municipio_CEP_Julho_2026.xlsx
SAO PAULO,EMBU DAS ARTES,06401,1,A_Frota_por_UF_Municipio_CEP_Julho_2026.xlsx
SAO PAULO,EMBU DAS ARTES,06454,1,A_Frota_por_UF_Municipio_CEP_Julho_2026.xlsx
SAO PAULO,EMBU DAS ARTES,06714,1,A_Frota_por_UF_Municipio_CEP_Julho_2026.xlsx
SAO PAULO,EMBU DAS ARTES,06800,22,A_Frota_por_UF_Municipio_CEP_Julho_2026.xlsx
SAO PAULO,EMBU DAS ARTES,06801,2,A_Frota_por_UF_Municipio_CEP_Julho_2026.xlsx
SAO PAULO,EMBU DAS ARTES,06803,49,A_Frota_por_UF_Municipio_CEP_Julho_2026.xlsx
SAO PAULO,EMBU DAS ARTES,06804,47,A_Frota_por_UF_Municipio_CEP_Julho_2026.xlsx
SAO PAULO,EMBU DAS ARTES,06805,27,A_Frota_por_UF_Municipio_CEP_Julho_2026.xlsx
SAO PAULO,EMBU DAS ARTES,06806,12,A_Frota_por_UF_Municipio_CEP_Julho_2026.xlsx
SAO PAULO,EMBU DAS ARTES,06807,102,A_Frota_por_UF_Municipio_CEP_Julho_2026.xlsx
SAO PAULO,EMBU DAS ARTES,06810,79,A_Frota_por_UF_Municipio_CEP_Julho_2026.xlsx
SAO PAULO,EMBU DAS ARTES,06813,43,A_Frota_por_UF_Municipio_CEP_Julho_2026.xlsx
SAO PAULO,EMBU DAS ARTES,06814,63,A_Frota_por_UF_Municipio_CEP_Julho_2026.xlsx
SAO PAULO,EMBU DAS ARTES,06815,70,A_Frota_por_UF_Municipio_CEP_Julho_2026.xlsx
SAO PAULO,EMBU DAS ARTES,06816,79,A_Frota_por_UF_Municipio_CEP_Julho_2026.xlsx
SAO PAULO,EMBU DAS ARTES,06817,24,A_Frota_por_UF_Municipio_CEP_Julho_2026.xlsx
SAO PAULO,EMBU DAS ARTES,06818,6,A_Frota_por_UF_Municipio_CEP_Julho_2026.xlsx
SAO PAULO,EMBU DAS ARTES,06820,58,A_Frota_por_UF_Municipio_CEP_Julho_2026.xlsx
SAO PAULO,EMBU DAS ARTES,06823,76,A_Frota_por_UF_Municipio_CEP_Julho_2026.xlsx
SAO PAULO,EMBU DAS ARTES,06824,55,A_Frota_por_UF_Municipio_CEP_Julho_2026.xlsx
SAO PAULO,EMBU DAS ARTES,06825,12,A_Frota_por_UF_Municipio_CEP_Julho_2026.xlsx
SAO PAULO,EMBU DAS ARTES,06826,84,A_Frota_por_UF_Municipio_CEP_Julho_2026.xlsx
SAO PAULO,EMBU DAS ARTES,06830,5,A_Frota_por_UF_Municipio_CEP_Julho_2026.xlsx
SAO PAULO,EMBU DAS ARTES,06833,48,A_Frota_por_UF_Municipio_CEP_Julho_2026.xlsx
SAO PAULO,EMBU DAS ARTES,06835,65,A_Frota_por_UF_Municipio_CEP_Julho_2026.xlsx
SAO PAULO,EMBU DAS ARTES,06836,1,A_Frota_por_UF_Municipio_CEP_Julho_2026.xlsx
SAO PAULO,EMBU DAS ARTES,06840,34,A_Frota_por_UF_Municipio_CEP_Julho_2026.xlsx
SAO PAULO,EMBU DAS ARTES,06843,48,A_Frota_por_UF_Municipio_CEP_Julho_2026.xlsx
SAO PAULO,EMBU DAS ARTES,06844,19,A_Frota_por_UF_Municipio_CEP_Julho_2026.xlsx
SAO PAULO,EMBU DAS ARTES,06845,31,A_Frota_por_UF_Municipio_CEP_Julho_2026.xlsx
SAO PAULO,EMBU DAS ARTES,06846,16,A_Frota_por_UF_Municipio_CEP_Julho_2026.xlsx
SAO PAULO,EMBU DAS ARTES,06870,2,A_Frota_por_UF_Municipio_CEP_Julho_2026.xlsx
SAO PAULO,EMBU DAS ARTES,06888,1,A_Frota_por_UF_Municipio_CEP_Julho_2026.xlsx
SAO PAULO,EMBU DAS ARTES,Sem I,14001,A_Frota_por_UF_Municipio_CEP_Julho_2026.xlsx
SAO PAULO,EMBU-GUACU,_x0000__x0000__x0000__x0000_ ,1,A_Frota_por_UF_Municipio_CEP_Julho_2026.xlsx
SAO PAULO,EMBU-GUACU,00000,44237,A_Frota_por_UF_Municipio_CEP_Julho_2026.xlsx
SAO PAULO,EMBU-GUACU,05793,1,A_Frota_por_UF_Municipio_CEP_Julho_2026.xlsx
SAO PAULO,EMBU-GUACU,06865,1,A_Frota_por_UF_Municipio_CEP_Julho_2026.xlsx
SAO PAULO,EMBU-GUACU,06890,1,A_Frota_por_UF_Municipio_CEP_Julho_2026.xlsx
SAO PAULO,EMBU-GUACU,06900,283,A_Frota_por_UF_Municipio_CEP_Julho_2026.xlsx
SAO PAULO,EMBU-GUACU,Sem I,4297,A_Frota_por_UF_Municipio_CEP_Julho_2026.xlsx
SAO PAULO,EMILIANOPOLIS,00000,1946,A_Frota_por_UF_Municipio_CEP_Julho_2026.xlsx
SAO PAULO,EMILIANOPOLIS,19350,4,A_Frota_por_UF_Municipio_CEP_Julho_2026.xlsx
SAO PAULO,EMILIANOPOLIS,Sem I,192,A_Frota_por_UF_Municipio_CEP_Julho_2026.xlsx
SAO PAULO,ENGENHEIRO COELHO,00000,12878,A_Frota_por_UF_Municipio_CEP_Julho_2026.xlsx
SAO PAULO,ENGENHEIRO COELHO,13165,107,A_Frota_por_UF_Municipio_CEP_Julho_2026.xlsx
SAO PAULO,ENGENHEIRO COELHO,Sem I,1290,A_Frota_por_UF_Municipio_CEP_Julho_2026.xlsx
SAO PAULO,ESPIRITO SANTO DO PINHAL,_x0000__x0000__x0000__x0000_ ,4,A_Frota_por_UF_Municipio_CEP_Julho_2026.xlsx
SAO PAULO,ESPIRITO SANTO DO PINHAL,00000,31049,A_Frota_por_UF_Municipio_CEP_Julho_2026.xlsx
SAO PAULO,ESPIRITO SANTO DO PINHAL,13990,151,A_Frota_por_UF_Municipio_CEP_Julho_2026.xlsx
SAO PAULO,ESPIRITO SANTO DO PINHAL,Sem I,4582,A_Frota_por_UF_Municipio_CEP_Julho_2026.xlsx
SAO PAULO,ESPIRITO SANTO DO TURVO,00000,2595,A_Frota_por_UF_Municipio_CEP_Julho_2026.xlsx
SAO PAULO,ESPIRITO SANTO DO TURVO,18935,27,A_Frota_por_UF_Municipio_CEP_Julho_2026.xlsx
SAO PAULO,ESPIRITO SANTO DO TURVO,Sem I,346,A_Frota_por_UF_Municipio_CEP_Julho_2026.xlsx
SAO PAULO,ESTIVA GERBI,00000,8447,A_Frota_por_UF_Municipio_CEP_Julho_2026.xlsx
SAO PAULO,ESTIVA GERBI,13857,39,A_Frota_por_UF_Municipio_CEP_Julho_2026.xlsx
SAO PAULO,ESTIVA GERBI,Sem I,1063,A_Frota_por_UF_Municipio_CEP_Julho_2026.xlsx
SAO PAULO,ESTRELA D'OESTE,_x0000__x0000__x0000__x0000_ ,1,A_Frota_por_UF_Municipio_CEP_Julho_2026.xlsx
SAO PAULO,ESTRELA D'OESTE,00000,7152,A_Frota_por_UF_Municipio_CEP_Julho_2026.xlsx
SAO PAULO,ESTRELA D'OESTE,15650,23,A_Frota_por_UF_Municipio_CEP_Julho_2026.xlsx
SAO PAULO,ESTRELA D'OESTE,Sem I,841,A_Frota_por_UF_Municipio_CEP_Julho_2026.xlsx
SAO PAULO,ESTRELA DO NORTE,00000,1357,A_Frota_por_UF_Municipio_CEP_Julho_2026.xlsx
SAO PAULO,ESTRELA DO NORTE,19230,7,A_Frota_por_UF_Municipio_CEP_Julho_2026.xlsx
SAO PAULO,ESTRELA DO NORTE,Sem I,149,A_Frota_por_UF_Municipio_CEP_Julho_2026.xlsx
SAO PAULO,EUCLIDES DA CUNHA PAULISTA,_x0000__x0000__x0000__x0000_ ,2,A_Frota_por_UF_Municipio_CEP_Julho_2026.xlsx
SAO PAULO,EUCLIDES DA CUNHA PAULISTA,00000,4896,A_Frota_por_UF_Municipio_CEP_Julho_2026.xlsx
SAO PAULO,EUCLIDES DA CUNHA PAULISTA,19275,37,A_Frota_por_UF_Municipio_CEP_Julho_2026.xlsx
SAO PAULO,EUCLIDES DA CUNHA PAULISTA,19280,1,A_Frota_por_UF_Municipio_CEP_Julho_2026.xlsx
SAO PAULO,EUCLIDES DA CUNHA PAULISTA,Sem I,486,A_Frota_por_UF_Municipio_CEP_Julho_2026.xlsx
SAO PAULO,FARTURA,00000,10716,A_Frota_por_UF_Municipio_CEP_Julho_2026.xlsx
SAO PAULO,FARTURA,18870,13,A_Frota_por_UF_Municipio_CEP_Julho_2026.xlsx
SAO PAULO,FARTURA,Sem I,1113,A_Frota_por_UF_Municipio_CEP_Julho_2026.xlsx
SAO PAULO,FERNANDO PRESTES,00000,4700,A_Frota_por_UF_Municipio_CEP_Julho_2026.xlsx
SAO PAULO,FERNANDO PRESTES,15040,1,A_Frota_por_UF_Municipio_CEP_Julho_2026.xlsx
SAO PAULO,FERNANDO PRESTES,15940,8,A_Frota_por_UF_Municipio_CEP_Julho_2026.xlsx
SAO PAULO,FERNANDO PRESTES,15945,1,A_Frota_por_UF_Municipio_CEP_Julho_2026.xlsx
SAO PAULO,FERNANDO PRESTES,Sem I,444,A_Frota_por_UF_Municipio_CEP_Julho_2026.xlsx
SAO PAULO,FERNANDOPOLIS,_x0000__x0000__x0000__x0000_ ,3,A_Frota_por_UF_Municipio_CEP_Julho_2026.xlsx
SAO PAULO,FERNANDOPOLIS,00000,63395,A_Frota_por_UF_Municipio_CEP_Julho_2026.xlsx
SAO PAULO,FERNANDOPOLIS,15600,119,A_Frota_por_UF_Municipio_CEP_Julho_2026.xlsx
SAO PAULO,FERNANDOPOLIS,15607,2,A_Frota_por_UF_Municipio_CEP_Julho_2026.xlsx
SAO PAULO,FERNANDOPOLIS,15608,1,A_Frota_por_UF_Municipio_CEP_Julho_2026.xlsx
SAO PAULO,FERNANDOPOLIS,15613,3,A_Frota_por_UF_Municipio_CEP_Julho_2026.xlsx
SAO PAULO,FERNANDOPOLIS,Sem I,7925,A_Frota_por_UF_Municipio_CEP_Julho_2026.xlsx
SAO PAULO,FERNAO,00000,982,A_Frota_por_UF_Municipio_CEP_Julho_2026.xlsx
SAO PAULO,FERNAO,17455,3,A_Frota_por_UF_Municipio_CEP_Julho_2026.xlsx
SAO PAULO,FERNAO,Sem I,112,A_Frota_por_UF_Municipio_CEP_Julho_2026.xlsx
SAO PAULO,FERRAZ DE VASCONCELOS,00000,78884,A_Frota_por_UF_Municipio_CEP_Julho_2026.xlsx
SAO PAULO,FERRAZ DE VASCONCELOS,08246,1,A_Frota_por_UF_Municipio_CEP_Julho_2026.xlsx
SAO PAULO,FERRAZ DE VASCONCELOS,08500,158,A_Frota_por_UF_Municipio_CEP_Julho_2026.xlsx
SAO PAULO,FERRAZ DE VASCONCELOS,08501,51,A_Frota_por_UF_Municipio_CEP_Julho_2026.xlsx
SAO PAULO,FERRAZ DE VASCONCELOS,08502,46,A_Frota_por_UF_Municipio_CEP_Julho_2026.xlsx
SAO PAULO,FERRAZ DE VASCONCELOS,08503,26,A_Frota_por_UF_Municipio_CEP_Julho_2026.xlsx
SAO PAULO,FERRAZ DE VASCONCELOS,08504,22,A_Frota_por_UF_Municipio_CEP_Julho_2026.xlsx
SAO PAULO,FERRAZ DE VASCONCELOS,08505,19,A_Frota_por_UF_Municipio_CEP_Julho_2026.xlsx
SAO PAULO,FERRAZ DE VASCONCELOS,08506,12,A_Frota_por_UF_Municipio_CEP_Julho_2026.xlsx
SAO PAULO,FERRAZ DE VASCONCELOS,08507,6,A_Frota_por_UF_Municipio_CEP_Julho_2026.xlsx
SAO PAULO,FERRAZ DE VASCONCELOS,08508,3,A_Frota_por_UF_Municipio_CEP_Julho_2026.xlsx
SAO PAULO,FERRAZ DE VASCONCELOS,08510,2,A_Frota_por_UF_Municipio_CEP_Julho_2026.xlsx
SAO PAULO,FERRAZ DE VASCONCELOS,08511,1,A_Frota_por_UF_Municipio_CEP_Julho_2026.xlsx
SAO PAULO,FERRAZ DE VASCONCELOS,08512,1,A_Frota_por_UF_Municipio_CEP_Julho_2026.xlsx
SAO PAULO,FERRAZ DE VASCONCELOS,08513,1,A_Frota_por_UF_Municipio_CEP_Julho_2026.xlsx
SAO PAULO,FERRAZ DE VASCONCELOS,08514,1,A_Frota_por_UF_Municipio_CEP_Julho_2026.xlsx
SAO PAULO,FERRAZ DE VASCONCELOS,08517,3,A_Frota_por_UF_Municipio_CEP_Julho_2026.xlsx
SAO PAULO,FERRAZ DE VASCONCELOS,08524,1,A_Frota_por_UF_Municipio_CEP_Julho_2026.xlsx
SAO PAULO,FERRAZ DE VASCONCELOS,08525,15,A_Frota_por_UF_Municipio_CEP_Julho_2026.xlsx
SAO PAULO,FERRAZ DE VASCONCELOS,08526,45,A_Frota_por_UF_Municipio_CEP_Julho_2026.xlsx
SAO PAULO,FERRAZ DE VASCONCELOS,08527,53,A_Frota_por_UF_Municipio_CEP_Julho_2026.xlsx
SAO PAULO,FERRAZ DE VASCONCELOS,08528,10,A_Frota_por_UF_Municipio_CEP_Julho_2026.xlsx
SAO PAULO,FERRAZ DE VASCONCELOS,08529,14,A_Frota_por_UF_Municipio_CEP_Julho_2026.xlsx
SAO PAULO,FERRAZ DE VASCONCELOS,08530,34,A_Frota_por_UF_Municipio_CEP_Julho_2026.xlsx
SAO PAULO,FERRAZ DE VASCONCELOS,08531,21,A_Frota_por_UF_Municipio_CEP_Julho_2026.xlsx
SAO PAULO,FERRAZ DE VASCONCELOS,08532,28,A_Frota_por_UF_Municipio_CEP_Julho_2026.xlsx
SAO PAULO,FERRAZ DE VASCONCELOS,08533,26,A_Frota_por_UF_Municipio_CEP_Julho_2026.xlsx
SAO PAULO,FERRAZ DE VASCONCELOS,08534,41,A_Frota_por_UF_Municipio_CEP_Julho_2026.xlsx
SAO PAULO,FERRAZ DE VASCONCELOS,08535,44,A_Frota_por_UF_Municipio_CEP_Julho_2026.xlsx
SAO PAULO,FERRAZ DE VASCONCELOS,08536,26,A_Frota_por_UF_Municipio_CEP_Julho_2026.xlsx
SAO PAULO,FERRAZ DE VASCONCELOS,08537,19,A_Frota_por_UF_Municipio_CEP_Julho_2026.xlsx
SAO PAULO,FERRAZ DE VASCONCELOS,08538,6,A_Frota_por_UF_Municipio_CEP_Julho_2026.xlsx
SAO PAULO,FERRAZ DE VASCONCELOS,08539,3,A_Frota_por_UF_Municipio_CEP_Julho_2026.xlsx
SAO PAULO,FERRAZ DE VASCONCELOS,08540,20,A_Frota_por_UF_Municipio_CEP_Julho_2026.xlsx
SAO PAULO,FERRAZ DE VASCONCELOS,08541,18,A_Frota_por_UF_Municipio_CEP_Julho_2026.xlsx
SAO PAULO,FERRAZ DE VASCONCELOS,08542,30,A_Frota_por_UF_Municipio_CEP_Julho_2026.xlsx
SAO PAULO,FERRAZ DE VASCONCELOS,08543,48,A_Frota_por_UF_Municipio_CEP_Julho_2026.xlsx
SAO PAULO,FERRAZ DE VASCONCELOS,08544,30,A_Frota_por_UF_Municipio_CEP_Julho_2026.xlsx
SAO PAULO,FERRAZ DE VASCONCELOS,08545,20,A_Frota_por_UF_Municipio_CEP_Julho_2026.xlsx
SAO PAULO,FERRAZ DE VASCONCELOS,08552,1,A_Frota_por_UF_Municipio_CEP_Julho_2026.xlsx
SAO PAULO,FERRAZ DE VASCONCELOS,08562,1,A_Frota_por_UF_Municipio_CEP_Julho_2026.xlsx
SAO PAULO,FERRAZ DE VASCONCELOS,08570,2,A_Frota_por_UF_Municipio_CEP_Julho_2026.xlsx
SAO PAULO,FERRAZ DE VASCONCELOS,Sem I,9643,A_Frota_por_UF_Municipio_CEP_Julho_2026.xlsx
SAO PAULO,FLORA RICA,00000,934,A_Frota_por_UF_Municipio_CEP_Julho_2026.xlsx
SAO PAULO,FLORA RICA,17870,1,A_Frota_por_UF_Municipio_CEP_Julho_2026.xlsx
SAO PAULO,FLORA RICA,Sem I,122,A_Frota_por_UF_Municipio_CEP_Julho_2026.xlsx
SAO PAULO,FLOREAL,00000,1979,A_Frota_por_UF_Municipio_CEP_Julho_2026.xlsx
SAO PAULO,FLOREAL,15320,5,A_Frota_por_UF_Municipio_CEP_Julho_2026.xlsx
SAO PAULO,FLOREAL,Sem I,315,A_Frota_por_UF_Municipio_CEP_Julho_2026.xlsx
SAO PAULO,FLORIDA PAULISTA,00000,7195,A_Frota_por_UF_Municipio_CEP_Julho_2026.xlsx
SAO PAULO,FLORIDA PAULISTA,17830,35,A_Frota_por_UF_Municipio_CEP_Julho_2026.xlsx
SAO PAULO,FLORIDA PAULISTA,Sem I,929,A_Frota_por_UF_Municipio_CEP_Julho_2026.xlsx
SAO PAULO,FLORINEA,00000,1556,A_Frota_por_UF_Municipio_CEP_Julho_2026.xlsx
SAO PAULO,FLORINEA,19870,4,A_Frota_por_UF_Municipio_CEP_Julho_2026.xlsx
SAO PAULO,FLORINEA,Sem I,236,A_Frota_por_UF_Municipio_CEP_Julho_2026.xlsx
SAO PAULO,FRANCA,_x0000__x0000__x0000__x0000_ ,20,A_Frota_por_UF_Municipio_CEP_Julho_2026.xlsx
SAO PAULO,FRANCA,00000,278998,A_Frota_por_UF_Municipio_CEP_Julho_2026.xlsx
SAO PAULO,FRANCA,14400,113,A_Frota_por_UF_Municipio_CEP_Julho_2026.xlsx
SAO PAULO,FRANCA,14401,107,A_Frota_por_UF_Municipio_CEP_Julho_2026.xlsx
SAO PAULO,FRANCA,14402,92,A_Frota_por_UF_Municipio_CEP_Julho_2026.xlsx
SAO PAULO,FRANCA,14403,169,A_Frota_por_UF_Municipio_CEP_Julho_2026.xlsx
SAO PAULO,FRANCA,14404,66,A_Frota_por_UF_Municipio_CEP_Julho_2026.xlsx
SAO PAULO,FRANCA,14405,164,A_Frota_por_UF_Municipio_CEP_Julho_2026.xlsx
SAO PAULO,FRANCA,14406,115,A_Frota_por_UF_Municipio_CEP_Julho_2026.xlsx
SAO PAULO,FRANCA,14407,122,A_Frota_por_UF_Municipio_CEP_Julho_2026.xlsx
SAO PAULO,FRANCA,14408,1,A_Frota_por_UF_Municipio_CEP_Julho_2026.xlsx
SAO PAULO,FRANCA,14409,115,A_Frota_por_UF_Municipio_CEP_Julho_2026.xlsx
SAO PAULO,FRANCA,14410,3,A_Frota_por_UF_Municipio_CEP_Julho_2026.xlsx
SAO PAULO,FRANCA,14412,6,A_Frota_por_UF_Municipio_CEP_Julho_2026.xlsx
SAO PAULO,FRANCA,14440,1,A_Frota_por_UF_Municipio_CEP_Julho_2026.xlsx
SAO PAULO,FRANCA,Sem I,38224,A_Frota_por_UF_Municipio_CEP_Julho_2026.xlsx
SAO PAULO,FRANCISCO MORATO,00000,63533,A_Frota_por_UF_Municipio_CEP_Julho_2026.xlsx
SAO PAULO,FRANCISCO MORATO,07000,1,A_Frota_por_UF_Municipio_CEP_Julho_2026.xlsx
SAO PAULO,FRANCISCO MORATO,07079,1,A_Frota_por_UF_Municipio_CEP_Julho_2026.xlsx
SAO PAULO,FRANCISCO MORATO,07496,1,A_Frota_por_UF_Municipio_CEP_Julho_2026.xlsx
SAO PAULO,FRANCISCO MORATO,07600,1,A_Frota_por_UF_Municipio_CEP_Julho_2026.xlsx
SAO PAULO,FRANCISCO MORATO,07700,1,A_Frota_por_UF_Municipio_CEP_Julho_2026.xlsx
SAO PAULO,FRANCISCO MORATO,07790,52,A_Frota_por_UF_Municipio_CEP_Julho_2026.xlsx
SAO PAULO,FRANCISCO MORATO,07791,1,A_Frota_por_UF_Municipio_CEP_Julho_2026.xlsx
SAO PAULO,FRANCISCO MORATO,07900,9,A_Frota_por_UF_Municipio_CEP_Julho_2026.xlsx
SAO PAULO,FRANCISCO MORATO,07901,15,A_Frota_por_UF_Municipio_CEP_Julho_2026.xlsx
SAO PAULO,FRANCISCO MORATO,07902,14,A_Frota_por_UF_Municipio_CEP_Julho_2026.xlsx
SAO PAULO,FRANCISCO MORATO,07903,12,A_Frota_por_UF_Municipio_CEP_Julho_2026.xlsx
SAO PAULO,FRANCISCO MORATO,07904,7,A_Frota_por_UF_Municipio_CEP_Julho_2026.xlsx
SAO PAULO,FRANCISCO MORATO,07906,9,A_Frota_por_UF_Municipio_CEP_Julho_2026.xlsx
SAO PAULO,FRANCISCO MORATO,07907,5,A_Frota_por_UF_Municipio_CEP_Julho_2026.xlsx
SAO PAULO,FRANCISCO MORATO,07908,13,A_Frota_por_UF_Municipio_CEP_Julho_2026.xlsx
SAO PAULO,FRANCISCO MORATO,07909,6,A_Frota_por_UF_Municipio_CEP_Julho_2026.xlsx
SAO PAULO,FRANCISCO MORATO,07910,6,A_Frota_por_UF_Municipio_CEP_Julho_2026.xlsx
SAO PAULO,FRANCISCO MORATO,07911,15,A_Frota_por_UF_Municipio_CEP_Julho_2026.xlsx
SAO PAULO,FRANCISCO MORATO,07912,4,A_Frota_por_UF_Municipio_CEP_Julho_2026.xlsx
SAO PAULO,FRANCISCO MORATO,07913,6,A_Frota_por_UF_Municipio_CEP_Julho_2026.xlsx
SAO PAULO,FRANCISCO MORATO,07914,10,A_Frota_por_UF_Municipio_CEP_Julho_2026.xlsx
SAO PAULO,FRANCISCO MORATO,07915,4,A_Frota_por_UF_Municipio_CEP_Julho_2026.xlsx
SAO PAULO,FRANCISCO MORATO,07916,12,A_Frota_por_UF_Municipio_CEP_Julho_2026.xlsx
SAO PAULO,FRANCISCO MORATO,07917,8,A_Frota_por_UF_Municipio_CEP_Julho_2026.xlsx
SAO PAULO,FRANCISCO MORATO,07920,4,A_Frota_por_UF_Municipio_CEP_Julho_2026.xlsx
SAO PAULO,FRANCISCO MORATO,07929,7,A_Frota_por_UF_Municipio_CEP_Julho_2026.xlsx
SAO PAULO,FRANCISCO MORATO,07930,4,A_Frota_por_UF_Municipio_CEP_Julho_2026.xlsx
SAO PAULO,FRANCISCO MORATO,07934,12,A_Frota_por_UF_Municipio_CEP_Julho_2026.xlsx
SAO PAULO,FRANCISCO MORATO,07935,1,A_Frota_por_UF_Municipio_CEP_Julho_2026.xlsx
SAO PAULO,FRANCISCO MORATO,07936,10,A_Frota_por_UF_Municipio_CEP_Julho_2026.xlsx
SAO PAULO,FRANCISCO MORATO,07940,11,A_Frota_por_UF_Municipio_CEP_Julho_2026.xlsx
SAO PAULO,FRANCISCO MORATO,07941,10,A_Frota_por_UF_Municipio_CEP_Julho_2026.xlsx
SAO PAULO,FRANCISCO MORATO,07942,11,A_Frota_por_UF_Municipio_CEP_Julho_2026.xlsx
SAO PAULO,FRANCISCO MORATO,07943,3,A_Frota_por_UF_Municipio_CEP_Julho_2026.xlsx
SAO PAULO,FRANCISCO MORATO,07944,2,A_Frota_por_UF_Municipio_CEP_Julho_2026.xlsx
SAO PAULO,FRANCISCO MORATO,07945,5,A_Frota_por_UF_Municipio_CEP_Julho_2026.xlsx
SAO PAULO,FRANCISCO MORATO,07946,2,A_Frota_por_UF_Municipio_CEP_Julho_2026.xlsx
SAO PAULO,FRANCISCO MORATO,07950,15,A_Frota_por_UF_Municipio_CEP_Julho_2026.xlsx
SAO PAULO,FRANCISCO MORATO,07951,24,A_Frota_por_UF_Municipio_CEP_Julho_2026.xlsx
SAO PAULO,FRANCISCO MORATO,07952,9,A_Frota_por_UF_Municipio_CEP_Julho_2026.xlsx
SAO PAULO,FRANCISCO MORATO,07953,3,A_Frota_por_UF_Municipio_CEP_Julho_2026.xlsx
SAO PAULO,FRANCISCO MORATO,07955,3,A_Frota_por_UF_Municipio_CEP_Julho_2026.xlsx
SAO PAULO,FRANCISCO MORATO,07956,6,A_Frota_por_UF_Municipio_CEP_Julho_2026.xlsx
SAO PAULO,FRANCISCO MORATO,07957,5,A_Frota_por_UF_Municipio_CEP_Julho_2026.xlsx
SAO PAULO,FRANCISCO MORATO,07980,3,A_Frota_por_UF_Municipio_CEP_Julho_2026.xlsx
SAO PAULO,FRANCISCO MORATO,07985,4,A_Frota_por_UF_Municipio_CEP_Julho_2026.xlsx
SAO PAULO,FRANCISCO MORATO,07986,3,A_Frota_por_UF_Municipio_CEP_Julho_2026.xlsx
SAO PAULO,FRANCISCO MORATO,07987,8,A_Frota_por_UF_Municipio_CEP_Julho_2026.xlsx
SAO PAULO,FRANCISCO MORATO,07990,13,A_Frota_por_UF_Municipio_CEP_Julho_2026.xlsx
SAO PAULO,FRANCISCO MORATO,07991,10,A_Frota_por_UF_Municipio_CEP_Julho_2026.xlsx
SAO PAULO,FRANCISCO MORATO,07992,5,A_Frota_por_UF_Municipio_CEP_Julho_2026.xlsx
SAO PAULO,FRANCISCO MORATO,07994,4,A_Frota_por_UF_Municipio_CEP_Julho_2026.xlsx
SAO PAULO,FRANCISCO MORATO,07995,17,A_Frota_por_UF_Municipio_CEP_Julho_2026.xlsx
SAO PAULO,FRANCISCO MORATO,07996,3,A_Frota_por_UF_Municipio_CEP_Julho_2026.xlsx
SAO PAULO,FRANCISCO MORATO,07998,5,A_Frota_por_UF_Municipio_CEP_Julho_2026.xlsx
SAO PAULO,FRANCISCO MORATO,Sem I,5787,A_Frota_por_UF_Municipio_CEP_Julho_2026.xlsx
SAO PAULO,FRANCO DA ROCHA,00000,71131,A_Frota_por_UF_Municipio_CEP_Julho_2026.xlsx
SAO PAULO,FRANCO DA ROCHA,01049,1,A_Frota_por_UF_Municipio_CEP_Julho_2026.xlsx
SAO PAULO,FRANCO DA ROCHA,06429,1,A_Frota_por_UF_Municipio_CEP_Julho_2026.xlsx
SAO PAULO,FRANCO DA ROCHA,07078,1,A_Frota_por_UF_Municipio_CEP_Julho_2026.xlsx
SAO PAULO,FRANCO DA ROCHA,07651,1,A_Frota_por_UF_Municipio_CEP_Julho_2026.xlsx
SAO PAULO,FRANCO DA ROCHA,07780,32,A_Frota_por_UF_Municipio_CEP_Julho_2026.xlsx
SAO PAULO,FRANCO DA ROCHA,07800,5,A_Frota_por_UF_Municipio_CEP_Julho_2026.xlsx
SAO PAULO,FRANCO DA ROCHA,07801,10,A_Frota_por_UF_Municipio_CEP_Julho_2026.xlsx
SAO PAULO,FRANCO DA ROCHA,07802,10,A_Frota_por_UF_Municipio_CEP_Julho_2026.xlsx
SAO PAULO,FRANCO DA ROCHA,07803,9,A_Frota_por_UF_Municipio_CEP_Julho_2026.xlsx
SAO PAULO,FRANCO DA ROCHA,07804,17,A_Frota_por_UF_Municipio_CEP_Julho_2026.xlsx
SAO PAULO,FRANCO DA ROCHA,07807,16,A_Frota_por_UF_Municipio_CEP_Julho_2026.xlsx
SAO PAULO,FRANCO DA ROCHA,07808,11,A_Frota_por_UF_Municipio_CEP_Julho_2026.xlsx
SAO PAULO,FRANCO DA ROCHA,07809,12,A_Frota_por_UF_Municipio_CEP_Julho_2026.xlsx
SAO PAULO,FRANCO DA ROCHA,07810,38,A_Frota_por_UF_Municipio_CEP_Julho_2026.xlsx
SAO PAULO,FRANCO DA ROCHA,07811,2,A_Frota_por_UF_Municipio_CEP_Julho_2026.xlsx
SAO PAULO,FRANCO DA ROCHA,07830,11,A_Frota_por_UF_Municipio_CEP_Julho_2026.xlsx
SAO PAULO,FRANCO DA ROCHA,07832,7,A_Frota_por_UF_Municipio_CEP_Julho_2026.xlsx
SAO PAULO,FRANCO DA ROCHA,07835,2,A_Frota_por_UF_Municipio_CEP_Julho_2026.xlsx
SAO PAULO,FRANCO DA ROCHA,07840,25,A_Frota_por_UF_Municipio_CEP_Julho_2026.xlsx
SAO PAULO,FRANCO DA ROCHA,07841,6,A_Frota_por_UF_Municipio_CEP_Julho_2026.xlsx
SAO PAULO,FRANCO DA ROCHA,07842,3,A_Frota_por_UF_Municipio_CEP_Julho_2026.xlsx
SAO PAULO,FRANCO DA ROCHA,07844,9,A_Frota_por_UF_Municipio_CEP_Julho_2026.xlsx
SAO PAULO,FRANCO DA ROCHA,07845,7,A_Frota_por_UF_Municipio_CEP_Julho_2026.xlsx
SAO PAULO,FRANCO DA ROCHA,07846,10,A_Frota_por_UF_Municipio_CEP_Julho_2026.xlsx
SAO PAULO,FRANCO DA ROCHA,07847,6,A_Frota_por_UF_Municipio_CEP_Julho_2026.xlsx
SAO PAULO,FRANCO DA ROCHA,07849,10,A_Frota_por_UF_Municipio_CEP_Julho_2026.xlsx
SAO PAULO,FRANCO DA ROCHA,07850,7,A_Frota_por_UF_Municipio_CEP_Julho_2026.xlsx
SAO PAULO,FRANCO DA ROCHA,07851,17,A_Frota_por_UF_Municipio_CEP_Julho_2026.xlsx
SAO PAULO,FRANCO DA ROCHA,07852,14,A_Frota_por_UF_Municipio_CEP_Julho_2026.xlsx
SAO PAULO,FRANCO DA ROCHA,07853,18,A_Frota_por_UF_Municipio_CEP_Julho_2026.xlsx
SAO PAULO,FRANCO DA ROCHA,07854,13,A_Frota_por_UF_Municipio_CEP_Julho_2026.xlsx
SAO PAULO,FRANCO DA ROCHA,07855,23,A_Frota_por_UF_Municipio_CEP_Julho_2026.xlsx
SAO PAULO,FRANCO DA ROCHA,07856,12,A_Frota_por_UF_Municipio_CEP_Julho_2026.xlsx
SAO PAULO,FRANCO DA ROCHA,07857,2,A_Frota_por_UF_Municipio_CEP_Julho_2026.xlsx
SAO PAULO,FRANCO DA ROCHA,07858,11,A_Frota_por_UF_Municipio_CEP_Julho_2026.xlsx
SAO PAULO,FRANCO DA ROCHA,07859,19,A_Frota_por_UF_Municipio_CEP_Julho_2026.xlsx
SAO PAULO,FRANCO DA ROCHA,07860,14,A_Frota_por_UF_Municipio_CEP_Julho_2026.xlsx
SAO PAULO,FRANCO DA ROCHA,07861,6,A_Frota_por_UF_Municipio_CEP_Julho_2026.xlsx
SAO PAULO,FRANCO DA ROCHA,07862,8,A_Frota_por_UF_Municipio_CEP_Julho_2026.xlsx
SAO PAULO,FRANCO DA ROCHA,07863,12,A_Frota_por_UF_Municipio_CEP_Julho_2026.xlsx
SAO PAULO,FRANCO DA ROCHA,07865,8,A_Frota_por_UF_Municipio_CEP_Julho_2026.xlsx
SAO PAULO,FRANCO DA ROCHA,07866,15,A_Frota_por_UF_Municipio_CEP_Julho_2026.xlsx
SAO PAULO,FRANCO DA ROCHA,07878,1,A_Frota_por_UF_Municipio_CEP_Julho_2026.xlsx
SAO PAULO,FRANCO DA ROCHA,07917,1,A_Frota_por_UF_Municipio_CEP_Julho_2026.xlsx
SAO PAULO,FRANCO DA ROCHA,Sem I,6877,A_Frota_por_UF_Municipio_CEP_Julho_2026.xlsx
SAO PAULO,GABRIEL MONTEIRO,00000,2047,A_Frota_por_UF_Municipio_CEP_Julho_2026.xlsx
SAO PAULO,GABRIEL MONTEIRO,16220,2,A_Frota_por_UF_Municipio_CEP_Julho_2026.xlsx
SAO PAULO,GABRIEL MONTEIRO,Sem I,188,A_Frota_por_UF_Municipio_CEP_Julho_2026.xlsx
SAO PAULO,GALIA,00000,4033,A_Frota_por_UF_Municipio_CEP_Julho_2026.xlsx
SAO PAULO,GALIA,17450,12,A_Frota_por_UF_Municipio_CEP_Julho_2026.xlsx
SAO PAULO,GALIA,Sem I,497,A_Frota_por_UF_Municipio_CEP_Julho_2026.xlsx
SAO PAULO,GARCA,00000,30368,A_Frota_por_UF_Municipio_CEP_Julho_2026.xlsx
SAO PAULO,GARCA,17400,108,A_Frota_por_UF_Municipio_CEP_Julho_2026.xlsx
SAO PAULO,GARCA,17405,1,A_Frota_por_UF_Municipio_CEP_Julho_2026.xlsx
SAO PAULO,GARCA,Sem I,4314,A_Frota_por_UF_Municipio_CEP_Julho_2026.xlsx
SAO PAULO,GASTAO VIDIGAL,00000,2529,A_Frota_por_UF_Municipio_CEP_Julho_2026.xlsx
SAO PAULO,GASTAO VIDIGAL,15330,7,A_Frota_por_UF_Municipio_CEP_Julho_2026.xlsx
SAO PAULO,GASTAO VIDIGAL,Sem I,303,A_Frota_por_UF_Municipio_CEP_Julho_2026.xlsx
SAO PAULO,GAVIAO PEIXOTO,00000,2802,A_Frota_por_UF_Municipio_CEP_Julho_2026.xlsx
SAO PAULO,GAVIAO PEIXOTO,14813,27,A_Frota_por_UF_Municipio_CEP_Julho_2026.xlsx
SAO PAULO,GAVIAO PEIXOTO,Sem I,227,A_Frota_por_UF_Municipio_CEP_Julho_2026.xlsx
SAO PAULO,GENERAL SALGADO,_x0000__x0000__x0000__x0000_ ,1,A_Frota_por_UF_Municipio_CEP_Julho_2026.xlsx
SAO PAULO,GENERAL SALGADO,00000,7850,A_Frota_por_UF_Municipio_CEP_Julho_2026.xlsx
SAO PAULO,GENERAL SALGADO,15300,16,A_Frota_por_UF_Municipio_CEP_Julho_2026.xlsx
SAO PAULO,GENERAL SALGADO,Sem I,1125,A_Frota_por_UF_Municipio_CEP_Julho_2026.xlsx
SAO PAULO,GETULINA,00000,5059,A_Frota_por_UF_Municipio_CEP_Julho_2026.xlsx
SAO PAULO,GETULINA,16450,19,A_Frota_por_UF_Municipio_CEP_Julho_2026.xlsx
SAO PAULO,GETULINA,Sem I,744,A_Frota_por_UF_Municipio_CEP_Julho_2026.xlsx
SAO PAULO,GLICERIO,_x0000__x0000__x0000__x0000_ ,1,A_Frota_por_UF_Municipio_CEP_Julho_2026.xlsx
SAO PAULO,GLICERIO,00000,2677,A_Frota_por_UF_Municipio_CEP_Julho_2026.xlsx
SAO PAULO,GLICERIO,16270,3,A_Frota_por_UF_Municipio_CEP_Julho_2026.xlsx
SAO PAULO,GLICERIO,Sem I,281,A_Frota_por_UF_Municipio_CEP_Julho_2026.xlsx
SAO PAULO,GUAICARA,00000,6900,A_Frota_por_UF_Municipio_CEP_Julho_2026.xlsx
SAO PAULO,GUAICARA,16430,38,A_Frota_por_UF_Municipio_CEP_Julho_2026.xlsx
SAO PAULO,GUAICARA,Sem I,668,A_Frota_por_UF_Municipio_CEP_Julho_2026.xlsx
SAO PAULO,GUAIMBE,00000,2756,A_Frota_por_UF_Municipio_CEP_Julho_2026.xlsx
SAO PAULO,GUAIMBE,16480,19,A_Frota_por_UF_Municipio_CEP_Julho_2026.xlsx
SAO PAULO,GUAIMBE,Sem I,369,A_Frota_por_UF_Municipio_CEP_Julho_2026.xlsx
SAO PAULO,GUAIRA,00000,32362,A_Frota_por_UF_Municipio_CEP_Julho_2026.xlsx
SAO PAULO,GUAIRA,14790,119,A_Frota_por_UF_Municipio_CEP_Julho_2026.xlsx
SAO PAULO,GUAIRA,Sem I,3687,A_Frota_por_UF_Municipio_CEP_Julho_2026.xlsx
SAO PAULO,GUAPIACU,00000,15147,A_Frota_por_UF_Municipio_CEP_Julho_2026.xlsx
SAO PAULO,GUAPIACU,15110,46,A_Frota_por_UF_Municipio_CEP_Julho_2026.xlsx
SAO PAULO,GUAPIACU,Sem I,1528,A_Frota_por_UF_Municipio_CEP_Julho_2026.xlsx
SAO PAULO,GUAPIARA,00000,8783,A_Frota_por_UF_Municipio_CEP_Julho_2026.xlsx
SAO PAULO,GUAPIARA,18310,14,A_Frota_por_UF_Municipio_CEP_Julho_2026.xlsx
SAO PAULO,GUAPIARA,Sem I,956,A_Frota_por_UF_Municipio_CEP_Julho_2026.xlsx
SAO PAULO,GUARA,_x0000__x0000__x0000__x0000_ ,1,A_Frota_por_UF_Municipio_CEP_Julho_2026.xlsx
SAO PAULO,GUARA,00000,11380,A_Frota_por_UF_Municipio_CEP_Julho_2026.xlsx
SAO PAULO,GUARA,06454,1,A_Frota_por_UF_Municipio_CEP_Julho_2026.xlsx
SAO PAULO,GUARA,14580,27,A_Frota_por_UF_Municipio_CEP_Julho_2026.xlsx
SAO PAULO,GUARA,Sem I,1312,A_Frota_por_UF_Municipio_CEP_Julho_2026.xlsx
SAO PAULO,GUARACAI,00000,5719,A_Frota_por_UF_Municipio_CEP_Julho_2026.xlsx
SAO PAULO,GUARACAI,16980,14,A_Frota_por_UF_Municipio_CEP_Julho_2026.xlsx
SAO PAULO,GUARACAI,Sem I,798,A_Frota_por_UF_Municipio_CEP_Julho_2026.xlsx
SAO PAULO,GUARACI,00000,6927,A_Frota_por_UF_Municipio_CEP_Julho_2026.xlsx
SAO PAULO,GUARACI,15420,34,A_Frota_por_UF_Municipio_CEP_Julho_2026.xlsx
SAO PAULO,GUARACI,Sem I,725,A_Frota_por_UF_Municipio_CEP_Julho_2026.xlsx
SAO PAULO,GUARANI D'OESTE,00000,1355,A_Frota_por_UF_Municipio_CEP_Julho_2026.xlsx
SAO PAULO,GUARANI D'OESTE,Sem I,167,A_Frota_por_UF_Municipio_CEP_Julho_2026.xlsx
SAO PAULO,GUARANTA,00000,3808,A_Frota_por_UF_Municipio_CEP_Julho_2026.xlsx
SAO PAULO,GUARANTA,16570,16,A_Frota_por_UF_Municipio_CEP_Julho_2026.xlsx
SAO PAULO,GUARANTA,Sem I,402,A_Frota_por_UF_Municipio_CEP_Julho_2026.xlsx
SAO PAULO,GUARARAPES,00000,23991,A_Frota_por_UF_Municipio_CEP_Julho_2026.xlsx
SAO PAULO,GUARARAPES,16700,57,A_Frota_por_UF_Municipio_CEP_Julho_2026.xlsx
SAO PAULO,GUARARAPES,Sem I,3020,A_Frota_por_UF_Municipio_CEP_Julho_2026.xlsx
SAO PAULO,GUARAREMA,00000,21986,A_Frota_por_UF_Municipio_CEP_Julho_2026.xlsx
SAO PAULO,GUARAREMA,08900,113,A_Frota_por_UF_Municipio_CEP_Julho_2026.xlsx
SAO PAULO,GUARAREMA,Sem I,2046,A_Frota_por_UF_Municipio_CEP_Julho_2026.xlsx
SAO PAULO,GUARATINGUETA,_x0000__x0000__x0000__x0000_ ,6,A_Frota_por_UF_Municipio_CEP_Julho_2026.xlsx
SAO PAULO,GUARATINGUETA,00000,75063,A_Frota_por_UF_Municipio_CEP_Julho_2026.xlsx
SAO PAULO,GUARATINGUETA,12500,175,A_Frota_por_UF_Municipio_CEP_Julho_2026.xlsx
SAO PAULO,GUARATINGUETA,12501,11,A_Frota_por_UF_Municipio_CEP_Julho_2026.xlsx
SAO PAULO,GUARATINGUETA,12502,14,A_Frota_por_UF_Municipio_CEP_Julho_2026.xlsx
SAO PAULO,GUARATINGUETA,12503,12,A_Frota_por_UF_Municipio_CEP_Julho_2026.xlsx
SAO PAULO,GUARATINGUETA,12504,5,A_Frota_por_UF_Municipio_CEP_Julho_2026.xlsx
SAO PAULO,GUARATINGUETA,12505,14,A_Frota_por_UF_Municipio_CEP_Julho_2026.xlsx
SAO PAULO,GUARATINGUETA,12506,5,A_Frota_por_UF_Municipio_CEP_Julho_2026.xlsx
SAO PAULO,GUARATINGUETA,12507,5,A_Frota_por_UF_Municipio_CEP_Julho_2026.xlsx
SAO PAULO,GUARATINGUETA,12508,3,A_Frota_por_UF_Municipio_CEP_Julho_2026.xlsx
SAO PAULO,GUARATINGUETA,12509,22,A_Frota_por_UF_Municipio_CEP_Julho_2026.xlsx
SAO PAULO,GUARATINGUETA,12510,5,A_Frota_por_UF_Municipio_CEP_Julho_2026.xlsx
SAO PAULO,GUARATINGUETA,12511,9,A_Frota_por_UF_Municipio_CEP_Julho_2026.xlsx
SAO PAULO,GUARATINGUETA,12512,8,A_Frota_por_UF_Municipio_CEP_Julho_2026.xlsx
SAO PAULO,GUARATINGUETA,12513,8,A_Frota_por_UF_Municipio_CEP_Julho_2026.xlsx
SAO PAULO,GUARATINGUETA,12514,10,A_Frota_por_UF_Municipio_CEP_Julho_2026.xlsx
SAO PAULO,GUARATINGUETA,12515,40,A_Frota_por_UF_Municipio_CEP_Julho_2026.xlsx
SAO PAULO,GUARATINGUETA,12516,4,A_Frota_por_UF_Municipio_CEP_Julho_2026.xlsx
SAO PAULO,GUARATINGUETA,12517,13,A_Frota_por_UF_Municipio_CEP_Julho_2026.xlsx
SAO PAULO,GUARATINGUETA,12518,17,A_Frota_por_UF_Municipio_CEP_Julho_2026.xlsx
SAO PAULO,GUARATINGUETA,12519,7,A_Frota_por_UF_Municipio_CEP_Julho_2026.xlsx
SAO PAULO,GUARATINGUETA,12520,7,A_Frota_por_UF_Municipio_CEP_Julho_2026.xlsx
SAO PAULO,GUARATINGUETA,12521,7,A_Frota_por_UF_Municipio_CEP_Julho_2026.xlsx
SAO PAULO,GUARATINGUETA,12522,41,A_Frota_por_UF_Municipio_CEP_Julho_2026.xlsx
SAO PAULO,GUARATINGUETA,12523,8,A_Frota_por_UF_Municipio_CEP_Julho_2026.xlsx
SAO PAULO,GUARATINGUETA,12524,2,A_Frota_por_UF_Municipio_CEP_Julho_2026.xlsx
SAO PAULO,GUARATINGUETA,12580,1,A_Frota_por_UF_Municipio_CEP_Julho_2026.xlsx
SAO PAULO,GUARATINGUETA,Sem I,11123,A_Frota_por_UF_Municipio_CEP_Julho_2026.xlsx
SAO PAULO,GUAREI,00000,7732,A_Frota_por_UF_Municipio_CEP_Julho_2026.xlsx
SAO PAULO,GUAREI,18250,22,A_Frota_por_UF_Municipio_CEP_Julho_2026.xlsx
SAO PAULO,GUAREI,Sem I,886,A_Frota_por_UF_Municipio_CEP_Julho_2026.xlsx
SAO PAULO,GUARIBA,00000,23946,A_Frota_por_UF_Municipio_CEP_Julho_2026.xlsx
SAO PAULO,GUARIBA,14840,163,A_Frota_por_UF_Municipio_CEP_Julho_2026.xlsx
SAO PAULO,GUARIBA,Sem I,2724,A_Frota_por_UF_Municipio_CEP_Julho_2026.xlsx
SAO PAULO,GUARUJA,_x0000__x0000__x0000__x0000_ ,4,A_Frota_por_UF_Municipio_CEP_Julho_2026.xlsx
SAO PAULO,GUARUJA,0,1,A_Frota_por_UF_Municipio_CEP_Julho_2026.xlsx
SAO PAULO,GUARUJA,00000,151148,A_Frota_por_UF_Municipio_CEP_Julho_2026.xlsx
SAO PAULO,GUARUJA,01044,1,A_Frota_por_UF_Municipio_CEP_Julho_2026.xlsx
SAO PAULO,GUARUJA,11000,2,A_Frota_por_UF_Municipio_CEP_Julho_2026.xlsx
SAO PAULO,GUARUJA,11030,1,A_Frota_por_UF_Municipio_CEP_Julho_2026.xlsx
SAO PAULO,GUARUJA,11045,1,A_Frota_por_UF_Municipio_CEP_Julho_2026.xlsx
SAO PAULO,GUARUJA,11140,2,A_Frota_por_UF_Municipio_CEP_Julho_2026.xlsx
SAO PAULO,GUARUJA,11144,1,A_Frota_por_UF_Municipio_CEP_Julho_2026.xlsx
SAO PAULO,GUARUJA,11146,1,A_Frota_por_UF_Municipio_CEP_Julho_2026.xlsx
SAO PAULO,GUARUJA,11240,1,A_Frota_por_UF_Municipio_CEP_Julho_2026.xlsx
SAO PAULO,GUARUJA,11250,2,A_Frota_por_UF_Municipio_CEP_Julho_2026.xlsx
SAO PAULO,GUARUJA,11313,1,A_Frota_por_UF_Municipio_CEP_Julho_2026.xlsx
SAO PAULO,GUARUJA,11400,91,A_Frota_por_UF_Municipio_CEP_Julho_2026.xlsx
SAO PAULO,GUARUJA,11401,1,A_Frota_por_UF_Municipio_CEP_Julho_2026.xlsx
SAO PAULO,GUARUJA,11410,79,A_Frota_por_UF_Municipio_CEP_Julho_2026.xlsx
SAO PAULO,GUARUJA,11420,83,A_Frota_por_UF_Municipio_CEP_Julho_2026.xlsx
SAO PAULO,GUARUJA,11421,22,A_Frota_por_UF_Municipio_CEP_Julho_2026.xlsx
SAO PAULO,GUARUJA,11423,1,A_Frota_por_UF_Municipio_CEP_Julho_2026.xlsx
SAO PAULO,GUARUJA,11425,16,A_Frota_por_UF_Municipio_CEP_Julho_2026.xlsx
SAO PAULO,GUARUJA,11426,1,A_Frota_por_UF_Municipio_CEP_Julho_2026.xlsx
SAO PAULO,GUARUJA,11428,1,A_Frota_por_UF_Municipio_CEP_Julho_2026.xlsx
SAO PAULO,GUARUJA,11429,1,A_Frota_por_UF_Municipio_CEP_Julho_2026.xlsx
SAO PAULO,GUARUJA,11430,129,A_Frota_por_UF_Municipio_CEP_Julho_2026.xlsx
SAO PAULO,GUARUJA,11431,112,A_Frota_por_UF_Municipio_CEP_Julho_2026.xlsx
SAO PAULO,GUARUJA,11432,177,A_Frota_por_UF_Municipio_CEP_Julho_2026.xlsx
SAO PAULO,GUARUJA,11435,46,A_Frota_por_UF_Municipio_CEP_Julho_2026.xlsx
SAO PAULO,GUARUJA,11436,73,A_Frota_por_UF_Municipio_CEP_Julho_2026.xlsx
SAO PAULO,GUARUJA,11438,1,A_Frota_por_UF_Municipio_CEP_Julho_2026.xlsx
SAO PAULO,GUARUJA,11440,167,A_Frota_por_UF_Municipio_CEP_Julho_2026.xlsx
SAO PAULO,GUARUJA,11441,79,A_Frota_por_UF_Municipio_CEP_Julho_2026.xlsx
SAO PAULO,GUARUJA,11442,59,A_Frota_por_UF_Municipio_CEP_Julho_2026.xlsx
SAO PAULO,GUARUJA,11443,90,A_Frota_por_UF_Municipio_CEP_Julho_2026.xlsx
SAO PAULO,GUARUJA,11444,56,A_Frota_por_UF_Municipio_CEP_Julho_2026.xlsx
SAO PAULO,GUARUJA,11445,28,A_Frota_por_UF_Municipio_CEP_Julho_2026.xlsx
SAO PAULO,GUARUJA,11446,76,A_Frota_por_UF_Municipio_CEP_Julho_2026.xlsx
SAO PAULO,GUARUJA,11450,154,A_Frota_por_UF_Municipio_CEP_Julho_2026.xlsx
SAO PAULO,GUARUJA,11451,107,A_Frota_por_UF_Municipio_CEP_Julho_2026.xlsx
SAO PAULO,GUARUJA,11452,6,A_Frota_por_UF_Municipio_CEP_Julho_2026.xlsx
SAO PAULO,GUARUJA,11453,59,A_Frota_por_UF_Municipio_CEP_Julho_2026.xlsx
SAO PAULO,GUARUJA,11454,93,A_Frota_por_UF_Municipio_CEP_Julho_2026.xlsx
SAO PAULO,GUARUJA,11460,108,A_Frota_por_UF_Municipio_CEP_Julho_2026.xlsx
SAO PAULO,GUARUJA,11461,54,A_Frota_por_UF_Municipio_CEP_Julho_2026.xlsx
SAO PAULO,GUARUJA,11462,51,A_Frota_por_UF_Municipio_CEP_Julho_2026.xlsx
SAO PAULO,GUARUJA,11463,78,A_Frota_por_UF_Municipio_CEP_Julho_2026.xlsx
SAO PAULO,GUARUJA,11468,1,A_Frota_por_UF_Municipio_CEP_Julho_2026.xlsx
SAO PAULO,GUARUJA,11470,112,A_Frota_por_UF_Municipio_CEP_Julho_2026.xlsx
SAO PAULO,GUARUJA,11471,56,A_Frota_por_UF_Municipio_CEP_Julho_2026.xlsx
SAO PAULO,GUARUJA,11472,80,A_Frota_por_UF_Municipio_CEP_Julho_2026.xlsx
SAO PAULO,GUARUJA,11473,1,A_Frota_por_UF_Municipio_CEP_Julho_2026.xlsx
SAO PAULO,GUARUJA,11480,3,A_Frota_por_UF_Municipio_CEP_Julho_2026.xlsx
SAO PAULO,GUARUJA,11483,1,A_Frota_por_UF_Municipio_CEP_Julho_2026.xlsx
SAO PAULO,GUARUJA,11490,2,A_Frota_por_UF_Municipio_CEP_Julho_2026.xlsx
SAO PAULO,GUARUJA,11495,138,A_Frota_por_UF_Municipio_CEP_Julho_2026.xlsx
SAO PAULO,GUARUJA,11497,4,A_Frota_por_UF_Municipio_CEP_Julho_2026.xlsx
SAO PAULO,GUARUJA,11700,1,A_Frota_por_UF_Municipio_CEP_Julho_2026.xlsx
SAO PAULO,GUARUJA,14000,2,A_Frota_por_UF_Municipio_CEP_Julho_2026.xlsx
SAO PAULO,GUARUJA,14450,1,A_Frota_por_UF_Municipio_CEP_Julho_2026.xlsx
SAO PAULO,GUARUJA,Sem I,22855,A_Frota_por_UF_Municipio_CEP_Julho_2026.xlsx
SAO PAULO,GUARULHOS,_x0000__x0000__x0000__x0000_ ,5,A_Frota_por_UF_Municipio_CEP_Julho_2026.xlsx
SAO PAULO,GUARULHOS,0,2,A_Frota_por_UF_Municipio_CEP_Julho_2026.xlsx
SAO PAULO,GUARULHOS,00000,740188,A_Frota_por_UF_Municipio_CEP_Julho_2026.xlsx
SAO PAULO,GUARULHOS,03810,1,A_Frota_por_UF_Municipio_CEP_Julho_2026.xlsx
SAO PAULO,GUARULHOS,06713,1,A_Frota_por_UF_Municipio_CEP_Julho_2026.xlsx
SAO PAULO,GUARULHOS,07000,184,A_Frota_por_UF_Municipio_CEP_Julho_2026.xlsx
SAO PAULO,GUARULHOS,07010,33,A_Frota_por_UF_Municipio_CEP_Julho_2026.xlsx
SAO PAULO,GUARULHOS,07011,18,A_Frota_por_UF_Municipio_CEP_Julho_2026.xlsx
SAO PAULO,GUARULHOS,07012,25,A_Frota_por_UF_Municipio_CEP_Julho_2026.xlsx
SAO PAULO,GUARULHOS,07013,44,A_Frota_por_UF_Municipio_CEP_Julho_2026.xlsx
SAO PAULO,GUARULHOS,07020,83,A_Frota_por_UF_Municipio_CEP_Julho_2026.xlsx
SAO PAULO,GUARULHOS,07021,52,A_Frota_por_UF_Municipio_CEP_Julho_2026.xlsx
SAO PAULO,GUARULHOS,07022,67,A_Frota_por_UF_Municipio_CEP_Julho_2026.xlsx
SAO PAULO,GUARULHOS,07023,67,A_Frota_por_UF_Municipio_CEP_Julho_2026.xlsx
SAO PAULO,GUARULHOS,07024,57,A_Frota_por_UF_Municipio_CEP_Julho_2026.xlsx
SAO PAULO,GUARULHOS,07025,49,A_Frota_por_UF_Municipio_CEP_Julho_2026.xlsx
SAO PAULO,GUARULHOS,07029,1,A_Frota_por_UF_Municipio_CEP_Julho_2026.xlsx
SAO PAULO,GUARULHOS,07030,63,A_Frota_por_UF_Municipio_CEP_Julho_2026.xlsx
SAO PAULO,GUARULHOS,07031,48,A_Frota_por_UF_Municipio_CEP_Julho_2026.xlsx
SAO PAULO,GUARULHOS,07032,62,A_Frota_por_UF_Municipio_CEP_Julho_2026.xlsx
SAO PAULO,GUARULHOS,07033,71,A_Frota_por_UF_Municipio_CEP_Julho_2026.xlsx
SAO PAULO,GUARULHOS,07034,39,A_Frota_por_UF_Municipio_CEP_Julho_2026.xlsx
SAO PAULO,GUARULHOS,07040,70,A_Frota_por_UF_Municipio_CEP_Julho_2026.xlsx
SAO PAULO,GUARULHOS,07041,38,A_Frota_por_UF_Municipio_CEP_Julho_2026.xlsx
SAO PAULO,GUARULHOS,07042,49,A_Frota_por_UF_Municipio_CEP_Julho_2026.xlsx
SAO PAULO,GUARULHOS,07043,59,A_Frota_por_UF_Municipio_CEP_Julho_2026.xlsx
SAO PAULO,GUARULHOS,07044,54,A_Frota_por_UF_Municipio_CEP_Julho_2026.xlsx
SAO PAULO,GUARULHOS,07048,1,A_Frota_por_UF_Municipio_CEP_Julho_2026.xlsx
SAO PAULO,GUARULHOS,07050,58,A_Frota_por_UF_Municipio_CEP_Julho_2026.xlsx
SAO PAULO,GUARULHOS,07051,79,A_Frota_por_UF_Municipio_CEP_Julho_2026.xlsx
SAO PAULO,GUARULHOS,07052,45,A_Frota_por_UF_Municipio_CEP_Julho_2026.xlsx
SAO PAULO,GUARULHOS,07053,39,A_Frota_por_UF_Municipio_CEP_Julho_2026.xlsx
SAO PAULO,GUARULHOS,07054,74,A_Frota_por_UF_Municipio_CEP_Julho_2026.xlsx
SAO PAULO,GUARULHOS,07055,74,A_Frota_por_UF_Municipio_CEP_Julho_2026.xlsx
SAO PAULO,GUARULHOS,07056,60,A_Frota_por_UF_Municipio_CEP_Julho_2026.xlsx
SAO PAULO,GUARULHOS,07060,63,A_Frota_por_UF_Municipio_CEP_Julho_2026.xlsx
SAO PAULO,GUARULHOS,07061,71,A_Frota_por_UF_Municipio_CEP_Julho_2026.xlsx
SAO PAULO,GUARULHOS,07062,93,A_Frota_por_UF_Municipio_CEP_Julho_2026.xlsx
SAO PAULO,GUARULHOS,07063,49,A_Frota_por_UF_Municipio_CEP_Julho_2026.xlsx
SAO PAULO,GUARULHOS,07064,50,A_Frota_por_UF_Municipio_CEP_Julho_2026.xlsx
SAO PAULO,GUARULHOS,07070,39,A_Frota_por_UF_Municipio_CEP_Julho_2026.xlsx
SAO PAULO,GUARULHOS,07071,37,A_Frota_por_UF_Municipio_CEP_Julho_2026.xlsx
SAO PAULO,GUARULHOS,07072,52,A_Frota_por_UF_Municipio_CEP_Julho_2026.xlsx
SAO PAULO,GUARULHOS,07073,69,A_Frota_por_UF_Municipio_CEP_Julho_2026.xlsx
SAO PAULO,GUARULHOS,07074,60,A_Frota_por_UF_Municipio_CEP_Julho_2026.xlsx
SAO PAULO,GUARULHOS,07075,103,A_Frota_por_UF_Municipio_CEP_Julho_2026.xlsx
SAO PAULO,GUARULHOS,07076,37,A_Frota_por_UF_Municipio_CEP_Julho_2026.xlsx
SAO PAULO,GUARULHOS,07077,80,A_Frota_por_UF_Municipio_CEP_Julho_2026.xlsx
SAO PAULO,GUARULHOS,07080,76,A_Frota_por_UF_Municipio_CEP_Julho_2026.xlsx
SAO PAULO,GUARULHOS,07081,80,A_Frota_por_UF_Municipio_CEP_Julho_2026.xlsx
SAO PAULO,GUARULHOS,07082,133,A_Frota_por_UF_Municipio_CEP_Julho_2026.xlsx
SAO PAULO,GUARULHOS,07083,56,A_Frota_por_UF_Municipio_CEP_Julho_2026.xlsx
SAO PAULO,GUARULHOS,07084,105,A_Frota_por_UF_Municipio_CEP_Julho_2026.xlsx
SAO PAULO,GUARULHOS,07085,61,A_Frota_por_UF_Municipio_CEP_Julho_2026.xlsx
SAO PAULO,GUARULHOS,07088,1,A_Frota_por_UF_Municipio_CEP_Julho_2026.xlsx
SAO PAULO,GUARULHOS,07090,48,A_Frota_por_UF_Municipio_CEP_Julho_2026.xlsx
SAO PAULO,GUARULHOS,07091,48,A_Frota_por_UF_Municipio_CEP_Julho_2026.xlsx
SAO PAULO,GUARULHOS,07092,99,A_Frota_por_UF_Municipio_CEP_Julho_2026.xlsx
SAO PAULO,GUARULHOS,07093,63,A_Frota_por_UF_Municipio_CEP_Julho_2026.xlsx
SAO PAULO,GUARULHOS,07094,63,A_Frota_por_UF_Municipio_CEP_Julho_2026.xlsx
SAO PAULO,GUARULHOS,07095,37,A_Frota_por_UF_Municipio_CEP_Julho_2026.xlsx
SAO PAULO,GUARULHOS,07096,72,A_Frota_por_UF_Municipio_CEP_Julho_2026.xlsx
SAO PAULO,GUARULHOS,07097,74,A_Frota_por_UF_Municipio_CEP_Julho_2026.xlsx
SAO PAULO,GUARULHOS,07100,9,A_Frota_por_UF_Municipio_CEP_Julho_2026.xlsx
SAO PAULO,GUARULHOS,07107,1,A_Frota_por_UF_Municipio_CEP_Julho_2026.xlsx
SAO PAULO,GUARULHOS,07110,35,A_Frota_por_UF_Municipio_CEP_Julho_2026.xlsx
SAO PAULO,GUARULHOS,07111,77,A_Frota_por_UF_Municipio_CEP_Julho_2026.xlsx
SAO PAULO,GUARULHOS,07112,134,A_Frota_por_UF_Municipio_CEP_Julho_2026.xlsx
SAO PAULO,GUARULHOS,07113,53,A_Frota_por_UF_Municipio_CEP_Julho_2026.xlsx
SAO PAULO,GUARULHOS,07114,79,A_Frota_por_UF_Municipio_CEP_Julho_2026.xlsx
SAO PAULO,GUARULHOS,07115,79,A_Frota_por_UF_Municipio_CEP_Julho_2026.xlsx
SAO PAULO,GUARULHOS,07120,61,A_Frota_por_UF_Municipio_CEP_Julho_2026.xlsx
SAO PAULO,GUARULHOS,07121,92,A_Frota_por_UF_Municipio_CEP_Julho_2026.xlsx
SAO PAULO,GUARULHOS,07122,54,A_Frota_por_UF_Municipio_CEP_Julho_2026.xlsx
SAO PAULO,GUARULHOS,07123,118,A_Frota_por_UF_Municipio_CEP_Julho_2026.xlsx
SAO PAULO,GUARULHOS,07124,177,A_Frota_por_UF_Municipio_CEP_Julho_2026.xlsx
SAO PAULO,GUARULHOS,07130,123,A_Frota_por_UF_Municipio_CEP_Julho_2026.xlsx
SAO PAULO,GUARULHOS,07131,85,A_Frota_por_UF_Municipio_CEP_Julho_2026.xlsx
SAO PAULO,GUARULHOS,07132,127,A_Frota_por_UF_Municipio_CEP_Julho_2026.xlsx
SAO PAULO,GUARULHOS,07133,83,A_Frota_por_UF_Municipio_CEP_Julho_2026.xlsx
SAO PAULO,GUARULHOS,07134,92,A_Frota_por_UF_Municipio_CEP_Julho_2026.xlsx
SAO PAULO,GUARULHOS,07135,106,A_Frota_por_UF_Municipio_CEP_Julho_2026.xlsx
SAO PAULO,GUARULHOS,07138,1,A_Frota_por_UF_Municipio_CEP_Julho_2026.xlsx
SAO PAULO,GUARULHOS,07140,126,A_Frota_por_UF_Municipio_CEP_Julho_2026.xlsx
SAO PAULO,GUARULHOS,07141,73,A_Frota_por_UF_Municipio_CEP_Julho_2026.xlsx
SAO PAULO,GUARULHOS,07142,124,A_Frota_por_UF_Municipio_CEP_Julho_2026.xlsx
SAO PAULO,GUARULHOS,07143,88,A_Frota_por_UF_Municipio_CEP_Julho_2026.xlsx
SAO PAULO,GUARULHOS,07144,128,A_Frota_por_UF_Municipio_CEP_Julho_2026.xlsx
SAO PAULO,GUARULHOS,07145,73,A_Frota_por_UF_Municipio_CEP_Julho_2026.xlsx
SAO PAULO,GUARULHOS,07150,55,A_Frota_por_UF_Municipio_CEP_Julho_2026.xlsx
SAO PAULO,GUARULHOS,07151,81,A_Frota_por_UF_Municipio_CEP_Julho_2026.xlsx
SAO PAULO,GUARULHOS,07152,92,A_Frota_por_UF_Municipio_CEP_Julho_2026.xlsx
SAO PAULO,GUARULHOS,07153,41,A_Frota_por_UF_Municipio_CEP_Julho_2026.xlsx
SAO PAULO,GUARULHOS,07154,2,A_Frota_por_UF_Municipio_CEP_Julho_2026.xlsx
SAO PAULO,GUARULHOS,07155,17,A_Frota_por_UF_Municipio_CEP_Julho_2026.xlsx
SAO PAULO,GUARULHOS,07156,7,A_Frota_por_UF_Municipio_CEP_Julho_2026.xlsx
SAO PAULO,GUARULHOS,07157,1,A_Frota_por_UF_Municipio_CEP_Julho_2026.xlsx
SAO PAULO,GUARULHOS,07158,1,A_Frota_por_UF_Municipio_CEP_Julho_2026.xlsx
SAO PAULO,GUARULHOS,07159,17,A_Frota_por_UF_Municipio_CEP_Julho_2026.xlsx
SAO PAULO,GUARULHOS,07160,82,A_Frota_por_UF_Municipio_CEP_Julho_2026.xlsx
SAO PAULO,GUARULHOS,07161,117,A_Frota_por_UF_Municipio_CEP_Julho_2026.xlsx
SAO PAULO,GUARULHOS,07162,50,A_Frota_por_UF_Municipio_CEP_Julho_2026.xlsx
SAO PAULO,GUARULHOS,07170,122,A_Frota_por_UF_Municipio_CEP_Julho_2026.xlsx
SAO PAULO,GUARULHOS,07171,113,A_Frota_por_UF_Municipio_CEP_Julho_2026.xlsx
SAO PAULO,GUARULHOS,07172,89,A_Frota_por_UF_Municipio_CEP_Julho_2026.xlsx
SAO PAULO,GUARULHOS,07173,44,A_Frota_por_UF_Municipio_CEP_Julho_2026.xlsx
SAO PAULO,GUARULHOS,07174,70,A_Frota_por_UF_Municipio_CEP_Julho_2026.xlsx
SAO PAULO,GUARULHOS,07175,81,A_Frota_por_UF_Municipio_CEP_Julho_2026.xlsx
SAO PAULO,GUARULHOS,07176,82,A_Frota_por_UF_Municipio_CEP_Julho_2026.xlsx
SAO PAULO,GUARULHOS,07177,45,A_Frota_por_UF_Municipio_CEP_Julho_2026.xlsx
SAO PAULO,GUARULHOS,07178,70,A_Frota_por_UF_Municipio_CEP_Julho_2026.xlsx
SAO PAULO,GUARULHOS,07179,125,A_Frota_por_UF_Municipio_CEP_Julho_2026.xlsx
SAO PAULO,GUARULHOS,07180,149,A_Frota_por_UF_Municipio_CEP_Julho_2026.xlsx
SAO PAULO,GUARULHOS,07181,58,A_Frota_por_UF_Municipio_CEP_Julho_2026.xlsx
SAO PAULO,GUARULHOS,07182,46,A_Frota_por_UF_Municipio_CEP_Julho_2026.xlsx
SAO PAULO,GUARULHOS,07183,75,A_Frota_por_UF_Municipio_CEP_Julho_2026.xlsx
SAO PAULO,GUARULHOS,07184,9,A_Frota_por_UF_Municipio_CEP_Julho_2026.xlsx
SAO PAULO,GUARULHOS,07185,2,A_Frota_por_UF_Municipio_CEP_Julho_2026.xlsx
SAO PAULO,GUARULHOS,07189,1,A_Frota_por_UF_Municipio_CEP_Julho_2026.xlsx
SAO PAULO,GUARULHOS,07190,167,A_Frota_por_UF_Municipio_CEP_Julho_2026.xlsx
SAO PAULO,GUARULHOS,07191,100,A_Frota_por_UF_Municipio_CEP_Julho_2026.xlsx
SAO PAULO,GUARULHOS,07192,50,A_Frota_por_UF_Municipio_CEP_Julho_2026.xlsx
SAO PAULO,GUARULHOS,07193,77,A_Frota_por_UF_Municipio_CEP_Julho_2026.xlsx
SAO PAULO,GUARULHOS,07194,69,A_Frota_por_UF_Municipio_CEP_Julho_2026.xlsx
SAO PAULO,GUARULHOS,07195,62,A_Frota_por_UF_Municipio_CEP_Julho_2026.xlsx
SAO PAULO,GUARULHOS,07196,54,A_Frota_por_UF_Municipio_CEP_Julho_2026.xlsx
SAO PAULO,GUARULHOS,07197,108,A_Frota_por_UF_Municipio_CEP_Julho_2026.xlsx
SAO PAULO,GUARULHOS,07199,1,A_Frota_por_UF_Municipio_CEP_Julho_2026.xlsx
SAO PAULO,GUARULHOS,07210,26,A_Frota_por_UF_Municipio_CEP_Julho_2026.xlsx
SAO PAULO,GUARULHOS,07214,1,A_Frota_por_UF_Municipio_CEP_Julho_2026.xlsx
SAO PAULO,GUARULHOS,07215,6,A_Frota_por_UF_Municipio_CEP_Julho_2026.xlsx
SAO PAULO,GUARULHOS,07220,113,A_Frota_por_UF_Municipio_CEP_Julho_2026.xlsx
SAO PAULO,GUARULHOS,07221,38,A_Frota_por_UF_Municipio_CEP_Julho_2026.xlsx
SAO PAULO,GUARULHOS,07222,38,A_Frota_por_UF_Municipio_CEP_Julho_2026.xlsx
SAO PAULO,GUARULHOS,07223,39,A_Frota_por_UF_Municipio_CEP_Julho_2026.xlsx
SAO PAULO,GUARULHOS,07224,48,A_Frota_por_UF_Municipio_CEP_Julho_2026.xlsx
SAO PAULO,GUARULHOS,07225,1,A_Frota_por_UF_Municipio_CEP_Julho_2026.xlsx
SAO PAULO,GUARULHOS,07230,135,A_Frota_por_UF_Municipio_CEP_Julho_2026.xlsx
SAO PAULO,GUARULHOS,07231,110,A_Frota_por_UF_Municipio_CEP_Julho_2026.xlsx
SAO PAULO,GUARULHOS,07232,50,A_Frota_por_UF_Municipio_CEP_Julho_2026.xlsx
SAO PAULO,GUARULHOS,07233,1,A_Frota_por_UF_Municipio_CEP_Julho_2026.xlsx
SAO PAULO,GUARULHOS,07240,97,A_Frota_por_UF_Municipio_CEP_Julho_2026.xlsx
SAO PAULO,GUARULHOS,07241,140,A_Frota_por_UF_Municipio_CEP_Julho_2026.xlsx
SAO PAULO,GUARULHOS,07242,81,A_Frota_por_UF_Municipio_CEP_Julho_2026.xlsx
SAO PAULO,GUARULHOS,07243,99,A_Frota_por_UF_Municipio_CEP_Julho_2026.xlsx
SAO PAULO,GUARULHOS,07244,91,A_Frota_por_UF_Municipio_CEP_Julho_2026.xlsx
SAO PAULO,GUARULHOS,07250,56,A_Frota_por_UF_Municipio_CEP_Julho_2026.xlsx
SAO PAULO,GUARULHOS,07251,54,A_Frota_por_UF_Municipio_CEP_Julho_2026.xlsx
SAO PAULO,GUARULHOS,07252,82,A_Frota_por_UF_Municipio_CEP_Julho_2026.xlsx
SAO PAULO,GUARULHOS,07260,139,A_Frota_por_UF_Municipio_CEP_Julho_2026.xlsx
SAO PAULO,GUARULHOS,07261,51,A_Frota_por_UF_Municipio_CEP_Julho_2026.xlsx
SAO PAULO,GUARULHOS,07262,111,A_Frota_por_UF_Municipio_CEP_Julho_2026.xlsx
SAO PAULO,GUARULHOS,07263,122,A_Frota_por_UF_Municipio_CEP_Julho_2026.xlsx
SAO PAULO,GUARULHOS,07270,60,A_Frota_por_UF_Municipio_CEP_Julho_2026.xlsx
SAO PAULO,GUARULHOS,07271,50,A_Frota_por_UF_Municipio_CEP_Julho_2026.xlsx
SAO PAULO,GUARULHOS,07272,62,A_Frota_por_UF_Municipio_CEP_Julho_2026.xlsx
SAO PAULO,GUARULHOS,07273,61,A_Frota_por_UF_Municipio_CEP_Julho_2026.xlsx
SAO PAULO,GUARULHOS,07283,1,A_Frota_por_UF_Municipio_CEP_Julho_2026.xlsx
SAO PAULO,GUARULHOS,07290,1,A_Frota_por_UF_Municipio_CEP_Julho_2026.xlsx
SAO PAULO,GUARULHOS,07299,1,A_Frota_por_UF_Municipio_CEP_Julho_2026.xlsx
SAO PAULO,GUARULHOS,07360,1,A_Frota_por_UF_Municipio_CEP_Julho_2026.xlsx
SAO PAULO,GUARULHOS,07401,1,A_Frota_por_UF_Municipio_CEP_Julho_2026.xlsx
SAO PAULO,GUARULHOS,07522,1,A_Frota_por_UF_Municipio_CEP_Julho_2026.xlsx
SAO PAULO,GUARULHOS,07523,2,A_Frota_por_UF_Municipio_CEP_Julho_2026.xlsx
SAO PAULO,GUARULHOS,07595,1,A_Frota_por_UF_Municipio_CEP_Julho_2026.xlsx
SAO PAULO,GUARULHOS,07727,1,A_Frota_por_UF_Municipio_CEP_Julho_2026.xlsx
SAO PAULO,GUARULHOS,07760,1,A_Frota_por_UF_Municipio_CEP_Julho_2026.xlsx
SAO PAULO,GUARULHOS,07952,1,A_Frota_por_UF_Municipio_CEP_Julho_2026.xlsx
SAO PAULO,GUARULHOS,07956,1,A_Frota_por_UF_Municipio_CEP_Julho_2026.xlsx
SAO PAULO,GUARULHOS,08550,1,A_Frota_por_UF_Municipio_CEP_Julho_2026.xlsx
SAO PAULO,GUARULHOS,08579,1,A_Frota_por_UF_Municipio_CEP_Julho_2026.xlsx
SAO PAULO,GUARULHOS,08583,2,A_Frota_por_UF_Municipio_CEP_Julho_2026.xlsx
SAO PAULO,GUARULHOS,08588,1,A_Frota_por_UF_Municipio_CEP_Julho_2026.xlsx
SAO PAULO,GUARULHOS,Sem I,119467,A_Frota_por_UF_Municipio_CEP_Julho_2026.xlsx
SAO PAULO,GUATAPARA,00000,3938,A_Frota_por_UF_Municipio_CEP_Julho_2026.xlsx
SAO PAULO,GUATAPARA,11150,1,A_Frota_por_UF_Municipio_CEP_Julho_2026.xlsx
SAO PAULO,GUATAPARA,14015,1,A_Frota_por_UF_Municipio_CEP_Julho_2026.xlsx
SAO PAULO,GUATAPARA,14115,25,A_Frota_por_UF_Municipio_CEP_Julho_2026.xlsx
SAO PAULO,GUATAPARA,Sem I,513,A_Frota_por_UF_Municipio_CEP_Julho_2026.xlsx
SAO PAULO,GUZOLANDIA,00000,2862,A_Frota_por_UF_Municipio_CEP_Julho_2026.xlsx
SAO PAULO,GUZOLANDIA,Sem I,272,A_Frota_por_UF_Municipio_CEP_Julho_2026.xlsx
SAO PAULO,HERCULANDIA,00000,6553,A_Frota_por_UF_Municipio_CEP_Julho_2026.xlsx
SAO PAULO,HERCULANDIA,17650,12,A_Frota_por_UF_Municipio_CEP_Julho_2026.xlsx
SAO PAULO,HERCULANDIA,Sem I,494,A_Frota_por_UF_Municipio_CEP_Julho_2026.xlsx
SAO PAULO,HOLAMBRA,00000,12746,A_Frota_por_UF_Municipio_CEP_Julho_2026.xlsx
SAO PAULO,HOLAMBRA,13825,102,A_Frota_por_UF_Municipio_CEP_Julho_2026.xlsx
SAO PAULO,HOLAMBRA,Sem I,1025,A_Frota_por_UF_Municipio_CEP_Julho_2026.xlsx
SAO PAULO,HORTOLANDIA,00000,145490,A_Frota_por_UF_Municipio_CEP_Julho_2026.xlsx
SAO PAULO,HORTOLANDIA,13036,1,A_Frota_por_UF_Municipio_CEP_Julho_2026.xlsx
SAO PAULO,HORTOLANDIA,13058,1,A_Frota_por_UF_Municipio_CEP_Julho_2026.xlsx
SAO PAULO,HORTOLANDIA,13064,1,A_Frota_por_UF_Municipio_CEP_Julho_2026.xlsx
SAO PAULO,HORTOLANDIA,13086,1,A_Frota_por_UF_Municipio_CEP_Julho_2026.xlsx
SAO PAULO,HORTOLANDIA,13158,1,A_Frota_por_UF_Municipio_CEP_Julho_2026.xlsx
SAO PAULO,HORTOLANDIA,13166,1,A_Frota_por_UF_Municipio_CEP_Julho_2026.xlsx
SAO PAULO,HORTOLANDIA,13170,2,A_Frota_por_UF_Municipio_CEP_Julho_2026.xlsx
SAO PAULO,HORTOLANDIA,13175,12,A_Frota_por_UF_Municipio_CEP_Julho_2026.xlsx
SAO PAULO,HORTOLANDIA,13178,1,A_Frota_por_UF_Municipio_CEP_Julho_2026.xlsx
SAO PAULO,HORTOLANDIA,13180,4,A_Frota_por_UF_Municipio_CEP_Julho_2026.xlsx
SAO PAULO,HORTOLANDIA,13181,2,A_Frota_por_UF_Municipio_CEP_Julho_2026.xlsx
SAO PAULO,HORTOLANDIA,13182,1,A_Frota_por_UF_Municipio_CEP_Julho_2026.xlsx
SAO PAULO,HORTOLANDIA,13183,377,A_Frota_por_UF_Municipio_CEP_Julho_2026.xlsx
SAO PAULO,HORTOLANDIA,13184,311,A_Frota_por_UF_Municipio_CEP_Julho_2026.xlsx
SAO PAULO,HORTOLANDIA,13185,438,A_Frota_por_UF_Municipio_CEP_Julho_2026.xlsx
SAO PAULO,HORTOLANDIA,13186,286,A_Frota_por_UF_Municipio_CEP_Julho_2026.xlsx
SAO PAULO,HORTOLANDIA,13187,132,A_Frota_por_UF_Municipio_CEP_Julho_2026.xlsx
SAO PAULO,HORTOLANDIA,13188,338,A_Frota_por_UF_Municipio_CEP_Julho_2026.xlsx
SAO PAULO,HORTOLANDIA,13189,1,A_Frota_por_UF_Municipio_CEP_Julho_2026.xlsx
SAO PAULO,HORTOLANDIA,13190,2,A_Frota_por_UF_Municipio_CEP_Julho_2026.xlsx
SAO PAULO,HORTOLANDIA,13480,1,A_Frota_por_UF_Municipio_CEP_Julho_2026.xlsx
SAO PAULO,HORTOLANDIA,14070,1,A_Frota_por_UF_Municipio_CEP_Julho_2026.xlsx
SAO PAULO,HORTOLANDIA,Sem I,16185,A_Frota_por_UF_Municipio_CEP_Julho_2026.xlsx
SAO PAULO,IACANGA,00000,7843,A_Frota_por_UF_Municipio_CEP_Julho_2026.xlsx
SAO PAULO,IACANGA,17180,43,A_Frota_por_UF_Municipio_CEP_Julho_2026.xlsx
SAO PAULO,IACANGA,Sem I,769,A_Frota_por_UF_Municipio_CEP_Julho_2026.xlsx
SAO PAULO,IACRI,00000,4062,A_Frota_por_UF_Municipio_CEP_Julho_2026.xlsx
SAO PAULO,IACRI,17680,12,A_Frota_por_UF_Municipio_CEP_Julho_2026.xlsx
SAO PAULO,IACRI,Sem I,404,A_Frota_por_UF_Municipio_CEP_Julho_2026.xlsx
SAO PAULO,IARAS,00000,3044,A_Frota_por_UF_Municipio_CEP_Julho_2026.xlsx
SAO PAULO,IARAS,18775,7,A_Frota_por_UF_Municipio_CEP_Julho_2026.xlsx
SAO PAULO,IARAS,Sem I,225,A_Frota_por_UF_Municipio_CEP_Julho_2026.xlsx
SAO PAULO,IBATE,00000,21898,A_Frota_por_UF_Municipio_CEP_Julho_2026.xlsx
SAO PAULO,IBATE,14815,153,A_Frota_por_UF_Municipio_CEP_Julho_2026.xlsx
SAO PAULO,IBATE,14817,1,A_Frota_por_UF_Municipio_CEP_Julho_2026.xlsx
SAO PAULO,IBATE,Sem I,2473,A_Frota_por_UF_Municipio_CEP_Julho_2026.xlsx
SAO PAULO,IBIRA,00000,7781,A_Frota_por_UF_Municipio_CEP_Julho_2026.xlsx
SAO PAULO,IBIRA,15860,20,A_Frota_por_UF_Municipio_CEP_Julho_2026.xlsx
SAO PAULO,IBIRA,Sem I,871,A_Frota_por_UF_Municipio_CEP_Julho_2026.xlsx
SAO PAULO,IBIRAREMA,00000,4254,A_Frota_por_UF_Municipio_CEP_Julho_2026.xlsx
SAO PAULO,IBIRAREMA,19940,13,A_Frota_por_UF_Municipio_CEP_Julho_2026.xlsx
SAO PAULO,IBIRAREMA,Sem I,448,A_Frota_por_UF_Municipio_CEP_Julho_2026.xlsx
SAO PAULO,IBITINGA,_x0000__x0000__x0000__x0000_ ,2,A_Frota_por_UF_Municipio_CEP_Julho_2026.xlsx
SAO PAULO,IBITINGA,00000,48713,A_Frota_por_UF_Municipio_CEP_Julho_2026.xlsx
SAO PAULO,IBITINGA,14940,300,A_Frota_por_UF_Municipio_CEP_Julho_2026.xlsx
SAO PAULO,IBITINGA,Sem I,5427,A_Frota_por_UF_Municipio_CEP_Julho_2026.xlsx
SAO PAULO,IBIUNA,00000,59629,A_Frota_por_UF_Municipio_CEP_Julho_2026.xlsx
SAO PAULO,IBIUNA,18150,276,A_Frota_por_UF_Municipio_CEP_Julho_2026.xlsx
SAO PAULO,IBIUNA,18155,2,A_Frota_por_UF_Municipio_CEP_Julho_2026.xlsx
SAO PAULO,IBIUNA,Sem I,6592,A_Frota_por_UF_Municipio_CEP_Julho_2026.xlsx
SAO PAULO,ICEM,00000,5137,A_Frota_por_UF_Municipio_CEP_Julho_2026.xlsx
SAO PAULO,ICEM,15460,26,A_Frota_por_UF_Municipio_CEP_Julho_2026.xlsx
SAO PAULO,ICEM,Sem I,716,A_Frota_por_UF_Municipio_CEP_Julho_2026.xlsx
SAO PAULO,IEPE,_x0000__x0000__x0000__x0000_ ,1,A_Frota_por_UF_Municipio_CEP_Julho_2026.xlsx
SAO PAULO,IEPE,00000,5002,A_Frota_por_UF_Municipio_CEP_Julho_2026.xlsx
SAO PAULO,IEPE,19640,11,A_Frota_por_UF_Municipio_CEP_Julho_2026.xlsx
SAO PAULO,IEPE,Sem I,616,A_Frota_por_UF_Municipio_CEP_Julho_2026.xlsx
SAO PAULO,IGARACU DO TIETE,00000,14256,A_Frota_por_UF_Municipio_CEP_Julho_2026.xlsx
SAO PAULO,IGARACU DO TIETE,17350,87,A_Frota_por_UF_Municipio_CEP_Julho_2026.xlsx
SAO PAULO,IGARACU DO TIETE,Sem I,1760,A_Frota_por_UF_Municipio_CEP_Julho_2026.xlsx
SAO PAULO,IGARAPAVA,_x0000__x0000__x0000__x0000_ ,2,A_Frota_por_UF_Municipio_CEP_Julho_2026.xlsx
SAO PAULO,IGARAPAVA,00000,16365,A_Frota_por_UF_Municipio_CEP_Julho_2026.xlsx
SAO PAULO,IGARAPAVA,14540,103,A_Frota_por_UF_Municipio_CEP_Julho_2026.xlsx
SAO PAULO,IGARAPAVA,15400,2,A_Frota_por_UF_Municipio_CEP_Julho_2026.xlsx
SAO PAULO,IGARAPAVA,Sem I,2293,A_Frota_por_UF_Municipio_CEP_Julho_2026.xlsx
SAO PAULO,IGARATA,00000,7601,A_Frota_por_UF_Municipio_CEP_Julho_2026.xlsx
SAO PAULO,IGARATA,12350,14,A_Frota_por_UF_Municipio_CEP_Julho_2026.xlsx
SAO PAULO,IGARATA,Sem I,888,A_Frota_por_UF_Municipio_CEP_Julho_2026.xlsx
SAO PAULO,IGUAPE,_x0000__x0000__x0000__x0000_ ,1,A_Frota_por_UF_Municipio_CEP_Julho_2026.xlsx
SAO PAULO,IGUAPE,00000,12511,A_Frota_por_UF_Municipio_CEP_Julho_2026.xlsx
SAO PAULO,IGUAPE,11920,66,A_Frota_por_UF_Municipio_CEP_Julho_2026.xlsx
SAO PAULO,IGUAPE,Sem I,1473,A_Frota_por_UF_Municipio_CEP_Julho_2026.xlsx
SAO PAULO,ILHA COMPRIDA,_x0000__x0000__x0000__x0000_ ,1,A_Frota_por_UF_Municipio_CEP_Julho_2026.xlsx
SAO PAULO,ILHA COMPRIDA,00000,7659,A_Frota_por_UF_Municipio_CEP_Julho_2026.xlsx
SAO PAULO,ILHA COMPRIDA,11925,33,A_Frota_por_UF_Municipio_CEP_Julho_2026.xlsx
SAO PAULO,ILHA COMPRIDA,Sem I,730,A_Frota_por_UF_Municipio_CEP_Julho_2026.xlsx
SAO PAULO,ILHA SOLTEIRA,00000,20028,A_Frota_por_UF_Municipio_CEP_Julho_2026.xlsx
SAO PAULO,ILHA SOLTEIRA,15385,30,A_Frota_por_UF_Municipio_CEP_Julho_2026.xlsx
SAO PAULO,ILHA SOLTEIRA,15389,2,A_Frota_por_UF_Municipio_CEP_Julho_2026.xlsx
SAO PAULO,ILHA SOLTEIRA,Sem I,2842,A_Frota_por_UF_Municipio_CEP_Julho_2026.xlsx
SAO PAULO,ILHABELA,00000,27552,A_Frota_por_UF_Municipio_CEP_Julho_2026.xlsx
SAO PAULO,ILHABELA,11630,102,A_Frota_por_UF_Municipio_CEP_Julho_2026.xlsx
SAO PAULO,ILHABELA,Sem I,1931,A_Frota_por_UF_Municipio_CEP_Julho_2026.xlsx
SAO PAULO,INDAIATUBA,00000,222864,A_Frota_por_UF_Municipio_CEP_Julho_2026.xlsx
SAO PAULO,INDAIATUBA,08550,1,A_Frota_por_UF_Municipio_CEP_Julho_2026.xlsx
SAO PAULO,INDAIATUBA,13033,1,A_Frota_por_UF_Municipio_CEP_Julho_2026.xlsx
SAO PAULO,INDAIATUBA,13046,1,A_Frota_por_UF_Municipio_CEP_Julho_2026.xlsx
SAO PAULO,INDAIATUBA,13057,1,A_Frota_por_UF_Municipio_CEP_Julho_2026.xlsx
SAO PAULO,INDAIATUBA,13133,1,A_Frota_por_UF_Municipio_CEP_Julho_2026.xlsx
SAO PAULO,INDAIATUBA,13300,1,A_Frota_por_UF_Municipio_CEP_Julho_2026.xlsx
SAO PAULO,INDAIATUBA,13321,1,A_Frota_por_UF_Municipio_CEP_Julho_2026.xlsx
SAO PAULO,INDAIATUBA,13330,724,A_Frota_por_UF_Municipio_CEP_Julho_2026.xlsx
SAO PAULO,INDAIATUBA,13331,36,A_Frota_por_UF_Municipio_CEP_Julho_2026.xlsx
SAO PAULO,INDAIATUBA,13332,40,A_Frota_por_UF_Municipio_CEP_Julho_2026.xlsx
SAO PAULO,INDAIATUBA,13333,65,A_Frota_por_UF_Municipio_CEP_Julho_2026.xlsx
SAO PAULO,INDAIATUBA,13334,76,A_Frota_por_UF_Municipio_CEP_Julho_2026.xlsx
SAO PAULO,INDAIATUBA,13335,96,A_Frota_por_UF_Municipio_CEP_Julho_2026.xlsx
SAO PAULO,INDAIATUBA,13336,22,A_Frota_por_UF_Municipio_CEP_Julho_2026.xlsx
SAO PAULO,INDAIATUBA,13337,34,A_Frota_por_UF_Municipio_CEP_Julho_2026.xlsx
SAO PAULO,INDAIATUBA,13338,158,A_Frota_por_UF_Municipio_CEP_Julho_2026.xlsx
SAO PAULO,INDAIATUBA,13339,59,A_Frota_por_UF_Municipio_CEP_Julho_2026.xlsx
SAO PAULO,INDAIATUBA,13340,71,A_Frota_por_UF_Municipio_CEP_Julho_2026.xlsx
SAO PAULO,INDAIATUBA,13341,28,A_Frota_por_UF_Municipio_CEP_Julho_2026.xlsx
SAO PAULO,INDAIATUBA,13342,15,A_Frota_por_UF_Municipio_CEP_Julho_2026.xlsx
SAO PAULO,INDAIATUBA,13343,83,A_Frota_por_UF_Municipio_CEP_Julho_2026.xlsx
SAO PAULO,INDAIATUBA,13344,100,A_Frota_por_UF_Municipio_CEP_Julho_2026.xlsx
SAO PAULO,INDAIATUBA,13345,124,A_Frota_por_UF_Municipio_CEP_Julho_2026.xlsx
SAO PAULO,INDAIATUBA,13346,168,A_Frota_por_UF_Municipio_CEP_Julho_2026.xlsx
SAO PAULO,INDAIATUBA,13347,66,A_Frota_por_UF_Municipio_CEP_Julho_2026.xlsx
SAO PAULO,INDAIATUBA,13348,367,A_Frota_por_UF_Municipio_CEP_Julho_2026.xlsx
SAO PAULO,INDAIATUBA,13349,2,A_Frota_por_UF_Municipio_CEP_Julho_2026.xlsx
SAO PAULO,INDAIATUBA,13350,1,A_Frota_por_UF_Municipio_CEP_Julho_2026.xlsx
SAO PAULO,INDAIATUBA,13370,1,A_Frota_por_UF_Municipio_CEP_Julho_2026.xlsx
SAO PAULO,INDAIATUBA,13440,1,A_Frota_por_UF_Municipio_CEP_Julho_2026.xlsx
SAO PAULO,INDAIATUBA,13454,1,A_Frota_por_UF_Municipio_CEP_Julho_2026.xlsx
SAO PAULO,INDAIATUBA,15505,1,A_Frota_por_UF_Municipio_CEP_Julho_2026.xlsx
SAO PAULO,INDAIATUBA,Sem I,24666,A_Frota_por_UF_Municipio_CEP_Julho_2026.xlsx
SAO PAULO,INDIANA,00000,3328,A_Frota_por_UF_Municipio_CEP_Julho_2026.xlsx
SAO PAULO,INDIANA,19560,13,A_Frota_por_UF_Municipio_CEP_Julho_2026.xlsx
SAO PAULO,INDIANA,Sem I,389,A_Frota_por_UF_Municipio_CEP_Julho_2026.xlsx
SAO PAULO,INDIAPORA,00000,2922,A_Frota_por_UF_Municipio_CEP_Julho_2026.xlsx
SAO PAULO,INDIAPORA,15690,4,A_Frota_por_UF_Municipio_CEP_Julho_2026.xlsx
SAO PAULO,INDIAPORA,Sem I,425,A_Frota_por_UF_Municipio_CEP_Julho_2026.xlsx
SAO PAULO,INUBIA PAULISTA,00000,2346,A_Frota_por_UF_Municipio_CEP_Julho_2026.xlsx
SAO PAULO,INUBIA PAULISTA,17760,5,A_Frota_por_UF_Municipio_CEP_Julho_2026.xlsx
SAO PAULO,INUBIA PAULISTA,Sem I,204,A_Frota_por_UF_Municipio_CEP_Julho_2026.xlsx
SAO PAULO,IPAUSSU,00000,7604,A_Frota_por_UF_Municipio_CEP_Julho_2026.xlsx
SAO PAULO,IPAUSSU,09850,1,A_Frota_por_UF_Municipio_CEP_Julho_2026.xlsx
SAO PAULO,IPAUSSU,18950,20,A_Frota_por_UF_Municipio_CEP_Julho_2026.xlsx
SAO PAULO,IPAUSSU,Sem I,796,A_Frota_por_UF_Municipio_CEP_Julho_2026.xlsx
SAO PAULO,IPERO,00000,14720,A_Frota_por_UF_Municipio_CEP_Julho_2026.xlsx
SAO PAULO,IPERO,18500,1,A_Frota_por_UF_Municipio_CEP_Julho_2026.xlsx
SAO PAULO,IPERO,18550,1,A_Frota_por_UF_Municipio_CEP_Julho_2026.xlsx
SAO PAULO,IPERO,18560,87,A_Frota_por_UF_Municipio_CEP_Julho_2026.xlsx
SAO PAULO,IPERO,Sem I,1404,A_Frota_por_UF_Municipio_CEP_Julho_2026.xlsx
SAO PAULO,IPEUNA,00000,4939,A_Frota_por_UF_Municipio_CEP_Julho_2026.xlsx
SAO PAULO,IPEUNA,13537,23,A_Frota_por_UF_Municipio_CEP_Julho_2026.xlsx
SAO PAULO,IPEUNA,Sem I,585,A_Frota_por_UF_Municipio_CEP_Julho_2026.xlsx
SAO PAULO,IPIGUA,00000,3490,A_Frota_por_UF_Municipio_CEP_Julho_2026.xlsx
SAO PAULO,IPIGUA,15108,3,A_Frota_por_UF_Municipio_CEP_Julho_2026.xlsx
SAO PAULO,IPIGUA,Sem I,210,A_Frota_por_UF_Municipio_CEP_Julho_2026.xlsx
SAO PAULO,IPORANGA,00000,1370,A_Frota_por_UF_Municipio_CEP_Julho_2026.xlsx
SAO PAULO,IPORANGA,18330,3,A_Frota_por_UF_Municipio_CEP_Julho_2026.xlsx
SAO PAULO,IPORANGA,Sem I,160,A_Frota_por_UF_Municipio_CEP_Julho_2026.xlsx
SAO PAULO,IPUA,00000,8539,A_Frota_por_UF_Municipio_CEP_Julho_2026.xlsx
SAO PAULO,IPUA,14610,22,A_Frota_por_UF_Municipio_CEP_Julho_2026.xlsx
SAO PAULO,IPUA,Sem I,1168,A_Frota_por_UF_Municipio_CEP_Julho_2026.xlsx
SAO PAULO,IRACEMAPOLIS,00000,17915,A_Frota_por_UF_Municipio_CEP_Julho_2026.xlsx
SAO PAULO,IRACEMAPOLIS,13484,1,A_Frota_por_UF_Municipio_CEP_Julho_2026.xlsx
SAO PAULO,IRACEMAPOLIS,13495,164,A_Frota_por_UF_Municipio_CEP_Julho_2026.xlsx
SAO PAULO,IRACEMAPOLIS,Sem I,2321,A_Frota_por_UF_Municipio_CEP_Julho_2026.xlsx
SAO PAULO,IRAPUA,_x0000__x0000__x0000__x0000_ ,1,A_Frota_por_UF_Municipio_CEP_Julho_2026.xlsx
SAO PAULO,IRAPUA,00000,4538,A_Frota_por_UF_Municipio_CEP_Julho_2026.xlsx
SAO PAULO,IRAPUA,14990,6,A_Frota_por_UF_Municipio_CEP_Julho_2026.xlsx
SAO PAULO,IRAPUA,Sem I,463,A_Frota_por_UF_Municipio_CEP_Julho_2026.xlsx
SAO PAULO,IRAPURU,00000,3506,A_Frota_por_UF_Municipio_CEP_Julho_2026.xlsx
SAO PAULO,IRAPURU,17880,7,A_Frota_por_UF_Municipio_CEP_Julho_2026.xlsx
SAO PAULO,IRAPURU,Sem I,515,A_Frota_por_UF_Municipio_CEP_Julho_2026.xlsx
SAO PAULO,ITABERA,_x0000__x0000__x0000__x0000_ ,1,A_Frota_por_UF_Municipio_CEP_Julho_2026.xlsx
SAO PAULO,ITABERA,00000,11189,A_Frota_por_UF_Municipio_CEP_Julho_2026.xlsx
SAO PAULO,ITABERA,18440,20,A_Frota_por_UF_Municipio_CEP_Julho_2026.xlsx
SAO PAULO,ITABERA,Sem I,830,A_Frota_por_UF_Municipio_CEP_Julho_2026.xlsx
SAO PAULO,ITAI,00000,16114,A_Frota_por_UF_Municipio_CEP_Julho_2026.xlsx
SAO PAULO,ITAI,18730,35,A_Frota_por_UF_Municipio_CEP_Julho_2026.xlsx
SAO PAULO,ITAI,Sem I,1643,A_Frota_por_UF_Municipio_CEP_Julho_2026.xlsx
SAO PAULO,ITAJOBI,00000,13570,A_Frota_por_UF_Municipio_CEP_Julho_2026.xlsx
SAO PAULO,ITAJOBI,15840,28,A_Frota_por_UF_Municipio_CEP_Julho_2026.xlsx
SAO PAULO,ITAJOBI,Sem I,1420,A_Frota_por_UF_Municipio_CEP_Julho_2026.xlsx
SAO PAULO,ITAJU,00000,1911,A_Frota_por_UF_Municipio_CEP_Julho_2026.xlsx
SAO PAULO,ITAJU,Sem I,200,A_Frota_por_UF_Municipio_CEP_Julho_2026.xlsx
SAO PAULO,ITANHAEM,00000,57118,A_Frota_por_UF_Municipio_CEP_Julho_2026.xlsx
SAO PAULO,ITANHAEM,05327,1,A_Frota_por_UF_Municipio_CEP_Julho_2026.xlsx
SAO PAULO,ITANHAEM,11740,746,A_Frota_por_UF_Municipio_CEP_Julho_2026.xlsx
SAO PAULO,ITANHAEM,11741,1,A_Frota_por_UF_Municipio_CEP_Julho_2026.xlsx
SAO PAULO,ITANHAEM,11744,1,A_Frota_por_UF_Municipio_CEP_Julho_2026.xlsx
SAO PAULO,ITANHAEM,17400,2,A_Frota_por_UF_Municipio_CEP_Julho_2026.xlsx
SAO PAULO,ITANHAEM,Sem I,6017,A_Frota_por_UF_Municipio_CEP_Julho_2026.xlsx
SAO PAULO,ITAOCA,00000,1404,A_Frota_por_UF_Municipio_CEP_Julho_2026.xlsx
SAO PAULO,ITAOCA,18360,2,A_Frota_por_UF_Municipio_CEP_Julho_2026.xlsx
SAO PAULO,ITAOCA,Sem I,82,A_Frota_por_UF_Municipio_CEP_Julho_2026.xlsx
SAO PAULO,ITAPECERICA DA SERRA,_x0000__x0000__x0000__x0000_ ,6,A_Frota_por_UF_Municipio_CEP_Julho_2026.xlsx
SAO PAULO,ITAPECERICA DA SERRA,00000,89928,A_Frota_por_UF_Municipio_CEP_Julho_2026.xlsx
SAO PAULO,ITAPECERICA DA SERRA,06545,1,A_Frota_por_UF_Municipio_CEP_Julho_2026.xlsx
SAO PAULO,ITAPECERICA DA SERRA,06843,1,A_Frota_por_UF_Municipio_CEP_Julho_2026.xlsx
SAO PAULO,ITAPECERICA DA SERRA,06850,154,A_Frota_por_UF_Municipio_CEP_Julho_2026.xlsx
SAO PAULO,ITAPECERICA DA SERRA,06851,33,A_Frota_por_UF_Municipio_CEP_Julho_2026.xlsx
SAO PAULO,ITAPECERICA DA SERRA,06852,76,A_Frota_por_UF_Municipio_CEP_Julho_2026.xlsx
SAO PAULO,ITAPECERICA DA SERRA,06853,38,A_Frota_por_UF_Municipio_CEP_Julho_2026.xlsx
SAO PAULO,ITAPECERICA DA SERRA,06854,9,A_Frota_por_UF_Municipio_CEP_Julho_2026.xlsx
SAO PAULO,ITAPECERICA DA SERRA,06855,27,A_Frota_por_UF_Municipio_CEP_Julho_2026.xlsx
SAO PAULO,ITAPECERICA DA SERRA,06856,33,A_Frota_por_UF_Municipio_CEP_Julho_2026.xlsx
SAO PAULO,ITAPECERICA DA SERRA,06857,39,A_Frota_por_UF_Municipio_CEP_Julho_2026.xlsx
SAO PAULO,ITAPECERICA DA SERRA,06858,4,A_Frota_por_UF_Municipio_CEP_Julho_2026.xlsx
SAO PAULO,ITAPECERICA DA SERRA,06859,20,A_Frota_por_UF_Municipio_CEP_Julho_2026.xlsx
SAO PAULO,ITAPECERICA DA SERRA,06860,7,A_Frota_por_UF_Municipio_CEP_Julho_2026.xlsx
SAO PAULO,ITAPECERICA DA SERRA,06861,1,A_Frota_por_UF_Municipio_CEP_Julho_2026.xlsx
SAO PAULO,ITAPECERICA DA SERRA,06863,16,A_Frota_por_UF_Municipio_CEP_Julho_2026.xlsx
SAO PAULO,ITAPECERICA DA SERRA,06864,54,A_Frota_por_UF_Municipio_CEP_Julho_2026.xlsx
SAO PAULO,ITAPECERICA DA SERRA,06865,14,A_Frota_por_UF_Municipio_CEP_Julho_2026.xlsx
SAO PAULO,ITAPECERICA DA SERRA,06866,24,A_Frota_por_UF_Municipio_CEP_Julho_2026.xlsx
SAO PAULO,ITAPECERICA DA SERRA,06867,20,A_Frota_por_UF_Municipio_CEP_Julho_2026.xlsx
SAO PAULO,ITAPECERICA DA SERRA,06868,3,A_Frota_por_UF_Municipio_CEP_Julho_2026.xlsx
SAO PAULO,ITAPECERICA DA SERRA,06869,1,A_Frota_por_UF_Municipio_CEP_Julho_2026.xlsx
SAO PAULO,ITAPECERICA DA SERRA,06870,39,A_Frota_por_UF_Municipio_CEP_Julho_2026.xlsx
SAO PAULO,ITAPECERICA DA SERRA,06871,39,A_Frota_por_UF_Municipio_CEP_Julho_2026.xlsx
SAO PAULO,ITAPECERICA DA SERRA,06872,9,A_Frota_por_UF_Municipio_CEP_Julho_2026.xlsx
SAO PAULO,ITAPECERICA DA SERRA,06874,3,A_Frota_por_UF_Municipio_CEP_Julho_2026.xlsx
SAO PAULO,ITAPECERICA DA SERRA,06876,1,A_Frota_por_UF_Municipio_CEP_Julho_2026.xlsx
SAO PAULO,ITAPECERICA DA SERRA,06877,1,A_Frota_por_UF_Municipio_CEP_Julho_2026.xlsx
SAO PAULO,ITAPECERICA DA SERRA,06880,2,A_Frota_por_UF_Municipio_CEP_Julho_2026.xlsx
SAO PAULO,ITAPECERICA DA SERRA,06881,4,A_Frota_por_UF_Municipio_CEP_Julho_2026.xlsx
SAO PAULO,ITAPECERICA DA SERRA,06882,35,A_Frota_por_UF_Municipio_CEP_Julho_2026.xlsx
SAO PAULO,ITAPECERICA DA SERRA,06885,3,A_Frota_por_UF_Municipio_CEP_Julho_2026.xlsx
SAO PAULO,ITAPECERICA DA SERRA,06886,2,A_Frota_por_UF_Municipio_CEP_Julho_2026.xlsx
SAO PAULO,ITAPECERICA DA SERRA,06887,8,A_Frota_por_UF_Municipio_CEP_Julho_2026.xlsx
SAO PAULO,ITAPECERICA DA SERRA,06888,3,A_Frota_por_UF_Municipio_CEP_Julho_2026.xlsx
SAO PAULO,ITAPECERICA DA SERRA,Sem I,11358,A_Frota_por_UF_Municipio_CEP_Julho_2026.xlsx
SAO PAULO,ITAPETININGA,_x0000__x0000__x0000__x0000_ ,5,A_Frota_por_UF_Municipio_CEP_Julho_2026.xlsx
SAO PAULO,ITAPETININGA,00000,109292,A_Frota_por_UF_Municipio_CEP_Julho_2026.xlsx
SAO PAULO,ITAPETININGA,18000,1,A_Frota_por_UF_Municipio_CEP_Julho_2026.xlsx
SAO PAULO,ITAPETININGA,18200,253,A_Frota_por_UF_Municipio_CEP_Julho_2026.xlsx
SAO PAULO,ITAPETININGA,18201,54,A_Frota_por_UF_Municipio_CEP_Julho_2026.xlsx
SAO PAULO,ITAPETININGA,18202,23,A_Frota_por_UF_Municipio_CEP_Julho_2026.xlsx
SAO PAULO,ITAPETININGA,18203,45,A_Frota_por_UF_Municipio_CEP_Julho_2026.xlsx
SAO PAULO,ITAPETININGA,18204,3,A_Frota_por_UF_Municipio_CEP_Julho_2026.xlsx
SAO PAULO,ITAPETININGA,18205,36,A_Frota_por_UF_Municipio_CEP_Julho_2026.xlsx
SAO PAULO,ITAPETININGA,18206,20,A_Frota_por_UF_Municipio_CEP_Julho_2026.xlsx
SAO PAULO,ITAPETININGA,18207,58,A_Frota_por_UF_Municipio_CEP_Julho_2026.xlsx
SAO PAULO,ITAPETININGA,18208,48,A_Frota_por_UF_Municipio_CEP_Julho_2026.xlsx
SAO PAULO,ITAPETININGA,18209,54,A_Frota_por_UF_Municipio_CEP_Julho_2026.xlsx
SAO PAULO,ITAPETININGA,18210,24,A_Frota_por_UF_Municipio_CEP_Julho_2026.xlsx
SAO PAULO,ITAPETININGA,18211,40,A_Frota_por_UF_Municipio_CEP_Julho_2026.xlsx
SAO PAULO,ITAPETININGA,18212,40,A_Frota_por_UF_Municipio_CEP_Julho_2026.xlsx
SAO PAULO,ITAPETININGA,18213,45,A_Frota_por_UF_Municipio_CEP_Julho_2026.xlsx
SAO PAULO,ITAPETININGA,18214,38,A_Frota_por_UF_Municipio_CEP_Julho_2026.xlsx
SAO PAULO,ITAPETININGA,18215,9,A_Frota_por_UF_Municipio_CEP_Julho_2026.xlsx
SAO PAULO,ITAPETININGA,18217,8,A_Frota_por_UF_Municipio_CEP_Julho_2026.xlsx
SAO PAULO,ITAPETININGA,18218,2,A_Frota_por_UF_Municipio_CEP_Julho_2026.xlsx
SAO PAULO,ITAPETININGA,18230,1,A_Frota_por_UF_Municipio_CEP_Julho_2026.xlsx
SAO PAULO,ITAPETININGA,18240,1,A_Frota_por_UF_Municipio_CEP_Julho_2026.xlsx
SAO PAULO,ITAPETININGA,Sem I,14449,A_Frota_por_UF_Municipio_CEP_Julho_2026.xlsx
SAO PAULO,ITAPEVA,_x0000__x0000__x0000__x0000_ ,2,A_Frota_por_UF_Municipio_CEP_Julho_2026.xlsx
SAO PAULO,ITAPEVA,00000,67216,A_Frota_por_UF_Municipio_CEP_Julho_2026.xlsx
SAO PAULO,ITAPEVA,18400,152,A_Frota_por_UF_Municipio_CEP_Julho_2026.xlsx
SAO PAULO,ITAPEVA,18401,32,A_Frota_por_UF_Municipio_CEP_Julho_2026.xlsx
SAO PAULO,ITAPEVA,18403,5,A_Frota_por_UF_Municipio_CEP_Julho_2026.xlsx
SAO PAULO,ITAPEVA,18404,11,A_Frota_por_UF_Municipio_CEP_Julho_2026.xlsx
SAO PAULO,ITAPEVA,18405,21,A_Frota_por_UF_Municipio_CEP_Julho_2026.xlsx
SAO PAULO,ITAPEVA,18406,15,A_Frota_por_UF_Municipio_CEP_Julho_2026.xlsx
SAO PAULO,ITAPEVA,18407,12,A_Frota_por_UF_Municipio_CEP_Julho_2026.xlsx
SAO PAULO,ITAPEVA,18408,10,A_Frota_por_UF_Municipio_CEP_Julho_2026.xlsx
SAO PAULO,ITAPEVA,18409,20,A_Frota_por_UF_Municipio_CEP_Julho_2026.xlsx
SAO PAULO,ITAPEVA,18410,18,A_Frota_por_UF_Municipio_CEP_Julho_2026.xlsx
SAO PAULO,ITAPEVA,18411,11,A_Frota_por_UF_Municipio_CEP_Julho_2026.xlsx
SAO PAULO,ITAPEVA,18412,3,A_Frota_por_UF_Municipio_CEP_Julho_2026.xlsx
SAO PAULO,ITAPEVA,Sem I,7974,A_Frota_por_UF_Municipio_CEP_Julho_2026.xlsx
SAO PAULO,ITAPEVI,_x0000__x0000__x0000__x0000_ ,3,A_Frota_por_UF_Municipio_CEP_Julho_2026.xlsx
SAO PAULO,ITAPEVI,00000,115784,A_Frota_por_UF_Municipio_CEP_Julho_2026.xlsx
SAO PAULO,ITAPEVI,06353,1,A_Frota_por_UF_Municipio_CEP_Julho_2026.xlsx
SAO PAULO,ITAPEVI,06413,1,A_Frota_por_UF_Municipio_CEP_Julho_2026.xlsx
SAO PAULO,ITAPEVI,06454,2,A_Frota_por_UF_Municipio_CEP_Julho_2026.xlsx
SAO PAULO,ITAPEVI,06515,1,A_Frota_por_UF_Municipio_CEP_Julho_2026.xlsx
SAO PAULO,ITAPEVI,06600,1,A_Frota_por_UF_Municipio_CEP_Julho_2026.xlsx
SAO PAULO,ITAPEVI,06607,1,A_Frota_por_UF_Municipio_CEP_Julho_2026.xlsx
SAO PAULO,ITAPEVI,06650,116,A_Frota_por_UF_Municipio_CEP_Julho_2026.xlsx
SAO PAULO,ITAPEVI,06653,69,A_Frota_por_UF_Municipio_CEP_Julho_2026.xlsx
SAO PAULO,ITAPEVI,06654,90,A_Frota_por_UF_Municipio_CEP_Julho_2026.xlsx
SAO PAULO,ITAPEVI,06655,65,A_Frota_por_UF_Municipio_CEP_Julho_2026.xlsx
SAO PAULO,ITAPEVI,06656,64,A_Frota_por_UF_Municipio_CEP_Julho_2026.xlsx
SAO PAULO,ITAPEVI,06657,77,A_Frota_por_UF_Municipio_CEP_Julho_2026.xlsx
SAO PAULO,ITAPEVI,06660,84,A_Frota_por_UF_Municipio_CEP_Julho_2026.xlsx
SAO PAULO,ITAPEVI,06663,158,A_Frota_por_UF_Municipio_CEP_Julho_2026.xlsx
SAO PAULO,ITAPEVI,06665,60,A_Frota_por_UF_Municipio_CEP_Julho_2026.xlsx
SAO PAULO,ITAPEVI,06666,2,A_Frota_por_UF_Municipio_CEP_Julho_2026.xlsx
SAO PAULO,ITAPEVI,06667,2,A_Frota_por_UF_Municipio_CEP_Julho_2026.xlsx
SAO PAULO,ITAPEVI,06669,6,A_Frota_por_UF_Municipio_CEP_Julho_2026.xlsx
SAO PAULO,ITAPEVI,06670,16,A_Frota_por_UF_Municipio_CEP_Julho_2026.xlsx
SAO PAULO,ITAPEVI,06675,16,A_Frota_por_UF_Municipio_CEP_Julho_2026.xlsx
SAO PAULO,ITAPEVI,06680,61,A_Frota_por_UF_Municipio_CEP_Julho_2026.xlsx
SAO PAULO,ITAPEVI,06683,33,A_Frota_por_UF_Municipio_CEP_Julho_2026.xlsx
SAO PAULO,ITAPEVI,06685,17,A_Frota_por_UF_Municipio_CEP_Julho_2026.xlsx
SAO PAULO,ITAPEVI,06689,1,A_Frota_por_UF_Municipio_CEP_Julho_2026.xlsx
SAO PAULO,ITAPEVI,06690,14,A_Frota_por_UF_Municipio_CEP_Julho_2026.xlsx
SAO PAULO,ITAPEVI,06693,78,A_Frota_por_UF_Municipio_CEP_Julho_2026.xlsx
SAO PAULO,ITAPEVI,06694,49,A_Frota_por_UF_Municipio_CEP_Julho_2026.xlsx
SAO PAULO,ITAPEVI,06695,36,A_Frota_por_UF_Municipio_CEP_Julho_2026.xlsx
SAO PAULO,ITAPEVI,06696,140,A_Frota_por_UF_Municipio_CEP_Julho_2026.xlsx
SAO PAULO,ITAPEVI,06885,1,A_Frota_por_UF_Municipio_CEP_Julho_2026.xlsx
SAO PAULO,ITAPEVI,Sem I,15299,A_Frota_por_UF_Municipio_CEP_Julho_2026.xlsx
SAO PAULO,ITAPIRA,00000,58722,A_Frota_por_UF_Municipio_CEP_Julho_2026.xlsx
SAO PAULO,ITAPIRA,13970,177,A_Frota_por_UF_Municipio_CEP_Julho_2026.xlsx
SAO PAULO,ITAPIRA,13971,12,A_Frota_por_UF_Municipio_CEP_Julho_2026.xlsx
SAO PAULO,ITAPIRA,13972,54,A_Frota_por_UF_Municipio_CEP_Julho_2026.xlsx
SAO PAULO,ITAPIRA,13973,16,A_Frota_por_UF_Municipio_CEP_Julho_2026.xlsx
SAO PAULO,ITAPIRA,13974,10,A_Frota_por_UF_Municipio_CEP_Julho_2026.xlsx
SAO PAULO,ITAPIRA,13975,2,A_Frota_por_UF_Municipio_CEP_Julho_2026.xlsx
SAO PAULO,ITAPIRA,13976,22,A_Frota_por_UF_Municipio_CEP_Julho_2026.xlsx
SAO PAULO,ITAPIRA,13986,208,A_Frota_por_UF_Municipio_CEP_Julho_2026.xlsx
SAO PAULO,ITAPIRA,Sem I,9182,A_Frota_por_UF_Municipio_CEP_Julho_2026.xlsx
SAO PAULO,ITAPIRAPUA PAULISTA,00000,1928,A_Frota_por_UF_Municipio_CEP_Julho_2026.xlsx
SAO PAULO,ITAPIRAPUA PAULISTA,18385,4,A_Frota_por_UF_Municipio_CEP_Julho_2026.xlsx
SAO PAULO,ITAPIRAPUA PAULISTA,Sem I,131,A_Frota_por_UF_Municipio_CEP_Julho_2026.xlsx
SAO PAULO,ITAPOLIS,00000,34589,A_Frota_por_UF_Municipio_CEP_Julho_2026.xlsx
SAO PAULO,ITAPOLIS,14900,83,A_Frota_por_UF_Municipio_CEP_Julho_2026.xlsx
SAO PAULO,ITAPOLIS,Sem I,4606,A_Frota_por_UF_Municipio_CEP_Julho_2026.xlsx
SAO PAULO,ITAPORANGA,00000,8608,A_Frota_por_UF_Municipio_CEP_Julho_2026.xlsx
SAO PAULO,ITAPORANGA,18480,16,A_Frota_por_UF_Municipio_CEP_Julho_2026.xlsx
SAO PAULO,ITAPORANGA,Sem I,816,A_Frota_por_UF_Municipio_CEP_Julho_2026.xlsx
SAO PAULO,ITAPUI,00000,8284,A_Frota_por_UF_Municipio_CEP_Julho_2026.xlsx
SAO PAULO,ITAPUI,17230,44,A_Frota_por_UF_Municipio_CEP_Julho_2026.xlsx
SAO PAULO,ITAPUI,17232,1,A_Frota_por_UF_Municipio_CEP_Julho_2026.xlsx
SAO PAULO,ITAPUI,Sem I,951,A_Frota_por_UF_Municipio_CEP_Julho_2026.xlsx
SAO PAULO,ITAPURA,00000,2045,A_Frota_por_UF_Municipio_CEP_Julho_2026.xlsx
SAO PAULO,ITAPURA,15390,7,A_Frota_por_UF_Municipio_CEP_Julho_2026.xlsx
SAO PAULO,ITAPURA,Sem I,176,A_Frota_por_UF_Municipio_CEP_Julho_2026.xlsx
SAO PAULO,ITAQUAQUECETUBA,00000,163749,A_Frota_por_UF_Municipio_CEP_Julho_2026.xlsx
SAO PAULO,ITAQUAQUECETUBA,06454,1,A_Frota_por_UF_Municipio_CEP_Julho_2026.xlsx
SAO PAULO,ITAQUAQUECETUBA,08500,3,A_Frota_por_UF_Municipio_CEP_Julho_2026.xlsx
SAO PAULO,ITAQUAQUECETUBA,08539,1,A_Frota_por_UF_Municipio_CEP_Julho_2026.xlsx
SAO PAULO,ITAQUAQUECETUBA,08540,1,A_Frota_por_UF_Municipio_CEP_Julho_2026.xlsx
SAO PAULO,ITAQUAQUECETUBA,08550,1,A_Frota_por_UF_Municipio_CEP_Julho_2026.xlsx
SAO PAULO,ITAQUAQUECETUBA,08557,2,A_Frota_por_UF_Municipio_CEP_Julho_2026.xlsx
SAO PAULO,ITAQUAQUECETUBA,08563,1,A_Frota_por_UF_Municipio_CEP_Julho_2026.xlsx
SAO PAULO,ITAQUAQUECETUBA,08566,1,A_Frota_por_UF_Municipio_CEP_Julho_2026.xlsx
SAO PAULO,ITAQUAQUECETUBA,08570,132,A_Frota_por_UF_Municipio_CEP_Julho_2026.xlsx
SAO PAULO,ITAQUAQUECETUBA,08571,10,A_Frota_por_UF_Municipio_CEP_Julho_2026.xlsx
SAO PAULO,ITAQUAQUECETUBA,08572,102,A_Frota_por_UF_Municipio_CEP_Julho_2026.xlsx
SAO PAULO,ITAQUAQUECETUBA,08573,75,A_Frota_por_UF_Municipio_CEP_Julho_2026.xlsx
SAO PAULO,ITAQUAQUECETUBA,08574,78,A_Frota_por_UF_Municipio_CEP_Julho_2026.xlsx
SAO PAULO,ITAQUAQUECETUBA,08575,77,A_Frota_por_UF_Municipio_CEP_Julho_2026.xlsx
SAO PAULO,ITAQUAQUECETUBA,08576,84,A_Frota_por_UF_Municipio_CEP_Julho_2026.xlsx
SAO PAULO,ITAQUAQUECETUBA,08577,160,A_Frota_por_UF_Municipio_CEP_Julho_2026.xlsx
SAO PAULO,ITAQUAQUECETUBA,08578,2,A_Frota_por_UF_Municipio_CEP_Julho_2026.xlsx
SAO PAULO,ITAQUAQUECETUBA,08579,32,A_Frota_por_UF_Municipio_CEP_Julho_2026.xlsx
SAO PAULO,ITAQUAQUECETUBA,08580,106,A_Frota_por_UF_Municipio_CEP_Julho_2026.xlsx
SAO PAULO,ITAQUAQUECETUBA,08581,45,A_Frota_por_UF_Municipio_CEP_Julho_2026.xlsx
SAO PAULO,ITAQUAQUECETUBA,08582,16,A_Frota_por_UF_Municipio_CEP_Julho_2026.xlsx
SAO PAULO,ITAQUAQUECETUBA,08583,44,A_Frota_por_UF_Municipio_CEP_Julho_2026.xlsx
SAO PAULO,ITAQUAQUECETUBA,08584,59,A_Frota_por_UF_Municipio_CEP_Julho_2026.xlsx
SAO PAULO,ITAQUAQUECETUBA,08585,1,A_Frota_por_UF_Municipio_CEP_Julho_2026.xlsx
SAO PAULO,ITAQUAQUECETUBA,08586,51,A_Frota_por_UF_Municipio_CEP_Julho_2026.xlsx
SAO PAULO,ITAQUAQUECETUBA,08587,44,A_Frota_por_UF_Municipio_CEP_Julho_2026.xlsx
SAO PAULO,ITAQUAQUECETUBA,08588,76,A_Frota_por_UF_Municipio_CEP_Julho_2026.xlsx
SAO PAULO,ITAQUAQUECETUBA,08589,46,A_Frota_por_UF_Municipio_CEP_Julho_2026.xlsx
SAO PAULO,ITAQUAQUECETUBA,08590,11,A_Frota_por_UF_Municipio_CEP_Julho_2026.xlsx
SAO PAULO,ITAQUAQUECETUBA,08591,3,A_Frota_por_UF_Municipio_CEP_Julho_2026.xlsx
SAO PAULO,ITAQUAQUECETUBA,08592,19,A_Frota_por_UF_Municipio_CEP_Julho_2026.xlsx
SAO PAULO,ITAQUAQUECETUBA,08593,13,A_Frota_por_UF_Municipio_CEP_Julho_2026.xlsx
SAO PAULO,ITAQUAQUECETUBA,08594,45,A_Frota_por_UF_Municipio_CEP_Julho_2026.xlsx
SAO PAULO,ITAQUAQUECETUBA,08595,41,A_Frota_por_UF_Municipio_CEP_Julho_2026.xlsx
SAO PAULO,ITAQUAQUECETUBA,08596,24,A_Frota_por_UF_Municipio_CEP_Julho_2026.xlsx
SAO PAULO,ITAQUAQUECETUBA,08597,64,A_Frota_por_UF_Municipio_CEP_Julho_2026.xlsx
SAO PAULO,ITAQUAQUECETUBA,08598,128,A_Frota_por_UF_Municipio_CEP_Julho_2026.xlsx
SAO PAULO,ITAQUAQUECETUBA,08599,72,A_Frota_por_UF_Municipio_CEP_Julho_2026.xlsx
SAO PAULO,ITAQUAQUECETUBA,08895,1,A_Frota_por_UF_Municipio_CEP_Julho_2026.xlsx
SAO PAULO,ITAQUAQUECETUBA,Sem I,13729,A_Frota_por_UF_Municipio_CEP_Julho_2026.xlsx
SAO PAULO,ITARARE,00000,27706,A_Frota_por_UF_Municipio_CEP_Julho_2026.xlsx
SAO PAULO,ITARARE,18460,90,A_Frota_por_UF_Municipio_CEP_Julho_2026.xlsx
SAO PAULO,ITARARE,Sem I,3102,A_Frota_por_UF_Municipio_CEP_Julho_2026.xlsx
SAO PAULO,ITARIRI,00000,5869,A_Frota_por_UF_Municipio_CEP_Julho_2026.xlsx
SAO PAULO,ITARIRI,11760,37,A_Frota_por_UF_Municipio_CEP_Julho_2026.xlsx
SAO PAULO,ITARIRI,11770,3,A_Frota_por_UF_Municipio_CEP_Julho_2026.xlsx
SAO PAULO,ITARIRI,Sem I,741,A_Frota_por_UF_Municipio_CEP_Julho_2026.xlsx
SAO PAULO,ITATIBA,00000,90591,A_Frota_por_UF_Municipio_CEP_Julho_2026.xlsx
SAO PAULO,ITATIBA,08557,1,A_Frota_por_UF_Municipio_CEP_Julho_2026.xlsx
SAO PAULO,ITATIBA,13200,1,A_Frota_por_UF_Municipio_CEP_Julho_2026.xlsx
SAO PAULO,ITATIBA,13201,1,A_Frota_por_UF_Municipio_CEP_Julho_2026.xlsx
SAO PAULO,ITATIBA,13240,1,A_Frota_por_UF_Municipio_CEP_Julho_2026.xlsx
SAO PAULO,ITATIBA,13250,199,A_Frota_por_UF_Municipio_CEP_Julho_2026.xlsx
SAO PAULO,ITATIBA,13251,86,A_Frota_por_UF_Municipio_CEP_Julho_2026.xlsx
SAO PAULO,ITATIBA,13252,73,A_Frota_por_UF_Municipio_CEP_Julho_2026.xlsx
SAO PAULO,ITATIBA,13253,163,A_Frota_por_UF_Municipio_CEP_Julho_2026.xlsx
SAO PAULO,ITATIBA,13254,118,A_Frota_por_UF_Municipio_CEP_Julho_2026.xlsx
SAO PAULO,ITATIBA,13255,169,A_Frota_por_UF_Municipio_CEP_Julho_2026.xlsx
SAO PAULO,ITATIBA,13256,147,A_Frota_por_UF_Municipio_CEP_Julho_2026.xlsx
SAO PAULO,ITATIBA,13257,97,A_Frota_por_UF_Municipio_CEP_Julho_2026.xlsx
SAO PAULO,ITATIBA,13258,1,A_Frota_por_UF_Municipio_CEP_Julho_2026.xlsx
SAO PAULO,ITATIBA,13260,1,A_Frota_por_UF_Municipio_CEP_Julho_2026.xlsx
SAO PAULO,ITATIBA,Sem I,11496,A_Frota_por_UF_Municipio_CEP_Julho_2026.xlsx
SAO PAULO,ITATINGA,00000,11300,A_Frota_por_UF_Municipio_CEP_Julho_2026.xlsx
SAO PAULO,ITATINGA,18690,51,A_Frota_por_UF_Municipio_CEP_Julho_2026.xlsx
SAO PAULO,ITATINGA,Sem I,1254,A_Frota_por_UF_Municipio_CEP_Julho_2026.xlsx
SAO PAULO,ITIRAPINA,00000,10319,A_Frota_por_UF_Municipio_CEP_Julho_2026.xlsx
SAO PAULO,ITIRAPINA,13530,50,A_Frota_por_UF_Municipio_CEP_Julho_2026.xlsx
SAO PAULO,ITIRAPINA,Sem I,1332,A_Frota_por_UF_Municipio_CEP_Julho_2026.xlsx
SAO PAULO,ITIRAPUA,00000,3430,A_Frota_por_UF_Municipio_CEP_Julho_2026.xlsx
SAO PAULO,ITIRAPUA,14420,4,A_Frota_por_UF_Municipio_CEP_Julho_2026.xlsx
SAO PAULO,ITIRAPUA,Sem I,381,A_Frota_por_UF_Municipio_CEP_Julho_2026.xlsx
SAO PAULO,ITOBI,00000,5280,A_Frota_por_UF_Municipio_CEP_Julho_2026.xlsx
SAO PAULO,ITOBI,13715,19,A_Frota_por_UF_Municipio_CEP_Julho_2026.xlsx
SAO PAULO,ITOBI,Sem I,491,A_Frota_por_UF_Municipio_CEP_Julho_2026.xlsx
SAO PAULO,ITU,_x0000__x0000__x0000__x0000_ ,5,A_Frota_por_UF_Municipio_CEP_Julho_2026.xlsx
SAO PAULO,ITU,00000,130599,A_Frota_por_UF_Municipio_CEP_Julho_2026.xlsx
SAO PAULO,ITU,13000,2,A_Frota_por_UF_Municipio_CEP_Julho_2026.xlsx
SAO PAULO,ITU,13300,423,A_Frota_por_UF_Municipio_CEP_Julho_2026.xlsx
SAO PAULO,ITU,13301,179,A_Frota_por_UF_Municipio_CEP_Julho_2026.xlsx
SAO PAULO,ITU,13302,15,A_Frota_por_UF_Municipio_CEP_Julho_2026.xlsx
SAO PAULO,ITU,13303,7,A_Frota_por_UF_Municipio_CEP_Julho_2026.xlsx
SAO PAULO,ITU,13304,224,A_Frota_por_UF_Municipio_CEP_Julho_2026.xlsx
SAO PAULO,ITU,13305,20,A_Frota_por_UF_Municipio_CEP_Julho_2026.xlsx
SAO PAULO,ITU,13306,88,A_Frota_por_UF_Municipio_CEP_Julho_2026.xlsx
SAO PAULO,ITU,13307,16,A_Frota_por_UF_Municipio_CEP_Julho_2026.xlsx
SAO PAULO,ITU,13308,162,A_Frota_por_UF_Municipio_CEP_Julho_2026.xlsx
SAO PAULO,ITU,13309,185,A_Frota_por_UF_Municipio_CEP_Julho_2026.xlsx
SAO PAULO,ITU,13310,153,A_Frota_por_UF_Municipio_CEP_Julho_2026.xlsx
SAO PAULO,ITU,13311,123,A_Frota_por_UF_Municipio_CEP_Julho_2026.xlsx
SAO PAULO,ITU,13312,42,A_Frota_por_UF_Municipio_CEP_Julho_2026.xlsx
SAO PAULO,ITU,13313,75,A_Frota_por_UF_Municipio_CEP_Julho_2026.xlsx
SAO PAULO,ITU,13314,4,A_Frota_por_UF_Municipio_CEP_Julho_2026.xlsx
SAO PAULO,ITU,13333,1,A_Frota_por_UF_Municipio_CEP_Julho_2026.xlsx
SAO PAULO,ITU,18540,1,A_Frota_por_UF_Municipio_CEP_Julho_2026.xlsx
SAO PAULO,ITU,Sem I,18979,A_Frota_por_UF_Municipio_CEP_Julho_2026.xlsx
SAO PAULO,ITUPEVA,00000,52826,A_Frota_por_UF_Municipio_CEP_Julho_2026.xlsx
SAO PAULO,ITUPEVA,12395,2,A_Frota_por_UF_Municipio_CEP_Julho_2026.xlsx
SAO PAULO,ITUPEVA,13295,586,A_Frota_por_UF_Municipio_CEP_Julho_2026.xlsx
SAO PAULO,ITUPEVA,13298,2,A_Frota_por_UF_Municipio_CEP_Julho_2026.xlsx
SAO PAULO,ITUPEVA,Sem I,3320,A_Frota_por_UF_Municipio_CEP_Julho_2026.xlsx
SAO PAULO,ITUVERAVA,_x0000__x0000__x0000__x0000_ ,1,A_Frota_por_UF_Municipio_CEP_Julho_2026.xlsx
SAO PAULO,ITUVERAVA,00000,27975,A_Frota_por_UF_Municipio_CEP_Julho_2026.xlsx
SAO PAULO,ITUVERAVA,14500,86,A_Frota_por_UF_Municipio_CEP_Julho_2026.xlsx
SAO PAULO,ITUVERAVA,Sem I,4157,A_Frota_por_UF_Municipio_CEP_Julho_2026.xlsx
SAO PAULO,JABORANDI,00000,4544,A_Frota_por_UF_Municipio_CEP_Julho_2026.xlsx
SAO PAULO,JABORANDI,14775,10,A_Frota_por_UF_Municipio_CEP_Julho_2026.xlsx
SAO PAULO,JABORANDI,Sem I,442,A_Frota_por_UF_Municipio_CEP_Julho_2026.xlsx
SAO PAULO,JABOTICABAL,_x0000__x0000__x0000__x0000_ ,2,A_Frota_por_UF_Municipio_CEP_Julho_2026.xlsx
SAO PAULO,JABOTICABAL,-2,1,A_Frota_por_UF_Municipio_CEP_Julho_2026.xlsx
SAO PAULO,JABOTICABAL,00000,58610,A_Frota_por_UF_Municipio_CEP_Julho_2026.xlsx
SAO PAULO,JABOTICABAL,06029,3,A_Frota_por_UF_Municipio_CEP_Julho_2026.xlsx
SAO PAULO,JABOTICABAL,09710,1,A_Frota_por_UF_Municipio_CEP_Julho_2026.xlsx
SAO PAULO,JABOTICABAL,14700,1,A_Frota_por_UF_Municipio_CEP_Julho_2026.xlsx
SAO PAULO,JABOTICABAL,14870,143,A_Frota_por_UF_Municipio_CEP_Julho_2026.xlsx
SAO PAULO,JABOTICABAL,14871,46,A_Frota_por_UF_Municipio_CEP_Julho_2026.xlsx
SAO PAULO,JABOTICABAL,14873,1,A_Frota_por_UF_Municipio_CEP_Julho_2026.xlsx
SAO PAULO,JABOTICABAL,14875,45,A_Frota_por_UF_Municipio_CEP_Julho_2026.xlsx
SAO PAULO,JABOTICABAL,14876,26,A_Frota_por_UF_Municipio_CEP_Julho_2026.xlsx
SAO PAULO,JABOTICABAL,14877,2,A_Frota_por_UF_Municipio_CEP_Julho_2026.xlsx
SAO PAULO,JABOTICABAL,14882,23,A_Frota_por_UF_Municipio_CEP_Julho_2026.xlsx
SAO PAULO,JABOTICABAL,14883,22,A_Frota_por_UF_Municipio_CEP_Julho_2026.xlsx
SAO PAULO,JABOTICABAL,14887,19,A_Frota_por_UF_Municipio_CEP_Julho_2026.xlsx
SAO PAULO,JABOTICABAL,14890,33,A_Frota_por_UF_Municipio_CEP_Julho_2026.xlsx
SAO PAULO,JABOTICABAL,Sem I,8732,A_Frota_por_UF_Municipio_CEP_Julho_2026.xlsx
SAO PAULO,JACAREI,_x0000__x0000__x0000__x0000_ ,8,A_Frota_por_UF_Municipio_CEP_Julho_2026.xlsx
SAO PAULO,JACAREI,00000,147133,A_Frota_por_UF_Municipio_CEP_Julho_2026.xlsx
SAO PAULO,JACAREI,03324,1,A_Frota_por_UF_Municipio_CEP_Julho_2026.xlsx
SAO PAULO,JACAREI,12231,1,A_Frota_por_UF_Municipio_CEP_Julho_2026.xlsx
SAO PAULO,JACAREI,12300,174,A_Frota_por_UF_Municipio_CEP_Julho_2026.xlsx
SAO PAULO,JACAREI,12301,24,A_Frota_por_UF_Municipio_CEP_Julho_2026.xlsx
SAO PAULO,JACAREI,12302,11,A_Frota_por_UF_Municipio_CEP_Julho_2026.xlsx
SAO PAULO,JACAREI,12303,35,A_Frota_por_UF_Municipio_CEP_Julho_2026.xlsx
SAO PAULO,JACAREI,12305,66,A_Frota_por_UF_Municipio_CEP_Julho_2026.xlsx
SAO PAULO,JACAREI,12306,56,A_Frota_por_UF_Municipio_CEP_Julho_2026.xlsx
SAO PAULO,JACAREI,12307,61,A_Frota_por_UF_Municipio_CEP_Julho_2026.xlsx
SAO PAULO,JACAREI,12308,99,A_Frota_por_UF_Municipio_CEP_Julho_2026.xlsx
SAO PAULO,JACAREI,12309,64,A_Frota_por_UF_Municipio_CEP_Julho_2026.xlsx
SAO PAULO,JACAREI,12310,81,A_Frota_por_UF_Municipio_CEP_Julho_2026.xlsx
SAO PAULO,JACAREI,12311,38,A_Frota_por_UF_Municipio_CEP_Julho_2026.xlsx
SAO PAULO,JACAREI,12312,44,A_Frota_por_UF_Municipio_CEP_Julho_2026.xlsx
SAO PAULO,JACAREI,12313,1,A_Frota_por_UF_Municipio_CEP_Julho_2026.xlsx
SAO PAULO,JACAREI,12315,24,A_Frota_por_UF_Municipio_CEP_Julho_2026.xlsx
SAO PAULO,JACAREI,12316,36,A_Frota_por_UF_Municipio_CEP_Julho_2026.xlsx
SAO PAULO,JACAREI,12318,20,A_Frota_por_UF_Municipio_CEP_Julho_2026.xlsx
SAO PAULO,JACAREI,12319,21,A_Frota_por_UF_Municipio_CEP_Julho_2026.xlsx
SAO PAULO,JACAREI,12320,56,A_Frota_por_UF_Municipio_CEP_Julho_2026.xlsx
SAO PAULO,JACAREI,12321,73,A_Frota_por_UF_Municipio_CEP_Julho_2026.xlsx
SAO PAULO,JACAREI,12322,43,A_Frota_por_UF_Municipio_CEP_Julho_2026.xlsx
SAO PAULO,JACAREI,12323,31,A_Frota_por_UF_Municipio_CEP_Julho_2026.xlsx
SAO PAULO,JACAREI,12324,58,A_Frota_por_UF_Municipio_CEP_Julho_2026.xlsx
SAO PAULO,JACAREI,12325,41,A_Frota_por_UF_Municipio_CEP_Julho_2026.xlsx
SAO PAULO,JACAREI,12326,7,A_Frota_por_UF_Municipio_CEP_Julho_2026.xlsx
SAO PAULO,JACAREI,12327,45,A_Frota_por_UF_Municipio_CEP_Julho_2026.xlsx
SAO PAULO,JACAREI,12328,48,A_Frota_por_UF_Municipio_CEP_Julho_2026.xlsx
SAO PAULO,JACAREI,12329,9,A_Frota_por_UF_Municipio_CEP_Julho_2026.xlsx
SAO PAULO,JACAREI,12330,12,A_Frota_por_UF_Municipio_CEP_Julho_2026.xlsx
SAO PAULO,JACAREI,12331,2,A_Frota_por_UF_Municipio_CEP_Julho_2026.xlsx
SAO PAULO,JACAREI,12332,5,A_Frota_por_UF_Municipio_CEP_Julho_2026.xlsx
SAO PAULO,JACAREI,12333,7,A_Frota_por_UF_Municipio_CEP_Julho_2026.xlsx
SAO PAULO,JACAREI,12334,2,A_Frota_por_UF_Municipio_CEP_Julho_2026.xlsx
SAO PAULO,JACAREI,12335,40,A_Frota_por_UF_Municipio_CEP_Julho_2026.xlsx
SAO PAULO,JACAREI,12340,7,A_Frota_por_UF_Municipio_CEP_Julho_2026.xlsx
SAO PAULO,JACAREI,12341,15,A_Frota_por_UF_Municipio_CEP_Julho_2026.xlsx
SAO PAULO,JACAREI,12380,1,A_Frota_por_UF_Municipio_CEP_Julho_2026.xlsx
SAO PAULO,JACAREI,Sem I,24098,A_Frota_por_UF_Municipio_CEP_Julho_2026.xlsx
SAO PAULO,JACI,00000,5872,A_Frota_por_UF_Municipio_CEP_Julho_2026.xlsx
SAO PAULO,JACI,15155,7,A_Frota_por_UF_Municipio_CEP_Julho_2026.xlsx
SAO PAULO,JACI,Sem I,387,A_Frota_por_UF_Municipio_CEP_Julho_2026.xlsx
SAO PAULO,JACUPIRANGA,00000,9728,A_Frota_por_UF_Municipio_CEP_Julho_2026.xlsx
SAO PAULO,JACUPIRANGA,11400,1,A_Frota_por_UF_Municipio_CEP_Julho_2026.xlsx
SAO PAULO,JACUPIRANGA,11940,59,A_Frota_por_UF_Municipio_CEP_Julho_2026.xlsx
SAO PAULO,JACUPIRANGA,Sem I,1406,A_Frota_por_UF_Municipio_CEP_Julho_2026.xlsx
SAO PAULO,JAGUARIUNA,_x0000__x0000__x0000__x0000_ ,2,A_Frota_por_UF_Municipio_CEP_Julho_2026.xlsx
SAO PAULO,JAGUARIUNA,00000,45186,A_Frota_por_UF_Municipio_CEP_Julho_2026.xlsx
SAO PAULO,JAGUARIUNA,13031,1,A_Frota_por_UF_Municipio_CEP_Julho_2026.xlsx
SAO PAULO,JAGUARIUNA,13140,1,A_Frota_por_UF_Municipio_CEP_Julho_2026.xlsx
SAO PAULO,JAGUARIUNA,13820,523,A_Frota_por_UF_Municipio_CEP_Julho_2026.xlsx
SAO PAULO,JAGUARIUNA,13910,3,A_Frota_por_UF_Municipio_CEP_Julho_2026.xlsx
SAO PAULO,JAGUARIUNA,13916,9,A_Frota_por_UF_Municipio_CEP_Julho_2026.xlsx
SAO PAULO,JAGUARIUNA,13917,12,A_Frota_por_UF_Municipio_CEP_Julho_2026.xlsx
SAO PAULO,JAGUARIUNA,13919,13,A_Frota_por_UF_Municipio_CEP_Julho_2026.xlsx
SAO PAULO,JAGUARIUNA,Sem I,6246,A_Frota_por_UF_Municipio_CEP_Julho_2026.xlsx
SAO PAULO,JALES,_x0000__x0000__x0000__x0000_ ,1,A_Frota_por_UF_Municipio_CEP_Julho_2026.xlsx
SAO PAULO,JALES,00000,47047,A_Frota_por_UF_Municipio_CEP_Julho_2026.xlsx
SAO PAULO,JALES,15700,77,A_Frota_por_UF_Municipio_CEP_Julho_2026.xlsx
SAO PAULO,JALES,15703,1,A_Frota_por_UF_Municipio_CEP_Julho_2026.xlsx
SAO PAULO,JALES,15704,1,A_Frota_por_UF_Municipio_CEP_Julho_2026.xlsx
SAO PAULO,JALES,15707,2,A_Frota_por_UF_Municipio_CEP_Julho_2026.xlsx
SAO PAULO,JALES,15708,1,A_Frota_por_UF_Municipio_CEP_Julho_2026.xlsx
SAO PAULO,JALES,15709,1,A_Frota_por_UF_Municipio_CEP_Julho_2026.xlsx
SAO PAULO,JALES,Sem I,7058,A_Frota_por_UF_Municipio_CEP_Julho_2026.xlsx
SAO PAULO,JAMBEIRO,00000,3752,A_Frota_por_UF_Municipio_CEP_Julho_2026.xlsx
SAO PAULO,JAMBEIRO,12270,8,A_Frota_por_UF_Municipio_CEP_Julho_2026.xlsx
SAO PAULO,JAMBEIRO,Sem I,302,A_Frota_por_UF_Municipio_CEP_Julho_2026.xlsx
SAO PAULO,JANDIRA,00000,63106,A_Frota_por_UF_Municipio_CEP_Julho_2026.xlsx
SAO PAULO,JANDIRA,06000,1,A_Frota_por_UF_Municipio_CEP_Julho_2026.xlsx
SAO PAULO,JANDIRA,06400,1,A_Frota_por_UF_Municipio_CEP_Julho_2026.xlsx
SAO PAULO,JANDIRA,06421,1,A_Frota_por_UF_Municipio_CEP_Julho_2026.xlsx
SAO PAULO,JANDIRA,06600,161,A_Frota_por_UF_Municipio_CEP_Julho_2026.xlsx
SAO PAULO,JANDIRA,06602,45,A_Frota_por_UF_Municipio_CEP_Julho_2026.xlsx
SAO PAULO,JANDIRA,06604,43,A_Frota_por_UF_Municipio_CEP_Julho_2026.xlsx
SAO PAULO,JANDIRA,06606,49,A_Frota_por_UF_Municipio_CEP_Julho_2026.xlsx
SAO PAULO,JANDIRA,06608,49,A_Frota_por_UF_Municipio_CEP_Julho_2026.xlsx
SAO PAULO,JANDIRA,06609,3,A_Frota_por_UF_Municipio_CEP_Julho_2026.xlsx
SAO PAULO,JANDIRA,06612,58,A_Frota_por_UF_Municipio_CEP_Julho_2026.xlsx
SAO PAULO,JANDIRA,06616,11,A_Frota_por_UF_Municipio_CEP_Julho_2026.xlsx
SAO PAULO,JANDIRA,06618,5,A_Frota_por_UF_Municipio_CEP_Julho_2026.xlsx
SAO PAULO,JANDIRA,06620,33,A_Frota_por_UF_Municipio_CEP_Julho_2026.xlsx
SAO PAULO,JANDIRA,06622,112,A_Frota_por_UF_Municipio_CEP_Julho_2026.xlsx
SAO PAULO,JANDIRA,06624,100,A_Frota_por_UF_Municipio_CEP_Julho_2026.xlsx
SAO PAULO,JANDIRA,06626,46,A_Frota_por_UF_Municipio_CEP_Julho_2026.xlsx
SAO PAULO,JANDIRA,06630,1,A_Frota_por_UF_Municipio_CEP_Julho_2026.xlsx
SAO PAULO,JANDIRA,06631,3,A_Frota_por_UF_Municipio_CEP_Julho_2026.xlsx
SAO PAULO,JANDIRA,06634,3,A_Frota_por_UF_Municipio_CEP_Julho_2026.xlsx
SAO PAULO,JANDIRA,06636,8,A_Frota_por_UF_Municipio_CEP_Julho_2026.xlsx
SAO PAULO,JANDIRA,06642,13,A_Frota_por_UF_Municipio_CEP_Julho_2026.xlsx
SAO PAULO,JANDIRA,06648,1,A_Frota_por_UF_Municipio_CEP_Julho_2026.xlsx
SAO PAULO,JANDIRA,06660,1,A_Frota_por_UF_Municipio_CEP_Julho_2026.xlsx
SAO PAULO,JANDIRA,06693,1,A_Frota_por_UF_Municipio_CEP_Julho_2026.xlsx
SAO PAULO,JANDIRA,Sem I,9006,A_Frota_por_UF_Municipio_CEP_Julho_2026.xlsx
SAO PAULO,JARDINOPOLIS,00000,28250,A_Frota_por_UF_Municipio_CEP_Julho_2026.xlsx
SAO PAULO,JARDINOPOLIS,14680,255,A_Frota_por_UF_Municipio_CEP_Julho_2026.xlsx
SAO PAULO,JARDINOPOLIS,14690,3,A_Frota_por_UF_Municipio_CEP_Julho_2026.xlsx
SAO PAULO,JARDINOPOLIS,14968,1,A_Frota_por_UF_Municipio_CEP_Julho_2026.xlsx
SAO PAULO,JARDINOPOLIS,Sem I,3707,A_Frota_por_UF_Municipio_CEP_Julho_2026.xlsx
SAO PAULO,JARINU,00000,26097,A_Frota_por_UF_Municipio_CEP_Julho_2026.xlsx
SAO PAULO,JARINU,13240,315,A_Frota_por_UF_Municipio_CEP_Julho_2026.xlsx
SAO PAULO,JARINU,13242,1,A_Frota_por_UF_Municipio_CEP_Julho_2026.xlsx
SAO PAULO,JARINU,Sem I,2234,A_Frota_por_UF_Municipio_CEP_Julho_2026.xlsx
SAO PAULO,JAU,_x0000__x0000__x0000__x0000_ ,5,A_Frota_por_UF_Municipio_CEP_Julho_2026.xlsx
SAO PAULO,JAU,00000,104550,A_Frota_por_UF_Municipio_CEP_Julho_2026.xlsx
SAO PAULO,JAU,17200,18,A_Frota_por_UF_Municipio_CEP_Julho_2026.xlsx
SAO PAULO,JAU,17201,47,A_Frota_por_UF_Municipio_CEP_Julho_2026.xlsx
SAO PAULO,JAU,17202,35,A_Frota_por_UF_Municipio_CEP_Julho_2026.xlsx
SAO PAULO,JAU,17203,34,A_Frota_por_UF_Municipio_CEP_Julho_2026.xlsx
SAO PAULO,JAU,17204,46,A_Frota_por_UF_Municipio_CEP_Julho_2026.xlsx
SAO PAULO,JAU,17205,22,A_Frota_por_UF_Municipio_CEP_Julho_2026.xlsx
SAO PAULO,JAU,17206,41,A_Frota_por_UF_Municipio_CEP_Julho_2026.xlsx
SAO PAULO,JAU,17207,18,A_Frota_por_UF_Municipio_CEP_Julho_2026.xlsx
SAO PAULO,JAU,17208,55,A_Frota_por_UF_Municipio_CEP_Julho_2026.xlsx
SAO PAULO,JAU,17209,65,A_Frota_por_UF_Municipio_CEP_Julho_2026.xlsx
SAO PAULO,JAU,17210,45,A_Frota_por_UF_Municipio_CEP_Julho_2026.xlsx
SAO PAULO,JAU,17211,28,A_Frota_por_UF_Municipio_CEP_Julho_2026.xlsx
SAO PAULO,JAU,17212,51,A_Frota_por_UF_Municipio_CEP_Julho_2026.xlsx
SAO PAULO,JAU,17213,76,A_Frota_por_UF_Municipio_CEP_Julho_2026.xlsx
SAO PAULO,JAU,17220,37,A_Frota_por_UF_Municipio_CEP_Julho_2026.xlsx
SAO PAULO,JAU,17270,1,A_Frota_por_UF_Municipio_CEP_Julho_2026.xlsx
SAO PAULO,JAU,Sem I,15353,A_Frota_por_UF_Municipio_CEP_Julho_2026.xlsx
SAO PAULO,JERIQUARA,00000,2248,A_Frota_por_UF_Municipio_CEP_Julho_2026.xlsx
SAO PAULO,JERIQUARA,14450,3,A_Frota_por_UF_Municipio_CEP_Julho_2026.xlsx
SAO PAULO,JERIQUARA,Sem I,226,A_Frota_por_UF_Municipio_CEP_Julho_2026.xlsx
SAO PAULO,JOANOPOLIS,00000,11384,A_Frota_por_UF_Municipio_CEP_Julho_2026.xlsx
SAO PAULO,JOANOPOLIS,12980,109,A_Frota_por_UF_Municipio_CEP_Julho_2026.xlsx
SAO PAULO,JOANOPOLIS,Sem I,1442,A_Frota_por_UF_Municipio_CEP_Julho_2026.xlsx
SAO PAULO,JOAO RAMALHO,00000,2200,A_Frota_por_UF_Municipio_CEP_Julho_2026.xlsx
SAO PAULO,JOAO RAMALHO,19680,10,A_Frota_por_UF_Municipio_CEP_Julho_2026.xlsx
SAO PAULO,JOAO RAMALHO,Sem I,201,A_Frota_por_UF_Municipio_CEP_Julho_2026.xlsx
SAO PAULO,JOSE BONIFACIO,_x0000__x0000__x0000__x0000_ ,2,A_Frota_por_UF_Municipio_CEP_Julho_2026.xlsx
SAO PAULO,JOSE BONIFACIO,00000,33004,A_Frota_por_UF_Municipio_CEP_Julho_2026.xlsx
SAO PAULO,JOSE BONIFACIO,15200,91,A_Frota_por_UF_Municipio_CEP_Julho_2026.xlsx
SAO PAULO,JOSE BONIFACIO,Sem I,3927,A_Frota_por_UF_Municipio_CEP_Julho_2026.xlsx
SAO PAULO,JULIO MESQUITA,00000,2054,A_Frota_por_UF_Municipio_CEP_Julho_2026.xlsx
SAO PAULO,JULIO MESQUITA,17550,6,A_Frota_por_UF_Municipio_CEP_Julho_2026.xlsx
SAO PAULO,JULIO MESQUITA,Sem I,175,A_Frota_por_UF_Municipio_CEP_Julho_2026.xlsx
SAO PAULO,JUMIRIM,00000,1935,A_Frota_por_UF_Municipio_CEP_Julho_2026.xlsx
SAO PAULO,JUMIRIM,18535,8,A_Frota_por_UF_Municipio_CEP_Julho_2026.xlsx
SAO PAULO,JUMIRIM,Sem I,210,A_Frota_por_UF_Municipio_CEP_Julho_2026.xlsx
SAO PAULO,JUNDIAI,_x0000__x0000__x0000__x0000_ ,3,A_Frota_por_UF_Municipio_CEP_Julho_2026.xlsx
SAO PAULO,JUNDIAI,0,1,A_Frota_por_UF_Municipio_CEP_Julho_2026.xlsx
SAO PAULO,JUNDIAI,00000,329399,A_Frota_por_UF_Municipio_CEP_Julho_2026.xlsx
SAO PAULO,JUNDIAI,06029,1,A_Frota_por_UF_Municipio_CEP_Julho_2026.xlsx
SAO PAULO,JUNDIAI,06619,1,A_Frota_por_UF_Municipio_CEP_Julho_2026.xlsx
SAO PAULO,JUNDIAI,13037,1,A_Frota_por_UF_Municipio_CEP_Julho_2026.xlsx
SAO PAULO,JUNDIAI,13125,1,A_Frota_por_UF_Municipio_CEP_Julho_2026.xlsx
SAO PAULO,JUNDIAI,13200,286,A_Frota_por_UF_Municipio_CEP_Julho_2026.xlsx
SAO PAULO,JUNDIAI,13201,254,A_Frota_por_UF_Municipio_CEP_Julho_2026.xlsx
SAO PAULO,JUNDIAI,13202,245,A_Frota_por_UF_Municipio_CEP_Julho_2026.xlsx
SAO PAULO,JUNDIAI,13203,296,A_Frota_por_UF_Municipio_CEP_Julho_2026.xlsx
SAO PAULO,JUNDIAI,13204,1,A_Frota_por_UF_Municipio_CEP_Julho_2026.xlsx
SAO PAULO,JUNDIAI,13205,113,A_Frota_por_UF_Municipio_CEP_Julho_2026.xlsx
SAO PAULO,JUNDIAI,13206,205,A_Frota_por_UF_Municipio_CEP_Julho_2026.xlsx
SAO PAULO,JUNDIAI,13207,252,A_Frota_por_UF_Municipio_CEP_Julho_2026.xlsx
SAO PAULO,JUNDIAI,13208,173,A_Frota_por_UF_Municipio_CEP_Julho_2026.xlsx
SAO PAULO,JUNDIAI,13209,204,A_Frota_por_UF_Municipio_CEP_Julho_2026.xlsx
SAO PAULO,JUNDIAI,13210,204,A_Frota_por_UF_Municipio_CEP_Julho_2026.xlsx
SAO PAULO,JUNDIAI,13211,292,A_Frota_por_UF_Municipio_CEP_Julho_2026.xlsx
SAO PAULO,JUNDIAI,13212,577,A_Frota_por_UF_Municipio_CEP_Julho_2026.xlsx
SAO PAULO,JUNDIAI,13213,385,A_Frota_por_UF_Municipio_CEP_Julho_2026.xlsx
SAO PAULO,JUNDIAI,13214,509,A_Frota_por_UF_Municipio_CEP_Julho_2026.xlsx
SAO PAULO,JUNDIAI,13215,212,A_Frota_por_UF_Municipio_CEP_Julho_2026.xlsx
SAO PAULO,JUNDIAI,13216,294,A_Frota_por_UF_Municipio_CEP_Julho_2026.xlsx
SAO PAULO,JUNDIAI,13218,332,A_Frota_por_UF_Municipio_CEP_Julho_2026.xlsx
SAO PAULO,JUNDIAI,13219,246,A_Frota_por_UF_Municipio_CEP_Julho_2026.xlsx
SAO PAULO,JUNDIAI,13220,3,A_Frota_por_UF_Municipio_CEP_Julho_2026.xlsx
SAO PAULO,JUNDIAI,13221,2,A_Frota_por_UF_Municipio_CEP_Julho_2026.xlsx
SAO PAULO,JUNDIAI,13222,1,A_Frota_por_UF_Municipio_CEP_Julho_2026.xlsx
SAO PAULO,JUNDIAI,13223,1,A_Frota_por_UF_Municipio_CEP_Julho_2026.xlsx
SAO PAULO,JUNDIAI,13230,1,A_Frota_por_UF_Municipio_CEP_Julho_2026.xlsx
SAO PAULO,JUNDIAI,13240,1,A_Frota_por_UF_Municipio_CEP_Julho_2026.xlsx
SAO PAULO,JUNDIAI,13253,1,A_Frota_por_UF_Municipio_CEP_Julho_2026.xlsx
SAO PAULO,JUNDIAI,13291,1,A_Frota_por_UF_Municipio_CEP_Julho_2026.xlsx
SAO PAULO,JUNDIAI,13295,1,A_Frota_por_UF_Municipio_CEP_Julho_2026.xlsx
SAO PAULO,JUNDIAI,13315,2,A_Frota_por_UF_Municipio_CEP_Julho_2026.xlsx
SAO PAULO,JUNDIAI,Sem I,54439,A_Frota_por_UF_Municipio_CEP_Julho_2026.xlsx
SAO PAULO,JUNQUEIROPOLIS,00000,14119,A_Frota_por_UF_Municipio_CEP_Julho_2026.xlsx
SAO PAULO,JUNQUEIROPOLIS,17890,21,A_Frota_por_UF_Municipio_CEP_Julho_2026.xlsx
SAO PAULO,JUNQUEIROPOLIS,Sem I,1464,A_Frota_por_UF_Municipio_CEP_Julho_2026.xlsx
SAO PAULO,JUQUIA,00000,9029,A_Frota_por_UF_Municipio_CEP_Julho_2026.xlsx
SAO PAULO,JUQUIA,11800,47,A_Frota_por_UF_Municipio_CEP_Julho_2026.xlsx
SAO PAULO,JUQUIA,Sem I,1153,A_Frota_por_UF_Municipio_CEP_Julho_2026.xlsx
SAO PAULO,JUQUITIBA,00000,18520,A_Frota_por_UF_Municipio_CEP_Julho_2026.xlsx
SAO PAULO,JUQUITIBA,06950,67,A_Frota_por_UF_Municipio_CEP_Julho_2026.xlsx
SAO PAULO,JUQUITIBA,Sem I,2124,A_Frota_por_UF_Municipio_CEP_Julho_2026.xlsx
SAO PAULO,LAGOINHA,00000,4096,A_Frota_por_UF_Municipio_CEP_Julho_2026.xlsx
SAO PAULO,LAGOINHA,12130,6,A_Frota_por_UF_Municipio_CEP_Julho_2026.xlsx
SAO PAULO,LAGOINHA,Sem I,477,A_Frota_por_UF_Municipio_CEP_Julho_2026.xlsx
SAO PAULO,LARANJAL PAULISTA,00000,19913,A_Frota_por_UF_Municipio_CEP_Julho_2026.xlsx
SAO PAULO,LARANJAL PAULISTA,18500,76,A_Frota_por_UF_Municipio_CEP_Julho_2026.xlsx
SAO PAULO,LARANJAL PAULISTA,18505,4,A_Frota_por_UF_Municipio_CEP_Julho_2026.xlsx
SAO PAULO,LARANJAL PAULISTA,18510,4,A_Frota_por_UF_Municipio_CEP_Julho_2026.xlsx
SAO PAULO,LARANJAL PAULISTA,Sem I,2576,A_Frota_por_UF_Municipio_CEP_Julho_2026.xlsx
SAO PAULO,LAVINIA,00000,3057,A_Frota_por_UF_Municipio_CEP_Julho_2026.xlsx
SAO PAULO,LAVINIA,16850,3,A_Frota_por_UF_Municipio_CEP_Julho_2026.xlsx
SAO PAULO,LAVINIA,Sem I,322,A_Frota_por_UF_Municipio_CEP_Julho_2026.xlsx
SAO PAULO,LAVRINHAS,00000,3774,A_Frota_por_UF_Municipio_CEP_Julho_2026.xlsx
SAO PAULO,LAVRINHAS,12760,12,A_Frota_por_UF_Municipio_CEP_Julho_2026.xlsx
SAO PAULO,LAVRINHAS,Sem I,536,A_Frota_por_UF_Municipio_CEP_Julho_2026.xlsx
SAO PAULO,LEME,_x0000__x0000__x0000__x0000_ ,1,A_Frota_por_UF_Municipio_CEP_Julho_2026.xlsx
SAO PAULO,LEME,00000,76910,A_Frota_por_UF_Municipio_CEP_Julho_2026.xlsx
SAO PAULO,LEME,13610,546,A_Frota_por_UF_Municipio_CEP_Julho_2026.xlsx
SAO PAULO,LEME,13611,22,A_Frota_por_UF_Municipio_CEP_Julho_2026.xlsx
SAO PAULO,LEME,13612,4,A_Frota_por_UF_Municipio_CEP_Julho_2026.xlsx
SAO PAULO,LEME,13613,65,A_Frota_por_UF_Municipio_CEP_Julho_2026.xlsx
SAO PAULO,LEME,13614,4,A_Frota_por_UF_Municipio_CEP_Julho_2026.xlsx
SAO PAULO,LEME,13615,2,A_Frota_por_UF_Municipio_CEP_Julho_2026.xlsx
SAO PAULO,LEME,13616,13,A_Frota_por_UF_Municipio_CEP_Julho_2026.xlsx
SAO PAULO,LEME,13617,18,A_Frota_por_UF_Municipio_CEP_Julho_2026.xlsx
SAO PAULO,LEME,13625,1,A_Frota_por_UF_Municipio_CEP_Julho_2026.xlsx
SAO PAULO,LEME,Sem I,11694,A_Frota_por_UF_Municipio_CEP_Julho_2026.xlsx
SAO PAULO,LENCOIS PAULISTA,00000,54832,A_Frota_por_UF_Municipio_CEP_Julho_2026.xlsx
SAO PAULO,LENCOIS PAULISTA,18680,66,A_Frota_por_UF_Municipio_CEP_Julho_2026.xlsx
SAO PAULO,LENCOIS PAULISTA,18681,89,A_Frota_por_UF_Municipio_CEP_Julho_2026.xlsx
SAO PAULO,LENCOIS PAULISTA,18682,71,A_Frota_por_UF_Municipio_CEP_Julho_2026.xlsx
SAO PAULO,LENCOIS PAULISTA,18683,34,A_Frota_por_UF_Municipio_CEP_Julho_2026.xlsx
SAO PAULO,LENCOIS PAULISTA,18684,13,A_Frota_por_UF_Municipio_CEP_Julho_2026.xlsx
SAO PAULO,LENCOIS PAULISTA,18685,55,A_Frota_por_UF_Municipio_CEP_Julho_2026.xlsx
SAO PAULO,LENCOIS PAULISTA,18686,12,A_Frota_por_UF_Municipio_CEP_Julho_2026.xlsx
SAO PAULO,LENCOIS PAULISTA,Sem I,6549,A_Frota_por_UF_Municipio_CEP_Julho_2026.xlsx
SAO PAULO,LIMEIRA,_x0000__x0000__x0000__x0000_ ,2,A_Frota_por_UF_Municipio_CEP_Julho_2026.xlsx
SAO PAULO,LIMEIRA,00000,227552,A_Frota_por_UF_Municipio_CEP_Julho_2026.xlsx
SAO PAULO,LIMEIRA,13048,1,A_Frota_por_UF_Municipio_CEP_Julho_2026.xlsx
SAO PAULO,LIMEIRA,13448,1,A_Frota_por_UF_Municipio_CEP_Julho_2026.xlsx
SAO PAULO,LIMEIRA,13480,497,A_Frota_por_UF_Municipio_CEP_Julho_2026.xlsx
SAO PAULO,LIMEIRA,13481,472,A_Frota_por_UF_Municipio_CEP_Julho_2026.xlsx
SAO PAULO,LIMEIRA,13482,244,A_Frota_por_UF_Municipio_CEP_Julho_2026.xlsx
SAO PAULO,LIMEIRA,13483,248,A_Frota_por_UF_Municipio_CEP_Julho_2026.xlsx
SAO PAULO,LIMEIRA,13484,241,A_Frota_por_UF_Municipio_CEP_Julho_2026.xlsx
SAO PAULO,LIMEIRA,13485,199,A_Frota_por_UF_Municipio_CEP_Julho_2026.xlsx
SAO PAULO,LIMEIRA,13486,495,A_Frota_por_UF_Municipio_CEP_Julho_2026.xlsx
SAO PAULO,LIMEIRA,13487,181,A_Frota_por_UF_Municipio_CEP_Julho_2026.xlsx
SAO PAULO,LIMEIRA,13488,1,A_Frota_por_UF_Municipio_CEP_Julho_2026.xlsx
SAO PAULO,LIMEIRA,13489,3,A_Frota_por_UF_Municipio_CEP_Julho_2026.xlsx
SAO PAULO,LIMEIRA,16486,1,A_Frota_por_UF_Municipio_CEP_Julho_2026.xlsx
SAO PAULO,LIMEIRA,Sem I,35161,A_Frota_por_UF_Municipio_CEP_Julho_2026.xlsx
SAO PAULO,LINDOIA,00000,5987,A_Frota_por_UF_Municipio_CEP_Julho_2026.xlsx
SAO PAULO,LINDOIA,13950,38,A_Frota_por_UF_Municipio_CEP_Julho_2026.xlsx
SAO PAULO,LINDOIA,Sem I,651,A_Frota_por_UF_Municipio_CEP_Julho_2026.xlsx
SAO PAULO,LINS,_x0000__x0000__x0000__x0000_ ,4,A_Frota_por_UF_Municipio_CEP_Julho_2026.xlsx
SAO PAULO,LINS,00000,61032,A_Frota_por_UF_Municipio_CEP_Julho_2026.xlsx
SAO PAULO,LINS,16400,200,A_Frota_por_UF_Municipio_CEP_Julho_2026.xlsx
SAO PAULO,LINS,16401,34,A_Frota_por_UF_Municipio_CEP_Julho_2026.xlsx
SAO PAULO,LINS,16402,40,A_Frota_por_UF_Municipio_CEP_Julho_2026.xlsx
SAO PAULO,LINS,16403,51,A_Frota_por_UF_Municipio_CEP_Julho_2026.xlsx
SAO PAULO,LINS,16404,31,A_Frota_por_UF_Municipio_CEP_Julho_2026.xlsx
SAO PAULO,LINS,16406,9,A_Frota_por_UF_Municipio_CEP_Julho_2026.xlsx
SAO PAULO,LINS,16420,1,A_Frota_por_UF_Municipio_CEP_Julho_2026.xlsx
SAO PAULO,LINS,16450,1,A_Frota_por_UF_Municipio_CEP_Julho_2026.xlsx
SAO PAULO,LINS,Sem I,8284,A_Frota_por_UF_Municipio_CEP_Julho_2026.xlsx
SAO PAULO,LORENA,_x0000__x0000__x0000__x0000_ ,8,A_Frota_por_UF_Municipio_CEP_Julho_2026.xlsx
SAO PAULO,LORENA,00000,47791,A_Frota_por_UF_Municipio_CEP_Julho_2026.xlsx
SAO PAULO,LORENA,12514,1,A_Frota_por_UF_Municipio_CEP_Julho_2026.xlsx
SAO PAULO,LORENA,12520,1,A_Frota_por_UF_Municipio_CEP_Julho_2026.xlsx
SAO PAULO,LORENA,12600,126,A_Frota_por_UF_Municipio_CEP_Julho_2026.xlsx
SAO PAULO,LORENA,12601,7,A_Frota_por_UF_Municipio_CEP_Julho_2026.xlsx
SAO PAULO,LORENA,12602,15,A_Frota_por_UF_Municipio_CEP_Julho_2026.xlsx
SAO PAULO,LORENA,12603,18,A_Frota_por_UF_Municipio_CEP_Julho_2026.xlsx
SAO PAULO,LORENA,12604,13,A_Frota_por_UF_Municipio_CEP_Julho_2026.xlsx
SAO PAULO,LORENA,12605,20,A_Frota_por_UF_Municipio_CEP_Julho_2026.xlsx
SAO PAULO,LORENA,12606,18,A_Frota_por_UF_Municipio_CEP_Julho_2026.xlsx
SAO PAULO,LORENA,12607,17,A_Frota_por_UF_Municipio_CEP_Julho_2026.xlsx
SAO PAULO,LORENA,12608,19,A_Frota_por_UF_Municipio_CEP_Julho_2026.xlsx
SAO PAULO,LORENA,12609,15,A_Frota_por_UF_Municipio_CEP_Julho_2026.xlsx
SAO PAULO,LORENA,12610,12,A_Frota_por_UF_Municipio_CEP_Julho_2026.xlsx
SAO PAULO,LORENA,12611,1,A_Frota_por_UF_Municipio_CEP_Julho_2026.xlsx
SAO PAULO,LORENA,12615,1,A_Frota_por_UF_Municipio_CEP_Julho_2026.xlsx
SAO PAULO,LORENA,Sem I,7959,A_Frota_por_UF_Municipio_CEP_Julho_2026.xlsx
SAO PAULO,LOURDES,00000,1273,A_Frota_por_UF_Municipio_CEP_Julho_2026.xlsx
SAO PAULO,LOURDES,Sem I,131,A_Frota_por_UF_Municipio_CEP_Julho_2026.xlsx
SAO PAULO,LOUVEIRA,_x0000__x0000__x0000__x0000_ ,1,A_Frota_por_UF_Municipio_CEP_Julho_2026.xlsx
SAO PAULO,LOUVEIRA,00000,38786,A_Frota_por_UF_Municipio_CEP_Julho_2026.xlsx
SAO PAULO,LOUVEIRA,13290,495,A_Frota_por_UF_Municipio_CEP_Julho_2026.xlsx
SAO PAULO,LOUVEIRA,Sem I,3356,A_Frota_por_UF_Municipio_CEP_Julho_2026.xlsx
SAO PAULO,LUCELIA,_x0000__x0000__x0000__x0000_ ,1,A_Frota_por_UF_Municipio_CEP_Julho_2026.xlsx
SAO PAULO,LUCELIA,00000,13509,A_Frota_por_UF_Municipio_CEP_Julho_2026.xlsx
SAO PAULO,LUCELIA,06454,2,A_Frota_por_UF_Municipio_CEP_Julho_2026.xlsx
SAO PAULO,LUCELIA,17780,28,A_Frota_por_UF_Municipio_CEP_Julho_2026.xlsx
SAO PAULO,LUCELIA,Sem I,1470,A_Frota_por_UF_Municipio_CEP_Julho_2026.xlsx
SAO PAULO,LUCIANOPOLIS,00000,1467,A_Frota_por_UF_Municipio_CEP_Julho_2026.xlsx
SAO PAULO,LUCIANOPOLIS,17475,7,A_Frota_por_UF_Municipio_CEP_Julho_2026.xlsx
SAO PAULO,LUCIANOPOLIS,Sem I,186,A_Frota_por_UF_Municipio_CEP_Julho_2026.xlsx
SAO PAULO,LUIS ANTONIO,00000,8018,A_Frota_por_UF_Municipio_CEP_Julho_2026.xlsx
SAO PAULO,LUIS ANTONIO,14094,1,A_Frota_por_UF_Municipio_CEP_Julho_2026.xlsx
SAO PAULO,LUIS ANTONIO,14210,98,A_Frota_por_UF_Municipio_CEP_Julho_2026.xlsx
SAO PAULO,LUIS ANTONIO,Sem I,962,A_Frota_por_UF_Municipio_CEP_Julho_2026.xlsx
SAO PAULO,LUIZIANIA,00000,2616,A_Frota_por_UF_Municipio_CEP_Julho_2026.xlsx
SAO PAULO,LUIZIANIA,16340,10,A_Frota_por_UF_Municipio_CEP_Julho_2026.xlsx
SAO PAULO,LUIZIANIA,Sem I,257,A_Frota_por_UF_Municipio_CEP_Julho_2026.xlsx
SAO PAULO,LUPERCIO,00000,1986,A_Frota_por_UF_Municipio_CEP_Julho_2026.xlsx
SAO PAULO,LUPERCIO,17420,4,A_Frota_por_UF_Municipio_CEP_Julho_2026.xlsx
SAO PAULO,LUPERCIO,Sem I,282,A_Frota_por_UF_Municipio_CEP_Julho_2026.xlsx
SAO PAULO,LUTECIA,00000,1607,A_Frota_por_UF_Municipio_CEP_Julho_2026.xlsx
SAO PAULO,LUTECIA,19750,9,A_Frota_por_UF_Municipio_CEP_Julho_2026.xlsx
SAO PAULO,LUTECIA,Sem I,209,A_Frota_por_UF_Municipio_CEP_Julho_2026.xlsx
SAO PAULO,MACATUBA,00000,11390,A_Frota_por_UF_Municipio_CEP_Julho_2026.xlsx
SAO PAULO,MACATUBA,17290,53,A_Frota_por_UF_Municipio_CEP_Julho_2026.xlsx
SAO PAULO,MACATUBA,Sem I,1570,A_Frota_por_UF_Municipio_CEP_Julho_2026.xlsx
SAO PAULO,MACAUBAL,00000,5805,A_Frota_por_UF_Municipio_CEP_Julho_2026.xlsx
SAO PAULO,MACAUBAL,15270,9,A_Frota_por_UF_Municipio_CEP_Julho_2026.xlsx
SAO PAULO,MACAUBAL,Sem I,719,A_Frota_por_UF_Municipio_CEP_Julho_2026.xlsx
SAO PAULO,MACEDONIA,00000,2437,A_Frota_por_UF_Municipio_CEP_Julho_2026.xlsx
SAO PAULO,MACEDONIA,15620,3,A_Frota_por_UF_Municipio_CEP_Julho_2026.xlsx
SAO PAULO,MACEDONIA,Sem I,249,A_Frota_por_UF_Municipio_CEP_Julho_2026.xlsx
SAO PAULO,MAGDA,00000,2315,A_Frota_por_UF_Municipio_CEP_Julho_2026.xlsx
SAO PAULO,MAGDA,15310,6,A_Frota_por_UF_Municipio_CEP_Julho_2026.xlsx
SAO PAULO,MAGDA,Sem I,301,A_Frota_por_UF_Municipio_CEP_Julho_2026.xlsx
SAO PAULO,MAIRINQUE,_x0000__x0000__x0000__x0000_ ,2,A_Frota_por_UF_Municipio_CEP_Julho_2026.xlsx
SAO PAULO,MAIRINQUE,00000,35096,A_Frota_por_UF_Municipio_CEP_Julho_2026.xlsx
SAO PAULO,MAIRINQUE,18012,1,A_Frota_por_UF_Municipio_CEP_Julho_2026.xlsx
SAO PAULO,MAIRINQUE,18120,308,A_Frota_por_UF_Municipio_CEP_Julho_2026.xlsx
SAO PAULO,MAIRINQUE,Sem I,4186,A_Frota_por_UF_Municipio_CEP_Julho_2026.xlsx
SAO PAULO,MAIRIPORA,_x0000__x0000__x0000__x0000_ ,1,A_Frota_por_UF_Municipio_CEP_Julho_2026.xlsx
SAO PAULO,MAIRIPORA,00000,60354,A_Frota_por_UF_Municipio_CEP_Julho_2026.xlsx
SAO PAULO,MAIRIPORA,01038,1,A_Frota_por_UF_Municipio_CEP_Julho_2026.xlsx
SAO PAULO,MAIRIPORA,07600,553,A_Frota_por_UF_Municipio_CEP_Julho_2026.xlsx
SAO PAULO,MAIRIPORA,07629,1,A_Frota_por_UF_Municipio_CEP_Julho_2026.xlsx
SAO PAULO,MAIRIPORA,Sem I,7432,A_Frota_por_UF_Municipio_CEP_Julho_2026.xlsx
SAO PAULO,MANDURI,00000,7317,A_Frota_por_UF_Municipio_CEP_Julho_2026.xlsx
SAO PAULO,MANDURI,18780,12,A_Frota_por_UF_Municipio_CEP_Julho_2026.xlsx
SAO PAULO,MANDURI,Sem I,863,A_Frota_por_UF_Municipio_CEP_Julho_2026.xlsx
SAO PAULO,MARABA PAULISTA,00000,1991,A_Frota_por_UF_Municipio_CEP_Julho_2026.xlsx
SAO PAULO,MARABA PAULISTA,19430,7,A_Frota_por_UF_Municipio_CEP_Julho_2026.xlsx
SAO PAULO,MARABA PAULISTA,Sem I,273,A_Frota_por_UF_Municipio_CEP_Julho_2026.xlsx
SAO PAULO,MARACAI,00000,9255,A_Frota_por_UF_Municipio_CEP_Julho_2026.xlsx
SAO PAULO,MARACAI,19840,22,A_Frota_por_UF_Municipio_CEP_Julho_2026.xlsx
SAO PAULO,MARACAI,Sem I,1411,A_Frota_por_UF_Municipio_CEP_Julho_2026.xlsx
SAO PAULO,MARAPOAMA,00000,3574,A_Frota_por_UF_Municipio_CEP_Julho_2026.xlsx
SAO PAULO,MARAPOAMA,15845,14,A_Frota_por_UF_Municipio_CEP_Julho_2026.xlsx
SAO PAULO,MARAPOAMA,Sem I,192,A_Frota_por_UF_Municipio_CEP_Julho_2026.xlsx
SAO PAULO,MARIAPOLIS,00000,1938,A_Frota_por_UF_Municipio_CEP_Julho_2026.xlsx
SAO PAULO,MARIAPOLIS,17810,7,A_Frota_por_UF_Municipio_CEP_Julho_2026.xlsx
SAO PAULO,MARIAPOLIS,Sem I,153,A_Frota_por_UF_Municipio_CEP_Julho_2026.xlsx
SAO PAULO,MARILIA,_x0000__x0000__x0000__x0000_ ,4,A_Frota_por_UF_Municipio_CEP_Julho_2026.xlsx
SAO PAULO,MARILIA,0,1,A_Frota_por_UF_Municipio_CEP_Julho_2026.xlsx
SAO PAULO,MARILIA,00000,174353,A_Frota_por_UF_Municipio_CEP_Julho_2026.xlsx
SAO PAULO,MARILIA,17500,58,A_Frota_por_UF_Municipio_CEP_Julho_2026.xlsx
SAO PAULO,MARILIA,17501,17,A_Frota_por_UF_Municipio_CEP_Julho_2026.xlsx
SAO PAULO,MARILIA,17502,14,A_Frota_por_UF_Municipio_CEP_Julho_2026.xlsx
SAO PAULO,MARILIA,17503,7,A_Frota_por_UF_Municipio_CEP_Julho_2026.xlsx
SAO PAULO,MARILIA,17504,14,A_Frota_por_UF_Municipio_CEP_Julho_2026.xlsx
SAO PAULO,MARILIA,17505,22,A_Frota_por_UF_Municipio_CEP_Julho_2026.xlsx
SAO PAULO,MARILIA,17506,16,A_Frota_por_UF_Municipio_CEP_Julho_2026.xlsx
SAO PAULO,MARILIA,17507,33,A_Frota_por_UF_Municipio_CEP_Julho_2026.xlsx
SAO PAULO,MARILIA,17509,18,A_Frota_por_UF_Municipio_CEP_Julho_2026.xlsx
SAO PAULO,MARILIA,17510,42,A_Frota_por_UF_Municipio_CEP_Julho_2026.xlsx
SAO PAULO,MARILIA,17511,52,A_Frota_por_UF_Municipio_CEP_Julho_2026.xlsx
SAO PAULO,MARILIA,17512,85,A_Frota_por_UF_Municipio_CEP_Julho_2026.xlsx
SAO PAULO,MARILIA,17513,8,A_Frota_por_UF_Municipio_CEP_Julho_2026.xlsx
SAO PAULO,MARILIA,17514,19,A_Frota_por_UF_Municipio_CEP_Julho_2026.xlsx
SAO PAULO,MARILIA,17515,20,A_Frota_por_UF_Municipio_CEP_Julho_2026.xlsx
SAO PAULO,MARILIA,17516,4,A_Frota_por_UF_Municipio_CEP_Julho_2026.xlsx
SAO PAULO,MARILIA,17519,103,A_Frota_por_UF_Municipio_CEP_Julho_2026.xlsx
SAO PAULO,MARILIA,17520,25,A_Frota_por_UF_Municipio_CEP_Julho_2026.xlsx
SAO PAULO,MARILIA,17521,31,A_Frota_por_UF_Municipio_CEP_Julho_2026.xlsx
SAO PAULO,MARILIA,17522,33,A_Frota_por_UF_Municipio_CEP_Julho_2026.xlsx
SAO PAULO,MARILIA,17523,35,A_Frota_por_UF_Municipio_CEP_Julho_2026.xlsx
SAO PAULO,MARILIA,17524,17,A_Frota_por_UF_Municipio_CEP_Julho_2026.xlsx
SAO PAULO,MARILIA,17525,6,A_Frota_por_UF_Municipio_CEP_Julho_2026.xlsx
SAO PAULO,MARILIA,17526,10,A_Frota_por_UF_Municipio_CEP_Julho_2026.xlsx
SAO PAULO,MARILIA,17527,19,A_Frota_por_UF_Municipio_CEP_Julho_2026.xlsx
SAO PAULO,MARILIA,17532,1,A_Frota_por_UF_Municipio_CEP_Julho_2026.xlsx
SAO PAULO,MARILIA,17533,4,A_Frota_por_UF_Municipio_CEP_Julho_2026.xlsx
SAO PAULO,MARILIA,17535,2,A_Frota_por_UF_Municipio_CEP_Julho_2026.xlsx
SAO PAULO,MARILIA,17537,1,A_Frota_por_UF_Municipio_CEP_Julho_2026.xlsx
SAO PAULO,MARILIA,17539,11,A_Frota_por_UF_Municipio_CEP_Julho_2026.xlsx
SAO PAULO,MARILIA,Sem I,23941,A_Frota_por_UF_Municipio_CEP_Julho_2026.xlsx
SAO PAULO,MARINOPOLIS,00000,1384,A_Frota_por_UF_Municipio_CEP_Julho_2026.xlsx
SAO PAULO,MARINOPOLIS,15730,1,A_Frota_por_UF_Municipio_CEP_Julho_2026.xlsx
SAO PAULO,MARINOPOLIS,Sem I,166,A_Frota_por_UF_Municipio_CEP_Julho_2026.xlsx
SAO PAULO,MARTINOPOLIS,00000,16181,A_Frota_por_UF_Municipio_CEP_Julho_2026.xlsx
SAO PAULO,MARTINOPOLIS,19500,59,A_Frota_por_UF_Municipio_CEP_Julho_2026.xlsx
SAO PAULO,MARTINOPOLIS,Sem I,1869,A_Frota_por_UF_Municipio_CEP_Julho_2026.xlsx
SAO PAULO,MATAO,_x0000__x0000__x0000__x0000_ ,12,A_Frota_por_UF_Municipio_CEP_Julho_2026.xlsx
SAO PAULO,MATAO,00000,68634,A_Frota_por_UF_Municipio_CEP_Julho_2026.xlsx
SAO PAULO,MATAO,15900,1,A_Frota_por_UF_Municipio_CEP_Julho_2026.xlsx
SAO PAULO,MATAO,15990,165,A_Frota_por_UF_Municipio_CEP_Julho_2026.xlsx
SAO PAULO,MATAO,15991,27,A_Frota_por_UF_Municipio_CEP_Julho_2026.xlsx
SAO PAULO,MATAO,15993,3,A_Frota_por_UF_Municipio_CEP_Julho_2026.xlsx
SAO PAULO,MATAO,15994,1,A_Frota_por_UF_Municipio_CEP_Julho_2026.xlsx
SAO PAULO,MATAO,15995,8,A_Frota_por_UF_Municipio_CEP_Julho_2026.xlsx
SAO PAULO,MATAO,15996,17,A_Frota_por_UF_Municipio_CEP_Julho_2026.xlsx
SAO PAULO,MATAO,15997,54,A_Frota_por_UF_Municipio_CEP_Julho_2026.xlsx
SAO PAULO,MATAO,Sem I,9245,A_Frota_por_UF_Municipio_CEP_Julho_2026.xlsx
SAO PAULO,MAUA,_x0000__x0000__x0000__x0000_ ,2,A_Frota_por_UF_Municipio_CEP_Julho_2026.xlsx
SAO PAULO,MAUA,00000,226142,A_Frota_por_UF_Municipio_CEP_Julho_2026.xlsx
SAO PAULO,MAUA,06529,1,A_Frota_por_UF_Municipio_CEP_Julho_2026.xlsx
SAO PAULO,MAUA,09000,1,A_Frota_por_UF_Municipio_CEP_Julho_2026.xlsx
SAO PAULO,MAUA,09130,1,A_Frota_por_UF_Municipio_CEP_Julho_2026.xlsx
SAO PAULO,MAUA,09300,59,A_Frota_por_UF_Municipio_CEP_Julho_2026.xlsx
SAO PAULO,MAUA,09301,1,A_Frota_por_UF_Municipio_CEP_Julho_2026.xlsx
SAO PAULO,MAUA,09302,1,A_Frota_por_UF_Municipio_CEP_Julho_2026.xlsx
SAO PAULO,MAUA,09310,147,A_Frota_por_UF_Municipio_CEP_Julho_2026.xlsx
SAO PAULO,MAUA,09311,17,A_Frota_por_UF_Municipio_CEP_Julho_2026.xlsx
SAO PAULO,MAUA,09312,3,A_Frota_por_UF_Municipio_CEP_Julho_2026.xlsx
SAO PAULO,MAUA,09320,169,A_Frota_por_UF_Municipio_CEP_Julho_2026.xlsx
SAO PAULO,MAUA,09321,171,A_Frota_por_UF_Municipio_CEP_Julho_2026.xlsx
SAO PAULO,MAUA,09322,3,A_Frota_por_UF_Municipio_CEP_Julho_2026.xlsx
SAO PAULO,MAUA,09330,197,A_Frota_por_UF_Municipio_CEP_Julho_2026.xlsx
SAO PAULO,MAUA,09331,11,A_Frota_por_UF_Municipio_CEP_Julho_2026.xlsx
SAO PAULO,MAUA,09332,23,A_Frota_por_UF_Municipio_CEP_Julho_2026.xlsx
SAO PAULO,MAUA,09333,9,A_Frota_por_UF_Municipio_CEP_Julho_2026.xlsx
SAO PAULO,MAUA,09334,8,A_Frota_por_UF_Municipio_CEP_Julho_2026.xlsx
SAO PAULO,MAUA,09335,7,A_Frota_por_UF_Municipio_CEP_Julho_2026.xlsx
SAO PAULO,MAUA,09336,2,A_Frota_por_UF_Municipio_CEP_Julho_2026.xlsx
SAO PAULO,MAUA,09340,166,A_Frota_por_UF_Municipio_CEP_Julho_2026.xlsx
SAO PAULO,MAUA,09341,74,A_Frota_por_UF_Municipio_CEP_Julho_2026.xlsx
SAO PAULO,MAUA,09350,147,A_Frota_por_UF_Municipio_CEP_Julho_2026.xlsx
SAO PAULO,MAUA,09351,144,A_Frota_por_UF_Municipio_CEP_Julho_2026.xlsx
SAO PAULO,MAUA,09355,1,A_Frota_por_UF_Municipio_CEP_Julho_2026.xlsx
SAO PAULO,MAUA,09359,1,A_Frota_por_UF_Municipio_CEP_Julho_2026.xlsx
SAO PAULO,MAUA,09360,159,A_Frota_por_UF_Municipio_CEP_Julho_2026.xlsx
SAO PAULO,MAUA,09361,110,A_Frota_por_UF_Municipio_CEP_Julho_2026.xlsx
SAO PAULO,MAUA,09370,216,A_Frota_por_UF_Municipio_CEP_Julho_2026.xlsx
SAO PAULO,MAUA,09371,170,A_Frota_por_UF_Municipio_CEP_Julho_2026.xlsx
SAO PAULO,MAUA,09372,5,A_Frota_por_UF_Municipio_CEP_Julho_2026.xlsx
SAO PAULO,MAUA,09380,206,A_Frota_por_UF_Municipio_CEP_Julho_2026.xlsx
SAO PAULO,MAUA,09381,19,A_Frota_por_UF_Municipio_CEP_Julho_2026.xlsx
SAO PAULO,MAUA,09390,201,A_Frota_por_UF_Municipio_CEP_Julho_2026.xlsx
SAO PAULO,MAUA,09391,4,A_Frota_por_UF_Municipio_CEP_Julho_2026.xlsx
SAO PAULO,MAUA,09392,3,A_Frota_por_UF_Municipio_CEP_Julho_2026.xlsx
SAO PAULO,MAUA,09550,1,A_Frota_por_UF_Municipio_CEP_Julho_2026.xlsx
SAO PAULO,MAUA,09557,1,A_Frota_por_UF_Municipio_CEP_Julho_2026.xlsx
SAO PAULO,MAUA,Sem I,46554,A_Frota_por_UF_Municipio_CEP_Julho_2026.xlsx
SAO PAULO,MENDONCA,00000,4526,A_Frota_por_UF_Municipio_CEP_Julho_2026.xlsx
SAO PAULO,MENDONCA,15220,6,A_Frota_por_UF_Municipio_CEP_Julho_2026.xlsx
SAO PAULO,MENDONCA,Sem I,310,A_Frota_por_UF_Municipio_CEP_Julho_2026.xlsx
SAO PAULO,MERIDIANO,00000,3755,A_Frota_por_UF_Municipio_CEP_Julho_2026.xlsx
SAO PAULO,MERIDIANO,15625,4,A_Frota_por_UF_Municipio_CEP_Julho_2026.xlsx
SAO PAULO,MERIDIANO,Sem I,264,A_Frota_por_UF_Municipio_CEP_Julho_2026.xlsx
SAO PAULO,MESOPOLIS,00000,1212,A_Frota_por_UF_Municipio_CEP_Julho_2026.xlsx
SAO PAULO,MESOPOLIS,15748,4,A_Frota_por_UF_Municipio_CEP_Julho_2026.xlsx
SAO PAULO,MESOPOLIS,Sem I,135,A_Frota_por_UF_Municipio_CEP_Julho_2026.xlsx
SAO PAULO,MIGUELOPOLIS,00000,12323,A_Frota_por_UF_Municipio_CEP_Julho_2026.xlsx
SAO PAULO,MIGUELOPOLIS,05029,1,A_Frota_por_UF_Municipio_CEP_Julho_2026.xlsx
SAO PAULO,MIGUELOPOLIS,06407,1,A_Frota_por_UF_Municipio_CEP_Julho_2026.xlsx
SAO PAULO,MIGUELOPOLIS,14530,69,A_Frota_por_UF_Municipio_CEP_Julho_2026.xlsx
SAO PAULO,MIGUELOPOLIS,Sem I,1761,A_Frota_por_UF_Municipio_CEP_Julho_2026.xlsx
SAO PAULO,MINEIROS DO TIETE,00000,7432,A_Frota_por_UF_Municipio_CEP_Julho_2026.xlsx
SAO PAULO,MINEIROS DO TIETE,17320,33,A_Frota_por_UF_Municipio_CEP_Julho_2026.xlsx
SAO PAULO,MINEIROS DO TIETE,Sem I,1052,A_Frota_por_UF_Municipio_CEP_Julho_2026.xlsx
SAO PAULO,MIRA ESTRELA,00000,2133,A_Frota_por_UF_Municipio_CEP_Julho_2026.xlsx
SAO PAULO,MIRA ESTRELA,Sem I,227,A_Frota_por_UF_Municipio_CEP_Julho_2026.xlsx
SAO PAULO,MIRACATU,_x0000__x0000__x0000__x0000_ ,1,A_Frota_por_UF_Municipio_CEP_Julho_2026.xlsx
SAO PAULO,MIRACATU,00000,10716,A_Frota_por_UF_Municipio_CEP_Julho_2026.xlsx
SAO PAULO,MIRACATU,11850,40,A_Frota_por_UF_Municipio_CEP_Julho_2026.xlsx
SAO PAULO,MIRACATU,Sem I,1288,A_Frota_por_UF_Municipio_CEP_Julho_2026.xlsx
SAO PAULO,MIRANDOPOLIS,_x0000__x0000__x0000__x0000_ ,4,A_Frota_por_UF_Municipio_CEP_Julho_2026.xlsx
SAO PAULO,MIRANDOPOLIS,00000,19253,A_Frota_por_UF_Municipio_CEP_Julho_2026.xlsx
SAO PAULO,MIRANDOPOLIS,16800,27,A_Frota_por_UF_Municipio_CEP_Julho_2026.xlsx
SAO PAULO,MIRANDOPOLIS,Sem I,2209,A_Frota_por_UF_Municipio_CEP_Julho_2026.xlsx
SAO PAULO,MIRANTE DO PARANAPANEMA,00000,10259,A_Frota_por_UF_Municipio_CEP_Julho_2026.xlsx
SAO PAULO,MIRANTE DO PARANAPANEMA,19260,32,A_Frota_por_UF_Municipio_CEP_Julho_2026.xlsx
SAO PAULO,MIRANTE DO PARANAPANEMA,Sem I,1044,A_Frota_por_UF_Municipio_CEP_Julho_2026.xlsx
SAO PAULO,MIRASSOL,_x0000__x0000__x0000__x0000_ ,2,A_Frota_por_UF_Municipio_CEP_Julho_2026.xlsx
SAO PAULO,MIRASSOL,00000,50491,A_Frota_por_UF_Municipio_CEP_Julho_2026.xlsx
SAO PAULO,MIRASSOL,15130,152,A_Frota_por_UF_Municipio_CEP_Julho_2026.xlsx
SAO PAULO,MIRASSOL,15300,1,A_Frota_por_UF_Municipio_CEP_Julho_2026.xlsx
SAO PAULO,MIRASSOL,Sem I,5523,A_Frota_por_UF_Municipio_CEP_Julho_2026.xlsx
SAO PAULO,MIRASSOLANDIA,00000,3054,A_Frota_por_UF_Municipio_CEP_Julho_2026.xlsx
SAO PAULO,MIRASSOLANDIA,15145,5,A_Frota_por_UF_Municipio_CEP_Julho_2026.xlsx
SAO PAULO,MIRASSOLANDIA,Sem I,252,A_Frota_por_UF_Municipio_CEP_Julho_2026.xlsx
SAO PAULO,MOCOCA,00000,48379,A_Frota_por_UF_Municipio_CEP_Julho_2026.xlsx
SAO PAULO,MOCOCA,06400,1,A_Frota_por_UF_Municipio_CEP_Julho_2026.xlsx
SAO PAULO,MOCOCA,06454,2,A_Frota_por_UF_Municipio_CEP_Julho_2026.xlsx
SAO PAULO,MOCOCA,06455,1,A_Frota_por_UF_Municipio_CEP_Julho_2026.xlsx
SAO PAULO,MOCOCA,13730,55,A_Frota_por_UF_Municipio_CEP_Julho_2026.xlsx
SAO PAULO,MOCOCA,13731,20,A_Frota_por_UF_Municipio_CEP_Julho_2026.xlsx
SAO PAULO,MOCOCA,13732,12,A_Frota_por_UF_Municipio_CEP_Julho_2026.xlsx
SAO PAULO,MOCOCA,13733,8,A_Frota_por_UF_Municipio_CEP_Julho_2026.xlsx
SAO PAULO,MOCOCA,13734,3,A_Frota_por_UF_Municipio_CEP_Julho_2026.xlsx
SAO PAULO,MOCOCA,13735,9,A_Frota_por_UF_Municipio_CEP_Julho_2026.xlsx
SAO PAULO,MOCOCA,13736,5,A_Frota_por_UF_Municipio_CEP_Julho_2026.xlsx
SAO PAULO,MOCOCA,13737,7,A_Frota_por_UF_Municipio_CEP_Julho_2026.xlsx
SAO PAULO,MOCOCA,13738,4,A_Frota_por_UF_Municipio_CEP_Julho_2026.xlsx
SAO PAULO,MOCOCA,13739,2,A_Frota_por_UF_Municipio_CEP_Julho_2026.xlsx
SAO PAULO,MOCOCA,13750,1,A_Frota_por_UF_Municipio_CEP_Julho_2026.xlsx
SAO PAULO,MOCOCA,13755,1,A_Frota_por_UF_Municipio_CEP_Julho_2026.xlsx
SAO PAULO,MOCOCA,Sem I,6262,A_Frota_por_UF_Municipio_CEP_Julho_2026.xlsx
SAO PAULO,MOGI DAS CRUZES,_x0000__x0000__x0000__x0000_ ,4,A_Frota_por_UF_Municipio_CEP_Julho_2026.xlsx
SAO PAULO,MOGI DAS CRUZES,00000,266397,A_Frota_por_UF_Municipio_CEP_Julho_2026.xlsx
SAO PAULO,MOGI DAS CRUZES,08500,1,A_Frota_por_UF_Municipio_CEP_Julho_2026.xlsx
SAO PAULO,MOGI DAS CRUZES,08535,1,A_Frota_por_UF_Municipio_CEP_Julho_2026.xlsx
SAO PAULO,MOGI DAS CRUZES,08664,1,A_Frota_por_UF_Municipio_CEP_Julho_2026.xlsx
SAO PAULO,MOGI DAS CRUZES,08700,168,A_Frota_por_UF_Municipio_CEP_Julho_2026.xlsx
SAO PAULO,MOGI DAS CRUZES,08701,2,A_Frota_por_UF_Municipio_CEP_Julho_2026.xlsx
SAO PAULO,MOGI DAS CRUZES,08703,1,A_Frota_por_UF_Municipio_CEP_Julho_2026.xlsx
SAO PAULO,MOGI DAS CRUZES,08710,102,A_Frota_por_UF_Municipio_CEP_Julho_2026.xlsx
SAO PAULO,MOGI DAS CRUZES,08715,81,A_Frota_por_UF_Municipio_CEP_Julho_2026.xlsx
SAO PAULO,MOGI DAS CRUZES,08717,158,A_Frota_por_UF_Municipio_CEP_Julho_2026.xlsx
SAO PAULO,MOGI DAS CRUZES,08720,72,A_Frota_por_UF_Municipio_CEP_Julho_2026.xlsx
SAO PAULO,MOGI DAS CRUZES,08725,72,A_Frota_por_UF_Municipio_CEP_Julho_2026.xlsx
SAO PAULO,MOGI DAS CRUZES,08726,6,A_Frota_por_UF_Municipio_CEP_Julho_2026.xlsx
SAO PAULO,MOGI DAS CRUZES,08727,7,A_Frota_por_UF_Municipio_CEP_Julho_2026.xlsx
SAO PAULO,MOGI DAS CRUZES,08730,157,A_Frota_por_UF_Municipio_CEP_Julho_2026.xlsx
SAO PAULO,MOGI DAS CRUZES,08735,119,A_Frota_por_UF_Municipio_CEP_Julho_2026.xlsx
SAO PAULO,MOGI DAS CRUZES,08737,57,A_Frota_por_UF_Municipio_CEP_Julho_2026.xlsx
SAO PAULO,MOGI DAS CRUZES,08738,90,A_Frota_por_UF_Municipio_CEP_Julho_2026.xlsx
SAO PAULO,MOGI DAS CRUZES,08740,160,A_Frota_por_UF_Municipio_CEP_Julho_2026.xlsx
SAO PAULO,MOGI DAS CRUZES,08741,1,A_Frota_por_UF_Municipio_CEP_Julho_2026.xlsx
SAO PAULO,MOGI DAS CRUZES,08742,51,A_Frota_por_UF_Municipio_CEP_Julho_2026.xlsx
SAO PAULO,MOGI DAS CRUZES,08743,82,A_Frota_por_UF_Municipio_CEP_Julho_2026.xlsx
SAO PAULO,MOGI DAS CRUZES,08744,70,A_Frota_por_UF_Municipio_CEP_Julho_2026.xlsx
SAO PAULO,MOGI DAS CRUZES,08745,254,A_Frota_por_UF_Municipio_CEP_Julho_2026.xlsx
SAO PAULO,MOGI DAS CRUZES,08746,9,A_Frota_por_UF_Municipio_CEP_Julho_2026.xlsx
SAO PAULO,MOGI DAS CRUZES,08747,5,A_Frota_por_UF_Municipio_CEP_Julho_2026.xlsx
SAO PAULO,MOGI DAS CRUZES,08750,231,A_Frota_por_UF_Municipio_CEP_Julho_2026.xlsx
SAO PAULO,MOGI DAS CRUZES,08751,6,A_Frota_por_UF_Municipio_CEP_Julho_2026.xlsx
SAO PAULO,MOGI DAS CRUZES,08752,25,A_Frota_por_UF_Municipio_CEP_Julho_2026.xlsx
SAO PAULO,MOGI DAS CRUZES,08753,11,A_Frota_por_UF_Municipio_CEP_Julho_2026.xlsx
SAO PAULO,MOGI DAS CRUZES,08754,6,A_Frota_por_UF_Municipio_CEP_Julho_2026.xlsx
SAO PAULO,MOGI DAS CRUZES,08755,5,A_Frota_por_UF_Municipio_CEP_Julho_2026.xlsx
SAO PAULO,MOGI DAS CRUZES,08757,1,A_Frota_por_UF_Municipio_CEP_Julho_2026.xlsx
SAO PAULO,MOGI DAS CRUZES,08760,32,A_Frota_por_UF_Municipio_CEP_Julho_2026.xlsx
SAO PAULO,MOGI DAS CRUZES,08761,29,A_Frota_por_UF_Municipio_CEP_Julho_2026.xlsx
SAO PAULO,MOGI DAS CRUZES,08762,49,A_Frota_por_UF_Municipio_CEP_Julho_2026.xlsx
SAO PAULO,MOGI DAS CRUZES,08763,29,A_Frota_por_UF_Municipio_CEP_Julho_2026.xlsx
SAO PAULO,MOGI DAS CRUZES,08765,19,A_Frota_por_UF_Municipio_CEP_Julho_2026.xlsx
SAO PAULO,MOGI DAS CRUZES,08766,2,A_Frota_por_UF_Municipio_CEP_Julho_2026.xlsx
SAO PAULO,MOGI DAS CRUZES,08767,1,A_Frota_por_UF_Municipio_CEP_Julho_2026.xlsx
SAO PAULO,MOGI DAS CRUZES,08769,1,A_Frota_por_UF_Municipio_CEP_Julho_2026.xlsx
SAO PAULO,MOGI DAS CRUZES,08770,106,A_Frota_por_UF_Municipio_CEP_Julho_2026.xlsx
SAO PAULO,MOGI DAS CRUZES,08771,21,A_Frota_por_UF_Municipio_CEP_Julho_2026.xlsx
SAO PAULO,MOGI DAS CRUZES,08772,16,A_Frota_por_UF_Municipio_CEP_Julho_2026.xlsx
SAO PAULO,MOGI DAS CRUZES,08773,96,A_Frota_por_UF_Municipio_CEP_Julho_2026.xlsx
SAO PAULO,MOGI DAS CRUZES,08774,13,A_Frota_por_UF_Municipio_CEP_Julho_2026.xlsx
SAO PAULO,MOGI DAS CRUZES,08775,116,A_Frota_por_UF_Municipio_CEP_Julho_2026.xlsx
SAO PAULO,MOGI DAS CRUZES,08776,1,A_Frota_por_UF_Municipio_CEP_Julho_2026.xlsx
SAO PAULO,MOGI DAS CRUZES,08777,1,A_Frota_por_UF_Municipio_CEP_Julho_2026.xlsx
SAO PAULO,MOGI DAS CRUZES,08780,82,A_Frota_por_UF_Municipio_CEP_Julho_2026.xlsx
SAO PAULO,MOGI DAS CRUZES,08790,103,A_Frota_por_UF_Municipio_CEP_Julho_2026.xlsx
SAO PAULO,MOGI DAS CRUZES,08793,24,A_Frota_por_UF_Municipio_CEP_Julho_2026.xlsx
SAO PAULO,MOGI DAS CRUZES,08795,40,A_Frota_por_UF_Municipio_CEP_Julho_2026.xlsx
SAO PAULO,MOGI DAS CRUZES,08800,2,A_Frota_por_UF_Municipio_CEP_Julho_2026.xlsx
SAO PAULO,MOGI DAS CRUZES,08810,112,A_Frota_por_UF_Municipio_CEP_Julho_2026.xlsx
SAO PAULO,MOGI DAS CRUZES,08820,71,A_Frota_por_UF_Municipio_CEP_Julho_2026.xlsx
SAO PAULO,MOGI DAS CRUZES,08830,72,A_Frota_por_UF_Municipio_CEP_Julho_2026.xlsx
SAO PAULO,MOGI DAS CRUZES,08831,4,A_Frota_por_UF_Municipio_CEP_Julho_2026.xlsx
SAO PAULO,MOGI DAS CRUZES,08840,30,A_Frota_por_UF_Municipio_CEP_Julho_2026.xlsx
SAO PAULO,MOGI DAS CRUZES,08850,7,A_Frota_por_UF_Municipio_CEP_Julho_2026.xlsx
SAO PAULO,MOGI DAS CRUZES,08870,2,A_Frota_por_UF_Municipio_CEP_Julho_2026.xlsx
SAO PAULO,MOGI DAS CRUZES,08873,1,A_Frota_por_UF_Municipio_CEP_Julho_2026.xlsx
SAO PAULO,MOGI DAS CRUZES,08875,1,A_Frota_por_UF_Municipio_CEP_Julho_2026.xlsx
SAO PAULO,MOGI DAS CRUZES,08880,1,A_Frota_por_UF_Municipio_CEP_Julho_2026.xlsx
SAO PAULO,MOGI DAS CRUZES,08890,2,A_Frota_por_UF_Municipio_CEP_Julho_2026.xlsx
SAO PAULO,MOGI DAS CRUZES,08940,1,A_Frota_por_UF_Municipio_CEP_Julho_2026.xlsx
SAO PAULO,MOGI DAS CRUZES,18700,1,A_Frota_por_UF_Municipio_CEP_Julho_2026.xlsx
SAO PAULO,MOGI DAS CRUZES,Sem I,35870,A_Frota_por_UF_Municipio_CEP_Julho_2026.xlsx
SAO PAULO,MOGI-GUACU,_x0000__x0000__x0000__x0000_ ,1,A_Frota_por_UF_Municipio_CEP_Julho_2026.xlsx
SAO PAULO,MOGI-GUACU,00000,125508,A_Frota_por_UF_Municipio_CEP_Julho_2026.xlsx
SAO PAULO,MOGI-GUACU,13300,1,A_Frota_por_UF_Municipio_CEP_Julho_2026.xlsx
SAO PAULO,MOGI-GUACU,13802,1,A_Frota_por_UF_Municipio_CEP_Julho_2026.xlsx
SAO PAULO,MOGI-GUACU,13840,314,A_Frota_por_UF_Municipio_CEP_Julho_2026.xlsx
SAO PAULO,MOGI-GUACU,13841,9,A_Frota_por_UF_Municipio_CEP_Julho_2026.xlsx
SAO PAULO,MOGI-GUACU,13842,4,A_Frota_por_UF_Municipio_CEP_Julho_2026.xlsx
SAO PAULO,MOGI-GUACU,13843,57,A_Frota_por_UF_Municipio_CEP_Julho_2026.xlsx
SAO PAULO,MOGI-GUACU,13844,32,A_Frota_por_UF_Municipio_CEP_Julho_2026.xlsx
SAO PAULO,MOGI-GUACU,13845,87,A_Frota_por_UF_Municipio_CEP_Julho_2026.xlsx
SAO PAULO,MOGI-GUACU,13846,68,A_Frota_por_UF_Municipio_CEP_Julho_2026.xlsx
SAO PAULO,MOGI-GUACU,13847,56,A_Frota_por_UF_Municipio_CEP_Julho_2026.xlsx
SAO PAULO,MOGI-GUACU,13848,75,A_Frota_por_UF_Municipio_CEP_Julho_2026.xlsx
SAO PAULO,MOGI-GUACU,13849,1,A_Frota_por_UF_Municipio_CEP_Julho_2026.xlsx
SAO PAULO,MOGI-GUACU,13854,1,A_Frota_por_UF_Municipio_CEP_Julho_2026.xlsx
SAO PAULO,MOGI-GUACU,13855,5,A_Frota_por_UF_Municipio_CEP_Julho_2026.xlsx
SAO PAULO,MOGI-GUACU,Sem I,16168,A_Frota_por_UF_Municipio_CEP_Julho_2026.xlsx
SAO PAULO,MOGI-MIRIM,_x0000__x0000__x0000__x0000_ ,5,A_Frota_por_UF_Municipio_CEP_Julho_2026.xlsx
SAO PAULO,MOGI-MIRIM,00000,75288,A_Frota_por_UF_Municipio_CEP_Julho_2026.xlsx
SAO PAULO,MOGI-MIRIM,08557,1,A_Frota_por_UF_Municipio_CEP_Julho_2026.xlsx
SAO PAULO,MOGI-MIRIM,13800,448,A_Frota_por_UF_Municipio_CEP_Julho_2026.xlsx
SAO PAULO,MOGI-MIRIM,13801,38,A_Frota_por_UF_Municipio_CEP_Julho_2026.xlsx
SAO PAULO,MOGI-MIRIM,13802,21,A_Frota_por_UF_Municipio_CEP_Julho_2026.xlsx
SAO PAULO,MOGI-MIRIM,13803,49,A_Frota_por_UF_Municipio_CEP_Julho_2026.xlsx
SAO PAULO,MOGI-MIRIM,13804,1,A_Frota_por_UF_Municipio_CEP_Julho_2026.xlsx
SAO PAULO,MOGI-MIRIM,13805,5,A_Frota_por_UF_Municipio_CEP_Julho_2026.xlsx
SAO PAULO,MOGI-MIRIM,13806,57,A_Frota_por_UF_Municipio_CEP_Julho_2026.xlsx
SAO PAULO,MOGI-MIRIM,13807,37,A_Frota_por_UF_Municipio_CEP_Julho_2026.xlsx
SAO PAULO,MOGI-MIRIM,13808,2,A_Frota_por_UF_Municipio_CEP_Julho_2026.xlsx
SAO PAULO,MOGI-MIRIM,13810,1,A_Frota_por_UF_Municipio_CEP_Julho_2026.xlsx
SAO PAULO,MOGI-MIRIM,13817,2,A_Frota_por_UF_Municipio_CEP_Julho_2026.xlsx
SAO PAULO,MOGI-MIRIM,13840,1,A_Frota_por_UF_Municipio_CEP_Julho_2026.xlsx
SAO PAULO,MOGI-MIRIM,13850,1,A_Frota_por_UF_Municipio_CEP_Julho_2026.xlsx
SAO PAULO,MOGI-MIRIM,Sem I,11697,A_Frota_por_UF_Municipio_CEP_Julho_2026.xlsx
SAO PAULO,MOMBUCA,00000,2613,A_Frota_por_UF_Municipio_CEP_Julho_2026.xlsx
SAO PAULO,MOMBUCA,13380,19,A_Frota_por_UF_Municipio_CEP_Julho_2026.xlsx
SAO PAULO,MOMBUCA,Sem I,254,A_Frota_por_UF_Municipio_CEP_Julho_2026.xlsx
SAO PAULO,MONCOES,00000,1899,A_Frota_por_UF_Municipio_CEP_Julho_2026.xlsx
SAO PAULO,MONCOES,15275,3,A_Frota_por_UF_Municipio_CEP_Julho_2026.xlsx
SAO PAULO,MONCOES,Sem I,183,A_Frota_por_UF_Municipio_CEP_Julho_2026.xlsx
SAO PAULO,MONGAGUA,00000,29571,A_Frota_por_UF_Municipio_CEP_Julho_2026.xlsx
SAO PAULO,MONGAGUA,11730,319,A_Frota_por_UF_Municipio_CEP_Julho_2026.xlsx
SAO PAULO,MONGAGUA,Sem I,2689,A_Frota_por_UF_Municipio_CEP_Julho_2026.xlsx
SAO PAULO,MONTE ALEGRE DO SUL,00000,6721,A_Frota_por_UF_Municipio_CEP_Julho_2026.xlsx
SAO PAULO,MONTE ALEGRE DO SUL,13910,20,A_Frota_por_UF_Municipio_CEP_Julho_2026.xlsx
SAO PAULO,MONTE ALEGRE DO SUL,13915,2,A_Frota_por_UF_Municipio_CEP_Julho_2026.xlsx
SAO PAULO,MONTE ALEGRE DO SUL,Sem I,978,A_Frota_por_UF_Municipio_CEP_Julho_2026.xlsx
SAO PAULO,MONTE ALTO,_x0000__x0000__x0000__x0000_ ,3,A_Frota_por_UF_Municipio_CEP_Julho_2026.xlsx
SAO PAULO,MONTE ALTO,00000,41894,A_Frota_por_UF_Municipio_CEP_Julho_2026.xlsx
SAO PAULO,MONTE ALTO,08557,1,A_Frota_por_UF_Municipio_CEP_Julho_2026.xlsx
SAO PAULO,MONTE ALTO,15910,141,A_Frota_por_UF_Municipio_CEP_Julho_2026.xlsx
SAO PAULO,MONTE ALTO,Sem I,5714,A_Frota_por_UF_Municipio_CEP_Julho_2026.xlsx
SAO PAULO,MONTE APRAZIVEL,_x0000__x0000__x0000__x0000_ ,4,A_Frota_por_UF_Municipio_CEP_Julho_2026.xlsx
SAO PAULO,MONTE APRAZIVEL,00000,17582,A_Frota_por_UF_Municipio_CEP_Julho_2026.xlsx
SAO PAULO,MONTE APRAZIVEL,15150,76,A_Frota_por_UF_Municipio_CEP_Julho_2026.xlsx
SAO PAULO,MONTE APRAZIVEL,Sem I,2223,A_Frota_por_UF_Municipio_CEP_Julho_2026.xlsx
SAO PAULO,MONTE AZUL PAULISTA,_x0000__x0000__x0000__x0000_ ,1,A_Frota_por_UF_Municipio_CEP_Julho_2026.xlsx
SAO PAULO,MONTE AZUL PAULISTA,00000,14779,A_Frota_por_UF_Municipio_CEP_Julho_2026.xlsx
SAO PAULO,MONTE AZUL PAULISTA,14730,47,A_Frota_por_UF_Municipio_CEP_Julho_2026.xlsx
SAO PAULO,MONTE AZUL PAULISTA,14733,1,A_Frota_por_UF_Municipio_CEP_Julho_2026.xlsx
SAO PAULO,MONTE AZUL PAULISTA,Sem I,1955,A_Frota_por_UF_Municipio_CEP_Julho_2026.xlsx
SAO PAULO,MONTE CASTELO,00000,2876,A_Frota_por_UF_Municipio_CEP_Julho_2026.xlsx
SAO PAULO,MONTE CASTELO,17960,5,A_Frota_por_UF_Municipio_CEP_Julho_2026.xlsx
SAO PAULO,MONTE CASTELO,Sem I,289,A_Frota_por_UF_Municipio_CEP_Julho_2026.xlsx
SAO PAULO,MONTE MOR,_x0000__x0000__x0000__x0000_ ,2,A_Frota_por_UF_Municipio_CEP_Julho_2026.xlsx
SAO PAULO,MONTE MOR,00000,41978,A_Frota_por_UF_Municipio_CEP_Julho_2026.xlsx
SAO PAULO,MONTE MOR,13190,495,A_Frota_por_UF_Municipio_CEP_Julho_2026.xlsx
SAO PAULO,MONTE MOR,13193,80,A_Frota_por_UF_Municipio_CEP_Julho_2026.xlsx
SAO PAULO,MONTE MOR,13197,2,A_Frota_por_UF_Municipio_CEP_Julho_2026.xlsx
SAO PAULO,MONTE MOR,Sem I,3898,A_Frota_por_UF_Municipio_CEP_Julho_2026.xlsx
SAO PAULO,MONTEIRO LOBATO,00000,3129,A_Frota_por_UF_Municipio_CEP_Julho_2026.xlsx
SAO PAULO,MONTEIRO LOBATO,12225,4,A_Frota_por_UF_Municipio_CEP_Julho_2026.xlsx
SAO PAULO,MONTEIRO LOBATO,12250,14,A_Frota_por_UF_Municipio_CEP_Julho_2026.xlsx
SAO PAULO,MONTEIRO LOBATO,Sem I,521,A_Frota_por_UF_Municipio_CEP_Julho_2026.xlsx
SAO PAULO,MORRO AGUDO,_x0000__x0000__x0000__x0000_ ,1,A_Frota_por_UF_Municipio_CEP_Julho_2026.xlsx
SAO PAULO,MORRO AGUDO,00000,20135,A_Frota_por_UF_Municipio_CEP_Julho_2026.xlsx
SAO PAULO,MORRO AGUDO,14600,1,A_Frota_por_UF_Municipio_CEP_Julho_2026.xlsx
SAO PAULO,MORRO AGUDO,14640,98,A_Frota_por_UF_Municipio_CEP_Julho_2026.xlsx
SAO PAULO,MORRO AGUDO,14642,1,A_Frota_por_UF_Municipio_CEP_Julho_2026.xlsx
SAO PAULO,MORRO AGUDO,Sem I,2388,A_Frota_por_UF_Municipio_CEP_Julho_2026.xlsx
SAO PAULO,MORUNGABA,00000,11226,A_Frota_por_UF_Municipio_CEP_Julho_2026.xlsx
SAO PAULO,MORUNGABA,13060,1,A_Frota_por_UF_Municipio_CEP_Julho_2026.xlsx
SAO PAULO,MORUNGABA,13260,88,A_Frota_por_UF_Municipio_CEP_Julho_2026.xlsx
SAO PAULO,MORUNGABA,Sem I,1530,A_Frota_por_UF_Municipio_CEP_Julho_2026.xlsx
SAO PAULO,MOTUCA,00000,2543,A_Frota_por_UF_Municipio_CEP_Julho_2026.xlsx
SAO PAULO,MOTUCA,14835,7,A_Frota_por_UF_Municipio_CEP_Julho_2026.xlsx
SAO PAULO,MOTUCA,Sem I,412,A_Frota_por_UF_Municipio_CEP_Julho_2026.xlsx
SAO PAULO,MURUTINGA DO SUL,00000,2664,A_Frota_por_UF_Municipio_CEP_Julho_2026.xlsx
SAO PAULO,MURUTINGA DO SUL,16950,4,A_Frota_por_UF_Municipio_CEP_Julho_2026.xlsx
SAO PAULO,MURUTINGA DO SUL,Sem I,290,A_Frota_por_UF_Municipio_CEP_Julho_2026.xlsx
SAO PAULO,NANTES,00000,1341,A_Frota_por_UF_Municipio_CEP_Julho_2026.xlsx
SAO PAULO,NANTES,19645,9,A_Frota_por_UF_Municipio_CEP_Julho_2026.xlsx
SAO PAULO,NANTES,Sem I,124,A_Frota_por_UF_Municipio_CEP_Julho_2026.xlsx
SAO PAULO,NARANDIBA,00000,3203,A_Frota_por_UF_Municipio_CEP_Julho_2026.xlsx
SAO PAULO,NARANDIBA,19220,21,A_Frota_por_UF_Municipio_CEP_Julho_2026.xlsx
SAO PAULO,NARANDIBA,Sem I,204,A_Frota_por_UF_Municipio_CEP_Julho_2026.xlsx
SAO PAULO,NATIVIDADE DA SERRA,00000,3404,A_Frota_por_UF_Municipio_CEP_Julho_2026.xlsx
SAO PAULO,NATIVIDADE DA SERRA,12180,1,A_Frota_por_UF_Municipio_CEP_Julho_2026.xlsx
SAO PAULO,NATIVIDADE DA SERRA,Sem I,427,A_Frota_por_UF_Municipio_CEP_Julho_2026.xlsx
SAO PAULO,NAZARE PAULISTA,00000,14315,A_Frota_por_UF_Municipio_CEP_Julho_2026.xlsx
SAO PAULO,NAZARE PAULISTA,12960,124,A_Frota_por_UF_Municipio_CEP_Julho_2026.xlsx
SAO PAULO,NAZARE PAULISTA,Sem I,1821,A_Frota_por_UF_Municipio_CEP_Julho_2026.xlsx
SAO PAULO,NEVES PAULISTA,00000,6463,A_Frota_por_UF_Municipio_CEP_Julho_2026.xlsx
SAO PAULO,NEVES PAULISTA,15120,31,A_Frota_por_UF_Municipio_CEP_Julho_2026.xlsx
SAO PAULO,NEVES PAULISTA,Sem I,711,A_Frota_por_UF_Municipio_CEP_Julho_2026.xlsx
SAO PAULO,NHANDEARA,00000,7762,A_Frota_por_UF_Municipio_CEP_Julho_2026.xlsx
SAO PAULO,NHANDEARA,15190,16,A_Frota_por_UF_Municipio_CEP_Julho_2026.xlsx
SAO PAULO,NHANDEARA,15195,1,A_Frota_por_UF_Municipio_CEP_Julho_2026.xlsx
SAO PAULO,NHANDEARA,Sem I,996,A_Frota_por_UF_Municipio_CEP_Julho_2026.xlsx
SAO PAULO,NIPOA,00000,3483,A_Frota_por_UF_Municipio_CEP_Julho_2026.xlsx
SAO PAULO,NIPOA,15240,22,A_Frota_por_UF_Municipio_CEP_Julho_2026.xlsx
SAO PAULO,NIPOA,15242,1,A_Frota_por_UF_Municipio_CEP_Julho_2026.xlsx
SAO PAULO,NIPOA,Sem I,282,A_Frota_por_UF_Municipio_CEP_Julho_2026.xlsx
SAO PAULO,NOVA ALIANCA,00000,4557,A_Frota_por_UF_Municipio_CEP_Julho_2026.xlsx
SAO PAULO,NOVA ALIANCA,15210,13,A_Frota_por_UF_Municipio_CEP_Julho_2026.xlsx
SAO PAULO,NOVA ALIANCA,Sem I,489,A_Frota_por_UF_Municipio_CEP_Julho_2026.xlsx
SAO PAULO,NOVA CAMPINA,00000,3928,A_Frota_por_UF_Municipio_CEP_Julho_2026.xlsx
SAO PAULO,NOVA CAMPINA,18435,9,A_Frota_por_UF_Municipio_CEP_Julho_2026.xlsx
SAO PAULO,NOVA CAMPINA,Sem I,301,A_Frota_por_UF_Municipio_CEP_Julho_2026.xlsx
SAO PAULO,NOVA CANAA PAULISTA,00000,1333,A_Frota_por_UF_Municipio_CEP_Julho_2026.xlsx
SAO PAULO,NOVA CANAA PAULISTA,15773,1,A_Frota_por_UF_Municipio_CEP_Julho_2026.xlsx
SAO PAULO,NOVA CANAA PAULISTA,Sem I,135,A_Frota_por_UF_Municipio_CEP_Julho_2026.xlsx
SAO PAULO,NOVA CASTILHO,00000,818,A_Frota_por_UF_Municipio_CEP_Julho_2026.xlsx
SAO PAULO,NOVA CASTILHO,Sem I,81,A_Frota_por_UF_Municipio_CEP_Julho_2026.xlsx
SAO PAULO,NOVA EUROPA,00000,6273,A_Frota_por_UF_Municipio_CEP_Julho_2026.xlsx
SAO PAULO,NOVA EUROPA,14920,39,A_Frota_por_UF_Municipio_CEP_Julho_2026.xlsx
SAO PAULO,NOVA EUROPA,Sem I,685,A_Frota_por_UF_Municipio_CEP_Julho_2026.xlsx
SAO PAULO,NOVA GRANADA,_x0000__x0000__x0000__x0000_ ,1,A_Frota_por_UF_Municipio_CEP_Julho_2026.xlsx
SAO PAULO,NOVA GRANADA,00000,14917,A_Frota_por_UF_Municipio_CEP_Julho_2026.xlsx
SAO PAULO,NOVA GRANADA,15440,61,A_Frota_por_UF_Municipio_CEP_Julho_2026.xlsx
SAO PAULO,NOVA GRANADA,15442,5,A_Frota_por_UF_Municipio_CEP_Julho_2026.xlsx
SAO PAULO,NOVA GRANADA,Sem I,1884,A_Frota_por_UF_Municipio_CEP_Julho_2026.xlsx
SAO PAULO,NOVA GUATAPORANGA,00000,1408,A_Frota_por_UF_Municipio_CEP_Julho_2026.xlsx
SAO PAULO,NOVA GUATAPORANGA,17950,3,A_Frota_por_UF_Municipio_CEP_Julho_2026.xlsx
SAO PAULO,NOVA GUATAPORANGA,Sem I,160,A_Frota_por_UF_Municipio_CEP_Julho_2026.xlsx
SAO PAULO,NOVA INDEPENDENCIA,00000,3068,A_Frota_por_UF_Municipio_CEP_Julho_2026.xlsx
SAO PAULO,NOVA INDEPENDENCIA,16940,4,A_Frota_por_UF_Municipio_CEP_Julho_2026.xlsx
SAO PAULO,NOVA INDEPENDENCIA,Sem I,125,A_Frota_por_UF_Municipio_CEP_Julho_2026.xlsx
SAO PAULO,NOVA LUZITANIA,00000,1973,A_Frota_por_UF_Municipio_CEP_Julho_2026.xlsx
SAO PAULO,NOVA LUZITANIA,15340,4,A_Frota_por_UF_Municipio_CEP_Julho_2026.xlsx
SAO PAULO,NOVA LUZITANIA,Sem I,202,A_Frota_por_UF_Municipio_CEP_Julho_2026.xlsx
SAO PAULO,NOVA ODESSA,00000,46289,A_Frota_por_UF_Municipio_CEP_Julho_2026.xlsx
SAO PAULO,NOVA ODESSA,13385,1,A_Frota_por_UF_Municipio_CEP_Julho_2026.xlsx
SAO PAULO,NOVA ODESSA,13460,569,A_Frota_por_UF_Municipio_CEP_Julho_2026.xlsx
SAO PAULO,NOVA ODESSA,13465,1,A_Frota_por_UF_Municipio_CEP_Julho_2026.xlsx
SAO PAULO,NOVA ODESSA,18800,1,A_Frota_por_UF_Municipio_CEP_Julho_2026.xlsx
SAO PAULO,NOVA ODESSA,Sem I,7767,A_Frota_por_UF_Municipio_CEP_Julho_2026.xlsx
SAO PAULO,NOVAIS,00000,2925,A_Frota_por_UF_Municipio_CEP_Julho_2026.xlsx
SAO PAULO,NOVAIS,15885,18,A_Frota_por_UF_Municipio_CEP_Julho_2026.xlsx
SAO PAULO,NOVAIS,Sem I,322,A_Frota_por_UF_Municipio_CEP_Julho_2026.xlsx
SAO PAULO,NOVO HORIZONTE,_x0000__x0000__x0000__x0000_ ,1,A_Frota_por_UF_Municipio_CEP_Julho_2026.xlsx
SAO PAULO,NOVO HORIZONTE,00000,31486,A_Frota_por_UF_Municipio_CEP_Julho_2026.xlsx
SAO PAULO,NOVO HORIZONTE,13730,1,A_Frota_por_UF_Municipio_CEP_Julho_2026.xlsx
SAO PAULO,NOVO HORIZONTE,14960,68,A_Frota_por_UF_Municipio_CEP_Julho_2026.xlsx
SAO PAULO,NOVO HORIZONTE,Sem I,4117,A_Frota_por_UF_Municipio_CEP_Julho_2026.xlsx
SAO PAULO,NUPORANGA,00000,5180,A_Frota_por_UF_Municipio_CEP_Julho_2026.xlsx
SAO PAULO,NUPORANGA,14670,47,A_Frota_por_UF_Municipio_CEP_Julho_2026.xlsx
SAO PAULO,NUPORANGA,Sem I,544,A_Frota_por_UF_Municipio_CEP_Julho_2026.xlsx
SAO PAULO,OCAUCU,00000,2695,A_Frota_por_UF_Municipio_CEP_Julho_2026.xlsx
SAO PAULO,OCAUCU,17540,5,A_Frota_por_UF_Municipio_CEP_Julho_2026.xlsx
SAO PAULO,OCAUCU,Sem I,356,A_Frota_por_UF_Municipio_CEP_Julho_2026.xlsx
SAO PAULO,OLEO,_x0000__x0000__x0000__x0000_ ,1,A_Frota_por_UF_Municipio_CEP_Julho_2026.xlsx
SAO PAULO,OLEO,00000,1513,A_Frota_por_UF_Municipio_CEP_Julho_2026.xlsx
SAO PAULO,OLEO,18790,2,A_Frota_por_UF_Municipio_CEP_Julho_2026.xlsx
SAO PAULO,OLEO,Sem I,189,A_Frota_por_UF_Municipio_CEP_Julho_2026.xlsx
SAO PAULO,OLIMPIA,_x0000__x0000__x0000__x0000_ ,4,A_Frota_por_UF_Municipio_CEP_Julho_2026.xlsx
SAO PAULO,OLIMPIA,00000,44363,A_Frota_por_UF_Municipio_CEP_Julho_2026.xlsx
SAO PAULO,OLIMPIA,15400,122,A_Frota_por_UF_Municipio_CEP_Julho_2026.xlsx
SAO PAULO,OLIMPIA,15405,2,A_Frota_por_UF_Municipio_CEP_Julho_2026.xlsx
SAO PAULO,OLIMPIA,Sem I,5676,A_Frota_por_UF_Municipio_CEP_Julho_2026.xlsx
SAO PAULO,ONDA VERDE,00000,2904,A_Frota_por_UF_Municipio_CEP_Julho_2026.xlsx
SAO PAULO,ONDA VERDE,15450,15,A_Frota_por_UF_Municipio_CEP_Julho_2026.xlsx
SAO PAULO,ONDA VERDE,Sem I,286,A_Frota_por_UF_Municipio_CEP_Julho_2026.xlsx
SAO PAULO,ORIENTE,_x0000__x0000__x0000__x0000_ ,1,A_Frota_por_UF_Municipio_CEP_Julho_2026.xlsx
SAO PAULO,ORIENTE,00000,3723,A_Frota_por_UF_Municipio_CEP_Julho_2026.xlsx
SAO PAULO,ORIENTE,17570,10,A_Frota_por_UF_Municipio_CEP_Julho_2026.xlsx
SAO PAULO,ORIENTE,Sem I,380,A_Frota_por_UF_Municipio_CEP_Julho_2026.xlsx
SAO PAULO,ORINDIUVA,00000,4612,A_Frota_por_UF_Municipio_CEP_Julho_2026.xlsx
SAO PAULO,ORINDIUVA,15480,618,A_Frota_por_UF_Municipio_CEP_Julho_2026.xlsx
SAO PAULO,ORINDIUVA,Sem I,479,A_Frota_por_UF_Municipio_CEP_Julho_2026.xlsx
SAO PAULO,ORLANDIA,_x0000__x0000__x0000__x0000_ ,3,A_Frota_por_UF_Municipio_CEP_Julho_2026.xlsx
SAO PAULO,ORLANDIA,00000,33903,A_Frota_por_UF_Municipio_CEP_Julho_2026.xlsx
SAO PAULO,ORLANDIA,14620,204,A_Frota_por_UF_Municipio_CEP_Julho_2026.xlsx
SAO PAULO,ORLANDIA,Sem I,5112,A_Frota_por_UF_Municipio_CEP_Julho_2026.xlsx
SAO PAULO,OSASCO,_x0000__x0000__x0000__x0000_ ,2,A_Frota_por_UF_Municipio_CEP_Julho_2026.xlsx
SAO PAULO,OSASCO,0,3,A_Frota_por_UF_Municipio_CEP_Julho_2026.xlsx
SAO PAULO,OSASCO,00000,433404,A_Frota_por_UF_Municipio_CEP_Julho_2026.xlsx
SAO PAULO,OSASCO,06000,45,A_Frota_por_UF_Municipio_CEP_Julho_2026.xlsx
SAO PAULO,OSASCO,06010,13,A_Frota_por_UF_Municipio_CEP_Julho_2026.xlsx
SAO PAULO,OSASCO,06012,1,A_Frota_por_UF_Municipio_CEP_Julho_2026.xlsx
SAO PAULO,OSASCO,06013,7,A_Frota_por_UF_Municipio_CEP_Julho_2026.xlsx
SAO PAULO,OSASCO,06016,41,A_Frota_por_UF_Municipio_CEP_Julho_2026.xlsx
SAO PAULO,OSASCO,06018,55,A_Frota_por_UF_Municipio_CEP_Julho_2026.xlsx
SAO PAULO,OSASCO,06020,116,A_Frota_por_UF_Municipio_CEP_Julho_2026.xlsx
SAO PAULO,OSASCO,06021,1,A_Frota_por_UF_Municipio_CEP_Julho_2026.xlsx
SAO PAULO,OSASCO,06022,1,A_Frota_por_UF_Municipio_CEP_Julho_2026.xlsx
SAO PAULO,OSASCO,06023,42,A_Frota_por_UF_Municipio_CEP_Julho_2026.xlsx
SAO PAULO,OSASCO,06026,92,A_Frota_por_UF_Municipio_CEP_Julho_2026.xlsx
SAO PAULO,OSASCO,06028,66,A_Frota_por_UF_Municipio_CEP_Julho_2026.xlsx
SAO PAULO,OSASCO,06029,761,A_Frota_por_UF_Municipio_CEP_Julho_2026.xlsx
SAO PAULO,OSASCO,06030,57,A_Frota_por_UF_Municipio_CEP_Julho_2026.xlsx
SAO PAULO,OSASCO,06033,60,A_Frota_por_UF_Municipio_CEP_Julho_2026.xlsx
SAO PAULO,OSASCO,06036,48,A_Frota_por_UF_Municipio_CEP_Julho_2026.xlsx
SAO PAULO,OSASCO,06038,39,A_Frota_por_UF_Municipio_CEP_Julho_2026.xlsx
SAO PAULO,OSASCO,06040,63,A_Frota_por_UF_Municipio_CEP_Julho_2026.xlsx
SAO PAULO,OSASCO,06045,60,A_Frota_por_UF_Municipio_CEP_Julho_2026.xlsx
SAO PAULO,OSASCO,06050,100,A_Frota_por_UF_Municipio_CEP_Julho_2026.xlsx
SAO PAULO,OSASCO,06053,62,A_Frota_por_UF_Municipio_CEP_Julho_2026.xlsx
SAO PAULO,OSASCO,06056,85,A_Frota_por_UF_Municipio_CEP_Julho_2026.xlsx
SAO PAULO,OSASCO,06058,1,A_Frota_por_UF_Municipio_CEP_Julho_2026.xlsx
SAO PAULO,OSASCO,06060,62,A_Frota_por_UF_Municipio_CEP_Julho_2026.xlsx
SAO PAULO,OSASCO,06063,1,A_Frota_por_UF_Municipio_CEP_Julho_2026.xlsx
SAO PAULO,OSASCO,06065,51,A_Frota_por_UF_Municipio_CEP_Julho_2026.xlsx
SAO PAULO,OSASCO,06070,48,A_Frota_por_UF_Municipio_CEP_Julho_2026.xlsx
SAO PAULO,OSASCO,06075,56,A_Frota_por_UF_Municipio_CEP_Julho_2026.xlsx
SAO PAULO,OSASCO,06080,53,A_Frota_por_UF_Municipio_CEP_Julho_2026.xlsx
SAO PAULO,OSASCO,06083,62,A_Frota_por_UF_Municipio_CEP_Julho_2026.xlsx
SAO PAULO,OSASCO,06086,75,A_Frota_por_UF_Municipio_CEP_Julho_2026.xlsx
SAO PAULO,OSASCO,06090,75,A_Frota_por_UF_Municipio_CEP_Julho_2026.xlsx
SAO PAULO,OSASCO,06093,24,A_Frota_por_UF_Municipio_CEP_Julho_2026.xlsx
SAO PAULO,OSASCO,06094,1,A_Frota_por_UF_Municipio_CEP_Julho_2026.xlsx
SAO PAULO,OSASCO,06097,31,A_Frota_por_UF_Municipio_CEP_Julho_2026.xlsx
SAO PAULO,OSASCO,06100,1,A_Frota_por_UF_Municipio_CEP_Julho_2026.xlsx
SAO PAULO,OSASCO,06110,52,A_Frota_por_UF_Municipio_CEP_Julho_2026.xlsx
SAO PAULO,OSASCO,06112,61,A_Frota_por_UF_Municipio_CEP_Julho_2026.xlsx
SAO PAULO,OSASCO,06114,53,A_Frota_por_UF_Municipio_CEP_Julho_2026.xlsx
SAO PAULO,OSASCO,06118,2,A_Frota_por_UF_Municipio_CEP_Julho_2026.xlsx
SAO PAULO,OSASCO,06120,67,A_Frota_por_UF_Municipio_CEP_Julho_2026.xlsx
SAO PAULO,OSASCO,06122,54,A_Frota_por_UF_Municipio_CEP_Julho_2026.xlsx
SAO PAULO,OSASCO,06124,83,A_Frota_por_UF_Municipio_CEP_Julho_2026.xlsx
SAO PAULO,OSASCO,06126,68,A_Frota_por_UF_Municipio_CEP_Julho_2026.xlsx
SAO PAULO,OSASCO,06130,134,A_Frota_por_UF_Municipio_CEP_Julho_2026.xlsx
SAO PAULO,OSASCO,06132,78,A_Frota_por_UF_Municipio_CEP_Julho_2026.xlsx
SAO PAULO,OSASCO,06140,103,A_Frota_por_UF_Municipio_CEP_Julho_2026.xlsx
SAO PAULO,OSASCO,06141,6,A_Frota_por_UF_Municipio_CEP_Julho_2026.xlsx
SAO PAULO,OSASCO,06142,55,A_Frota_por_UF_Municipio_CEP_Julho_2026.xlsx
SAO PAULO,OSASCO,06144,48,A_Frota_por_UF_Municipio_CEP_Julho_2026.xlsx
SAO PAULO,OSASCO,06145,31,A_Frota_por_UF_Municipio_CEP_Julho_2026.xlsx
SAO PAULO,OSASCO,06146,1,A_Frota_por_UF_Municipio_CEP_Julho_2026.xlsx
SAO PAULO,OSASCO,06147,22,A_Frota_por_UF_Municipio_CEP_Julho_2026.xlsx
SAO PAULO,OSASCO,06148,1,A_Frota_por_UF_Municipio_CEP_Julho_2026.xlsx
SAO PAULO,OSASCO,06149,33,A_Frota_por_UF_Municipio_CEP_Julho_2026.xlsx
SAO PAULO,OSASCO,06150,147,A_Frota_por_UF_Municipio_CEP_Julho_2026.xlsx
SAO PAULO,OSASCO,06151,2,A_Frota_por_UF_Municipio_CEP_Julho_2026.xlsx
SAO PAULO,OSASCO,06152,50,A_Frota_por_UF_Municipio_CEP_Julho_2026.xlsx
SAO PAULO,OSASCO,06154,76,A_Frota_por_UF_Municipio_CEP_Julho_2026.xlsx
SAO PAULO,OSASCO,06160,210,A_Frota_por_UF_Municipio_CEP_Julho_2026.xlsx
SAO PAULO,OSASCO,06162,89,A_Frota_por_UF_Municipio_CEP_Julho_2026.xlsx
SAO PAULO,OSASCO,06163,1,A_Frota_por_UF_Municipio_CEP_Julho_2026.xlsx
SAO PAULO,OSASCO,06170,90,A_Frota_por_UF_Municipio_CEP_Julho_2026.xlsx
SAO PAULO,OSASCO,06172,88,A_Frota_por_UF_Municipio_CEP_Julho_2026.xlsx
SAO PAULO,OSASCO,06176,1,A_Frota_por_UF_Municipio_CEP_Julho_2026.xlsx
SAO PAULO,OSASCO,06178,1,A_Frota_por_UF_Municipio_CEP_Julho_2026.xlsx
SAO PAULO,OSASCO,06180,69,A_Frota_por_UF_Municipio_CEP_Julho_2026.xlsx
SAO PAULO,OSASCO,06182,81,A_Frota_por_UF_Municipio_CEP_Julho_2026.xlsx
SAO PAULO,OSASCO,06184,113,A_Frota_por_UF_Municipio_CEP_Julho_2026.xlsx
SAO PAULO,OSASCO,06186,98,A_Frota_por_UF_Municipio_CEP_Julho_2026.xlsx
SAO PAULO,OSASCO,06187,3,A_Frota_por_UF_Municipio_CEP_Julho_2026.xlsx
SAO PAULO,OSASCO,06190,49,A_Frota_por_UF_Municipio_CEP_Julho_2026.xlsx
SAO PAULO,OSASCO,06192,70,A_Frota_por_UF_Municipio_CEP_Julho_2026.xlsx
SAO PAULO,OSASCO,06194,57,A_Frota_por_UF_Municipio_CEP_Julho_2026.xlsx
SAO PAULO,OSASCO,06200,1,A_Frota_por_UF_Municipio_CEP_Julho_2026.xlsx
SAO PAULO,OSASCO,06210,62,A_Frota_por_UF_Municipio_CEP_Julho_2026.xlsx
SAO PAULO,OSASCO,06213,40,A_Frota_por_UF_Municipio_CEP_Julho_2026.xlsx
SAO PAULO,OSASCO,06216,56,A_Frota_por_UF_Municipio_CEP_Julho_2026.xlsx
SAO PAULO,OSASCO,06220,62,A_Frota_por_UF_Municipio_CEP_Julho_2026.xlsx
SAO PAULO,OSASCO,06223,40,A_Frota_por_UF_Municipio_CEP_Julho_2026.xlsx
SAO PAULO,OSASCO,06224,1,A_Frota_por_UF_Municipio_CEP_Julho_2026.xlsx
SAO PAULO,OSASCO,06226,83,A_Frota_por_UF_Municipio_CEP_Julho_2026.xlsx
SAO PAULO,OSASCO,06229,1,A_Frota_por_UF_Municipio_CEP_Julho_2026.xlsx
SAO PAULO,OSASCO,06230,119,A_Frota_por_UF_Municipio_CEP_Julho_2026.xlsx
SAO PAULO,OSASCO,06233,112,A_Frota_por_UF_Municipio_CEP_Julho_2026.xlsx
SAO PAULO,OSASCO,06236,116,A_Frota_por_UF_Municipio_CEP_Julho_2026.xlsx
SAO PAULO,OSASCO,06240,52,A_Frota_por_UF_Municipio_CEP_Julho_2026.xlsx
SAO PAULO,OSASCO,06243,52,A_Frota_por_UF_Municipio_CEP_Julho_2026.xlsx
SAO PAULO,OSASCO,06246,65,A_Frota_por_UF_Municipio_CEP_Julho_2026.xlsx
SAO PAULO,OSASCO,06250,56,A_Frota_por_UF_Municipio_CEP_Julho_2026.xlsx
SAO PAULO,OSASCO,06253,85,A_Frota_por_UF_Municipio_CEP_Julho_2026.xlsx
SAO PAULO,OSASCO,06260,60,A_Frota_por_UF_Municipio_CEP_Julho_2026.xlsx
SAO PAULO,OSASCO,06263,91,A_Frota_por_UF_Municipio_CEP_Julho_2026.xlsx
SAO PAULO,OSASCO,06264,1,A_Frota_por_UF_Municipio_CEP_Julho_2026.xlsx
SAO PAULO,OSASCO,06266,98,A_Frota_por_UF_Municipio_CEP_Julho_2026.xlsx
SAO PAULO,OSASCO,06268,151,A_Frota_por_UF_Municipio_CEP_Julho_2026.xlsx
SAO PAULO,OSASCO,06270,50,A_Frota_por_UF_Municipio_CEP_Julho_2026.xlsx
SAO PAULO,OSASCO,06273,85,A_Frota_por_UF_Municipio_CEP_Julho_2026.xlsx
SAO PAULO,OSASCO,06275,1,A_Frota_por_UF_Municipio_CEP_Julho_2026.xlsx
SAO PAULO,OSASCO,06276,354,A_Frota_por_UF_Municipio_CEP_Julho_2026.xlsx
SAO PAULO,OSASCO,06277,1,A_Frota_por_UF_Municipio_CEP_Julho_2026.xlsx
SAO PAULO,OSASCO,06278,31,A_Frota_por_UF_Municipio_CEP_Julho_2026.xlsx
SAO PAULO,OSASCO,06280,56,A_Frota_por_UF_Municipio_CEP_Julho_2026.xlsx
SAO PAULO,OSASCO,06283,66,A_Frota_por_UF_Municipio_CEP_Julho_2026.xlsx
SAO PAULO,OSASCO,06286,58,A_Frota_por_UF_Municipio_CEP_Julho_2026.xlsx
SAO PAULO,OSASCO,06288,58,A_Frota_por_UF_Municipio_CEP_Julho_2026.xlsx
SAO PAULO,OSASCO,06290,45,A_Frota_por_UF_Municipio_CEP_Julho_2026.xlsx
SAO PAULO,OSASCO,06293,64,A_Frota_por_UF_Municipio_CEP_Julho_2026.xlsx
SAO PAULO,OSASCO,06296,47,A_Frota_por_UF_Municipio_CEP_Julho_2026.xlsx
SAO PAULO,OSASCO,06298,54,A_Frota_por_UF_Municipio_CEP_Julho_2026.xlsx
SAO PAULO,OSASCO,06379,1,A_Frota_por_UF_Municipio_CEP_Julho_2026.xlsx
SAO PAULO,OSASCO,06396,1,A_Frota_por_UF_Municipio_CEP_Julho_2026.xlsx
SAO PAULO,OSASCO,06398,1,A_Frota_por_UF_Municipio_CEP_Julho_2026.xlsx
SAO PAULO,OSASCO,06454,2,A_Frota_por_UF_Municipio_CEP_Julho_2026.xlsx
SAO PAULO,OSASCO,06455,2,A_Frota_por_UF_Municipio_CEP_Julho_2026.xlsx
SAO PAULO,OSASCO,06462,1,A_Frota_por_UF_Municipio_CEP_Julho_2026.xlsx
SAO PAULO,OSASCO,06473,1,A_Frota_por_UF_Municipio_CEP_Julho_2026.xlsx
SAO PAULO,OSASCO,06500,1,A_Frota_por_UF_Municipio_CEP_Julho_2026.xlsx
SAO PAULO,OSASCO,06550,1,A_Frota_por_UF_Municipio_CEP_Julho_2026.xlsx
SAO PAULO,OSASCO,06716,1,A_Frota_por_UF_Municipio_CEP_Julho_2026.xlsx
SAO PAULO,OSASCO,06726,1,A_Frota_por_UF_Municipio_CEP_Julho_2026.xlsx
SAO PAULO,OSASCO,06763,1,A_Frota_por_UF_Municipio_CEP_Julho_2026.xlsx
SAO PAULO,OSASCO,07776,1,A_Frota_por_UF_Municipio_CEP_Julho_2026.xlsx
SAO PAULO,OSASCO,13069,1,A_Frota_por_UF_Municipio_CEP_Julho_2026.xlsx
SAO PAULO,OSASCO,13212,6,A_Frota_por_UF_Municipio_CEP_Julho_2026.xlsx
SAO PAULO,OSASCO,13560,1,A_Frota_por_UF_Municipio_CEP_Julho_2026.xlsx
SAO PAULO,OSASCO,Sem I,75763,A_Frota_por_UF_Municipio_CEP_Julho_2026.xlsx
SAO PAULO,OSCAR BRESSANE,00000,1478,A_Frota_por_UF_Municipio_CEP_Julho_2026.xlsx
SAO PAULO,OSCAR BRESSANE,19770,2,A_Frota_por_UF_Municipio_CEP_Julho_2026.xlsx
SAO PAULO,OSCAR BRESSANE,Sem I,223,A_Frota_por_UF_Municipio_CEP_Julho_2026.xlsx
SAO PAULO,OSVALDO CRUZ,_x0000__x0000__x0000__x0000_ ,2,A_Frota_por_UF_Municipio_CEP_Julho_2026.xlsx
SAO PAULO,OSVALDO CRUZ,00000,24554,A_Frota_por_UF_Municipio_CEP_Julho_2026.xlsx
SAO PAULO,OSVALDO CRUZ,17700,58,A_Frota_por_UF_Municipio_CEP_Julho_2026.xlsx
SAO PAULO,OSVALDO CRUZ,17770,1,A_Frota_por_UF_Municipio_CEP_Julho_2026.xlsx
SAO PAULO,OSVALDO CRUZ,Sem I,2967,A_Frota_por_UF_Municipio_CEP_Julho_2026.xlsx
SAO PAULO,OURINHOS,_x0000__x0000__x0000__x0000_ ,1,A_Frota_por_UF_Municipio_CEP_Julho_2026.xlsx
SAO PAULO,OURINHOS,00000,81206,A_Frota_por_UF_Municipio_CEP_Julho_2026.xlsx
SAO PAULO,OURINHOS,19000,1,A_Frota_por_UF_Municipio_CEP_Julho_2026.xlsx
SAO PAULO,OURINHOS,19900,87,A_Frota_por_UF_Municipio_CEP_Julho_2026.xlsx
SAO PAULO,OURINHOS,19901,14,A_Frota_por_UF_Municipio_CEP_Julho_2026.xlsx
SAO PAULO,OURINHOS,19902,17,A_Frota_por_UF_Municipio_CEP_Julho_2026.xlsx
SAO PAULO,OURINHOS,19903,1,A_Frota_por_UF_Municipio_CEP_Julho_2026.xlsx
SAO PAULO,OURINHOS,19904,17,A_Frota_por_UF_Municipio_CEP_Julho_2026.xlsx
SAO PAULO,OURINHOS,19905,43,A_Frota_por_UF_Municipio_CEP_Julho_2026.xlsx
SAO PAULO,OURINHOS,19906,16,A_Frota_por_UF_Municipio_CEP_Julho_2026.xlsx
SAO PAULO,OURINHOS,19907,25,A_Frota_por_UF_Municipio_CEP_Julho_2026.xlsx
SAO PAULO,OURINHOS,19908,5,A_Frota_por_UF_Municipio_CEP_Julho_2026.xlsx
SAO PAULO,OURINHOS,19909,4,A_Frota_por_UF_Municipio_CEP_Julho_2026.xlsx
SAO PAULO,OURINHOS,19910,15,A_Frota_por_UF_Municipio_CEP_Julho_2026.xlsx
SAO PAULO,OURINHOS,19911,47,A_Frota_por_UF_Municipio_CEP_Julho_2026.xlsx
SAO PAULO,OURINHOS,19912,7,A_Frota_por_UF_Municipio_CEP_Julho_2026.xlsx
SAO PAULO,OURINHOS,19913,20,A_Frota_por_UF_Municipio_CEP_Julho_2026.xlsx
SAO PAULO,OURINHOS,19914,29,A_Frota_por_UF_Municipio_CEP_Julho_2026.xlsx
SAO PAULO,OURINHOS,19915,29,A_Frota_por_UF_Municipio_CEP_Julho_2026.xlsx
SAO PAULO,OURINHOS,Sem I,10347,A_Frota_por_UF_Municipio_CEP_Julho_2026.xlsx
SAO PAULO,OURO VERDE,00000,4758,A_Frota_por_UF_Municipio_CEP_Julho_2026.xlsx
SAO PAULO,OURO VERDE,17920,12,A_Frota_por_UF_Municipio_CEP_Julho_2026.xlsx
SAO PAULO,OURO VERDE,Sem I,429,A_Frota_por_UF_Municipio_CEP_Julho_2026.xlsx
SAO PAULO,OUROESTE,00000,8371,A_Frota_por_UF_Municipio_CEP_Julho_2026.xlsx
SAO PAULO,OUROESTE,15685,20,A_Frota_por_UF_Municipio_CEP_Julho_2026.xlsx
SAO PAULO,OUROESTE,15688,1,A_Frota_por_UF_Municipio_CEP_Julho_2026.xlsx
SAO PAULO,OUROESTE,Sem I,529,A_Frota_por_UF_Municipio_CEP_Julho_2026.xlsx
SAO PAULO,PACAEMBU,00000,7378,A_Frota_por_UF_Municipio_CEP_Julho_2026.xlsx
SAO PAULO,PACAEMBU,17860,18,A_Frota_por_UF_Municipio_CEP_Julho_2026.xlsx
SAO PAULO,PACAEMBU,17876,1,A_Frota_por_UF_Municipio_CEP_Julho_2026.xlsx
SAO PAULO,PACAEMBU,Sem I,904,A_Frota_por_UF_Municipio_CEP_Julho_2026.xlsx
SAO PAULO,PALESTINA,00000,7509,A_Frota_por_UF_Municipio_CEP_Julho_2026.xlsx
SAO PAULO,PALESTINA,15470,32,A_Frota_por_UF_Municipio_CEP_Julho_2026.xlsx
SAO PAULO,PALESTINA,Sem I,818,A_Frota_por_UF_Municipio_CEP_Julho_2026.xlsx
SAO PAULO,PALMARES PAULISTA,00000,5698,A_Frota_por_UF_Municipio_CEP_Julho_2026.xlsx
SAO PAULO,PALMARES PAULISTA,15828,15,A_Frota_por_UF_Municipio_CEP_Julho_2026.xlsx
SAO PAULO,PALMARES PAULISTA,Sem I,439,A_Frota_por_UF_Municipio_CEP_Julho_2026.xlsx
SAO PAULO,PALMEIRA D'OESTE,_x0000__x0000__x0000__x0000_ ,1,A_Frota_por_UF_Municipio_CEP_Julho_2026.xlsx
SAO PAULO,PALMEIRA D'OESTE,00000,7575,A_Frota_por_UF_Municipio_CEP_Julho_2026.xlsx
SAO PAULO,PALMEIRA D'OESTE,15700,1,A_Frota_por_UF_Municipio_CEP_Julho_2026.xlsx
SAO PAULO,PALMEIRA D'OESTE,15720,4,A_Frota_por_UF_Municipio_CEP_Julho_2026.xlsx
SAO PAULO,PALMEIRA D'OESTE,Sem I,1008,A_Frota_por_UF_Municipio_CEP_Julho_2026.xlsx
SAO PAULO,PALMITAL,00000,15987,A_Frota_por_UF_Municipio_CEP_Julho_2026.xlsx
SAO PAULO,PALMITAL,19970,32,A_Frota_por_UF_Municipio_CEP_Julho_2026.xlsx
SAO PAULO,PALMITAL,Sem I,2205,A_Frota_por_UF_Municipio_CEP_Julho_2026.xlsx
SAO PAULO,PANORAMA,_x0000__x0000__x0000__x0000_ ,4,A_Frota_por_UF_Municipio_CEP_Julho_2026.xlsx
SAO PAULO,PANORAMA,00000,10745,A_Frota_por_UF_Municipio_CEP_Julho_2026.xlsx
SAO PAULO,PANORAMA,17980,41,A_Frota_por_UF_Municipio_CEP_Julho_2026.xlsx
SAO PAULO,PANORAMA,Sem I,1172,A_Frota_por_UF_Municipio_CEP_Julho_2026.xlsx
SAO PAULO,PARAGUACU PAULISTA,_x0000__x0000__x0000__x0000_ ,1,A_Frota_por_UF_Municipio_CEP_Julho_2026.xlsx
SAO PAULO,PARAGUACU PAULISTA,00000,31635,A_Frota_por_UF_Municipio_CEP_Julho_2026.xlsx
SAO PAULO,PARAGUACU PAULISTA,19700,218,A_Frota_por_UF_Municipio_CEP_Julho_2026.xlsx
SAO PAULO,PARAGUACU PAULISTA,Sem I,3901,A_Frota_por_UF_Municipio_CEP_Julho_2026.xlsx
SAO PAULO,PARAIBUNA,_x0000__x0000__x0000__x0000_ ,3,A_Frota_por_UF_Municipio_CEP_Julho_2026.xlsx
SAO PAULO,PARAIBUNA,00000,11881,A_Frota_por_UF_Municipio_CEP_Julho_2026.xlsx
SAO PAULO,PARAIBUNA,12260,25,A_Frota_por_UF_Municipio_CEP_Julho_2026.xlsx
SAO PAULO,PARAIBUNA,Sem I,1490,A_Frota_por_UF_Municipio_CEP_Julho_2026.xlsx
SAO PAULO,PARAISO,00000,4790,A_Frota_por_UF_Municipio_CEP_Julho_2026.xlsx
SAO PAULO,PARAISO,15825,10,A_Frota_por_UF_Municipio_CEP_Julho_2026.xlsx
SAO PAULO,PARAISO,Sem I,377,A_Frota_por_UF_Municipio_CEP_Julho_2026.xlsx
SAO PAULO,PARANAPANEMA,00000,13404,A_Frota_por_UF_Municipio_CEP_Julho_2026.xlsx
SAO PAULO,PARANAPANEMA,18720,18,A_Frota_por_UF_Municipio_CEP_Julho_2026.xlsx
SAO PAULO,PARANAPANEMA,18725,10,A_Frota_por_UF_Municipio_CEP_Julho_2026.xlsx
SAO PAULO,PARANAPANEMA,Sem I,1253,A_Frota_por_UF_Municipio_CEP_Julho_2026.xlsx
SAO PAULO,PARANAPUA,00000,3144,A_Frota_por_UF_Municipio_CEP_Julho_2026.xlsx
SAO PAULO,PARANAPUA,15745,1,A_Frota_por_UF_Municipio_CEP_Julho_2026.xlsx
SAO PAULO,PARANAPUA,Sem I,319,A_Frota_por_UF_Municipio_CEP_Julho_2026.xlsx
SAO PAULO,PARAPUA,_x0000__x0000__x0000__x0000_ ,4,A_Frota_por_UF_Municipio_CEP_Julho_2026.xlsx
SAO PAULO,PARAPUA,00000,7484,A_Frota_por_UF_Municipio_CEP_Julho_2026.xlsx
SAO PAULO,PARAPUA,17730,8,A_Frota_por_UF_Municipio_CEP_Julho_2026.xlsx
SAO PAULO,PARAPUA,Sem I,666,A_Frota_por_UF_Municipio_CEP_Julho_2026.xlsx
SAO PAULO,PARDINHO,00000,5201,A_Frota_por_UF_Municipio_CEP_Julho_2026.xlsx
SAO PAULO,PARDINHO,18640,27,A_Frota_por_UF_Municipio_CEP_Julho_2026.xlsx
SAO PAULO,PARDINHO,Sem I,536,A_Frota_por_UF_Municipio_CEP_Julho_2026.xlsx
SAO PAULO,PARIQUERA-ACU,00000,11353,A_Frota_por_UF_Municipio_CEP_Julho_2026.xlsx
SAO PAULO,PARIQUERA-ACU,11930,38,A_Frota_por_UF_Municipio_CEP_Julho_2026.xlsx
SAO PAULO,PARIQUERA-ACU,Sem I,1097,A_Frota_por_UF_Municipio_CEP_Julho_2026.xlsx
SAO PAULO,PARISI,00000,1957,A_Frota_por_UF_Municipio_CEP_Julho_2026.xlsx
SAO PAULO,PARISI,Sem I,167,A_Frota_por_UF_Municipio_CEP_Julho_2026.xlsx
SAO PAULO,PATROCINIO PAULISTA,00000,9149,A_Frota_por_UF_Municipio_CEP_Julho_2026.xlsx
SAO PAULO,PATROCINIO PAULISTA,14415,21,A_Frota_por_UF_Municipio_CEP_Julho_2026.xlsx
SAO PAULO,PATROCINIO PAULISTA,Sem I,862,A_Frota_por_UF_Municipio_CEP_Julho_2026.xlsx
SAO PAULO,PAULICEIA,00000,6350,A_Frota_por_UF_Municipio_CEP_Julho_2026.xlsx
SAO PAULO,PAULICEIA,17940,1,A_Frota_por_UF_Municipio_CEP_Julho_2026.xlsx
SAO PAULO,PAULICEIA,17990,16,A_Frota_por_UF_Municipio_CEP_Julho_2026.xlsx
SAO PAULO,PAULICEIA,Sem I,606,A_Frota_por_UF_Municipio_CEP_Julho_2026.xlsx
SAO PAULO,PAULINIA,_x0000__x0000__x0000__x0000_ ,2,A_Frota_por_UF_Municipio_CEP_Julho_2026.xlsx
SAO PAULO,PAULINIA,00000,89194,A_Frota_por_UF_Municipio_CEP_Julho_2026.xlsx
SAO PAULO,PAULINIA,13140,1439,A_Frota_por_UF_Municipio_CEP_Julho_2026.xlsx
SAO PAULO,PAULINIA,13142,24,A_Frota_por_UF_Municipio_CEP_Julho_2026.xlsx
SAO PAULO,PAULINIA,13145,3,A_Frota_por_UF_Municipio_CEP_Julho_2026.xlsx
SAO PAULO,PAULINIA,13146,24,A_Frota_por_UF_Municipio_CEP_Julho_2026.xlsx
SAO PAULO,PAULINIA,13148,17,A_Frota_por_UF_Municipio_CEP_Julho_2026.xlsx
SAO PAULO,PAULINIA,13177,1,A_Frota_por_UF_Municipio_CEP_Julho_2026.xlsx
SAO PAULO,PAULINIA,13179,1,A_Frota_por_UF_Municipio_CEP_Julho_2026.xlsx
SAO PAULO,PAULINIA,13190,1,A_Frota_por_UF_Municipio_CEP_Julho_2026.xlsx
SAO PAULO,PAULINIA,13231,1,A_Frota_por_UF_Municipio_CEP_Julho_2026.xlsx
SAO PAULO,PAULINIA,Sem I,10675,A_Frota_por_UF_Municipio_CEP_Julho_2026.xlsx
SAO PAULO,PAULISTANIA,00000,1170,A_Frota_por_UF_Municipio_CEP_Julho_2026.xlsx
SAO PAULO,PAULISTANIA,17150,3,A_Frota_por_UF_Municipio_CEP_Julho_2026.xlsx
SAO PAULO,PAULISTANIA,Sem I,101,A_Frota_por_UF_Municipio_CEP_Julho_2026.xlsx
SAO PAULO,PAULO DE FARIA,00000,4225,A_Frota_por_UF_Municipio_CEP_Julho_2026.xlsx
SAO PAULO,PAULO DE FARIA,15400,1,A_Frota_por_UF_Municipio_CEP_Julho_2026.xlsx
SAO PAULO,PAULO DE FARIA,15490,33,A_Frota_por_UF_Municipio_CEP_Julho_2026.xlsx
SAO PAULO,PAULO DE FARIA,Sem I,627,A_Frota_por_UF_Municipio_CEP_Julho_2026.xlsx
SAO PAULO,PEDERNEIRAS,00000,34153,A_Frota_por_UF_Municipio_CEP_Julho_2026.xlsx
SAO PAULO,PEDERNEIRAS,17280,224,A_Frota_por_UF_Municipio_CEP_Julho_2026.xlsx
SAO PAULO,PEDERNEIRAS,17288,2,A_Frota_por_UF_Municipio_CEP_Julho_2026.xlsx
SAO PAULO,PEDERNEIRAS,Sem I,4407,A_Frota_por_UF_Municipio_CEP_Julho_2026.xlsx
SAO PAULO,PEDRA BELA,00000,5458,A_Frota_por_UF_Municipio_CEP_Julho_2026.xlsx
SAO PAULO,PEDRA BELA,12990,5,A_Frota_por_UF_Municipio_CEP_Julho_2026.xlsx
SAO PAULO,PEDRA BELA,Sem I,549,A_Frota_por_UF_Municipio_CEP_Julho_2026.xlsx
SAO PAULO,PEDRANOPOLIS,00000,2010,A_Frota_por_UF_Municipio_CEP_Julho_2026.xlsx
SAO PAULO,PEDRANOPOLIS,15630,2,A_Frota_por_UF_Municipio_CEP_Julho_2026.xlsx
SAO PAULO,PEDRANOPOLIS,Sem I,213,A_Frota_por_UF_Municipio_CEP_Julho_2026.xlsx
SAO PAULO,PEDREGULHO,00000,10442,A_Frota_por_UF_Municipio_CEP_Julho_2026.xlsx
SAO PAULO,PEDREGULHO,14470,24,A_Frota_por_UF_Municipio_CEP_Julho_2026.xlsx
SAO PAULO,PEDREGULHO,Sem I,1337,A_Frota_por_UF_Municipio_CEP_Julho_2026.xlsx
SAO PAULO,PEDREIRA,00000,36512,A_Frota_por_UF_Municipio_CEP_Julho_2026.xlsx
SAO PAULO,PEDREIRA,13920,227,A_Frota_por_UF_Municipio_CEP_Julho_2026.xlsx
SAO PAULO,PEDREIRA,Sem I,5816,A_Frota_por_UF_Municipio_CEP_Julho_2026.xlsx
SAO PAULO,PEDRINHAS PAULISTA,00000,2345,A_Frota_por_UF_Municipio_CEP_Julho_2026.xlsx
SAO PAULO,PEDRINHAS PAULISTA,19865,5,A_Frota_por_UF_Municipio_CEP_Julho_2026.xlsx
SAO PAULO,PEDRINHAS PAULISTA,Sem I,326,A_Frota_por_UF_Municipio_CEP_Julho_2026.xlsx
SAO PAULO,PEDRO DE TOLEDO,00000,4483,A_Frota_por_UF_Municipio_CEP_Julho_2026.xlsx
SAO PAULO,PEDRO DE TOLEDO,11790,26,A_Frota_por_UF_Municipio_CEP_Julho_2026.xlsx
SAO PAULO,PEDRO DE TOLEDO,Sem I,564,A_Frota_por_UF_Municipio_CEP_Julho_2026.xlsx
SAO PAULO,PENAPOLIS,00000,53775,A_Frota_por_UF_Municipio_CEP_Julho_2026.xlsx
SAO PAULO,PENAPOLIS,16300,135,A_Frota_por_UF_Municipio_CEP_Julho_2026.xlsx
SAO PAULO,PENAPOLIS,16306,1,A_Frota_por_UF_Municipio_CEP_Julho_2026.xlsx
SAO PAULO,PENAPOLIS,17516,1,A_Frota_por_UF_Municipio_CEP_Julho_2026.xlsx
SAO PAULO,PENAPOLIS,Sem I,7481,A_Frota_por_UF_Municipio_CEP_Julho_2026.xlsx
SAO PAULO,PEREIRA BARRETO,00000,17586,A_Frota_por_UF_Municipio_CEP_Julho_2026.xlsx
SAO PAULO,PEREIRA BARRETO,15300,1,A_Frota_por_UF_Municipio_CEP_Julho_2026.xlsx
SAO PAULO,PEREIRA BARRETO,15370,40,A_Frota_por_UF_Municipio_CEP_Julho_2026.xlsx
SAO PAULO,PEREIRA BARRETO,15378,2,A_Frota_por_UF_Municipio_CEP_Julho_2026.xlsx
SAO PAULO,PEREIRA BARRETO,Sem I,2587,A_Frota_por_UF_Municipio_CEP_Julho_2026.xlsx
SAO PAULO,PEREIRAS,00000,4735,A_Frota_por_UF_Municipio_CEP_Julho_2026.xlsx
SAO PAULO,PEREIRAS,18580,42,A_Frota_por_UF_Municipio_CEP_Julho_2026.xlsx
SAO PAULO,PEREIRAS,Sem I,647,A_Frota_por_UF_Municipio_CEP_Julho_2026.xlsx
SAO PAULO,PERUIBE,_x0000__x0000__x0000__x0000_ ,4,A_Frota_por_UF_Municipio_CEP_Julho_2026.xlsx
SAO PAULO,PERUIBE,00000,42770,A_Frota_por_UF_Municipio_CEP_Julho_2026.xlsx
SAO PAULO,PERUIBE,11750,553,A_Frota_por_UF_Municipio_CEP_Julho_2026.xlsx
SAO PAULO,PERUIBE,17500,2,A_Frota_por_UF_Municipio_CEP_Julho_2026.xlsx
SAO PAULO,PERUIBE,Sem I,4536,A_Frota_por_UF_Municipio_CEP_Julho_2026.xlsx
SAO PAULO,PIACATU,00000,3630,A_Frota_por_UF_Municipio_CEP_Julho_2026.xlsx
SAO PAULO,PIACATU,16230,5,A_Frota_por_UF_Municipio_CEP_Julho_2026.xlsx
SAO PAULO,PIACATU,Sem I,349,A_Frota_por_UF_Municipio_CEP_Julho_2026.xlsx
SAO PAULO,PIEDADE,_x0000__x0000__x0000__x0000_ ,2,A_Frota_por_UF_Municipio_CEP_Julho_2026.xlsx
SAO PAULO,PIEDADE,00000,41242,A_Frota_por_UF_Municipio_CEP_Julho_2026.xlsx
SAO PAULO,PIEDADE,18170,126,A_Frota_por_UF_Municipio_CEP_Julho_2026.xlsx
SAO PAULO,PIEDADE,Sem I,5272,A_Frota_por_UF_Municipio_CEP_Julho_2026.xlsx
SAO PAULO,PILAR DO SUL,_x0000__x0000__x0000__x0000_ ,1,A_Frota_por_UF_Municipio_CEP_Julho_2026.xlsx
SAO PAULO,PILAR DO SUL,00000,25969,A_Frota_por_UF_Municipio_CEP_Julho_2026.xlsx
SAO PAULO,PILAR DO SUL,18185,79,A_Frota_por_UF_Municipio_CEP_Julho_2026.xlsx
SAO PAULO,PILAR DO SUL,Sem I,2493,A_Frota_por_UF_Municipio_CEP_Julho_2026.xlsx
SAO PAULO,PINDAMONHANGABA,_x0000__x0000__x0000__x0000_ ,1,A_Frota_por_UF_Municipio_CEP_Julho_2026.xlsx
SAO PAULO,PINDAMONHANGABA,0,1,A_Frota_por_UF_Municipio_CEP_Julho_2026.xlsx
SAO PAULO,PINDAMONHANGABA,00000,102817,A_Frota_por_UF_Municipio_CEP_Julho_2026.xlsx
SAO PAULO,PINDAMONHANGABA,11440,1,A_Frota_por_UF_Municipio_CEP_Julho_2026.xlsx
SAO PAULO,PINDAMONHANGABA,12120,1,A_Frota_por_UF_Municipio_CEP_Julho_2026.xlsx
SAO PAULO,PINDAMONHANGABA,12400,175,A_Frota_por_UF_Municipio_CEP_Julho_2026.xlsx
SAO PAULO,PINDAMONHANGABA,12401,17,A_Frota_por_UF_Municipio_CEP_Julho_2026.xlsx
SAO PAULO,PINDAMONHANGABA,12402,17,A_Frota_por_UF_Municipio_CEP_Julho_2026.xlsx
SAO PAULO,PINDAMONHANGABA,12403,31,A_Frota_por_UF_Municipio_CEP_Julho_2026.xlsx
SAO PAULO,PINDAMONHANGABA,12405,8,A_Frota_por_UF_Municipio_CEP_Julho_2026.xlsx
SAO PAULO,PINDAMONHANGABA,12410,51,A_Frota_por_UF_Municipio_CEP_Julho_2026.xlsx
SAO PAULO,PINDAMONHANGABA,12411,23,A_Frota_por_UF_Municipio_CEP_Julho_2026.xlsx
SAO PAULO,PINDAMONHANGABA,12412,41,A_Frota_por_UF_Municipio_CEP_Julho_2026.xlsx
SAO PAULO,PINDAMONHANGABA,12413,16,A_Frota_por_UF_Municipio_CEP_Julho_2026.xlsx
SAO PAULO,PINDAMONHANGABA,12414,25,A_Frota_por_UF_Municipio_CEP_Julho_2026.xlsx
SAO PAULO,PINDAMONHANGABA,12415,8,A_Frota_por_UF_Municipio_CEP_Julho_2026.xlsx
SAO PAULO,PINDAMONHANGABA,12420,56,A_Frota_por_UF_Municipio_CEP_Julho_2026.xlsx
SAO PAULO,PINDAMONHANGABA,12421,10,A_Frota_por_UF_Municipio_CEP_Julho_2026.xlsx
SAO PAULO,PINDAMONHANGABA,12422,27,A_Frota_por_UF_Municipio_CEP_Julho_2026.xlsx
SAO PAULO,PINDAMONHANGABA,12423,13,A_Frota_por_UF_Municipio_CEP_Julho_2026.xlsx
SAO PAULO,PINDAMONHANGABA,12424,25,A_Frota_por_UF_Municipio_CEP_Julho_2026.xlsx
SAO PAULO,PINDAMONHANGABA,12425,10,A_Frota_por_UF_Municipio_CEP_Julho_2026.xlsx
SAO PAULO,PINDAMONHANGABA,12426,8,A_Frota_por_UF_Municipio_CEP_Julho_2026.xlsx
SAO PAULO,PINDAMONHANGABA,12430,1,A_Frota_por_UF_Municipio_CEP_Julho_2026.xlsx
SAO PAULO,PINDAMONHANGABA,12440,30,A_Frota_por_UF_Municipio_CEP_Julho_2026.xlsx
SAO PAULO,PINDAMONHANGABA,12441,9,A_Frota_por_UF_Municipio_CEP_Julho_2026.xlsx
SAO PAULO,PINDAMONHANGABA,12442,4,A_Frota_por_UF_Municipio_CEP_Julho_2026.xlsx
SAO PAULO,PINDAMONHANGABA,12443,12,A_Frota_por_UF_Municipio_CEP_Julho_2026.xlsx
SAO PAULO,PINDAMONHANGABA,12444,21,A_Frota_por_UF_Municipio_CEP_Julho_2026.xlsx
SAO PAULO,PINDAMONHANGABA,12445,31,A_Frota_por_UF_Municipio_CEP_Julho_2026.xlsx
SAO PAULO,PINDAMONHANGABA,12446,9,A_Frota_por_UF_Municipio_CEP_Julho_2026.xlsx
SAO PAULO,PINDAMONHANGABA,12490,1,A_Frota_por_UF_Municipio_CEP_Julho_2026.xlsx
SAO PAULO,PINDAMONHANGABA,Sem I,12876,A_Frota_por_UF_Municipio_CEP_Julho_2026.xlsx
SAO PAULO,PINDORAMA,00000,10159,A_Frota_por_UF_Municipio_CEP_Julho_2026.xlsx
SAO PAULO,PINDORAMA,15830,19,A_Frota_por_UF_Municipio_CEP_Julho_2026.xlsx
SAO PAULO,PINDORAMA,Sem I,845,A_Frota_por_UF_Municipio_CEP_Julho_2026.xlsx
SAO PAULO,PINHALZINHO,00000,12007,A_Frota_por_UF_Municipio_CEP_Julho_2026.xlsx
SAO PAULO,PINHALZINHO,12995,26,A_Frota_por_UF_Municipio_CEP_Julho_2026.xlsx
SAO PAULO,PINHALZINHO,Sem I,1412,A_Frota_por_UF_Municipio_CEP_Julho_2026.xlsx
SAO PAULO,PIQUEROBI,00000,2026,A_Frota_por_UF_Municipio_CEP_Julho_2026.xlsx
SAO PAULO,PIQUEROBI,19410,5,A_Frota_por_UF_Municipio_CEP_Julho_2026.xlsx
SAO PAULO,PIQUEROBI,Sem I,188,A_Frota_por_UF_Municipio_CEP_Julho_2026.xlsx
SAO PAULO,PIQUETE,00000,6538,A_Frota_por_UF_Municipio_CEP_Julho_2026.xlsx
SAO PAULO,PIQUETE,12620,21,A_Frota_por_UF_Municipio_CEP_Julho_2026.xlsx
SAO PAULO,PIQUETE,Sem I,923,A_Frota_por_UF_Municipio_CEP_Julho_2026.xlsx
SAO PAULO,PIRACAIA,00000,21323,A_Frota_por_UF_Municipio_CEP_Julho_2026.xlsx
SAO PAULO,PIRACAIA,12900,4,A_Frota_por_UF_Municipio_CEP_Julho_2026.xlsx
SAO PAULO,PIRACAIA,12970,194,A_Frota_por_UF_Municipio_CEP_Julho_2026.xlsx
SAO PAULO,PIRACAIA,12975,1,A_Frota_por_UF_Municipio_CEP_Julho_2026.xlsx
SAO PAULO,PIRACAIA,Sem I,2895,A_Frota_por_UF_Municipio_CEP_Julho_2026.xlsx
SAO PAULO,PIRACICABA,00000,319440,A_Frota_por_UF_Municipio_CEP_Julho_2026.xlsx
SAO PAULO,PIRACICABA,13000,1,A_Frota_por_UF_Municipio_CEP_Julho_2026.xlsx
SAO PAULO,PIRACICABA,13120,1,A_Frota_por_UF_Municipio_CEP_Julho_2026.xlsx
SAO PAULO,PIRACICABA,13395,1,A_Frota_por_UF_Municipio_CEP_Julho_2026.xlsx
SAO PAULO,PIRACICABA,13400,533,A_Frota_por_UF_Municipio_CEP_Julho_2026.xlsx
SAO PAULO,PIRACICABA,13401,291,A_Frota_por_UF_Municipio_CEP_Julho_2026.xlsx
SAO PAULO,PIRACICABA,13402,182,A_Frota_por_UF_Municipio_CEP_Julho_2026.xlsx
SAO PAULO,PIRACICABA,13403,140,A_Frota_por_UF_Municipio_CEP_Julho_2026.xlsx
SAO PAULO,PIRACICABA,13404,2,A_Frota_por_UF_Municipio_CEP_Julho_2026.xlsx
SAO PAULO,PIRACICABA,13405,274,A_Frota_por_UF_Municipio_CEP_Julho_2026.xlsx
SAO PAULO,PIRACICABA,13406,13,A_Frota_por_UF_Municipio_CEP_Julho_2026.xlsx
SAO PAULO,PIRACICABA,13408,117,A_Frota_por_UF_Municipio_CEP_Julho_2026.xlsx
SAO PAULO,PIRACICABA,13409,54,A_Frota_por_UF_Municipio_CEP_Julho_2026.xlsx
SAO PAULO,PIRACICABA,13410,2,A_Frota_por_UF_Municipio_CEP_Julho_2026.xlsx
SAO PAULO,PIRACICABA,13411,114,A_Frota_por_UF_Municipio_CEP_Julho_2026.xlsx
SAO PAULO,PIRACICABA,13412,167,A_Frota_por_UF_Municipio_CEP_Julho_2026.xlsx
SAO PAULO,PIRACICABA,13413,38,A_Frota_por_UF_Municipio_CEP_Julho_2026.xlsx
SAO PAULO,PIRACICABA,13414,61,A_Frota_por_UF_Municipio_CEP_Julho_2026.xlsx
SAO PAULO,PIRACICABA,13415,3,A_Frota_por_UF_Municipio_CEP_Julho_2026.xlsx
SAO PAULO,PIRACICABA,13416,143,A_Frota_por_UF_Municipio_CEP_Julho_2026.xlsx
SAO PAULO,PIRACICABA,13417,127,A_Frota_por_UF_Municipio_CEP_Julho_2026.xlsx
SAO PAULO,PIRACICABA,13418,98,A_Frota_por_UF_Municipio_CEP_Julho_2026.xlsx
SAO PAULO,PIRACICABA,13419,128,A_Frota_por_UF_Municipio_CEP_Julho_2026.xlsx
SAO PAULO,PIRACICABA,13420,389,A_Frota_por_UF_Municipio_CEP_Julho_2026.xlsx
SAO PAULO,PIRACICABA,13421,90,A_Frota_por_UF_Municipio_CEP_Julho_2026.xlsx
SAO PAULO,PIRACICABA,13422,48,A_Frota_por_UF_Municipio_CEP_Julho_2026.xlsx
SAO PAULO,PIRACICABA,13423,106,A_Frota_por_UF_Municipio_CEP_Julho_2026.xlsx
SAO PAULO,PIRACICABA,13424,178,A_Frota_por_UF_Municipio_CEP_Julho_2026.xlsx
SAO PAULO,PIRACICABA,13425,137,A_Frota_por_UF_Municipio_CEP_Julho_2026.xlsx
SAO PAULO,PIRACICABA,13426,39,A_Frota_por_UF_Municipio_CEP_Julho_2026.xlsx
SAO PAULO,PIRACICABA,13428,16,A_Frota_por_UF_Municipio_CEP_Julho_2026.xlsx
SAO PAULO,PIRACICABA,13432,25,A_Frota_por_UF_Municipio_CEP_Julho_2026.xlsx
SAO PAULO,PIRACICABA,13435,1,A_Frota_por_UF_Municipio_CEP_Julho_2026.xlsx
SAO PAULO,PIRACICABA,13465,1,A_Frota_por_UF_Municipio_CEP_Julho_2026.xlsx
SAO PAULO,PIRACICABA,13480,1,A_Frota_por_UF_Municipio_CEP_Julho_2026.xlsx
SAO PAULO,PIRACICABA,13515,1,A_Frota_por_UF_Municipio_CEP_Julho_2026.xlsx
SAO PAULO,PIRACICABA,Sem I,50652,A_Frota_por_UF_Municipio_CEP_Julho_2026.xlsx
SAO PAULO,PIRAJU,_x0000__x0000__x0000__x0000_ ,3,A_Frota_por_UF_Municipio_CEP_Julho_2026.xlsx
SAO PAULO,PIRAJU,00000,21182,A_Frota_por_UF_Municipio_CEP_Julho_2026.xlsx
SAO PAULO,PIRAJU,18800,79,A_Frota_por_UF_Municipio_CEP_Julho_2026.xlsx
SAO PAULO,PIRAJU,Sem I,2961,A_Frota_por_UF_Municipio_CEP_Julho_2026.xlsx
SAO PAULO,PIRAJUI,00000,13736,A_Frota_por_UF_Municipio_CEP_Julho_2026.xlsx
SAO PAULO,PIRAJUI,16600,61,A_Frota_por_UF_Municipio_CEP_Julho_2026.xlsx
SAO PAULO,PIRAJUI,Sem I,1530,A_Frota_por_UF_Municipio_CEP_Julho_2026.xlsx
SAO PAULO,PIRANGI,00000,8543,A_Frota_por_UF_Municipio_CEP_Julho_2026.xlsx
SAO PAULO,PIRANGI,15820,34,A_Frota_por_UF_Municipio_CEP_Julho_2026.xlsx
SAO PAULO,PIRANGI,Sem I,891,A_Frota_por_UF_Municipio_CEP_Julho_2026.xlsx
SAO PAULO,PIRAPORA DO BOM JESUS,00000,10208,A_Frota_por_UF_Municipio_CEP_Julho_2026.xlsx
SAO PAULO,PIRAPORA DO BOM JESUS,06550,86,A_Frota_por_UF_Municipio_CEP_Julho_2026.xlsx
SAO PAULO,PIRAPORA DO BOM JESUS,Sem I,1093,A_Frota_por_UF_Municipio_CEP_Julho_2026.xlsx
SAO PAULO,PIRAPOZINHO,00000,17597,A_Frota_por_UF_Municipio_CEP_Julho_2026.xlsx
SAO PAULO,PIRAPOZINHO,19200,79,A_Frota_por_UF_Municipio_CEP_Julho_2026.xlsx
SAO PAULO,PIRAPOZINHO,Sem I,2255,A_Frota_por_UF_Municipio_CEP_Julho_2026.xlsx
SAO PAULO,PIRASSUNUNGA,_x0000__x0000__x0000__x0000_ ,1,A_Frota_por_UF_Municipio_CEP_Julho_2026.xlsx
SAO PAULO,PIRASSUNUNGA,00000,56792,A_Frota_por_UF_Municipio_CEP_Julho_2026.xlsx
SAO PAULO,PIRASSUNUNGA,13093,1,A_Frota_por_UF_Municipio_CEP_Julho_2026.xlsx
SAO PAULO,PIRASSUNUNGA,13630,321,A_Frota_por_UF_Municipio_CEP_Julho_2026.xlsx
SAO PAULO,PIRASSUNUNGA,13631,21,A_Frota_por_UF_Municipio_CEP_Julho_2026.xlsx
SAO PAULO,PIRASSUNUNGA,13632,26,A_Frota_por_UF_Municipio_CEP_Julho_2026.xlsx
SAO PAULO,PIRASSUNUNGA,13633,35,A_Frota_por_UF_Municipio_CEP_Julho_2026.xlsx
SAO PAULO,PIRASSUNUNGA,13634,30,A_Frota_por_UF_Municipio_CEP_Julho_2026.xlsx
SAO PAULO,PIRASSUNUNGA,13635,28,A_Frota_por_UF_Municipio_CEP_Julho_2026.xlsx
SAO PAULO,PIRASSUNUNGA,13636,3,A_Frota_por_UF_Municipio_CEP_Julho_2026.xlsx
SAO PAULO,PIRASSUNUNGA,13640,6,A_Frota_por_UF_Municipio_CEP_Julho_2026.xlsx
SAO PAULO,PIRASSUNUNGA,13641,1,A_Frota_por_UF_Municipio_CEP_Julho_2026.xlsx
SAO PAULO,PIRASSUNUNGA,13643,4,A_Frota_por_UF_Municipio_CEP_Julho_2026.xlsx
SAO PAULO,PIRASSUNUNGA,14066,1,A_Frota_por_UF_Municipio_CEP_Julho_2026.xlsx
SAO PAULO,PIRASSUNUNGA,Sem I,9625,A_Frota_por_UF_Municipio_CEP_Julho_2026.xlsx
SAO PAULO,PIRATININGA,_x0000__x0000__x0000__x0000_ ,1,A_Frota_por_UF_Municipio_CEP_Julho_2026.xlsx
SAO PAULO,PIRATININGA,00000,10370,A_Frota_por_UF_Municipio_CEP_Julho_2026.xlsx
SAO PAULO,PIRATININGA,17490,61,A_Frota_por_UF_Municipio_CEP_Julho_2026.xlsx
SAO PAULO,PIRATININGA,Sem I,1139,A_Frota_por_UF_Municipio_CEP_Julho_2026.xlsx
SAO PAULO,PITANGUEIRAS,00000,22455,A_Frota_por_UF_Municipio_CEP_Julho_2026.xlsx
SAO PAULO,PITANGUEIRAS,14750,201,A_Frota_por_UF_Municipio_CEP_Julho_2026.xlsx
SAO PAULO,PITANGUEIRAS,14760,18,A_Frota_por_UF_Municipio_CEP_Julho_2026.xlsx
SAO PAULO,PITANGUEIRAS,Sem I,2919,A_Frota_por_UF_Municipio_CEP_Julho_2026.xlsx
SAO PAULO,PLANALTO,00000,3671,A_Frota_por_UF_Municipio_CEP_Julho_2026.xlsx
SAO PAULO,PLANALTO,15260,12,A_Frota_por_UF_Municipio_CEP_Julho_2026.xlsx
SAO PAULO,PLANALTO,Sem I,271,A_Frota_por_UF_Municipio_CEP_Julho_2026.xlsx
SAO PAULO,PLATINA,00000,1751,A_Frota_por_UF_Municipio_CEP_Julho_2026.xlsx
SAO PAULO,PLATINA,Sem I,133,A_Frota_por_UF_Municipio_CEP_Julho_2026.xlsx
SAO PAULO,POA,_x0000__x0000__x0000__x0000_ ,2,A_Frota_por_UF_Municipio_CEP_Julho_2026.xlsx
SAO PAULO,POA,00000,57467,A_Frota_por_UF_Municipio_CEP_Julho_2026.xlsx
SAO PAULO,POA,08550,93,A_Frota_por_UF_Municipio_CEP_Julho_2026.xlsx
SAO PAULO,POA,08551,53,A_Frota_por_UF_Municipio_CEP_Julho_2026.xlsx
SAO PAULO,POA,08552,37,A_Frota_por_UF_Municipio_CEP_Julho_2026.xlsx
SAO PAULO,POA,08553,47,A_Frota_por_UF_Municipio_CEP_Julho_2026.xlsx
SAO PAULO,POA,08554,67,A_Frota_por_UF_Municipio_CEP_Julho_2026.xlsx
SAO PAULO,POA,08555,101,A_Frota_por_UF_Municipio_CEP_Julho_2026.xlsx
SAO PAULO,POA,08556,22,A_Frota_por_UF_Municipio_CEP_Julho_2026.xlsx
SAO PAULO,POA,08557,74,A_Frota_por_UF_Municipio_CEP_Julho_2026.xlsx
SAO PAULO,POA,08558,25,A_Frota_por_UF_Municipio_CEP_Julho_2026.xlsx
SAO PAULO,POA,08559,33,A_Frota_por_UF_Municipio_CEP_Julho_2026.xlsx
SAO PAULO,POA,08560,42,A_Frota_por_UF_Municipio_CEP_Julho_2026.xlsx
SAO PAULO,POA,08561,37,A_Frota_por_UF_Municipio_CEP_Julho_2026.xlsx
SAO PAULO,POA,08562,38,A_Frota_por_UF_Municipio_CEP_Julho_2026.xlsx
SAO PAULO,POA,08563,55,A_Frota_por_UF_Municipio_CEP_Julho_2026.xlsx
SAO PAULO,POA,08564,16,A_Frota_por_UF_Municipio_CEP_Julho_2026.xlsx
SAO PAULO,POA,08565,21,A_Frota_por_UF_Municipio_CEP_Julho_2026.xlsx
SAO PAULO,POA,08566,20,A_Frota_por_UF_Municipio_CEP_Julho_2026.xlsx
SAO PAULO,POA,08567,18,A_Frota_por_UF_Municipio_CEP_Julho_2026.xlsx
SAO PAULO,POA,08568,65,A_Frota_por_UF_Municipio_CEP_Julho_2026.xlsx
SAO PAULO,POA,08586,1,A_Frota_por_UF_Municipio_CEP_Julho_2026.xlsx
SAO PAULO,POA,08855,1,A_Frota_por_UF_Municipio_CEP_Julho_2026.xlsx
SAO PAULO,POA,17100,1,A_Frota_por_UF_Municipio_CEP_Julho_2026.xlsx
SAO PAULO,POA,Sem I,7634,A_Frota_por_UF_Municipio_CEP_Julho_2026.xlsx
SAO PAULO,POLONI,00000,3946,A_Frota_por_UF_Municipio_CEP_Julho_2026.xlsx
SAO PAULO,POLONI,15160,13,A_Frota_por_UF_Municipio_CEP_Julho_2026.xlsx
SAO PAULO,POLONI,Sem I,453,A_Frota_por_UF_Municipio_CEP_Julho_2026.xlsx
SAO PAULO,POMPEIA,_x0000__x0000__x0000__x0000_ ,1,A_Frota_por_UF_Municipio_CEP_Julho_2026.xlsx
SAO PAULO,POMPEIA,00000,14623,A_Frota_por_UF_Municipio_CEP_Julho_2026.xlsx
SAO PAULO,POMPEIA,17580,344,A_Frota_por_UF_Municipio_CEP_Julho_2026.xlsx
SAO PAULO,POMPEIA,17586,13,A_Frota_por_UF_Municipio_CEP_Julho_2026.xlsx
SAO PAULO,POMPEIA,Sem I,1798,A_Frota_por_UF_Municipio_CEP_Julho_2026.xlsx
SAO PAULO,PONGAI,00000,2479,A_Frota_por_UF_Municipio_CEP_Julho_2026.xlsx
SAO PAULO,PONGAI,16660,5,A_Frota_por_UF_Municipio_CEP_Julho_2026.xlsx
SAO PAULO,PONGAI,Sem I,335,A_Frota_por_UF_Municipio_CEP_Julho_2026.xlsx
SAO PAULO,PONTAL,00000,22977,A_Frota_por_UF_Municipio_CEP_Julho_2026.xlsx
SAO PAULO,PONTAL,14160,1,A_Frota_por_UF_Municipio_CEP_Julho_2026.xlsx
SAO PAULO,PONTAL,14180,234,A_Frota_por_UF_Municipio_CEP_Julho_2026.xlsx
SAO PAULO,PONTAL,14185,1,A_Frota_por_UF_Municipio_CEP_Julho_2026.xlsx
SAO PAULO,PONTAL,Sem I,3143,A_Frota_por_UF_Municipio_CEP_Julho_2026.xlsx
SAO PAULO,PONTALINDA,00000,2240,A_Frota_por_UF_Municipio_CEP_Julho_2026.xlsx
SAO PAULO,PONTALINDA,15718,3,A_Frota_por_UF_Municipio_CEP_Julho_2026.xlsx
SAO PAULO,PONTALINDA,Sem I,162,A_Frota_por_UF_Municipio_CEP_Julho_2026.xlsx
SAO PAULO,PONTES GESTAL,00000,1746,A_Frota_por_UF_Municipio_CEP_Julho_2026.xlsx
SAO PAULO,PONTES GESTAL,15560,9,A_Frota_por_UF_Municipio_CEP_Julho_2026.xlsx
SAO PAULO,PONTES GESTAL,15564,3,A_Frota_por_UF_Municipio_CEP_Julho_2026.xlsx
SAO PAULO,PONTES GESTAL,Sem I,188,A_Frota_por_UF_Municipio_CEP_Julho_2026.xlsx
SAO PAULO,POPULINA,_x0000__x0000__x0000__x0000_ ,3,A_Frota_por_UF_Municipio_CEP_Julho_2026.xlsx
SAO PAULO,POPULINA,00000,2711,A_Frota_por_UF_Municipio_CEP_Julho_2026.xlsx
SAO PAULO,POPULINA,15670,3,A_Frota_por_UF_Municipio_CEP_Julho_2026.xlsx
SAO PAULO,POPULINA,Sem I,308,A_Frota_por_UF_Municipio_CEP_Julho_2026.xlsx
SAO PAULO,PORANGABA,00000,6425,A_Frota_por_UF_Municipio_CEP_Julho_2026.xlsx
SAO PAULO,PORANGABA,18260,22,A_Frota_por_UF_Municipio_CEP_Julho_2026.xlsx
SAO PAULO,PORANGABA,Sem I,744,A_Frota_por_UF_Municipio_CEP_Julho_2026.xlsx
SAO PAULO,PORTO FELIZ,_x0000__x0000__x0000__x0000_ ,1,A_Frota_por_UF_Municipio_CEP_Julho_2026.xlsx
SAO PAULO,PORTO FELIZ,00000,39165,A_Frota_por_UF_Municipio_CEP_Julho_2026.xlsx
SAO PAULO,PORTO FELIZ,18540,265,A_Frota_por_UF_Municipio_CEP_Julho_2026.xlsx
SAO PAULO,PORTO FELIZ,18546,19,A_Frota_por_UF_Municipio_CEP_Julho_2026.xlsx
SAO PAULO,PORTO FELIZ,18547,7,A_Frota_por_UF_Municipio_CEP_Julho_2026.xlsx
SAO PAULO,PORTO FELIZ,18548,3,A_Frota_por_UF_Municipio_CEP_Julho_2026.xlsx
SAO PAULO,PORTO FELIZ,Sem I,4627,A_Frota_por_UF_Municipio_CEP_Julho_2026.xlsx
SAO PAULO,PORTO FERREIRA,_x0000__x0000__x0000__x0000_ ,6,A_Frota_por_UF_Municipio_CEP_Julho_2026.xlsx
SAO PAULO,PORTO FERREIRA,0    ,1,A_Frota_por_UF_Municipio_CEP_Julho_2026.xlsx
SAO PAULO,PORTO FERREIRA,00000,43423,A_Frota_por_UF_Municipio_CEP_Julho_2026.xlsx
SAO PAULO,PORTO FERREIRA,13660,248,A_Frota_por_UF_Municipio_CEP_Julho_2026.xlsx
SAO PAULO,PORTO FERREIRA,13666,1,A_Frota_por_UF_Municipio_CEP_Julho_2026.xlsx
SAO PAULO,PORTO FERREIRA,13669,1,A_Frota_por_UF_Municipio_CEP_Julho_2026.xlsx
SAO PAULO,PORTO FERREIRA,Sem I,6365,A_Frota_por_UF_Municipio_CEP_Julho_2026.xlsx
SAO PAULO,POTIM,00000,8655,A_Frota_por_UF_Municipio_CEP_Julho_2026.xlsx
SAO PAULO,POTIM,12525,41,A_Frota_por_UF_Municipio_CEP_Julho_2026.xlsx
SAO PAULO,POTIM,Sem I,702,A_Frota_por_UF_Municipio_CEP_Julho_2026.xlsx
SAO PAULO,POTIRENDABA,00000,14513,A_Frota_por_UF_Municipio_CEP_Julho_2026.xlsx
SAO PAULO,POTIRENDABA,11050,1,A_Frota_por_UF_Municipio_CEP_Julho_2026.xlsx
SAO PAULO,POTIRENDABA,15105,28,A_Frota_por_UF_Municipio_CEP_Julho_2026.xlsx
SAO PAULO,POTIRENDABA,Sem I,1714,A_Frota_por_UF_Municipio_CEP_Julho_2026.xlsx
SAO PAULO,PRACINHA,00000,866,A_Frota_por_UF_Municipio_CEP_Julho_2026.xlsx
SAO PAULO,PRACINHA,17790,1,A_Frota_por_UF_Municipio_CEP_Julho_2026.xlsx
SAO PAULO,PRACINHA,Sem I,88,A_Frota_por_UF_Municipio_CEP_Julho_2026.xlsx
SAO PAULO,PRADOPOLIS,00000,12071,A_Frota_por_UF_Municipio_CEP_Julho_2026.xlsx
SAO PAULO,PRADOPOLIS,14850,61,A_Frota_por_UF_Municipio_CEP_Julho_2026.xlsx
SAO PAULO,PRADOPOLIS,Sem I,1075,A_Frota_por_UF_Municipio_CEP_Julho_2026.xlsx
SAO PAULO,PRAIA GRANDE,_x0000__x0000__x0000__x0000_ ,1,A_Frota_por_UF_Municipio_CEP_Julho_2026.xlsx
SAO PAULO,PRAIA GRANDE,00000,184060,A_Frota_por_UF_Municipio_CEP_Julho_2026.xlsx
SAO PAULO,PRAIA GRANDE,11700,384,A_Frota_por_UF_Municipio_CEP_Julho_2026.xlsx
SAO PAULO,PRAIA GRANDE,11701,197,A_Frota_por_UF_Municipio_CEP_Julho_2026.xlsx
SAO PAULO,PRAIA GRANDE,11702,253,A_Frota_por_UF_Municipio_CEP_Julho_2026.xlsx
SAO PAULO,PRAIA GRANDE,11703,191,A_Frota_por_UF_Municipio_CEP_Julho_2026.xlsx
SAO PAULO,PRAIA GRANDE,11704,305,A_Frota_por_UF_Municipio_CEP_Julho_2026.xlsx
SAO PAULO,PRAIA GRANDE,11705,121,A_Frota_por_UF_Municipio_CEP_Julho_2026.xlsx
SAO PAULO,PRAIA GRANDE,11706,101,A_Frota_por_UF_Municipio_CEP_Julho_2026.xlsx
SAO PAULO,PRAIA GRANDE,11707,52,A_Frota_por_UF_Municipio_CEP_Julho_2026.xlsx
SAO PAULO,PRAIA GRANDE,11708,33,A_Frota_por_UF_Municipio_CEP_Julho_2026.xlsx
SAO PAULO,PRAIA GRANDE,11709,39,A_Frota_por_UF_Municipio_CEP_Julho_2026.xlsx
SAO PAULO,PRAIA GRANDE,11710,15,A_Frota_por_UF_Municipio_CEP_Julho_2026.xlsx
SAO PAULO,PRAIA GRANDE,11711,22,A_Frota_por_UF_Municipio_CEP_Julho_2026.xlsx
SAO PAULO,PRAIA GRANDE,11712,131,A_Frota_por_UF_Municipio_CEP_Julho_2026.xlsx
SAO PAULO,PRAIA GRANDE,11713,124,A_Frota_por_UF_Municipio_CEP_Julho_2026.xlsx
SAO PAULO,PRAIA GRANDE,11714,69,A_Frota_por_UF_Municipio_CEP_Julho_2026.xlsx
SAO PAULO,PRAIA GRANDE,11715,5,A_Frota_por_UF_Municipio_CEP_Julho_2026.xlsx
SAO PAULO,PRAIA GRANDE,11717,134,A_Frota_por_UF_Municipio_CEP_Julho_2026.xlsx
SAO PAULO,PRAIA GRANDE,11718,126,A_Frota_por_UF_Municipio_CEP_Julho_2026.xlsx
SAO PAULO,PRAIA GRANDE,11719,60,A_Frota_por_UF_Municipio_CEP_Julho_2026.xlsx
SAO PAULO,PRAIA GRANDE,11720,54,A_Frota_por_UF_Municipio_CEP_Julho_2026.xlsx
SAO PAULO,PRAIA GRANDE,11721,79,A_Frota_por_UF_Municipio_CEP_Julho_2026.xlsx
SAO PAULO,PRAIA GRANDE,11722,100,A_Frota_por_UF_Municipio_CEP_Julho_2026.xlsx
SAO PAULO,PRAIA GRANDE,11723,31,A_Frota_por_UF_Municipio_CEP_Julho_2026.xlsx
SAO PAULO,PRAIA GRANDE,11724,128,A_Frota_por_UF_Municipio_CEP_Julho_2026.xlsx
SAO PAULO,PRAIA GRANDE,11725,122,A_Frota_por_UF_Municipio_CEP_Julho_2026.xlsx
SAO PAULO,PRAIA GRANDE,11726,6,A_Frota_por_UF_Municipio_CEP_Julho_2026.xlsx
SAO PAULO,PRAIA GRANDE,11744,1,A_Frota_por_UF_Municipio_CEP_Julho_2026.xlsx
SAO PAULO,PRAIA GRANDE,11772,1,A_Frota_por_UF_Municipio_CEP_Julho_2026.xlsx
SAO PAULO,PRAIA GRANDE,15712,1,A_Frota_por_UF_Municipio_CEP_Julho_2026.xlsx
SAO PAULO,PRAIA GRANDE,17000,1,A_Frota_por_UF_Municipio_CEP_Julho_2026.xlsx
SAO PAULO,PRAIA GRANDE,Sem I,16792,A_Frota_por_UF_Municipio_CEP_Julho_2026.xlsx
SAO PAULO,PRATANIA,00000,4647,A_Frota_por_UF_Municipio_CEP_Julho_2026.xlsx
SAO PAULO,PRATANIA,18660,13,A_Frota_por_UF_Municipio_CEP_Julho_2026.xlsx
SAO PAULO,PRATANIA,Sem I,412,A_Frota_por_UF_Municipio_CEP_Julho_2026.xlsx
SAO PAULO,PRESIDENTE ALVES,00000,2309,A_Frota_por_UF_Municipio_CEP_Julho_2026.xlsx
SAO PAULO,PRESIDENTE ALVES,16670,13,A_Frota_por_UF_Municipio_CEP_Julho_2026.xlsx
SAO PAULO,PRESIDENTE ALVES,16675,4,A_Frota_por_UF_Municipio_CEP_Julho_2026.xlsx
SAO PAULO,PRESIDENTE ALVES,Sem I,349,A_Frota_por_UF_Municipio_CEP_Julho_2026.xlsx
SAO PAULO,PRESIDENTE BERNARDES,00000,9052,A_Frota_por_UF_Municipio_CEP_Julho_2026.xlsx
SAO PAULO,PRESIDENTE BERNARDES,19300,28,A_Frota_por_UF_Municipio_CEP_Julho_2026.xlsx
SAO PAULO,PRESIDENTE BERNARDES,Sem I,1006,A_Frota_por_UF_Municipio_CEP_Julho_2026.xlsx
SAO PAULO,PRESIDENTE EPITACIO,00000,30855,A_Frota_por_UF_Municipio_CEP_Julho_2026.xlsx
SAO PAULO,PRESIDENTE EPITACIO,19470,216,A_Frota_por_UF_Municipio_CEP_Julho_2026.xlsx
SAO PAULO,PRESIDENTE EPITACIO,Sem I,4216,A_Frota_por_UF_Municipio_CEP_Julho_2026.xlsx
SAO PAULO,PRESIDENTE PRUDENTE,_x0000__x0000__x0000__x0000_ ,4,A_Frota_por_UF_Municipio_CEP_Julho_2026.xlsx
SAO PAULO,PRESIDENTE PRUDENTE,00000,174643,A_Frota_por_UF_Municipio_CEP_Julho_2026.xlsx
SAO PAULO,PRESIDENTE PRUDENTE,12914,1,A_Frota_por_UF_Municipio_CEP_Julho_2026.xlsx
SAO PAULO,PRESIDENTE PRUDENTE,16063,1,A_Frota_por_UF_Municipio_CEP_Julho_2026.xlsx
SAO PAULO,PRESIDENTE PRUDENTE,19000,8,A_Frota_por_UF_Municipio_CEP_Julho_2026.xlsx
SAO PAULO,PRESIDENTE PRUDENTE,19010,56,A_Frota_por_UF_Municipio_CEP_Julho_2026.xlsx
SAO PAULO,PRESIDENTE PRUDENTE,19012,1,A_Frota_por_UF_Municipio_CEP_Julho_2026.xlsx
SAO PAULO,PRESIDENTE PRUDENTE,19013,64,A_Frota_por_UF_Municipio_CEP_Julho_2026.xlsx
SAO PAULO,PRESIDENTE PRUDENTE,19014,16,A_Frota_por_UF_Municipio_CEP_Julho_2026.xlsx
SAO PAULO,PRESIDENTE PRUDENTE,19015,51,A_Frota_por_UF_Municipio_CEP_Julho_2026.xlsx
SAO PAULO,PRESIDENTE PRUDENTE,19019,1,A_Frota_por_UF_Municipio_CEP_Julho_2026.xlsx
SAO PAULO,PRESIDENTE PRUDENTE,19020,32,A_Frota_por_UF_Municipio_CEP_Julho_2026.xlsx
SAO PAULO,PRESIDENTE PRUDENTE,19022,5,A_Frota_por_UF_Municipio_CEP_Julho_2026.xlsx
SAO PAULO,PRESIDENTE PRUDENTE,19023,48,A_Frota_por_UF_Municipio_CEP_Julho_2026.xlsx
SAO PAULO,PRESIDENTE PRUDENTE,19024,14,A_Frota_por_UF_Municipio_CEP_Julho_2026.xlsx
SAO PAULO,PRESIDENTE PRUDENTE,19025,27,A_Frota_por_UF_Municipio_CEP_Julho_2026.xlsx
SAO PAULO,PRESIDENTE PRUDENTE,19026,23,A_Frota_por_UF_Municipio_CEP_Julho_2026.xlsx
SAO PAULO,PRESIDENTE PRUDENTE,19027,16,A_Frota_por_UF_Municipio_CEP_Julho_2026.xlsx
SAO PAULO,PRESIDENTE PRUDENTE,19028,7,A_Frota_por_UF_Municipio_CEP_Julho_2026.xlsx
SAO PAULO,PRESIDENTE PRUDENTE,19030,20,A_Frota_por_UF_Municipio_CEP_Julho_2026.xlsx
SAO PAULO,PRESIDENTE PRUDENTE,19031,11,A_Frota_por_UF_Municipio_CEP_Julho_2026.xlsx
SAO PAULO,PRESIDENTE PRUDENTE,19033,25,A_Frota_por_UF_Municipio_CEP_Julho_2026.xlsx
SAO PAULO,PRESIDENTE PRUDENTE,19034,30,A_Frota_por_UF_Municipio_CEP_Julho_2026.xlsx
SAO PAULO,PRESIDENTE PRUDENTE,19035,6,A_Frota_por_UF_Municipio_CEP_Julho_2026.xlsx
SAO PAULO,PRESIDENTE PRUDENTE,19036,3,A_Frota_por_UF_Municipio_CEP_Julho_2026.xlsx
SAO PAULO,PRESIDENTE PRUDENTE,19040,24,A_Frota_por_UF_Municipio_CEP_Julho_2026.xlsx
SAO PAULO,PRESIDENTE PRUDENTE,19041,26,A_Frota_por_UF_Municipio_CEP_Julho_2026.xlsx
SAO PAULO,PRESIDENTE PRUDENTE,19042,32,A_Frota_por_UF_Municipio_CEP_Julho_2026.xlsx
SAO PAULO,PRESIDENTE PRUDENTE,19043,5,A_Frota_por_UF_Municipio_CEP_Julho_2026.xlsx
SAO PAULO,PRESIDENTE PRUDENTE,19044,2,A_Frota_por_UF_Municipio_CEP_Julho_2026.xlsx
SAO PAULO,PRESIDENTE PRUDENTE,19045,31,A_Frota_por_UF_Municipio_CEP_Julho_2026.xlsx
SAO PAULO,PRESIDENTE PRUDENTE,19046,10,A_Frota_por_UF_Municipio_CEP_Julho_2026.xlsx
SAO PAULO,PRESIDENTE PRUDENTE,19050,56,A_Frota_por_UF_Municipio_CEP_Julho_2026.xlsx
SAO PAULO,PRESIDENTE PRUDENTE,19051,8,A_Frota_por_UF_Municipio_CEP_Julho_2026.xlsx
SAO PAULO,PRESIDENTE PRUDENTE,19053,49,A_Frota_por_UF_Municipio_CEP_Julho_2026.xlsx
SAO PAULO,PRESIDENTE PRUDENTE,19057,1,A_Frota_por_UF_Municipio_CEP_Julho_2026.xlsx
SAO PAULO,PRESIDENTE PRUDENTE,19060,32,A_Frota_por_UF_Municipio_CEP_Julho_2026.xlsx
SAO PAULO,PRESIDENTE PRUDENTE,19061,30,A_Frota_por_UF_Municipio_CEP_Julho_2026.xlsx
SAO PAULO,PRESIDENTE PRUDENTE,19062,6,A_Frota_por_UF_Municipio_CEP_Julho_2026.xlsx
SAO PAULO,PRESIDENTE PRUDENTE,19063,44,A_Frota_por_UF_Municipio_CEP_Julho_2026.xlsx
SAO PAULO,PRESIDENTE PRUDENTE,19064,65,A_Frota_por_UF_Municipio_CEP_Julho_2026.xlsx
SAO PAULO,PRESIDENTE PRUDENTE,19065,35,A_Frota_por_UF_Municipio_CEP_Julho_2026.xlsx
SAO PAULO,PRESIDENTE PRUDENTE,19066,19,A_Frota_por_UF_Municipio_CEP_Julho_2026.xlsx
SAO PAULO,PRESIDENTE PRUDENTE,19067,40,A_Frota_por_UF_Municipio_CEP_Julho_2026.xlsx
SAO PAULO,PRESIDENTE PRUDENTE,19070,2,A_Frota_por_UF_Municipio_CEP_Julho_2026.xlsx
SAO PAULO,PRESIDENTE PRUDENTE,19085,1,A_Frota_por_UF_Municipio_CEP_Julho_2026.xlsx
SAO PAULO,PRESIDENTE PRUDENTE,19091,1,A_Frota_por_UF_Municipio_CEP_Julho_2026.xlsx
SAO PAULO,PRESIDENTE PRUDENTE,19094,1,A_Frota_por_UF_Municipio_CEP_Julho_2026.xlsx
SAO PAULO,PRESIDENTE PRUDENTE,19097,8,A_Frota_por_UF_Municipio_CEP_Julho_2026.xlsx
SAO PAULO,PRESIDENTE PRUDENTE,19100,81,A_Frota_por_UF_Municipio_CEP_Julho_2026.xlsx
SAO PAULO,PRESIDENTE PRUDENTE,19110,10,A_Frota_por_UF_Municipio_CEP_Julho_2026.xlsx
SAO PAULO,PRESIDENTE PRUDENTE,19120,2,A_Frota_por_UF_Municipio_CEP_Julho_2026.xlsx
SAO PAULO,PRESIDENTE PRUDENTE,19130,2,A_Frota_por_UF_Municipio_CEP_Julho_2026.xlsx
SAO PAULO,PRESIDENTE PRUDENTE,19140,1,A_Frota_por_UF_Municipio_CEP_Julho_2026.xlsx
SAO PAULO,PRESIDENTE PRUDENTE,19160,1,A_Frota_por_UF_Municipio_CEP_Julho_2026.xlsx
SAO PAULO,PRESIDENTE PRUDENTE,19200,1,A_Frota_por_UF_Municipio_CEP_Julho_2026.xlsx
SAO PAULO,PRESIDENTE PRUDENTE,19540,1,A_Frota_por_UF_Municipio_CEP_Julho_2026.xlsx
SAO PAULO,PRESIDENTE PRUDENTE,Sem I,23613,A_Frota_por_UF_Municipio_CEP_Julho_2026.xlsx
SAO PAULO,PRESIDENTE VENCESLAU,00000,28150,A_Frota_por_UF_Municipio_CEP_Julho_2026.xlsx
SAO PAULO,PRESIDENTE VENCESLAU,19400,122,A_Frota_por_UF_Municipio_CEP_Julho_2026.xlsx
SAO PAULO,PRESIDENTE VENCESLAU,Sem I,3812,A_Frota_por_UF_Municipio_CEP_Julho_2026.xlsx
SAO PAULO,PROMISSAO,00000,26510,A_Frota_por_UF_Municipio_CEP_Julho_2026.xlsx
SAO PAULO,PROMISSAO,16370,92,A_Frota_por_UF_Municipio_CEP_Julho_2026.xlsx
SAO PAULO,PROMISSAO,Sem I,3441,A_Frota_por_UF_Municipio_CEP_Julho_2026.xlsx
SAO PAULO,QUADRA,00000,2039,A_Frota_por_UF_Municipio_CEP_Julho_2026.xlsx
SAO PAULO,QUADRA,18255,11,A_Frota_por_UF_Municipio_CEP_Julho_2026.xlsx
SAO PAULO,QUADRA,Sem I,150,A_Frota_por_UF_Municipio_CEP_Julho_2026.xlsx
SAO PAULO,QUATA,00000,8986,A_Frota_por_UF_Municipio_CEP_Julho_2026.xlsx
SAO PAULO,QUATA,19780,26,A_Frota_por_UF_Municipio_CEP_Julho_2026.xlsx
SAO PAULO,QUATA,Sem I,840,A_Frota_por_UF_Municipio_CEP_Julho_2026.xlsx
SAO PAULO,QUEIROZ,00000,1784,A_Frota_por_UF_Municipio_CEP_Julho_2026.xlsx
SAO PAULO,QUEIROZ,17590,1,A_Frota_por_UF_Municipio_CEP_Julho_2026.xlsx
SAO PAULO,QUEIROZ,Sem I,102,A_Frota_por_UF_Municipio_CEP_Julho_2026.xlsx
SAO PAULO,QUELUZ,00000,4328,A_Frota_por_UF_Municipio_CEP_Julho_2026.xlsx
SAO PAULO,QUELUZ,12800,23,A_Frota_por_UF_Municipio_CEP_Julho_2026.xlsx
SAO PAULO,QUELUZ,Sem I,622,A_Frota_por_UF_Municipio_CEP_Julho_2026.xlsx
SAO PAULO,QUINTANA,00000,4317,A_Frota_por_UF_Municipio_CEP_Julho_2026.xlsx
SAO PAULO,QUINTANA,17670,6,A_Frota_por_UF_Municipio_CEP_Julho_2026.xlsx
SAO PAULO,QUINTANA,Sem I,270,A_Frota_por_UF_Municipio_CEP_Julho_2026.xlsx
SAO PAULO,RAFARD,00000,6956,A_Frota_por_UF_Municipio_CEP_Julho_2026.xlsx
SAO PAULO,RAFARD,13360,1,A_Frota_por_UF_Municipio_CEP_Julho_2026.xlsx
SAO PAULO,RAFARD,13370,56,A_Frota_por_UF_Municipio_CEP_Julho_2026.xlsx
SAO PAULO,RAFARD,Sem I,969,A_Frota_por_UF_Municipio_CEP_Julho_2026.xlsx
SAO PAULO,RANCHARIA,_x0000__x0000__x0000__x0000_ ,2,A_Frota_por_UF_Municipio_CEP_Julho_2026.xlsx
SAO PAULO,RANCHARIA,00000,20897,A_Frota_por_UF_Municipio_CEP_Julho_2026.xlsx
SAO PAULO,RANCHARIA,19500,1,A_Frota_por_UF_Municipio_CEP_Julho_2026.xlsx
SAO PAULO,RANCHARIA,19600,96,A_Frota_por_UF_Municipio_CEP_Julho_2026.xlsx
SAO PAULO,RANCHARIA,Sem I,2540,A_Frota_por_UF_Municipio_CEP_Julho_2026.xlsx
SAO PAULO,REDENCAO DA SERRA,00000,2476,A_Frota_por_UF_Municipio_CEP_Julho_2026.xlsx
SAO PAULO,REDENCAO DA SERRA,12170,3,A_Frota_por_UF_Municipio_CEP_Julho_2026.xlsx
SAO PAULO,REDENCAO DA SERRA,Sem I,339,A_Frota_por_UF_Municipio_CEP_Julho_2026.xlsx
SAO PAULO,REGENTE FEIJO,_x0000__x0000__x0000__x0000_ ,1,A_Frota_por_UF_Municipio_CEP_Julho_2026.xlsx
SAO PAULO,REGENTE FEIJO,00000,14494,A_Frota_por_UF_Municipio_CEP_Julho_2026.xlsx
SAO PAULO,REGENTE FEIJO,19020,1,A_Frota_por_UF_Municipio_CEP_Julho_2026.xlsx
SAO PAULO,REGENTE FEIJO,19570,44,A_Frota_por_UF_Municipio_CEP_Julho_2026.xlsx
SAO PAULO,REGENTE FEIJO,19575,5,A_Frota_por_UF_Municipio_CEP_Julho_2026.xlsx
SAO PAULO,REGENTE FEIJO,Sem I,1376,A_Frota_por_UF_Municipio_CEP_Julho_2026.xlsx
SAO PAULO,REGINOPOLIS,00000,3743,A_Frota_por_UF_Municipio_CEP_Julho_2026.xlsx
SAO PAULO,REGINOPOLIS,17190,22,A_Frota_por_UF_Municipio_CEP_Julho_2026.xlsx
SAO PAULO,REGINOPOLIS,Sem I,469,A_Frota_por_UF_Municipio_CEP_Julho_2026.xlsx
SAO PAULO,REGISTRO,_x0000__x0000__x0000__x0000_ ,1,A_Frota_por_UF_Municipio_CEP_Julho_2026.xlsx
SAO PAULO,REGISTRO,00000,38806,A_Frota_por_UF_Municipio_CEP_Julho_2026.xlsx
SAO PAULO,REGISTRO,11900,168,A_Frota_por_UF_Municipio_CEP_Julho_2026.xlsx
SAO PAULO,REGISTRO,Sem I,4514,A_Frota_por_UF_Municipio_CEP_Julho_2026.xlsx
SAO PAULO,RESTINGA,00000,4463,A_Frota_por_UF_Municipio_CEP_Julho_2026.xlsx
SAO PAULO,RESTINGA,14430,6,A_Frota_por_UF_Municipio_CEP_Julho_2026.xlsx
SAO PAULO,RESTINGA,Sem I,415,A_Frota_por_UF_Municipio_CEP_Julho_2026.xlsx
SAO PAULO,RIBEIRA,00000,1130,A_Frota_por_UF_Municipio_CEP_Julho_2026.xlsx
SAO PAULO,RIBEIRA,18380,4,A_Frota_por_UF_Municipio_CEP_Julho_2026.xlsx
SAO PAULO,RIBEIRA,Sem I,165,A_Frota_por_UF_Municipio_CEP_Julho_2026.xlsx
SAO PAULO,RIBEIRAO BONITO,0,1,A_Frota_por_UF_Municipio_CEP_Julho_2026.xlsx
SAO PAULO,RIBEIRAO BONITO,00000,7486,A_Frota_por_UF_Municipio_CEP_Julho_2026.xlsx
SAO PAULO,RIBEIRAO BONITO,13580,37,A_Frota_por_UF_Municipio_CEP_Julho_2026.xlsx
SAO PAULO,RIBEIRAO BONITO,13585,2,A_Frota_por_UF_Municipio_CEP_Julho_2026.xlsx
SAO PAULO,RIBEIRAO BONITO,Sem I,1069,A_Frota_por_UF_Municipio_CEP_Julho_2026.xlsx
SAO PAULO,RIBEIRAO BRANCO,00000,8652,A_Frota_por_UF_Municipio_CEP_Julho_2026.xlsx
SAO PAULO,RIBEIRAO BRANCO,18430,6,A_Frota_por_UF_Municipio_CEP_Julho_2026.xlsx
SAO PAULO,RIBEIRAO BRANCO,Sem I,637,A_Frota_por_UF_Municipio_CEP_Julho_2026.xlsx
SAO PAULO,RIBEIRAO CORRENTE,00000,3142,A_Frota_por_UF_Municipio_CEP_Julho_2026.xlsx
SAO PAULO,RIBEIRAO CORRENTE,14445,1,A_Frota_por_UF_Municipio_CEP_Julho_2026.xlsx
SAO PAULO,RIBEIRAO CORRENTE,Sem I,281,A_Frota_por_UF_Municipio_CEP_Julho_2026.xlsx
SAO PAULO,RIBEIRAO DO SUL,00000,3181,A_Frota_por_UF_Municipio_CEP_Julho_2026.xlsx
SAO PAULO,RIBEIRAO DO SUL,19930,4,A_Frota_por_UF_Municipio_CEP_Julho_2026.xlsx
SAO PAULO,RIBEIRAO DO SUL,Sem I,384,A_Frota_por_UF_Municipio_CEP_Julho_2026.xlsx
SAO PAULO,RIBEIRAO DOS INDIOS,00000,1330,A_Frota_por_UF_Municipio_CEP_Julho_2026.xlsx
SAO PAULO,RIBEIRAO DOS INDIOS,19380,2,A_Frota_por_UF_Municipio_CEP_Julho_2026.xlsx
SAO PAULO,RIBEIRAO DOS INDIOS,Sem I,149,A_Frota_por_UF_Municipio_CEP_Julho_2026.xlsx
SAO PAULO,RIBEIRAO GRANDE,00000,4489,A_Frota_por_UF_Municipio_CEP_Julho_2026.xlsx
SAO PAULO,RIBEIRAO GRANDE,18315,9,A_Frota_por_UF_Municipio_CEP_Julho_2026.xlsx
SAO PAULO,RIBEIRAO GRANDE,Sem I,368,A_Frota_por_UF_Municipio_CEP_Julho_2026.xlsx
SAO PAULO,RIBEIRAO PIRES,00000,70096,A_Frota_por_UF_Municipio_CEP_Julho_2026.xlsx
SAO PAULO,RIBEIRAO PIRES,09161,1,A_Frota_por_UF_Municipio_CEP_Julho_2026.xlsx
SAO PAULO,RIBEIRAO PIRES,09400,123,A_Frota_por_UF_Municipio_CEP_Julho_2026.xlsx
SAO PAULO,RIBEIRAO PIRES,09401,12,A_Frota_por_UF_Municipio_CEP_Julho_2026.xlsx
SAO PAULO,RIBEIRAO PIRES,09402,49,A_Frota_por_UF_Municipio_CEP_Julho_2026.xlsx
SAO PAULO,RIBEIRAO PIRES,09403,50,A_Frota_por_UF_Municipio_CEP_Julho_2026.xlsx
SAO PAULO,RIBEIRAO PIRES,09404,17,A_Frota_por_UF_Municipio_CEP_Julho_2026.xlsx
SAO PAULO,RIBEIRAO PIRES,09405,32,A_Frota_por_UF_Municipio_CEP_Julho_2026.xlsx
SAO PAULO,RIBEIRAO PIRES,09406,42,A_Frota_por_UF_Municipio_CEP_Julho_2026.xlsx
SAO PAULO,RIBEIRAO PIRES,09407,19,A_Frota_por_UF_Municipio_CEP_Julho_2026.xlsx
SAO PAULO,RIBEIRAO PIRES,09410,25,A_Frota_por_UF_Municipio_CEP_Julho_2026.xlsx
SAO PAULO,RIBEIRAO PIRES,09411,36,A_Frota_por_UF_Municipio_CEP_Julho_2026.xlsx
SAO PAULO,RIBEIRAO PIRES,09412,16,A_Frota_por_UF_Municipio_CEP_Julho_2026.xlsx
SAO PAULO,RIBEIRAO PIRES,09413,1,A_Frota_por_UF_Municipio_CEP_Julho_2026.xlsx
SAO PAULO,RIBEIRAO PIRES,09414,7,A_Frota_por_UF_Municipio_CEP_Julho_2026.xlsx
SAO PAULO,RIBEIRAO PIRES,09415,24,A_Frota_por_UF_Municipio_CEP_Julho_2026.xlsx
SAO PAULO,RIBEIRAO PIRES,09416,9,A_Frota_por_UF_Municipio_CEP_Julho_2026.xlsx
SAO PAULO,RIBEIRAO PIRES,09419,1,A_Frota_por_UF_Municipio_CEP_Julho_2026.xlsx
SAO PAULO,RIBEIRAO PIRES,09420,30,A_Frota_por_UF_Municipio_CEP_Julho_2026.xlsx
SAO PAULO,RIBEIRAO PIRES,09421,16,A_Frota_por_UF_Municipio_CEP_Julho_2026.xlsx
SAO PAULO,RIBEIRAO PIRES,09422,13,A_Frota_por_UF_Municipio_CEP_Julho_2026.xlsx
SAO PAULO,RIBEIRAO PIRES,09423,14,A_Frota_por_UF_Municipio_CEP_Julho_2026.xlsx
SAO PAULO,RIBEIRAO PIRES,09424,38,A_Frota_por_UF_Municipio_CEP_Julho_2026.xlsx
SAO PAULO,RIBEIRAO PIRES,09425,25,A_Frota_por_UF_Municipio_CEP_Julho_2026.xlsx
SAO PAULO,RIBEIRAO PIRES,09426,17,A_Frota_por_UF_Municipio_CEP_Julho_2026.xlsx
SAO PAULO,RIBEIRAO PIRES,09430,41,A_Frota_por_UF_Municipio_CEP_Julho_2026.xlsx
SAO PAULO,RIBEIRAO PIRES,09431,37,A_Frota_por_UF_Municipio_CEP_Julho_2026.xlsx
SAO PAULO,RIBEIRAO PIRES,09432,20,A_Frota_por_UF_Municipio_CEP_Julho_2026.xlsx
SAO PAULO,RIBEIRAO PIRES,09433,6,A_Frota_por_UF_Municipio_CEP_Julho_2026.xlsx
SAO PAULO,RIBEIRAO PIRES,09434,22,A_Frota_por_UF_Municipio_CEP_Julho_2026.xlsx
SAO PAULO,RIBEIRAO PIRES,09435,20,A_Frota_por_UF_Municipio_CEP_Julho_2026.xlsx
SAO PAULO,RIBEIRAO PIRES,09436,5,A_Frota_por_UF_Municipio_CEP_Julho_2026.xlsx
SAO PAULO,RIBEIRAO PIRES,09440,31,A_Frota_por_UF_Municipio_CEP_Julho_2026.xlsx
SAO PAULO,RIBEIRAO PIRES,09441,9,A_Frota_por_UF_Municipio_CEP_Julho_2026.xlsx
SAO PAULO,RIBEIRAO PIRES,09442,11,A_Frota_por_UF_Municipio_CEP_Julho_2026.xlsx
SAO PAULO,RIBEIRAO PIRES,09443,23,A_Frota_por_UF_Municipio_CEP_Julho_2026.xlsx
SAO PAULO,RIBEIRAO PIRES,09444,9,A_Frota_por_UF_Municipio_CEP_Julho_2026.xlsx
SAO PAULO,RIBEIRAO PIRES,09445,9,A_Frota_por_UF_Municipio_CEP_Julho_2026.xlsx
SAO PAULO,RIBEIRAO PIRES,09450,6,A_Frota_por_UF_Municipio_CEP_Julho_2026.xlsx
SAO PAULO,RIBEIRAO PIRES,74180,1,A_Frota_por_UF_Municipio_CEP_Julho_2026.xlsx
SAO PAULO,RIBEIRAO PIRES,Sem I,10654,A_Frota_por_UF_Municipio_CEP_Julho_2026.xlsx
SAO PAULO,RIBEIRAO PRETO,00000,539596,A_Frota_por_UF_Municipio_CEP_Julho_2026.xlsx
SAO PAULO,RIBEIRAO PRETO,14000,7,A_Frota_por_UF_Municipio_CEP_Julho_2026.xlsx
SAO PAULO,RIBEIRAO PRETO,14001,8,A_Frota_por_UF_Municipio_CEP_Julho_2026.xlsx
SAO PAULO,RIBEIRAO PRETO,14010,170,A_Frota_por_UF_Municipio_CEP_Julho_2026.xlsx
SAO PAULO,RIBEIRAO PRETO,14015,163,A_Frota_por_UF_Municipio_CEP_Julho_2026.xlsx
SAO PAULO,RIBEIRAO PRETO,14016,1,A_Frota_por_UF_Municipio_CEP_Julho_2026.xlsx
SAO PAULO,RIBEIRAO PRETO,14020,337,A_Frota_por_UF_Municipio_CEP_Julho_2026.xlsx
SAO PAULO,RIBEIRAO PRETO,14021,87,A_Frota_por_UF_Municipio_CEP_Julho_2026.xlsx
SAO PAULO,RIBEIRAO PRETO,14022,9,A_Frota_por_UF_Municipio_CEP_Julho_2026.xlsx
SAO PAULO,RIBEIRAO PRETO,14024,15,A_Frota_por_UF_Municipio_CEP_Julho_2026.xlsx
SAO PAULO,RIBEIRAO PRETO,14025,141,A_Frota_por_UF_Municipio_CEP_Julho_2026.xlsx
SAO PAULO,RIBEIRAO PRETO,14026,127,A_Frota_por_UF_Municipio_CEP_Julho_2026.xlsx
SAO PAULO,RIBEIRAO PRETO,14030,418,A_Frota_por_UF_Municipio_CEP_Julho_2026.xlsx
SAO PAULO,RIBEIRAO PRETO,14031,319,A_Frota_por_UF_Municipio_CEP_Julho_2026.xlsx
SAO PAULO,RIBEIRAO PRETO,14033,1,A_Frota_por_UF_Municipio_CEP_Julho_2026.xlsx
SAO PAULO,RIBEIRAO PRETO,14040,13,A_Frota_por_UF_Municipio_CEP_Julho_2026.xlsx
SAO PAULO,RIBEIRAO PRETO,14046,1,A_Frota_por_UF_Municipio_CEP_Julho_2026.xlsx
SAO PAULO,RIBEIRAO PRETO,14050,249,A_Frota_por_UF_Municipio_CEP_Julho_2026.xlsx
SAO PAULO,RIBEIRAO PRETO,14051,139,A_Frota_por_UF_Municipio_CEP_Julho_2026.xlsx
SAO PAULO,RIBEIRAO PRETO,14055,285,A_Frota_por_UF_Municipio_CEP_Julho_2026.xlsx
SAO PAULO,RIBEIRAO PRETO,14056,175,A_Frota_por_UF_Municipio_CEP_Julho_2026.xlsx
SAO PAULO,RIBEIRAO PRETO,14057,75,A_Frota_por_UF_Municipio_CEP_Julho_2026.xlsx
SAO PAULO,RIBEIRAO PRETO,14058,1,A_Frota_por_UF_Municipio_CEP_Julho_2026.xlsx
SAO PAULO,RIBEIRAO PRETO,14060,487,A_Frota_por_UF_Municipio_CEP_Julho_2026.xlsx
SAO PAULO,RIBEIRAO PRETO,14061,125,A_Frota_por_UF_Municipio_CEP_Julho_2026.xlsx
SAO PAULO,RIBEIRAO PRETO,14062,64,A_Frota_por_UF_Municipio_CEP_Julho_2026.xlsx
SAO PAULO,RIBEIRAO PRETO,14064,1,A_Frota_por_UF_Municipio_CEP_Julho_2026.xlsx
SAO PAULO,RIBEIRAO PRETO,14065,110,A_Frota_por_UF_Municipio_CEP_Julho_2026.xlsx
SAO PAULO,RIBEIRAO PRETO,14066,111,A_Frota_por_UF_Municipio_CEP_Julho_2026.xlsx
SAO PAULO,RIBEIRAO PRETO,14070,167,A_Frota_por_UF_Municipio_CEP_Julho_2026.xlsx
SAO PAULO,RIBEIRAO PRETO,14071,129,A_Frota_por_UF_Municipio_CEP_Julho_2026.xlsx
SAO PAULO,RIBEIRAO PRETO,14072,2,A_Frota_por_UF_Municipio_CEP_Julho_2026.xlsx
SAO PAULO,RIBEIRAO PRETO,14073,2,A_Frota_por_UF_Municipio_CEP_Julho_2026.xlsx
SAO PAULO,RIBEIRAO PRETO,14075,223,A_Frota_por_UF_Municipio_CEP_Julho_2026.xlsx
SAO PAULO,RIBEIRAO PRETO,14076,85,A_Frota_por_UF_Municipio_CEP_Julho_2026.xlsx
SAO PAULO,RIBEIRAO PRETO,14077,63,A_Frota_por_UF_Municipio_CEP_Julho_2026.xlsx
SAO PAULO,RIBEIRAO PRETO,14078,135,A_Frota_por_UF_Municipio_CEP_Julho_2026.xlsx
SAO PAULO,RIBEIRAO PRETO,14079,132,A_Frota_por_UF_Municipio_CEP_Julho_2026.xlsx
SAO PAULO,RIBEIRAO PRETO,14080,249,A_Frota_por_UF_Municipio_CEP_Julho_2026.xlsx
SAO PAULO,RIBEIRAO PRETO,14085,203,A_Frota_por_UF_Municipio_CEP_Julho_2026.xlsx
SAO PAULO,RIBEIRAO PRETO,14090,317,A_Frota_por_UF_Municipio_CEP_Julho_2026.xlsx
SAO PAULO,RIBEIRAO PRETO,14091,206,A_Frota_por_UF_Municipio_CEP_Julho_2026.xlsx
SAO PAULO,RIBEIRAO PRETO,14092,130,A_Frota_por_UF_Municipio_CEP_Julho_2026.xlsx
SAO PAULO,RIBEIRAO PRETO,14093,193,A_Frota_por_UF_Municipio_CEP_Julho_2026.xlsx
SAO PAULO,RIBEIRAO PRETO,14094,154,A_Frota_por_UF_Municipio_CEP_Julho_2026.xlsx
SAO PAULO,RIBEIRAO PRETO,14095,207,A_Frota_por_UF_Municipio_CEP_Julho_2026.xlsx
SAO PAULO,RIBEIRAO PRETO,14096,125,A_Frota_por_UF_Municipio_CEP_Julho_2026.xlsx
SAO PAULO,RIBEIRAO PRETO,14097,35,A_Frota_por_UF_Municipio_CEP_Julho_2026.xlsx
SAO PAULO,RIBEIRAO PRETO,14098,84,A_Frota_por_UF_Municipio_CEP_Julho_2026.xlsx
SAO PAULO,RIBEIRAO PRETO,14100,54,A_Frota_por_UF_Municipio_CEP_Julho_2026.xlsx
SAO PAULO,RIBEIRAO PRETO,14110,69,A_Frota_por_UF_Municipio_CEP_Julho_2026.xlsx
SAO PAULO,RIBEIRAO PRETO,14130,1,A_Frota_por_UF_Municipio_CEP_Julho_2026.xlsx
SAO PAULO,RIBEIRAO PRETO,14150,1,A_Frota_por_UF_Municipio_CEP_Julho_2026.xlsx
SAO PAULO,RIBEIRAO PRETO,14164,1,A_Frota_por_UF_Municipio_CEP_Julho_2026.xlsx
SAO PAULO,RIBEIRAO PRETO,14380,1,A_Frota_por_UF_Municipio_CEP_Julho_2026.xlsx
SAO PAULO,RIBEIRAO PRETO,14660,1,A_Frota_por_UF_Municipio_CEP_Julho_2026.xlsx
SAO PAULO,RIBEIRAO PRETO,14850,1,A_Frota_por_UF_Municipio_CEP_Julho_2026.xlsx
SAO PAULO,RIBEIRAO PRETO,Sem I,81406,A_Frota_por_UF_Municipio_CEP_Julho_2026.xlsx
SAO PAULO,RIFAINA,00000,3177,A_Frota_por_UF_Municipio_CEP_Julho_2026.xlsx
SAO PAULO,RIFAINA,14490,7,A_Frota_por_UF_Municipio_CEP_Julho_2026.xlsx
SAO PAULO,RIFAINA,Sem I,287,A_Frota_por_UF_Municipio_CEP_Julho_2026.xlsx
SAO PAULO,RINCAO,00000,6019,A_Frota_por_UF_Municipio_CEP_Julho_2026.xlsx
SAO PAULO,RINCAO,14830,21,A_Frota_por_UF_Municipio_CEP_Julho_2026.xlsx
SAO PAULO,RINCAO,Sem I,861,A_Frota_por_UF_Municipio_CEP_Julho_2026.xlsx
SAO PAULO,RINOPOLIS,_x0000__x0000__x0000__x0000_ ,1,A_Frota_por_UF_Municipio_CEP_Julho_2026.xlsx
SAO PAULO,RINOPOLIS,00000,7539,A_Frota_por_UF_Municipio_CEP_Julho_2026.xlsx
SAO PAULO,RINOPOLIS,17740,6,A_Frota_por_UF_Municipio_CEP_Julho_2026.xlsx
SAO PAULO,RINOPOLIS,Sem I,728,A_Frota_por_UF_Municipio_CEP_Julho_2026.xlsx
SAO PAULO,RIO CLARO,_x0000__x0000__x0000__x0000_ ,5,A_Frota_por_UF_Municipio_CEP_Julho_2026.xlsx
SAO PAULO,RIO CLARO,00000,166270,A_Frota_por_UF_Municipio_CEP_Julho_2026.xlsx
SAO PAULO,RIO CLARO,12350,1,A_Frota_por_UF_Municipio_CEP_Julho_2026.xlsx
SAO PAULO,RIO CLARO,13500,299,A_Frota_por_UF_Municipio_CEP_Julho_2026.xlsx
SAO PAULO,RIO CLARO,13501,82,A_Frota_por_UF_Municipio_CEP_Julho_2026.xlsx
SAO PAULO,RIO CLARO,13502,158,A_Frota_por_UF_Municipio_CEP_Julho_2026.xlsx
SAO PAULO,RIO CLARO,13503,156,A_Frota_por_UF_Municipio_CEP_Julho_2026.xlsx
SAO PAULO,RIO CLARO,13504,251,A_Frota_por_UF_Municipio_CEP_Julho_2026.xlsx
SAO PAULO,RIO CLARO,13505,215,A_Frota_por_UF_Municipio_CEP_Julho_2026.xlsx
SAO PAULO,RIO CLARO,13506,334,A_Frota_por_UF_Municipio_CEP_Julho_2026.xlsx
SAO PAULO,RIO CLARO,13508,15,A_Frota_por_UF_Municipio_CEP_Julho_2026.xlsx
SAO PAULO,RIO CLARO,13509,2,A_Frota_por_UF_Municipio_CEP_Julho_2026.xlsx
SAO PAULO,RIO CLARO,Sem I,31186,A_Frota_por_UF_Municipio_CEP_Julho_2026.xlsx
SAO PAULO,RIO DAS PEDRAS,00000,22733,A_Frota_por_UF_Municipio_CEP_Julho_2026.xlsx
SAO PAULO,RIO DAS PEDRAS,13390,174,A_Frota_por_UF_Municipio_CEP_Julho_2026.xlsx
SAO PAULO,RIO DAS PEDRAS,Sem I,2928,A_Frota_por_UF_Municipio_CEP_Julho_2026.xlsx
SAO PAULO,RIO GRANDE DA SERRA,00000,21406,A_Frota_por_UF_Municipio_CEP_Julho_2026.xlsx
SAO PAULO,RIO GRANDE DA SERRA,09450,130,A_Frota_por_UF_Municipio_CEP_Julho_2026.xlsx
SAO PAULO,RIO GRANDE DA SERRA,Sem I,2594,A_Frota_por_UF_Municipio_CEP_Julho_2026.xlsx
SAO PAULO,RIOLANDIA,00000,5070,A_Frota_por_UF_Municipio_CEP_Julho_2026.xlsx
SAO PAULO,RIOLANDIA,15495,20,A_Frota_por_UF_Municipio_CEP_Julho_2026.xlsx
SAO PAULO,RIOLANDIA,Sem I,458,A_Frota_por_UF_Municipio_CEP_Julho_2026.xlsx
SAO PAULO,RIVERSUL,00000,2846,A_Frota_por_UF_Municipio_CEP_Julho_2026.xlsx
SAO PAULO,RIVERSUL,18470,1,A_Frota_por_UF_Municipio_CEP_Julho_2026.xlsx
SAO PAULO,RIVERSUL,Sem I,290,A_Frota_por_UF_Municipio_CEP_Julho_2026.xlsx
SAO PAULO,ROSANA,00000,10496,A_Frota_por_UF_Municipio_CEP_Julho_2026.xlsx
SAO PAULO,ROSANA,19273,20,A_Frota_por_UF_Municipio_CEP_Julho_2026.xlsx
SAO PAULO,ROSANA,19274,30,A_Frota_por_UF_Municipio_CEP_Julho_2026.xlsx
SAO PAULO,ROSANA,19280,1,A_Frota_por_UF_Municipio_CEP_Julho_2026.xlsx
SAO PAULO,ROSANA,Sem I,1150,A_Frota_por_UF_Municipio_CEP_Julho_2026.xlsx
SAO PAULO,ROSEIRA,00000,5996,A_Frota_por_UF_Municipio_CEP_Julho_2026.xlsx
SAO PAULO,ROSEIRA,12580,20,A_Frota_por_UF_Municipio_CEP_Julho_2026.xlsx
SAO PAULO,ROSEIRA,Sem I,859,A_Frota_por_UF_Municipio_CEP_Julho_2026.xlsx
SAO PAULO,RUBIACEA,00000,1534,A_Frota_por_UF_Municipio_CEP_Julho_2026.xlsx
SAO PAULO,RUBIACEA,16700,1,A_Frota_por_UF_Municipio_CEP_Julho_2026.xlsx
SAO PAULO,RUBIACEA,16750,3,A_Frota_por_UF_Municipio_CEP_Julho_2026.xlsx
SAO PAULO,RUBIACEA,Sem I,160,A_Frota_por_UF_Municipio_CEP_Julho_2026.xlsx
SAO PAULO,RUBINEIA,00000,2976,A_Frota_por_UF_Municipio_CEP_Julho_2026.xlsx
SAO PAULO,RUBINEIA,15790,1,A_Frota_por_UF_Municipio_CEP_Julho_2026.xlsx
SAO PAULO,RUBINEIA,Sem I,231,A_Frota_por_UF_Municipio_CEP_Julho_2026.xlsx
SAO PAULO,SABINO,00000,3155,A_Frota_por_UF_Municipio_CEP_Julho_2026.xlsx
SAO PAULO,SABINO,16440,8,A_Frota_por_UF_Municipio_CEP_Julho_2026.xlsx
SAO PAULO,SABINO,Sem I,392,A_Frota_por_UF_Municipio_CEP_Julho_2026.xlsx
SAO PAULO,SAGRES,00000,1248,A_Frota_por_UF_Municipio_CEP_Julho_2026.xlsx
SAO PAULO,SAGRES,Sem I,110,A_Frota_por_UF_Municipio_CEP_Julho_2026.xlsx
SAO PAULO,SALES,00000,4236,A_Frota_por_UF_Municipio_CEP_Julho_2026.xlsx
SAO PAULO,SALES,14980,8,A_Frota_por_UF_Municipio_CEP_Julho_2026.xlsx
SAO PAULO,SALES,Sem I,358,A_Frota_por_UF_Municipio_CEP_Julho_2026.xlsx
SAO PAULO,SALES OLIVEIRA,00000,8014,A_Frota_por_UF_Municipio_CEP_Julho_2026.xlsx
SAO PAULO,SALES OLIVEIRA,14660,34,A_Frota_por_UF_Municipio_CEP_Julho_2026.xlsx
SAO PAULO,SALES OLIVEIRA,Sem I,954,A_Frota_por_UF_Municipio_CEP_Julho_2026.xlsx
SAO PAULO,SALESOPOLIS,00000,11888,A_Frota_por_UF_Municipio_CEP_Julho_2026.xlsx
SAO PAULO,SALESOPOLIS,08970,44,A_Frota_por_UF_Municipio_CEP_Julho_2026.xlsx
SAO PAULO,SALESOPOLIS,08980,1,A_Frota_por_UF_Municipio_CEP_Julho_2026.xlsx
SAO PAULO,SALESOPOLIS,Sem I,1798,A_Frota_por_UF_Municipio_CEP_Julho_2026.xlsx
SAO PAULO,SALMOURAO,00000,2269,A_Frota_por_UF_Municipio_CEP_Julho_2026.xlsx
SAO PAULO,SALMOURAO,17720,5,A_Frota_por_UF_Municipio_CEP_Julho_2026.xlsx
SAO PAULO,SALMOURAO,Sem I,179,A_Frota_por_UF_Municipio_CEP_Julho_2026.xlsx
SAO PAULO,SALTINHO,00000,6630,A_Frota_por_UF_Municipio_CEP_Julho_2026.xlsx
SAO PAULO,SALTINHO,13440,14,A_Frota_por_UF_Municipio_CEP_Julho_2026.xlsx
SAO PAULO,SALTINHO,13442,7,A_Frota_por_UF_Municipio_CEP_Julho_2026.xlsx
SAO PAULO,SALTINHO,Sem I,825,A_Frota_por_UF_Municipio_CEP_Julho_2026.xlsx
SAO PAULO,SALTO,_x0000__x0000__x0000__x0000_ ,6,A_Frota_por_UF_Municipio_CEP_Julho_2026.xlsx
SAO PAULO,SALTO,00000,88228,A_Frota_por_UF_Municipio_CEP_Julho_2026.xlsx
SAO PAULO,SALTO,13200,1,A_Frota_por_UF_Municipio_CEP_Julho_2026.xlsx
SAO PAULO,SALTO,13300,1,A_Frota_por_UF_Municipio_CEP_Julho_2026.xlsx
SAO PAULO,SALTO,13320,208,A_Frota_por_UF_Municipio_CEP_Julho_2026.xlsx
SAO PAULO,SALTO,13321,99,A_Frota_por_UF_Municipio_CEP_Julho_2026.xlsx
SAO PAULO,SALTO,13322,86,A_Frota_por_UF_Municipio_CEP_Julho_2026.xlsx
SAO PAULO,SALTO,13323,149,A_Frota_por_UF_Municipio_CEP_Julho_2026.xlsx
SAO PAULO,SALTO,13324,40,A_Frota_por_UF_Municipio_CEP_Julho_2026.xlsx
SAO PAULO,SALTO,13326,32,A_Frota_por_UF_Municipio_CEP_Julho_2026.xlsx
SAO PAULO,SALTO,13327,128,A_Frota_por_UF_Municipio_CEP_Julho_2026.xlsx
SAO PAULO,SALTO,13328,3,A_Frota_por_UF_Municipio_CEP_Julho_2026.xlsx
SAO PAULO,SALTO,13329,33,A_Frota_por_UF_Municipio_CEP_Julho_2026.xlsx
SAO PAULO,SALTO,Sem I,10712,A_Frota_por_UF_Municipio_CEP_Julho_2026.xlsx
SAO PAULO,SALTO DE PIRAPORA,_x0000__x0000__x0000__x0000_ ,3,A_Frota_por_UF_Municipio_CEP_Julho_2026.xlsx
SAO PAULO,SALTO DE PIRAPORA,00000,29733,A_Frota_por_UF_Municipio_CEP_Julho_2026.xlsx
SAO PAULO,SALTO DE PIRAPORA,18160,231,A_Frota_por_UF_Municipio_CEP_Julho_2026.xlsx
SAO PAULO,SALTO DE PIRAPORA,Sem I,3001,A_Frota_por_UF_Municipio_CEP_Julho_2026.xlsx
SAO PAULO,SALTO GRANDE,00000,5098,A_Frota_por_UF_Municipio_CEP_Julho_2026.xlsx
SAO PAULO,SALTO GRANDE,19910,1,A_Frota_por_UF_Municipio_CEP_Julho_2026.xlsx
SAO PAULO,SALTO GRANDE,19920,13,A_Frota_por_UF_Municipio_CEP_Julho_2026.xlsx
SAO PAULO,SALTO GRANDE,Sem I,548,A_Frota_por_UF_Municipio_CEP_Julho_2026.xlsx
SAO PAULO,SANDOVALINA,00000,2443,A_Frota_por_UF_Municipio_CEP_Julho_2026.xlsx
SAO PAULO,SANDOVALINA,19250,14,A_Frota_por_UF_Municipio_CEP_Julho_2026.xlsx
SAO PAULO,SANDOVALINA,Sem I,210,A_Frota_por_UF_Municipio_CEP_Julho_2026.xlsx
SAO PAULO,SANTA ADELIA,00000,11735,A_Frota_por_UF_Municipio_CEP_Julho_2026.xlsx
SAO PAULO,SANTA ADELIA,15950,37,A_Frota_por_UF_Municipio_CEP_Julho_2026.xlsx
SAO PAULO,SANTA ADELIA,15953,2,A_Frota_por_UF_Municipio_CEP_Julho_2026.xlsx
SAO PAULO,SANTA ADELIA,Sem I,1347,A_Frota_por_UF_Municipio_CEP_Julho_2026.xlsx
SAO PAULO,SANTA ALBERTINA,00000,4797,A_Frota_por_UF_Municipio_CEP_Julho_2026.xlsx
SAO PAULO,SANTA ALBERTINA,15750,2,A_Frota_por_UF_Municipio_CEP_Julho_2026.xlsx
SAO PAULO,SANTA ALBERTINA,Sem I,380,A_Frota_por_UF_Municipio_CEP_Julho_2026.xlsx
SAO PAULO,SANTA BARBARA D'OESTE,00000,138230,A_Frota_por_UF_Municipio_CEP_Julho_2026.xlsx
SAO PAULO,SANTA BARBARA D'OESTE,13450,569,A_Frota_por_UF_Municipio_CEP_Julho_2026.xlsx
SAO PAULO,SANTA BARBARA D'OESTE,13451,54,A_Frota_por_UF_Municipio_CEP_Julho_2026.xlsx
SAO PAULO,SANTA BARBARA D'OESTE,13452,4,A_Frota_por_UF_Municipio_CEP_Julho_2026.xlsx
SAO PAULO,SANTA BARBARA D'OESTE,13453,125,A_Frota_por_UF_Municipio_CEP_Julho_2026.xlsx
SAO PAULO,SANTA BARBARA D'OESTE,13454,265,A_Frota_por_UF_Municipio_CEP_Julho_2026.xlsx
SAO PAULO,SANTA BARBARA D'OESTE,13455,96,A_Frota_por_UF_Municipio_CEP_Julho_2026.xlsx
SAO PAULO,SANTA BARBARA D'OESTE,13456,125,A_Frota_por_UF_Municipio_CEP_Julho_2026.xlsx
SAO PAULO,SANTA BARBARA D'OESTE,13457,91,A_Frota_por_UF_Municipio_CEP_Julho_2026.xlsx
SAO PAULO,SANTA BARBARA D'OESTE,13458,80,A_Frota_por_UF_Municipio_CEP_Julho_2026.xlsx
SAO PAULO,SANTA BARBARA D'OESTE,13459,33,A_Frota_por_UF_Municipio_CEP_Julho_2026.xlsx
SAO PAULO,SANTA BARBARA D'OESTE,Sem I,27269,A_Frota_por_UF_Municipio_CEP_Julho_2026.xlsx
SAO PAULO,SANTA BRANCA,00000,7857,A_Frota_por_UF_Municipio_CEP_Julho_2026.xlsx
SAO PAULO,SANTA BRANCA,12236,1,A_Frota_por_UF_Municipio_CEP_Julho_2026.xlsx
SAO PAULO,SANTA BRANCA,12380,34,A_Frota_por_UF_Municipio_CEP_Julho_2026.xlsx
SAO PAULO,SANTA BRANCA,Sem I,1024,A_Frota_por_UF_Municipio_CEP_Julho_2026.xlsx
SAO PAULO,SANTA CLARA D'OESTE,00000,1819,A_Frota_por_UF_Municipio_CEP_Julho_2026.xlsx
SAO PAULO,SANTA CLARA D'OESTE,15785,3,A_Frota_por_UF_Municipio_CEP_Julho_2026.xlsx
SAO PAULO,SANTA CLARA D'OESTE,Sem I,121,A_Frota_por_UF_Municipio_CEP_Julho_2026.xlsx
SAO PAULO,SANTA CRUZ DA CONCEICAO,00000,3112,A_Frota_por_UF_Municipio_CEP_Julho_2026.xlsx
SAO PAULO,SANTA CRUZ DA CONCEICAO,13625,18,A_Frota_por_UF_Municipio_CEP_Julho_2026.xlsx
SAO PAULO,SANTA CRUZ DA CONCEICAO,16250,1,A_Frota_por_UF_Municipio_CEP_Julho_2026.xlsx
SAO PAULO,SANTA CRUZ DA CONCEICAO,Sem I,394,A_Frota_por_UF_Municipio_CEP_Julho_2026.xlsx
SAO PAULO,SANTA CRUZ DA ESPERANCA,00000,1162,A_Frota_por_UF_Municipio_CEP_Julho_2026.xlsx
SAO PAULO,SANTA CRUZ DA ESPERANCA,14250,4,A_Frota_por_UF_Municipio_CEP_Julho_2026.xlsx
SAO PAULO,SANTA CRUZ DA ESPERANCA,Sem I,86,A_Frota_por_UF_Municipio_CEP_Julho_2026.xlsx
SAO PAULO,SANTA CRUZ DAS PALMEIRAS,00000,20156,A_Frota_por_UF_Municipio_CEP_Julho_2026.xlsx
SAO PAULO,SANTA CRUZ DAS PALMEIRAS,13640,1,A_Frota_por_UF_Municipio_CEP_Julho_2026.xlsx
SAO PAULO,SANTA CRUZ DAS PALMEIRAS,13650,155,A_Frota_por_UF_Municipio_CEP_Julho_2026.xlsx
SAO PAULO,SANTA CRUZ DAS PALMEIRAS,Sem I,2487,A_Frota_por_UF_Municipio_CEP_Julho_2026.xlsx
SAO PAULO,SANTA CRUZ DO RIO PARDO,_x0000__x0000__x0000__x0000_ ,7,A_Frota_por_UF_Municipio_CEP_Julho_2026.xlsx
SAO PAULO,SANTA CRUZ DO RIO PARDO,00000,37400,A_Frota_por_UF_Municipio_CEP_Julho_2026.xlsx
SAO PAULO,SANTA CRUZ DO RIO PARDO,18900,114,A_Frota_por_UF_Municipio_CEP_Julho_2026.xlsx
SAO PAULO,SANTA CRUZ DO RIO PARDO,Sem I,3974,A_Frota_por_UF_Municipio_CEP_Julho_2026.xlsx
SAO PAULO,SANTA ERNESTINA,00000,3669,A_Frota_por_UF_Municipio_CEP_Julho_2026.xlsx
SAO PAULO,SANTA ERNESTINA,15970,6,A_Frota_por_UF_Municipio_CEP_Julho_2026.xlsx
SAO PAULO,SANTA ERNESTINA,Sem I,389,A_Frota_por_UF_Municipio_CEP_Julho_2026.xlsx
SAO PAULO,SANTA FE DO SUL,_x0000__x0000__x0000__x0000_ ,2,A_Frota_por_UF_Municipio_CEP_Julho_2026.xlsx
SAO PAULO,SANTA FE DO SUL,00000,30357,A_Frota_por_UF_Municipio_CEP_Julho_2026.xlsx
SAO PAULO,SANTA FE DO SUL,15775,38,A_Frota_por_UF_Municipio_CEP_Julho_2026.xlsx
SAO PAULO,SANTA FE DO SUL,Sem I,3361,A_Frota_por_UF_Municipio_CEP_Julho_2026.xlsx
SAO PAULO,SANTA GERTRUDES,00000,18302,A_Frota_por_UF_Municipio_CEP_Julho_2026.xlsx
SAO PAULO,SANTA GERTRUDES,13510,153,A_Frota_por_UF_Municipio_CEP_Julho_2026.xlsx
SAO PAULO,SANTA GERTRUDES,Sem I,1972,A_Frota_por_UF_Municipio_CEP_Julho_2026.xlsx
SAO PAULO,SANTA ISABEL,_x0000__x0000__x0000__x0000_ ,2,A_Frota_por_UF_Municipio_CEP_Julho_2026.xlsx
SAO PAULO,SANTA ISABEL,00000,34504,A_Frota_por_UF_Municipio_CEP_Julho_2026.xlsx
SAO PAULO,SANTA ISABEL,07500,300,A_Frota_por_UF_Municipio_CEP_Julho_2026.xlsx
SAO PAULO,SANTA ISABEL,Sem I,4057,A_Frota_por_UF_Municipio_CEP_Julho_2026.xlsx
SAO PAULO,SANTA LUCIA,00000,4267,A_Frota_por_UF_Municipio_CEP_Julho_2026.xlsx
SAO PAULO,SANTA LUCIA,14825,15,A_Frota_por_UF_Municipio_CEP_Julho_2026.xlsx
SAO PAULO,SANTA LUCIA,Sem I,636,A_Frota_por_UF_Municipio_CEP_Julho_2026.xlsx
SAO PAULO,SANTA MARIA DA SERRA,00000,4045,A_Frota_por_UF_Municipio_CEP_Julho_2026.xlsx
SAO PAULO,SANTA MARIA DA SERRA,17370,16,A_Frota_por_UF_Municipio_CEP_Julho_2026.xlsx
SAO PAULO,SANTA MARIA DA SERRA,Sem I,525,A_Frota_por_UF_Municipio_CEP_Julho_2026.xlsx
SAO PAULO,SANTA MERCEDES,00000,2155,A_Frota_por_UF_Municipio_CEP_Julho_2026.xlsx
SAO PAULO,SANTA MERCEDES,17940,4,A_Frota_por_UF_Municipio_CEP_Julho_2026.xlsx
SAO PAULO,SANTA MERCEDES,Sem I,171,A_Frota_por_UF_Municipio_CEP_Julho_2026.xlsx
SAO PAULO,SANTA RITA D'OESTE,00000,1888,A_Frota_por_UF_Municipio_CEP_Julho_2026.xlsx
SAO PAULO,SANTA RITA D'OESTE,Sem I,196,A_Frota_por_UF_Municipio_CEP_Julho_2026.xlsx
SAO PAULO,SANTA RITA DO PASSA QUATRO,_x0000__x0000__x0000__x0000_ ,1,A_Frota_por_UF_Municipio_CEP_Julho_2026.xlsx
SAO PAULO,SANTA RITA DO PASSA QUATRO,00000,19039,A_Frota_por_UF_Municipio_CEP_Julho_2026.xlsx
SAO PAULO,SANTA RITA DO PASSA QUATRO,13670,53,A_Frota_por_UF_Municipio_CEP_Julho_2026.xlsx
SAO PAULO,SANTA RITA DO PASSA QUATRO,Sem I,3138,A_Frota_por_UF_Municipio_CEP_Julho_2026.xlsx
SAO PAULO,SANTA ROSA DE VITERBO,_x0000__x0000__x0000__x0000_ ,3,A_Frota_por_UF_Municipio_CEP_Julho_2026.xlsx
SAO PAULO,SANTA ROSA DE VITERBO,00000,16903,A_Frota_por_UF_Municipio_CEP_Julho_2026.xlsx
SAO PAULO,SANTA ROSA DE VITERBO,14025,1,A_Frota_por_UF_Municipio_CEP_Julho_2026.xlsx
SAO PAULO,SANTA ROSA DE VITERBO,14270,113,A_Frota_por_UF_Municipio_CEP_Julho_2026.xlsx
SAO PAULO,SANTA ROSA DE VITERBO,Sem I,2507,A_Frota_por_UF_Municipio_CEP_Julho_2026.xlsx
SAO PAULO,SANTA SALETE,00000,1409,A_Frota_por_UF_Municipio_CEP_Julho_2026.xlsx
SAO PAULO,SANTA SALETE,Sem I,123,A_Frota_por_UF_Municipio_CEP_Julho_2026.xlsx
SAO PAULO,SANTANA DA PONTE PENSA,00000,1146,A_Frota_por_UF_Municipio_CEP_Julho_2026.xlsx
SAO PAULO,SANTANA DA PONTE PENSA,Sem I,153,A_Frota_por_UF_Municipio_CEP_Julho_2026.xlsx
SAO PAULO,SANTANA DE PARNAIBA,_x0000__x0000__x0000__x0000_ ,1,A_Frota_por_UF_Municipio_CEP_Julho_2026.xlsx
SAO PAULO,SANTANA DE PARNAIBA,0,1,A_Frota_por_UF_Municipio_CEP_Julho_2026.xlsx
SAO PAULO,SANTANA DE PARNAIBA,00000,102606,A_Frota_por_UF_Municipio_CEP_Julho_2026.xlsx
SAO PAULO,SANTANA DE PARNAIBA,06411,1,A_Frota_por_UF_Municipio_CEP_Julho_2026.xlsx
SAO PAULO,SANTANA DE PARNAIBA,06413,1,A_Frota_por_UF_Municipio_CEP_Julho_2026.xlsx
SAO PAULO,SANTANA DE PARNAIBA,06450,1,A_Frota_por_UF_Municipio_CEP_Julho_2026.xlsx
SAO PAULO,SANTANA DE PARNAIBA,06453,2,A_Frota_por_UF_Municipio_CEP_Julho_2026.xlsx
SAO PAULO,SANTANA DE PARNAIBA,06454,3,A_Frota_por_UF_Municipio_CEP_Julho_2026.xlsx
SAO PAULO,SANTANA DE PARNAIBA,06460,1,A_Frota_por_UF_Municipio_CEP_Julho_2026.xlsx
SAO PAULO,SANTANA DE PARNAIBA,06473,1,A_Frota_por_UF_Municipio_CEP_Julho_2026.xlsx
SAO PAULO,SANTANA DE PARNAIBA,06474,2,A_Frota_por_UF_Municipio_CEP_Julho_2026.xlsx
SAO PAULO,SANTANA DE PARNAIBA,06481,4,A_Frota_por_UF_Municipio_CEP_Julho_2026.xlsx
SAO PAULO,SANTANA DE PARNAIBA,06482,10,A_Frota_por_UF_Municipio_CEP_Julho_2026.xlsx
SAO PAULO,SANTANA DE PARNAIBA,06483,2,A_Frota_por_UF_Municipio_CEP_Julho_2026.xlsx
SAO PAULO,SANTANA DE PARNAIBA,06485,2,A_Frota_por_UF_Municipio_CEP_Julho_2026.xlsx
SAO PAULO,SANTANA DE PARNAIBA,06486,8,A_Frota_por_UF_Municipio_CEP_Julho_2026.xlsx
SAO PAULO,SANTANA DE PARNAIBA,06487,15,A_Frota_por_UF_Municipio_CEP_Julho_2026.xlsx
SAO PAULO,SANTANA DE PARNAIBA,06490,1,A_Frota_por_UF_Municipio_CEP_Julho_2026.xlsx
SAO PAULO,SANTANA DE PARNAIBA,06500,125,A_Frota_por_UF_Municipio_CEP_Julho_2026.xlsx
SAO PAULO,SANTANA DE PARNAIBA,06501,30,A_Frota_por_UF_Municipio_CEP_Julho_2026.xlsx
SAO PAULO,SANTANA DE PARNAIBA,06502,58,A_Frota_por_UF_Municipio_CEP_Julho_2026.xlsx
SAO PAULO,SANTANA DE PARNAIBA,06503,7,A_Frota_por_UF_Municipio_CEP_Julho_2026.xlsx
SAO PAULO,SANTANA DE PARNAIBA,06504,3,A_Frota_por_UF_Municipio_CEP_Julho_2026.xlsx
SAO PAULO,SANTANA DE PARNAIBA,06505,4,A_Frota_por_UF_Municipio_CEP_Julho_2026.xlsx
SAO PAULO,SANTANA DE PARNAIBA,06506,6,A_Frota_por_UF_Municipio_CEP_Julho_2026.xlsx
SAO PAULO,SANTANA DE PARNAIBA,06509,3,A_Frota_por_UF_Municipio_CEP_Julho_2026.xlsx
SAO PAULO,SANTANA DE PARNAIBA,06510,1,A_Frota_por_UF_Municipio_CEP_Julho_2026.xlsx
SAO PAULO,SANTANA DE PARNAIBA,06513,19,A_Frota_por_UF_Municipio_CEP_Julho_2026.xlsx
SAO PAULO,SANTANA DE PARNAIBA,06514,8,A_Frota_por_UF_Municipio_CEP_Julho_2026.xlsx
SAO PAULO,SANTANA DE PARNAIBA,06515,65,A_Frota_por_UF_Municipio_CEP_Julho_2026.xlsx
SAO PAULO,SANTANA DE PARNAIBA,06516,40,A_Frota_por_UF_Municipio_CEP_Julho_2026.xlsx
SAO PAULO,SANTANA DE PARNAIBA,06517,2,A_Frota_por_UF_Municipio_CEP_Julho_2026.xlsx
SAO PAULO,SANTANA DE PARNAIBA,06519,18,A_Frota_por_UF_Municipio_CEP_Julho_2026.xlsx
SAO PAULO,SANTANA DE PARNAIBA,06520,2,A_Frota_por_UF_Municipio_CEP_Julho_2026.xlsx
SAO PAULO,SANTANA DE PARNAIBA,06522,2,A_Frota_por_UF_Municipio_CEP_Julho_2026.xlsx
SAO PAULO,SANTANA DE PARNAIBA,06523,5,A_Frota_por_UF_Municipio_CEP_Julho_2026.xlsx
SAO PAULO,SANTANA DE PARNAIBA,06524,1,A_Frota_por_UF_Municipio_CEP_Julho_2026.xlsx
SAO PAULO,SANTANA DE PARNAIBA,06525,6,A_Frota_por_UF_Municipio_CEP_Julho_2026.xlsx
SAO PAULO,SANTANA DE PARNAIBA,06526,2,A_Frota_por_UF_Municipio_CEP_Julho_2026.xlsx
SAO PAULO,SANTANA DE PARNAIBA,06528,103,A_Frota_por_UF_Municipio_CEP_Julho_2026.xlsx
SAO PAULO,SANTANA DE PARNAIBA,06529,29,A_Frota_por_UF_Municipio_CEP_Julho_2026.xlsx
SAO PAULO,SANTANA DE PARNAIBA,06530,53,A_Frota_por_UF_Municipio_CEP_Julho_2026.xlsx
SAO PAULO,SANTANA DE PARNAIBA,06531,6,A_Frota_por_UF_Municipio_CEP_Julho_2026.xlsx
SAO PAULO,SANTANA DE PARNAIBA,06532,6,A_Frota_por_UF_Municipio_CEP_Julho_2026.xlsx
SAO PAULO,SANTANA DE PARNAIBA,06533,5,A_Frota_por_UF_Municipio_CEP_Julho_2026.xlsx
SAO PAULO,SANTANA DE PARNAIBA,06534,1,A_Frota_por_UF_Municipio_CEP_Julho_2026.xlsx
SAO PAULO,SANTANA DE PARNAIBA,06535,35,A_Frota_por_UF_Municipio_CEP_Julho_2026.xlsx
SAO PAULO,SANTANA DE PARNAIBA,06536,1,A_Frota_por_UF_Municipio_CEP_Julho_2026.xlsx
SAO PAULO,SANTANA DE PARNAIBA,06537,29,A_Frota_por_UF_Municipio_CEP_Julho_2026.xlsx
SAO PAULO,SANTANA DE PARNAIBA,06539,25,A_Frota_por_UF_Municipio_CEP_Julho_2026.xlsx
SAO PAULO,SANTANA DE PARNAIBA,06540,55,A_Frota_por_UF_Municipio_CEP_Julho_2026.xlsx
SAO PAULO,SANTANA DE PARNAIBA,06541,45,A_Frota_por_UF_Municipio_CEP_Julho_2026.xlsx
SAO PAULO,SANTANA DE PARNAIBA,06542,36,A_Frota_por_UF_Municipio_CEP_Julho_2026.xlsx
SAO PAULO,SANTANA DE PARNAIBA,06543,138,A_Frota_por_UF_Municipio_CEP_Julho_2026.xlsx
SAO PAULO,SANTANA DE PARNAIBA,06544,10,A_Frota_por_UF_Municipio_CEP_Julho_2026.xlsx
SAO PAULO,SANTANA DE PARNAIBA,06551,1,A_Frota_por_UF_Municipio_CEP_Julho_2026.xlsx
SAO PAULO,SANTANA DE PARNAIBA,06566,1,A_Frota_por_UF_Municipio_CEP_Julho_2026.xlsx
SAO PAULO,SANTANA DE PARNAIBA,Sem I,8476,A_Frota_por_UF_Municipio_CEP_Julho_2026.xlsx
SAO PAULO,SANTO ANASTACIO,00000,14455,A_Frota_por_UF_Municipio_CEP_Julho_2026.xlsx
SAO PAULO,SANTO ANASTACIO,19360,50,A_Frota_por_UF_Municipio_CEP_Julho_2026.xlsx
SAO PAULO,SANTO ANASTACIO,Sem I,1953,A_Frota_por_UF_Municipio_CEP_Julho_2026.xlsx
SAO PAULO,SANTO ANDRE,_x0000__x0000__x0000__x0000_ ,9,A_Frota_por_UF_Municipio_CEP_Julho_2026.xlsx
SAO PAULO,SANTO ANDRE,0,1,A_Frota_por_UF_Municipio_CEP_Julho_2026.xlsx
SAO PAULO,SANTO ANDRE,00000,477984,A_Frota_por_UF_Municipio_CEP_Julho_2026.xlsx
SAO PAULO,SANTO ANDRE,03928,1,A_Frota_por_UF_Municipio_CEP_Julho_2026.xlsx
SAO PAULO,SANTO ANDRE,03978,1,A_Frota_por_UF_Municipio_CEP_Julho_2026.xlsx
SAO PAULO,SANTO ANDRE,03986,1,A_Frota_por_UF_Municipio_CEP_Julho_2026.xlsx
SAO PAULO,SANTO ANDRE,05670,1,A_Frota_por_UF_Municipio_CEP_Julho_2026.xlsx
SAO PAULO,SANTO ANDRE,06036,1,A_Frota_por_UF_Municipio_CEP_Julho_2026.xlsx
SAO PAULO,SANTO ANDRE,06220,1,A_Frota_por_UF_Municipio_CEP_Julho_2026.xlsx
SAO PAULO,SANTO ANDRE,06420,1,A_Frota_por_UF_Municipio_CEP_Julho_2026.xlsx
SAO PAULO,SANTO ANDRE,06454,1,A_Frota_por_UF_Municipio_CEP_Julho_2026.xlsx
SAO PAULO,SANTO ANDRE,06455,1,A_Frota_por_UF_Municipio_CEP_Julho_2026.xlsx
SAO PAULO,SANTO ANDRE,06460,1,A_Frota_por_UF_Municipio_CEP_Julho_2026.xlsx
SAO PAULO,SANTO ANDRE,08320,1,A_Frota_por_UF_Municipio_CEP_Julho_2026.xlsx
SAO PAULO,SANTO ANDRE,08375,1,A_Frota_por_UF_Municipio_CEP_Julho_2026.xlsx
SAO PAULO,SANTO ANDRE,08380,1,A_Frota_por_UF_Municipio_CEP_Julho_2026.xlsx
SAO PAULO,SANTO ANDRE,09000,123,A_Frota_por_UF_Municipio_CEP_Julho_2026.xlsx
SAO PAULO,SANTO ANDRE,09010,69,A_Frota_por_UF_Municipio_CEP_Julho_2026.xlsx
SAO PAULO,SANTO ANDRE,09015,111,A_Frota_por_UF_Municipio_CEP_Julho_2026.xlsx
SAO PAULO,SANTO ANDRE,09020,97,A_Frota_por_UF_Municipio_CEP_Julho_2026.xlsx
SAO PAULO,SANTO ANDRE,09028,1,A_Frota_por_UF_Municipio_CEP_Julho_2026.xlsx
SAO PAULO,SANTO ANDRE,09030,146,A_Frota_por_UF_Municipio_CEP_Julho_2026.xlsx
SAO PAULO,SANTO ANDRE,09033,1,A_Frota_por_UF_Municipio_CEP_Julho_2026.xlsx
SAO PAULO,SANTO ANDRE,09040,114,A_Frota_por_UF_Municipio_CEP_Julho_2026.xlsx
SAO PAULO,SANTO ANDRE,09041,111,A_Frota_por_UF_Municipio_CEP_Julho_2026.xlsx
SAO PAULO,SANTO ANDRE,09050,111,A_Frota_por_UF_Municipio_CEP_Julho_2026.xlsx
SAO PAULO,SANTO ANDRE,09051,114,A_Frota_por_UF_Municipio_CEP_Julho_2026.xlsx
SAO PAULO,SANTO ANDRE,09060,237,A_Frota_por_UF_Municipio_CEP_Julho_2026.xlsx
SAO PAULO,SANTO ANDRE,09061,190,A_Frota_por_UF_Municipio_CEP_Julho_2026.xlsx
SAO PAULO,SANTO ANDRE,09070,402,A_Frota_por_UF_Municipio_CEP_Julho_2026.xlsx
SAO PAULO,SANTO ANDRE,09071,55,A_Frota_por_UF_Municipio_CEP_Julho_2026.xlsx
SAO PAULO,SANTO ANDRE,09080,200,A_Frota_por_UF_Municipio_CEP_Julho_2026.xlsx
SAO PAULO,SANTO ANDRE,09085,1,A_Frota_por_UF_Municipio_CEP_Julho_2026.xlsx
SAO PAULO,SANTO ANDRE,09090,175,A_Frota_por_UF_Municipio_CEP_Julho_2026.xlsx
SAO PAULO,SANTO ANDRE,09091,4,A_Frota_por_UF_Municipio_CEP_Julho_2026.xlsx
SAO PAULO,SANTO ANDRE,09100,5,A_Frota_por_UF_Municipio_CEP_Julho_2026.xlsx
SAO PAULO,SANTO ANDRE,09105,1,A_Frota_por_UF_Municipio_CEP_Julho_2026.xlsx
SAO PAULO,SANTO ANDRE,09110,145,A_Frota_por_UF_Municipio_CEP_Julho_2026.xlsx
SAO PAULO,SANTO ANDRE,09111,230,A_Frota_por_UF_Municipio_CEP_Julho_2026.xlsx
SAO PAULO,SANTO ANDRE,09112,85,A_Frota_por_UF_Municipio_CEP_Julho_2026.xlsx
SAO PAULO,SANTO ANDRE,09120,145,A_Frota_por_UF_Municipio_CEP_Julho_2026.xlsx
SAO PAULO,SANTO ANDRE,09121,153,A_Frota_por_UF_Municipio_CEP_Julho_2026.xlsx
SAO PAULO,SANTO ANDRE,09130,140,A_Frota_por_UF_Municipio_CEP_Julho_2026.xlsx
SAO PAULO,SANTO ANDRE,09131,80,A_Frota_por_UF_Municipio_CEP_Julho_2026.xlsx
SAO PAULO,SANTO ANDRE,09132,197,A_Frota_por_UF_Municipio_CEP_Julho_2026.xlsx
SAO PAULO,SANTO ANDRE,09133,42,A_Frota_por_UF_Municipio_CEP_Julho_2026.xlsx
SAO PAULO,SANTO ANDRE,09134,76,A_Frota_por_UF_Municipio_CEP_Julho_2026.xlsx
SAO PAULO,SANTO ANDRE,09139,10,A_Frota_por_UF_Municipio_CEP_Julho_2026.xlsx
SAO PAULO,SANTO ANDRE,09140,1,A_Frota_por_UF_Municipio_CEP_Julho_2026.xlsx
SAO PAULO,SANTO ANDRE,09150,7,A_Frota_por_UF_Municipio_CEP_Julho_2026.xlsx
SAO PAULO,SANTO ANDRE,09152,1,A_Frota_por_UF_Municipio_CEP_Julho_2026.xlsx
SAO PAULO,SANTO ANDRE,09153,1,A_Frota_por_UF_Municipio_CEP_Julho_2026.xlsx
SAO PAULO,SANTO ANDRE,09160,20,A_Frota_por_UF_Municipio_CEP_Julho_2026.xlsx
SAO PAULO,SANTO ANDRE,09161,3,A_Frota_por_UF_Municipio_CEP_Julho_2026.xlsx
SAO PAULO,SANTO ANDRE,09162,3,A_Frota_por_UF_Municipio_CEP_Julho_2026.xlsx
SAO PAULO,SANTO ANDRE,09163,5,A_Frota_por_UF_Municipio_CEP_Julho_2026.xlsx
SAO PAULO,SANTO ANDRE,09165,1,A_Frota_por_UF_Municipio_CEP_Julho_2026.xlsx
SAO PAULO,SANTO ANDRE,09170,131,A_Frota_por_UF_Municipio_CEP_Julho_2026.xlsx
SAO PAULO,SANTO ANDRE,09171,133,A_Frota_por_UF_Municipio_CEP_Julho_2026.xlsx
SAO PAULO,SANTO ANDRE,09172,146,A_Frota_por_UF_Municipio_CEP_Julho_2026.xlsx
SAO PAULO,SANTO ANDRE,09175,174,A_Frota_por_UF_Municipio_CEP_Julho_2026.xlsx
SAO PAULO,SANTO ANDRE,09176,40,A_Frota_por_UF_Municipio_CEP_Julho_2026.xlsx
SAO PAULO,SANTO ANDRE,09180,188,A_Frota_por_UF_Municipio_CEP_Julho_2026.xlsx
SAO PAULO,SANTO ANDRE,09181,87,A_Frota_por_UF_Municipio_CEP_Julho_2026.xlsx
SAO PAULO,SANTO ANDRE,09182,83,A_Frota_por_UF_Municipio_CEP_Julho_2026.xlsx
SAO PAULO,SANTO ANDRE,09183,3,A_Frota_por_UF_Municipio_CEP_Julho_2026.xlsx
SAO PAULO,SANTO ANDRE,09185,180,A_Frota_por_UF_Municipio_CEP_Julho_2026.xlsx
SAO PAULO,SANTO ANDRE,09186,1,A_Frota_por_UF_Municipio_CEP_Julho_2026.xlsx
SAO PAULO,SANTO ANDRE,09190,183,A_Frota_por_UF_Municipio_CEP_Julho_2026.xlsx
SAO PAULO,SANTO ANDRE,09195,197,A_Frota_por_UF_Municipio_CEP_Julho_2026.xlsx
SAO PAULO,SANTO ANDRE,09200,1,A_Frota_por_UF_Municipio_CEP_Julho_2026.xlsx
SAO PAULO,SANTO ANDRE,09210,225,A_Frota_por_UF_Municipio_CEP_Julho_2026.xlsx
SAO PAULO,SANTO ANDRE,09211,2,A_Frota_por_UF_Municipio_CEP_Julho_2026.xlsx
SAO PAULO,SANTO ANDRE,09217,1,A_Frota_por_UF_Municipio_CEP_Julho_2026.xlsx
SAO PAULO,SANTO ANDRE,09220,209,A_Frota_por_UF_Municipio_CEP_Julho_2026.xlsx
SAO PAULO,SANTO ANDRE,09226,1,A_Frota_por_UF_Municipio_CEP_Julho_2026.xlsx
SAO PAULO,SANTO ANDRE,09230,317,A_Frota_por_UF_Municipio_CEP_Julho_2026.xlsx
SAO PAULO,SANTO ANDRE,09234,1,A_Frota_por_UF_Municipio_CEP_Julho_2026.xlsx
SAO PAULO,SANTO ANDRE,09235,1,A_Frota_por_UF_Municipio_CEP_Julho_2026.xlsx
SAO PAULO,SANTO ANDRE,09240,164,A_Frota_por_UF_Municipio_CEP_Julho_2026.xlsx
SAO PAULO,SANTO ANDRE,09241,58,A_Frota_por_UF_Municipio_CEP_Julho_2026.xlsx
SAO PAULO,SANTO ANDRE,09242,1,A_Frota_por_UF_Municipio_CEP_Julho_2026.xlsx
SAO PAULO,SANTO ANDRE,09244,1,A_Frota_por_UF_Municipio_CEP_Julho_2026.xlsx
SAO PAULO,SANTO ANDRE,09250,141,A_Frota_por_UF_Municipio_CEP_Julho_2026.xlsx
SAO PAULO,SANTO ANDRE,09251,53,A_Frota_por_UF_Municipio_CEP_Julho_2026.xlsx
SAO PAULO,SANTO ANDRE,09254,1,A_Frota_por_UF_Municipio_CEP_Julho_2026.xlsx
SAO PAULO,SANTO ANDRE,09260,331,A_Frota_por_UF_Municipio_CEP_Julho_2026.xlsx
SAO PAULO,SANTO ANDRE,09270,161,A_Frota_por_UF_Municipio_CEP_Julho_2026.xlsx
SAO PAULO,SANTO ANDRE,09271,196,A_Frota_por_UF_Municipio_CEP_Julho_2026.xlsx
SAO PAULO,SANTO ANDRE,09272,13,A_Frota_por_UF_Municipio_CEP_Julho_2026.xlsx
SAO PAULO,SANTO ANDRE,09273,6,A_Frota_por_UF_Municipio_CEP_Julho_2026.xlsx
SAO PAULO,SANTO ANDRE,09274,1,A_Frota_por_UF_Municipio_CEP_Julho_2026.xlsx
SAO PAULO,SANTO ANDRE,09280,199,A_Frota_por_UF_Municipio_CEP_Julho_2026.xlsx
SAO PAULO,SANTO ANDRE,09282,4,A_Frota_por_UF_Municipio_CEP_Julho_2026.xlsx
SAO PAULO,SANTO ANDRE,09290,275,A_Frota_por_UF_Municipio_CEP_Julho_2026.xlsx
SAO PAULO,SANTO ANDRE,09291,73,A_Frota_por_UF_Municipio_CEP_Julho_2026.xlsx
SAO PAULO,SANTO ANDRE,09300,1,A_Frota_por_UF_Municipio_CEP_Julho_2026.xlsx
SAO PAULO,SANTO ANDRE,09320,1,A_Frota_por_UF_Municipio_CEP_Julho_2026.xlsx
SAO PAULO,SANTO ANDRE,09340,1,A_Frota_por_UF_Municipio_CEP_Julho_2026.xlsx
SAO PAULO,SANTO ANDRE,09350,1,A_Frota_por_UF_Municipio_CEP_Julho_2026.xlsx
SAO PAULO,SANTO ANDRE,09360,1,A_Frota_por_UF_Municipio_CEP_Julho_2026.xlsx
SAO PAULO,SANTO ANDRE,09370,1,A_Frota_por_UF_Municipio_CEP_Julho_2026.xlsx
SAO PAULO,SANTO ANDRE,09373,1,A_Frota_por_UF_Municipio_CEP_Julho_2026.xlsx
SAO PAULO,SANTO ANDRE,09400,1,A_Frota_por_UF_Municipio_CEP_Julho_2026.xlsx
SAO PAULO,SANTO ANDRE,09410,2,A_Frota_por_UF_Municipio_CEP_Julho_2026.xlsx
SAO PAULO,SANTO ANDRE,09515,1,A_Frota_por_UF_Municipio_CEP_Julho_2026.xlsx
SAO PAULO,SANTO ANDRE,09557,1,A_Frota_por_UF_Municipio_CEP_Julho_2026.xlsx
SAO PAULO,SANTO ANDRE,09610,1,A_Frota_por_UF_Municipio_CEP_Julho_2026.xlsx
SAO PAULO,SANTO ANDRE,09710,1,A_Frota_por_UF_Municipio_CEP_Julho_2026.xlsx
SAO PAULO,SANTO ANDRE,09720,2,A_Frota_por_UF_Municipio_CEP_Julho_2026.xlsx
SAO PAULO,SANTO ANDRE,09760,1,A_Frota_por_UF_Municipio_CEP_Julho_2026.xlsx
SAO PAULO,SANTO ANDRE,09761,1,A_Frota_por_UF_Municipio_CEP_Julho_2026.xlsx
SAO PAULO,SANTO ANDRE,09820,1,A_Frota_por_UF_Municipio_CEP_Julho_2026.xlsx
SAO PAULO,SANTO ANDRE,09823,1,A_Frota_por_UF_Municipio_CEP_Julho_2026.xlsx
SAO PAULO,SANTO ANDRE,09851,1,A_Frota_por_UF_Municipio_CEP_Julho_2026.xlsx
SAO PAULO,SANTO ANDRE,09862,1,A_Frota_por_UF_Municipio_CEP_Julho_2026.xlsx
SAO PAULO,SANTO ANDRE,09880,1,A_Frota_por_UF_Municipio_CEP_Julho_2026.xlsx
SAO PAULO,SANTO ANDRE,09885,1,A_Frota_por_UF_Municipio_CEP_Julho_2026.xlsx
SAO PAULO,SANTO ANDRE,09900,1,A_Frota_por_UF_Municipio_CEP_Julho_2026.xlsx
SAO PAULO,SANTO ANDRE,09910,1,A_Frota_por_UF_Municipio_CEP_Julho_2026.xlsx
SAO PAULO,SANTO ANDRE,09960,1,A_Frota_por_UF_Municipio_CEP_Julho_2026.xlsx
SAO PAULO,SANTO ANDRE,10000,1,A_Frota_por_UF_Municipio_CEP_Julho_2026.xlsx
SAO PAULO,SANTO ANDRE,19190,1,A_Frota_por_UF_Municipio_CEP_Julho_2026.xlsx
SAO PAULO,SANTO ANDRE,Sem I,133572,A_Frota_por_UF_Municipio_CEP_Julho_2026.xlsx
SAO PAULO,SANTO ANTONIO DA ALEGRIA,00000,4164,A_Frota_por_UF_Municipio_CEP_Julho_2026.xlsx
SAO PAULO,SANTO ANTONIO DA ALEGRIA,14390,6,A_Frota_por_UF_Municipio_CEP_Julho_2026.xlsx
SAO PAULO,SANTO ANTONIO DA ALEGRIA,Sem I,584,A_Frota_por_UF_Municipio_CEP_Julho_2026.xlsx
SAO PAULO,SANTO ANTONIO DE POSSE,00000,17421,A_Frota_por_UF_Municipio_CEP_Julho_2026.xlsx
SAO PAULO,SANTO ANTONIO DE POSSE,13830,133,A_Frota_por_UF_Municipio_CEP_Julho_2026.xlsx
SAO PAULO,SANTO ANTONIO DE POSSE,13833,8,A_Frota_por_UF_Municipio_CEP_Julho_2026.xlsx
SAO PAULO,SANTO ANTONIO DE POSSE,Sem I,2438,A_Frota_por_UF_Municipio_CEP_Julho_2026.xlsx
SAO PAULO,SANTO ANTONIO DO ARACANGUA,00000,4834,A_Frota_por_UF_Municipio_CEP_Julho_2026.xlsx
SAO PAULO,SANTO ANTONIO DO ARACANGUA,16130,8,A_Frota_por_UF_Municipio_CEP_Julho_2026.xlsx
SAO PAULO,SANTO ANTONIO DO ARACANGUA,16140,8,A_Frota_por_UF_Municipio_CEP_Julho_2026.xlsx
SAO PAULO,SANTO ANTONIO DO ARACANGUA,16150,2,A_Frota_por_UF_Municipio_CEP_Julho_2026.xlsx
SAO PAULO,SANTO ANTONIO DO ARACANGUA,Sem I,613,A_Frota_por_UF_Municipio_CEP_Julho_2026.xlsx
SAO PAULO,SANTO ANTONIO DO JARDIM,00000,4296,A_Frota_por_UF_Municipio_CEP_Julho_2026.xlsx
SAO PAULO,SANTO ANTONIO DO JARDIM,13995,8,A_Frota_por_UF_Municipio_CEP_Julho_2026.xlsx
SAO PAULO,SANTO ANTONIO DO JARDIM,Sem I,532,A_Frota_por_UF_Municipio_CEP_Julho_2026.xlsx
SAO PAULO,SANTO ANTONIO DO PINHAL,00000,6204,A_Frota_por_UF_Municipio_CEP_Julho_2026.xlsx
SAO PAULO,SANTO ANTONIO DO PINHAL,12450,16,A_Frota_por_UF_Municipio_CEP_Julho_2026.xlsx
SAO PAULO,SANTO ANTONIO DO PINHAL,Sem I,593,A_Frota_por_UF_Municipio_CEP_Julho_2026.xlsx
SAO PAULO,SANTO EXPEDITO,00000,1684,A_Frota_por_UF_Municipio_CEP_Julho_2026.xlsx
SAO PAULO,SANTO EXPEDITO,19190,9,A_Frota_por_UF_Municipio_CEP_Julho_2026.xlsx
SAO PAULO,SANTO EXPEDITO,Sem I,123,A_Frota_por_UF_Municipio_CEP_Julho_2026.xlsx
SAO PAULO,SANTOPOLIS DO AGUAPEI,00000,2152,A_Frota_por_UF_Municipio_CEP_Julho_2026.xlsx
SAO PAULO,SANTOPOLIS DO AGUAPEI,16240,11,A_Frota_por_UF_Municipio_CEP_Julho_2026.xlsx
SAO PAULO,SANTOPOLIS DO AGUAPEI,Sem I,253,A_Frota_por_UF_Municipio_CEP_Julho_2026.xlsx
SAO PAULO,SANTOS,_x0000__x0000__x0000__x0000_ ,2,A_Frota_por_UF_Municipio_CEP_Julho_2026.xlsx
SAO PAULO,SANTOS,00000,231539,A_Frota_por_UF_Municipio_CEP_Julho_2026.xlsx
SAO PAULO,SANTOS,06029,1,A_Frota_por_UF_Municipio_CEP_Julho_2026.xlsx
SAO PAULO,SANTOS,06545,1,A_Frota_por_UF_Municipio_CEP_Julho_2026.xlsx
SAO PAULO,SANTOS,10020,1,A_Frota_por_UF_Municipio_CEP_Julho_2026.xlsx
SAO PAULO,SANTOS,10550,1,A_Frota_por_UF_Municipio_CEP_Julho_2026.xlsx
SAO PAULO,SANTOS,11000,11,A_Frota_por_UF_Municipio_CEP_Julho_2026.xlsx
SAO PAULO,SANTOS,11010,182,A_Frota_por_UF_Municipio_CEP_Julho_2026.xlsx
SAO PAULO,SANTOS,11013,296,A_Frota_por_UF_Municipio_CEP_Julho_2026.xlsx
SAO PAULO,SANTOS,11015,675,A_Frota_por_UF_Municipio_CEP_Julho_2026.xlsx
SAO PAULO,SANTOS,11020,168,A_Frota_por_UF_Municipio_CEP_Julho_2026.xlsx
SAO PAULO,SANTOS,11025,325,A_Frota_por_UF_Municipio_CEP_Julho_2026.xlsx
SAO PAULO,SANTOS,11030,350,A_Frota_por_UF_Municipio_CEP_Julho_2026.xlsx
SAO PAULO,SANTOS,11032,1,A_Frota_por_UF_Municipio_CEP_Julho_2026.xlsx
SAO PAULO,SANTOS,11035,192,A_Frota_por_UF_Municipio_CEP_Julho_2026.xlsx
SAO PAULO,SANTOS,11038,1,A_Frota_por_UF_Municipio_CEP_Julho_2026.xlsx
SAO PAULO,SANTOS,11040,334,A_Frota_por_UF_Municipio_CEP_Julho_2026.xlsx
SAO PAULO,SANTOS,11045,398,A_Frota_por_UF_Municipio_CEP_Julho_2026.xlsx
SAO PAULO,SANTOS,11050,250,A_Frota_por_UF_Municipio_CEP_Julho_2026.xlsx
SAO PAULO,SANTOS,11051,1,A_Frota_por_UF_Municipio_CEP_Julho_2026.xlsx
SAO PAULO,SANTOS,11053,1,A_Frota_por_UF_Municipio_CEP_Julho_2026.xlsx
SAO PAULO,SANTOS,11055,169,A_Frota_por_UF_Municipio_CEP_Julho_2026.xlsx
SAO PAULO,SANTOS,11060,222,A_Frota_por_UF_Municipio_CEP_Julho_2026.xlsx
SAO PAULO,SANTOS,11065,420,A_Frota_por_UF_Municipio_CEP_Julho_2026.xlsx
SAO PAULO,SANTOS,11066,1,A_Frota_por_UF_Municipio_CEP_Julho_2026.xlsx
SAO PAULO,SANTOS,11070,383,A_Frota_por_UF_Municipio_CEP_Julho_2026.xlsx
SAO PAULO,SANTOS,11074,2,A_Frota_por_UF_Municipio_CEP_Julho_2026.xlsx
SAO PAULO,SANTOS,11075,695,A_Frota_por_UF_Municipio_CEP_Julho_2026.xlsx
SAO PAULO,SANTOS,11080,97,A_Frota_por_UF_Municipio_CEP_Julho_2026.xlsx
SAO PAULO,SANTOS,11081,47,A_Frota_por_UF_Municipio_CEP_Julho_2026.xlsx
SAO PAULO,SANTOS,11082,60,A_Frota_por_UF_Municipio_CEP_Julho_2026.xlsx
SAO PAULO,SANTOS,11084,3,A_Frota_por_UF_Municipio_CEP_Julho_2026.xlsx
SAO PAULO,SANTOS,11085,409,A_Frota_por_UF_Municipio_CEP_Julho_2026.xlsx
SAO PAULO,SANTOS,11086,66,A_Frota_por_UF_Municipio_CEP_Julho_2026.xlsx
SAO PAULO,SANTOS,11087,108,A_Frota_por_UF_Municipio_CEP_Julho_2026.xlsx
SAO PAULO,SANTOS,11088,156,A_Frota_por_UF_Municipio_CEP_Julho_2026.xlsx
SAO PAULO,SANTOS,11089,94,A_Frota_por_UF_Municipio_CEP_Julho_2026.xlsx
SAO PAULO,SANTOS,11090,101,A_Frota_por_UF_Municipio_CEP_Julho_2026.xlsx
SAO PAULO,SANTOS,11095,80,A_Frota_por_UF_Municipio_CEP_Julho_2026.xlsx
SAO PAULO,SANTOS,11096,2,A_Frota_por_UF_Municipio_CEP_Julho_2026.xlsx
SAO PAULO,SANTOS,11100,28,A_Frota_por_UF_Municipio_CEP_Julho_2026.xlsx
SAO PAULO,SANTOS,11109,1,A_Frota_por_UF_Municipio_CEP_Julho_2026.xlsx
SAO PAULO,SANTOS,11190,1,A_Frota_por_UF_Municipio_CEP_Julho_2026.xlsx
SAO PAULO,SANTOS,11200,7,A_Frota_por_UF_Municipio_CEP_Julho_2026.xlsx
SAO PAULO,SANTOS,11220,1,A_Frota_por_UF_Municipio_CEP_Julho_2026.xlsx
SAO PAULO,SANTOS,11250,1,A_Frota_por_UF_Municipio_CEP_Julho_2026.xlsx
SAO PAULO,SANTOS,11310,1,A_Frota_por_UF_Municipio_CEP_Julho_2026.xlsx
SAO PAULO,SANTOS,11320,1,A_Frota_por_UF_Municipio_CEP_Julho_2026.xlsx
SAO PAULO,SANTOS,11500,1,A_Frota_por_UF_Municipio_CEP_Julho_2026.xlsx
SAO PAULO,SANTOS,11700,2,A_Frota_por_UF_Municipio_CEP_Julho_2026.xlsx
SAO PAULO,SANTOS,11705,2,A_Frota_por_UF_Municipio_CEP_Julho_2026.xlsx
SAO PAULO,SANTOS,Sem I,59470,A_Frota_por_UF_Municipio_CEP_Julho_2026.xlsx
SAO PAULO,SAO BENTO DO SAPUCAI,00000,8200,A_Frota_por_UF_Municipio_CEP_Julho_2026.xlsx
SAO PAULO,SAO BENTO DO SAPUCAI,12490,17,A_Frota_por_UF_Municipio_CEP_Julho_2026.xlsx
SAO PAULO,SAO BENTO DO SAPUCAI,Sem I,725,A_Frota_por_UF_Municipio_CEP_Julho_2026.xlsx
SAO PAULO,SAO BERNARDO DO CAMPO,_x0000__x0000__x0000__x0000_ ,5,A_Frota_por_UF_Municipio_CEP_Julho_2026.xlsx
SAO PAULO,SAO BERNARDO DO CAMPO,00000,536623,A_Frota_por_UF_Municipio_CEP_Julho_2026.xlsx
SAO PAULO,SAO BERNARDO DO CAMPO,01505,1,A_Frota_por_UF_Municipio_CEP_Julho_2026.xlsx
SAO PAULO,SAO BERNARDO DO CAMPO,02987,1,A_Frota_por_UF_Municipio_CEP_Julho_2026.xlsx
SAO PAULO,SAO BERNARDO DO CAMPO,04233,1,A_Frota_por_UF_Municipio_CEP_Julho_2026.xlsx
SAO PAULO,SAO BERNARDO DO CAMPO,06311,1,A_Frota_por_UF_Municipio_CEP_Julho_2026.xlsx
SAO PAULO,SAO BERNARDO DO CAMPO,06462,1,A_Frota_por_UF_Municipio_CEP_Julho_2026.xlsx
SAO PAULO,SAO BERNARDO DO CAMPO,06722,1,A_Frota_por_UF_Municipio_CEP_Julho_2026.xlsx
SAO PAULO,SAO BERNARDO DO CAMPO,06826,1,A_Frota_por_UF_Municipio_CEP_Julho_2026.xlsx
SAO PAULO,SAO BERNARDO DO CAMPO,07077,1,A_Frota_por_UF_Municipio_CEP_Julho_2026.xlsx
SAO PAULO,SAO BERNARDO DO CAMPO,07092,1,A_Frota_por_UF_Municipio_CEP_Julho_2026.xlsx
SAO PAULO,SAO BERNARDO DO CAMPO,08550,1,A_Frota_por_UF_Municipio_CEP_Julho_2026.xlsx
SAO PAULO,SAO BERNARDO DO CAMPO,09000,1,A_Frota_por_UF_Municipio_CEP_Julho_2026.xlsx
SAO PAULO,SAO BERNARDO DO CAMPO,09020,1,A_Frota_por_UF_Municipio_CEP_Julho_2026.xlsx
SAO PAULO,SAO BERNARDO DO CAMPO,09030,1,A_Frota_por_UF_Municipio_CEP_Julho_2026.xlsx
SAO PAULO,SAO BERNARDO DO CAMPO,09080,1,A_Frota_por_UF_Municipio_CEP_Julho_2026.xlsx
SAO PAULO,SAO BERNARDO DO CAMPO,09090,1,A_Frota_por_UF_Municipio_CEP_Julho_2026.xlsx
SAO PAULO,SAO BERNARDO DO CAMPO,09106,1,A_Frota_por_UF_Municipio_CEP_Julho_2026.xlsx
SAO PAULO,SAO BERNARDO DO CAMPO,09136,1,A_Frota_por_UF_Municipio_CEP_Julho_2026.xlsx
SAO PAULO,SAO BERNARDO DO CAMPO,09170,1,A_Frota_por_UF_Municipio_CEP_Julho_2026.xlsx
SAO PAULO,SAO BERNARDO DO CAMPO,09182,1,A_Frota_por_UF_Municipio_CEP_Julho_2026.xlsx
SAO PAULO,SAO BERNARDO DO CAMPO,09210,1,A_Frota_por_UF_Municipio_CEP_Julho_2026.xlsx
SAO PAULO,SAO BERNARDO DO CAMPO,09250,1,A_Frota_por_UF_Municipio_CEP_Julho_2026.xlsx
SAO PAULO,SAO BERNARDO DO CAMPO,09291,1,A_Frota_por_UF_Municipio_CEP_Julho_2026.xlsx
SAO PAULO,SAO BERNARDO DO CAMPO,09390,1,A_Frota_por_UF_Municipio_CEP_Julho_2026.xlsx
SAO PAULO,SAO BERNARDO DO CAMPO,09420,1,A_Frota_por_UF_Municipio_CEP_Julho_2026.xlsx
SAO PAULO,SAO BERNARDO DO CAMPO,09464,1,A_Frota_por_UF_Municipio_CEP_Julho_2026.xlsx
SAO PAULO,SAO BERNARDO DO CAMPO,09500,1,A_Frota_por_UF_Municipio_CEP_Julho_2026.xlsx
SAO PAULO,SAO BERNARDO DO CAMPO,09595,1,A_Frota_por_UF_Municipio_CEP_Julho_2026.xlsx
SAO PAULO,SAO BERNARDO DO CAMPO,09600,11,A_Frota_por_UF_Municipio_CEP_Julho_2026.xlsx
SAO PAULO,SAO BERNARDO DO CAMPO,09601,62,A_Frota_por_UF_Municipio_CEP_Julho_2026.xlsx
SAO PAULO,SAO BERNARDO DO CAMPO,09602,5,A_Frota_por_UF_Municipio_CEP_Julho_2026.xlsx
SAO PAULO,SAO BERNARDO DO CAMPO,09604,17,A_Frota_por_UF_Municipio_CEP_Julho_2026.xlsx
SAO PAULO,SAO BERNARDO DO CAMPO,09605,6,A_Frota_por_UF_Municipio_CEP_Julho_2026.xlsx
SAO PAULO,SAO BERNARDO DO CAMPO,09606,30,A_Frota_por_UF_Municipio_CEP_Julho_2026.xlsx
SAO PAULO,SAO BERNARDO DO CAMPO,09607,34,A_Frota_por_UF_Municipio_CEP_Julho_2026.xlsx
SAO PAULO,SAO BERNARDO DO CAMPO,09608,34,A_Frota_por_UF_Municipio_CEP_Julho_2026.xlsx
SAO PAULO,SAO BERNARDO DO CAMPO,09609,10,A_Frota_por_UF_Municipio_CEP_Julho_2026.xlsx
SAO PAULO,SAO BERNARDO DO CAMPO,09610,3,A_Frota_por_UF_Municipio_CEP_Julho_2026.xlsx
SAO PAULO,SAO BERNARDO DO CAMPO,09611,4,A_Frota_por_UF_Municipio_CEP_Julho_2026.xlsx
SAO PAULO,SAO BERNARDO DO CAMPO,09612,6,A_Frota_por_UF_Municipio_CEP_Julho_2026.xlsx
SAO PAULO,SAO BERNARDO DO CAMPO,09613,5,A_Frota_por_UF_Municipio_CEP_Julho_2026.xlsx
SAO PAULO,SAO BERNARDO DO CAMPO,09614,7,A_Frota_por_UF_Municipio_CEP_Julho_2026.xlsx
SAO PAULO,SAO BERNARDO DO CAMPO,09615,22,A_Frota_por_UF_Municipio_CEP_Julho_2026.xlsx
SAO PAULO,SAO BERNARDO DO CAMPO,09616,41,A_Frota_por_UF_Municipio_CEP_Julho_2026.xlsx
SAO PAULO,SAO BERNARDO DO CAMPO,09617,48,A_Frota_por_UF_Municipio_CEP_Julho_2026.xlsx
SAO PAULO,SAO BERNARDO DO CAMPO,09618,51,A_Frota_por_UF_Municipio_CEP_Julho_2026.xlsx
SAO PAULO,SAO BERNARDO DO CAMPO,09619,53,A_Frota_por_UF_Municipio_CEP_Julho_2026.xlsx
SAO PAULO,SAO BERNARDO DO CAMPO,09620,27,A_Frota_por_UF_Municipio_CEP_Julho_2026.xlsx
SAO PAULO,SAO BERNARDO DO CAMPO,09621,19,A_Frota_por_UF_Municipio_CEP_Julho_2026.xlsx
SAO PAULO,SAO BERNARDO DO CAMPO,09622,1,A_Frota_por_UF_Municipio_CEP_Julho_2026.xlsx
SAO PAULO,SAO BERNARDO DO CAMPO,09623,29,A_Frota_por_UF_Municipio_CEP_Julho_2026.xlsx
SAO PAULO,SAO BERNARDO DO CAMPO,09624,26,A_Frota_por_UF_Municipio_CEP_Julho_2026.xlsx
SAO PAULO,SAO BERNARDO DO CAMPO,09625,40,A_Frota_por_UF_Municipio_CEP_Julho_2026.xlsx
SAO PAULO,SAO BERNARDO DO CAMPO,09626,25,A_Frota_por_UF_Municipio_CEP_Julho_2026.xlsx
SAO PAULO,SAO BERNARDO DO CAMPO,09627,14,A_Frota_por_UF_Municipio_CEP_Julho_2026.xlsx
SAO PAULO,SAO BERNARDO DO CAMPO,09628,12,A_Frota_por_UF_Municipio_CEP_Julho_2026.xlsx
SAO PAULO,SAO BERNARDO DO CAMPO,09629,16,A_Frota_por_UF_Municipio_CEP_Julho_2026.xlsx
SAO PAULO,SAO BERNARDO DO CAMPO,09630,1,A_Frota_por_UF_Municipio_CEP_Julho_2026.xlsx
SAO PAULO,SAO BERNARDO DO CAMPO,09631,33,A_Frota_por_UF_Municipio_CEP_Julho_2026.xlsx
SAO PAULO,SAO BERNARDO DO CAMPO,09632,34,A_Frota_por_UF_Municipio_CEP_Julho_2026.xlsx
SAO PAULO,SAO BERNARDO DO CAMPO,09633,8,A_Frota_por_UF_Municipio_CEP_Julho_2026.xlsx
SAO PAULO,SAO BERNARDO DO CAMPO,09634,32,A_Frota_por_UF_Municipio_CEP_Julho_2026.xlsx
SAO PAULO,SAO BERNARDO DO CAMPO,09635,57,A_Frota_por_UF_Municipio_CEP_Julho_2026.xlsx
SAO PAULO,SAO BERNARDO DO CAMPO,09636,8,A_Frota_por_UF_Municipio_CEP_Julho_2026.xlsx
SAO PAULO,SAO BERNARDO DO CAMPO,09637,5,A_Frota_por_UF_Municipio_CEP_Julho_2026.xlsx
SAO PAULO,SAO BERNARDO DO CAMPO,09638,1,A_Frota_por_UF_Municipio_CEP_Julho_2026.xlsx
SAO PAULO,SAO BERNARDO DO CAMPO,09639,1,A_Frota_por_UF_Municipio_CEP_Julho_2026.xlsx
SAO PAULO,SAO BERNARDO DO CAMPO,09640,30,A_Frota_por_UF_Municipio_CEP_Julho_2026.xlsx
SAO PAULO,SAO BERNARDO DO CAMPO,09641,29,A_Frota_por_UF_Municipio_CEP_Julho_2026.xlsx
SAO PAULO,SAO BERNARDO DO CAMPO,09642,8,A_Frota_por_UF_Municipio_CEP_Julho_2026.xlsx
SAO PAULO,SAO BERNARDO DO CAMPO,09643,8,A_Frota_por_UF_Municipio_CEP_Julho_2026.xlsx
SAO PAULO,SAO BERNARDO DO CAMPO,09646,1,A_Frota_por_UF_Municipio_CEP_Julho_2026.xlsx
SAO PAULO,SAO BERNARDO DO CAMPO,09647,1,A_Frota_por_UF_Municipio_CEP_Julho_2026.xlsx
SAO PAULO,SAO BERNARDO DO CAMPO,09651,17,A_Frota_por_UF_Municipio_CEP_Julho_2026.xlsx
SAO PAULO,SAO BERNARDO DO CAMPO,09655,66,A_Frota_por_UF_Municipio_CEP_Julho_2026.xlsx
SAO PAULO,SAO BERNARDO DO CAMPO,09656,42,A_Frota_por_UF_Municipio_CEP_Julho_2026.xlsx
SAO PAULO,SAO BERNARDO DO CAMPO,09657,4,A_Frota_por_UF_Municipio_CEP_Julho_2026.xlsx
SAO PAULO,SAO BERNARDO DO CAMPO,09660,39,A_Frota_por_UF_Municipio_CEP_Julho_2026.xlsx
SAO PAULO,SAO BERNARDO DO CAMPO,09661,37,A_Frota_por_UF_Municipio_CEP_Julho_2026.xlsx
SAO PAULO,SAO BERNARDO DO CAMPO,09662,20,A_Frota_por_UF_Municipio_CEP_Julho_2026.xlsx
SAO PAULO,SAO BERNARDO DO CAMPO,09663,31,A_Frota_por_UF_Municipio_CEP_Julho_2026.xlsx
SAO PAULO,SAO BERNARDO DO CAMPO,09664,12,A_Frota_por_UF_Municipio_CEP_Julho_2026.xlsx
SAO PAULO,SAO BERNARDO DO CAMPO,09665,15,A_Frota_por_UF_Municipio_CEP_Julho_2026.xlsx
SAO PAULO,SAO BERNARDO DO CAMPO,09666,19,A_Frota_por_UF_Municipio_CEP_Julho_2026.xlsx
SAO PAULO,SAO BERNARDO DO CAMPO,09667,19,A_Frota_por_UF_Municipio_CEP_Julho_2026.xlsx
SAO PAULO,SAO BERNARDO DO CAMPO,09668,56,A_Frota_por_UF_Municipio_CEP_Julho_2026.xlsx
SAO PAULO,SAO BERNARDO DO CAMPO,09669,24,A_Frota_por_UF_Municipio_CEP_Julho_2026.xlsx
SAO PAULO,SAO BERNARDO DO CAMPO,09670,9,A_Frota_por_UF_Municipio_CEP_Julho_2026.xlsx
SAO PAULO,SAO BERNARDO DO CAMPO,09671,22,A_Frota_por_UF_Municipio_CEP_Julho_2026.xlsx
SAO PAULO,SAO BERNARDO DO CAMPO,09672,15,A_Frota_por_UF_Municipio_CEP_Julho_2026.xlsx
SAO PAULO,SAO BERNARDO DO CAMPO,09680,3,A_Frota_por_UF_Municipio_CEP_Julho_2026.xlsx
SAO PAULO,SAO BERNARDO DO CAMPO,09682,16,A_Frota_por_UF_Municipio_CEP_Julho_2026.xlsx
SAO PAULO,SAO BERNARDO DO CAMPO,09683,32,A_Frota_por_UF_Municipio_CEP_Julho_2026.xlsx
SAO PAULO,SAO BERNARDO DO CAMPO,09684,20,A_Frota_por_UF_Municipio_CEP_Julho_2026.xlsx
SAO PAULO,SAO BERNARDO DO CAMPO,09685,13,A_Frota_por_UF_Municipio_CEP_Julho_2026.xlsx
SAO PAULO,SAO BERNARDO DO CAMPO,09686,8,A_Frota_por_UF_Municipio_CEP_Julho_2026.xlsx
SAO PAULO,SAO BERNARDO DO CAMPO,09687,13,A_Frota_por_UF_Municipio_CEP_Julho_2026.xlsx
SAO PAULO,SAO BERNARDO DO CAMPO,09688,17,A_Frota_por_UF_Municipio_CEP_Julho_2026.xlsx
SAO PAULO,SAO BERNARDO DO CAMPO,09689,30,A_Frota_por_UF_Municipio_CEP_Julho_2026.xlsx
SAO PAULO,SAO BERNARDO DO CAMPO,09690,38,A_Frota_por_UF_Municipio_CEP_Julho_2026.xlsx
SAO PAULO,SAO BERNARDO DO CAMPO,09691,70,A_Frota_por_UF_Municipio_CEP_Julho_2026.xlsx
SAO PAULO,SAO BERNARDO DO CAMPO,09692,44,A_Frota_por_UF_Municipio_CEP_Julho_2026.xlsx
SAO PAULO,SAO BERNARDO DO CAMPO,09693,36,A_Frota_por_UF_Municipio_CEP_Julho_2026.xlsx
SAO PAULO,SAO BERNARDO DO CAMPO,09694,2,A_Frota_por_UF_Municipio_CEP_Julho_2026.xlsx
SAO PAULO,SAO BERNARDO DO CAMPO,09695,17,A_Frota_por_UF_Municipio_CEP_Julho_2026.xlsx
SAO PAULO,SAO BERNARDO DO CAMPO,09696,1,A_Frota_por_UF_Municipio_CEP_Julho_2026.xlsx
SAO PAULO,SAO BERNARDO DO CAMPO,09700,149,A_Frota_por_UF_Municipio_CEP_Julho_2026.xlsx
SAO PAULO,SAO BERNARDO DO CAMPO,09701,3,A_Frota_por_UF_Municipio_CEP_Julho_2026.xlsx
SAO PAULO,SAO BERNARDO DO CAMPO,09710,104,A_Frota_por_UF_Municipio_CEP_Julho_2026.xlsx
SAO PAULO,SAO BERNARDO DO CAMPO,09713,2,A_Frota_por_UF_Municipio_CEP_Julho_2026.xlsx
SAO PAULO,SAO BERNARDO DO CAMPO,09715,149,A_Frota_por_UF_Municipio_CEP_Julho_2026.xlsx
SAO PAULO,SAO BERNARDO DO CAMPO,09720,130,A_Frota_por_UF_Municipio_CEP_Julho_2026.xlsx
SAO PAULO,SAO BERNARDO DO CAMPO,09721,59,A_Frota_por_UF_Municipio_CEP_Julho_2026.xlsx
SAO PAULO,SAO BERNARDO DO CAMPO,09725,263,A_Frota_por_UF_Municipio_CEP_Julho_2026.xlsx
SAO PAULO,SAO BERNARDO DO CAMPO,09726,135,A_Frota_por_UF_Municipio_CEP_Julho_2026.xlsx
SAO PAULO,SAO BERNARDO DO CAMPO,09728,1,A_Frota_por_UF_Municipio_CEP_Julho_2026.xlsx
SAO PAULO,SAO BERNARDO DO CAMPO,09729,1,A_Frota_por_UF_Municipio_CEP_Julho_2026.xlsx
SAO PAULO,SAO BERNARDO DO CAMPO,09730,7,A_Frota_por_UF_Municipio_CEP_Julho_2026.xlsx
SAO PAULO,SAO BERNARDO DO CAMPO,09731,11,A_Frota_por_UF_Municipio_CEP_Julho_2026.xlsx
SAO PAULO,SAO BERNARDO DO CAMPO,09732,82,A_Frota_por_UF_Municipio_CEP_Julho_2026.xlsx
SAO PAULO,SAO BERNARDO DO CAMPO,09734,1,A_Frota_por_UF_Municipio_CEP_Julho_2026.xlsx
SAO PAULO,SAO BERNARDO DO CAMPO,09735,8,A_Frota_por_UF_Municipio_CEP_Julho_2026.xlsx
SAO PAULO,SAO BERNARDO DO CAMPO,09736,3,A_Frota_por_UF_Municipio_CEP_Julho_2026.xlsx
SAO PAULO,SAO BERNARDO DO CAMPO,09740,11,A_Frota_por_UF_Municipio_CEP_Julho_2026.xlsx
SAO PAULO,SAO BERNARDO DO CAMPO,09741,6,A_Frota_por_UF_Municipio_CEP_Julho_2026.xlsx
SAO PAULO,SAO BERNARDO DO CAMPO,09750,195,A_Frota_por_UF_Municipio_CEP_Julho_2026.xlsx
SAO PAULO,SAO BERNARDO DO CAMPO,09751,171,A_Frota_por_UF_Municipio_CEP_Julho_2026.xlsx
SAO PAULO,SAO BERNARDO DO CAMPO,09752,2,A_Frota_por_UF_Municipio_CEP_Julho_2026.xlsx
SAO PAULO,SAO BERNARDO DO CAMPO,09760,221,A_Frota_por_UF_Municipio_CEP_Julho_2026.xlsx
SAO PAULO,SAO BERNARDO DO CAMPO,09761,124,A_Frota_por_UF_Municipio_CEP_Julho_2026.xlsx
SAO PAULO,SAO BERNARDO DO CAMPO,09762,9,A_Frota_por_UF_Municipio_CEP_Julho_2026.xlsx
SAO PAULO,SAO BERNARDO DO CAMPO,09764,2,A_Frota_por_UF_Municipio_CEP_Julho_2026.xlsx
SAO PAULO,SAO BERNARDO DO CAMPO,09765,4,A_Frota_por_UF_Municipio_CEP_Julho_2026.xlsx
SAO PAULO,SAO BERNARDO DO CAMPO,09770,177,A_Frota_por_UF_Municipio_CEP_Julho_2026.xlsx
SAO PAULO,SAO BERNARDO DO CAMPO,09771,141,A_Frota_por_UF_Municipio_CEP_Julho_2026.xlsx
SAO PAULO,SAO BERNARDO DO CAMPO,09772,10,A_Frota_por_UF_Municipio_CEP_Julho_2026.xlsx
SAO PAULO,SAO BERNARDO DO CAMPO,09780,211,A_Frota_por_UF_Municipio_CEP_Julho_2026.xlsx
SAO PAULO,SAO BERNARDO DO CAMPO,09781,335,A_Frota_por_UF_Municipio_CEP_Julho_2026.xlsx
SAO PAULO,SAO BERNARDO DO CAMPO,09782,19,A_Frota_por_UF_Municipio_CEP_Julho_2026.xlsx
SAO PAULO,SAO BERNARDO DO CAMPO,09783,9,A_Frota_por_UF_Municipio_CEP_Julho_2026.xlsx
SAO PAULO,SAO BERNARDO DO CAMPO,09784,107,A_Frota_por_UF_Municipio_CEP_Julho_2026.xlsx
SAO PAULO,SAO BERNARDO DO CAMPO,09785,16,A_Frota_por_UF_Municipio_CEP_Julho_2026.xlsx
SAO PAULO,SAO BERNARDO DO CAMPO,09790,164,A_Frota_por_UF_Municipio_CEP_Julho_2026.xlsx
SAO PAULO,SAO BERNARDO DO CAMPO,09791,318,A_Frota_por_UF_Municipio_CEP_Julho_2026.xlsx
SAO PAULO,SAO BERNARDO DO CAMPO,09792,19,A_Frota_por_UF_Municipio_CEP_Julho_2026.xlsx
SAO PAULO,SAO BERNARDO DO CAMPO,09796,1,A_Frota_por_UF_Municipio_CEP_Julho_2026.xlsx
SAO PAULO,SAO BERNARDO DO CAMPO,09800,11,A_Frota_por_UF_Municipio_CEP_Julho_2026.xlsx
SAO PAULO,SAO BERNARDO DO CAMPO,09801,1,A_Frota_por_UF_Municipio_CEP_Julho_2026.xlsx
SAO PAULO,SAO BERNARDO DO CAMPO,09810,236,A_Frota_por_UF_Municipio_CEP_Julho_2026.xlsx
SAO PAULO,SAO BERNARDO DO CAMPO,09811,201,A_Frota_por_UF_Municipio_CEP_Julho_2026.xlsx
SAO PAULO,SAO BERNARDO DO CAMPO,09812,131,A_Frota_por_UF_Municipio_CEP_Julho_2026.xlsx
SAO PAULO,SAO BERNARDO DO CAMPO,09817,1,A_Frota_por_UF_Municipio_CEP_Julho_2026.xlsx
SAO PAULO,SAO BERNARDO DO CAMPO,09820,334,A_Frota_por_UF_Municipio_CEP_Julho_2026.xlsx
SAO PAULO,SAO BERNARDO DO CAMPO,09821,29,A_Frota_por_UF_Municipio_CEP_Julho_2026.xlsx
SAO PAULO,SAO BERNARDO DO CAMPO,09822,31,A_Frota_por_UF_Municipio_CEP_Julho_2026.xlsx
SAO PAULO,SAO BERNARDO DO CAMPO,09823,33,A_Frota_por_UF_Municipio_CEP_Julho_2026.xlsx
SAO PAULO,SAO BERNARDO DO CAMPO,09827,1,A_Frota_por_UF_Municipio_CEP_Julho_2026.xlsx
SAO PAULO,SAO BERNARDO DO CAMPO,09830,67,A_Frota_por_UF_Municipio_CEP_Julho_2026.xlsx
SAO PAULO,SAO BERNARDO DO CAMPO,09831,86,A_Frota_por_UF_Municipio_CEP_Julho_2026.xlsx
SAO PAULO,SAO BERNARDO DO CAMPO,09832,14,A_Frota_por_UF_Municipio_CEP_Julho_2026.xlsx
SAO PAULO,SAO BERNARDO DO CAMPO,09834,2,A_Frota_por_UF_Municipio_CEP_Julho_2026.xlsx
SAO PAULO,SAO BERNARDO DO CAMPO,09835,23,A_Frota_por_UF_Municipio_CEP_Julho_2026.xlsx
SAO PAULO,SAO BERNARDO DO CAMPO,09838,1,A_Frota_por_UF_Municipio_CEP_Julho_2026.xlsx
SAO PAULO,SAO BERNARDO DO CAMPO,09840,217,A_Frota_por_UF_Municipio_CEP_Julho_2026.xlsx
SAO PAULO,SAO BERNARDO DO CAMPO,09841,51,A_Frota_por_UF_Municipio_CEP_Julho_2026.xlsx
SAO PAULO,SAO BERNARDO DO CAMPO,09842,100,A_Frota_por_UF_Municipio_CEP_Julho_2026.xlsx
SAO PAULO,SAO BERNARDO DO CAMPO,09843,80,A_Frota_por_UF_Municipio_CEP_Julho_2026.xlsx
SAO PAULO,SAO BERNARDO DO CAMPO,09844,35,A_Frota_por_UF_Municipio_CEP_Julho_2026.xlsx
SAO PAULO,SAO BERNARDO DO CAMPO,09845,15,A_Frota_por_UF_Municipio_CEP_Julho_2026.xlsx
SAO PAULO,SAO BERNARDO DO CAMPO,09846,24,A_Frota_por_UF_Municipio_CEP_Julho_2026.xlsx
SAO PAULO,SAO BERNARDO DO CAMPO,09847,20,A_Frota_por_UF_Municipio_CEP_Julho_2026.xlsx
SAO PAULO,SAO BERNARDO DO CAMPO,09850,281,A_Frota_por_UF_Municipio_CEP_Julho_2026.xlsx
SAO PAULO,SAO BERNARDO DO CAMPO,09851,203,A_Frota_por_UF_Municipio_CEP_Julho_2026.xlsx
SAO PAULO,SAO BERNARDO DO CAMPO,09852,108,A_Frota_por_UF_Municipio_CEP_Julho_2026.xlsx
SAO PAULO,SAO BERNARDO DO CAMPO,09853,65,A_Frota_por_UF_Municipio_CEP_Julho_2026.xlsx
SAO PAULO,SAO BERNARDO DO CAMPO,09854,114,A_Frota_por_UF_Municipio_CEP_Julho_2026.xlsx
SAO PAULO,SAO BERNARDO DO CAMPO,09855,46,A_Frota_por_UF_Municipio_CEP_Julho_2026.xlsx
SAO PAULO,SAO BERNARDO DO CAMPO,09856,26,A_Frota_por_UF_Municipio_CEP_Julho_2026.xlsx
SAO PAULO,SAO BERNARDO DO CAMPO,09857,10,A_Frota_por_UF_Municipio_CEP_Julho_2026.xlsx
SAO PAULO,SAO BERNARDO DO CAMPO,09858,2,A_Frota_por_UF_Municipio_CEP_Julho_2026.xlsx
SAO PAULO,SAO BERNARDO DO CAMPO,09860,86,A_Frota_por_UF_Municipio_CEP_Julho_2026.xlsx
SAO PAULO,SAO BERNARDO DO CAMPO,09861,194,A_Frota_por_UF_Municipio_CEP_Julho_2026.xlsx
SAO PAULO,SAO BERNARDO DO CAMPO,09862,118,A_Frota_por_UF_Municipio_CEP_Julho_2026.xlsx
SAO PAULO,SAO BERNARDO DO CAMPO,09863,1,A_Frota_por_UF_Municipio_CEP_Julho_2026.xlsx
SAO PAULO,SAO BERNARDO DO CAMPO,09869,1,A_Frota_por_UF_Municipio_CEP_Julho_2026.xlsx
SAO PAULO,SAO BERNARDO DO CAMPO,09870,16,A_Frota_por_UF_Municipio_CEP_Julho_2026.xlsx
SAO PAULO,SAO BERNARDO DO CAMPO,09871,1,A_Frota_por_UF_Municipio_CEP_Julho_2026.xlsx
SAO PAULO,SAO BERNARDO DO CAMPO,09872,4,A_Frota_por_UF_Municipio_CEP_Julho_2026.xlsx
SAO PAULO,SAO BERNARDO DO CAMPO,09874,1,A_Frota_por_UF_Municipio_CEP_Julho_2026.xlsx
SAO PAULO,SAO BERNARDO DO CAMPO,09878,1,A_Frota_por_UF_Municipio_CEP_Julho_2026.xlsx
SAO PAULO,SAO BERNARDO DO CAMPO,09880,5,A_Frota_por_UF_Municipio_CEP_Julho_2026.xlsx
SAO PAULO,SAO BERNARDO DO CAMPO,09881,5,A_Frota_por_UF_Municipio_CEP_Julho_2026.xlsx
SAO PAULO,SAO BERNARDO DO CAMPO,09883,1,A_Frota_por_UF_Municipio_CEP_Julho_2026.xlsx
SAO PAULO,SAO BERNARDO DO CAMPO,09886,1,A_Frota_por_UF_Municipio_CEP_Julho_2026.xlsx
SAO PAULO,SAO BERNARDO DO CAMPO,09890,133,A_Frota_por_UF_Municipio_CEP_Julho_2026.xlsx
SAO PAULO,SAO BERNARDO DO CAMPO,09891,126,A_Frota_por_UF_Municipio_CEP_Julho_2026.xlsx
SAO PAULO,SAO BERNARDO DO CAMPO,09892,119,A_Frota_por_UF_Municipio_CEP_Julho_2026.xlsx
SAO PAULO,SAO BERNARDO DO CAMPO,09893,2,A_Frota_por_UF_Municipio_CEP_Julho_2026.xlsx
SAO PAULO,SAO BERNARDO DO CAMPO,09894,49,A_Frota_por_UF_Municipio_CEP_Julho_2026.xlsx
SAO PAULO,SAO BERNARDO DO CAMPO,09895,268,A_Frota_por_UF_Municipio_CEP_Julho_2026.xlsx
SAO PAULO,SAO BERNARDO DO CAMPO,09896,32,A_Frota_por_UF_Municipio_CEP_Julho_2026.xlsx
SAO PAULO,SAO BERNARDO DO CAMPO,09897,1,A_Frota_por_UF_Municipio_CEP_Julho_2026.xlsx
SAO PAULO,SAO BERNARDO DO CAMPO,09925,1,A_Frota_por_UF_Municipio_CEP_Julho_2026.xlsx
SAO PAULO,SAO BERNARDO DO CAMPO,09930,1,A_Frota_por_UF_Municipio_CEP_Julho_2026.xlsx
SAO PAULO,SAO BERNARDO DO CAMPO,09940,1,A_Frota_por_UF_Municipio_CEP_Julho_2026.xlsx
SAO PAULO,SAO BERNARDO DO CAMPO,09970,2,A_Frota_por_UF_Municipio_CEP_Julho_2026.xlsx
SAO PAULO,SAO BERNARDO DO CAMPO,09971,1,A_Frota_por_UF_Municipio_CEP_Julho_2026.xlsx
SAO PAULO,SAO BERNARDO DO CAMPO,09990,1,A_Frota_por_UF_Municipio_CEP_Julho_2026.xlsx
SAO PAULO,SAO BERNARDO DO CAMPO,Sem I,126644,A_Frota_por_UF_Municipio_CEP_Julho_2026.xlsx
SAO PAULO,SAO CAETANO DO SUL,_x0000__x0000__x0000__x0000_ ,4,A_Frota_por_UF_Municipio_CEP_Julho_2026.xlsx
SAO PAULO,SAO CAETANO DO SUL,00000,117447,A_Frota_por_UF_Municipio_CEP_Julho_2026.xlsx
SAO PAULO,SAO CAETANO DO SUL,03211,1,A_Frota_por_UF_Municipio_CEP_Julho_2026.xlsx
SAO PAULO,SAO CAETANO DO SUL,05453,1,A_Frota_por_UF_Municipio_CEP_Julho_2026.xlsx
SAO PAULO,SAO CAETANO DO SUL,09500,8,A_Frota_por_UF_Municipio_CEP_Julho_2026.xlsx
SAO PAULO,SAO CAETANO DO SUL,09510,97,A_Frota_por_UF_Municipio_CEP_Julho_2026.xlsx
SAO PAULO,SAO CAETANO DO SUL,09520,144,A_Frota_por_UF_Municipio_CEP_Julho_2026.xlsx
SAO PAULO,SAO CAETANO DO SUL,09521,118,A_Frota_por_UF_Municipio_CEP_Julho_2026.xlsx
SAO PAULO,SAO CAETANO DO SUL,09530,165,A_Frota_por_UF_Municipio_CEP_Julho_2026.xlsx
SAO PAULO,SAO CAETANO DO SUL,09531,44,A_Frota_por_UF_Municipio_CEP_Julho_2026.xlsx
SAO PAULO,SAO CAETANO DO SUL,09540,189,A_Frota_por_UF_Municipio_CEP_Julho_2026.xlsx
SAO PAULO,SAO CAETANO DO SUL,09541,160,A_Frota_por_UF_Municipio_CEP_Julho_2026.xlsx
SAO PAULO,SAO CAETANO DO SUL,09550,172,A_Frota_por_UF_Municipio_CEP_Julho_2026.xlsx
SAO PAULO,SAO CAETANO DO SUL,09551,186,A_Frota_por_UF_Municipio_CEP_Julho_2026.xlsx
SAO PAULO,SAO CAETANO DO SUL,09560,239,A_Frota_por_UF_Municipio_CEP_Julho_2026.xlsx
SAO PAULO,SAO CAETANO DO SUL,09561,56,A_Frota_por_UF_Municipio_CEP_Julho_2026.xlsx
SAO PAULO,SAO CAETANO DO SUL,09570,124,A_Frota_por_UF_Municipio_CEP_Julho_2026.xlsx
SAO PAULO,SAO CAETANO DO SUL,09571,162,A_Frota_por_UF_Municipio_CEP_Julho_2026.xlsx
SAO PAULO,SAO CAETANO DO SUL,09572,121,A_Frota_por_UF_Municipio_CEP_Julho_2026.xlsx
SAO PAULO,SAO CAETANO DO SUL,09580,169,A_Frota_por_UF_Municipio_CEP_Julho_2026.xlsx
SAO PAULO,SAO CAETANO DO SUL,09581,108,A_Frota_por_UF_Municipio_CEP_Julho_2026.xlsx
SAO PAULO,SAO CAETANO DO SUL,Sem I,33520,A_Frota_por_UF_Municipio_CEP_Julho_2026.xlsx
SAO PAULO,SAO CARLOS,_x0000__x0000__x0000__x0000_ ,2,A_Frota_por_UF_Municipio_CEP_Julho_2026.xlsx
SAO PAULO,SAO CARLOS,00000,188357,A_Frota_por_UF_Municipio_CEP_Julho_2026.xlsx
SAO PAULO,SAO CARLOS,13462,1,A_Frota_por_UF_Municipio_CEP_Julho_2026.xlsx
SAO PAULO,SAO CARLOS,13500,1,A_Frota_por_UF_Municipio_CEP_Julho_2026.xlsx
SAO PAULO,SAO CARLOS,13520,1,A_Frota_por_UF_Municipio_CEP_Julho_2026.xlsx
SAO PAULO,SAO CARLOS,13547,1,A_Frota_por_UF_Municipio_CEP_Julho_2026.xlsx
SAO PAULO,SAO CARLOS,13556,1,A_Frota_por_UF_Municipio_CEP_Julho_2026.xlsx
SAO PAULO,SAO CARLOS,13560,262,A_Frota_por_UF_Municipio_CEP_Julho_2026.xlsx
SAO PAULO,SAO CARLOS,13561,12,A_Frota_por_UF_Municipio_CEP_Julho_2026.xlsx
SAO PAULO,SAO CARLOS,13562,53,A_Frota_por_UF_Municipio_CEP_Julho_2026.xlsx
SAO PAULO,SAO CARLOS,13563,90,A_Frota_por_UF_Municipio_CEP_Julho_2026.xlsx
SAO PAULO,SAO CARLOS,13564,62,A_Frota_por_UF_Municipio_CEP_Julho_2026.xlsx
SAO PAULO,SAO CARLOS,13565,45,A_Frota_por_UF_Municipio_CEP_Julho_2026.xlsx
SAO PAULO,SAO CARLOS,13566,56,A_Frota_por_UF_Municipio_CEP_Julho_2026.xlsx
SAO PAULO,SAO CARLOS,13567,57,A_Frota_por_UF_Municipio_CEP_Julho_2026.xlsx
SAO PAULO,SAO CARLOS,13568,93,A_Frota_por_UF_Municipio_CEP_Julho_2026.xlsx
SAO PAULO,SAO CARLOS,13569,50,A_Frota_por_UF_Municipio_CEP_Julho_2026.xlsx
SAO PAULO,SAO CARLOS,13570,88,A_Frota_por_UF_Municipio_CEP_Julho_2026.xlsx
SAO PAULO,SAO CARLOS,13571,29,A_Frota_por_UF_Municipio_CEP_Julho_2026.xlsx
SAO PAULO,SAO CARLOS,13572,77,A_Frota_por_UF_Municipio_CEP_Julho_2026.xlsx
SAO PAULO,SAO CARLOS,13573,101,A_Frota_por_UF_Municipio_CEP_Julho_2026.xlsx
SAO PAULO,SAO CARLOS,13574,85,A_Frota_por_UF_Municipio_CEP_Julho_2026.xlsx
SAO PAULO,SAO CARLOS,13575,118,A_Frota_por_UF_Municipio_CEP_Julho_2026.xlsx
SAO PAULO,SAO CARLOS,13578,5,A_Frota_por_UF_Municipio_CEP_Julho_2026.xlsx
SAO PAULO,SAO CARLOS,13579,6,A_Frota_por_UF_Municipio_CEP_Julho_2026.xlsx
SAO PAULO,SAO CARLOS,14574,1,A_Frota_por_UF_Municipio_CEP_Julho_2026.xlsx
SAO PAULO,SAO CARLOS,Sem I,25913,A_Frota_por_UF_Municipio_CEP_Julho_2026.xlsx
SAO PAULO,SAO FRANCISCO,00000,1894,A_Frota_por_UF_Municipio_CEP_Julho_2026.xlsx
SAO PAULO,SAO FRANCISCO,15710,4,A_Frota_por_UF_Municipio_CEP_Julho_2026.xlsx
SAO PAULO,SAO FRANCISCO,Sem I,229,A_Frota_por_UF_Municipio_CEP_Julho_2026.xlsx
SAO PAULO,SAO JOAO DA BOA VISTA,_x0000__x0000__x0000__x0000_ ,5,A_Frota_por_UF_Municipio_CEP_Julho_2026.xlsx
SAO PAULO,SAO JOAO DA BOA VISTA,00000,74688,A_Frota_por_UF_Municipio_CEP_Julho_2026.xlsx
SAO PAULO,SAO JOAO DA BOA VISTA,13870,227,A_Frota_por_UF_Municipio_CEP_Julho_2026.xlsx
SAO PAULO,SAO JOAO DA BOA VISTA,13871,18,A_Frota_por_UF_Municipio_CEP_Julho_2026.xlsx
SAO PAULO,SAO JOAO DA BOA VISTA,13872,37,A_Frota_por_UF_Municipio_CEP_Julho_2026.xlsx
SAO PAULO,SAO JOAO DA BOA VISTA,13873,11,A_Frota_por_UF_Municipio_CEP_Julho_2026.xlsx
SAO PAULO,SAO JOAO DA BOA VISTA,13874,29,A_Frota_por_UF_Municipio_CEP_Julho_2026.xlsx
SAO PAULO,SAO JOAO DA BOA VISTA,13875,34,A_Frota_por_UF_Municipio_CEP_Julho_2026.xlsx
SAO PAULO,SAO JOAO DA BOA VISTA,13876,17,A_Frota_por_UF_Municipio_CEP_Julho_2026.xlsx
SAO PAULO,SAO JOAO DA BOA VISTA,13877,1,A_Frota_por_UF_Municipio_CEP_Julho_2026.xlsx
SAO PAULO,SAO JOAO DA BOA VISTA,13879,1,A_Frota_por_UF_Municipio_CEP_Julho_2026.xlsx
SAO PAULO,SAO JOAO DA BOA VISTA,Sem I,10161,A_Frota_por_UF_Municipio_CEP_Julho_2026.xlsx
SAO PAULO,SAO JOAO DAS DUAS PONTES,00000,1528,A_Frota_por_UF_Municipio_CEP_Julho_2026.xlsx
SAO PAULO,SAO JOAO DAS DUAS PONTES,15640,3,A_Frota_por_UF_Municipio_CEP_Julho_2026.xlsx
SAO PAULO,SAO JOAO DAS DUAS PONTES,Sem I,151,A_Frota_por_UF_Municipio_CEP_Julho_2026.xlsx
SAO PAULO,SAO JOAO DE IRACEMA,00000,1274,A_Frota_por_UF_Municipio_CEP_Julho_2026.xlsx
SAO PAULO,SAO JOAO DE IRACEMA,15315,2,A_Frota_por_UF_Municipio_CEP_Julho_2026.xlsx
SAO PAULO,SAO JOAO DE IRACEMA,Sem I,86,A_Frota_por_UF_Municipio_CEP_Julho_2026.xlsx
SAO PAULO,SAO JOAO DO PAU D'ALHO,00000,1617,A_Frota_por_UF_Municipio_CEP_Julho_2026.xlsx
SAO PAULO,SAO JOAO DO PAU D'ALHO,17970,1,A_Frota_por_UF_Municipio_CEP_Julho_2026.xlsx
SAO PAULO,SAO JOAO DO PAU D'ALHO,Sem I,173,A_Frota_por_UF_Municipio_CEP_Julho_2026.xlsx
SAO PAULO,SAO JOAQUIM DA BARRA,_x0000__x0000__x0000__x0000_ ,2,A_Frota_por_UF_Municipio_CEP_Julho_2026.xlsx
SAO PAULO,SAO JOAQUIM DA BARRA,00000,35165,A_Frota_por_UF_Municipio_CEP_Julho_2026.xlsx
SAO PAULO,SAO JOAQUIM DA BARRA,14600,157,A_Frota_por_UF_Municipio_CEP_Julho_2026.xlsx
SAO PAULO,SAO JOAQUIM DA BARRA,Sem I,6576,A_Frota_por_UF_Municipio_CEP_Julho_2026.xlsx
SAO PAULO,SAO JOSE DA BELA VISTA,00000,3541,A_Frota_por_UF_Municipio_CEP_Julho_2026.xlsx
SAO PAULO,SAO JOSE DA BELA VISTA,14440,6,A_Frota_por_UF_Municipio_CEP_Julho_2026.xlsx
SAO PAULO,SAO JOSE DA BELA VISTA,Sem I,369,A_Frota_por_UF_Municipio_CEP_Julho_2026.xlsx
SAO PAULO,SAO JOSE DO BARREIRO,00000,1813,A_Frota_por_UF_Municipio_CEP_Julho_2026.xlsx
SAO PAULO,SAO JOSE DO BARREIRO,12830,9,A_Frota_por_UF_Municipio_CEP_Julho_2026.xlsx
SAO PAULO,SAO JOSE DO BARREIRO,Sem I,222,A_Frota_por_UF_Municipio_CEP_Julho_2026.xlsx
SAO PAULO,SAO JOSE DO RIO PARDO,_x0000__x0000__x0000__x0000_ ,3,A_Frota_por_UF_Municipio_CEP_Julho_2026.xlsx
SAO PAULO,SAO JOSE DO RIO PARDO,00000,40647,A_Frota_por_UF_Municipio_CEP_Julho_2026.xlsx
SAO PAULO,SAO JOSE DO RIO PARDO,13720,124,A_Frota_por_UF_Municipio_CEP_Julho_2026.xlsx
SAO PAULO,SAO JOSE DO RIO PARDO,Sem I,4953,A_Frota_por_UF_Municipio_CEP_Julho_2026.xlsx
SAO PAULO,SAO JOSE DO RIO PRETO,_x0000__x0000__x0000__x0000_ ,19,A_Frota_por_UF_Municipio_CEP_Julho_2026.xlsx
SAO PAULO,SAO JOSE DO RIO PRETO,0,1,A_Frota_por_UF_Municipio_CEP_Julho_2026.xlsx
SAO PAULO,SAO JOSE DO RIO PRETO,00000,398732,A_Frota_por_UF_Municipio_CEP_Julho_2026.xlsx
SAO PAULO,SAO JOSE DO RIO PRETO,15000,11,A_Frota_por_UF_Municipio_CEP_Julho_2026.xlsx
SAO PAULO,SAO JOSE DO RIO PRETO,15001,4,A_Frota_por_UF_Municipio_CEP_Julho_2026.xlsx
SAO PAULO,SAO JOSE DO RIO PRETO,15010,45,A_Frota_por_UF_Municipio_CEP_Julho_2026.xlsx
SAO PAULO,SAO JOSE DO RIO PRETO,15012,1,A_Frota_por_UF_Municipio_CEP_Julho_2026.xlsx
SAO PAULO,SAO JOSE DO RIO PRETO,15013,43,A_Frota_por_UF_Municipio_CEP_Julho_2026.xlsx
SAO PAULO,SAO JOSE DO RIO PRETO,15014,62,A_Frota_por_UF_Municipio_CEP_Julho_2026.xlsx
SAO PAULO,SAO JOSE DO RIO PRETO,15015,214,A_Frota_por_UF_Municipio_CEP_Julho_2026.xlsx
SAO PAULO,SAO JOSE DO RIO PRETO,15016,1,A_Frota_por_UF_Municipio_CEP_Julho_2026.xlsx
SAO PAULO,SAO JOSE DO RIO PRETO,15020,40,A_Frota_por_UF_Municipio_CEP_Julho_2026.xlsx
SAO PAULO,SAO JOSE DO RIO PRETO,15025,134,A_Frota_por_UF_Municipio_CEP_Julho_2026.xlsx
SAO PAULO,SAO JOSE DO RIO PRETO,15030,95,A_Frota_por_UF_Municipio_CEP_Julho_2026.xlsx
SAO PAULO,SAO JOSE DO RIO PRETO,15035,39,A_Frota_por_UF_Municipio_CEP_Julho_2026.xlsx
SAO PAULO,SAO JOSE DO RIO PRETO,15038,1,A_Frota_por_UF_Municipio_CEP_Julho_2026.xlsx
SAO PAULO,SAO JOSE DO RIO PRETO,15040,80,A_Frota_por_UF_Municipio_CEP_Julho_2026.xlsx
SAO PAULO,SAO JOSE DO RIO PRETO,15041,53,A_Frota_por_UF_Municipio_CEP_Julho_2026.xlsx
SAO PAULO,SAO JOSE DO RIO PRETO,15042,47,A_Frota_por_UF_Municipio_CEP_Julho_2026.xlsx
SAO PAULO,SAO JOSE DO RIO PRETO,15043,187,A_Frota_por_UF_Municipio_CEP_Julho_2026.xlsx
SAO PAULO,SAO JOSE DO RIO PRETO,15044,68,A_Frota_por_UF_Municipio_CEP_Julho_2026.xlsx
SAO PAULO,SAO JOSE DO RIO PRETO,15045,38,A_Frota_por_UF_Municipio_CEP_Julho_2026.xlsx
SAO PAULO,SAO JOSE DO RIO PRETO,15046,105,A_Frota_por_UF_Municipio_CEP_Julho_2026.xlsx
SAO PAULO,SAO JOSE DO RIO PRETO,15047,141,A_Frota_por_UF_Municipio_CEP_Julho_2026.xlsx
SAO PAULO,SAO JOSE DO RIO PRETO,15048,1,A_Frota_por_UF_Municipio_CEP_Julho_2026.xlsx
SAO PAULO,SAO JOSE DO RIO PRETO,15050,80,A_Frota_por_UF_Municipio_CEP_Julho_2026.xlsx
SAO PAULO,SAO JOSE DO RIO PRETO,15051,52,A_Frota_por_UF_Municipio_CEP_Julho_2026.xlsx
SAO PAULO,SAO JOSE DO RIO PRETO,15052,21,A_Frota_por_UF_Municipio_CEP_Julho_2026.xlsx
SAO PAULO,SAO JOSE DO RIO PRETO,15053,43,A_Frota_por_UF_Municipio_CEP_Julho_2026.xlsx
SAO PAULO,SAO JOSE DO RIO PRETO,15054,43,A_Frota_por_UF_Municipio_CEP_Julho_2026.xlsx
SAO PAULO,SAO JOSE DO RIO PRETO,15055,63,A_Frota_por_UF_Municipio_CEP_Julho_2026.xlsx
SAO PAULO,SAO JOSE DO RIO PRETO,15056,8,A_Frota_por_UF_Municipio_CEP_Julho_2026.xlsx
SAO PAULO,SAO JOSE DO RIO PRETO,15057,260,A_Frota_por_UF_Municipio_CEP_Julho_2026.xlsx
SAO PAULO,SAO JOSE DO RIO PRETO,15060,44,A_Frota_por_UF_Municipio_CEP_Julho_2026.xlsx
SAO PAULO,SAO JOSE DO RIO PRETO,15061,96,A_Frota_por_UF_Municipio_CEP_Julho_2026.xlsx
SAO PAULO,SAO JOSE DO RIO PRETO,15062,9,A_Frota_por_UF_Municipio_CEP_Julho_2026.xlsx
SAO PAULO,SAO JOSE DO RIO PRETO,15064,2,A_Frota_por_UF_Municipio_CEP_Julho_2026.xlsx
SAO PAULO,SAO JOSE DO RIO PRETO,15070,42,A_Frota_por_UF_Municipio_CEP_Julho_2026.xlsx
SAO PAULO,SAO JOSE DO RIO PRETO,15073,1,A_Frota_por_UF_Municipio_CEP_Julho_2026.xlsx
SAO PAULO,SAO JOSE DO RIO PRETO,15075,31,A_Frota_por_UF_Municipio_CEP_Julho_2026.xlsx
SAO PAULO,SAO JOSE DO RIO PRETO,15076,55,A_Frota_por_UF_Municipio_CEP_Julho_2026.xlsx
SAO PAULO,SAO JOSE DO RIO PRETO,15077,41,A_Frota_por_UF_Municipio_CEP_Julho_2026.xlsx
SAO PAULO,SAO JOSE DO RIO PRETO,15080,52,A_Frota_por_UF_Municipio_CEP_Julho_2026.xlsx
SAO PAULO,SAO JOSE DO RIO PRETO,15081,38,A_Frota_por_UF_Municipio_CEP_Julho_2026.xlsx
SAO PAULO,SAO JOSE DO RIO PRETO,15082,1,A_Frota_por_UF_Municipio_CEP_Julho_2026.xlsx
SAO PAULO,SAO JOSE DO RIO PRETO,15084,56,A_Frota_por_UF_Municipio_CEP_Julho_2026.xlsx
SAO PAULO,SAO JOSE DO RIO PRETO,15085,112,A_Frota_por_UF_Municipio_CEP_Julho_2026.xlsx
SAO PAULO,SAO JOSE DO RIO PRETO,15086,46,A_Frota_por_UF_Municipio_CEP_Julho_2026.xlsx
SAO PAULO,SAO JOSE DO RIO PRETO,15088,1,A_Frota_por_UF_Municipio_CEP_Julho_2026.xlsx
SAO PAULO,SAO JOSE DO RIO PRETO,15090,39,A_Frota_por_UF_Municipio_CEP_Julho_2026.xlsx
SAO PAULO,SAO JOSE DO RIO PRETO,15091,57,A_Frota_por_UF_Municipio_CEP_Julho_2026.xlsx
SAO PAULO,SAO JOSE DO RIO PRETO,15092,40,A_Frota_por_UF_Municipio_CEP_Julho_2026.xlsx
SAO PAULO,SAO JOSE DO RIO PRETO,15093,13,A_Frota_por_UF_Municipio_CEP_Julho_2026.xlsx
SAO PAULO,SAO JOSE DO RIO PRETO,15094,1,A_Frota_por_UF_Municipio_CEP_Julho_2026.xlsx
SAO PAULO,SAO JOSE DO RIO PRETO,15096,1,A_Frota_por_UF_Municipio_CEP_Julho_2026.xlsx
SAO PAULO,SAO JOSE DO RIO PRETO,15100,18,A_Frota_por_UF_Municipio_CEP_Julho_2026.xlsx
SAO PAULO,SAO JOSE DO RIO PRETO,15102,4,A_Frota_por_UF_Municipio_CEP_Julho_2026.xlsx
SAO PAULO,SAO JOSE DO RIO PRETO,15104,12,A_Frota_por_UF_Municipio_CEP_Julho_2026.xlsx
SAO PAULO,SAO JOSE DO RIO PRETO,15150,1,A_Frota_por_UF_Municipio_CEP_Julho_2026.xlsx
SAO PAULO,SAO JOSE DO RIO PRETO,15500,2,A_Frota_por_UF_Municipio_CEP_Julho_2026.xlsx
SAO PAULO,SAO JOSE DO RIO PRETO,Sem I,60276,A_Frota_por_UF_Municipio_CEP_Julho_2026.xlsx
SAO PAULO,SAO JOSE DOS CAMPOS,_x0000__x0000__x0000__x0000_ ,11,A_Frota_por_UF_Municipio_CEP_Julho_2026.xlsx
SAO PAULO,SAO JOSE DOS CAMPOS,00000,446320,A_Frota_por_UF_Municipio_CEP_Julho_2026.xlsx
SAO PAULO,SAO JOSE DOS CAMPOS,06473,1,A_Frota_por_UF_Municipio_CEP_Julho_2026.xlsx
SAO PAULO,SAO JOSE DOS CAMPOS,12000,1,A_Frota_por_UF_Municipio_CEP_Julho_2026.xlsx
SAO PAULO,SAO JOSE DOS CAMPOS,12200,157,A_Frota_por_UF_Municipio_CEP_Julho_2026.xlsx
SAO PAULO,SAO JOSE DOS CAMPOS,12202,1,A_Frota_por_UF_Municipio_CEP_Julho_2026.xlsx
SAO PAULO,SAO JOSE DOS CAMPOS,12205,1,A_Frota_por_UF_Municipio_CEP_Julho_2026.xlsx
SAO PAULO,SAO JOSE DOS CAMPOS,12209,87,A_Frota_por_UF_Municipio_CEP_Julho_2026.xlsx
SAO PAULO,SAO JOSE DOS CAMPOS,12210,70,A_Frota_por_UF_Municipio_CEP_Julho_2026.xlsx
SAO PAULO,SAO JOSE DOS CAMPOS,12211,81,A_Frota_por_UF_Municipio_CEP_Julho_2026.xlsx
SAO PAULO,SAO JOSE DOS CAMPOS,12212,70,A_Frota_por_UF_Municipio_CEP_Julho_2026.xlsx
SAO PAULO,SAO JOSE DOS CAMPOS,12213,67,A_Frota_por_UF_Municipio_CEP_Julho_2026.xlsx
SAO PAULO,SAO JOSE DOS CAMPOS,12214,70,A_Frota_por_UF_Municipio_CEP_Julho_2026.xlsx
SAO PAULO,SAO JOSE DOS CAMPOS,12215,145,A_Frota_por_UF_Municipio_CEP_Julho_2026.xlsx
SAO PAULO,SAO JOSE DOS CAMPOS,12216,115,A_Frota_por_UF_Municipio_CEP_Julho_2026.xlsx
SAO PAULO,SAO JOSE DOS CAMPOS,12220,234,A_Frota_por_UF_Municipio_CEP_Julho_2026.xlsx
SAO PAULO,SAO JOSE DOS CAMPOS,12221,113,A_Frota_por_UF_Municipio_CEP_Julho_2026.xlsx
SAO PAULO,SAO JOSE DOS CAMPOS,12222,1,A_Frota_por_UF_Municipio_CEP_Julho_2026.xlsx
SAO PAULO,SAO JOSE DOS CAMPOS,12223,162,A_Frota_por_UF_Municipio_CEP_Julho_2026.xlsx
SAO PAULO,SAO JOSE DOS CAMPOS,12224,117,A_Frota_por_UF_Municipio_CEP_Julho_2026.xlsx
SAO PAULO,SAO JOSE DOS CAMPOS,12225,149,A_Frota_por_UF_Municipio_CEP_Julho_2026.xlsx
SAO PAULO,SAO JOSE DOS CAMPOS,12226,69,A_Frota_por_UF_Municipio_CEP_Julho_2026.xlsx
SAO PAULO,SAO JOSE DOS CAMPOS,12227,129,A_Frota_por_UF_Municipio_CEP_Julho_2026.xlsx
SAO PAULO,SAO JOSE DOS CAMPOS,12228,104,A_Frota_por_UF_Municipio_CEP_Julho_2026.xlsx
SAO PAULO,SAO JOSE DOS CAMPOS,12229,44,A_Frota_por_UF_Municipio_CEP_Julho_2026.xlsx
SAO PAULO,SAO JOSE DOS CAMPOS,12230,246,A_Frota_por_UF_Municipio_CEP_Julho_2026.xlsx
SAO PAULO,SAO JOSE DOS CAMPOS,12231,98,A_Frota_por_UF_Municipio_CEP_Julho_2026.xlsx
SAO PAULO,SAO JOSE DOS CAMPOS,12232,140,A_Frota_por_UF_Municipio_CEP_Julho_2026.xlsx
SAO PAULO,SAO JOSE DOS CAMPOS,12233,200,A_Frota_por_UF_Municipio_CEP_Julho_2026.xlsx
SAO PAULO,SAO JOSE DOS CAMPOS,12234,78,A_Frota_por_UF_Municipio_CEP_Julho_2026.xlsx
SAO PAULO,SAO JOSE DOS CAMPOS,12235,193,A_Frota_por_UF_Municipio_CEP_Julho_2026.xlsx
SAO PAULO,SAO JOSE DOS CAMPOS,12236,244,A_Frota_por_UF_Municipio_CEP_Julho_2026.xlsx
SAO PAULO,SAO JOSE DOS CAMPOS,12237,173,A_Frota_por_UF_Municipio_CEP_Julho_2026.xlsx
SAO PAULO,SAO JOSE DOS CAMPOS,12238,132,A_Frota_por_UF_Municipio_CEP_Julho_2026.xlsx
SAO PAULO,SAO JOSE DOS CAMPOS,12239,105,A_Frota_por_UF_Municipio_CEP_Julho_2026.xlsx
SAO PAULO,SAO JOSE DOS CAMPOS,12240,173,A_Frota_por_UF_Municipio_CEP_Julho_2026.xlsx
SAO PAULO,SAO JOSE DOS CAMPOS,12241,85,A_Frota_por_UF_Municipio_CEP_Julho_2026.xlsx
SAO PAULO,SAO JOSE DOS CAMPOS,12242,82,A_Frota_por_UF_Municipio_CEP_Julho_2026.xlsx
SAO PAULO,SAO JOSE DOS CAMPOS,12243,137,A_Frota_por_UF_Municipio_CEP_Julho_2026.xlsx
SAO PAULO,SAO JOSE DOS CAMPOS,12244,43,A_Frota_por_UF_Municipio_CEP_Julho_2026.xlsx
SAO PAULO,SAO JOSE DOS CAMPOS,12245,146,A_Frota_por_UF_Municipio_CEP_Julho_2026.xlsx
SAO PAULO,SAO JOSE DOS CAMPOS,12246,58,A_Frota_por_UF_Municipio_CEP_Julho_2026.xlsx
SAO PAULO,SAO JOSE DOS CAMPOS,12247,182,A_Frota_por_UF_Municipio_CEP_Julho_2026.xlsx
SAO PAULO,SAO JOSE DOS CAMPOS,12248,73,A_Frota_por_UF_Municipio_CEP_Julho_2026.xlsx
SAO PAULO,SAO JOSE DOS CAMPOS,12249,7,A_Frota_por_UF_Municipio_CEP_Julho_2026.xlsx
SAO PAULO,SAO JOSE DOS CAMPOS,12265,1,A_Frota_por_UF_Municipio_CEP_Julho_2026.xlsx
SAO PAULO,SAO JOSE DOS CAMPOS,12280,2,A_Frota_por_UF_Municipio_CEP_Julho_2026.xlsx
SAO PAULO,SAO JOSE DOS CAMPOS,12282,1,A_Frota_por_UF_Municipio_CEP_Julho_2026.xlsx
SAO PAULO,SAO JOSE DOS CAMPOS,12295,1,A_Frota_por_UF_Municipio_CEP_Julho_2026.xlsx
SAO PAULO,SAO JOSE DOS CAMPOS,12300,1,A_Frota_por_UF_Municipio_CEP_Julho_2026.xlsx
SAO PAULO,SAO JOSE DOS CAMPOS,13054,1,A_Frota_por_UF_Municipio_CEP_Julho_2026.xlsx
SAO PAULO,SAO JOSE DOS CAMPOS,Sem I,72179,A_Frota_por_UF_Municipio_CEP_Julho_2026.xlsx
SAO PAULO,SAO LOURENCO DA SERRA,00000,9730,A_Frota_por_UF_Municipio_CEP_Julho_2026.xlsx
SAO PAULO,SAO LOURENCO DA SERRA,06890,44,A_Frota_por_UF_Municipio_CEP_Julho_2026.xlsx
SAO PAULO,SAO LOURENCO DA SERRA,Sem I,1131,A_Frota_por_UF_Municipio_CEP_Julho_2026.xlsx
SAO PAULO,SAO LUIZ DO PARAITINGA,00000,7467,A_Frota_por_UF_Municipio_CEP_Julho_2026.xlsx
SAO PAULO,SAO LUIZ DO PARAITINGA,12140,8,A_Frota_por_UF_Municipio_CEP_Julho_2026.xlsx
SAO PAULO,SAO LUIZ DO PARAITINGA,Sem I,806,A_Frota_por_UF_Municipio_CEP_Julho_2026.xlsx
SAO PAULO,SAO MANUEL,_x0000__x0000__x0000__x0000_ ,3,A_Frota_por_UF_Municipio_CEP_Julho_2026.xlsx
SAO PAULO,SAO MANUEL,00000,28026,A_Frota_por_UF_Municipio_CEP_Julho_2026.xlsx
SAO PAULO,SAO MANUEL,18650,121,A_Frota_por_UF_Municipio_CEP_Julho_2026.xlsx
SAO PAULO,SAO MANUEL,18655,2,A_Frota_por_UF_Municipio_CEP_Julho_2026.xlsx
SAO PAULO,SAO MANUEL,Sem I,4201,A_Frota_por_UF_Municipio_CEP_Julho_2026.xlsx
SAO PAULO,SAO MIGUEL ARCANJO,00000,19861,A_Frota_por_UF_Municipio_CEP_Julho_2026.xlsx
SAO PAULO,SAO MIGUEL ARCANJO,18230,63,A_Frota_por_UF_Municipio_CEP_Julho_2026.xlsx
SAO PAULO,SAO MIGUEL ARCANJO,Sem I,2590,A_Frota_por_UF_Municipio_CEP_Julho_2026.xlsx
SAO PAULO,SAO PAULO,_x0000__x0000__x0000__x0000_ ,476,A_Frota_por_UF_Municipio_CEP_Julho_2026.xlsx
SAO PAULO,SAO PAULO,0,19,A_Frota_por_UF_Municipio_CEP_Julho_2026.xlsx
SAO PAULO,SAO PAULO,0    ,1,A_Frota_por_UF_Municipio_CEP_Julho_2026.xlsx
SAO PAULO,SAO PAULO,00000,7992206,A_Frota_por_UF_Municipio_CEP_Julho_2026.xlsx
SAO PAULO,SAO PAULO,01000,471,A_Frota_por_UF_Municipio_CEP_Julho_2026.xlsx
SAO PAULO,SAO PAULO,01001,134,A_Frota_por_UF_Municipio_CEP_Julho_2026.xlsx
SAO PAULO,SAO PAULO,01002,10,A_Frota_por_UF_Municipio_CEP_Julho_2026.xlsx
SAO PAULO,SAO PAULO,01003,13,A_Frota_por_UF_Municipio_CEP_Julho_2026.xlsx
SAO PAULO,SAO PAULO,01004,16,A_Frota_por_UF_Municipio_CEP_Julho_2026.xlsx
SAO PAULO,SAO PAULO,01005,19,A_Frota_por_UF_Municipio_CEP_Julho_2026.xlsx
SAO PAULO,SAO PAULO,01006,10,A_Frota_por_UF_Municipio_CEP_Julho_2026.xlsx
SAO PAULO,SAO PAULO,01007,7,A_Frota_por_UF_Municipio_CEP_Julho_2026.xlsx
SAO PAULO,SAO PAULO,01008,12,A_Frota_por_UF_Municipio_CEP_Julho_2026.xlsx
SAO PAULO,SAO PAULO,01009,72,A_Frota_por_UF_Municipio_CEP_Julho_2026.xlsx
SAO PAULO,SAO PAULO,01010,79,A_Frota_por_UF_Municipio_CEP_Julho_2026.xlsx
SAO PAULO,SAO PAULO,01011,21,A_Frota_por_UF_Municipio_CEP_Julho_2026.xlsx
SAO PAULO,SAO PAULO,01012,58,A_Frota_por_UF_Municipio_CEP_Julho_2026.xlsx
SAO PAULO,SAO PAULO,01013,43,A_Frota_por_UF_Municipio_CEP_Julho_2026.xlsx
SAO PAULO,SAO PAULO,01014,62,A_Frota_por_UF_Municipio_CEP_Julho_2026.xlsx
SAO PAULO,SAO PAULO,01015,24,A_Frota_por_UF_Municipio_CEP_Julho_2026.xlsx
SAO PAULO,SAO PAULO,01016,8,A_Frota_por_UF_Municipio_CEP_Julho_2026.xlsx
SAO PAULO,SAO PAULO,01017,7,A_Frota_por_UF_Municipio_CEP_Julho_2026.xlsx
SAO PAULO,SAO PAULO,01018,4,A_Frota_por_UF_Municipio_CEP_Julho_2026.xlsx
SAO PAULO,SAO PAULO,01019,18,A_Frota_por_UF_Municipio_CEP_Julho_2026.xlsx
SAO PAULO,SAO PAULO,01020,120,A_Frota_por_UF_Municipio_CEP_Julho_2026.xlsx
SAO PAULO,SAO PAULO,01021,13,A_Frota_por_UF_Municipio_CEP_Julho_2026.xlsx
SAO PAULO,SAO PAULO,01022,9,A_Frota_por_UF_Municipio_CEP_Julho_2026.xlsx
SAO PAULO,SAO PAULO,01023,35,A_Frota_por_UF_Municipio_CEP_Julho_2026.xlsx
SAO PAULO,SAO PAULO,01024,16,A_Frota_por_UF_Municipio_CEP_Julho_2026.xlsx
SAO PAULO,SAO PAULO,01025,15,A_Frota_por_UF_Municipio_CEP_Julho_2026.xlsx
SAO PAULO,SAO PAULO,01026,29,A_Frota_por_UF_Municipio_CEP_Julho_2026.xlsx
SAO PAULO,SAO PAULO,01027,13,A_Frota_por_UF_Municipio_CEP_Julho_2026.xlsx
SAO PAULO,SAO PAULO,01028,13,A_Frota_por_UF_Municipio_CEP_Julho_2026.xlsx
SAO PAULO,SAO PAULO,01029,49,A_Frota_por_UF_Municipio_CEP_Julho_2026.xlsx
SAO PAULO,SAO PAULO,01030,13,A_Frota_por_UF_Municipio_CEP_Julho_2026.xlsx
SAO PAULO,SAO PAULO,01031,29,A_Frota_por_UF_Municipio_CEP_Julho_2026.xlsx
SAO PAULO,SAO PAULO,01032,52,A_Frota_por_UF_Municipio_CEP_Julho_2026.xlsx
SAO PAULO,SAO PAULO,01033,34,A_Frota_por_UF_Municipio_CEP_Julho_2026.xlsx
SAO PAULO,SAO PAULO,01034,19,A_Frota_por_UF_Municipio_CEP_Julho_2026.xlsx
SAO PAULO,SAO PAULO,01035,12,A_Frota_por_UF_Municipio_CEP_Julho_2026.xlsx
SAO PAULO,SAO PAULO,01036,21,A_Frota_por_UF_Municipio_CEP_Julho_2026.xlsx
SAO PAULO,SAO PAULO,01037,18,A_Frota_por_UF_Municipio_CEP_Julho_2026.xlsx
SAO PAULO,SAO PAULO,01038,8,A_Frota_por_UF_Municipio_CEP_Julho_2026.xlsx
SAO PAULO,SAO PAULO,01039,11,A_Frota_por_UF_Municipio_CEP_Julho_2026.xlsx
SAO PAULO,SAO PAULO,01040,25,A_Frota_por_UF_Municipio_CEP_Julho_2026.xlsx
SAO PAULO,SAO PAULO,01041,15,A_Frota_por_UF_Municipio_CEP_Julho_2026.xlsx
SAO PAULO,SAO PAULO,01042,45,A_Frota_por_UF_Municipio_CEP_Julho_2026.xlsx
SAO PAULO,SAO PAULO,01043,8,A_Frota_por_UF_Municipio_CEP_Julho_2026.xlsx
SAO PAULO,SAO PAULO,01044,21,A_Frota_por_UF_Municipio_CEP_Julho_2026.xlsx
SAO PAULO,SAO PAULO,01045,34,A_Frota_por_UF_Municipio_CEP_Julho_2026.xlsx
SAO PAULO,SAO PAULO,01046,113,A_Frota_por_UF_Municipio_CEP_Julho_2026.xlsx
SAO PAULO,SAO PAULO,01047,25,A_Frota_por_UF_Municipio_CEP_Julho_2026.xlsx
SAO PAULO,SAO PAULO,01048,16,A_Frota_por_UF_Municipio_CEP_Julho_2026.xlsx
SAO PAULO,SAO PAULO,01049,22,A_Frota_por_UF_Municipio_CEP_Julho_2026.xlsx
SAO PAULO,SAO PAULO,01050,173,A_Frota_por_UF_Municipio_CEP_Julho_2026.xlsx
SAO PAULO,SAO PAULO,01051,2,A_Frota_por_UF_Municipio_CEP_Julho_2026.xlsx
SAO PAULO,SAO PAULO,01052,1,A_Frota_por_UF_Municipio_CEP_Julho_2026.xlsx
SAO PAULO,SAO PAULO,01054,1,A_Frota_por_UF_Municipio_CEP_Julho_2026.xlsx
SAO PAULO,SAO PAULO,01056,9,A_Frota_por_UF_Municipio_CEP_Julho_2026.xlsx
SAO PAULO,SAO PAULO,01058,1,A_Frota_por_UF_Municipio_CEP_Julho_2026.xlsx
SAO PAULO,SAO PAULO,01061,1,A_Frota_por_UF_Municipio_CEP_Julho_2026.xlsx
SAO PAULO,SAO PAULO,01066,2,A_Frota_por_UF_Municipio_CEP_Julho_2026.xlsx
SAO PAULO,SAO PAULO,01067,1,A_Frota_por_UF_Municipio_CEP_Julho_2026.xlsx
SAO PAULO,SAO PAULO,01070,2,A_Frota_por_UF_Municipio_CEP_Julho_2026.xlsx
SAO PAULO,SAO PAULO,01076,3,A_Frota_por_UF_Municipio_CEP_Julho_2026.xlsx
SAO PAULO,SAO PAULO,01080,1,A_Frota_por_UF_Municipio_CEP_Julho_2026.xlsx
SAO PAULO,SAO PAULO,01081,1,A_Frota_por_UF_Municipio_CEP_Julho_2026.xlsx
SAO PAULO,SAO PAULO,01085,3,A_Frota_por_UF_Municipio_CEP_Julho_2026.xlsx
SAO PAULO,SAO PAULO,01086,3,A_Frota_por_UF_Municipio_CEP_Julho_2026.xlsx
SAO PAULO,SAO PAULO,01093,1,A_Frota_por_UF_Municipio_CEP_Julho_2026.xlsx
SAO PAULO,SAO PAULO,01099,1,A_Frota_por_UF_Municipio_CEP_Julho_2026.xlsx
SAO PAULO,SAO PAULO,01100,2,A_Frota_por_UF_Municipio_CEP_Julho_2026.xlsx
SAO PAULO,SAO PAULO,01101,14,A_Frota_por_UF_Municipio_CEP_Julho_2026.xlsx
SAO PAULO,SAO PAULO,01102,40,A_Frota_por_UF_Municipio_CEP_Julho_2026.xlsx
SAO PAULO,SAO PAULO,01103,37,A_Frota_por_UF_Municipio_CEP_Julho_2026.xlsx
SAO PAULO,SAO PAULO,01104,18,A_Frota_por_UF_Municipio_CEP_Julho_2026.xlsx
SAO PAULO,SAO PAULO,01105,29,A_Frota_por_UF_Municipio_CEP_Julho_2026.xlsx
SAO PAULO,SAO PAULO,01106,25,A_Frota_por_UF_Municipio_CEP_Julho_2026.xlsx
SAO PAULO,SAO PAULO,01107,25,A_Frota_por_UF_Municipio_CEP_Julho_2026.xlsx
SAO PAULO,SAO PAULO,01108,4,A_Frota_por_UF_Municipio_CEP_Julho_2026.xlsx
SAO PAULO,SAO PAULO,01109,53,A_Frota_por_UF_Municipio_CEP_Julho_2026.xlsx
SAO PAULO,SAO PAULO,01110,2,A_Frota_por_UF_Municipio_CEP_Julho_2026.xlsx
SAO PAULO,SAO PAULO,01111,1,A_Frota_por_UF_Municipio_CEP_Julho_2026.xlsx
SAO PAULO,SAO PAULO,01119,1,A_Frota_por_UF_Municipio_CEP_Julho_2026.xlsx
SAO PAULO,SAO PAULO,01120,17,A_Frota_por_UF_Municipio_CEP_Julho_2026.xlsx
SAO PAULO,SAO PAULO,01121,33,A_Frota_por_UF_Municipio_CEP_Julho_2026.xlsx
SAO PAULO,SAO PAULO,01122,34,A_Frota_por_UF_Municipio_CEP_Julho_2026.xlsx
SAO PAULO,SAO PAULO,01123,40,A_Frota_por_UF_Municipio_CEP_Julho_2026.xlsx
SAO PAULO,SAO PAULO,01124,32,A_Frota_por_UF_Municipio_CEP_Julho_2026.xlsx
SAO PAULO,SAO PAULO,01125,32,A_Frota_por_UF_Municipio_CEP_Julho_2026.xlsx
SAO PAULO,SAO PAULO,01126,33,A_Frota_por_UF_Municipio_CEP_Julho_2026.xlsx
SAO PAULO,SAO PAULO,01127,47,A_Frota_por_UF_Municipio_CEP_Julho_2026.xlsx
SAO PAULO,SAO PAULO,01128,35,A_Frota_por_UF_Municipio_CEP_Julho_2026.xlsx
SAO PAULO,SAO PAULO,01129,25,A_Frota_por_UF_Municipio_CEP_Julho_2026.xlsx
SAO PAULO,SAO PAULO,01130,28,A_Frota_por_UF_Municipio_CEP_Julho_2026.xlsx
SAO PAULO,SAO PAULO,01131,52,A_Frota_por_UF_Municipio_CEP_Julho_2026.xlsx
SAO PAULO,SAO PAULO,01132,43,A_Frota_por_UF_Municipio_CEP_Julho_2026.xlsx
SAO PAULO,SAO PAULO,01133,16,A_Frota_por_UF_Municipio_CEP_Julho_2026.xlsx
SAO PAULO,SAO PAULO,01134,27,A_Frota_por_UF_Municipio_CEP_Julho_2026.xlsx
SAO PAULO,SAO PAULO,01135,52,A_Frota_por_UF_Municipio_CEP_Julho_2026.xlsx
SAO PAULO,SAO PAULO,01136,55,A_Frota_por_UF_Municipio_CEP_Julho_2026.xlsx
SAO PAULO,SAO PAULO,01137,63,A_Frota_por_UF_Municipio_CEP_Julho_2026.xlsx
SAO PAULO,SAO PAULO,01138,11,A_Frota_por_UF_Municipio_CEP_Julho_2026.xlsx
SAO PAULO,SAO PAULO,01139,92,A_Frota_por_UF_Municipio_CEP_Julho_2026.xlsx
SAO PAULO,SAO PAULO,01140,28,A_Frota_por_UF_Municipio_CEP_Julho_2026.xlsx
SAO PAULO,SAO PAULO,01141,98,A_Frota_por_UF_Municipio_CEP_Julho_2026.xlsx
SAO PAULO,SAO PAULO,01142,7,A_Frota_por_UF_Municipio_CEP_Julho_2026.xlsx
SAO PAULO,SAO PAULO,01144,6,A_Frota_por_UF_Municipio_CEP_Julho_2026.xlsx
SAO PAULO,SAO PAULO,01146,1,A_Frota_por_UF_Municipio_CEP_Julho_2026.xlsx
SAO PAULO,SAO PAULO,01149,1,A_Frota_por_UF_Municipio_CEP_Julho_2026.xlsx
SAO PAULO,SAO PAULO,01150,25,A_Frota_por_UF_Municipio_CEP_Julho_2026.xlsx
SAO PAULO,SAO PAULO,01151,41,A_Frota_por_UF_Municipio_CEP_Julho_2026.xlsx
SAO PAULO,SAO PAULO,01152,41,A_Frota_por_UF_Municipio_CEP_Julho_2026.xlsx
SAO PAULO,SAO PAULO,01153,30,A_Frota_por_UF_Municipio_CEP_Julho_2026.xlsx
SAO PAULO,SAO PAULO,01154,49,A_Frota_por_UF_Municipio_CEP_Julho_2026.xlsx
SAO PAULO,SAO PAULO,01155,41,A_Frota_por_UF_Municipio_CEP_Julho_2026.xlsx
SAO PAULO,SAO PAULO,01156,65,A_Frota_por_UF_Municipio_CEP_Julho_2026.xlsx
SAO PAULO,SAO PAULO,01160,1,A_Frota_por_UF_Municipio_CEP_Julho_2026.xlsx
SAO PAULO,SAO PAULO,01164,1,A_Frota_por_UF_Municipio_CEP_Julho_2026.xlsx
SAO PAULO,SAO PAULO,01166,4,A_Frota_por_UF_Municipio_CEP_Julho_2026.xlsx
SAO PAULO,SAO PAULO,01173,1,A_Frota_por_UF_Municipio_CEP_Julho_2026.xlsx
SAO PAULO,SAO PAULO,01174,1,A_Frota_por_UF_Municipio_CEP_Julho_2026.xlsx
SAO PAULO,SAO PAULO,01177,1,A_Frota_por_UF_Municipio_CEP_Julho_2026.xlsx
SAO PAULO,SAO PAULO,01185,1,A_Frota_por_UF_Municipio_CEP_Julho_2026.xlsx
SAO PAULO,SAO PAULO,01189,1,A_Frota_por_UF_Municipio_CEP_Julho_2026.xlsx
SAO PAULO,SAO PAULO,01199,1,A_Frota_por_UF_Municipio_CEP_Julho_2026.xlsx
SAO PAULO,SAO PAULO,01200,4,A_Frota_por_UF_Municipio_CEP_Julho_2026.xlsx
SAO PAULO,SAO PAULO,01201,129,A_Frota_por_UF_Municipio_CEP_Julho_2026.xlsx
SAO PAULO,SAO PAULO,01202,105,A_Frota_por_UF_Municipio_CEP_Julho_2026.xlsx
SAO PAULO,SAO PAULO,01203,107,A_Frota_por_UF_Municipio_CEP_Julho_2026.xlsx
SAO PAULO,SAO PAULO,01204,95,A_Frota_por_UF_Municipio_CEP_Julho_2026.xlsx
SAO PAULO,SAO PAULO,01205,36,A_Frota_por_UF_Municipio_CEP_Julho_2026.xlsx
SAO PAULO,SAO PAULO,01206,62,A_Frota_por_UF_Municipio_CEP_Julho_2026.xlsx
SAO PAULO,SAO PAULO,01207,34,A_Frota_por_UF_Municipio_CEP_Julho_2026.xlsx
SAO PAULO,SAO PAULO,01208,25,A_Frota_por_UF_Municipio_CEP_Julho_2026.xlsx
SAO PAULO,SAO PAULO,01209,39,A_Frota_por_UF_Municipio_CEP_Julho_2026.xlsx
SAO PAULO,SAO PAULO,01210,46,A_Frota_por_UF_Municipio_CEP_Julho_2026.xlsx
SAO PAULO,SAO PAULO,01211,49,A_Frota_por_UF_Municipio_CEP_Julho_2026.xlsx
SAO PAULO,SAO PAULO,01212,28,A_Frota_por_UF_Municipio_CEP_Julho_2026.xlsx
SAO PAULO,SAO PAULO,01213,27,A_Frota_por_UF_Municipio_CEP_Julho_2026.xlsx
SAO PAULO,SAO PAULO,01214,44,A_Frota_por_UF_Municipio_CEP_Julho_2026.xlsx
SAO PAULO,SAO PAULO,01215,40,A_Frota_por_UF_Municipio_CEP_Julho_2026.xlsx
SAO PAULO,SAO PAULO,01216,49,A_Frota_por_UF_Municipio_CEP_Julho_2026.xlsx
SAO PAULO,SAO PAULO,01217,41,A_Frota_por_UF_Municipio_CEP_Julho_2026.xlsx
SAO PAULO,SAO PAULO,01218,60,A_Frota_por_UF_Municipio_CEP_Julho_2026.xlsx
SAO PAULO,SAO PAULO,01219,32,A_Frota_por_UF_Municipio_CEP_Julho_2026.xlsx
SAO PAULO,SAO PAULO,01220,76,A_Frota_por_UF_Municipio_CEP_Julho_2026.xlsx
SAO PAULO,SAO PAULO,01221,77,A_Frota_por_UF_Municipio_CEP_Julho_2026.xlsx
SAO PAULO,SAO PAULO,01222,45,A_Frota_por_UF_Municipio_CEP_Julho_2026.xlsx
SAO PAULO,SAO PAULO,01223,38,A_Frota_por_UF_Municipio_CEP_Julho_2026.xlsx
SAO PAULO,SAO PAULO,01224,97,A_Frota_por_UF_Municipio_CEP_Julho_2026.xlsx
SAO PAULO,SAO PAULO,01225,42,A_Frota_por_UF_Municipio_CEP_Julho_2026.xlsx
SAO PAULO,SAO PAULO,01226,86,A_Frota_por_UF_Municipio_CEP_Julho_2026.xlsx
SAO PAULO,SAO PAULO,01227,106,A_Frota_por_UF_Municipio_CEP_Julho_2026.xlsx
SAO PAULO,SAO PAULO,01228,94,A_Frota_por_UF_Municipio_CEP_Julho_2026.xlsx
SAO PAULO,SAO PAULO,01229,47,A_Frota_por_UF_Municipio_CEP_Julho_2026.xlsx
SAO PAULO,SAO PAULO,01230,85,A_Frota_por_UF_Municipio_CEP_Julho_2026.xlsx
SAO PAULO,SAO PAULO,01231,45,A_Frota_por_UF_Municipio_CEP_Julho_2026.xlsx
SAO PAULO,SAO PAULO,01232,77,A_Frota_por_UF_Municipio_CEP_Julho_2026.xlsx
SAO PAULO,SAO PAULO,01233,37,A_Frota_por_UF_Municipio_CEP_Julho_2026.xlsx
SAO PAULO,SAO PAULO,01234,31,A_Frota_por_UF_Municipio_CEP_Julho_2026.xlsx
SAO PAULO,SAO PAULO,01235,15,A_Frota_por_UF_Municipio_CEP_Julho_2026.xlsx
SAO PAULO,SAO PAULO,01236,12,A_Frota_por_UF_Municipio_CEP_Julho_2026.xlsx
SAO PAULO,SAO PAULO,01237,7,A_Frota_por_UF_Municipio_CEP_Julho_2026.xlsx
SAO PAULO,SAO PAULO,01238,51,A_Frota_por_UF_Municipio_CEP_Julho_2026.xlsx
SAO PAULO,SAO PAULO,01239,44,A_Frota_por_UF_Municipio_CEP_Julho_2026.xlsx
SAO PAULO,SAO PAULO,01240,44,A_Frota_por_UF_Municipio_CEP_Julho_2026.xlsx
SAO PAULO,SAO PAULO,01241,27,A_Frota_por_UF_Municipio_CEP_Julho_2026.xlsx
SAO PAULO,SAO PAULO,01242,10,A_Frota_por_UF_Municipio_CEP_Julho_2026.xlsx
SAO PAULO,SAO PAULO,01243,47,A_Frota_por_UF_Municipio_CEP_Julho_2026.xlsx
SAO PAULO,SAO PAULO,01244,25,A_Frota_por_UF_Municipio_CEP_Julho_2026.xlsx
SAO PAULO,SAO PAULO,01245,11,A_Frota_por_UF_Municipio_CEP_Julho_2026.xlsx
SAO PAULO,SAO PAULO,01246,15,A_Frota_por_UF_Municipio_CEP_Julho_2026.xlsx
SAO PAULO,SAO PAULO,01247,12,A_Frota_por_UF_Municipio_CEP_Julho_2026.xlsx
SAO PAULO,SAO PAULO,01248,12,A_Frota_por_UF_Municipio_CEP_Julho_2026.xlsx
SAO PAULO,SAO PAULO,01249,5,A_Frota_por_UF_Municipio_CEP_Julho_2026.xlsx
SAO PAULO,SAO PAULO,01250,14,A_Frota_por_UF_Municipio_CEP_Julho_2026.xlsx
SAO PAULO,SAO PAULO,01251,24,A_Frota_por_UF_Municipio_CEP_Julho_2026.xlsx
SAO PAULO,SAO PAULO,01252,33,A_Frota_por_UF_Municipio_CEP_Julho_2026.xlsx
SAO PAULO,SAO PAULO,01253,12,A_Frota_por_UF_Municipio_CEP_Julho_2026.xlsx
SAO PAULO,SAO PAULO,01254,26,A_Frota_por_UF_Municipio_CEP_Julho_2026.xlsx
SAO PAULO,SAO PAULO,01255,32,A_Frota_por_UF_Municipio_CEP_Julho_2026.xlsx
SAO PAULO,SAO PAULO,01256,18,A_Frota_por_UF_Municipio_CEP_Julho_2026.xlsx
SAO PAULO,SAO PAULO,01257,57,A_Frota_por_UF_Municipio_CEP_Julho_2026.xlsx
SAO PAULO,SAO PAULO,01258,61,A_Frota_por_UF_Municipio_CEP_Julho_2026.xlsx
SAO PAULO,SAO PAULO,01259,55,A_Frota_por_UF_Municipio_CEP_Julho_2026.xlsx
SAO PAULO,SAO PAULO,01260,3,A_Frota_por_UF_Municipio_CEP_Julho_2026.xlsx
SAO PAULO,SAO PAULO,01261,1,A_Frota_por_UF_Municipio_CEP_Julho_2026.xlsx
SAO PAULO,SAO PAULO,01262,1,A_Frota_por_UF_Municipio_CEP_Julho_2026.xlsx
SAO PAULO,SAO PAULO,01265,2,A_Frota_por_UF_Municipio_CEP_Julho_2026.xlsx
SAO PAULO,SAO PAULO,01278,1,A_Frota_por_UF_Municipio_CEP_Julho_2026.xlsx
SAO PAULO,SAO PAULO,01282,1,A_Frota_por_UF_Municipio_CEP_Julho_2026.xlsx
SAO PAULO,SAO PAULO,01290,2,A_Frota_por_UF_Municipio_CEP_Julho_2026.xlsx
SAO PAULO,SAO PAULO,01293,1,A_Frota_por_UF_Municipio_CEP_Julho_2026.xlsx
SAO PAULO,SAO PAULO,01294,2,A_Frota_por_UF_Municipio_CEP_Julho_2026.xlsx
SAO PAULO,SAO PAULO,01298,1,A_Frota_por_UF_Municipio_CEP_Julho_2026.xlsx
SAO PAULO,SAO PAULO,01300,1,A_Frota_por_UF_Municipio_CEP_Julho_2026.xlsx
SAO PAULO,SAO PAULO,01301,126,A_Frota_por_UF_Municipio_CEP_Julho_2026.xlsx
SAO PAULO,SAO PAULO,01302,69,A_Frota_por_UF_Municipio_CEP_Julho_2026.xlsx
SAO PAULO,SAO PAULO,01303,156,A_Frota_por_UF_Municipio_CEP_Julho_2026.xlsx
SAO PAULO,SAO PAULO,01304,18,A_Frota_por_UF_Municipio_CEP_Julho_2026.xlsx
SAO PAULO,SAO PAULO,01305,15,A_Frota_por_UF_Municipio_CEP_Julho_2026.xlsx
SAO PAULO,SAO PAULO,01306,75,A_Frota_por_UF_Municipio_CEP_Julho_2026.xlsx
SAO PAULO,SAO PAULO,01307,125,A_Frota_por_UF_Municipio_CEP_Julho_2026.xlsx
SAO PAULO,SAO PAULO,01308,58,A_Frota_por_UF_Municipio_CEP_Julho_2026.xlsx
SAO PAULO,SAO PAULO,01309,28,A_Frota_por_UF_Municipio_CEP_Julho_2026.xlsx
SAO PAULO,SAO PAULO,01310,902,A_Frota_por_UF_Municipio_CEP_Julho_2026.xlsx
SAO PAULO,SAO PAULO,01311,282,A_Frota_por_UF_Municipio_CEP_Julho_2026.xlsx
SAO PAULO,SAO PAULO,01312,328,A_Frota_por_UF_Municipio_CEP_Julho_2026.xlsx
SAO PAULO,SAO PAULO,01313,81,A_Frota_por_UF_Municipio_CEP_Julho_2026.xlsx
SAO PAULO,SAO PAULO,01314,45,A_Frota_por_UF_Municipio_CEP_Julho_2026.xlsx
SAO PAULO,SAO PAULO,01315,36,A_Frota_por_UF_Municipio_CEP_Julho_2026.xlsx
SAO PAULO,SAO PAULO,01316,36,A_Frota_por_UF_Municipio_CEP_Julho_2026.xlsx
SAO PAULO,SAO PAULO,01317,36,A_Frota_por_UF_Municipio_CEP_Julho_2026.xlsx
SAO PAULO,SAO PAULO,01318,44,A_Frota_por_UF_Municipio_CEP_Julho_2026.xlsx
SAO PAULO,SAO PAULO,01319,63,A_Frota_por_UF_Municipio_CEP_Julho_2026.xlsx
SAO PAULO,SAO PAULO,01320,15,A_Frota_por_UF_Municipio_CEP_Julho_2026.xlsx
SAO PAULO,SAO PAULO,01321,64,A_Frota_por_UF_Municipio_CEP_Julho_2026.xlsx
SAO PAULO,SAO PAULO,01322,36,A_Frota_por_UF_Municipio_CEP_Julho_2026.xlsx
SAO PAULO,SAO PAULO,01323,78,A_Frota_por_UF_Municipio_CEP_Julho_2026.xlsx
SAO PAULO,SAO PAULO,01324,53,A_Frota_por_UF_Municipio_CEP_Julho_2026.xlsx
SAO PAULO,SAO PAULO,01325,38,A_Frota_por_UF_Municipio_CEP_Julho_2026.xlsx
SAO PAULO,SAO PAULO,01326,35,A_Frota_por_UF_Municipio_CEP_Julho_2026.xlsx
SAO PAULO,SAO PAULO,01327,65,A_Frota_por_UF_Municipio_CEP_Julho_2026.xlsx
SAO PAULO,SAO PAULO,01328,29,A_Frota_por_UF_Municipio_CEP_Julho_2026.xlsx
SAO PAULO,SAO PAULO,01329,34,A_Frota_por_UF_Municipio_CEP_Julho_2026.xlsx
SAO PAULO,SAO PAULO,01330,54,A_Frota_por_UF_Municipio_CEP_Julho_2026.xlsx
SAO PAULO,SAO PAULO,01331,30,A_Frota_por_UF_Municipio_CEP_Julho_2026.xlsx
SAO PAULO,SAO PAULO,01332,51,A_Frota_por_UF_Municipio_CEP_Julho_2026.xlsx
SAO PAULO,SAO PAULO,01333,69,A_Frota_por_UF_Municipio_CEP_Julho_2026.xlsx
SAO PAULO,SAO PAULO,01335,2,A_Frota_por_UF_Municipio_CEP_Julho_2026.xlsx
SAO PAULO,SAO PAULO,01340,1,A_Frota_por_UF_Municipio_CEP_Julho_2026.xlsx
SAO PAULO,SAO PAULO,01341,2,A_Frota_por_UF_Municipio_CEP_Julho_2026.xlsx
SAO PAULO,SAO PAULO,01342,2,A_Frota_por_UF_Municipio_CEP_Julho_2026.xlsx
SAO PAULO,SAO PAULO,01345,1,A_Frota_por_UF_Municipio_CEP_Julho_2026.xlsx
SAO PAULO,SAO PAULO,01346,1,A_Frota_por_UF_Municipio_CEP_Julho_2026.xlsx
SAO PAULO,SAO PAULO,01348,1,A_Frota_por_UF_Municipio_CEP_Julho_2026.xlsx
SAO PAULO,SAO PAULO,01350,2,A_Frota_por_UF_Municipio_CEP_Julho_2026.xlsx
SAO PAULO,SAO PAULO,01352,1,A_Frota_por_UF_Municipio_CEP_Julho_2026.xlsx
SAO PAULO,SAO PAULO,01356,1,A_Frota_por_UF_Municipio_CEP_Julho_2026.xlsx
SAO PAULO,SAO PAULO,01361,1,A_Frota_por_UF_Municipio_CEP_Julho_2026.xlsx
SAO PAULO,SAO PAULO,01363,1,A_Frota_por_UF_Municipio_CEP_Julho_2026.xlsx
SAO PAULO,SAO PAULO,01367,4,A_Frota_por_UF_Municipio_CEP_Julho_2026.xlsx
SAO PAULO,SAO PAULO,01375,1,A_Frota_por_UF_Municipio_CEP_Julho_2026.xlsx
SAO PAULO,SAO PAULO,01380,2,A_Frota_por_UF_Municipio_CEP_Julho_2026.xlsx
SAO PAULO,SAO PAULO,01382,1,A_Frota_por_UF_Municipio_CEP_Julho_2026.xlsx
SAO PAULO,SAO PAULO,01383,1,A_Frota_por_UF_Municipio_CEP_Julho_2026.xlsx
SAO PAULO,SAO PAULO,01384,1,A_Frota_por_UF_Municipio_CEP_Julho_2026.xlsx
SAO PAULO,SAO PAULO,01400,3,A_Frota_por_UF_Municipio_CEP_Julho_2026.xlsx
SAO PAULO,SAO PAULO,01401,65,A_Frota_por_UF_Municipio_CEP_Julho_2026.xlsx
SAO PAULO,SAO PAULO,01402,55,A_Frota_por_UF_Municipio_CEP_Julho_2026.xlsx
SAO PAULO,SAO PAULO,01403,70,A_Frota_por_UF_Municipio_CEP_Julho_2026.xlsx
SAO PAULO,SAO PAULO,01404,39,A_Frota_por_UF_Municipio_CEP_Julho_2026.xlsx
SAO PAULO,SAO PAULO,01405,40,A_Frota_por_UF_Municipio_CEP_Julho_2026.xlsx
SAO PAULO,SAO PAULO,01406,36,A_Frota_por_UF_Municipio_CEP_Julho_2026.xlsx
SAO PAULO,SAO PAULO,01407,52,A_Frota_por_UF_Municipio_CEP_Julho_2026.xlsx
SAO PAULO,SAO PAULO,01408,34,A_Frota_por_UF_Municipio_CEP_Julho_2026.xlsx
SAO PAULO,SAO PAULO,01409,61,A_Frota_por_UF_Municipio_CEP_Julho_2026.xlsx
SAO PAULO,SAO PAULO,01410,37,A_Frota_por_UF_Municipio_CEP_Julho_2026.xlsx
SAO PAULO,SAO PAULO,01411,33,A_Frota_por_UF_Municipio_CEP_Julho_2026.xlsx
SAO PAULO,SAO PAULO,01412,18,A_Frota_por_UF_Municipio_CEP_Julho_2026.xlsx
SAO PAULO,SAO PAULO,01413,22,A_Frota_por_UF_Municipio_CEP_Julho_2026.xlsx
SAO PAULO,SAO PAULO,01414,55,A_Frota_por_UF_Municipio_CEP_Julho_2026.xlsx
SAO PAULO,SAO PAULO,01415,101,A_Frota_por_UF_Municipio_CEP_Julho_2026.xlsx
SAO PAULO,SAO PAULO,01416,51,A_Frota_por_UF_Municipio_CEP_Julho_2026.xlsx
SAO PAULO,SAO PAULO,01417,35,A_Frota_por_UF_Municipio_CEP_Julho_2026.xlsx
SAO PAULO,SAO PAULO,01418,60,A_Frota_por_UF_Municipio_CEP_Julho_2026.xlsx
SAO PAULO,SAO PAULO,01419,67,A_Frota_por_UF_Municipio_CEP_Julho_2026.xlsx
SAO PAULO,SAO PAULO,01420,44,A_Frota_por_UF_Municipio_CEP_Julho_2026.xlsx
SAO PAULO,SAO PAULO,01421,49,A_Frota_por_UF_Municipio_CEP_Julho_2026.xlsx
SAO PAULO,SAO PAULO,01422,46,A_Frota_por_UF_Municipio_CEP_Julho_2026.xlsx
SAO PAULO,SAO PAULO,01423,54,A_Frota_por_UF_Municipio_CEP_Julho_2026.xlsx
SAO PAULO,SAO PAULO,01424,70,A_Frota_por_UF_Municipio_CEP_Julho_2026.xlsx
SAO PAULO,SAO PAULO,01425,45,A_Frota_por_UF_Municipio_CEP_Julho_2026.xlsx
SAO PAULO,SAO PAULO,01426,26,A_Frota_por_UF_Municipio_CEP_Julho_2026.xlsx
SAO PAULO,SAO PAULO,01427,37,A_Frota_por_UF_Municipio_CEP_Julho_2026.xlsx
SAO PAULO,SAO PAULO,01428,7,A_Frota_por_UF_Municipio_CEP_Julho_2026.xlsx
SAO PAULO,SAO PAULO,01429,9,A_Frota_por_UF_Municipio_CEP_Julho_2026.xlsx
SAO PAULO,SAO PAULO,01430,13,A_Frota_por_UF_Municipio_CEP_Julho_2026.xlsx
SAO PAULO,SAO PAULO,01431,8,A_Frota_por_UF_Municipio_CEP_Julho_2026.xlsx
SAO PAULO,SAO PAULO,01432,13,A_Frota_por_UF_Municipio_CEP_Julho_2026.xlsx
SAO PAULO,SAO PAULO,01433,22,A_Frota_por_UF_Municipio_CEP_Julho_2026.xlsx
SAO PAULO,SAO PAULO,01434,6,A_Frota_por_UF_Municipio_CEP_Julho_2026.xlsx
SAO PAULO,SAO PAULO,01435,25,A_Frota_por_UF_Municipio_CEP_Julho_2026.xlsx
SAO PAULO,SAO PAULO,01436,10,A_Frota_por_UF_Municipio_CEP_Julho_2026.xlsx
SAO PAULO,SAO PAULO,01437,6,A_Frota_por_UF_Municipio_CEP_Julho_2026.xlsx
SAO PAULO,SAO PAULO,01438,10,A_Frota_por_UF_Municipio_CEP_Julho_2026.xlsx
SAO PAULO,SAO PAULO,01439,3,A_Frota_por_UF_Municipio_CEP_Julho_2026.xlsx
SAO PAULO,SAO PAULO,01440,6,A_Frota_por_UF_Municipio_CEP_Julho_2026.xlsx
SAO PAULO,SAO PAULO,01441,11,A_Frota_por_UF_Municipio_CEP_Julho_2026.xlsx
SAO PAULO,SAO PAULO,01442,11,A_Frota_por_UF_Municipio_CEP_Julho_2026.xlsx
SAO PAULO,SAO PAULO,01443,19,A_Frota_por_UF_Municipio_CEP_Julho_2026.xlsx
SAO PAULO,SAO PAULO,01444,11,A_Frota_por_UF_Municipio_CEP_Julho_2026.xlsx
SAO PAULO,SAO PAULO,01445,22,A_Frota_por_UF_Municipio_CEP_Julho_2026.xlsx
SAO PAULO,SAO PAULO,01446,12,A_Frota_por_UF_Municipio_CEP_Julho_2026.xlsx
SAO PAULO,SAO PAULO,01447,4,A_Frota_por_UF_Municipio_CEP_Julho_2026.xlsx
SAO PAULO,SAO PAULO,01448,17,A_Frota_por_UF_Municipio_CEP_Julho_2026.xlsx
SAO PAULO,SAO PAULO,01449,15,A_Frota_por_UF_Municipio_CEP_Julho_2026.xlsx
SAO PAULO,SAO PAULO,01450,9,A_Frota_por_UF_Municipio_CEP_Julho_2026.xlsx
SAO PAULO,SAO PAULO,01451,89,A_Frota_por_UF_Municipio_CEP_Julho_2026.xlsx
SAO PAULO,SAO PAULO,01452,393,A_Frota_por_UF_Municipio_CEP_Julho_2026.xlsx
SAO PAULO,SAO PAULO,01453,40,A_Frota_por_UF_Municipio_CEP_Julho_2026.xlsx
SAO PAULO,SAO PAULO,01454,34,A_Frota_por_UF_Municipio_CEP_Julho_2026.xlsx
SAO PAULO,SAO PAULO,01455,68,A_Frota_por_UF_Municipio_CEP_Julho_2026.xlsx
SAO PAULO,SAO PAULO,01456,11,A_Frota_por_UF_Municipio_CEP_Julho_2026.xlsx
SAO PAULO,SAO PAULO,01457,11,A_Frota_por_UF_Municipio_CEP_Julho_2026.xlsx
SAO PAULO,SAO PAULO,01463,2,A_Frota_por_UF_Municipio_CEP_Julho_2026.xlsx
SAO PAULO,SAO PAULO,01476,1,A_Frota_por_UF_Municipio_CEP_Julho_2026.xlsx
SAO PAULO,SAO PAULO,01477,1,A_Frota_por_UF_Municipio_CEP_Julho_2026.xlsx
SAO PAULO,SAO PAULO,01480,3,A_Frota_por_UF_Municipio_CEP_Julho_2026.xlsx
SAO PAULO,SAO PAULO,01487,1,A_Frota_por_UF_Municipio_CEP_Julho_2026.xlsx
SAO PAULO,SAO PAULO,01489,1,A_Frota_por_UF_Municipio_CEP_Julho_2026.xlsx
SAO PAULO,SAO PAULO,01496,1,A_Frota_por_UF_Municipio_CEP_Julho_2026.xlsx
SAO PAULO,SAO PAULO,01500,2,A_Frota_por_UF_Municipio_CEP_Julho_2026.xlsx
SAO PAULO,SAO PAULO,01501,18,A_Frota_por_UF_Municipio_CEP_Julho_2026.xlsx
SAO PAULO,SAO PAULO,01502,7,A_Frota_por_UF_Municipio_CEP_Julho_2026.xlsx
SAO PAULO,SAO PAULO,01503,28,A_Frota_por_UF_Municipio_CEP_Julho_2026.xlsx
SAO PAULO,SAO PAULO,01504,24,A_Frota_por_UF_Municipio_CEP_Julho_2026.xlsx
SAO PAULO,SAO PAULO,01505,14,A_Frota_por_UF_Municipio_CEP_Julho_2026.xlsx
SAO PAULO,SAO PAULO,01506,18,A_Frota_por_UF_Municipio_CEP_Julho_2026.xlsx
SAO PAULO,SAO PAULO,01507,39,A_Frota_por_UF_Municipio_CEP_Julho_2026.xlsx
SAO PAULO,SAO PAULO,01508,24,A_Frota_por_UF_Municipio_CEP_Julho_2026.xlsx
SAO PAULO,SAO PAULO,01509,29,A_Frota_por_UF_Municipio_CEP_Julho_2026.xlsx
SAO PAULO,SAO PAULO,01510,24,A_Frota_por_UF_Municipio_CEP_Julho_2026.xlsx
SAO PAULO,SAO PAULO,01511,29,A_Frota_por_UF_Municipio_CEP_Julho_2026.xlsx
SAO PAULO,SAO PAULO,01512,61,A_Frota_por_UF_Municipio_CEP_Julho_2026.xlsx
SAO PAULO,SAO PAULO,01513,26,A_Frota_por_UF_Municipio_CEP_Julho_2026.xlsx
SAO PAULO,SAO PAULO,01514,29,A_Frota_por_UF_Municipio_CEP_Julho_2026.xlsx
SAO PAULO,SAO PAULO,01515,177,A_Frota_por_UF_Municipio_CEP_Julho_2026.xlsx
SAO PAULO,SAO PAULO,01516,856,A_Frota_por_UF_Municipio_CEP_Julho_2026.xlsx
SAO PAULO,SAO PAULO,01517,4,A_Frota_por_UF_Municipio_CEP_Julho_2026.xlsx
SAO PAULO,SAO PAULO,01518,27,A_Frota_por_UF_Municipio_CEP_Julho_2026.xlsx
SAO PAULO,SAO PAULO,01519,23,A_Frota_por_UF_Municipio_CEP_Julho_2026.xlsx
SAO PAULO,SAO PAULO,01520,65,A_Frota_por_UF_Municipio_CEP_Julho_2026.xlsx
SAO PAULO,SAO PAULO,01521,41,A_Frota_por_UF_Municipio_CEP_Julho_2026.xlsx
SAO PAULO,SAO PAULO,01522,21,A_Frota_por_UF_Municipio_CEP_Julho_2026.xlsx
SAO PAULO,SAO PAULO,01523,43,A_Frota_por_UF_Municipio_CEP_Julho_2026.xlsx
SAO PAULO,SAO PAULO,01524,27,A_Frota_por_UF_Municipio_CEP_Julho_2026.xlsx
SAO PAULO,SAO PAULO,01525,47,A_Frota_por_UF_Municipio_CEP_Julho_2026.xlsx
SAO PAULO,SAO PAULO,01526,79,A_Frota_por_UF_Municipio_CEP_Julho_2026.xlsx
SAO PAULO,SAO PAULO,01527,63,A_Frota_por_UF_Municipio_CEP_Julho_2026.xlsx
SAO PAULO,SAO PAULO,01528,55,A_Frota_por_UF_Municipio_CEP_Julho_2026.xlsx
SAO PAULO,SAO PAULO,01529,64,A_Frota_por_UF_Municipio_CEP_Julho_2026.xlsx
SAO PAULO,SAO PAULO,01530,50,A_Frota_por_UF_Municipio_CEP_Julho_2026.xlsx
SAO PAULO,SAO PAULO,01531,51,A_Frota_por_UF_Municipio_CEP_Julho_2026.xlsx
SAO PAULO,SAO PAULO,01532,73,A_Frota_por_UF_Municipio_CEP_Julho_2026.xlsx
SAO PAULO,SAO PAULO,01533,44,A_Frota_por_UF_Municipio_CEP_Julho_2026.xlsx
SAO PAULO,SAO PAULO,01534,38,A_Frota_por_UF_Municipio_CEP_Julho_2026.xlsx
SAO PAULO,SAO PAULO,01535,48,A_Frota_por_UF_Municipio_CEP_Julho_2026.xlsx
SAO PAULO,SAO PAULO,01536,43,A_Frota_por_UF_Municipio_CEP_Julho_2026.xlsx
SAO PAULO,SAO PAULO,01537,38,A_Frota_por_UF_Municipio_CEP_Julho_2026.xlsx
SAO PAULO,SAO PAULO,01538,12,A_Frota_por_UF_Municipio_CEP_Julho_2026.xlsx
SAO PAULO,SAO PAULO,01539,48,A_Frota_por_UF_Municipio_CEP_Julho_2026.xlsx
SAO PAULO,SAO PAULO,01540,39,A_Frota_por_UF_Municipio_CEP_Julho_2026.xlsx
SAO PAULO,SAO PAULO,01541,39,A_Frota_por_UF_Municipio_CEP_Julho_2026.xlsx
SAO PAULO,SAO PAULO,01542,51,A_Frota_por_UF_Municipio_CEP_Julho_2026.xlsx
SAO PAULO,SAO PAULO,01543,51,A_Frota_por_UF_Municipio_CEP_Julho_2026.xlsx
SAO PAULO,SAO PAULO,01544,53,A_Frota_por_UF_Municipio_CEP_Julho_2026.xlsx
SAO PAULO,SAO PAULO,01545,45,A_Frota_por_UF_Municipio_CEP_Julho_2026.xlsx
SAO PAULO,SAO PAULO,01546,47,A_Frota_por_UF_Municipio_CEP_Julho_2026.xlsx
SAO PAULO,SAO PAULO,01547,47,A_Frota_por_UF_Municipio_CEP_Julho_2026.xlsx
SAO PAULO,SAO PAULO,01548,52,A_Frota_por_UF_Municipio_CEP_Julho_2026.xlsx
SAO PAULO,SAO PAULO,01549,67,A_Frota_por_UF_Municipio_CEP_Julho_2026.xlsx
SAO PAULO,SAO PAULO,01550,37,A_Frota_por_UF_Municipio_CEP_Julho_2026.xlsx
SAO PAULO,SAO PAULO,01551,34,A_Frota_por_UF_Municipio_CEP_Julho_2026.xlsx
SAO PAULO,SAO PAULO,01552,69,A_Frota_por_UF_Municipio_CEP_Julho_2026.xlsx
SAO PAULO,SAO PAULO,01553,31,A_Frota_por_UF_Municipio_CEP_Julho_2026.xlsx
SAO PAULO,SAO PAULO,01557,1,A_Frota_por_UF_Municipio_CEP_Julho_2026.xlsx
SAO PAULO,SAO PAULO,01565,1,A_Frota_por_UF_Municipio_CEP_Julho_2026.xlsx
SAO PAULO,SAO PAULO,01570,1,A_Frota_por_UF_Municipio_CEP_Julho_2026.xlsx
SAO PAULO,SAO PAULO,01600,3,A_Frota_por_UF_Municipio_CEP_Julho_2026.xlsx
SAO PAULO,SAO PAULO,01604,1,A_Frota_por_UF_Municipio_CEP_Julho_2026.xlsx
SAO PAULO,SAO PAULO,01615,1,A_Frota_por_UF_Municipio_CEP_Julho_2026.xlsx
SAO PAULO,SAO PAULO,01626,1,A_Frota_por_UF_Municipio_CEP_Julho_2026.xlsx
SAO PAULO,SAO PAULO,01630,1,A_Frota_por_UF_Municipio_CEP_Julho_2026.xlsx
SAO PAULO,SAO PAULO,01636,6,A_Frota_por_UF_Municipio_CEP_Julho_2026.xlsx
SAO PAULO,SAO PAULO,01640,1,A_Frota_por_UF_Municipio_CEP_Julho_2026.xlsx
SAO PAULO,SAO PAULO,01647,1,A_Frota_por_UF_Municipio_CEP_Julho_2026.xlsx
SAO PAULO,SAO PAULO,01650,2,A_Frota_por_UF_Municipio_CEP_Julho_2026.xlsx
SAO PAULO,SAO PAULO,01655,1,A_Frota_por_UF_Municipio_CEP_Julho_2026.xlsx
SAO PAULO,SAO PAULO,01660,1,A_Frota_por_UF_Municipio_CEP_Julho_2026.xlsx
SAO PAULO,SAO PAULO,01670,2,A_Frota_por_UF_Municipio_CEP_Julho_2026.xlsx
SAO PAULO,SAO PAULO,01700,1,A_Frota_por_UF_Municipio_CEP_Julho_2026.xlsx
SAO PAULO,SAO PAULO,01704,1,A_Frota_por_UF_Municipio_CEP_Julho_2026.xlsx
SAO PAULO,SAO PAULO,01705,1,A_Frota_por_UF_Municipio_CEP_Julho_2026.xlsx
SAO PAULO,SAO PAULO,01708,1,A_Frota_por_UF_Municipio_CEP_Julho_2026.xlsx
SAO PAULO,SAO PAULO,01712,1,A_Frota_por_UF_Municipio_CEP_Julho_2026.xlsx
SAO PAULO,SAO PAULO,01720,1,A_Frota_por_UF_Municipio_CEP_Julho_2026.xlsx
SAO PAULO,SAO PAULO,01730,1,A_Frota_por_UF_Municipio_CEP_Julho_2026.xlsx
SAO PAULO,SAO PAULO,01735,1,A_Frota_por_UF_Municipio_CEP_Julho_2026.xlsx
SAO PAULO,SAO PAULO,01750,1,A_Frota_por_UF_Municipio_CEP_Julho_2026.xlsx
SAO PAULO,SAO PAULO,01754,1,A_Frota_por_UF_Municipio_CEP_Julho_2026.xlsx
SAO PAULO,SAO PAULO,01760,2,A_Frota_por_UF_Municipio_CEP_Julho_2026.xlsx
SAO PAULO,SAO PAULO,01770,1,A_Frota_por_UF_Municipio_CEP_Julho_2026.xlsx
SAO PAULO,SAO PAULO,01773,1,A_Frota_por_UF_Municipio_CEP_Julho_2026.xlsx
SAO PAULO,SAO PAULO,01780,1,A_Frota_por_UF_Municipio_CEP_Julho_2026.xlsx
SAO PAULO,SAO PAULO,01783,1,A_Frota_por_UF_Municipio_CEP_Julho_2026.xlsx
SAO PAULO,SAO PAULO,01785,1,A_Frota_por_UF_Municipio_CEP_Julho_2026.xlsx
SAO PAULO,SAO PAULO,01800,1,A_Frota_por_UF_Municipio_CEP_Julho_2026.xlsx
SAO PAULO,SAO PAULO,01810,4,A_Frota_por_UF_Municipio_CEP_Julho_2026.xlsx
SAO PAULO,SAO PAULO,01813,1,A_Frota_por_UF_Municipio_CEP_Julho_2026.xlsx
SAO PAULO,SAO PAULO,01819,3,A_Frota_por_UF_Municipio_CEP_Julho_2026.xlsx
SAO PAULO,SAO PAULO,01820,1,A_Frota_por_UF_Municipio_CEP_Julho_2026.xlsx
SAO PAULO,SAO PAULO,01827,1,A_Frota_por_UF_Municipio_CEP_Julho_2026.xlsx
SAO PAULO,SAO PAULO,01854,1,A_Frota_por_UF_Municipio_CEP_Julho_2026.xlsx
SAO PAULO,SAO PAULO,01888,2,A_Frota_por_UF_Municipio_CEP_Julho_2026.xlsx
SAO PAULO,SAO PAULO,01892,1,A_Frota_por_UF_Municipio_CEP_Julho_2026.xlsx
SAO PAULO,SAO PAULO,01927,1,A_Frota_por_UF_Municipio_CEP_Julho_2026.xlsx
SAO PAULO,SAO PAULO,01974,1,A_Frota_por_UF_Municipio_CEP_Julho_2026.xlsx
SAO PAULO,SAO PAULO,01988,1,A_Frota_por_UF_Municipio_CEP_Julho_2026.xlsx
SAO PAULO,SAO PAULO,01990,2,A_Frota_por_UF_Municipio_CEP_Julho_2026.xlsx
SAO PAULO,SAO PAULO,01991,1,A_Frota_por_UF_Municipio_CEP_Julho_2026.xlsx
SAO PAULO,SAO PAULO,01999,7,A_Frota_por_UF_Municipio_CEP_Julho_2026.xlsx
SAO PAULO,SAO PAULO,02000,2,A_Frota_por_UF_Municipio_CEP_Julho_2026.xlsx
SAO PAULO,SAO PAULO,02003,1,A_Frota_por_UF_Municipio_CEP_Julho_2026.xlsx
SAO PAULO,SAO PAULO,02009,1,A_Frota_por_UF_Municipio_CEP_Julho_2026.xlsx
SAO PAULO,SAO PAULO,02010,85,A_Frota_por_UF_Municipio_CEP_Julho_2026.xlsx
SAO PAULO,SAO PAULO,02011,14,A_Frota_por_UF_Municipio_CEP_Julho_2026.xlsx
SAO PAULO,SAO PAULO,02012,41,A_Frota_por_UF_Municipio_CEP_Julho_2026.xlsx
SAO PAULO,SAO PAULO,02013,68,A_Frota_por_UF_Municipio_CEP_Julho_2026.xlsx
SAO PAULO,SAO PAULO,02014,1,A_Frota_por_UF_Municipio_CEP_Julho_2026.xlsx
SAO PAULO,SAO PAULO,02016,25,A_Frota_por_UF_Municipio_CEP_Julho_2026.xlsx
SAO PAULO,SAO PAULO,02017,75,A_Frota_por_UF_Municipio_CEP_Julho_2026.xlsx
SAO PAULO,SAO PAULO,02018,71,A_Frota_por_UF_Municipio_CEP_Julho_2026.xlsx
SAO PAULO,SAO PAULO,02019,35,A_Frota_por_UF_Municipio_CEP_Julho_2026.xlsx
SAO PAULO,SAO PAULO,02020,78,A_Frota_por_UF_Municipio_CEP_Julho_2026.xlsx
SAO PAULO,SAO PAULO,02021,52,A_Frota_por_UF_Municipio_CEP_Julho_2026.xlsx
SAO PAULO,SAO PAULO,02022,123,A_Frota_por_UF_Municipio_CEP_Julho_2026.xlsx
SAO PAULO,SAO PAULO,02025,1,A_Frota_por_UF_Municipio_CEP_Julho_2026.xlsx
SAO PAULO,SAO PAULO,02028,13,A_Frota_por_UF_Municipio_CEP_Julho_2026.xlsx
SAO PAULO,SAO PAULO,02029,417,A_Frota_por_UF_Municipio_CEP_Julho_2026.xlsx
SAO PAULO,SAO PAULO,02030,11,A_Frota_por_UF_Municipio_CEP_Julho_2026.xlsx
SAO PAULO,SAO PAULO,02031,19,A_Frota_por_UF_Municipio_CEP_Julho_2026.xlsx
SAO PAULO,SAO PAULO,02032,15,A_Frota_por_UF_Municipio_CEP_Julho_2026.xlsx
SAO PAULO,SAO PAULO,02033,38,A_Frota_por_UF_Municipio_CEP_Julho_2026.xlsx
SAO PAULO,SAO PAULO,02034,34,A_Frota_por_UF_Municipio_CEP_Julho_2026.xlsx
SAO PAULO,SAO PAULO,02035,50,A_Frota_por_UF_Municipio_CEP_Julho_2026.xlsx
SAO PAULO,SAO PAULO,02036,48,A_Frota_por_UF_Municipio_CEP_Julho_2026.xlsx
SAO PAULO,SAO PAULO,02037,42,A_Frota_por_UF_Municipio_CEP_Julho_2026.xlsx
SAO PAULO,SAO PAULO,02038,33,A_Frota_por_UF_Municipio_CEP_Julho_2026.xlsx
SAO PAULO,SAO PAULO,02039,43,A_Frota_por_UF_Municipio_CEP_Julho_2026.xlsx
SAO PAULO,SAO PAULO,02040,42,A_Frota_por_UF_Municipio_CEP_Julho_2026.xlsx
SAO PAULO,SAO PAULO,02041,32,A_Frota_por_UF_Municipio_CEP_Julho_2026.xlsx
SAO PAULO,SAO PAULO,02042,36,A_Frota_por_UF_Municipio_CEP_Julho_2026.xlsx
SAO PAULO,SAO PAULO,02043,49,A_Frota_por_UF_Municipio_CEP_Julho_2026.xlsx
SAO PAULO,SAO PAULO,02044,49,A_Frota_por_UF_Municipio_CEP_Julho_2026.xlsx
SAO PAULO,SAO PAULO,02045,39,A_Frota_por_UF_Municipio_CEP_Julho_2026.xlsx
SAO PAULO,SAO PAULO,02046,21,A_Frota_por_UF_Municipio_CEP_Julho_2026.xlsx
SAO PAULO,SAO PAULO,02047,23,A_Frota_por_UF_Municipio_CEP_Julho_2026.xlsx
SAO PAULO,SAO PAULO,02048,1,A_Frota_por_UF_Municipio_CEP_Julho_2026.xlsx
SAO PAULO,SAO PAULO,02049,5,A_Frota_por_UF_Municipio_CEP_Julho_2026.xlsx
SAO PAULO,SAO PAULO,02050,18,A_Frota_por_UF_Municipio_CEP_Julho_2026.xlsx
SAO PAULO,SAO PAULO,02051,29,A_Frota_por_UF_Municipio_CEP_Julho_2026.xlsx
SAO PAULO,SAO PAULO,02052,45,A_Frota_por_UF_Municipio_CEP_Julho_2026.xlsx
SAO PAULO,SAO PAULO,02053,34,A_Frota_por_UF_Municipio_CEP_Julho_2026.xlsx
SAO PAULO,SAO PAULO,02054,36,A_Frota_por_UF_Municipio_CEP_Julho_2026.xlsx
SAO PAULO,SAO PAULO,02055,30,A_Frota_por_UF_Municipio_CEP_Julho_2026.xlsx
SAO PAULO,SAO PAULO,02056,49,A_Frota_por_UF_Municipio_CEP_Julho_2026.xlsx
SAO PAULO,SAO PAULO,02057,1,A_Frota_por_UF_Municipio_CEP_Julho_2026.xlsx
SAO PAULO,SAO PAULO,02060,109,A_Frota_por_UF_Municipio_CEP_Julho_2026.xlsx
SAO PAULO,SAO PAULO,02063,1,A_Frota_por_UF_Municipio_CEP_Julho_2026.xlsx
SAO PAULO,SAO PAULO,02064,34,A_Frota_por_UF_Municipio_CEP_Julho_2026.xlsx
SAO PAULO,SAO PAULO,02065,84,A_Frota_por_UF_Municipio_CEP_Julho_2026.xlsx
SAO PAULO,SAO PAULO,02066,87,A_Frota_por_UF_Municipio_CEP_Julho_2026.xlsx
SAO PAULO,SAO PAULO,02067,60,A_Frota_por_UF_Municipio_CEP_Julho_2026.xlsx
SAO PAULO,SAO PAULO,02068,38,A_Frota_por_UF_Municipio_CEP_Julho_2026.xlsx
SAO PAULO,SAO PAULO,02069,20,A_Frota_por_UF_Municipio_CEP_Julho_2026.xlsx
SAO PAULO,SAO PAULO,02070,7,A_Frota_por_UF_Municipio_CEP_Julho_2026.xlsx
SAO PAULO,SAO PAULO,02071,53,A_Frota_por_UF_Municipio_CEP_Julho_2026.xlsx
SAO PAULO,SAO PAULO,02072,58,A_Frota_por_UF_Municipio_CEP_Julho_2026.xlsx
SAO PAULO,SAO PAULO,02073,33,A_Frota_por_UF_Municipio_CEP_Julho_2026.xlsx
SAO PAULO,SAO PAULO,02074,51,A_Frota_por_UF_Municipio_CEP_Julho_2026.xlsx
SAO PAULO,SAO PAULO,02075,58,A_Frota_por_UF_Municipio_CEP_Julho_2026.xlsx
SAO PAULO,SAO PAULO,02076,26,A_Frota_por_UF_Municipio_CEP_Julho_2026.xlsx
SAO PAULO,SAO PAULO,02077,34,A_Frota_por_UF_Municipio_CEP_Julho_2026.xlsx
SAO PAULO,SAO PAULO,02078,44,A_Frota_por_UF_Municipio_CEP_Julho_2026.xlsx
SAO PAULO,SAO PAULO,02079,42,A_Frota_por_UF_Municipio_CEP_Julho_2026.xlsx
SAO PAULO,SAO PAULO,02080,22,A_Frota_por_UF_Municipio_CEP_Julho_2026.xlsx
SAO PAULO,SAO PAULO,02081,30,A_Frota_por_UF_Municipio_CEP_Julho_2026.xlsx
SAO PAULO,SAO PAULO,02082,43,A_Frota_por_UF_Municipio_CEP_Julho_2026.xlsx
SAO PAULO,SAO PAULO,02083,51,A_Frota_por_UF_Municipio_CEP_Julho_2026.xlsx
SAO PAULO,SAO PAULO,02084,24,A_Frota_por_UF_Municipio_CEP_Julho_2026.xlsx
SAO PAULO,SAO PAULO,02085,4,A_Frota_por_UF_Municipio_CEP_Julho_2026.xlsx
SAO PAULO,SAO PAULO,02089,4,A_Frota_por_UF_Municipio_CEP_Julho_2026.xlsx
SAO PAULO,SAO PAULO,02090,1,A_Frota_por_UF_Municipio_CEP_Julho_2026.xlsx
SAO PAULO,SAO PAULO,02091,1,A_Frota_por_UF_Municipio_CEP_Julho_2026.xlsx
SAO PAULO,SAO PAULO,02100,15,A_Frota_por_UF_Municipio_CEP_Julho_2026.xlsx
SAO PAULO,SAO PAULO,02101,1,A_Frota_por_UF_Municipio_CEP_Julho_2026.xlsx
SAO PAULO,SAO PAULO,02102,2,A_Frota_por_UF_Municipio_CEP_Julho_2026.xlsx
SAO PAULO,SAO PAULO,02106,1,A_Frota_por_UF_Municipio_CEP_Julho_2026.xlsx
SAO PAULO,SAO PAULO,02109,1,A_Frota_por_UF_Municipio_CEP_Julho_2026.xlsx
SAO PAULO,SAO PAULO,02110,32,A_Frota_por_UF_Municipio_CEP_Julho_2026.xlsx
SAO PAULO,SAO PAULO,02111,36,A_Frota_por_UF_Municipio_CEP_Julho_2026.xlsx
SAO PAULO,SAO PAULO,02112,42,A_Frota_por_UF_Municipio_CEP_Julho_2026.xlsx
SAO PAULO,SAO PAULO,02113,26,A_Frota_por_UF_Municipio_CEP_Julho_2026.xlsx
SAO PAULO,SAO PAULO,02114,44,A_Frota_por_UF_Municipio_CEP_Julho_2026.xlsx
SAO PAULO,SAO PAULO,02115,49,A_Frota_por_UF_Municipio_CEP_Julho_2026.xlsx
SAO PAULO,SAO PAULO,02116,23,A_Frota_por_UF_Municipio_CEP_Julho_2026.xlsx
SAO PAULO,SAO PAULO,02117,34,A_Frota_por_UF_Municipio_CEP_Julho_2026.xlsx
SAO PAULO,SAO PAULO,02118,32,A_Frota_por_UF_Municipio_CEP_Julho_2026.xlsx
SAO PAULO,SAO PAULO,02119,25,A_Frota_por_UF_Municipio_CEP_Julho_2026.xlsx
SAO PAULO,SAO PAULO,02120,51,A_Frota_por_UF_Municipio_CEP_Julho_2026.xlsx
SAO PAULO,SAO PAULO,02121,35,A_Frota_por_UF_Municipio_CEP_Julho_2026.xlsx
SAO PAULO,SAO PAULO,02122,46,A_Frota_por_UF_Municipio_CEP_Julho_2026.xlsx
SAO PAULO,SAO PAULO,02123,35,A_Frota_por_UF_Municipio_CEP_Julho_2026.xlsx
SAO PAULO,SAO PAULO,02124,78,A_Frota_por_UF_Municipio_CEP_Julho_2026.xlsx
SAO PAULO,SAO PAULO,02125,29,A_Frota_por_UF_Municipio_CEP_Julho_2026.xlsx
SAO PAULO,SAO PAULO,02126,33,A_Frota_por_UF_Municipio_CEP_Julho_2026.xlsx
SAO PAULO,SAO PAULO,02127,31,A_Frota_por_UF_Municipio_CEP_Julho_2026.xlsx
SAO PAULO,SAO PAULO,02128,25,A_Frota_por_UF_Municipio_CEP_Julho_2026.xlsx
SAO PAULO,SAO PAULO,02129,31,A_Frota_por_UF_Municipio_CEP_Julho_2026.xlsx
SAO PAULO,SAO PAULO,02130,48,A_Frota_por_UF_Municipio_CEP_Julho_2026.xlsx
SAO PAULO,SAO PAULO,02131,67,A_Frota_por_UF_Municipio_CEP_Julho_2026.xlsx
SAO PAULO,SAO PAULO,02132,70,A_Frota_por_UF_Municipio_CEP_Julho_2026.xlsx
SAO PAULO,SAO PAULO,02133,46,A_Frota_por_UF_Municipio_CEP_Julho_2026.xlsx
SAO PAULO,SAO PAULO,02134,39,A_Frota_por_UF_Municipio_CEP_Julho_2026.xlsx
SAO PAULO,SAO PAULO,02135,27,A_Frota_por_UF_Municipio_CEP_Julho_2026.xlsx
SAO PAULO,SAO PAULO,02136,40,A_Frota_por_UF_Municipio_CEP_Julho_2026.xlsx
SAO PAULO,SAO PAULO,02137,37,A_Frota_por_UF_Municipio_CEP_Julho_2026.xlsx
SAO PAULO,SAO PAULO,02138,35,A_Frota_por_UF_Municipio_CEP_Julho_2026.xlsx
SAO PAULO,SAO PAULO,02139,12,A_Frota_por_UF_Municipio_CEP_Julho_2026.xlsx
SAO PAULO,SAO PAULO,02140,13,A_Frota_por_UF_Municipio_CEP_Julho_2026.xlsx
SAO PAULO,SAO PAULO,02141,38,A_Frota_por_UF_Municipio_CEP_Julho_2026.xlsx
SAO PAULO,SAO PAULO,02142,15,A_Frota_por_UF_Municipio_CEP_Julho_2026.xlsx
SAO PAULO,SAO PAULO,02143,31,A_Frota_por_UF_Municipio_CEP_Julho_2026.xlsx
SAO PAULO,SAO PAULO,02144,46,A_Frota_por_UF_Municipio_CEP_Julho_2026.xlsx
SAO PAULO,SAO PAULO,02145,18,A_Frota_por_UF_Municipio_CEP_Julho_2026.xlsx
SAO PAULO,SAO PAULO,02146,21,A_Frota_por_UF_Municipio_CEP_Julho_2026.xlsx
SAO PAULO,SAO PAULO,02147,18,A_Frota_por_UF_Municipio_CEP_Julho_2026.xlsx
SAO PAULO,SAO PAULO,02150,17,A_Frota_por_UF_Municipio_CEP_Julho_2026.xlsx
SAO PAULO,SAO PAULO,02151,27,A_Frota_por_UF_Municipio_CEP_Julho_2026.xlsx
SAO PAULO,SAO PAULO,02152,15,A_Frota_por_UF_Municipio_CEP_Julho_2026.xlsx
SAO PAULO,SAO PAULO,02154,3,A_Frota_por_UF_Municipio_CEP_Julho_2026.xlsx
SAO PAULO,SAO PAULO,02160,1,A_Frota_por_UF_Municipio_CEP_Julho_2026.xlsx
SAO PAULO,SAO PAULO,02161,77,A_Frota_por_UF_Municipio_CEP_Julho_2026.xlsx
SAO PAULO,SAO PAULO,02162,11,A_Frota_por_UF_Municipio_CEP_Julho_2026.xlsx
SAO PAULO,SAO PAULO,02166,22,A_Frota_por_UF_Municipio_CEP_Julho_2026.xlsx
SAO PAULO,SAO PAULO,02167,94,A_Frota_por_UF_Municipio_CEP_Julho_2026.xlsx
SAO PAULO,SAO PAULO,02168,30,A_Frota_por_UF_Municipio_CEP_Julho_2026.xlsx
SAO PAULO,SAO PAULO,02169,86,A_Frota_por_UF_Municipio_CEP_Julho_2026.xlsx
SAO PAULO,SAO PAULO,02170,6,A_Frota_por_UF_Municipio_CEP_Julho_2026.xlsx
SAO PAULO,SAO PAULO,02171,1,A_Frota_por_UF_Municipio_CEP_Julho_2026.xlsx
SAO PAULO,SAO PAULO,02173,1,A_Frota_por_UF_Municipio_CEP_Julho_2026.xlsx
SAO PAULO,SAO PAULO,02174,15,A_Frota_por_UF_Municipio_CEP_Julho_2026.xlsx
SAO PAULO,SAO PAULO,02175,12,A_Frota_por_UF_Municipio_CEP_Julho_2026.xlsx
SAO PAULO,SAO PAULO,02176,42,A_Frota_por_UF_Municipio_CEP_Julho_2026.xlsx
SAO PAULO,SAO PAULO,02177,57,A_Frota_por_UF_Municipio_CEP_Julho_2026.xlsx
SAO PAULO,SAO PAULO,02178,39,A_Frota_por_UF_Municipio_CEP_Julho_2026.xlsx
SAO PAULO,SAO PAULO,02179,56,A_Frota_por_UF_Municipio_CEP_Julho_2026.xlsx
SAO PAULO,SAO PAULO,02180,43,A_Frota_por_UF_Municipio_CEP_Julho_2026.xlsx
SAO PAULO,SAO PAULO,02181,53,A_Frota_por_UF_Municipio_CEP_Julho_2026.xlsx
SAO PAULO,SAO PAULO,02183,1,A_Frota_por_UF_Municipio_CEP_Julho_2026.xlsx
SAO PAULO,SAO PAULO,02185,26,A_Frota_por_UF_Municipio_CEP_Julho_2026.xlsx
SAO PAULO,SAO PAULO,02186,32,A_Frota_por_UF_Municipio_CEP_Julho_2026.xlsx
SAO PAULO,SAO PAULO,02187,45,A_Frota_por_UF_Municipio_CEP_Julho_2026.xlsx
SAO PAULO,SAO PAULO,02188,52,A_Frota_por_UF_Municipio_CEP_Julho_2026.xlsx
SAO PAULO,SAO PAULO,02189,22,A_Frota_por_UF_Municipio_CEP_Julho_2026.xlsx
SAO PAULO,SAO PAULO,02190,43,A_Frota_por_UF_Municipio_CEP_Julho_2026.xlsx
SAO PAULO,SAO PAULO,02200,2,A_Frota_por_UF_Municipio_CEP_Julho_2026.xlsx
SAO PAULO,SAO PAULO,02201,47,A_Frota_por_UF_Municipio_CEP_Julho_2026.xlsx
SAO PAULO,SAO PAULO,02202,50,A_Frota_por_UF_Municipio_CEP_Julho_2026.xlsx
SAO PAULO,SAO PAULO,02203,39,A_Frota_por_UF_Municipio_CEP_Julho_2026.xlsx
SAO PAULO,SAO PAULO,02204,29,A_Frota_por_UF_Municipio_CEP_Julho_2026.xlsx
SAO PAULO,SAO PAULO,02205,47,A_Frota_por_UF_Municipio_CEP_Julho_2026.xlsx
SAO PAULO,SAO PAULO,02206,43,A_Frota_por_UF_Municipio_CEP_Julho_2026.xlsx
SAO PAULO,SAO PAULO,02207,26,A_Frota_por_UF_Municipio_CEP_Julho_2026.xlsx
SAO PAULO,SAO PAULO,02208,40,A_Frota_por_UF_Municipio_CEP_Julho_2026.xlsx
SAO PAULO,SAO PAULO,02209,64,A_Frota_por_UF_Municipio_CEP_Julho_2026.xlsx
SAO PAULO,SAO PAULO,02210,53,A_Frota_por_UF_Municipio_CEP_Julho_2026.xlsx
SAO PAULO,SAO PAULO,02211,24,A_Frota_por_UF_Municipio_CEP_Julho_2026.xlsx
SAO PAULO,SAO PAULO,02212,23,A_Frota_por_UF_Municipio_CEP_Julho_2026.xlsx
SAO PAULO,SAO PAULO,02213,37,A_Frota_por_UF_Municipio_CEP_Julho_2026.xlsx
SAO PAULO,SAO PAULO,02214,41,A_Frota_por_UF_Municipio_CEP_Julho_2026.xlsx
SAO PAULO,SAO PAULO,02215,50,A_Frota_por_UF_Municipio_CEP_Julho_2026.xlsx
SAO PAULO,SAO PAULO,02216,36,A_Frota_por_UF_Municipio_CEP_Julho_2026.xlsx
SAO PAULO,SAO PAULO,02217,43,A_Frota_por_UF_Municipio_CEP_Julho_2026.xlsx
SAO PAULO,SAO PAULO,02218,40,A_Frota_por_UF_Municipio_CEP_Julho_2026.xlsx
SAO PAULO,SAO PAULO,02219,47,A_Frota_por_UF_Municipio_CEP_Julho_2026.xlsx
SAO PAULO,SAO PAULO,02220,87,A_Frota_por_UF_Municipio_CEP_Julho_2026.xlsx
SAO PAULO,SAO PAULO,02221,35,A_Frota_por_UF_Municipio_CEP_Julho_2026.xlsx
SAO PAULO,SAO PAULO,02222,51,A_Frota_por_UF_Municipio_CEP_Julho_2026.xlsx
SAO PAULO,SAO PAULO,02223,59,A_Frota_por_UF_Municipio_CEP_Julho_2026.xlsx
SAO PAULO,SAO PAULO,02224,34,A_Frota_por_UF_Municipio_CEP_Julho_2026.xlsx
SAO PAULO,SAO PAULO,02225,52,A_Frota_por_UF_Municipio_CEP_Julho_2026.xlsx
SAO PAULO,SAO PAULO,02226,67,A_Frota_por_UF_Municipio_CEP_Julho_2026.xlsx
SAO PAULO,SAO PAULO,02227,94,A_Frota_por_UF_Municipio_CEP_Julho_2026.xlsx
SAO PAULO,SAO PAULO,02228,50,A_Frota_por_UF_Municipio_CEP_Julho_2026.xlsx
SAO PAULO,SAO PAULO,02229,54,A_Frota_por_UF_Municipio_CEP_Julho_2026.xlsx
SAO PAULO,SAO PAULO,02230,68,A_Frota_por_UF_Municipio_CEP_Julho_2026.xlsx
SAO PAULO,SAO PAULO,02231,17,A_Frota_por_UF_Municipio_CEP_Julho_2026.xlsx
SAO PAULO,SAO PAULO,02232,27,A_Frota_por_UF_Municipio_CEP_Julho_2026.xlsx
SAO PAULO,SAO PAULO,02233,25,A_Frota_por_UF_Municipio_CEP_Julho_2026.xlsx
SAO PAULO,SAO PAULO,02234,53,A_Frota_por_UF_Municipio_CEP_Julho_2026.xlsx
SAO PAULO,SAO PAULO,02235,57,A_Frota_por_UF_Municipio_CEP_Julho_2026.xlsx
SAO PAULO,SAO PAULO,02236,68,A_Frota_por_UF_Municipio_CEP_Julho_2026.xlsx
SAO PAULO,SAO PAULO,02237,13,A_Frota_por_UF_Municipio_CEP_Julho_2026.xlsx
SAO PAULO,SAO PAULO,02238,84,A_Frota_por_UF_Municipio_CEP_Julho_2026.xlsx
SAO PAULO,SAO PAULO,02239,18,A_Frota_por_UF_Municipio_CEP_Julho_2026.xlsx
SAO PAULO,SAO PAULO,02240,5,A_Frota_por_UF_Municipio_CEP_Julho_2026.xlsx
SAO PAULO,SAO PAULO,02241,55,A_Frota_por_UF_Municipio_CEP_Julho_2026.xlsx
SAO PAULO,SAO PAULO,02242,46,A_Frota_por_UF_Municipio_CEP_Julho_2026.xlsx
SAO PAULO,SAO PAULO,02243,40,A_Frota_por_UF_Municipio_CEP_Julho_2026.xlsx
SAO PAULO,SAO PAULO,02244,39,A_Frota_por_UF_Municipio_CEP_Julho_2026.xlsx
SAO PAULO,SAO PAULO,02245,40,A_Frota_por_UF_Municipio_CEP_Julho_2026.xlsx
SAO PAULO,SAO PAULO,02246,21,A_Frota_por_UF_Municipio_CEP_Julho_2026.xlsx
SAO PAULO,SAO PAULO,02247,56,A_Frota_por_UF_Municipio_CEP_Julho_2026.xlsx
SAO PAULO,SAO PAULO,02248,45,A_Frota_por_UF_Municipio_CEP_Julho_2026.xlsx
SAO PAULO,SAO PAULO,02249,22,A_Frota_por_UF_Municipio_CEP_Julho_2026.xlsx
SAO PAULO,SAO PAULO,02250,43,A_Frota_por_UF_Municipio_CEP_Julho_2026.xlsx
SAO PAULO,SAO PAULO,02251,46,A_Frota_por_UF_Municipio_CEP_Julho_2026.xlsx
SAO PAULO,SAO PAULO,02252,32,A_Frota_por_UF_Municipio_CEP_Julho_2026.xlsx
SAO PAULO,SAO PAULO,02253,38,A_Frota_por_UF_Municipio_CEP_Julho_2026.xlsx
SAO PAULO,SAO PAULO,02254,49,A_Frota_por_UF_Municipio_CEP_Julho_2026.xlsx
SAO PAULO,SAO PAULO,02255,21,A_Frota_por_UF_Municipio_CEP_Julho_2026.xlsx
SAO PAULO,SAO PAULO,02256,45,A_Frota_por_UF_Municipio_CEP_Julho_2026.xlsx
SAO PAULO,SAO PAULO,02257,26,A_Frota_por_UF_Municipio_CEP_Julho_2026.xlsx
SAO PAULO,SAO PAULO,02258,51,A_Frota_por_UF_Municipio_CEP_Julho_2026.xlsx
SAO PAULO,SAO PAULO,02259,36,A_Frota_por_UF_Municipio_CEP_Julho_2026.xlsx
SAO PAULO,SAO PAULO,02260,31,A_Frota_por_UF_Municipio_CEP_Julho_2026.xlsx
SAO PAULO,SAO PAULO,02261,29,A_Frota_por_UF_Municipio_CEP_Julho_2026.xlsx
SAO PAULO,SAO PAULO,02262,16,A_Frota_por_UF_Municipio_CEP_Julho_2026.xlsx
SAO PAULO,SAO PAULO,02263,37,A_Frota_por_UF_Municipio_CEP_Julho_2026.xlsx
SAO PAULO,SAO PAULO,02264,20,A_Frota_por_UF_Municipio_CEP_Julho_2026.xlsx
SAO PAULO,SAO PAULO,02265,28,A_Frota_por_UF_Municipio_CEP_Julho_2026.xlsx
SAO PAULO,SAO PAULO,02266,30,A_Frota_por_UF_Municipio_CEP_Julho_2026.xlsx
SAO PAULO,SAO PAULO,02267,16,A_Frota_por_UF_Municipio_CEP_Julho_2026.xlsx
SAO PAULO,SAO PAULO,02268,27,A_Frota_por_UF_Municipio_CEP_Julho_2026.xlsx
SAO PAULO,SAO PAULO,02269,34,A_Frota_por_UF_Municipio_CEP_Julho_2026.xlsx
SAO PAULO,SAO PAULO,02270,50,A_Frota_por_UF_Municipio_CEP_Julho_2026.xlsx
SAO PAULO,SAO PAULO,02271,36,A_Frota_por_UF_Municipio_CEP_Julho_2026.xlsx
SAO PAULO,SAO PAULO,02272,21,A_Frota_por_UF_Municipio_CEP_Julho_2026.xlsx
SAO PAULO,SAO PAULO,02273,38,A_Frota_por_UF_Municipio_CEP_Julho_2026.xlsx
SAO PAULO,SAO PAULO,02274,14,A_Frota_por_UF_Municipio_CEP_Julho_2026.xlsx
SAO PAULO,SAO PAULO,02275,41,A_Frota_por_UF_Municipio_CEP_Julho_2026.xlsx
SAO PAULO,SAO PAULO,02276,34,A_Frota_por_UF_Municipio_CEP_Julho_2026.xlsx
SAO PAULO,SAO PAULO,02277,15,A_Frota_por_UF_Municipio_CEP_Julho_2026.xlsx
SAO PAULO,SAO PAULO,02278,19,A_Frota_por_UF_Municipio_CEP_Julho_2026.xlsx
SAO PAULO,SAO PAULO,02279,57,A_Frota_por_UF_Municipio_CEP_Julho_2026.xlsx
SAO PAULO,SAO PAULO,02280,32,A_Frota_por_UF_Municipio_CEP_Julho_2026.xlsx
SAO PAULO,SAO PAULO,02281,122,A_Frota_por_UF_Municipio_CEP_Julho_2026.xlsx
SAO PAULO,SAO PAULO,02282,31,A_Frota_por_UF_Municipio_CEP_Julho_2026.xlsx
SAO PAULO,SAO PAULO,02283,1,A_Frota_por_UF_Municipio_CEP_Julho_2026.xlsx
SAO PAULO,SAO PAULO,02285,10,A_Frota_por_UF_Municipio_CEP_Julho_2026.xlsx
SAO PAULO,SAO PAULO,02286,7,A_Frota_por_UF_Municipio_CEP_Julho_2026.xlsx
SAO PAULO,SAO PAULO,02288,15,A_Frota_por_UF_Municipio_CEP_Julho_2026.xlsx
SAO PAULO,SAO PAULO,02289,4,A_Frota_por_UF_Municipio_CEP_Julho_2026.xlsx
SAO PAULO,SAO PAULO,02290,4,A_Frota_por_UF_Municipio_CEP_Julho_2026.xlsx
SAO PAULO,SAO PAULO,02295,1,A_Frota_por_UF_Municipio_CEP_Julho_2026.xlsx
SAO PAULO,SAO PAULO,02299,1,A_Frota_por_UF_Municipio_CEP_Julho_2026.xlsx
SAO PAULO,SAO PAULO,02300,2,A_Frota_por_UF_Municipio_CEP_Julho_2026.xlsx
SAO PAULO,SAO PAULO,02301,59,A_Frota_por_UF_Municipio_CEP_Julho_2026.xlsx
SAO PAULO,SAO PAULO,02302,24,A_Frota_por_UF_Municipio_CEP_Julho_2026.xlsx
SAO PAULO,SAO PAULO,02303,40,A_Frota_por_UF_Municipio_CEP_Julho_2026.xlsx
SAO PAULO,SAO PAULO,02304,5,A_Frota_por_UF_Municipio_CEP_Julho_2026.xlsx
SAO PAULO,SAO PAULO,02305,6,A_Frota_por_UF_Municipio_CEP_Julho_2026.xlsx
SAO PAULO,SAO PAULO,02306,78,A_Frota_por_UF_Municipio_CEP_Julho_2026.xlsx
SAO PAULO,SAO PAULO,02307,45,A_Frota_por_UF_Municipio_CEP_Julho_2026.xlsx
SAO PAULO,SAO PAULO,02308,40,A_Frota_por_UF_Municipio_CEP_Julho_2026.xlsx
SAO PAULO,SAO PAULO,02309,43,A_Frota_por_UF_Municipio_CEP_Julho_2026.xlsx
SAO PAULO,SAO PAULO,02310,72,A_Frota_por_UF_Municipio_CEP_Julho_2026.xlsx
SAO PAULO,SAO PAULO,02311,49,A_Frota_por_UF_Municipio_CEP_Julho_2026.xlsx
SAO PAULO,SAO PAULO,02312,34,A_Frota_por_UF_Municipio_CEP_Julho_2026.xlsx
SAO PAULO,SAO PAULO,02313,32,A_Frota_por_UF_Municipio_CEP_Julho_2026.xlsx
SAO PAULO,SAO PAULO,02314,32,A_Frota_por_UF_Municipio_CEP_Julho_2026.xlsx
SAO PAULO,SAO PAULO,02315,49,A_Frota_por_UF_Municipio_CEP_Julho_2026.xlsx
SAO PAULO,SAO PAULO,02316,61,A_Frota_por_UF_Municipio_CEP_Julho_2026.xlsx
SAO PAULO,SAO PAULO,02317,55,A_Frota_por_UF_Municipio_CEP_Julho_2026.xlsx
SAO PAULO,SAO PAULO,02318,106,A_Frota_por_UF_Municipio_CEP_Julho_2026.xlsx
SAO PAULO,SAO PAULO,02319,43,A_Frota_por_UF_Municipio_CEP_Julho_2026.xlsx
SAO PAULO,SAO PAULO,02320,32,A_Frota_por_UF_Municipio_CEP_Julho_2026.xlsx
SAO PAULO,SAO PAULO,02321,29,A_Frota_por_UF_Municipio_CEP_Julho_2026.xlsx
SAO PAULO,SAO PAULO,02322,45,A_Frota_por_UF_Municipio_CEP_Julho_2026.xlsx
SAO PAULO,SAO PAULO,02323,103,A_Frota_por_UF_Municipio_CEP_Julho_2026.xlsx
SAO PAULO,SAO PAULO,02324,56,A_Frota_por_UF_Municipio_CEP_Julho_2026.xlsx
SAO PAULO,SAO PAULO,02325,70,A_Frota_por_UF_Municipio_CEP_Julho_2026.xlsx
SAO PAULO,SAO PAULO,02326,52,A_Frota_por_UF_Municipio_CEP_Julho_2026.xlsx
SAO PAULO,SAO PAULO,02327,19,A_Frota_por_UF_Municipio_CEP_Julho_2026.xlsx
SAO PAULO,SAO PAULO,02328,21,A_Frota_por_UF_Municipio_CEP_Julho_2026.xlsx
SAO PAULO,SAO PAULO,02329,29,A_Frota_por_UF_Municipio_CEP_Julho_2026.xlsx
SAO PAULO,SAO PAULO,02330,28,A_Frota_por_UF_Municipio_CEP_Julho_2026.xlsx
SAO PAULO,SAO PAULO,02331,22,A_Frota_por_UF_Municipio_CEP_Julho_2026.xlsx
SAO PAULO,SAO PAULO,02332,27,A_Frota_por_UF_Municipio_CEP_Julho_2026.xlsx
SAO PAULO,SAO PAULO,02333,24,A_Frota_por_UF_Municipio_CEP_Julho_2026.xlsx
SAO PAULO,SAO PAULO,02334,39,A_Frota_por_UF_Municipio_CEP_Julho_2026.xlsx
SAO PAULO,SAO PAULO,02335,47,A_Frota_por_UF_Municipio_CEP_Julho_2026.xlsx
SAO PAULO,SAO PAULO,02336,34,A_Frota_por_UF_Municipio_CEP_Julho_2026.xlsx
SAO PAULO,SAO PAULO,02337,21,A_Frota_por_UF_Municipio_CEP_Julho_2026.xlsx
SAO PAULO,SAO PAULO,02338,26,A_Frota_por_UF_Municipio_CEP_Julho_2026.xlsx
SAO PAULO,SAO PAULO,02339,20,A_Frota_por_UF_Municipio_CEP_Julho_2026.xlsx
SAO PAULO,SAO PAULO,02340,25,A_Frota_por_UF_Municipio_CEP_Julho_2026.xlsx
SAO PAULO,SAO PAULO,02341,39,A_Frota_por_UF_Municipio_CEP_Julho_2026.xlsx
SAO PAULO,SAO PAULO,02342,34,A_Frota_por_UF_Municipio_CEP_Julho_2026.xlsx
SAO PAULO,SAO PAULO,02343,28,A_Frota_por_UF_Municipio_CEP_Julho_2026.xlsx
SAO PAULO,SAO PAULO,02344,66,A_Frota_por_UF_Municipio_CEP_Julho_2026.xlsx
SAO PAULO,SAO PAULO,02345,47,A_Frota_por_UF_Municipio_CEP_Julho_2026.xlsx
SAO PAULO,SAO PAULO,02346,27,A_Frota_por_UF_Municipio_CEP_Julho_2026.xlsx
SAO PAULO,SAO PAULO,02347,46,A_Frota_por_UF_Municipio_CEP_Julho_2026.xlsx
SAO PAULO,SAO PAULO,02348,33,A_Frota_por_UF_Municipio_CEP_Julho_2026.xlsx
SAO PAULO,SAO PAULO,02349,15,A_Frota_por_UF_Municipio_CEP_Julho_2026.xlsx
SAO PAULO,SAO PAULO,02350,49,A_Frota_por_UF_Municipio_CEP_Julho_2026.xlsx
SAO PAULO,SAO PAULO,02351,12,A_Frota_por_UF_Municipio_CEP_Julho_2026.xlsx
SAO PAULO,SAO PAULO,02352,48,A_Frota_por_UF_Municipio_CEP_Julho_2026.xlsx
SAO PAULO,SAO PAULO,02353,2,A_Frota_por_UF_Municipio_CEP_Julho_2026.xlsx
SAO PAULO,SAO PAULO,02354,75,A_Frota_por_UF_Municipio_CEP_Julho_2026.xlsx
SAO PAULO,SAO PAULO,02355,32,A_Frota_por_UF_Municipio_CEP_Julho_2026.xlsx
SAO PAULO,SAO PAULO,02356,30,A_Frota_por_UF_Municipio_CEP_Julho_2026.xlsx
SAO PAULO,SAO PAULO,02357,51,A_Frota_por_UF_Municipio_CEP_Julho_2026.xlsx
SAO PAULO,SAO PAULO,02358,46,A_Frota_por_UF_Municipio_CEP_Julho_2026.xlsx
SAO PAULO,SAO PAULO,02359,1,A_Frota_por_UF_Municipio_CEP_Julho_2026.xlsx
SAO PAULO,SAO PAULO,02360,15,A_Frota_por_UF_Municipio_CEP_Julho_2026.xlsx
SAO PAULO,SAO PAULO,02361,18,A_Frota_por_UF_Municipio_CEP_Julho_2026.xlsx
SAO PAULO,SAO PAULO,02362,13,A_Frota_por_UF_Municipio_CEP_Julho_2026.xlsx
SAO PAULO,SAO PAULO,02363,29,A_Frota_por_UF_Municipio_CEP_Julho_2026.xlsx
SAO PAULO,SAO PAULO,02364,31,A_Frota_por_UF_Municipio_CEP_Julho_2026.xlsx
SAO PAULO,SAO PAULO,02365,25,A_Frota_por_UF_Municipio_CEP_Julho_2026.xlsx
SAO PAULO,SAO PAULO,02366,22,A_Frota_por_UF_Municipio_CEP_Julho_2026.xlsx
SAO PAULO,SAO PAULO,02367,30,A_Frota_por_UF_Municipio_CEP_Julho_2026.xlsx
SAO PAULO,SAO PAULO,02368,9,A_Frota_por_UF_Municipio_CEP_Julho_2026.xlsx
SAO PAULO,SAO PAULO,02369,1,A_Frota_por_UF_Municipio_CEP_Julho_2026.xlsx
SAO PAULO,SAO PAULO,02370,13,A_Frota_por_UF_Municipio_CEP_Julho_2026.xlsx
SAO PAULO,SAO PAULO,02371,15,A_Frota_por_UF_Municipio_CEP_Julho_2026.xlsx
SAO PAULO,SAO PAULO,02372,17,A_Frota_por_UF_Municipio_CEP_Julho_2026.xlsx
SAO PAULO,SAO PAULO,02373,22,A_Frota_por_UF_Municipio_CEP_Julho_2026.xlsx
SAO PAULO,SAO PAULO,02374,66,A_Frota_por_UF_Municipio_CEP_Julho_2026.xlsx
SAO PAULO,SAO PAULO,02375,25,A_Frota_por_UF_Municipio_CEP_Julho_2026.xlsx
SAO PAULO,SAO PAULO,02376,18,A_Frota_por_UF_Municipio_CEP_Julho_2026.xlsx
SAO PAULO,SAO PAULO,02377,24,A_Frota_por_UF_Municipio_CEP_Julho_2026.xlsx
SAO PAULO,SAO PAULO,02378,41,A_Frota_por_UF_Municipio_CEP_Julho_2026.xlsx
SAO PAULO,SAO PAULO,02380,1,A_Frota_por_UF_Municipio_CEP_Julho_2026.xlsx
SAO PAULO,SAO PAULO,02390,1,A_Frota_por_UF_Municipio_CEP_Julho_2026.xlsx
SAO PAULO,SAO PAULO,02400,2,A_Frota_por_UF_Municipio_CEP_Julho_2026.xlsx
SAO PAULO,SAO PAULO,02401,36,A_Frota_por_UF_Municipio_CEP_Julho_2026.xlsx
SAO PAULO,SAO PAULO,02402,94,A_Frota_por_UF_Municipio_CEP_Julho_2026.xlsx
SAO PAULO,SAO PAULO,02403,44,A_Frota_por_UF_Municipio_CEP_Julho_2026.xlsx
SAO PAULO,SAO PAULO,02404,61,A_Frota_por_UF_Municipio_CEP_Julho_2026.xlsx
SAO PAULO,SAO PAULO,02405,26,A_Frota_por_UF_Municipio_CEP_Julho_2026.xlsx
SAO PAULO,SAO PAULO,02406,21,A_Frota_por_UF_Municipio_CEP_Julho_2026.xlsx
SAO PAULO,SAO PAULO,02407,47,A_Frota_por_UF_Municipio_CEP_Julho_2026.xlsx
SAO PAULO,SAO PAULO,02408,36,A_Frota_por_UF_Municipio_CEP_Julho_2026.xlsx
SAO PAULO,SAO PAULO,02409,28,A_Frota_por_UF_Municipio_CEP_Julho_2026.xlsx
SAO PAULO,SAO PAULO,02410,101,A_Frota_por_UF_Municipio_CEP_Julho_2026.xlsx
SAO PAULO,SAO PAULO,02411,14,A_Frota_por_UF_Municipio_CEP_Julho_2026.xlsx
SAO PAULO,SAO PAULO,02413,68,A_Frota_por_UF_Municipio_CEP_Julho_2026.xlsx
SAO PAULO,SAO PAULO,02415,101,A_Frota_por_UF_Municipio_CEP_Julho_2026.xlsx
SAO PAULO,SAO PAULO,02416,32,A_Frota_por_UF_Municipio_CEP_Julho_2026.xlsx
SAO PAULO,SAO PAULO,02417,61,A_Frota_por_UF_Municipio_CEP_Julho_2026.xlsx
SAO PAULO,SAO PAULO,02418,18,A_Frota_por_UF_Municipio_CEP_Julho_2026.xlsx
SAO PAULO,SAO PAULO,02419,18,A_Frota_por_UF_Municipio_CEP_Julho_2026.xlsx
SAO PAULO,SAO PAULO,02420,50,A_Frota_por_UF_Municipio_CEP_Julho_2026.xlsx
SAO PAULO,SAO PAULO,02421,36,A_Frota_por_UF_Municipio_CEP_Julho_2026.xlsx
SAO PAULO,SAO PAULO,02422,98,A_Frota_por_UF_Municipio_CEP_Julho_2026.xlsx
SAO PAULO,SAO PAULO,02423,50,A_Frota_por_UF_Municipio_CEP_Julho_2026.xlsx
SAO PAULO,SAO PAULO,02430,53,A_Frota_por_UF_Municipio_CEP_Julho_2026.xlsx
SAO PAULO,SAO PAULO,02431,44,A_Frota_por_UF_Municipio_CEP_Julho_2026.xlsx
SAO PAULO,SAO PAULO,02432,16,A_Frota_por_UF_Municipio_CEP_Julho_2026.xlsx
SAO PAULO,SAO PAULO,02433,36,A_Frota_por_UF_Municipio_CEP_Julho_2026.xlsx
SAO PAULO,SAO PAULO,02434,27,A_Frota_por_UF_Municipio_CEP_Julho_2026.xlsx
SAO PAULO,SAO PAULO,02435,167,A_Frota_por_UF_Municipio_CEP_Julho_2026.xlsx
SAO PAULO,SAO PAULO,02436,23,A_Frota_por_UF_Municipio_CEP_Julho_2026.xlsx
SAO PAULO,SAO PAULO,02440,82,A_Frota_por_UF_Municipio_CEP_Julho_2026.xlsx
SAO PAULO,SAO PAULO,02441,70,A_Frota_por_UF_Municipio_CEP_Julho_2026.xlsx
SAO PAULO,SAO PAULO,02442,92,A_Frota_por_UF_Municipio_CEP_Julho_2026.xlsx
SAO PAULO,SAO PAULO,02443,64,A_Frota_por_UF_Municipio_CEP_Julho_2026.xlsx
SAO PAULO,SAO PAULO,02444,1,A_Frota_por_UF_Municipio_CEP_Julho_2026.xlsx
SAO PAULO,SAO PAULO,02445,1,A_Frota_por_UF_Municipio_CEP_Julho_2026.xlsx
SAO PAULO,SAO PAULO,02450,44,A_Frota_por_UF_Municipio_CEP_Julho_2026.xlsx
SAO PAULO,SAO PAULO,02451,17,A_Frota_por_UF_Municipio_CEP_Julho_2026.xlsx
SAO PAULO,SAO PAULO,02452,51,A_Frota_por_UF_Municipio_CEP_Julho_2026.xlsx
SAO PAULO,SAO PAULO,02453,1,A_Frota_por_UF_Municipio_CEP_Julho_2026.xlsx
SAO PAULO,SAO PAULO,02454,2,A_Frota_por_UF_Municipio_CEP_Julho_2026.xlsx
SAO PAULO,SAO PAULO,02455,1,A_Frota_por_UF_Municipio_CEP_Julho_2026.xlsx
SAO PAULO,SAO PAULO,02460,75,A_Frota_por_UF_Municipio_CEP_Julho_2026.xlsx
SAO PAULO,SAO PAULO,02461,71,A_Frota_por_UF_Municipio_CEP_Julho_2026.xlsx
SAO PAULO,SAO PAULO,02462,44,A_Frota_por_UF_Municipio_CEP_Julho_2026.xlsx
SAO PAULO,SAO PAULO,02463,19,A_Frota_por_UF_Municipio_CEP_Julho_2026.xlsx
SAO PAULO,SAO PAULO,02464,44,A_Frota_por_UF_Municipio_CEP_Julho_2026.xlsx
SAO PAULO,SAO PAULO,02465,34,A_Frota_por_UF_Municipio_CEP_Julho_2026.xlsx
SAO PAULO,SAO PAULO,02466,19,A_Frota_por_UF_Municipio_CEP_Julho_2026.xlsx
SAO PAULO,SAO PAULO,02467,36,A_Frota_por_UF_Municipio_CEP_Julho_2026.xlsx
SAO PAULO,SAO PAULO,02468,31,A_Frota_por_UF_Municipio_CEP_Julho_2026.xlsx
SAO PAULO,SAO PAULO,02469,38,A_Frota_por_UF_Municipio_CEP_Julho_2026.xlsx
SAO PAULO,SAO PAULO,02470,32,A_Frota_por_UF_Municipio_CEP_Julho_2026.xlsx
SAO PAULO,SAO PAULO,02471,54,A_Frota_por_UF_Municipio_CEP_Julho_2026.xlsx
SAO PAULO,SAO PAULO,02472,38,A_Frota_por_UF_Municipio_CEP_Julho_2026.xlsx
SAO PAULO,SAO PAULO,02473,20,A_Frota_por_UF_Municipio_CEP_Julho_2026.xlsx
SAO PAULO,SAO PAULO,02474,16,A_Frota_por_UF_Municipio_CEP_Julho_2026.xlsx
SAO PAULO,SAO PAULO,02475,23,A_Frota_por_UF_Municipio_CEP_Julho_2026.xlsx
SAO PAULO,SAO PAULO,02478,23,A_Frota_por_UF_Municipio_CEP_Julho_2026.xlsx
SAO PAULO,SAO PAULO,02479,27,A_Frota_por_UF_Municipio_CEP_Julho_2026.xlsx
SAO PAULO,SAO PAULO,02480,1,A_Frota_por_UF_Municipio_CEP_Julho_2026.xlsx
SAO PAULO,SAO PAULO,02501,6,A_Frota_por_UF_Municipio_CEP_Julho_2026.xlsx
SAO PAULO,SAO PAULO,02503,1,A_Frota_por_UF_Municipio_CEP_Julho_2026.xlsx
SAO PAULO,SAO PAULO,02508,5,A_Frota_por_UF_Municipio_CEP_Julho_2026.xlsx
SAO PAULO,SAO PAULO,02510,16,A_Frota_por_UF_Municipio_CEP_Julho_2026.xlsx
SAO PAULO,SAO PAULO,02511,29,A_Frota_por_UF_Municipio_CEP_Julho_2026.xlsx
SAO PAULO,SAO PAULO,02512,69,A_Frota_por_UF_Municipio_CEP_Julho_2026.xlsx
SAO PAULO,SAO PAULO,02513,34,A_Frota_por_UF_Municipio_CEP_Julho_2026.xlsx
SAO PAULO,SAO PAULO,02514,43,A_Frota_por_UF_Municipio_CEP_Julho_2026.xlsx
SAO PAULO,SAO PAULO,02515,37,A_Frota_por_UF_Municipio_CEP_Julho_2026.xlsx
SAO PAULO,SAO PAULO,02516,88,A_Frota_por_UF_Municipio_CEP_Julho_2026.xlsx
SAO PAULO,SAO PAULO,02517,62,A_Frota_por_UF_Municipio_CEP_Julho_2026.xlsx
SAO PAULO,SAO PAULO,02518,292,A_Frota_por_UF_Municipio_CEP_Julho_2026.xlsx
SAO PAULO,SAO PAULO,02519,31,A_Frota_por_UF_Municipio_CEP_Julho_2026.xlsx
SAO PAULO,SAO PAULO,02520,28,A_Frota_por_UF_Municipio_CEP_Julho_2026.xlsx
SAO PAULO,SAO PAULO,02521,27,A_Frota_por_UF_Municipio_CEP_Julho_2026.xlsx
SAO PAULO,SAO PAULO,02522,39,A_Frota_por_UF_Municipio_CEP_Julho_2026.xlsx
SAO PAULO,SAO PAULO,02523,31,A_Frota_por_UF_Municipio_CEP_Julho_2026.xlsx
SAO PAULO,SAO PAULO,02524,12,A_Frota_por_UF_Municipio_CEP_Julho_2026.xlsx
SAO PAULO,SAO PAULO,02525,5,A_Frota_por_UF_Municipio_CEP_Julho_2026.xlsx
SAO PAULO,SAO PAULO,02526,24,A_Frota_por_UF_Municipio_CEP_Julho_2026.xlsx
SAO PAULO,SAO PAULO,02529,1,A_Frota_por_UF_Municipio_CEP_Julho_2026.xlsx
SAO PAULO,SAO PAULO,02530,47,A_Frota_por_UF_Municipio_CEP_Julho_2026.xlsx
SAO PAULO,SAO PAULO,02531,46,A_Frota_por_UF_Municipio_CEP_Julho_2026.xlsx
SAO PAULO,SAO PAULO,02532,39,A_Frota_por_UF_Municipio_CEP_Julho_2026.xlsx
SAO PAULO,SAO PAULO,02533,27,A_Frota_por_UF_Municipio_CEP_Julho_2026.xlsx
SAO PAULO,SAO PAULO,02534,42,A_Frota_por_UF_Municipio_CEP_Julho_2026.xlsx
SAO PAULO,SAO PAULO,02535,57,A_Frota_por_UF_Municipio_CEP_Julho_2026.xlsx
SAO PAULO,SAO PAULO,02536,18,A_Frota_por_UF_Municipio_CEP_Julho_2026.xlsx
SAO PAULO,SAO PAULO,02537,27,A_Frota_por_UF_Municipio_CEP_Julho_2026.xlsx
SAO PAULO,SAO PAULO,02538,11,A_Frota_por_UF_Municipio_CEP_Julho_2026.xlsx
SAO PAULO,SAO PAULO,02539,14,A_Frota_por_UF_Municipio_CEP_Julho_2026.xlsx
SAO PAULO,SAO PAULO,02540,30,A_Frota_por_UF_Municipio_CEP_Julho_2026.xlsx
SAO PAULO,SAO PAULO,02541,39,A_Frota_por_UF_Municipio_CEP_Julho_2026.xlsx
SAO PAULO,SAO PAULO,02542,76,A_Frota_por_UF_Municipio_CEP_Julho_2026.xlsx
SAO PAULO,SAO PAULO,02543,78,A_Frota_por_UF_Municipio_CEP_Julho_2026.xlsx
SAO PAULO,SAO PAULO,02544,36,A_Frota_por_UF_Municipio_CEP_Julho_2026.xlsx
SAO PAULO,SAO PAULO,02545,43,A_Frota_por_UF_Municipio_CEP_Julho_2026.xlsx
SAO PAULO,SAO PAULO,02546,25,A_Frota_por_UF_Municipio_CEP_Julho_2026.xlsx
SAO PAULO,SAO PAULO,02550,19,A_Frota_por_UF_Municipio_CEP_Julho_2026.xlsx
SAO PAULO,SAO PAULO,02551,30,A_Frota_por_UF_Municipio_CEP_Julho_2026.xlsx
SAO PAULO,SAO PAULO,02552,40,A_Frota_por_UF_Municipio_CEP_Julho_2026.xlsx
SAO PAULO,SAO PAULO,02553,28,A_Frota_por_UF_Municipio_CEP_Julho_2026.xlsx
SAO PAULO,SAO PAULO,02554,31,A_Frota_por_UF_Municipio_CEP_Julho_2026.xlsx
SAO PAULO,SAO PAULO,02555,69,A_Frota_por_UF_Municipio_CEP_Julho_2026.xlsx
SAO PAULO,SAO PAULO,02556,27,A_Frota_por_UF_Municipio_CEP_Julho_2026.xlsx
SAO PAULO,SAO PAULO,02557,27,A_Frota_por_UF_Municipio_CEP_Julho_2026.xlsx
SAO PAULO,SAO PAULO,02558,28,A_Frota_por_UF_Municipio_CEP_Julho_2026.xlsx
SAO PAULO,SAO PAULO,02559,41,A_Frota_por_UF_Municipio_CEP_Julho_2026.xlsx
SAO PAULO,SAO PAULO,02560,42,A_Frota_por_UF_Municipio_CEP_Julho_2026.xlsx
SAO PAULO,SAO PAULO,02561,19,A_Frota_por_UF_Municipio_CEP_Julho_2026.xlsx
SAO PAULO,SAO PAULO,02562,42,A_Frota_por_UF_Municipio_CEP_Julho_2026.xlsx
SAO PAULO,SAO PAULO,02563,55,A_Frota_por_UF_Municipio_CEP_Julho_2026.xlsx
SAO PAULO,SAO PAULO,02564,26,A_Frota_por_UF_Municipio_CEP_Julho_2026.xlsx
SAO PAULO,SAO PAULO,02565,39,A_Frota_por_UF_Municipio_CEP_Julho_2026.xlsx
SAO PAULO,SAO PAULO,02566,41,A_Frota_por_UF_Municipio_CEP_Julho_2026.xlsx
SAO PAULO,SAO PAULO,02567,23,A_Frota_por_UF_Municipio_CEP_Julho_2026.xlsx
SAO PAULO,SAO PAULO,02577,1,A_Frota_por_UF_Municipio_CEP_Julho_2026.xlsx
SAO PAULO,SAO PAULO,02580,1,A_Frota_por_UF_Municipio_CEP_Julho_2026.xlsx
SAO PAULO,SAO PAULO,02587,1,A_Frota_por_UF_Municipio_CEP_Julho_2026.xlsx
SAO PAULO,SAO PAULO,02597,1,A_Frota_por_UF_Municipio_CEP_Julho_2026.xlsx
SAO PAULO,SAO PAULO,02610,31,A_Frota_por_UF_Municipio_CEP_Julho_2026.xlsx
SAO PAULO,SAO PAULO,02611,99,A_Frota_por_UF_Municipio_CEP_Julho_2026.xlsx
SAO PAULO,SAO PAULO,02612,38,A_Frota_por_UF_Municipio_CEP_Julho_2026.xlsx
SAO PAULO,SAO PAULO,02613,38,A_Frota_por_UF_Municipio_CEP_Julho_2026.xlsx
SAO PAULO,SAO PAULO,02614,33,A_Frota_por_UF_Municipio_CEP_Julho_2026.xlsx
SAO PAULO,SAO PAULO,02615,59,A_Frota_por_UF_Municipio_CEP_Julho_2026.xlsx
SAO PAULO,SAO PAULO,02616,44,A_Frota_por_UF_Municipio_CEP_Julho_2026.xlsx
SAO PAULO,SAO PAULO,02617,64,A_Frota_por_UF_Municipio_CEP_Julho_2026.xlsx
SAO PAULO,SAO PAULO,02618,88,A_Frota_por_UF_Municipio_CEP_Julho_2026.xlsx
SAO PAULO,SAO PAULO,02622,1,A_Frota_por_UF_Municipio_CEP_Julho_2026.xlsx
SAO PAULO,SAO PAULO,02630,10,A_Frota_por_UF_Municipio_CEP_Julho_2026.xlsx
SAO PAULO,SAO PAULO,02631,5,A_Frota_por_UF_Municipio_CEP_Julho_2026.xlsx
SAO PAULO,SAO PAULO,02632,35,A_Frota_por_UF_Municipio_CEP_Julho_2026.xlsx
SAO PAULO,SAO PAULO,02633,30,A_Frota_por_UF_Municipio_CEP_Julho_2026.xlsx
SAO PAULO,SAO PAULO,02634,65,A_Frota_por_UF_Municipio_CEP_Julho_2026.xlsx
SAO PAULO,SAO PAULO,02635,39,A_Frota_por_UF_Municipio_CEP_Julho_2026.xlsx
SAO PAULO,SAO PAULO,02636,25,A_Frota_por_UF_Municipio_CEP_Julho_2026.xlsx
SAO PAULO,SAO PAULO,02637,18,A_Frota_por_UF_Municipio_CEP_Julho_2026.xlsx
SAO PAULO,SAO PAULO,02639,1,A_Frota_por_UF_Municipio_CEP_Julho_2026.xlsx
SAO PAULO,SAO PAULO,02640,1,A_Frota_por_UF_Municipio_CEP_Julho_2026.xlsx
SAO PAULO,SAO PAULO,02641,1,A_Frota_por_UF_Municipio_CEP_Julho_2026.xlsx
SAO PAULO,SAO PAULO,02649,43,A_Frota_por_UF_Municipio_CEP_Julho_2026.xlsx
SAO PAULO,SAO PAULO,02650,34,A_Frota_por_UF_Municipio_CEP_Julho_2026.xlsx
SAO PAULO,SAO PAULO,02651,25,A_Frota_por_UF_Municipio_CEP_Julho_2026.xlsx
SAO PAULO,SAO PAULO,02652,95,A_Frota_por_UF_Municipio_CEP_Julho_2026.xlsx
SAO PAULO,SAO PAULO,02653,2,A_Frota_por_UF_Municipio_CEP_Julho_2026.xlsx
SAO PAULO,SAO PAULO,02655,1,A_Frota_por_UF_Municipio_CEP_Julho_2026.xlsx
SAO PAULO,SAO PAULO,02670,28,A_Frota_por_UF_Municipio_CEP_Julho_2026.xlsx
SAO PAULO,SAO PAULO,02671,50,A_Frota_por_UF_Municipio_CEP_Julho_2026.xlsx
SAO PAULO,SAO PAULO,02672,48,A_Frota_por_UF_Municipio_CEP_Julho_2026.xlsx
SAO PAULO,SAO PAULO,02673,59,A_Frota_por_UF_Municipio_CEP_Julho_2026.xlsx
SAO PAULO,SAO PAULO,02674,53,A_Frota_por_UF_Municipio_CEP_Julho_2026.xlsx
SAO PAULO,SAO PAULO,02675,53,A_Frota_por_UF_Municipio_CEP_Julho_2026.xlsx
SAO PAULO,SAO PAULO,02676,38,A_Frota_por_UF_Municipio_CEP_Julho_2026.xlsx
SAO PAULO,SAO PAULO,02677,11,A_Frota_por_UF_Municipio_CEP_Julho_2026.xlsx
SAO PAULO,SAO PAULO,02678,31,A_Frota_por_UF_Municipio_CEP_Julho_2026.xlsx
SAO PAULO,SAO PAULO,02679,60,A_Frota_por_UF_Municipio_CEP_Julho_2026.xlsx
SAO PAULO,SAO PAULO,02680,1,A_Frota_por_UF_Municipio_CEP_Julho_2026.xlsx
SAO PAULO,SAO PAULO,02682,1,A_Frota_por_UF_Municipio_CEP_Julho_2026.xlsx
SAO PAULO,SAO PAULO,02693,1,A_Frota_por_UF_Municipio_CEP_Julho_2026.xlsx
SAO PAULO,SAO PAULO,02700,1,A_Frota_por_UF_Municipio_CEP_Julho_2026.xlsx
SAO PAULO,SAO PAULO,02701,8,A_Frota_por_UF_Municipio_CEP_Julho_2026.xlsx
SAO PAULO,SAO PAULO,02710,76,A_Frota_por_UF_Municipio_CEP_Julho_2026.xlsx
SAO PAULO,SAO PAULO,02712,46,A_Frota_por_UF_Municipio_CEP_Julho_2026.xlsx
SAO PAULO,SAO PAULO,02713,20,A_Frota_por_UF_Municipio_CEP_Julho_2026.xlsx
SAO PAULO,SAO PAULO,02714,33,A_Frota_por_UF_Municipio_CEP_Julho_2026.xlsx
SAO PAULO,SAO PAULO,02715,31,A_Frota_por_UF_Municipio_CEP_Julho_2026.xlsx
SAO PAULO,SAO PAULO,02716,21,A_Frota_por_UF_Municipio_CEP_Julho_2026.xlsx
SAO PAULO,SAO PAULO,02717,12,A_Frota_por_UF_Municipio_CEP_Julho_2026.xlsx
SAO PAULO,SAO PAULO,02720,17,A_Frota_por_UF_Municipio_CEP_Julho_2026.xlsx
SAO PAULO,SAO PAULO,02721,90,A_Frota_por_UF_Municipio_CEP_Julho_2026.xlsx
SAO PAULO,SAO PAULO,02722,87,A_Frota_por_UF_Municipio_CEP_Julho_2026.xlsx
SAO PAULO,SAO PAULO,02723,43,A_Frota_por_UF_Municipio_CEP_Julho_2026.xlsx
SAO PAULO,SAO PAULO,02724,28,A_Frota_por_UF_Municipio_CEP_Julho_2026.xlsx
SAO PAULO,SAO PAULO,02725,28,A_Frota_por_UF_Municipio_CEP_Julho_2026.xlsx
SAO PAULO,SAO PAULO,02726,36,A_Frota_por_UF_Municipio_CEP_Julho_2026.xlsx
SAO PAULO,SAO PAULO,02727,28,A_Frota_por_UF_Municipio_CEP_Julho_2026.xlsx
SAO PAULO,SAO PAULO,02728,48,A_Frota_por_UF_Municipio_CEP_Julho_2026.xlsx
SAO PAULO,SAO PAULO,02729,8,A_Frota_por_UF_Municipio_CEP_Julho_2026.xlsx
SAO PAULO,SAO PAULO,02730,39,A_Frota_por_UF_Municipio_CEP_Julho_2026.xlsx
SAO PAULO,SAO PAULO,02731,31,A_Frota_por_UF_Municipio_CEP_Julho_2026.xlsx
SAO PAULO,SAO PAULO,02732,22,A_Frota_por_UF_Municipio_CEP_Julho_2026.xlsx
SAO PAULO,SAO PAULO,02733,41,A_Frota_por_UF_Municipio_CEP_Julho_2026.xlsx
SAO PAULO,SAO PAULO,02734,29,A_Frota_por_UF_Municipio_CEP_Julho_2026.xlsx
SAO PAULO,SAO PAULO,02735,24,A_Frota_por_UF_Municipio_CEP_Julho_2026.xlsx
SAO PAULO,SAO PAULO,02736,23,A_Frota_por_UF_Municipio_CEP_Julho_2026.xlsx
SAO PAULO,SAO PAULO,02737,28,A_Frota_por_UF_Municipio_CEP_Julho_2026.xlsx
SAO PAULO,SAO PAULO,02738,33,A_Frota_por_UF_Municipio_CEP_Julho_2026.xlsx
SAO PAULO,SAO PAULO,02739,23,A_Frota_por_UF_Municipio_CEP_Julho_2026.xlsx
SAO PAULO,SAO PAULO,02740,1,A_Frota_por_UF_Municipio_CEP_Julho_2026.xlsx
SAO PAULO,SAO PAULO,02750,16,A_Frota_por_UF_Municipio_CEP_Julho_2026.xlsx
SAO PAULO,SAO PAULO,02751,42,A_Frota_por_UF_Municipio_CEP_Julho_2026.xlsx
SAO PAULO,SAO PAULO,02752,37,A_Frota_por_UF_Municipio_CEP_Julho_2026.xlsx
SAO PAULO,SAO PAULO,02753,6,A_Frota_por_UF_Municipio_CEP_Julho_2026.xlsx
SAO PAULO,SAO PAULO,02754,21,A_Frota_por_UF_Municipio_CEP_Julho_2026.xlsx
SAO PAULO,SAO PAULO,02755,37,A_Frota_por_UF_Municipio_CEP_Julho_2026.xlsx
SAO PAULO,SAO PAULO,02756,26,A_Frota_por_UF_Municipio_CEP_Julho_2026.xlsx
SAO PAULO,SAO PAULO,02757,34,A_Frota_por_UF_Municipio_CEP_Julho_2026.xlsx
SAO PAULO,SAO PAULO,02758,25,A_Frota_por_UF_Municipio_CEP_Julho_2026.xlsx
SAO PAULO,SAO PAULO,02759,68,A_Frota_por_UF_Municipio_CEP_Julho_2026.xlsx
SAO PAULO,SAO PAULO,02760,15,A_Frota_por_UF_Municipio_CEP_Julho_2026.xlsx
SAO PAULO,SAO PAULO,02762,23,A_Frota_por_UF_Municipio_CEP_Julho_2026.xlsx
SAO PAULO,SAO PAULO,02763,24,A_Frota_por_UF_Municipio_CEP_Julho_2026.xlsx
SAO PAULO,SAO PAULO,02764,39,A_Frota_por_UF_Municipio_CEP_Julho_2026.xlsx
SAO PAULO,SAO PAULO,02765,26,A_Frota_por_UF_Municipio_CEP_Julho_2026.xlsx
SAO PAULO,SAO PAULO,02767,1,A_Frota_por_UF_Municipio_CEP_Julho_2026.xlsx
SAO PAULO,SAO PAULO,02770,1,A_Frota_por_UF_Municipio_CEP_Julho_2026.xlsx
SAO PAULO,SAO PAULO,02772,1,A_Frota_por_UF_Municipio_CEP_Julho_2026.xlsx
SAO PAULO,SAO PAULO,02790,1,A_Frota_por_UF_Municipio_CEP_Julho_2026.xlsx
SAO PAULO,SAO PAULO,02800,10,A_Frota_por_UF_Municipio_CEP_Julho_2026.xlsx
SAO PAULO,SAO PAULO,02801,30,A_Frota_por_UF_Municipio_CEP_Julho_2026.xlsx
SAO PAULO,SAO PAULO,02802,53,A_Frota_por_UF_Municipio_CEP_Julho_2026.xlsx
SAO PAULO,SAO PAULO,02803,16,A_Frota_por_UF_Municipio_CEP_Julho_2026.xlsx
SAO PAULO,SAO PAULO,02804,34,A_Frota_por_UF_Municipio_CEP_Julho_2026.xlsx
SAO PAULO,SAO PAULO,02805,44,A_Frota_por_UF_Municipio_CEP_Julho_2026.xlsx
SAO PAULO,SAO PAULO,02806,54,A_Frota_por_UF_Municipio_CEP_Julho_2026.xlsx
SAO PAULO,SAO PAULO,02807,35,A_Frota_por_UF_Municipio_CEP_Julho_2026.xlsx
SAO PAULO,SAO PAULO,02808,27,A_Frota_por_UF_Municipio_CEP_Julho_2026.xlsx
SAO PAULO,SAO PAULO,02809,35,A_Frota_por_UF_Municipio_CEP_Julho_2026.xlsx
SAO PAULO,SAO PAULO,02810,33,A_Frota_por_UF_Municipio_CEP_Julho_2026.xlsx
SAO PAULO,SAO PAULO,02811,19,A_Frota_por_UF_Municipio_CEP_Julho_2026.xlsx
SAO PAULO,SAO PAULO,02812,42,A_Frota_por_UF_Municipio_CEP_Julho_2026.xlsx
SAO PAULO,SAO PAULO,02813,39,A_Frota_por_UF_Municipio_CEP_Julho_2026.xlsx
SAO PAULO,SAO PAULO,02814,50,A_Frota_por_UF_Municipio_CEP_Julho_2026.xlsx
SAO PAULO,SAO PAULO,02815,89,A_Frota_por_UF_Municipio_CEP_Julho_2026.xlsx
SAO PAULO,SAO PAULO,02816,7,A_Frota_por_UF_Municipio_CEP_Julho_2026.xlsx
SAO PAULO,SAO PAULO,02817,3,A_Frota_por_UF_Municipio_CEP_Julho_2026.xlsx
SAO PAULO,SAO PAULO,02820,51,A_Frota_por_UF_Municipio_CEP_Julho_2026.xlsx
SAO PAULO,SAO PAULO,02825,1,A_Frota_por_UF_Municipio_CEP_Julho_2026.xlsx
SAO PAULO,SAO PAULO,02828,1,A_Frota_por_UF_Municipio_CEP_Julho_2026.xlsx
SAO PAULO,SAO PAULO,02831,17,A_Frota_por_UF_Municipio_CEP_Julho_2026.xlsx
SAO PAULO,SAO PAULO,02832,41,A_Frota_por_UF_Municipio_CEP_Julho_2026.xlsx
SAO PAULO,SAO PAULO,02833,10,A_Frota_por_UF_Municipio_CEP_Julho_2026.xlsx
SAO PAULO,SAO PAULO,02834,36,A_Frota_por_UF_Municipio_CEP_Julho_2026.xlsx
SAO PAULO,SAO PAULO,02835,21,A_Frota_por_UF_Municipio_CEP_Julho_2026.xlsx
SAO PAULO,SAO PAULO,02836,33,A_Frota_por_UF_Municipio_CEP_Julho_2026.xlsx
SAO PAULO,SAO PAULO,02837,44,A_Frota_por_UF_Municipio_CEP_Julho_2026.xlsx
SAO PAULO,SAO PAULO,02839,28,A_Frota_por_UF_Municipio_CEP_Julho_2026.xlsx
SAO PAULO,SAO PAULO,02840,39,A_Frota_por_UF_Municipio_CEP_Julho_2026.xlsx
SAO PAULO,SAO PAULO,02841,46,A_Frota_por_UF_Municipio_CEP_Julho_2026.xlsx
SAO PAULO,SAO PAULO,02842,123,A_Frota_por_UF_Municipio_CEP_Julho_2026.xlsx
SAO PAULO,SAO PAULO,02844,53,A_Frota_por_UF_Municipio_CEP_Julho_2026.xlsx
SAO PAULO,SAO PAULO,02845,39,A_Frota_por_UF_Municipio_CEP_Julho_2026.xlsx
SAO PAULO,SAO PAULO,02846,102,A_Frota_por_UF_Municipio_CEP_Julho_2026.xlsx
SAO PAULO,SAO PAULO,02847,30,A_Frota_por_UF_Municipio_CEP_Julho_2026.xlsx
SAO PAULO,SAO PAULO,02848,27,A_Frota_por_UF_Municipio_CEP_Julho_2026.xlsx
SAO PAULO,SAO PAULO,02849,34,A_Frota_por_UF_Municipio_CEP_Julho_2026.xlsx
SAO PAULO,SAO PAULO,02850,48,A_Frota_por_UF_Municipio_CEP_Julho_2026.xlsx
SAO PAULO,SAO PAULO,02851,56,A_Frota_por_UF_Municipio_CEP_Julho_2026.xlsx
SAO PAULO,SAO PAULO,02853,20,A_Frota_por_UF_Municipio_CEP_Julho_2026.xlsx
SAO PAULO,SAO PAULO,02854,19,A_Frota_por_UF_Municipio_CEP_Julho_2026.xlsx
SAO PAULO,SAO PAULO,02855,65,A_Frota_por_UF_Municipio_CEP_Julho_2026.xlsx
SAO PAULO,SAO PAULO,02856,35,A_Frota_por_UF_Municipio_CEP_Julho_2026.xlsx
SAO PAULO,SAO PAULO,02859,61,A_Frota_por_UF_Municipio_CEP_Julho_2026.xlsx
SAO PAULO,SAO PAULO,02860,117,A_Frota_por_UF_Municipio_CEP_Julho_2026.xlsx
SAO PAULO,SAO PAULO,02861,25,A_Frota_por_UF_Municipio_CEP_Julho_2026.xlsx
SAO PAULO,SAO PAULO,02862,23,A_Frota_por_UF_Municipio_CEP_Julho_2026.xlsx
SAO PAULO,SAO PAULO,02863,32,A_Frota_por_UF_Municipio_CEP_Julho_2026.xlsx
SAO PAULO,SAO PAULO,02864,21,A_Frota_por_UF_Municipio_CEP_Julho_2026.xlsx
SAO PAULO,SAO PAULO,02865,28,A_Frota_por_UF_Municipio_CEP_Julho_2026.xlsx
SAO PAULO,SAO PAULO,02866,74,A_Frota_por_UF_Municipio_CEP_Julho_2026.xlsx
SAO PAULO,SAO PAULO,02867,32,A_Frota_por_UF_Municipio_CEP_Julho_2026.xlsx
SAO PAULO,SAO PAULO,02870,42,A_Frota_por_UF_Municipio_CEP_Julho_2026.xlsx
SAO PAULO,SAO PAULO,02871,51,A_Frota_por_UF_Municipio_CEP_Julho_2026.xlsx
SAO PAULO,SAO PAULO,02872,11,A_Frota_por_UF_Municipio_CEP_Julho_2026.xlsx
SAO PAULO,SAO PAULO,02873,127,A_Frota_por_UF_Municipio_CEP_Julho_2026.xlsx
SAO PAULO,SAO PAULO,02874,49,A_Frota_por_UF_Municipio_CEP_Julho_2026.xlsx
SAO PAULO,SAO PAULO,02875,18,A_Frota_por_UF_Municipio_CEP_Julho_2026.xlsx
SAO PAULO,SAO PAULO,02876,1,A_Frota_por_UF_Municipio_CEP_Julho_2026.xlsx
SAO PAULO,SAO PAULO,02877,30,A_Frota_por_UF_Municipio_CEP_Julho_2026.xlsx
SAO PAULO,SAO PAULO,02878,121,A_Frota_por_UF_Municipio_CEP_Julho_2026.xlsx
SAO PAULO,SAO PAULO,02879,85,A_Frota_por_UF_Municipio_CEP_Julho_2026.xlsx
SAO PAULO,SAO PAULO,02880,21,A_Frota_por_UF_Municipio_CEP_Julho_2026.xlsx
SAO PAULO,SAO PAULO,02881,31,A_Frota_por_UF_Municipio_CEP_Julho_2026.xlsx
SAO PAULO,SAO PAULO,02882,49,A_Frota_por_UF_Municipio_CEP_Julho_2026.xlsx
SAO PAULO,SAO PAULO,02883,36,A_Frota_por_UF_Municipio_CEP_Julho_2026.xlsx
SAO PAULO,SAO PAULO,02888,1,A_Frota_por_UF_Municipio_CEP_Julho_2026.xlsx
SAO PAULO,SAO PAULO,02898,1,A_Frota_por_UF_Municipio_CEP_Julho_2026.xlsx
SAO PAULO,SAO PAULO,02901,4,A_Frota_por_UF_Municipio_CEP_Julho_2026.xlsx
SAO PAULO,SAO PAULO,02902,1,A_Frota_por_UF_Municipio_CEP_Julho_2026.xlsx
SAO PAULO,SAO PAULO,02910,24,A_Frota_por_UF_Municipio_CEP_Julho_2026.xlsx
SAO PAULO,SAO PAULO,02911,37,A_Frota_por_UF_Municipio_CEP_Julho_2026.xlsx
SAO PAULO,SAO PAULO,02912,40,A_Frota_por_UF_Municipio_CEP_Julho_2026.xlsx
SAO PAULO,SAO PAULO,02913,30,A_Frota_por_UF_Municipio_CEP_Julho_2026.xlsx
SAO PAULO,SAO PAULO,02914,25,A_Frota_por_UF_Municipio_CEP_Julho_2026.xlsx
SAO PAULO,SAO PAULO,02915,36,A_Frota_por_UF_Municipio_CEP_Julho_2026.xlsx
SAO PAULO,SAO PAULO,02916,14,A_Frota_por_UF_Municipio_CEP_Julho_2026.xlsx
SAO PAULO,SAO PAULO,02917,16,A_Frota_por_UF_Municipio_CEP_Julho_2026.xlsx
SAO PAULO,SAO PAULO,02918,34,A_Frota_por_UF_Municipio_CEP_Julho_2026.xlsx
SAO PAULO,SAO PAULO,02919,35,A_Frota_por_UF_Municipio_CEP_Julho_2026.xlsx
SAO PAULO,SAO PAULO,02920,37,A_Frota_por_UF_Municipio_CEP_Julho_2026.xlsx
SAO PAULO,SAO PAULO,02921,1,A_Frota_por_UF_Municipio_CEP_Julho_2026.xlsx
SAO PAULO,SAO PAULO,02924,21,A_Frota_por_UF_Municipio_CEP_Julho_2026.xlsx
SAO PAULO,SAO PAULO,02925,80,A_Frota_por_UF_Municipio_CEP_Julho_2026.xlsx
SAO PAULO,SAO PAULO,02926,24,A_Frota_por_UF_Municipio_CEP_Julho_2026.xlsx
SAO PAULO,SAO PAULO,02927,32,A_Frota_por_UF_Municipio_CEP_Julho_2026.xlsx
SAO PAULO,SAO PAULO,02928,22,A_Frota_por_UF_Municipio_CEP_Julho_2026.xlsx
SAO PAULO,SAO PAULO,02929,33,A_Frota_por_UF_Municipio_CEP_Julho_2026.xlsx
SAO PAULO,SAO PAULO,02930,26,A_Frota_por_UF_Municipio_CEP_Julho_2026.xlsx
SAO PAULO,SAO PAULO,02931,34,A_Frota_por_UF_Municipio_CEP_Julho_2026.xlsx
SAO PAULO,SAO PAULO,02932,38,A_Frota_por_UF_Municipio_CEP_Julho_2026.xlsx
SAO PAULO,SAO PAULO,02933,30,A_Frota_por_UF_Municipio_CEP_Julho_2026.xlsx
SAO PAULO,SAO PAULO,02934,41,A_Frota_por_UF_Municipio_CEP_Julho_2026.xlsx
SAO PAULO,SAO PAULO,02935,30,A_Frota_por_UF_Municipio_CEP_Julho_2026.xlsx
SAO PAULO,SAO PAULO,02936,43,A_Frota_por_UF_Municipio_CEP_Julho_2026.xlsx
SAO PAULO,SAO PAULO,02937,39,A_Frota_por_UF_Municipio_CEP_Julho_2026.xlsx
SAO PAULO,SAO PAULO,02938,92,A_Frota_por_UF_Municipio_CEP_Julho_2026.xlsx
SAO PAULO,SAO PAULO,02939,12,A_Frota_por_UF_Municipio_CEP_Julho_2026.xlsx
SAO PAULO,SAO PAULO,02940,21,A_Frota_por_UF_Municipio_CEP_Julho_2026.xlsx
SAO PAULO,SAO PAULO,02941,15,A_Frota_por_UF_Municipio_CEP_Julho_2026.xlsx
SAO PAULO,SAO PAULO,02942,23,A_Frota_por_UF_Municipio_CEP_Julho_2026.xlsx
SAO PAULO,SAO PAULO,02943,15,A_Frota_por_UF_Municipio_CEP_Julho_2026.xlsx
SAO PAULO,SAO PAULO,02944,18,A_Frota_por_UF_Municipio_CEP_Julho_2026.xlsx
SAO PAULO,SAO PAULO,02945,26,A_Frota_por_UF_Municipio_CEP_Julho_2026.xlsx
SAO PAULO,SAO PAULO,02946,1,A_Frota_por_UF_Municipio_CEP_Julho_2026.xlsx
SAO PAULO,SAO PAULO,02950,9,A_Frota_por_UF_Municipio_CEP_Julho_2026.xlsx
SAO PAULO,SAO PAULO,02951,46,A_Frota_por_UF_Municipio_CEP_Julho_2026.xlsx
SAO PAULO,SAO PAULO,02952,42,A_Frota_por_UF_Municipio_CEP_Julho_2026.xlsx
SAO PAULO,SAO PAULO,02955,27,A_Frota_por_UF_Municipio_CEP_Julho_2026.xlsx
SAO PAULO,SAO PAULO,02956,15,A_Frota_por_UF_Municipio_CEP_Julho_2026.xlsx
SAO PAULO,SAO PAULO,02957,27,A_Frota_por_UF_Municipio_CEP_Julho_2026.xlsx
SAO PAULO,SAO PAULO,02959,34,A_Frota_por_UF_Municipio_CEP_Julho_2026.xlsx
SAO PAULO,SAO PAULO,02960,32,A_Frota_por_UF_Municipio_CEP_Julho_2026.xlsx
SAO PAULO,SAO PAULO,02961,42,A_Frota_por_UF_Municipio_CEP_Julho_2026.xlsx
SAO PAULO,SAO PAULO,02962,47,A_Frota_por_UF_Municipio_CEP_Julho_2026.xlsx
SAO PAULO,SAO PAULO,02963,24,A_Frota_por_UF_Municipio_CEP_Julho_2026.xlsx
SAO PAULO,SAO PAULO,02964,35,A_Frota_por_UF_Municipio_CEP_Julho_2026.xlsx
SAO PAULO,SAO PAULO,02965,36,A_Frota_por_UF_Municipio_CEP_Julho_2026.xlsx
SAO PAULO,SAO PAULO,02966,8,A_Frota_por_UF_Municipio_CEP_Julho_2026.xlsx
SAO PAULO,SAO PAULO,02967,56,A_Frota_por_UF_Municipio_CEP_Julho_2026.xlsx
SAO PAULO,SAO PAULO,02968,37,A_Frota_por_UF_Municipio_CEP_Julho_2026.xlsx
SAO PAULO,SAO PAULO,02969,36,A_Frota_por_UF_Municipio_CEP_Julho_2026.xlsx
SAO PAULO,SAO PAULO,02970,14,A_Frota_por_UF_Municipio_CEP_Julho_2026.xlsx
SAO PAULO,SAO PAULO,02971,19,A_Frota_por_UF_Municipio_CEP_Julho_2026.xlsx
SAO PAULO,SAO PAULO,02972,14,A_Frota_por_UF_Municipio_CEP_Julho_2026.xlsx
SAO PAULO,SAO PAULO,02975,35,A_Frota_por_UF_Municipio_CEP_Julho_2026.xlsx
SAO PAULO,SAO PAULO,02976,58,A_Frota_por_UF_Municipio_CEP_Julho_2026.xlsx
SAO PAULO,SAO PAULO,02977,60,A_Frota_por_UF_Municipio_CEP_Julho_2026.xlsx
SAO PAULO,SAO PAULO,02978,13,A_Frota_por_UF_Municipio_CEP_Julho_2026.xlsx
SAO PAULO,SAO PAULO,02979,31,A_Frota_por_UF_Municipio_CEP_Julho_2026.xlsx
SAO PAULO,SAO PAULO,02981,19,A_Frota_por_UF_Municipio_CEP_Julho_2026.xlsx
SAO PAULO,SAO PAULO,02982,57,A_Frota_por_UF_Municipio_CEP_Julho_2026.xlsx
SAO PAULO,SAO PAULO,02983,22,A_Frota_por_UF_Municipio_CEP_Julho_2026.xlsx
SAO PAULO,SAO PAULO,02984,22,A_Frota_por_UF_Municipio_CEP_Julho_2026.xlsx
SAO PAULO,SAO PAULO,02985,17,A_Frota_por_UF_Municipio_CEP_Julho_2026.xlsx
SAO PAULO,SAO PAULO,02986,42,A_Frota_por_UF_Municipio_CEP_Julho_2026.xlsx
SAO PAULO,SAO PAULO,02987,92,A_Frota_por_UF_Municipio_CEP_Julho_2026.xlsx
SAO PAULO,SAO PAULO,02988,8,A_Frota_por_UF_Municipio_CEP_Julho_2026.xlsx
SAO PAULO,SAO PAULO,02989,31,A_Frota_por_UF_Municipio_CEP_Julho_2026.xlsx
SAO PAULO,SAO PAULO,02990,91,A_Frota_por_UF_Municipio_CEP_Julho_2026.xlsx
SAO PAULO,SAO PAULO,02991,101,A_Frota_por_UF_Municipio_CEP_Julho_2026.xlsx
SAO PAULO,SAO PAULO,02992,91,A_Frota_por_UF_Municipio_CEP_Julho_2026.xlsx
SAO PAULO,SAO PAULO,02993,80,A_Frota_por_UF_Municipio_CEP_Julho_2026.xlsx
SAO PAULO,SAO PAULO,02994,22,A_Frota_por_UF_Municipio_CEP_Julho_2026.xlsx
SAO PAULO,SAO PAULO,02995,127,A_Frota_por_UF_Municipio_CEP_Julho_2026.xlsx
SAO PAULO,SAO PAULO,02996,46,A_Frota_por_UF_Municipio_CEP_Julho_2026.xlsx
SAO PAULO,SAO PAULO,02997,25,A_Frota_por_UF_Municipio_CEP_Julho_2026.xlsx
SAO PAULO,SAO PAULO,02998,83,A_Frota_por_UF_Municipio_CEP_Julho_2026.xlsx
SAO PAULO,SAO PAULO,03000,2,A_Frota_por_UF_Municipio_CEP_Julho_2026.xlsx
SAO PAULO,SAO PAULO,03001,20,A_Frota_por_UF_Municipio_CEP_Julho_2026.xlsx
SAO PAULO,SAO PAULO,03002,10,A_Frota_por_UF_Municipio_CEP_Julho_2026.xlsx
SAO PAULO,SAO PAULO,03003,13,A_Frota_por_UF_Municipio_CEP_Julho_2026.xlsx
SAO PAULO,SAO PAULO,03004,25,A_Frota_por_UF_Municipio_CEP_Julho_2026.xlsx
SAO PAULO,SAO PAULO,03005,32,A_Frota_por_UF_Municipio_CEP_Julho_2026.xlsx
SAO PAULO,SAO PAULO,03006,35,A_Frota_por_UF_Municipio_CEP_Julho_2026.xlsx
SAO PAULO,SAO PAULO,03007,40,A_Frota_por_UF_Municipio_CEP_Julho_2026.xlsx
SAO PAULO,SAO PAULO,03008,26,A_Frota_por_UF_Municipio_CEP_Julho_2026.xlsx
SAO PAULO,SAO PAULO,03009,43,A_Frota_por_UF_Municipio_CEP_Julho_2026.xlsx
SAO PAULO,SAO PAULO,03010,40,A_Frota_por_UF_Municipio_CEP_Julho_2026.xlsx
SAO PAULO,SAO PAULO,03011,32,A_Frota_por_UF_Municipio_CEP_Julho_2026.xlsx
SAO PAULO,SAO PAULO,03012,26,A_Frota_por_UF_Municipio_CEP_Julho_2026.xlsx
SAO PAULO,SAO PAULO,03013,39,A_Frota_por_UF_Municipio_CEP_Julho_2026.xlsx
SAO PAULO,SAO PAULO,03014,37,A_Frota_por_UF_Municipio_CEP_Julho_2026.xlsx
SAO PAULO,SAO PAULO,03015,52,A_Frota_por_UF_Municipio_CEP_Julho_2026.xlsx
SAO PAULO,SAO PAULO,03016,29,A_Frota_por_UF_Municipio_CEP_Julho_2026.xlsx
SAO PAULO,SAO PAULO,03017,48,A_Frota_por_UF_Municipio_CEP_Julho_2026.xlsx
SAO PAULO,SAO PAULO,03018,32,A_Frota_por_UF_Municipio_CEP_Julho_2026.xlsx
SAO PAULO,SAO PAULO,03019,44,A_Frota_por_UF_Municipio_CEP_Julho_2026.xlsx
SAO PAULO,SAO PAULO,03020,24,A_Frota_por_UF_Municipio_CEP_Julho_2026.xlsx
SAO PAULO,SAO PAULO,03021,31,A_Frota_por_UF_Municipio_CEP_Julho_2026.xlsx
SAO PAULO,SAO PAULO,03022,46,A_Frota_por_UF_Municipio_CEP_Julho_2026.xlsx
SAO PAULO,SAO PAULO,03023,38,A_Frota_por_UF_Municipio_CEP_Julho_2026.xlsx
SAO PAULO,SAO PAULO,03024,32,A_Frota_por_UF_Municipio_CEP_Julho_2026.xlsx
SAO PAULO,SAO PAULO,03025,43,A_Frota_por_UF_Municipio_CEP_Julho_2026.xlsx
SAO PAULO,SAO PAULO,03026,29,A_Frota_por_UF_Municipio_CEP_Julho_2026.xlsx
SAO PAULO,SAO PAULO,03027,38,A_Frota_por_UF_Municipio_CEP_Julho_2026.xlsx
SAO PAULO,SAO PAULO,03028,30,A_Frota_por_UF_Municipio_CEP_Julho_2026.xlsx
SAO PAULO,SAO PAULO,03029,32,A_Frota_por_UF_Municipio_CEP_Julho_2026.xlsx
SAO PAULO,SAO PAULO,03030,25,A_Frota_por_UF_Municipio_CEP_Julho_2026.xlsx
SAO PAULO,SAO PAULO,03031,14,A_Frota_por_UF_Municipio_CEP_Julho_2026.xlsx
SAO PAULO,SAO PAULO,03032,24,A_Frota_por_UF_Municipio_CEP_Julho_2026.xlsx
SAO PAULO,SAO PAULO,03033,42,A_Frota_por_UF_Municipio_CEP_Julho_2026.xlsx
SAO PAULO,SAO PAULO,03034,43,A_Frota_por_UF_Municipio_CEP_Julho_2026.xlsx
SAO PAULO,SAO PAULO,03035,18,A_Frota_por_UF_Municipio_CEP_Julho_2026.xlsx
SAO PAULO,SAO PAULO,03036,4,A_Frota_por_UF_Municipio_CEP_Julho_2026.xlsx
SAO PAULO,SAO PAULO,03040,77,A_Frota_por_UF_Municipio_CEP_Julho_2026.xlsx
SAO PAULO,SAO PAULO,03041,57,A_Frota_por_UF_Municipio_CEP_Julho_2026.xlsx
SAO PAULO,SAO PAULO,03042,34,A_Frota_por_UF_Municipio_CEP_Julho_2026.xlsx
SAO PAULO,SAO PAULO,03043,24,A_Frota_por_UF_Municipio_CEP_Julho_2026.xlsx
SAO PAULO,SAO PAULO,03044,13,A_Frota_por_UF_Municipio_CEP_Julho_2026.xlsx
SAO PAULO,SAO PAULO,03045,33,A_Frota_por_UF_Municipio_CEP_Julho_2026.xlsx
SAO PAULO,SAO PAULO,03047,48,A_Frota_por_UF_Municipio_CEP_Julho_2026.xlsx
SAO PAULO,SAO PAULO,03048,3,A_Frota_por_UF_Municipio_CEP_Julho_2026.xlsx
SAO PAULO,SAO PAULO,03050,45,A_Frota_por_UF_Municipio_CEP_Julho_2026.xlsx
SAO PAULO,SAO PAULO,03051,24,A_Frota_por_UF_Municipio_CEP_Julho_2026.xlsx
SAO PAULO,SAO PAULO,03052,69,A_Frota_por_UF_Municipio_CEP_Julho_2026.xlsx
SAO PAULO,SAO PAULO,03053,29,A_Frota_por_UF_Municipio_CEP_Julho_2026.xlsx
SAO PAULO,SAO PAULO,03054,35,A_Frota_por_UF_Municipio_CEP_Julho_2026.xlsx
SAO PAULO,SAO PAULO,03055,35,A_Frota_por_UF_Municipio_CEP_Julho_2026.xlsx
SAO PAULO,SAO PAULO,03057,35,A_Frota_por_UF_Municipio_CEP_Julho_2026.xlsx
SAO PAULO,SAO PAULO,03058,67,A_Frota_por_UF_Municipio_CEP_Julho_2026.xlsx
SAO PAULO,SAO PAULO,03059,99,A_Frota_por_UF_Municipio_CEP_Julho_2026.xlsx
SAO PAULO,SAO PAULO,03060,59,A_Frota_por_UF_Municipio_CEP_Julho_2026.xlsx
SAO PAULO,SAO PAULO,03061,43,A_Frota_por_UF_Municipio_CEP_Julho_2026.xlsx
SAO PAULO,SAO PAULO,03062,39,A_Frota_por_UF_Municipio_CEP_Julho_2026.xlsx
SAO PAULO,SAO PAULO,03063,51,A_Frota_por_UF_Municipio_CEP_Julho_2026.xlsx
SAO PAULO,SAO PAULO,03064,45,A_Frota_por_UF_Municipio_CEP_Julho_2026.xlsx
SAO PAULO,SAO PAULO,03065,49,A_Frota_por_UF_Municipio_CEP_Julho_2026.xlsx
SAO PAULO,SAO PAULO,03066,30,A_Frota_por_UF_Municipio_CEP_Julho_2026.xlsx
SAO PAULO,SAO PAULO,03067,36,A_Frota_por_UF_Municipio_CEP_Julho_2026.xlsx
SAO PAULO,SAO PAULO,03068,18,A_Frota_por_UF_Municipio_CEP_Julho_2026.xlsx
SAO PAULO,SAO PAULO,03069,24,A_Frota_por_UF_Municipio_CEP_Julho_2026.xlsx
SAO PAULO,SAO PAULO,03070,18,A_Frota_por_UF_Municipio_CEP_Julho_2026.xlsx
SAO PAULO,SAO PAULO,03071,30,A_Frota_por_UF_Municipio_CEP_Julho_2026.xlsx
SAO PAULO,SAO PAULO,03072,12,A_Frota_por_UF_Municipio_CEP_Julho_2026.xlsx
SAO PAULO,SAO PAULO,03073,19,A_Frota_por_UF_Municipio_CEP_Julho_2026.xlsx
SAO PAULO,SAO PAULO,03074,35,A_Frota_por_UF_Municipio_CEP_Julho_2026.xlsx
SAO PAULO,SAO PAULO,03076,8,A_Frota_por_UF_Municipio_CEP_Julho_2026.xlsx
SAO PAULO,SAO PAULO,03077,69,A_Frota_por_UF_Municipio_CEP_Julho_2026.xlsx
SAO PAULO,SAO PAULO,03078,2,A_Frota_por_UF_Municipio_CEP_Julho_2026.xlsx
SAO PAULO,SAO PAULO,03080,48,A_Frota_por_UF_Municipio_CEP_Julho_2026.xlsx
SAO PAULO,SAO PAULO,03081,59,A_Frota_por_UF_Municipio_CEP_Julho_2026.xlsx
SAO PAULO,SAO PAULO,03084,44,A_Frota_por_UF_Municipio_CEP_Julho_2026.xlsx
SAO PAULO,SAO PAULO,03085,22,A_Frota_por_UF_Municipio_CEP_Julho_2026.xlsx
SAO PAULO,SAO PAULO,03086,53,A_Frota_por_UF_Municipio_CEP_Julho_2026.xlsx
SAO PAULO,SAO PAULO,03087,47,A_Frota_por_UF_Municipio_CEP_Julho_2026.xlsx
SAO PAULO,SAO PAULO,03088,37,A_Frota_por_UF_Municipio_CEP_Julho_2026.xlsx
SAO PAULO,SAO PAULO,03089,31,A_Frota_por_UF_Municipio_CEP_Julho_2026.xlsx
SAO PAULO,SAO PAULO,03090,76,A_Frota_por_UF_Municipio_CEP_Julho_2026.xlsx
SAO PAULO,SAO PAULO,03092,1,A_Frota_por_UF_Municipio_CEP_Julho_2026.xlsx
SAO PAULO,SAO PAULO,03100,5,A_Frota_por_UF_Municipio_CEP_Julho_2026.xlsx
SAO PAULO,SAO PAULO,03101,27,A_Frota_por_UF_Municipio_CEP_Julho_2026.xlsx
SAO PAULO,SAO PAULO,03102,39,A_Frota_por_UF_Municipio_CEP_Julho_2026.xlsx
SAO PAULO,SAO PAULO,03103,32,A_Frota_por_UF_Municipio_CEP_Julho_2026.xlsx
SAO PAULO,SAO PAULO,03104,51,A_Frota_por_UF_Municipio_CEP_Julho_2026.xlsx
SAO PAULO,SAO PAULO,03105,36,A_Frota_por_UF_Municipio_CEP_Julho_2026.xlsx
SAO PAULO,SAO PAULO,03106,33,A_Frota_por_UF_Municipio_CEP_Julho_2026.xlsx
SAO PAULO,SAO PAULO,03107,25,A_Frota_por_UF_Municipio_CEP_Julho_2026.xlsx
SAO PAULO,SAO PAULO,03108,8,A_Frota_por_UF_Municipio_CEP_Julho_2026.xlsx
SAO PAULO,SAO PAULO,03109,49,A_Frota_por_UF_Municipio_CEP_Julho_2026.xlsx
SAO PAULO,SAO PAULO,03110,32,A_Frota_por_UF_Municipio_CEP_Julho_2026.xlsx
SAO PAULO,SAO PAULO,03111,52,A_Frota_por_UF_Municipio_CEP_Julho_2026.xlsx
SAO PAULO,SAO PAULO,03112,231,A_Frota_por_UF_Municipio_CEP_Julho_2026.xlsx
SAO PAULO,SAO PAULO,03113,46,A_Frota_por_UF_Municipio_CEP_Julho_2026.xlsx
SAO PAULO,SAO PAULO,03114,58,A_Frota_por_UF_Municipio_CEP_Julho_2026.xlsx
SAO PAULO,SAO PAULO,03115,52,A_Frota_por_UF_Municipio_CEP_Julho_2026.xlsx
SAO PAULO,SAO PAULO,03116,62,A_Frota_por_UF_Municipio_CEP_Julho_2026.xlsx
SAO PAULO,SAO PAULO,03117,19,A_Frota_por_UF_Municipio_CEP_Julho_2026.xlsx
SAO PAULO,SAO PAULO,03118,82,A_Frota_por_UF_Municipio_CEP_Julho_2026.xlsx
SAO PAULO,SAO PAULO,03119,46,A_Frota_por_UF_Municipio_CEP_Julho_2026.xlsx
SAO PAULO,SAO PAULO,03120,40,A_Frota_por_UF_Municipio_CEP_Julho_2026.xlsx
SAO PAULO,SAO PAULO,03121,50,A_Frota_por_UF_Municipio_CEP_Julho_2026.xlsx
SAO PAULO,SAO PAULO,03122,64,A_Frota_por_UF_Municipio_CEP_Julho_2026.xlsx
SAO PAULO,SAO PAULO,03123,33,A_Frota_por_UF_Municipio_CEP_Julho_2026.xlsx
SAO PAULO,SAO PAULO,03124,65,A_Frota_por_UF_Municipio_CEP_Julho_2026.xlsx
SAO PAULO,SAO PAULO,03125,53,A_Frota_por_UF_Municipio_CEP_Julho_2026.xlsx
SAO PAULO,SAO PAULO,03126,54,A_Frota_por_UF_Municipio_CEP_Julho_2026.xlsx
SAO PAULO,SAO PAULO,03127,85,A_Frota_por_UF_Municipio_CEP_Julho_2026.xlsx
SAO PAULO,SAO PAULO,03128,49,A_Frota_por_UF_Municipio_CEP_Julho_2026.xlsx
SAO PAULO,SAO PAULO,03129,27,A_Frota_por_UF_Municipio_CEP_Julho_2026.xlsx
SAO PAULO,SAO PAULO,03130,3,A_Frota_por_UF_Municipio_CEP_Julho_2026.xlsx
SAO PAULO,SAO PAULO,03131,77,A_Frota_por_UF_Municipio_CEP_Julho_2026.xlsx
SAO PAULO,SAO PAULO,03132,74,A_Frota_por_UF_Municipio_CEP_Julho_2026.xlsx
SAO PAULO,SAO PAULO,03133,41,A_Frota_por_UF_Municipio_CEP_Julho_2026.xlsx
SAO PAULO,SAO PAULO,03134,26,A_Frota_por_UF_Municipio_CEP_Julho_2026.xlsx
SAO PAULO,SAO PAULO,03135,28,A_Frota_por_UF_Municipio_CEP_Julho_2026.xlsx
SAO PAULO,SAO PAULO,03136,77,A_Frota_por_UF_Municipio_CEP_Julho_2026.xlsx
SAO PAULO,SAO PAULO,03137,64,A_Frota_por_UF_Municipio_CEP_Julho_2026.xlsx
SAO PAULO,SAO PAULO,03138,41,A_Frota_por_UF_Municipio_CEP_Julho_2026.xlsx
SAO PAULO,SAO PAULO,03139,27,A_Frota_por_UF_Municipio_CEP_Julho_2026.xlsx
SAO PAULO,SAO PAULO,03140,27,A_Frota_por_UF_Municipio_CEP_Julho_2026.xlsx
SAO PAULO,SAO PAULO,03141,39,A_Frota_por_UF_Municipio_CEP_Julho_2026.xlsx
SAO PAULO,SAO PAULO,03142,27,A_Frota_por_UF_Municipio_CEP_Julho_2026.xlsx
SAO PAULO,SAO PAULO,03143,24,A_Frota_por_UF_Municipio_CEP_Julho_2026.xlsx
SAO PAULO,SAO PAULO,03144,32,A_Frota_por_UF_Municipio_CEP_Julho_2026.xlsx
SAO PAULO,SAO PAULO,03145,32,A_Frota_por_UF_Municipio_CEP_Julho_2026.xlsx
SAO PAULO,SAO PAULO,03146,31,A_Frota_por_UF_Municipio_CEP_Julho_2026.xlsx
SAO PAULO,SAO PAULO,03147,32,A_Frota_por_UF_Municipio_CEP_Julho_2026.xlsx
SAO PAULO,SAO PAULO,03148,1,A_Frota_por_UF_Municipio_CEP_Julho_2026.xlsx
SAO PAULO,SAO PAULO,03149,17,A_Frota_por_UF_Municipio_CEP_Julho_2026.xlsx
SAO PAULO,SAO PAULO,03150,38,A_Frota_por_UF_Municipio_CEP_Julho_2026.xlsx
SAO PAULO,SAO PAULO,03151,16,A_Frota_por_UF_Municipio_CEP_Julho_2026.xlsx
SAO PAULO,SAO PAULO,03152,90,A_Frota_por_UF_Municipio_CEP_Julho_2026.xlsx
SAO PAULO,SAO PAULO,03153,33,A_Frota_por_UF_Municipio_CEP_Julho_2026.xlsx
SAO PAULO,SAO PAULO,03154,7,A_Frota_por_UF_Municipio_CEP_Julho_2026.xlsx
SAO PAULO,SAO PAULO,03155,43,A_Frota_por_UF_Municipio_CEP_Julho_2026.xlsx
SAO PAULO,SAO PAULO,03156,59,A_Frota_por_UF_Municipio_CEP_Julho_2026.xlsx
SAO PAULO,SAO PAULO,03157,28,A_Frota_por_UF_Municipio_CEP_Julho_2026.xlsx
SAO PAULO,SAO PAULO,03158,28,A_Frota_por_UF_Municipio_CEP_Julho_2026.xlsx
SAO PAULO,SAO PAULO,03159,15,A_Frota_por_UF_Municipio_CEP_Julho_2026.xlsx
SAO PAULO,SAO PAULO,03160,24,A_Frota_por_UF_Municipio_CEP_Julho_2026.xlsx
SAO PAULO,SAO PAULO,03161,33,A_Frota_por_UF_Municipio_CEP_Julho_2026.xlsx
SAO PAULO,SAO PAULO,03162,38,A_Frota_por_UF_Municipio_CEP_Julho_2026.xlsx
SAO PAULO,SAO PAULO,03163,37,A_Frota_por_UF_Municipio_CEP_Julho_2026.xlsx
SAO PAULO,SAO PAULO,03164,65,A_Frota_por_UF_Municipio_CEP_Julho_2026.xlsx
SAO PAULO,SAO PAULO,03165,84,A_Frota_por_UF_Municipio_CEP_Julho_2026.xlsx
SAO PAULO,SAO PAULO,03166,17,A_Frota_por_UF_Municipio_CEP_Julho_2026.xlsx
SAO PAULO,SAO PAULO,03167,59,A_Frota_por_UF_Municipio_CEP_Julho_2026.xlsx
SAO PAULO,SAO PAULO,03168,30,A_Frota_por_UF_Municipio_CEP_Julho_2026.xlsx
SAO PAULO,SAO PAULO,03169,42,A_Frota_por_UF_Municipio_CEP_Julho_2026.xlsx
SAO PAULO,SAO PAULO,03170,25,A_Frota_por_UF_Municipio_CEP_Julho_2026.xlsx
SAO PAULO,SAO PAULO,03171,31,A_Frota_por_UF_Municipio_CEP_Julho_2026.xlsx
SAO PAULO,SAO PAULO,03172,18,A_Frota_por_UF_Municipio_CEP_Julho_2026.xlsx
SAO PAULO,SAO PAULO,03173,24,A_Frota_por_UF_Municipio_CEP_Julho_2026.xlsx
SAO PAULO,SAO PAULO,03174,31,A_Frota_por_UF_Municipio_CEP_Julho_2026.xlsx
SAO PAULO,SAO PAULO,03175,25,A_Frota_por_UF_Municipio_CEP_Julho_2026.xlsx
SAO PAULO,SAO PAULO,03176,30,A_Frota_por_UF_Municipio_CEP_Julho_2026.xlsx
SAO PAULO,SAO PAULO,03177,32,A_Frota_por_UF_Municipio_CEP_Julho_2026.xlsx
SAO PAULO,SAO PAULO,03178,59,A_Frota_por_UF_Municipio_CEP_Julho_2026.xlsx
SAO PAULO,SAO PAULO,03179,42,A_Frota_por_UF_Municipio_CEP_Julho_2026.xlsx
SAO PAULO,SAO PAULO,03180,58,A_Frota_por_UF_Municipio_CEP_Julho_2026.xlsx
SAO PAULO,SAO PAULO,03181,56,A_Frota_por_UF_Municipio_CEP_Julho_2026.xlsx
SAO PAULO,SAO PAULO,03182,48,A_Frota_por_UF_Municipio_CEP_Julho_2026.xlsx
SAO PAULO,SAO PAULO,03183,39,A_Frota_por_UF_Municipio_CEP_Julho_2026.xlsx
SAO PAULO,SAO PAULO,03184,59,A_Frota_por_UF_Municipio_CEP_Julho_2026.xlsx
SAO PAULO,SAO PAULO,03185,55,A_Frota_por_UF_Municipio_CEP_Julho_2026.xlsx
SAO PAULO,SAO PAULO,03186,77,A_Frota_por_UF_Municipio_CEP_Julho_2026.xlsx
SAO PAULO,SAO PAULO,03187,55,A_Frota_por_UF_Municipio_CEP_Julho_2026.xlsx
SAO PAULO,SAO PAULO,03188,70,A_Frota_por_UF_Municipio_CEP_Julho_2026.xlsx
SAO PAULO,SAO PAULO,03189,53,A_Frota_por_UF_Municipio_CEP_Julho_2026.xlsx
SAO PAULO,SAO PAULO,03190,38,A_Frota_por_UF_Municipio_CEP_Julho_2026.xlsx
SAO PAULO,SAO PAULO,03191,52,A_Frota_por_UF_Municipio_CEP_Julho_2026.xlsx
SAO PAULO,SAO PAULO,03192,55,A_Frota_por_UF_Municipio_CEP_Julho_2026.xlsx
SAO PAULO,SAO PAULO,03193,52,A_Frota_por_UF_Municipio_CEP_Julho_2026.xlsx
SAO PAULO,SAO PAULO,03194,3,A_Frota_por_UF_Municipio_CEP_Julho_2026.xlsx
SAO PAULO,SAO PAULO,03195,78,A_Frota_por_UF_Municipio_CEP_Julho_2026.xlsx
SAO PAULO,SAO PAULO,03200,1,A_Frota_por_UF_Municipio_CEP_Julho_2026.xlsx
SAO PAULO,SAO PAULO,03201,40,A_Frota_por_UF_Municipio_CEP_Julho_2026.xlsx
SAO PAULO,SAO PAULO,03202,51,A_Frota_por_UF_Municipio_CEP_Julho_2026.xlsx
SAO PAULO,SAO PAULO,03203,43,A_Frota_por_UF_Municipio_CEP_Julho_2026.xlsx
SAO PAULO,SAO PAULO,03204,50,A_Frota_por_UF_Municipio_CEP_Julho_2026.xlsx
SAO PAULO,SAO PAULO,03205,23,A_Frota_por_UF_Municipio_CEP_Julho_2026.xlsx
SAO PAULO,SAO PAULO,03206,41,A_Frota_por_UF_Municipio_CEP_Julho_2026.xlsx
SAO PAULO,SAO PAULO,03207,11,A_Frota_por_UF_Municipio_CEP_Julho_2026.xlsx
SAO PAULO,SAO PAULO,03208,22,A_Frota_por_UF_Municipio_CEP_Julho_2026.xlsx
SAO PAULO,SAO PAULO,03209,32,A_Frota_por_UF_Municipio_CEP_Julho_2026.xlsx
SAO PAULO,SAO PAULO,03210,142,A_Frota_por_UF_Municipio_CEP_Julho_2026.xlsx
SAO PAULO,SAO PAULO,03211,95,A_Frota_por_UF_Municipio_CEP_Julho_2026.xlsx
SAO PAULO,SAO PAULO,03212,23,A_Frota_por_UF_Municipio_CEP_Julho_2026.xlsx
SAO PAULO,SAO PAULO,03213,32,A_Frota_por_UF_Municipio_CEP_Julho_2026.xlsx
SAO PAULO,SAO PAULO,03214,37,A_Frota_por_UF_Municipio_CEP_Julho_2026.xlsx
SAO PAULO,SAO PAULO,03215,39,A_Frota_por_UF_Municipio_CEP_Julho_2026.xlsx
SAO PAULO,SAO PAULO,03216,20,A_Frota_por_UF_Municipio_CEP_Julho_2026.xlsx
SAO PAULO,SAO PAULO,03218,2,A_Frota_por_UF_Municipio_CEP_Julho_2026.xlsx
SAO PAULO,SAO PAULO,03220,76,A_Frota_por_UF_Municipio_CEP_Julho_2026.xlsx
SAO PAULO,SAO PAULO,03221,54,A_Frota_por_UF_Municipio_CEP_Julho_2026.xlsx
SAO PAULO,SAO PAULO,03222,54,A_Frota_por_UF_Municipio_CEP_Julho_2026.xlsx
SAO PAULO,SAO PAULO,03223,94,A_Frota_por_UF_Municipio_CEP_Julho_2026.xlsx
SAO PAULO,SAO PAULO,03224,17,A_Frota_por_UF_Municipio_CEP_Julho_2026.xlsx
SAO PAULO,SAO PAULO,03225,41,A_Frota_por_UF_Municipio_CEP_Julho_2026.xlsx
SAO PAULO,SAO PAULO,03226,32,A_Frota_por_UF_Municipio_CEP_Julho_2026.xlsx
SAO PAULO,SAO PAULO,03227,76,A_Frota_por_UF_Municipio_CEP_Julho_2026.xlsx
SAO PAULO,SAO PAULO,03229,1,A_Frota_por_UF_Municipio_CEP_Julho_2026.xlsx
SAO PAULO,SAO PAULO,03230,3,A_Frota_por_UF_Municipio_CEP_Julho_2026.xlsx
SAO PAULO,SAO PAULO,03231,2,A_Frota_por_UF_Municipio_CEP_Julho_2026.xlsx
SAO PAULO,SAO PAULO,03232,11,A_Frota_por_UF_Municipio_CEP_Julho_2026.xlsx
SAO PAULO,SAO PAULO,03234,1,A_Frota_por_UF_Municipio_CEP_Julho_2026.xlsx
SAO PAULO,SAO PAULO,03235,1,A_Frota_por_UF_Municipio_CEP_Julho_2026.xlsx
SAO PAULO,SAO PAULO,03236,37,A_Frota_por_UF_Municipio_CEP_Julho_2026.xlsx
SAO PAULO,SAO PAULO,03237,39,A_Frota_por_UF_Municipio_CEP_Julho_2026.xlsx
SAO PAULO,SAO PAULO,03238,23,A_Frota_por_UF_Municipio_CEP_Julho_2026.xlsx
SAO PAULO,SAO PAULO,03239,30,A_Frota_por_UF_Municipio_CEP_Julho_2026.xlsx
SAO PAULO,SAO PAULO,03240,26,A_Frota_por_UF_Municipio_CEP_Julho_2026.xlsx
SAO PAULO,SAO PAULO,03241,11,A_Frota_por_UF_Municipio_CEP_Julho_2026.xlsx
SAO PAULO,SAO PAULO,03242,9,A_Frota_por_UF_Municipio_CEP_Julho_2026.xlsx
SAO PAULO,SAO PAULO,03243,22,A_Frota_por_UF_Municipio_CEP_Julho_2026.xlsx
SAO PAULO,SAO PAULO,03244,54,A_Frota_por_UF_Municipio_CEP_Julho_2026.xlsx
SAO PAULO,SAO PAULO,03245,54,A_Frota_por_UF_Municipio_CEP_Julho_2026.xlsx
SAO PAULO,SAO PAULO,03247,1,A_Frota_por_UF_Municipio_CEP_Julho_2026.xlsx
SAO PAULO,SAO PAULO,03249,42,A_Frota_por_UF_Municipio_CEP_Julho_2026.xlsx
SAO PAULO,SAO PAULO,03250,27,A_Frota_por_UF_Municipio_CEP_Julho_2026.xlsx
SAO PAULO,SAO PAULO,03251,75,A_Frota_por_UF_Municipio_CEP_Julho_2026.xlsx
SAO PAULO,SAO PAULO,03252,7,A_Frota_por_UF_Municipio_CEP_Julho_2026.xlsx
SAO PAULO,SAO PAULO,03253,21,A_Frota_por_UF_Municipio_CEP_Julho_2026.xlsx
SAO PAULO,SAO PAULO,03254,60,A_Frota_por_UF_Municipio_CEP_Julho_2026.xlsx
SAO PAULO,SAO PAULO,03255,17,A_Frota_por_UF_Municipio_CEP_Julho_2026.xlsx
SAO PAULO,SAO PAULO,03256,9,A_Frota_por_UF_Municipio_CEP_Julho_2026.xlsx
SAO PAULO,SAO PAULO,03257,150,A_Frota_por_UF_Municipio_CEP_Julho_2026.xlsx
SAO PAULO,SAO PAULO,03258,25,A_Frota_por_UF_Municipio_CEP_Julho_2026.xlsx
SAO PAULO,SAO PAULO,03259,16,A_Frota_por_UF_Municipio_CEP_Julho_2026.xlsx
SAO PAULO,SAO PAULO,03260,21,A_Frota_por_UF_Municipio_CEP_Julho_2026.xlsx
SAO PAULO,SAO PAULO,03261,48,A_Frota_por_UF_Municipio_CEP_Julho_2026.xlsx
SAO PAULO,SAO PAULO,03262,32,A_Frota_por_UF_Municipio_CEP_Julho_2026.xlsx
SAO PAULO,SAO PAULO,03263,45,A_Frota_por_UF_Municipio_CEP_Julho_2026.xlsx
SAO PAULO,SAO PAULO,03264,61,A_Frota_por_UF_Municipio_CEP_Julho_2026.xlsx
SAO PAULO,SAO PAULO,03265,40,A_Frota_por_UF_Municipio_CEP_Julho_2026.xlsx
SAO PAULO,SAO PAULO,03266,86,A_Frota_por_UF_Municipio_CEP_Julho_2026.xlsx
SAO PAULO,SAO PAULO,03267,30,A_Frota_por_UF_Municipio_CEP_Julho_2026.xlsx
SAO PAULO,SAO PAULO,03268,43,A_Frota_por_UF_Municipio_CEP_Julho_2026.xlsx
SAO PAULO,SAO PAULO,03269,48,A_Frota_por_UF_Municipio_CEP_Julho_2026.xlsx
SAO PAULO,SAO PAULO,03270,16,A_Frota_por_UF_Municipio_CEP_Julho_2026.xlsx
SAO PAULO,SAO PAULO,03271,22,A_Frota_por_UF_Municipio_CEP_Julho_2026.xlsx
SAO PAULO,SAO PAULO,03272,40,A_Frota_por_UF_Municipio_CEP_Julho_2026.xlsx
SAO PAULO,SAO PAULO,03273,47,A_Frota_por_UF_Municipio_CEP_Julho_2026.xlsx
SAO PAULO,SAO PAULO,03274,61,A_Frota_por_UF_Municipio_CEP_Julho_2026.xlsx
SAO PAULO,SAO PAULO,03275,157,A_Frota_por_UF_Municipio_CEP_Julho_2026.xlsx
SAO PAULO,SAO PAULO,03276,77,A_Frota_por_UF_Municipio_CEP_Julho_2026.xlsx
SAO PAULO,SAO PAULO,03277,39,A_Frota_por_UF_Municipio_CEP_Julho_2026.xlsx
SAO PAULO,SAO PAULO,03278,51,A_Frota_por_UF_Municipio_CEP_Julho_2026.xlsx
SAO PAULO,SAO PAULO,03279,64,A_Frota_por_UF_Municipio_CEP_Julho_2026.xlsx
SAO PAULO,SAO PAULO,03280,57,A_Frota_por_UF_Municipio_CEP_Julho_2026.xlsx
SAO PAULO,SAO PAULO,03281,69,A_Frota_por_UF_Municipio_CEP_Julho_2026.xlsx
SAO PAULO,SAO PAULO,03282,65,A_Frota_por_UF_Municipio_CEP_Julho_2026.xlsx
SAO PAULO,SAO PAULO,03283,53,A_Frota_por_UF_Municipio_CEP_Julho_2026.xlsx
SAO PAULO,SAO PAULO,03284,27,A_Frota_por_UF_Municipio_CEP_Julho_2026.xlsx
SAO PAULO,SAO PAULO,03285,2,A_Frota_por_UF_Municipio_CEP_Julho_2026.xlsx
SAO PAULO,SAO PAULO,03286,45,A_Frota_por_UF_Municipio_CEP_Julho_2026.xlsx
SAO PAULO,SAO PAULO,03287,47,A_Frota_por_UF_Municipio_CEP_Julho_2026.xlsx
SAO PAULO,SAO PAULO,03288,43,A_Frota_por_UF_Municipio_CEP_Julho_2026.xlsx
SAO PAULO,SAO PAULO,03289,32,A_Frota_por_UF_Municipio_CEP_Julho_2026.xlsx
SAO PAULO,SAO PAULO,03294,29,A_Frota_por_UF_Municipio_CEP_Julho_2026.xlsx
SAO PAULO,SAO PAULO,03295,58,A_Frota_por_UF_Municipio_CEP_Julho_2026.xlsx
SAO PAULO,SAO PAULO,03301,2,A_Frota_por_UF_Municipio_CEP_Julho_2026.xlsx
SAO PAULO,SAO PAULO,03302,27,A_Frota_por_UF_Municipio_CEP_Julho_2026.xlsx
SAO PAULO,SAO PAULO,03303,24,A_Frota_por_UF_Municipio_CEP_Julho_2026.xlsx
SAO PAULO,SAO PAULO,03304,42,A_Frota_por_UF_Municipio_CEP_Julho_2026.xlsx
SAO PAULO,SAO PAULO,03305,31,A_Frota_por_UF_Municipio_CEP_Julho_2026.xlsx
SAO PAULO,SAO PAULO,03306,26,A_Frota_por_UF_Municipio_CEP_Julho_2026.xlsx
SAO PAULO,SAO PAULO,03307,19,A_Frota_por_UF_Municipio_CEP_Julho_2026.xlsx
SAO PAULO,SAO PAULO,03308,67,A_Frota_por_UF_Municipio_CEP_Julho_2026.xlsx
SAO PAULO,SAO PAULO,03309,58,A_Frota_por_UF_Municipio_CEP_Julho_2026.xlsx
SAO PAULO,SAO PAULO,03310,75,A_Frota_por_UF_Municipio_CEP_Julho_2026.xlsx
SAO PAULO,SAO PAULO,03311,60,A_Frota_por_UF_Municipio_CEP_Julho_2026.xlsx
SAO PAULO,SAO PAULO,03312,64,A_Frota_por_UF_Municipio_CEP_Julho_2026.xlsx
SAO PAULO,SAO PAULO,03313,107,A_Frota_por_UF_Municipio_CEP_Julho_2026.xlsx
SAO PAULO,SAO PAULO,03314,42,A_Frota_por_UF_Municipio_CEP_Julho_2026.xlsx
SAO PAULO,SAO PAULO,03315,8,A_Frota_por_UF_Municipio_CEP_Julho_2026.xlsx
SAO PAULO,SAO PAULO,03316,50,A_Frota_por_UF_Municipio_CEP_Julho_2026.xlsx
SAO PAULO,SAO PAULO,03317,72,A_Frota_por_UF_Municipio_CEP_Julho_2026.xlsx
SAO PAULO,SAO PAULO,03318,55,A_Frota_por_UF_Municipio_CEP_Julho_2026.xlsx
SAO PAULO,SAO PAULO,03319,86,A_Frota_por_UF_Municipio_CEP_Julho_2026.xlsx
SAO PAULO,SAO PAULO,03320,81,A_Frota_por_UF_Municipio_CEP_Julho_2026.xlsx
SAO PAULO,SAO PAULO,03321,55,A_Frota_por_UF_Municipio_CEP_Julho_2026.xlsx
SAO PAULO,SAO PAULO,03322,43,A_Frota_por_UF_Municipio_CEP_Julho_2026.xlsx
SAO PAULO,SAO PAULO,03323,49,A_Frota_por_UF_Municipio_CEP_Julho_2026.xlsx
SAO PAULO,SAO PAULO,03324,44,A_Frota_por_UF_Municipio_CEP_Julho_2026.xlsx
SAO PAULO,SAO PAULO,03325,47,A_Frota_por_UF_Municipio_CEP_Julho_2026.xlsx
SAO PAULO,SAO PAULO,03326,1,A_Frota_por_UF_Municipio_CEP_Julho_2026.xlsx
SAO PAULO,SAO PAULO,03330,21,A_Frota_por_UF_Municipio_CEP_Julho_2026.xlsx
SAO PAULO,SAO PAULO,03331,10,A_Frota_por_UF_Municipio_CEP_Julho_2026.xlsx
SAO PAULO,SAO PAULO,03332,26,A_Frota_por_UF_Municipio_CEP_Julho_2026.xlsx
SAO PAULO,SAO PAULO,03333,70,A_Frota_por_UF_Municipio_CEP_Julho_2026.xlsx
SAO PAULO,SAO PAULO,03334,37,A_Frota_por_UF_Municipio_CEP_Julho_2026.xlsx
SAO PAULO,SAO PAULO,03335,70,A_Frota_por_UF_Municipio_CEP_Julho_2026.xlsx
SAO PAULO,SAO PAULO,03336,47,A_Frota_por_UF_Municipio_CEP_Julho_2026.xlsx
SAO PAULO,SAO PAULO,03337,57,A_Frota_por_UF_Municipio_CEP_Julho_2026.xlsx
SAO PAULO,SAO PAULO,03338,5,A_Frota_por_UF_Municipio_CEP_Julho_2026.xlsx
SAO PAULO,SAO PAULO,03340,11,A_Frota_por_UF_Municipio_CEP_Julho_2026.xlsx
SAO PAULO,SAO PAULO,03342,36,A_Frota_por_UF_Municipio_CEP_Julho_2026.xlsx
SAO PAULO,SAO PAULO,03343,55,A_Frota_por_UF_Municipio_CEP_Julho_2026.xlsx
SAO PAULO,SAO PAULO,03344,89,A_Frota_por_UF_Municipio_CEP_Julho_2026.xlsx
SAO PAULO,SAO PAULO,03345,99,A_Frota_por_UF_Municipio_CEP_Julho_2026.xlsx
SAO PAULO,SAO PAULO,03346,31,A_Frota_por_UF_Municipio_CEP_Julho_2026.xlsx
SAO PAULO,SAO PAULO,03347,33,A_Frota_por_UF_Municipio_CEP_Julho_2026.xlsx
SAO PAULO,SAO PAULO,03348,37,A_Frota_por_UF_Municipio_CEP_Julho_2026.xlsx
SAO PAULO,SAO PAULO,03349,49,A_Frota_por_UF_Municipio_CEP_Julho_2026.xlsx
SAO PAULO,SAO PAULO,03350,62,A_Frota_por_UF_Municipio_CEP_Julho_2026.xlsx
SAO PAULO,SAO PAULO,03351,53,A_Frota_por_UF_Municipio_CEP_Julho_2026.xlsx
SAO PAULO,SAO PAULO,03353,1,A_Frota_por_UF_Municipio_CEP_Julho_2026.xlsx
SAO PAULO,SAO PAULO,03355,60,A_Frota_por_UF_Municipio_CEP_Julho_2026.xlsx
SAO PAULO,SAO PAULO,03356,50,A_Frota_por_UF_Municipio_CEP_Julho_2026.xlsx
SAO PAULO,SAO PAULO,03357,66,A_Frota_por_UF_Municipio_CEP_Julho_2026.xlsx
SAO PAULO,SAO PAULO,03358,52,A_Frota_por_UF_Municipio_CEP_Julho_2026.xlsx
SAO PAULO,SAO PAULO,03359,37,A_Frota_por_UF_Municipio_CEP_Julho_2026.xlsx
SAO PAULO,SAO PAULO,03360,26,A_Frota_por_UF_Municipio_CEP_Julho_2026.xlsx
SAO PAULO,SAO PAULO,03361,103,A_Frota_por_UF_Municipio_CEP_Julho_2026.xlsx
SAO PAULO,SAO PAULO,03362,40,A_Frota_por_UF_Municipio_CEP_Julho_2026.xlsx
SAO PAULO,SAO PAULO,03363,84,A_Frota_por_UF_Municipio_CEP_Julho_2026.xlsx
SAO PAULO,SAO PAULO,03364,25,A_Frota_por_UF_Municipio_CEP_Julho_2026.xlsx
SAO PAULO,SAO PAULO,03365,31,A_Frota_por_UF_Municipio_CEP_Julho_2026.xlsx
SAO PAULO,SAO PAULO,03366,52,A_Frota_por_UF_Municipio_CEP_Julho_2026.xlsx
SAO PAULO,SAO PAULO,03367,39,A_Frota_por_UF_Municipio_CEP_Julho_2026.xlsx
SAO PAULO,SAO PAULO,03370,42,A_Frota_por_UF_Municipio_CEP_Julho_2026.xlsx
SAO PAULO,SAO PAULO,03371,40,A_Frota_por_UF_Municipio_CEP_Julho_2026.xlsx
SAO PAULO,SAO PAULO,03372,37,A_Frota_por_UF_Municipio_CEP_Julho_2026.xlsx
SAO PAULO,SAO PAULO,03373,61,A_Frota_por_UF_Municipio_CEP_Julho_2026.xlsx
SAO PAULO,SAO PAULO,03374,40,A_Frota_por_UF_Municipio_CEP_Julho_2026.xlsx
SAO PAULO,SAO PAULO,03375,31,A_Frota_por_UF_Municipio_CEP_Julho_2026.xlsx
SAO PAULO,SAO PAULO,03376,48,A_Frota_por_UF_Municipio_CEP_Julho_2026.xlsx
SAO PAULO,SAO PAULO,03377,49,A_Frota_por_UF_Municipio_CEP_Julho_2026.xlsx
SAO PAULO,SAO PAULO,03378,119,A_Frota_por_UF_Municipio_CEP_Julho_2026.xlsx
SAO PAULO,SAO PAULO,03379,47,A_Frota_por_UF_Municipio_CEP_Julho_2026.xlsx
SAO PAULO,SAO PAULO,03380,69,A_Frota_por_UF_Municipio_CEP_Julho_2026.xlsx
SAO PAULO,SAO PAULO,03381,37,A_Frota_por_UF_Municipio_CEP_Julho_2026.xlsx
SAO PAULO,SAO PAULO,03382,48,A_Frota_por_UF_Municipio_CEP_Julho_2026.xlsx
SAO PAULO,SAO PAULO,03383,37,A_Frota_por_UF_Municipio_CEP_Julho_2026.xlsx
SAO PAULO,SAO PAULO,03384,11,A_Frota_por_UF_Municipio_CEP_Julho_2026.xlsx
SAO PAULO,SAO PAULO,03385,24,A_Frota_por_UF_Municipio_CEP_Julho_2026.xlsx
SAO PAULO,SAO PAULO,03386,60,A_Frota_por_UF_Municipio_CEP_Julho_2026.xlsx
SAO PAULO,SAO PAULO,03387,38,A_Frota_por_UF_Municipio_CEP_Julho_2026.xlsx
SAO PAULO,SAO PAULO,03388,24,A_Frota_por_UF_Municipio_CEP_Julho_2026.xlsx
SAO PAULO,SAO PAULO,03389,37,A_Frota_por_UF_Municipio_CEP_Julho_2026.xlsx
SAO PAULO,SAO PAULO,03390,49,A_Frota_por_UF_Municipio_CEP_Julho_2026.xlsx
SAO PAULO,SAO PAULO,03400,21,A_Frota_por_UF_Municipio_CEP_Julho_2026.xlsx
SAO PAULO,SAO PAULO,03401,59,A_Frota_por_UF_Municipio_CEP_Julho_2026.xlsx
SAO PAULO,SAO PAULO,03402,45,A_Frota_por_UF_Municipio_CEP_Julho_2026.xlsx
SAO PAULO,SAO PAULO,03403,20,A_Frota_por_UF_Municipio_CEP_Julho_2026.xlsx
SAO PAULO,SAO PAULO,03404,45,A_Frota_por_UF_Municipio_CEP_Julho_2026.xlsx
SAO PAULO,SAO PAULO,03405,23,A_Frota_por_UF_Municipio_CEP_Julho_2026.xlsx
SAO PAULO,SAO PAULO,03406,42,A_Frota_por_UF_Municipio_CEP_Julho_2026.xlsx
SAO PAULO,SAO PAULO,03407,38,A_Frota_por_UF_Municipio_CEP_Julho_2026.xlsx
SAO PAULO,SAO PAULO,03408,31,A_Frota_por_UF_Municipio_CEP_Julho_2026.xlsx
SAO PAULO,SAO PAULO,03409,13,A_Frota_por_UF_Municipio_CEP_Julho_2026.xlsx
SAO PAULO,SAO PAULO,03410,53,A_Frota_por_UF_Municipio_CEP_Julho_2026.xlsx
SAO PAULO,SAO PAULO,03411,61,A_Frota_por_UF_Municipio_CEP_Julho_2026.xlsx
SAO PAULO,SAO PAULO,03412,44,A_Frota_por_UF_Municipio_CEP_Julho_2026.xlsx
SAO PAULO,SAO PAULO,03413,29,A_Frota_por_UF_Municipio_CEP_Julho_2026.xlsx
SAO PAULO,SAO PAULO,03414,36,A_Frota_por_UF_Municipio_CEP_Julho_2026.xlsx
SAO PAULO,SAO PAULO,03415,20,A_Frota_por_UF_Municipio_CEP_Julho_2026.xlsx
SAO PAULO,SAO PAULO,03416,38,A_Frota_por_UF_Municipio_CEP_Julho_2026.xlsx
SAO PAULO,SAO PAULO,03417,18,A_Frota_por_UF_Municipio_CEP_Julho_2026.xlsx
SAO PAULO,SAO PAULO,03418,2,A_Frota_por_UF_Municipio_CEP_Julho_2026.xlsx
SAO PAULO,SAO PAULO,03420,27,A_Frota_por_UF_Municipio_CEP_Julho_2026.xlsx
SAO PAULO,SAO PAULO,03421,33,A_Frota_por_UF_Municipio_CEP_Julho_2026.xlsx
SAO PAULO,SAO PAULO,03422,57,A_Frota_por_UF_Municipio_CEP_Julho_2026.xlsx
SAO PAULO,SAO PAULO,03423,29,A_Frota_por_UF_Municipio_CEP_Julho_2026.xlsx
SAO PAULO,SAO PAULO,03424,15,A_Frota_por_UF_Municipio_CEP_Julho_2026.xlsx
SAO PAULO,SAO PAULO,03425,38,A_Frota_por_UF_Municipio_CEP_Julho_2026.xlsx
SAO PAULO,SAO PAULO,03426,26,A_Frota_por_UF_Municipio_CEP_Julho_2026.xlsx
SAO PAULO,SAO PAULO,03427,30,A_Frota_por_UF_Municipio_CEP_Julho_2026.xlsx
SAO PAULO,SAO PAULO,03428,30,A_Frota_por_UF_Municipio_CEP_Julho_2026.xlsx
SAO PAULO,SAO PAULO,03429,42,A_Frota_por_UF_Municipio_CEP_Julho_2026.xlsx
SAO PAULO,SAO PAULO,03430,15,A_Frota_por_UF_Municipio_CEP_Julho_2026.xlsx
SAO PAULO,SAO PAULO,03431,15,A_Frota_por_UF_Municipio_CEP_Julho_2026.xlsx
SAO PAULO,SAO PAULO,03432,46,A_Frota_por_UF_Municipio_CEP_Julho_2026.xlsx
SAO PAULO,SAO PAULO,03433,25,A_Frota_por_UF_Municipio_CEP_Julho_2026.xlsx
SAO PAULO,SAO PAULO,03434,24,A_Frota_por_UF_Municipio_CEP_Julho_2026.xlsx
SAO PAULO,SAO PAULO,03435,28,A_Frota_por_UF_Municipio_CEP_Julho_2026.xlsx
SAO PAULO,SAO PAULO,03436,59,A_Frota_por_UF_Municipio_CEP_Julho_2026.xlsx
SAO PAULO,SAO PAULO,03437,15,A_Frota_por_UF_Municipio_CEP_Julho_2026.xlsx
SAO PAULO,SAO PAULO,03438,25,A_Frota_por_UF_Municipio_CEP_Julho_2026.xlsx
SAO PAULO,SAO PAULO,03440,18,A_Frota_por_UF_Municipio_CEP_Julho_2026.xlsx
SAO PAULO,SAO PAULO,03441,12,A_Frota_por_UF_Municipio_CEP_Julho_2026.xlsx
SAO PAULO,SAO PAULO,03442,20,A_Frota_por_UF_Municipio_CEP_Julho_2026.xlsx
SAO PAULO,SAO PAULO,03443,21,A_Frota_por_UF_Municipio_CEP_Julho_2026.xlsx
SAO PAULO,SAO PAULO,03444,18,A_Frota_por_UF_Municipio_CEP_Julho_2026.xlsx
SAO PAULO,SAO PAULO,03445,32,A_Frota_por_UF_Municipio_CEP_Julho_2026.xlsx
SAO PAULO,SAO PAULO,03446,48,A_Frota_por_UF_Municipio_CEP_Julho_2026.xlsx
SAO PAULO,SAO PAULO,03447,45,A_Frota_por_UF_Municipio_CEP_Julho_2026.xlsx
SAO PAULO,SAO PAULO,03448,25,A_Frota_por_UF_Municipio_CEP_Julho_2026.xlsx
SAO PAULO,SAO PAULO,03449,28,A_Frota_por_UF_Municipio_CEP_Julho_2026.xlsx
SAO PAULO,SAO PAULO,03450,28,A_Frota_por_UF_Municipio_CEP_Julho_2026.xlsx
SAO PAULO,SAO PAULO,03451,31,A_Frota_por_UF_Municipio_CEP_Julho_2026.xlsx
SAO PAULO,SAO PAULO,03452,17,A_Frota_por_UF_Municipio_CEP_Julho_2026.xlsx
SAO PAULO,SAO PAULO,03453,9,A_Frota_por_UF_Municipio_CEP_Julho_2026.xlsx
SAO PAULO,SAO PAULO,03454,40,A_Frota_por_UF_Municipio_CEP_Julho_2026.xlsx
SAO PAULO,SAO PAULO,03455,58,A_Frota_por_UF_Municipio_CEP_Julho_2026.xlsx
SAO PAULO,SAO PAULO,03456,18,A_Frota_por_UF_Municipio_CEP_Julho_2026.xlsx
SAO PAULO,SAO PAULO,03457,1,A_Frota_por_UF_Municipio_CEP_Julho_2026.xlsx
SAO PAULO,SAO PAULO,03460,70,A_Frota_por_UF_Municipio_CEP_Julho_2026.xlsx
SAO PAULO,SAO PAULO,03461,52,A_Frota_por_UF_Municipio_CEP_Julho_2026.xlsx
SAO PAULO,SAO PAULO,03462,37,A_Frota_por_UF_Municipio_CEP_Julho_2026.xlsx
SAO PAULO,SAO PAULO,03463,27,A_Frota_por_UF_Municipio_CEP_Julho_2026.xlsx
SAO PAULO,SAO PAULO,03465,1,A_Frota_por_UF_Municipio_CEP_Julho_2026.xlsx
SAO PAULO,SAO PAULO,03467,1,A_Frota_por_UF_Municipio_CEP_Julho_2026.xlsx
SAO PAULO,SAO PAULO,03468,1,A_Frota_por_UF_Municipio_CEP_Julho_2026.xlsx
SAO PAULO,SAO PAULO,03470,80,A_Frota_por_UF_Municipio_CEP_Julho_2026.xlsx
SAO PAULO,SAO PAULO,03471,42,A_Frota_por_UF_Municipio_CEP_Julho_2026.xlsx
SAO PAULO,SAO PAULO,03472,42,A_Frota_por_UF_Municipio_CEP_Julho_2026.xlsx
SAO PAULO,SAO PAULO,03473,2,A_Frota_por_UF_Municipio_CEP_Julho_2026.xlsx
SAO PAULO,SAO PAULO,03474,46,A_Frota_por_UF_Municipio_CEP_Julho_2026.xlsx
SAO PAULO,SAO PAULO,03475,63,A_Frota_por_UF_Municipio_CEP_Julho_2026.xlsx
SAO PAULO,SAO PAULO,03476,32,A_Frota_por_UF_Municipio_CEP_Julho_2026.xlsx
SAO PAULO,SAO PAULO,03477,45,A_Frota_por_UF_Municipio_CEP_Julho_2026.xlsx
SAO PAULO,SAO PAULO,03478,46,A_Frota_por_UF_Municipio_CEP_Julho_2026.xlsx
SAO PAULO,SAO PAULO,03479,42,A_Frota_por_UF_Municipio_CEP_Julho_2026.xlsx
SAO PAULO,SAO PAULO,03480,37,A_Frota_por_UF_Municipio_CEP_Julho_2026.xlsx
SAO PAULO,SAO PAULO,03484,1,A_Frota_por_UF_Municipio_CEP_Julho_2026.xlsx
SAO PAULO,SAO PAULO,03487,1,A_Frota_por_UF_Municipio_CEP_Julho_2026.xlsx
SAO PAULO,SAO PAULO,03490,19,A_Frota_por_UF_Municipio_CEP_Julho_2026.xlsx
SAO PAULO,SAO PAULO,03500,2,A_Frota_por_UF_Municipio_CEP_Julho_2026.xlsx
SAO PAULO,SAO PAULO,03501,5,A_Frota_por_UF_Municipio_CEP_Julho_2026.xlsx
SAO PAULO,SAO PAULO,03502,53,A_Frota_por_UF_Municipio_CEP_Julho_2026.xlsx
SAO PAULO,SAO PAULO,03503,22,A_Frota_por_UF_Municipio_CEP_Julho_2026.xlsx
SAO PAULO,SAO PAULO,03504,33,A_Frota_por_UF_Municipio_CEP_Julho_2026.xlsx
SAO PAULO,SAO PAULO,03505,28,A_Frota_por_UF_Municipio_CEP_Julho_2026.xlsx
SAO PAULO,SAO PAULO,03506,18,A_Frota_por_UF_Municipio_CEP_Julho_2026.xlsx
SAO PAULO,SAO PAULO,03507,22,A_Frota_por_UF_Municipio_CEP_Julho_2026.xlsx
SAO PAULO,SAO PAULO,03508,39,A_Frota_por_UF_Municipio_CEP_Julho_2026.xlsx
SAO PAULO,SAO PAULO,03509,46,A_Frota_por_UF_Municipio_CEP_Julho_2026.xlsx
SAO PAULO,SAO PAULO,03510,30,A_Frota_por_UF_Municipio_CEP_Julho_2026.xlsx
SAO PAULO,SAO PAULO,03511,24,A_Frota_por_UF_Municipio_CEP_Julho_2026.xlsx
SAO PAULO,SAO PAULO,03512,41,A_Frota_por_UF_Municipio_CEP_Julho_2026.xlsx
SAO PAULO,SAO PAULO,03513,60,A_Frota_por_UF_Municipio_CEP_Julho_2026.xlsx
SAO PAULO,SAO PAULO,03514,38,A_Frota_por_UF_Municipio_CEP_Julho_2026.xlsx
SAO PAULO,SAO PAULO,03515,47,A_Frota_por_UF_Municipio_CEP_Julho_2026.xlsx
SAO PAULO,SAO PAULO,03516,28,A_Frota_por_UF_Municipio_CEP_Julho_2026.xlsx
SAO PAULO,SAO PAULO,03517,32,A_Frota_por_UF_Municipio_CEP_Julho_2026.xlsx
SAO PAULO,SAO PAULO,03518,26,A_Frota_por_UF_Municipio_CEP_Julho_2026.xlsx
SAO PAULO,SAO PAULO,03519,18,A_Frota_por_UF_Municipio_CEP_Julho_2026.xlsx
SAO PAULO,SAO PAULO,03520,32,A_Frota_por_UF_Municipio_CEP_Julho_2026.xlsx
SAO PAULO,SAO PAULO,03521,21,A_Frota_por_UF_Municipio_CEP_Julho_2026.xlsx
SAO PAULO,SAO PAULO,03522,24,A_Frota_por_UF_Municipio_CEP_Julho_2026.xlsx
SAO PAULO,SAO PAULO,03523,27,A_Frota_por_UF_Municipio_CEP_Julho_2026.xlsx
SAO PAULO,SAO PAULO,03524,23,A_Frota_por_UF_Municipio_CEP_Julho_2026.xlsx
SAO PAULO,SAO PAULO,03525,35,A_Frota_por_UF_Municipio_CEP_Julho_2026.xlsx
SAO PAULO,SAO PAULO,03526,25,A_Frota_por_UF_Municipio_CEP_Julho_2026.xlsx
SAO PAULO,SAO PAULO,03527,25,A_Frota_por_UF_Municipio_CEP_Julho_2026.xlsx
SAO PAULO,SAO PAULO,03530,23,A_Frota_por_UF_Municipio_CEP_Julho_2026.xlsx
SAO PAULO,SAO PAULO,03531,48,A_Frota_por_UF_Municipio_CEP_Julho_2026.xlsx
SAO PAULO,SAO PAULO,03532,13,A_Frota_por_UF_Municipio_CEP_Julho_2026.xlsx
SAO PAULO,SAO PAULO,03533,39,A_Frota_por_UF_Municipio_CEP_Julho_2026.xlsx
SAO PAULO,SAO PAULO,03534,49,A_Frota_por_UF_Municipio_CEP_Julho_2026.xlsx
SAO PAULO,SAO PAULO,03535,8,A_Frota_por_UF_Municipio_CEP_Julho_2026.xlsx
SAO PAULO,SAO PAULO,03539,1,A_Frota_por_UF_Municipio_CEP_Julho_2026.xlsx
SAO PAULO,SAO PAULO,03540,13,A_Frota_por_UF_Municipio_CEP_Julho_2026.xlsx
SAO PAULO,SAO PAULO,03541,22,A_Frota_por_UF_Municipio_CEP_Julho_2026.xlsx
SAO PAULO,SAO PAULO,03542,34,A_Frota_por_UF_Municipio_CEP_Julho_2026.xlsx
SAO PAULO,SAO PAULO,03543,31,A_Frota_por_UF_Municipio_CEP_Julho_2026.xlsx
SAO PAULO,SAO PAULO,03544,21,A_Frota_por_UF_Municipio_CEP_Julho_2026.xlsx
SAO PAULO,SAO PAULO,03545,36,A_Frota_por_UF_Municipio_CEP_Julho_2026.xlsx
SAO PAULO,SAO PAULO,03546,22,A_Frota_por_UF_Municipio_CEP_Julho_2026.xlsx
SAO PAULO,SAO PAULO,03547,52,A_Frota_por_UF_Municipio_CEP_Julho_2026.xlsx
SAO PAULO,SAO PAULO,03548,39,A_Frota_por_UF_Municipio_CEP_Julho_2026.xlsx
SAO PAULO,SAO PAULO,03549,2,A_Frota_por_UF_Municipio_CEP_Julho_2026.xlsx
SAO PAULO,SAO PAULO,03550,27,A_Frota_por_UF_Municipio_CEP_Julho_2026.xlsx
SAO PAULO,SAO PAULO,03551,39,A_Frota_por_UF_Municipio_CEP_Julho_2026.xlsx
SAO PAULO,SAO PAULO,03552,39,A_Frota_por_UF_Municipio_CEP_Julho_2026.xlsx
SAO PAULO,SAO PAULO,03553,13,A_Frota_por_UF_Municipio_CEP_Julho_2026.xlsx
SAO PAULO,SAO PAULO,03554,45,A_Frota_por_UF_Municipio_CEP_Julho_2026.xlsx
SAO PAULO,SAO PAULO,03555,31,A_Frota_por_UF_Municipio_CEP_Julho_2026.xlsx
SAO PAULO,SAO PAULO,03556,30,A_Frota_por_UF_Municipio_CEP_Julho_2026.xlsx
SAO PAULO,SAO PAULO,03557,44,A_Frota_por_UF_Municipio_CEP_Julho_2026.xlsx
SAO PAULO,SAO PAULO,03558,31,A_Frota_por_UF_Municipio_CEP_Julho_2026.xlsx
SAO PAULO,SAO PAULO,03559,23,A_Frota_por_UF_Municipio_CEP_Julho_2026.xlsx
SAO PAULO,SAO PAULO,03560,38,A_Frota_por_UF_Municipio_CEP_Julho_2026.xlsx
SAO PAULO,SAO PAULO,03561,49,A_Frota_por_UF_Municipio_CEP_Julho_2026.xlsx
SAO PAULO,SAO PAULO,03562,32,A_Frota_por_UF_Municipio_CEP_Julho_2026.xlsx
SAO PAULO,SAO PAULO,03563,84,A_Frota_por_UF_Municipio_CEP_Julho_2026.xlsx
SAO PAULO,SAO PAULO,03564,26,A_Frota_por_UF_Municipio_CEP_Julho_2026.xlsx
SAO PAULO,SAO PAULO,03565,30,A_Frota_por_UF_Municipio_CEP_Julho_2026.xlsx
SAO PAULO,SAO PAULO,03566,27,A_Frota_por_UF_Municipio_CEP_Julho_2026.xlsx
SAO PAULO,SAO PAULO,03567,51,A_Frota_por_UF_Municipio_CEP_Julho_2026.xlsx
SAO PAULO,SAO PAULO,03568,39,A_Frota_por_UF_Municipio_CEP_Julho_2026.xlsx
SAO PAULO,SAO PAULO,03569,23,A_Frota_por_UF_Municipio_CEP_Julho_2026.xlsx
SAO PAULO,SAO PAULO,03570,126,A_Frota_por_UF_Municipio_CEP_Julho_2026.xlsx
SAO PAULO,SAO PAULO,03571,22,A_Frota_por_UF_Municipio_CEP_Julho_2026.xlsx
SAO PAULO,SAO PAULO,03572,145,A_Frota_por_UF_Municipio_CEP_Julho_2026.xlsx
SAO PAULO,SAO PAULO,03573,56,A_Frota_por_UF_Municipio_CEP_Julho_2026.xlsx
SAO PAULO,SAO PAULO,03574,74,A_Frota_por_UF_Municipio_CEP_Julho_2026.xlsx
SAO PAULO,SAO PAULO,03575,60,A_Frota_por_UF_Municipio_CEP_Julho_2026.xlsx
SAO PAULO,SAO PAULO,03576,78,A_Frota_por_UF_Municipio_CEP_Julho_2026.xlsx
SAO PAULO,SAO PAULO,03577,24,A_Frota_por_UF_Municipio_CEP_Julho_2026.xlsx
SAO PAULO,SAO PAULO,03578,41,A_Frota_por_UF_Municipio_CEP_Julho_2026.xlsx
SAO PAULO,SAO PAULO,03579,122,A_Frota_por_UF_Municipio_CEP_Julho_2026.xlsx
SAO PAULO,SAO PAULO,03580,35,A_Frota_por_UF_Municipio_CEP_Julho_2026.xlsx
SAO PAULO,SAO PAULO,03581,25,A_Frota_por_UF_Municipio_CEP_Julho_2026.xlsx
SAO PAULO,SAO PAULO,03582,45,A_Frota_por_UF_Municipio_CEP_Julho_2026.xlsx
SAO PAULO,SAO PAULO,03583,55,A_Frota_por_UF_Municipio_CEP_Julho_2026.xlsx
SAO PAULO,SAO PAULO,03584,63,A_Frota_por_UF_Municipio_CEP_Julho_2026.xlsx
SAO PAULO,SAO PAULO,03585,79,A_Frota_por_UF_Municipio_CEP_Julho_2026.xlsx
SAO PAULO,SAO PAULO,03586,13,A_Frota_por_UF_Municipio_CEP_Julho_2026.xlsx
SAO PAULO,SAO PAULO,03587,35,A_Frota_por_UF_Municipio_CEP_Julho_2026.xlsx
SAO PAULO,SAO PAULO,03588,21,A_Frota_por_UF_Municipio_CEP_Julho_2026.xlsx
SAO PAULO,SAO PAULO,03589,133,A_Frota_por_UF_Municipio_CEP_Julho_2026.xlsx
SAO PAULO,SAO PAULO,03590,229,A_Frota_por_UF_Municipio_CEP_Julho_2026.xlsx
SAO PAULO,SAO PAULO,03591,72,A_Frota_por_UF_Municipio_CEP_Julho_2026.xlsx
SAO PAULO,SAO PAULO,03598,1,A_Frota_por_UF_Municipio_CEP_Julho_2026.xlsx
SAO PAULO,SAO PAULO,03600,1,A_Frota_por_UF_Municipio_CEP_Julho_2026.xlsx
SAO PAULO,SAO PAULO,03601,3,A_Frota_por_UF_Municipio_CEP_Julho_2026.xlsx
SAO PAULO,SAO PAULO,03602,17,A_Frota_por_UF_Municipio_CEP_Julho_2026.xlsx
SAO PAULO,SAO PAULO,03603,16,A_Frota_por_UF_Municipio_CEP_Julho_2026.xlsx
SAO PAULO,SAO PAULO,03604,20,A_Frota_por_UF_Municipio_CEP_Julho_2026.xlsx
SAO PAULO,SAO PAULO,03605,34,A_Frota_por_UF_Municipio_CEP_Julho_2026.xlsx
SAO PAULO,SAO PAULO,03606,4,A_Frota_por_UF_Municipio_CEP_Julho_2026.xlsx
SAO PAULO,SAO PAULO,03607,43,A_Frota_por_UF_Municipio_CEP_Julho_2026.xlsx
SAO PAULO,SAO PAULO,03608,23,A_Frota_por_UF_Municipio_CEP_Julho_2026.xlsx
SAO PAULO,SAO PAULO,03609,32,A_Frota_por_UF_Municipio_CEP_Julho_2026.xlsx
SAO PAULO,SAO PAULO,03610,24,A_Frota_por_UF_Municipio_CEP_Julho_2026.xlsx
SAO PAULO,SAO PAULO,03611,37,A_Frota_por_UF_Municipio_CEP_Julho_2026.xlsx
SAO PAULO,SAO PAULO,03612,44,A_Frota_por_UF_Municipio_CEP_Julho_2026.xlsx
SAO PAULO,SAO PAULO,03613,42,A_Frota_por_UF_Municipio_CEP_Julho_2026.xlsx
SAO PAULO,SAO PAULO,03614,31,A_Frota_por_UF_Municipio_CEP_Julho_2026.xlsx
SAO PAULO,SAO PAULO,03615,28,A_Frota_por_UF_Municipio_CEP_Julho_2026.xlsx
SAO PAULO,SAO PAULO,03616,49,A_Frota_por_UF_Municipio_CEP_Julho_2026.xlsx
SAO PAULO,SAO PAULO,03617,42,A_Frota_por_UF_Municipio_CEP_Julho_2026.xlsx
SAO PAULO,SAO PAULO,03618,33,A_Frota_por_UF_Municipio_CEP_Julho_2026.xlsx
SAO PAULO,SAO PAULO,03619,15,A_Frota_por_UF_Municipio_CEP_Julho_2026.xlsx
SAO PAULO,SAO PAULO,03620,29,A_Frota_por_UF_Municipio_CEP_Julho_2026.xlsx
SAO PAULO,SAO PAULO,03621,25,A_Frota_por_UF_Municipio_CEP_Julho_2026.xlsx
SAO PAULO,SAO PAULO,03622,47,A_Frota_por_UF_Municipio_CEP_Julho_2026.xlsx
SAO PAULO,SAO PAULO,03623,19,A_Frota_por_UF_Municipio_CEP_Julho_2026.xlsx
SAO PAULO,SAO PAULO,03624,39,A_Frota_por_UF_Municipio_CEP_Julho_2026.xlsx
SAO PAULO,SAO PAULO,03625,42,A_Frota_por_UF_Municipio_CEP_Julho_2026.xlsx
SAO PAULO,SAO PAULO,03626,36,A_Frota_por_UF_Municipio_CEP_Julho_2026.xlsx
SAO PAULO,SAO PAULO,03627,34,A_Frota_por_UF_Municipio_CEP_Julho_2026.xlsx
SAO PAULO,SAO PAULO,03630,13,A_Frota_por_UF_Municipio_CEP_Julho_2026.xlsx
SAO PAULO,SAO PAULO,03631,37,A_Frota_por_UF_Municipio_CEP_Julho_2026.xlsx
SAO PAULO,SAO PAULO,03632,27,A_Frota_por_UF_Municipio_CEP_Julho_2026.xlsx
SAO PAULO,SAO PAULO,03633,22,A_Frota_por_UF_Municipio_CEP_Julho_2026.xlsx
SAO PAULO,SAO PAULO,03634,29,A_Frota_por_UF_Municipio_CEP_Julho_2026.xlsx
SAO PAULO,SAO PAULO,03635,20,A_Frota_por_UF_Municipio_CEP_Julho_2026.xlsx
SAO PAULO,SAO PAULO,03636,27,A_Frota_por_UF_Municipio_CEP_Julho_2026.xlsx
SAO PAULO,SAO PAULO,03637,49,A_Frota_por_UF_Municipio_CEP_Julho_2026.xlsx
SAO PAULO,SAO PAULO,03638,46,A_Frota_por_UF_Municipio_CEP_Julho_2026.xlsx
SAO PAULO,SAO PAULO,03639,39,A_Frota_por_UF_Municipio_CEP_Julho_2026.xlsx
SAO PAULO,SAO PAULO,03640,36,A_Frota_por_UF_Municipio_CEP_Julho_2026.xlsx
SAO PAULO,SAO PAULO,03641,28,A_Frota_por_UF_Municipio_CEP_Julho_2026.xlsx
SAO PAULO,SAO PAULO,03642,47,A_Frota_por_UF_Municipio_CEP_Julho_2026.xlsx
SAO PAULO,SAO PAULO,03643,23,A_Frota_por_UF_Municipio_CEP_Julho_2026.xlsx
SAO PAULO,SAO PAULO,03644,27,A_Frota_por_UF_Municipio_CEP_Julho_2026.xlsx
SAO PAULO,SAO PAULO,03645,26,A_Frota_por_UF_Municipio_CEP_Julho_2026.xlsx
SAO PAULO,SAO PAULO,03646,42,A_Frota_por_UF_Municipio_CEP_Julho_2026.xlsx
SAO PAULO,SAO PAULO,03647,45,A_Frota_por_UF_Municipio_CEP_Julho_2026.xlsx
SAO PAULO,SAO PAULO,03648,48,A_Frota_por_UF_Municipio_CEP_Julho_2026.xlsx
SAO PAULO,SAO PAULO,03649,36,A_Frota_por_UF_Municipio_CEP_Julho_2026.xlsx
SAO PAULO,SAO PAULO,03650,34,A_Frota_por_UF_Municipio_CEP_Julho_2026.xlsx
SAO PAULO,SAO PAULO,03651,50,A_Frota_por_UF_Municipio_CEP_Julho_2026.xlsx
SAO PAULO,SAO PAULO,03652,10,A_Frota_por_UF_Municipio_CEP_Julho_2026.xlsx
SAO PAULO,SAO PAULO,03653,10,A_Frota_por_UF_Municipio_CEP_Julho_2026.xlsx
SAO PAULO,SAO PAULO,03654,44,A_Frota_por_UF_Municipio_CEP_Julho_2026.xlsx
SAO PAULO,SAO PAULO,03655,30,A_Frota_por_UF_Municipio_CEP_Julho_2026.xlsx
SAO PAULO,SAO PAULO,03656,23,A_Frota_por_UF_Municipio_CEP_Julho_2026.xlsx
SAO PAULO,SAO PAULO,03657,28,A_Frota_por_UF_Municipio_CEP_Julho_2026.xlsx
SAO PAULO,SAO PAULO,03658,51,A_Frota_por_UF_Municipio_CEP_Julho_2026.xlsx
SAO PAULO,SAO PAULO,03659,28,A_Frota_por_UF_Municipio_CEP_Julho_2026.xlsx
SAO PAULO,SAO PAULO,03660,56,A_Frota_por_UF_Municipio_CEP_Julho_2026.xlsx
SAO PAULO,SAO PAULO,03661,27,A_Frota_por_UF_Municipio_CEP_Julho_2026.xlsx
SAO PAULO,SAO PAULO,03662,34,A_Frota_por_UF_Municipio_CEP_Julho_2026.xlsx
SAO PAULO,SAO PAULO,03663,29,A_Frota_por_UF_Municipio_CEP_Julho_2026.xlsx
SAO PAULO,SAO PAULO,03664,26,A_Frota_por_UF_Municipio_CEP_Julho_2026.xlsx
SAO PAULO,SAO PAULO,03665,32,A_Frota_por_UF_Municipio_CEP_Julho_2026.xlsx
SAO PAULO,SAO PAULO,03666,35,A_Frota_por_UF_Municipio_CEP_Julho_2026.xlsx
SAO PAULO,SAO PAULO,03667,25,A_Frota_por_UF_Municipio_CEP_Julho_2026.xlsx
SAO PAULO,SAO PAULO,03668,23,A_Frota_por_UF_Municipio_CEP_Julho_2026.xlsx
SAO PAULO,SAO PAULO,03669,66,A_Frota_por_UF_Municipio_CEP_Julho_2026.xlsx
SAO PAULO,SAO PAULO,03670,43,A_Frota_por_UF_Municipio_CEP_Julho_2026.xlsx
SAO PAULO,SAO PAULO,03671,32,A_Frota_por_UF_Municipio_CEP_Julho_2026.xlsx
SAO PAULO,SAO PAULO,03672,30,A_Frota_por_UF_Municipio_CEP_Julho_2026.xlsx
SAO PAULO,SAO PAULO,03673,27,A_Frota_por_UF_Municipio_CEP_Julho_2026.xlsx
SAO PAULO,SAO PAULO,03674,40,A_Frota_por_UF_Municipio_CEP_Julho_2026.xlsx
SAO PAULO,SAO PAULO,03675,29,A_Frota_por_UF_Municipio_CEP_Julho_2026.xlsx
SAO PAULO,SAO PAULO,03676,34,A_Frota_por_UF_Municipio_CEP_Julho_2026.xlsx
SAO PAULO,SAO PAULO,03677,23,A_Frota_por_UF_Municipio_CEP_Julho_2026.xlsx
SAO PAULO,SAO PAULO,03678,36,A_Frota_por_UF_Municipio_CEP_Julho_2026.xlsx
SAO PAULO,SAO PAULO,03679,52,A_Frota_por_UF_Municipio_CEP_Julho_2026.xlsx
SAO PAULO,SAO PAULO,03680,45,A_Frota_por_UF_Municipio_CEP_Julho_2026.xlsx
SAO PAULO,SAO PAULO,03681,26,A_Frota_por_UF_Municipio_CEP_Julho_2026.xlsx
SAO PAULO,SAO PAULO,03682,32,A_Frota_por_UF_Municipio_CEP_Julho_2026.xlsx
SAO PAULO,SAO PAULO,03683,53,A_Frota_por_UF_Municipio_CEP_Julho_2026.xlsx
SAO PAULO,SAO PAULO,03685,63,A_Frota_por_UF_Municipio_CEP_Julho_2026.xlsx
SAO PAULO,SAO PAULO,03686,2,A_Frota_por_UF_Municipio_CEP_Julho_2026.xlsx
SAO PAULO,SAO PAULO,03687,27,A_Frota_por_UF_Municipio_CEP_Julho_2026.xlsx
SAO PAULO,SAO PAULO,03688,49,A_Frota_por_UF_Municipio_CEP_Julho_2026.xlsx
SAO PAULO,SAO PAULO,03689,38,A_Frota_por_UF_Municipio_CEP_Julho_2026.xlsx
SAO PAULO,SAO PAULO,03690,19,A_Frota_por_UF_Municipio_CEP_Julho_2026.xlsx
SAO PAULO,SAO PAULO,03691,39,A_Frota_por_UF_Municipio_CEP_Julho_2026.xlsx
SAO PAULO,SAO PAULO,03692,25,A_Frota_por_UF_Municipio_CEP_Julho_2026.xlsx
SAO PAULO,SAO PAULO,03693,60,A_Frota_por_UF_Municipio_CEP_Julho_2026.xlsx
SAO PAULO,SAO PAULO,03694,109,A_Frota_por_UF_Municipio_CEP_Julho_2026.xlsx
SAO PAULO,SAO PAULO,03700,2,A_Frota_por_UF_Municipio_CEP_Julho_2026.xlsx
SAO PAULO,SAO PAULO,03701,15,A_Frota_por_UF_Municipio_CEP_Julho_2026.xlsx
SAO PAULO,SAO PAULO,03702,16,A_Frota_por_UF_Municipio_CEP_Julho_2026.xlsx
SAO PAULO,SAO PAULO,03703,24,A_Frota_por_UF_Municipio_CEP_Julho_2026.xlsx
SAO PAULO,SAO PAULO,03704,20,A_Frota_por_UF_Municipio_CEP_Julho_2026.xlsx
SAO PAULO,SAO PAULO,03706,1,A_Frota_por_UF_Municipio_CEP_Julho_2026.xlsx
SAO PAULO,SAO PAULO,03707,28,A_Frota_por_UF_Municipio_CEP_Julho_2026.xlsx
SAO PAULO,SAO PAULO,03708,2,A_Frota_por_UF_Municipio_CEP_Julho_2026.xlsx
SAO PAULO,SAO PAULO,03710,33,A_Frota_por_UF_Municipio_CEP_Julho_2026.xlsx
SAO PAULO,SAO PAULO,03711,35,A_Frota_por_UF_Municipio_CEP_Julho_2026.xlsx
SAO PAULO,SAO PAULO,03712,45,A_Frota_por_UF_Municipio_CEP_Julho_2026.xlsx
SAO PAULO,SAO PAULO,03713,15,A_Frota_por_UF_Municipio_CEP_Julho_2026.xlsx
SAO PAULO,SAO PAULO,03714,27,A_Frota_por_UF_Municipio_CEP_Julho_2026.xlsx
SAO PAULO,SAO PAULO,03715,35,A_Frota_por_UF_Municipio_CEP_Julho_2026.xlsx
SAO PAULO,SAO PAULO,03716,61,A_Frota_por_UF_Municipio_CEP_Julho_2026.xlsx
SAO PAULO,SAO PAULO,03717,91,A_Frota_por_UF_Municipio_CEP_Julho_2026.xlsx
SAO PAULO,SAO PAULO,03718,14,A_Frota_por_UF_Municipio_CEP_Julho_2026.xlsx
SAO PAULO,SAO PAULO,03719,5,A_Frota_por_UF_Municipio_CEP_Julho_2026.xlsx
SAO PAULO,SAO PAULO,03720,52,A_Frota_por_UF_Municipio_CEP_Julho_2026.xlsx
SAO PAULO,SAO PAULO,03721,82,A_Frota_por_UF_Municipio_CEP_Julho_2026.xlsx
SAO PAULO,SAO PAULO,03725,35,A_Frota_por_UF_Municipio_CEP_Julho_2026.xlsx
SAO PAULO,SAO PAULO,03726,89,A_Frota_por_UF_Municipio_CEP_Julho_2026.xlsx
SAO PAULO,SAO PAULO,03727,25,A_Frota_por_UF_Municipio_CEP_Julho_2026.xlsx
SAO PAULO,SAO PAULO,03728,74,A_Frota_por_UF_Municipio_CEP_Julho_2026.xlsx
SAO PAULO,SAO PAULO,03729,73,A_Frota_por_UF_Municipio_CEP_Julho_2026.xlsx
SAO PAULO,SAO PAULO,03730,25,A_Frota_por_UF_Municipio_CEP_Julho_2026.xlsx
SAO PAULO,SAO PAULO,03731,59,A_Frota_por_UF_Municipio_CEP_Julho_2026.xlsx
SAO PAULO,SAO PAULO,03732,59,A_Frota_por_UF_Municipio_CEP_Julho_2026.xlsx
SAO PAULO,SAO PAULO,03733,111,A_Frota_por_UF_Municipio_CEP_Julho_2026.xlsx
SAO PAULO,SAO PAULO,03734,63,A_Frota_por_UF_Municipio_CEP_Julho_2026.xlsx
SAO PAULO,SAO PAULO,03735,78,A_Frota_por_UF_Municipio_CEP_Julho_2026.xlsx
SAO PAULO,SAO PAULO,03736,46,A_Frota_por_UF_Municipio_CEP_Julho_2026.xlsx
SAO PAULO,SAO PAULO,03737,68,A_Frota_por_UF_Municipio_CEP_Julho_2026.xlsx
SAO PAULO,SAO PAULO,03738,39,A_Frota_por_UF_Municipio_CEP_Julho_2026.xlsx
SAO PAULO,SAO PAULO,03739,4,A_Frota_por_UF_Municipio_CEP_Julho_2026.xlsx
SAO PAULO,SAO PAULO,03740,1,A_Frota_por_UF_Municipio_CEP_Julho_2026.xlsx
SAO PAULO,SAO PAULO,03742,2,A_Frota_por_UF_Municipio_CEP_Julho_2026.xlsx
SAO PAULO,SAO PAULO,03743,3,A_Frota_por_UF_Municipio_CEP_Julho_2026.xlsx
SAO PAULO,SAO PAULO,03744,3,A_Frota_por_UF_Municipio_CEP_Julho_2026.xlsx
SAO PAULO,SAO PAULO,03745,1,A_Frota_por_UF_Municipio_CEP_Julho_2026.xlsx
SAO PAULO,SAO PAULO,03746,1,A_Frota_por_UF_Municipio_CEP_Julho_2026.xlsx
SAO PAULO,SAO PAULO,03747,6,A_Frota_por_UF_Municipio_CEP_Julho_2026.xlsx
SAO PAULO,SAO PAULO,03748,3,A_Frota_por_UF_Municipio_CEP_Julho_2026.xlsx
SAO PAULO,SAO PAULO,03749,7,A_Frota_por_UF_Municipio_CEP_Julho_2026.xlsx
SAO PAULO,SAO PAULO,03750,4,A_Frota_por_UF_Municipio_CEP_Julho_2026.xlsx
SAO PAULO,SAO PAULO,03751,6,A_Frota_por_UF_Municipio_CEP_Julho_2026.xlsx
SAO PAULO,SAO PAULO,03754,3,A_Frota_por_UF_Municipio_CEP_Julho_2026.xlsx
SAO PAULO,SAO PAULO,03755,30,A_Frota_por_UF_Municipio_CEP_Julho_2026.xlsx
SAO PAULO,SAO PAULO,03756,57,A_Frota_por_UF_Municipio_CEP_Julho_2026.xlsx
SAO PAULO,SAO PAULO,03757,54,A_Frota_por_UF_Municipio_CEP_Julho_2026.xlsx
SAO PAULO,SAO PAULO,03758,52,A_Frota_por_UF_Municipio_CEP_Julho_2026.xlsx
SAO PAULO,SAO PAULO,03759,40,A_Frota_por_UF_Municipio_CEP_Julho_2026.xlsx
SAO PAULO,SAO PAULO,03760,1,A_Frota_por_UF_Municipio_CEP_Julho_2026.xlsx
SAO PAULO,SAO PAULO,03770,1,A_Frota_por_UF_Municipio_CEP_Julho_2026.xlsx
SAO PAULO,SAO PAULO,03772,1,A_Frota_por_UF_Municipio_CEP_Julho_2026.xlsx
SAO PAULO,SAO PAULO,03773,3,A_Frota_por_UF_Municipio_CEP_Julho_2026.xlsx
SAO PAULO,SAO PAULO,03778,1,A_Frota_por_UF_Municipio_CEP_Julho_2026.xlsx
SAO PAULO,SAO PAULO,03780,3,A_Frota_por_UF_Municipio_CEP_Julho_2026.xlsx
SAO PAULO,SAO PAULO,03786,1,A_Frota_por_UF_Municipio_CEP_Julho_2026.xlsx
SAO PAULO,SAO PAULO,03790,2,A_Frota_por_UF_Municipio_CEP_Julho_2026.xlsx
SAO PAULO,SAO PAULO,03801,80,A_Frota_por_UF_Municipio_CEP_Julho_2026.xlsx
SAO PAULO,SAO PAULO,03802,37,A_Frota_por_UF_Municipio_CEP_Julho_2026.xlsx
SAO PAULO,SAO PAULO,03803,64,A_Frota_por_UF_Municipio_CEP_Julho_2026.xlsx
SAO PAULO,SAO PAULO,03804,99,A_Frota_por_UF_Municipio_CEP_Julho_2026.xlsx
SAO PAULO,SAO PAULO,03805,89,A_Frota_por_UF_Municipio_CEP_Julho_2026.xlsx
SAO PAULO,SAO PAULO,03806,37,A_Frota_por_UF_Municipio_CEP_Julho_2026.xlsx
SAO PAULO,SAO PAULO,03807,121,A_Frota_por_UF_Municipio_CEP_Julho_2026.xlsx
SAO PAULO,SAO PAULO,03808,53,A_Frota_por_UF_Municipio_CEP_Julho_2026.xlsx
SAO PAULO,SAO PAULO,03809,30,A_Frota_por_UF_Municipio_CEP_Julho_2026.xlsx
SAO PAULO,SAO PAULO,03810,59,A_Frota_por_UF_Municipio_CEP_Julho_2026.xlsx
SAO PAULO,SAO PAULO,03811,27,A_Frota_por_UF_Municipio_CEP_Julho_2026.xlsx
SAO PAULO,SAO PAULO,03812,43,A_Frota_por_UF_Municipio_CEP_Julho_2026.xlsx
SAO PAULO,SAO PAULO,03813,131,A_Frota_por_UF_Municipio_CEP_Julho_2026.xlsx
SAO PAULO,SAO PAULO,03814,67,A_Frota_por_UF_Municipio_CEP_Julho_2026.xlsx
SAO PAULO,SAO PAULO,03816,51,A_Frota_por_UF_Municipio_CEP_Julho_2026.xlsx
SAO PAULO,SAO PAULO,03817,65,A_Frota_por_UF_Municipio_CEP_Julho_2026.xlsx
SAO PAULO,SAO PAULO,03818,59,A_Frota_por_UF_Municipio_CEP_Julho_2026.xlsx
SAO PAULO,SAO PAULO,03819,84,A_Frota_por_UF_Municipio_CEP_Julho_2026.xlsx
SAO PAULO,SAO PAULO,03820,118,A_Frota_por_UF_Municipio_CEP_Julho_2026.xlsx
SAO PAULO,SAO PAULO,03821,116,A_Frota_por_UF_Municipio_CEP_Julho_2026.xlsx
SAO PAULO,SAO PAULO,03822,38,A_Frota_por_UF_Municipio_CEP_Julho_2026.xlsx
SAO PAULO,SAO PAULO,03823,66,A_Frota_por_UF_Municipio_CEP_Julho_2026.xlsx
SAO PAULO,SAO PAULO,03824,1,A_Frota_por_UF_Municipio_CEP_Julho_2026.xlsx
SAO PAULO,SAO PAULO,03827,30,A_Frota_por_UF_Municipio_CEP_Julho_2026.xlsx
SAO PAULO,SAO PAULO,03828,49,A_Frota_por_UF_Municipio_CEP_Julho_2026.xlsx
SAO PAULO,SAO PAULO,03829,1,A_Frota_por_UF_Municipio_CEP_Julho_2026.xlsx
SAO PAULO,SAO PAULO,03835,2,A_Frota_por_UF_Municipio_CEP_Julho_2026.xlsx
SAO PAULO,SAO PAULO,03838,4,A_Frota_por_UF_Municipio_CEP_Julho_2026.xlsx
SAO PAULO,SAO PAULO,03839,1,A_Frota_por_UF_Municipio_CEP_Julho_2026.xlsx
SAO PAULO,SAO PAULO,03840,1,A_Frota_por_UF_Municipio_CEP_Julho_2026.xlsx
SAO PAULO,SAO PAULO,03848,1,A_Frota_por_UF_Municipio_CEP_Julho_2026.xlsx
SAO PAULO,SAO PAULO,03850,1,A_Frota_por_UF_Municipio_CEP_Julho_2026.xlsx
SAO PAULO,SAO PAULO,03851,1,A_Frota_por_UF_Municipio_CEP_Julho_2026.xlsx
SAO PAULO,SAO PAULO,03854,1,A_Frota_por_UF_Municipio_CEP_Julho_2026.xlsx
SAO PAULO,SAO PAULO,03860,1,A_Frota_por_UF_Municipio_CEP_Julho_2026.xlsx
SAO PAULO,SAO PAULO,03861,2,A_Frota_por_UF_Municipio_CEP_Julho_2026.xlsx
SAO PAULO,SAO PAULO,03865,2,A_Frota_por_UF_Municipio_CEP_Julho_2026.xlsx
SAO PAULO,SAO PAULO,03867,1,A_Frota_por_UF_Municipio_CEP_Julho_2026.xlsx
SAO PAULO,SAO PAULO,03868,2,A_Frota_por_UF_Municipio_CEP_Julho_2026.xlsx
SAO PAULO,SAO PAULO,03870,5,A_Frota_por_UF_Municipio_CEP_Julho_2026.xlsx
SAO PAULO,SAO PAULO,03871,13,A_Frota_por_UF_Municipio_CEP_Julho_2026.xlsx
SAO PAULO,SAO PAULO,03872,1,A_Frota_por_UF_Municipio_CEP_Julho_2026.xlsx
SAO PAULO,SAO PAULO,03873,30,A_Frota_por_UF_Municipio_CEP_Julho_2026.xlsx
SAO PAULO,SAO PAULO,03874,19,A_Frota_por_UF_Municipio_CEP_Julho_2026.xlsx
SAO PAULO,SAO PAULO,03875,8,A_Frota_por_UF_Municipio_CEP_Julho_2026.xlsx
SAO PAULO,SAO PAULO,03876,10,A_Frota_por_UF_Municipio_CEP_Julho_2026.xlsx
SAO PAULO,SAO PAULO,03877,12,A_Frota_por_UF_Municipio_CEP_Julho_2026.xlsx
SAO PAULO,SAO PAULO,03878,18,A_Frota_por_UF_Municipio_CEP_Julho_2026.xlsx
SAO PAULO,SAO PAULO,03880,16,A_Frota_por_UF_Municipio_CEP_Julho_2026.xlsx
SAO PAULO,SAO PAULO,03881,28,A_Frota_por_UF_Municipio_CEP_Julho_2026.xlsx
SAO PAULO,SAO PAULO,03882,26,A_Frota_por_UF_Municipio_CEP_Julho_2026.xlsx
SAO PAULO,SAO PAULO,03883,11,A_Frota_por_UF_Municipio_CEP_Julho_2026.xlsx
SAO PAULO,SAO PAULO,03884,26,A_Frota_por_UF_Municipio_CEP_Julho_2026.xlsx
SAO PAULO,SAO PAULO,03886,10,A_Frota_por_UF_Municipio_CEP_Julho_2026.xlsx
SAO PAULO,SAO PAULO,03887,14,A_Frota_por_UF_Municipio_CEP_Julho_2026.xlsx
SAO PAULO,SAO PAULO,03888,7,A_Frota_por_UF_Municipio_CEP_Julho_2026.xlsx
SAO PAULO,SAO PAULO,03889,12,A_Frota_por_UF_Municipio_CEP_Julho_2026.xlsx
SAO PAULO,SAO PAULO,03890,9,A_Frota_por_UF_Municipio_CEP_Julho_2026.xlsx
SAO PAULO,SAO PAULO,03891,18,A_Frota_por_UF_Municipio_CEP_Julho_2026.xlsx
SAO PAULO,SAO PAULO,03892,17,A_Frota_por_UF_Municipio_CEP_Julho_2026.xlsx
SAO PAULO,SAO PAULO,03893,5,A_Frota_por_UF_Municipio_CEP_Julho_2026.xlsx
SAO PAULO,SAO PAULO,03894,18,A_Frota_por_UF_Municipio_CEP_Julho_2026.xlsx
SAO PAULO,SAO PAULO,03895,16,A_Frota_por_UF_Municipio_CEP_Julho_2026.xlsx
SAO PAULO,SAO PAULO,03896,10,A_Frota_por_UF_Municipio_CEP_Julho_2026.xlsx
SAO PAULO,SAO PAULO,03900,1,A_Frota_por_UF_Municipio_CEP_Julho_2026.xlsx
SAO PAULO,SAO PAULO,03901,14,A_Frota_por_UF_Municipio_CEP_Julho_2026.xlsx
SAO PAULO,SAO PAULO,03904,26,A_Frota_por_UF_Municipio_CEP_Julho_2026.xlsx
SAO PAULO,SAO PAULO,03905,33,A_Frota_por_UF_Municipio_CEP_Julho_2026.xlsx
SAO PAULO,SAO PAULO,03906,21,A_Frota_por_UF_Municipio_CEP_Julho_2026.xlsx
SAO PAULO,SAO PAULO,03907,35,A_Frota_por_UF_Municipio_CEP_Julho_2026.xlsx
SAO PAULO,SAO PAULO,03908,62,A_Frota_por_UF_Municipio_CEP_Julho_2026.xlsx
SAO PAULO,SAO PAULO,03909,52,A_Frota_por_UF_Municipio_CEP_Julho_2026.xlsx
SAO PAULO,SAO PAULO,03910,44,A_Frota_por_UF_Municipio_CEP_Julho_2026.xlsx
SAO PAULO,SAO PAULO,03911,28,A_Frota_por_UF_Municipio_CEP_Julho_2026.xlsx
SAO PAULO,SAO PAULO,03912,50,A_Frota_por_UF_Municipio_CEP_Julho_2026.xlsx
SAO PAULO,SAO PAULO,03915,1,A_Frota_por_UF_Municipio_CEP_Julho_2026.xlsx
SAO PAULO,SAO PAULO,03916,26,A_Frota_por_UF_Municipio_CEP_Julho_2026.xlsx
SAO PAULO,SAO PAULO,03917,30,A_Frota_por_UF_Municipio_CEP_Julho_2026.xlsx
SAO PAULO,SAO PAULO,03918,118,A_Frota_por_UF_Municipio_CEP_Julho_2026.xlsx
SAO PAULO,SAO PAULO,03919,13,A_Frota_por_UF_Municipio_CEP_Julho_2026.xlsx
SAO PAULO,SAO PAULO,03920,61,A_Frota_por_UF_Municipio_CEP_Julho_2026.xlsx
SAO PAULO,SAO PAULO,03921,73,A_Frota_por_UF_Municipio_CEP_Julho_2026.xlsx
SAO PAULO,SAO PAULO,03922,47,A_Frota_por_UF_Municipio_CEP_Julho_2026.xlsx
SAO PAULO,SAO PAULO,03923,149,A_Frota_por_UF_Municipio_CEP_Julho_2026.xlsx
SAO PAULO,SAO PAULO,03924,82,A_Frota_por_UF_Municipio_CEP_Julho_2026.xlsx
SAO PAULO,SAO PAULO,03925,75,A_Frota_por_UF_Municipio_CEP_Julho_2026.xlsx
SAO PAULO,SAO PAULO,03926,6,A_Frota_por_UF_Municipio_CEP_Julho_2026.xlsx
SAO PAULO,SAO PAULO,03927,46,A_Frota_por_UF_Municipio_CEP_Julho_2026.xlsx
SAO PAULO,SAO PAULO,03928,182,A_Frota_por_UF_Municipio_CEP_Julho_2026.xlsx
SAO PAULO,SAO PAULO,03929,75,A_Frota_por_UF_Municipio_CEP_Julho_2026.xlsx
SAO PAULO,SAO PAULO,03930,40,A_Frota_por_UF_Municipio_CEP_Julho_2026.xlsx
SAO PAULO,SAO PAULO,03931,22,A_Frota_por_UF_Municipio_CEP_Julho_2026.xlsx
SAO PAULO,SAO PAULO,03932,17,A_Frota_por_UF_Municipio_CEP_Julho_2026.xlsx
SAO PAULO,SAO PAULO,03933,44,A_Frota_por_UF_Municipio_CEP_Julho_2026.xlsx
SAO PAULO,SAO PAULO,03934,39,A_Frota_por_UF_Municipio_CEP_Julho_2026.xlsx
SAO PAULO,SAO PAULO,03935,40,A_Frota_por_UF_Municipio_CEP_Julho_2026.xlsx
SAO PAULO,SAO PAULO,03936,37,A_Frota_por_UF_Municipio_CEP_Julho_2026.xlsx
SAO PAULO,SAO PAULO,03937,44,A_Frota_por_UF_Municipio_CEP_Julho_2026.xlsx
SAO PAULO,SAO PAULO,03938,64,A_Frota_por_UF_Municipio_CEP_Julho_2026.xlsx
SAO PAULO,SAO PAULO,03939,40,A_Frota_por_UF_Municipio_CEP_Julho_2026.xlsx
SAO PAULO,SAO PAULO,03940,45,A_Frota_por_UF_Municipio_CEP_Julho_2026.xlsx
SAO PAULO,SAO PAULO,03941,11,A_Frota_por_UF_Municipio_CEP_Julho_2026.xlsx
SAO PAULO,SAO PAULO,03942,21,A_Frota_por_UF_Municipio_CEP_Julho_2026.xlsx
SAO PAULO,SAO PAULO,03943,35,A_Frota_por_UF_Municipio_CEP_Julho_2026.xlsx
SAO PAULO,SAO PAULO,03944,40,A_Frota_por_UF_Municipio_CEP_Julho_2026.xlsx
SAO PAULO,SAO PAULO,03945,71,A_Frota_por_UF_Municipio_CEP_Julho_2026.xlsx
SAO PAULO,SAO PAULO,03946,37,A_Frota_por_UF_Municipio_CEP_Julho_2026.xlsx
SAO PAULO,SAO PAULO,03947,22,A_Frota_por_UF_Municipio_CEP_Julho_2026.xlsx
SAO PAULO,SAO PAULO,03948,23,A_Frota_por_UF_Municipio_CEP_Julho_2026.xlsx
SAO PAULO,SAO PAULO,03949,26,A_Frota_por_UF_Municipio_CEP_Julho_2026.xlsx
SAO PAULO,SAO PAULO,03950,41,A_Frota_por_UF_Municipio_CEP_Julho_2026.xlsx
SAO PAULO,SAO PAULO,03951,33,A_Frota_por_UF_Municipio_CEP_Julho_2026.xlsx
SAO PAULO,SAO PAULO,03952,43,A_Frota_por_UF_Municipio_CEP_Julho_2026.xlsx
SAO PAULO,SAO PAULO,03953,20,A_Frota_por_UF_Municipio_CEP_Julho_2026.xlsx
SAO PAULO,SAO PAULO,03954,2,A_Frota_por_UF_Municipio_CEP_Julho_2026.xlsx
SAO PAULO,SAO PAULO,03956,1,A_Frota_por_UF_Municipio_CEP_Julho_2026.xlsx
SAO PAULO,SAO PAULO,03958,39,A_Frota_por_UF_Municipio_CEP_Julho_2026.xlsx
SAO PAULO,SAO PAULO,03959,36,A_Frota_por_UF_Municipio_CEP_Julho_2026.xlsx
SAO PAULO,SAO PAULO,03960,38,A_Frota_por_UF_Municipio_CEP_Julho_2026.xlsx
SAO PAULO,SAO PAULO,03961,42,A_Frota_por_UF_Municipio_CEP_Julho_2026.xlsx
SAO PAULO,SAO PAULO,03962,50,A_Frota_por_UF_Municipio_CEP_Julho_2026.xlsx
SAO PAULO,SAO PAULO,03963,38,A_Frota_por_UF_Municipio_CEP_Julho_2026.xlsx
SAO PAULO,SAO PAULO,03964,14,A_Frota_por_UF_Municipio_CEP_Julho_2026.xlsx
SAO PAULO,SAO PAULO,03965,51,A_Frota_por_UF_Municipio_CEP_Julho_2026.xlsx
SAO PAULO,SAO PAULO,03966,35,A_Frota_por_UF_Municipio_CEP_Julho_2026.xlsx
SAO PAULO,SAO PAULO,03967,19,A_Frota_por_UF_Municipio_CEP_Julho_2026.xlsx
SAO PAULO,SAO PAULO,03968,40,A_Frota_por_UF_Municipio_CEP_Julho_2026.xlsx
SAO PAULO,SAO PAULO,03969,25,A_Frota_por_UF_Municipio_CEP_Julho_2026.xlsx
SAO PAULO,SAO PAULO,03970,18,A_Frota_por_UF_Municipio_CEP_Julho_2026.xlsx
SAO PAULO,SAO PAULO,03971,17,A_Frota_por_UF_Municipio_CEP_Julho_2026.xlsx
SAO PAULO,SAO PAULO,03972,27,A_Frota_por_UF_Municipio_CEP_Julho_2026.xlsx
SAO PAULO,SAO PAULO,03973,17,A_Frota_por_UF_Municipio_CEP_Julho_2026.xlsx
SAO PAULO,SAO PAULO,03974,41,A_Frota_por_UF_Municipio_CEP_Julho_2026.xlsx
SAO PAULO,SAO PAULO,03975,68,A_Frota_por_UF_Municipio_CEP_Julho_2026.xlsx
SAO PAULO,SAO PAULO,03976,64,A_Frota_por_UF_Municipio_CEP_Julho_2026.xlsx
SAO PAULO,SAO PAULO,03977,273,A_Frota_por_UF_Municipio_CEP_Julho_2026.xlsx
SAO PAULO,SAO PAULO,03978,187,A_Frota_por_UF_Municipio_CEP_Julho_2026.xlsx
SAO PAULO,SAO PAULO,03979,51,A_Frota_por_UF_Municipio_CEP_Julho_2026.xlsx
SAO PAULO,SAO PAULO,03980,41,A_Frota_por_UF_Municipio_CEP_Julho_2026.xlsx
SAO PAULO,SAO PAULO,03981,66,A_Frota_por_UF_Municipio_CEP_Julho_2026.xlsx
SAO PAULO,SAO PAULO,03982,55,A_Frota_por_UF_Municipio_CEP_Julho_2026.xlsx
SAO PAULO,SAO PAULO,03983,64,A_Frota_por_UF_Municipio_CEP_Julho_2026.xlsx
SAO PAULO,SAO PAULO,03984,65,A_Frota_por_UF_Municipio_CEP_Julho_2026.xlsx
SAO PAULO,SAO PAULO,03985,54,A_Frota_por_UF_Municipio_CEP_Julho_2026.xlsx
SAO PAULO,SAO PAULO,03986,60,A_Frota_por_UF_Municipio_CEP_Julho_2026.xlsx
SAO PAULO,SAO PAULO,03987,28,A_Frota_por_UF_Municipio_CEP_Julho_2026.xlsx
SAO PAULO,SAO PAULO,03988,28,A_Frota_por_UF_Municipio_CEP_Julho_2026.xlsx
SAO PAULO,SAO PAULO,03989,24,A_Frota_por_UF_Municipio_CEP_Julho_2026.xlsx
SAO PAULO,SAO PAULO,03990,1,A_Frota_por_UF_Municipio_CEP_Julho_2026.xlsx
SAO PAULO,SAO PAULO,03991,1,A_Frota_por_UF_Municipio_CEP_Julho_2026.xlsx
SAO PAULO,SAO PAULO,03997,1,A_Frota_por_UF_Municipio_CEP_Julho_2026.xlsx
SAO PAULO,SAO PAULO,03999,1,A_Frota_por_UF_Municipio_CEP_Julho_2026.xlsx
SAO PAULO,SAO PAULO,04000,4,A_Frota_por_UF_Municipio_CEP_Julho_2026.xlsx
SAO PAULO,SAO PAULO,04001,59,A_Frota_por_UF_Municipio_CEP_Julho_2026.xlsx
SAO PAULO,SAO PAULO,04002,39,A_Frota_por_UF_Municipio_CEP_Julho_2026.xlsx
SAO PAULO,SAO PAULO,04003,47,A_Frota_por_UF_Municipio_CEP_Julho_2026.xlsx
SAO PAULO,SAO PAULO,04004,60,A_Frota_por_UF_Municipio_CEP_Julho_2026.xlsx
SAO PAULO,SAO PAULO,04005,48,A_Frota_por_UF_Municipio_CEP_Julho_2026.xlsx
SAO PAULO,SAO PAULO,04006,52,A_Frota_por_UF_Municipio_CEP_Julho_2026.xlsx
SAO PAULO,SAO PAULO,04007,28,A_Frota_por_UF_Municipio_CEP_Julho_2026.xlsx
SAO PAULO,SAO PAULO,04008,37,A_Frota_por_UF_Municipio_CEP_Julho_2026.xlsx
SAO PAULO,SAO PAULO,04009,11,A_Frota_por_UF_Municipio_CEP_Julho_2026.xlsx
SAO PAULO,SAO PAULO,04010,34,A_Frota_por_UF_Municipio_CEP_Julho_2026.xlsx
SAO PAULO,SAO PAULO,04011,106,A_Frota_por_UF_Municipio_CEP_Julho_2026.xlsx
SAO PAULO,SAO PAULO,04012,80,A_Frota_por_UF_Municipio_CEP_Julho_2026.xlsx
SAO PAULO,SAO PAULO,04013,99,A_Frota_por_UF_Municipio_CEP_Julho_2026.xlsx
SAO PAULO,SAO PAULO,04014,46,A_Frota_por_UF_Municipio_CEP_Julho_2026.xlsx
SAO PAULO,SAO PAULO,04015,106,A_Frota_por_UF_Municipio_CEP_Julho_2026.xlsx
SAO PAULO,SAO PAULO,04016,36,A_Frota_por_UF_Municipio_CEP_Julho_2026.xlsx
SAO PAULO,SAO PAULO,04017,33,A_Frota_por_UF_Municipio_CEP_Julho_2026.xlsx
SAO PAULO,SAO PAULO,04018,207,A_Frota_por_UF_Municipio_CEP_Julho_2026.xlsx
SAO PAULO,SAO PAULO,04019,23,A_Frota_por_UF_Municipio_CEP_Julho_2026.xlsx
SAO PAULO,SAO PAULO,04020,25,A_Frota_por_UF_Municipio_CEP_Julho_2026.xlsx
SAO PAULO,SAO PAULO,04021,28,A_Frota_por_UF_Municipio_CEP_Julho_2026.xlsx
SAO PAULO,SAO PAULO,04022,92,A_Frota_por_UF_Municipio_CEP_Julho_2026.xlsx
SAO PAULO,SAO PAULO,04023,25,A_Frota_por_UF_Municipio_CEP_Julho_2026.xlsx
SAO PAULO,SAO PAULO,04024,22,A_Frota_por_UF_Municipio_CEP_Julho_2026.xlsx
SAO PAULO,SAO PAULO,04025,22,A_Frota_por_UF_Municipio_CEP_Julho_2026.xlsx
SAO PAULO,SAO PAULO,04026,29,A_Frota_por_UF_Municipio_CEP_Julho_2026.xlsx
SAO PAULO,SAO PAULO,04027,10,A_Frota_por_UF_Municipio_CEP_Julho_2026.xlsx
SAO PAULO,SAO PAULO,04028,27,A_Frota_por_UF_Municipio_CEP_Julho_2026.xlsx
SAO PAULO,SAO PAULO,04029,57,A_Frota_por_UF_Municipio_CEP_Julho_2026.xlsx
SAO PAULO,SAO PAULO,04030,9,A_Frota_por_UF_Municipio_CEP_Julho_2026.xlsx
SAO PAULO,SAO PAULO,04031,9,A_Frota_por_UF_Municipio_CEP_Julho_2026.xlsx
SAO PAULO,SAO PAULO,04032,9,A_Frota_por_UF_Municipio_CEP_Julho_2026.xlsx
SAO PAULO,SAO PAULO,04033,1,A_Frota_por_UF_Municipio_CEP_Julho_2026.xlsx
SAO PAULO,SAO PAULO,04035,5,A_Frota_por_UF_Municipio_CEP_Julho_2026.xlsx
SAO PAULO,SAO PAULO,04036,13,A_Frota_por_UF_Municipio_CEP_Julho_2026.xlsx
SAO PAULO,SAO PAULO,04037,32,A_Frota_por_UF_Municipio_CEP_Julho_2026.xlsx
SAO PAULO,SAO PAULO,04038,29,A_Frota_por_UF_Municipio_CEP_Julho_2026.xlsx
SAO PAULO,SAO PAULO,04039,23,A_Frota_por_UF_Municipio_CEP_Julho_2026.xlsx
SAO PAULO,SAO PAULO,04040,54,A_Frota_por_UF_Municipio_CEP_Julho_2026.xlsx
SAO PAULO,SAO PAULO,04041,55,A_Frota_por_UF_Municipio_CEP_Julho_2026.xlsx
SAO PAULO,SAO PAULO,04042,60,A_Frota_por_UF_Municipio_CEP_Julho_2026.xlsx
SAO PAULO,SAO PAULO,04043,54,A_Frota_por_UF_Municipio_CEP_Julho_2026.xlsx
SAO PAULO,SAO PAULO,04044,30,A_Frota_por_UF_Municipio_CEP_Julho_2026.xlsx
SAO PAULO,SAO PAULO,04045,31,A_Frota_por_UF_Municipio_CEP_Julho_2026.xlsx
SAO PAULO,SAO PAULO,04046,40,A_Frota_por_UF_Municipio_CEP_Julho_2026.xlsx
SAO PAULO,SAO PAULO,04047,39,A_Frota_por_UF_Municipio_CEP_Julho_2026.xlsx
SAO PAULO,SAO PAULO,04048,33,A_Frota_por_UF_Municipio_CEP_Julho_2026.xlsx
SAO PAULO,SAO PAULO,04049,35,A_Frota_por_UF_Municipio_CEP_Julho_2026.xlsx
SAO PAULO,SAO PAULO,04050,26,A_Frota_por_UF_Municipio_CEP_Julho_2026.xlsx
SAO PAULO,SAO PAULO,04051,16,A_Frota_por_UF_Municipio_CEP_Julho_2026.xlsx
SAO PAULO,SAO PAULO,04052,52,A_Frota_por_UF_Municipio_CEP_Julho_2026.xlsx
SAO PAULO,SAO PAULO,04053,38,A_Frota_por_UF_Municipio_CEP_Julho_2026.xlsx
SAO PAULO,SAO PAULO,04054,29,A_Frota_por_UF_Municipio_CEP_Julho_2026.xlsx
SAO PAULO,SAO PAULO,04055,53,A_Frota_por_UF_Municipio_CEP_Julho_2026.xlsx
SAO PAULO,SAO PAULO,04056,2,A_Frota_por_UF_Municipio_CEP_Julho_2026.xlsx
SAO PAULO,SAO PAULO,04057,28,A_Frota_por_UF_Municipio_CEP_Julho_2026.xlsx
SAO PAULO,SAO PAULO,04058,17,A_Frota_por_UF_Municipio_CEP_Julho_2026.xlsx
SAO PAULO,SAO PAULO,04059,14,A_Frota_por_UF_Municipio_CEP_Julho_2026.xlsx
SAO PAULO,SAO PAULO,04060,46,A_Frota_por_UF_Municipio_CEP_Julho_2026.xlsx
SAO PAULO,SAO PAULO,04061,15,A_Frota_por_UF_Municipio_CEP_Julho_2026.xlsx
SAO PAULO,SAO PAULO,04062,52,A_Frota_por_UF_Municipio_CEP_Julho_2026.xlsx
SAO PAULO,SAO PAULO,04063,52,A_Frota_por_UF_Municipio_CEP_Julho_2026.xlsx
SAO PAULO,SAO PAULO,04064,30,A_Frota_por_UF_Municipio_CEP_Julho_2026.xlsx
SAO PAULO,SAO PAULO,04065,37,A_Frota_por_UF_Municipio_CEP_Julho_2026.xlsx
SAO PAULO,SAO PAULO,04066,16,A_Frota_por_UF_Municipio_CEP_Julho_2026.xlsx
SAO PAULO,SAO PAULO,04067,37,A_Frota_por_UF_Municipio_CEP_Julho_2026.xlsx
SAO PAULO,SAO PAULO,04068,16,A_Frota_por_UF_Municipio_CEP_Julho_2026.xlsx
SAO PAULO,SAO PAULO,04069,20,A_Frota_por_UF_Municipio_CEP_Julho_2026.xlsx
SAO PAULO,SAO PAULO,04070,31,A_Frota_por_UF_Municipio_CEP_Julho_2026.xlsx
SAO PAULO,SAO PAULO,04071,25,A_Frota_por_UF_Municipio_CEP_Julho_2026.xlsx
SAO PAULO,SAO PAULO,04072,16,A_Frota_por_UF_Municipio_CEP_Julho_2026.xlsx
SAO PAULO,SAO PAULO,04074,23,A_Frota_por_UF_Municipio_CEP_Julho_2026.xlsx
SAO PAULO,SAO PAULO,04075,17,A_Frota_por_UF_Municipio_CEP_Julho_2026.xlsx
SAO PAULO,SAO PAULO,04076,41,A_Frota_por_UF_Municipio_CEP_Julho_2026.xlsx
SAO PAULO,SAO PAULO,04077,38,A_Frota_por_UF_Municipio_CEP_Julho_2026.xlsx
SAO PAULO,SAO PAULO,04078,47,A_Frota_por_UF_Municipio_CEP_Julho_2026.xlsx
SAO PAULO,SAO PAULO,04079,32,A_Frota_por_UF_Municipio_CEP_Julho_2026.xlsx
SAO PAULO,SAO PAULO,04080,70,A_Frota_por_UF_Municipio_CEP_Julho_2026.xlsx
SAO PAULO,SAO PAULO,04081,42,A_Frota_por_UF_Municipio_CEP_Julho_2026.xlsx
SAO PAULO,SAO PAULO,04082,48,A_Frota_por_UF_Municipio_CEP_Julho_2026.xlsx
SAO PAULO,SAO PAULO,04083,29,A_Frota_por_UF_Municipio_CEP_Julho_2026.xlsx
SAO PAULO,SAO PAULO,04084,73,A_Frota_por_UF_Municipio_CEP_Julho_2026.xlsx
SAO PAULO,SAO PAULO,04085,22,A_Frota_por_UF_Municipio_CEP_Julho_2026.xlsx
SAO PAULO,SAO PAULO,04086,37,A_Frota_por_UF_Municipio_CEP_Julho_2026.xlsx
SAO PAULO,SAO PAULO,04087,46,A_Frota_por_UF_Municipio_CEP_Julho_2026.xlsx
SAO PAULO,SAO PAULO,04088,33,A_Frota_por_UF_Municipio_CEP_Julho_2026.xlsx
SAO PAULO,SAO PAULO,04089,33,A_Frota_por_UF_Municipio_CEP_Julho_2026.xlsx
SAO PAULO,SAO PAULO,04090,32,A_Frota_por_UF_Municipio_CEP_Julho_2026.xlsx
SAO PAULO,SAO PAULO,04093,6,A_Frota_por_UF_Municipio_CEP_Julho_2026.xlsx
SAO PAULO,SAO PAULO,04094,1,A_Frota_por_UF_Municipio_CEP_Julho_2026.xlsx
SAO PAULO,SAO PAULO,04098,1,A_Frota_por_UF_Municipio_CEP_Julho_2026.xlsx
SAO PAULO,SAO PAULO,04101,53,A_Frota_por_UF_Municipio_CEP_Julho_2026.xlsx
SAO PAULO,SAO PAULO,04102,40,A_Frota_por_UF_Municipio_CEP_Julho_2026.xlsx
SAO PAULO,SAO PAULO,04103,22,A_Frota_por_UF_Municipio_CEP_Julho_2026.xlsx
SAO PAULO,SAO PAULO,04104,34,A_Frota_por_UF_Municipio_CEP_Julho_2026.xlsx
SAO PAULO,SAO PAULO,04105,85,A_Frota_por_UF_Municipio_CEP_Julho_2026.xlsx
SAO PAULO,SAO PAULO,04106,33,A_Frota_por_UF_Municipio_CEP_Julho_2026.xlsx
SAO PAULO,SAO PAULO,04107,55,A_Frota_por_UF_Municipio_CEP_Julho_2026.xlsx
SAO PAULO,SAO PAULO,04108,32,A_Frota_por_UF_Municipio_CEP_Julho_2026.xlsx
SAO PAULO,SAO PAULO,04109,25,A_Frota_por_UF_Municipio_CEP_Julho_2026.xlsx
SAO PAULO,SAO PAULO,04110,30,A_Frota_por_UF_Municipio_CEP_Julho_2026.xlsx
SAO PAULO,SAO PAULO,04111,50,A_Frota_por_UF_Municipio_CEP_Julho_2026.xlsx
SAO PAULO,SAO PAULO,04112,34,A_Frota_por_UF_Municipio_CEP_Julho_2026.xlsx
SAO PAULO,SAO PAULO,04113,56,A_Frota_por_UF_Municipio_CEP_Julho_2026.xlsx
SAO PAULO,SAO PAULO,04114,30,A_Frota_por_UF_Municipio_CEP_Julho_2026.xlsx
SAO PAULO,SAO PAULO,04115,28,A_Frota_por_UF_Municipio_CEP_Julho_2026.xlsx
SAO PAULO,SAO PAULO,04116,71,A_Frota_por_UF_Municipio_CEP_Julho_2026.xlsx
SAO PAULO,SAO PAULO,04117,45,A_Frota_por_UF_Municipio_CEP_Julho_2026.xlsx
SAO PAULO,SAO PAULO,04118,18,A_Frota_por_UF_Municipio_CEP_Julho_2026.xlsx
SAO PAULO,SAO PAULO,04119,53,A_Frota_por_UF_Municipio_CEP_Julho_2026.xlsx
SAO PAULO,SAO PAULO,04120,40,A_Frota_por_UF_Municipio_CEP_Julho_2026.xlsx
SAO PAULO,SAO PAULO,04121,39,A_Frota_por_UF_Municipio_CEP_Julho_2026.xlsx
SAO PAULO,SAO PAULO,04122,33,A_Frota_por_UF_Municipio_CEP_Julho_2026.xlsx
SAO PAULO,SAO PAULO,04123,13,A_Frota_por_UF_Municipio_CEP_Julho_2026.xlsx
SAO PAULO,SAO PAULO,04124,121,A_Frota_por_UF_Municipio_CEP_Julho_2026.xlsx
SAO PAULO,SAO PAULO,04125,98,A_Frota_por_UF_Municipio_CEP_Julho_2026.xlsx
SAO PAULO,SAO PAULO,04126,27,A_Frota_por_UF_Municipio_CEP_Julho_2026.xlsx
SAO PAULO,SAO PAULO,04127,64,A_Frota_por_UF_Municipio_CEP_Julho_2026.xlsx
SAO PAULO,SAO PAULO,04128,35,A_Frota_por_UF_Municipio_CEP_Julho_2026.xlsx
SAO PAULO,SAO PAULO,04129,26,A_Frota_por_UF_Municipio_CEP_Julho_2026.xlsx
SAO PAULO,SAO PAULO,04130,49,A_Frota_por_UF_Municipio_CEP_Julho_2026.xlsx
SAO PAULO,SAO PAULO,04131,37,A_Frota_por_UF_Municipio_CEP_Julho_2026.xlsx
SAO PAULO,SAO PAULO,04132,35,A_Frota_por_UF_Municipio_CEP_Julho_2026.xlsx
SAO PAULO,SAO PAULO,04133,27,A_Frota_por_UF_Municipio_CEP_Julho_2026.xlsx
SAO PAULO,SAO PAULO,04134,73,A_Frota_por_UF_Municipio_CEP_Julho_2026.xlsx
SAO PAULO,SAO PAULO,04135,44,A_Frota_por_UF_Municipio_CEP_Julho_2026.xlsx
SAO PAULO,SAO PAULO,04136,36,A_Frota_por_UF_Municipio_CEP_Julho_2026.xlsx
SAO PAULO,SAO PAULO,04137,54,A_Frota_por_UF_Municipio_CEP_Julho_2026.xlsx
SAO PAULO,SAO PAULO,04138,26,A_Frota_por_UF_Municipio_CEP_Julho_2026.xlsx
SAO PAULO,SAO PAULO,04139,31,A_Frota_por_UF_Municipio_CEP_Julho_2026.xlsx
SAO PAULO,SAO PAULO,04140,87,A_Frota_por_UF_Municipio_CEP_Julho_2026.xlsx
SAO PAULO,SAO PAULO,04141,71,A_Frota_por_UF_Municipio_CEP_Julho_2026.xlsx
SAO PAULO,SAO PAULO,04142,64,A_Frota_por_UF_Municipio_CEP_Julho_2026.xlsx
SAO PAULO,SAO PAULO,04143,77,A_Frota_por_UF_Municipio_CEP_Julho_2026.xlsx
SAO PAULO,SAO PAULO,04144,65,A_Frota_por_UF_Municipio_CEP_Julho_2026.xlsx
SAO PAULO,SAO PAULO,04145,152,A_Frota_por_UF_Municipio_CEP_Julho_2026.xlsx
SAO PAULO,SAO PAULO,04146,47,A_Frota_por_UF_Municipio_CEP_Julho_2026.xlsx
SAO PAULO,SAO PAULO,04147,17,A_Frota_por_UF_Municipio_CEP_Julho_2026.xlsx
SAO PAULO,SAO PAULO,04148,30,A_Frota_por_UF_Municipio_CEP_Julho_2026.xlsx
SAO PAULO,SAO PAULO,04149,33,A_Frota_por_UF_Municipio_CEP_Julho_2026.xlsx
SAO PAULO,SAO PAULO,04150,30,A_Frota_por_UF_Municipio_CEP_Julho_2026.xlsx
SAO PAULO,SAO PAULO,04151,21,A_Frota_por_UF_Municipio_CEP_Julho_2026.xlsx
SAO PAULO,SAO PAULO,04152,52,A_Frota_por_UF_Municipio_CEP_Julho_2026.xlsx
SAO PAULO,SAO PAULO,04153,57,A_Frota_por_UF_Municipio_CEP_Julho_2026.xlsx
SAO PAULO,SAO PAULO,04154,32,A_Frota_por_UF_Municipio_CEP_Julho_2026.xlsx
SAO PAULO,SAO PAULO,04155,24,A_Frota_por_UF_Municipio_CEP_Julho_2026.xlsx
SAO PAULO,SAO PAULO,04156,29,A_Frota_por_UF_Municipio_CEP_Julho_2026.xlsx
SAO PAULO,SAO PAULO,04157,36,A_Frota_por_UF_Municipio_CEP_Julho_2026.xlsx
SAO PAULO,SAO PAULO,04158,23,A_Frota_por_UF_Municipio_CEP_Julho_2026.xlsx
SAO PAULO,SAO PAULO,04159,49,A_Frota_por_UF_Municipio_CEP_Julho_2026.xlsx
SAO PAULO,SAO PAULO,04160,47,A_Frota_por_UF_Municipio_CEP_Julho_2026.xlsx
SAO PAULO,SAO PAULO,04161,40,A_Frota_por_UF_Municipio_CEP_Julho_2026.xlsx
SAO PAULO,SAO PAULO,04162,100,A_Frota_por_UF_Municipio_CEP_Julho_2026.xlsx
SAO PAULO,SAO PAULO,04163,73,A_Frota_por_UF_Municipio_CEP_Julho_2026.xlsx
SAO PAULO,SAO PAULO,04164,60,A_Frota_por_UF_Municipio_CEP_Julho_2026.xlsx
SAO PAULO,SAO PAULO,04165,57,A_Frota_por_UF_Municipio_CEP_Julho_2026.xlsx
SAO PAULO,SAO PAULO,04166,47,A_Frota_por_UF_Municipio_CEP_Julho_2026.xlsx
SAO PAULO,SAO PAULO,04167,56,A_Frota_por_UF_Municipio_CEP_Julho_2026.xlsx
SAO PAULO,SAO PAULO,04168,35,A_Frota_por_UF_Municipio_CEP_Julho_2026.xlsx
SAO PAULO,SAO PAULO,04169,36,A_Frota_por_UF_Municipio_CEP_Julho_2026.xlsx
SAO PAULO,SAO PAULO,04170,17,A_Frota_por_UF_Municipio_CEP_Julho_2026.xlsx
SAO PAULO,SAO PAULO,04171,13,A_Frota_por_UF_Municipio_CEP_Julho_2026.xlsx
SAO PAULO,SAO PAULO,04173,65,A_Frota_por_UF_Municipio_CEP_Julho_2026.xlsx
SAO PAULO,SAO PAULO,04174,25,A_Frota_por_UF_Municipio_CEP_Julho_2026.xlsx
SAO PAULO,SAO PAULO,04175,1,A_Frota_por_UF_Municipio_CEP_Julho_2026.xlsx
SAO PAULO,SAO PAULO,04176,59,A_Frota_por_UF_Municipio_CEP_Julho_2026.xlsx
SAO PAULO,SAO PAULO,04177,141,A_Frota_por_UF_Municipio_CEP_Julho_2026.xlsx
SAO PAULO,SAO PAULO,04180,66,A_Frota_por_UF_Municipio_CEP_Julho_2026.xlsx
SAO PAULO,SAO PAULO,04181,45,A_Frota_por_UF_Municipio_CEP_Julho_2026.xlsx
SAO PAULO,SAO PAULO,04182,104,A_Frota_por_UF_Municipio_CEP_Julho_2026.xlsx
SAO PAULO,SAO PAULO,04183,19,A_Frota_por_UF_Municipio_CEP_Julho_2026.xlsx
SAO PAULO,SAO PAULO,04184,73,A_Frota_por_UF_Municipio_CEP_Julho_2026.xlsx
SAO PAULO,SAO PAULO,04185,58,A_Frota_por_UF_Municipio_CEP_Julho_2026.xlsx
SAO PAULO,SAO PAULO,04186,44,A_Frota_por_UF_Municipio_CEP_Julho_2026.xlsx
SAO PAULO,SAO PAULO,04187,57,A_Frota_por_UF_Municipio_CEP_Julho_2026.xlsx
SAO PAULO,SAO PAULO,04189,1,A_Frota_por_UF_Municipio_CEP_Julho_2026.xlsx
SAO PAULO,SAO PAULO,04190,31,A_Frota_por_UF_Municipio_CEP_Julho_2026.xlsx
SAO PAULO,SAO PAULO,04191,55,A_Frota_por_UF_Municipio_CEP_Julho_2026.xlsx
SAO PAULO,SAO PAULO,04193,61,A_Frota_por_UF_Municipio_CEP_Julho_2026.xlsx
SAO PAULO,SAO PAULO,04194,125,A_Frota_por_UF_Municipio_CEP_Julho_2026.xlsx
SAO PAULO,SAO PAULO,04195,119,A_Frota_por_UF_Municipio_CEP_Julho_2026.xlsx
SAO PAULO,SAO PAULO,04196,1,A_Frota_por_UF_Municipio_CEP_Julho_2026.xlsx
SAO PAULO,SAO PAULO,04200,2,A_Frota_por_UF_Municipio_CEP_Julho_2026.xlsx
SAO PAULO,SAO PAULO,04201,15,A_Frota_por_UF_Municipio_CEP_Julho_2026.xlsx
SAO PAULO,SAO PAULO,04202,31,A_Frota_por_UF_Municipio_CEP_Julho_2026.xlsx
SAO PAULO,SAO PAULO,04203,60,A_Frota_por_UF_Municipio_CEP_Julho_2026.xlsx
SAO PAULO,SAO PAULO,04204,56,A_Frota_por_UF_Municipio_CEP_Julho_2026.xlsx
SAO PAULO,SAO PAULO,04205,83,A_Frota_por_UF_Municipio_CEP_Julho_2026.xlsx
SAO PAULO,SAO PAULO,04206,70,A_Frota_por_UF_Municipio_CEP_Julho_2026.xlsx
SAO PAULO,SAO PAULO,04207,59,A_Frota_por_UF_Municipio_CEP_Julho_2026.xlsx
SAO PAULO,SAO PAULO,04208,46,A_Frota_por_UF_Municipio_CEP_Julho_2026.xlsx
SAO PAULO,SAO PAULO,04209,69,A_Frota_por_UF_Municipio_CEP_Julho_2026.xlsx
SAO PAULO,SAO PAULO,04210,55,A_Frota_por_UF_Municipio_CEP_Julho_2026.xlsx
SAO PAULO,SAO PAULO,04211,73,A_Frota_por_UF_Municipio_CEP_Julho_2026.xlsx
SAO PAULO,SAO PAULO,04212,29,A_Frota_por_UF_Municipio_CEP_Julho_2026.xlsx
SAO PAULO,SAO PAULO,04213,45,A_Frota_por_UF_Municipio_CEP_Julho_2026.xlsx
SAO PAULO,SAO PAULO,04214,67,A_Frota_por_UF_Municipio_CEP_Julho_2026.xlsx
SAO PAULO,SAO PAULO,04215,28,A_Frota_por_UF_Municipio_CEP_Julho_2026.xlsx
SAO PAULO,SAO PAULO,04216,43,A_Frota_por_UF_Municipio_CEP_Julho_2026.xlsx
SAO PAULO,SAO PAULO,04217,61,A_Frota_por_UF_Municipio_CEP_Julho_2026.xlsx
SAO PAULO,SAO PAULO,04218,65,A_Frota_por_UF_Municipio_CEP_Julho_2026.xlsx
SAO PAULO,SAO PAULO,04220,36,A_Frota_por_UF_Municipio_CEP_Julho_2026.xlsx
SAO PAULO,SAO PAULO,04221,21,A_Frota_por_UF_Municipio_CEP_Julho_2026.xlsx
SAO PAULO,SAO PAULO,04222,42,A_Frota_por_UF_Municipio_CEP_Julho_2026.xlsx
SAO PAULO,SAO PAULO,04223,28,A_Frota_por_UF_Municipio_CEP_Julho_2026.xlsx
SAO PAULO,SAO PAULO,04224,29,A_Frota_por_UF_Municipio_CEP_Julho_2026.xlsx
SAO PAULO,SAO PAULO,04225,33,A_Frota_por_UF_Municipio_CEP_Julho_2026.xlsx
SAO PAULO,SAO PAULO,04226,2,A_Frota_por_UF_Municipio_CEP_Julho_2026.xlsx
SAO PAULO,SAO PAULO,04229,8,A_Frota_por_UF_Municipio_CEP_Julho_2026.xlsx
SAO PAULO,SAO PAULO,04230,52,A_Frota_por_UF_Municipio_CEP_Julho_2026.xlsx
SAO PAULO,SAO PAULO,04231,56,A_Frota_por_UF_Municipio_CEP_Julho_2026.xlsx
SAO PAULO,SAO PAULO,04232,47,A_Frota_por_UF_Municipio_CEP_Julho_2026.xlsx
SAO PAULO,SAO PAULO,04233,26,A_Frota_por_UF_Municipio_CEP_Julho_2026.xlsx
SAO PAULO,SAO PAULO,04235,102,A_Frota_por_UF_Municipio_CEP_Julho_2026.xlsx
SAO PAULO,SAO PAULO,04236,58,A_Frota_por_UF_Municipio_CEP_Julho_2026.xlsx
SAO PAULO,SAO PAULO,04240,65,A_Frota_por_UF_Municipio_CEP_Julho_2026.xlsx
SAO PAULO,SAO PAULO,04241,23,A_Frota_por_UF_Municipio_CEP_Julho_2026.xlsx
SAO PAULO,SAO PAULO,04242,24,A_Frota_por_UF_Municipio_CEP_Julho_2026.xlsx
SAO PAULO,SAO PAULO,04243,90,A_Frota_por_UF_Municipio_CEP_Julho_2026.xlsx
SAO PAULO,SAO PAULO,04244,76,A_Frota_por_UF_Municipio_CEP_Julho_2026.xlsx
SAO PAULO,SAO PAULO,04245,1,A_Frota_por_UF_Municipio_CEP_Julho_2026.xlsx
SAO PAULO,SAO PAULO,04246,10,A_Frota_por_UF_Municipio_CEP_Julho_2026.xlsx
SAO PAULO,SAO PAULO,04247,24,A_Frota_por_UF_Municipio_CEP_Julho_2026.xlsx
SAO PAULO,SAO PAULO,04248,39,A_Frota_por_UF_Municipio_CEP_Julho_2026.xlsx
SAO PAULO,SAO PAULO,04249,40,A_Frota_por_UF_Municipio_CEP_Julho_2026.xlsx
SAO PAULO,SAO PAULO,04250,35,A_Frota_por_UF_Municipio_CEP_Julho_2026.xlsx
SAO PAULO,SAO PAULO,04251,29,A_Frota_por_UF_Municipio_CEP_Julho_2026.xlsx
SAO PAULO,SAO PAULO,04252,42,A_Frota_por_UF_Municipio_CEP_Julho_2026.xlsx
SAO PAULO,SAO PAULO,04253,55,A_Frota_por_UF_Municipio_CEP_Julho_2026.xlsx
SAO PAULO,SAO PAULO,04254,36,A_Frota_por_UF_Municipio_CEP_Julho_2026.xlsx
SAO PAULO,SAO PAULO,04255,21,A_Frota_por_UF_Municipio_CEP_Julho_2026.xlsx
SAO PAULO,SAO PAULO,04256,101,A_Frota_por_UF_Municipio_CEP_Julho_2026.xlsx
SAO PAULO,SAO PAULO,04257,48,A_Frota_por_UF_Municipio_CEP_Julho_2026.xlsx
SAO PAULO,SAO PAULO,04258,23,A_Frota_por_UF_Municipio_CEP_Julho_2026.xlsx
SAO PAULO,SAO PAULO,04260,24,A_Frota_por_UF_Municipio_CEP_Julho_2026.xlsx
SAO PAULO,SAO PAULO,04261,25,A_Frota_por_UF_Municipio_CEP_Julho_2026.xlsx
SAO PAULO,SAO PAULO,04262,69,A_Frota_por_UF_Municipio_CEP_Julho_2026.xlsx
SAO PAULO,SAO PAULO,04263,17,A_Frota_por_UF_Municipio_CEP_Julho_2026.xlsx
SAO PAULO,SAO PAULO,04264,34,A_Frota_por_UF_Municipio_CEP_Julho_2026.xlsx
SAO PAULO,SAO PAULO,04265,28,A_Frota_por_UF_Municipio_CEP_Julho_2026.xlsx
SAO PAULO,SAO PAULO,04266,22,A_Frota_por_UF_Municipio_CEP_Julho_2026.xlsx
SAO PAULO,SAO PAULO,04267,27,A_Frota_por_UF_Municipio_CEP_Julho_2026.xlsx
SAO PAULO,SAO PAULO,04268,26,A_Frota_por_UF_Municipio_CEP_Julho_2026.xlsx
SAO PAULO,SAO PAULO,04269,47,A_Frota_por_UF_Municipio_CEP_Julho_2026.xlsx
SAO PAULO,SAO PAULO,04270,27,A_Frota_por_UF_Municipio_CEP_Julho_2026.xlsx
SAO PAULO,SAO PAULO,04271,33,A_Frota_por_UF_Municipio_CEP_Julho_2026.xlsx
SAO PAULO,SAO PAULO,04272,51,A_Frota_por_UF_Municipio_CEP_Julho_2026.xlsx
SAO PAULO,SAO PAULO,04273,39,A_Frota_por_UF_Municipio_CEP_Julho_2026.xlsx
SAO PAULO,SAO PAULO,04274,24,A_Frota_por_UF_Municipio_CEP_Julho_2026.xlsx
SAO PAULO,SAO PAULO,04275,26,A_Frota_por_UF_Municipio_CEP_Julho_2026.xlsx
SAO PAULO,SAO PAULO,04276,27,A_Frota_por_UF_Municipio_CEP_Julho_2026.xlsx
SAO PAULO,SAO PAULO,04277,44,A_Frota_por_UF_Municipio_CEP_Julho_2026.xlsx
SAO PAULO,SAO PAULO,04278,64,A_Frota_por_UF_Municipio_CEP_Julho_2026.xlsx
SAO PAULO,SAO PAULO,04279,29,A_Frota_por_UF_Municipio_CEP_Julho_2026.xlsx
SAO PAULO,SAO PAULO,04280,45,A_Frota_por_UF_Municipio_CEP_Julho_2026.xlsx
SAO PAULO,SAO PAULO,04281,45,A_Frota_por_UF_Municipio_CEP_Julho_2026.xlsx
SAO PAULO,SAO PAULO,04282,23,A_Frota_por_UF_Municipio_CEP_Julho_2026.xlsx
SAO PAULO,SAO PAULO,04283,26,A_Frota_por_UF_Municipio_CEP_Julho_2026.xlsx
SAO PAULO,SAO PAULO,04284,42,A_Frota_por_UF_Municipio_CEP_Julho_2026.xlsx
SAO PAULO,SAO PAULO,04285,43,A_Frota_por_UF_Municipio_CEP_Julho_2026.xlsx
SAO PAULO,SAO PAULO,04286,42,A_Frota_por_UF_Municipio_CEP_Julho_2026.xlsx
SAO PAULO,SAO PAULO,04287,12,A_Frota_por_UF_Municipio_CEP_Julho_2026.xlsx
SAO PAULO,SAO PAULO,04288,64,A_Frota_por_UF_Municipio_CEP_Julho_2026.xlsx
SAO PAULO,SAO PAULO,04289,41,A_Frota_por_UF_Municipio_CEP_Julho_2026.xlsx
SAO PAULO,SAO PAULO,04290,23,A_Frota_por_UF_Municipio_CEP_Julho_2026.xlsx
SAO PAULO,SAO PAULO,04291,28,A_Frota_por_UF_Municipio_CEP_Julho_2026.xlsx
SAO PAULO,SAO PAULO,04292,26,A_Frota_por_UF_Municipio_CEP_Julho_2026.xlsx
SAO PAULO,SAO PAULO,04293,33,A_Frota_por_UF_Municipio_CEP_Julho_2026.xlsx
SAO PAULO,SAO PAULO,04294,55,A_Frota_por_UF_Municipio_CEP_Julho_2026.xlsx
SAO PAULO,SAO PAULO,04295,30,A_Frota_por_UF_Municipio_CEP_Julho_2026.xlsx
SAO PAULO,SAO PAULO,04296,34,A_Frota_por_UF_Municipio_CEP_Julho_2026.xlsx
SAO PAULO,SAO PAULO,04297,75,A_Frota_por_UF_Municipio_CEP_Julho_2026.xlsx
SAO PAULO,SAO PAULO,04298,15,A_Frota_por_UF_Municipio_CEP_Julho_2026.xlsx
SAO PAULO,SAO PAULO,04301,69,A_Frota_por_UF_Municipio_CEP_Julho_2026.xlsx
SAO PAULO,SAO PAULO,04302,87,A_Frota_por_UF_Municipio_CEP_Julho_2026.xlsx
SAO PAULO,SAO PAULO,04303,48,A_Frota_por_UF_Municipio_CEP_Julho_2026.xlsx
SAO PAULO,SAO PAULO,04304,127,A_Frota_por_UF_Municipio_CEP_Julho_2026.xlsx
SAO PAULO,SAO PAULO,04305,36,A_Frota_por_UF_Municipio_CEP_Julho_2026.xlsx
SAO PAULO,SAO PAULO,04306,34,A_Frota_por_UF_Municipio_CEP_Julho_2026.xlsx
SAO PAULO,SAO PAULO,04307,49,A_Frota_por_UF_Municipio_CEP_Julho_2026.xlsx
SAO PAULO,SAO PAULO,04308,15,A_Frota_por_UF_Municipio_CEP_Julho_2026.xlsx
SAO PAULO,SAO PAULO,04309,46,A_Frota_por_UF_Municipio_CEP_Julho_2026.xlsx
SAO PAULO,SAO PAULO,04310,58,A_Frota_por_UF_Municipio_CEP_Julho_2026.xlsx
SAO PAULO,SAO PAULO,04311,58,A_Frota_por_UF_Municipio_CEP_Julho_2026.xlsx
SAO PAULO,SAO PAULO,04312,36,A_Frota_por_UF_Municipio_CEP_Julho_2026.xlsx
SAO PAULO,SAO PAULO,04313,181,A_Frota_por_UF_Municipio_CEP_Julho_2026.xlsx
SAO PAULO,SAO PAULO,04314,38,A_Frota_por_UF_Municipio_CEP_Julho_2026.xlsx
SAO PAULO,SAO PAULO,04315,23,A_Frota_por_UF_Municipio_CEP_Julho_2026.xlsx
SAO PAULO,SAO PAULO,04316,52,A_Frota_por_UF_Municipio_CEP_Julho_2026.xlsx
SAO PAULO,SAO PAULO,04317,59,A_Frota_por_UF_Municipio_CEP_Julho_2026.xlsx
SAO PAULO,SAO PAULO,04318,32,A_Frota_por_UF_Municipio_CEP_Julho_2026.xlsx
SAO PAULO,SAO PAULO,04319,14,A_Frota_por_UF_Municipio_CEP_Julho_2026.xlsx
SAO PAULO,SAO PAULO,04320,27,A_Frota_por_UF_Municipio_CEP_Julho_2026.xlsx
SAO PAULO,SAO PAULO,04321,69,A_Frota_por_UF_Municipio_CEP_Julho_2026.xlsx
SAO PAULO,SAO PAULO,04323,71,A_Frota_por_UF_Municipio_CEP_Julho_2026.xlsx
SAO PAULO,SAO PAULO,04324,56,A_Frota_por_UF_Municipio_CEP_Julho_2026.xlsx
SAO PAULO,SAO PAULO,04325,19,A_Frota_por_UF_Municipio_CEP_Julho_2026.xlsx
SAO PAULO,SAO PAULO,04326,41,A_Frota_por_UF_Municipio_CEP_Julho_2026.xlsx
SAO PAULO,SAO PAULO,04327,30,A_Frota_por_UF_Municipio_CEP_Julho_2026.xlsx
SAO PAULO,SAO PAULO,04328,27,A_Frota_por_UF_Municipio_CEP_Julho_2026.xlsx
SAO PAULO,SAO PAULO,04329,3,A_Frota_por_UF_Municipio_CEP_Julho_2026.xlsx
SAO PAULO,SAO PAULO,04330,82,A_Frota_por_UF_Municipio_CEP_Julho_2026.xlsx
SAO PAULO,SAO PAULO,04331,31,A_Frota_por_UF_Municipio_CEP_Julho_2026.xlsx
SAO PAULO,SAO PAULO,04332,55,A_Frota_por_UF_Municipio_CEP_Julho_2026.xlsx
SAO PAULO,SAO PAULO,04333,3,A_Frota_por_UF_Municipio_CEP_Julho_2026.xlsx
SAO PAULO,SAO PAULO,04334,40,A_Frota_por_UF_Municipio_CEP_Julho_2026.xlsx
SAO PAULO,SAO PAULO,04335,26,A_Frota_por_UF_Municipio_CEP_Julho_2026.xlsx
SAO PAULO,SAO PAULO,04336,54,A_Frota_por_UF_Municipio_CEP_Julho_2026.xlsx
SAO PAULO,SAO PAULO,04337,49,A_Frota_por_UF_Municipio_CEP_Julho_2026.xlsx
SAO PAULO,SAO PAULO,04338,30,A_Frota_por_UF_Municipio_CEP_Julho_2026.xlsx
SAO PAULO,SAO PAULO,04339,38,A_Frota_por_UF_Municipio_CEP_Julho_2026.xlsx
SAO PAULO,SAO PAULO,04340,41,A_Frota_por_UF_Municipio_CEP_Julho_2026.xlsx
SAO PAULO,SAO PAULO,04341,1,A_Frota_por_UF_Municipio_CEP_Julho_2026.xlsx
SAO PAULO,SAO PAULO,04342,62,A_Frota_por_UF_Municipio_CEP_Julho_2026.xlsx
SAO PAULO,SAO PAULO,04343,28,A_Frota_por_UF_Municipio_CEP_Julho_2026.xlsx
SAO PAULO,SAO PAULO,04344,178,A_Frota_por_UF_Municipio_CEP_Julho_2026.xlsx
SAO PAULO,SAO PAULO,04345,38,A_Frota_por_UF_Municipio_CEP_Julho_2026.xlsx
SAO PAULO,SAO PAULO,04346,62,A_Frota_por_UF_Municipio_CEP_Julho_2026.xlsx
SAO PAULO,SAO PAULO,04347,45,A_Frota_por_UF_Municipio_CEP_Julho_2026.xlsx
SAO PAULO,SAO PAULO,04348,55,A_Frota_por_UF_Municipio_CEP_Julho_2026.xlsx
SAO PAULO,SAO PAULO,04349,81,A_Frota_por_UF_Municipio_CEP_Julho_2026.xlsx
SAO PAULO,SAO PAULO,04350,17,A_Frota_por_UF_Municipio_CEP_Julho_2026.xlsx
SAO PAULO,SAO PAULO,04351,23,A_Frota_por_UF_Municipio_CEP_Julho_2026.xlsx
SAO PAULO,SAO PAULO,04355,41,A_Frota_por_UF_Municipio_CEP_Julho_2026.xlsx
SAO PAULO,SAO PAULO,04356,34,A_Frota_por_UF_Municipio_CEP_Julho_2026.xlsx
SAO PAULO,SAO PAULO,04357,37,A_Frota_por_UF_Municipio_CEP_Julho_2026.xlsx
SAO PAULO,SAO PAULO,04358,26,A_Frota_por_UF_Municipio_CEP_Julho_2026.xlsx
SAO PAULO,SAO PAULO,04359,23,A_Frota_por_UF_Municipio_CEP_Julho_2026.xlsx
SAO PAULO,SAO PAULO,04360,51,A_Frota_por_UF_Municipio_CEP_Julho_2026.xlsx
SAO PAULO,SAO PAULO,04361,41,A_Frota_por_UF_Municipio_CEP_Julho_2026.xlsx
SAO PAULO,SAO PAULO,04362,49,A_Frota_por_UF_Municipio_CEP_Julho_2026.xlsx
SAO PAULO,SAO PAULO,04363,129,A_Frota_por_UF_Municipio_CEP_Julho_2026.xlsx
SAO PAULO,SAO PAULO,04364,22,A_Frota_por_UF_Municipio_CEP_Julho_2026.xlsx
SAO PAULO,SAO PAULO,04365,49,A_Frota_por_UF_Municipio_CEP_Julho_2026.xlsx
SAO PAULO,SAO PAULO,04366,58,A_Frota_por_UF_Municipio_CEP_Julho_2026.xlsx
SAO PAULO,SAO PAULO,04367,44,A_Frota_por_UF_Municipio_CEP_Julho_2026.xlsx
SAO PAULO,SAO PAULO,04368,40,A_Frota_por_UF_Municipio_CEP_Julho_2026.xlsx
SAO PAULO,SAO PAULO,04369,26,A_Frota_por_UF_Municipio_CEP_Julho_2026.xlsx
SAO PAULO,SAO PAULO,04370,39,A_Frota_por_UF_Municipio_CEP_Julho_2026.xlsx
SAO PAULO,SAO PAULO,04371,23,A_Frota_por_UF_Municipio_CEP_Julho_2026.xlsx
SAO PAULO,SAO PAULO,04372,49,A_Frota_por_UF_Municipio_CEP_Julho_2026.xlsx
SAO PAULO,SAO PAULO,04373,14,A_Frota_por_UF_Municipio_CEP_Julho_2026.xlsx
SAO PAULO,SAO PAULO,04374,29,A_Frota_por_UF_Municipio_CEP_Julho_2026.xlsx
SAO PAULO,SAO PAULO,04375,17,A_Frota_por_UF_Municipio_CEP_Julho_2026.xlsx
SAO PAULO,SAO PAULO,04376,70,A_Frota_por_UF_Municipio_CEP_Julho_2026.xlsx
SAO PAULO,SAO PAULO,04377,27,A_Frota_por_UF_Municipio_CEP_Julho_2026.xlsx
SAO PAULO,SAO PAULO,04378,41,A_Frota_por_UF_Municipio_CEP_Julho_2026.xlsx
SAO PAULO,SAO PAULO,04379,46,A_Frota_por_UF_Municipio_CEP_Julho_2026.xlsx
SAO PAULO,SAO PAULO,04381,6,A_Frota_por_UF_Municipio_CEP_Julho_2026.xlsx
SAO PAULO,SAO PAULO,04382,29,A_Frota_por_UF_Municipio_CEP_Julho_2026.xlsx
SAO PAULO,SAO PAULO,04383,30,A_Frota_por_UF_Municipio_CEP_Julho_2026.xlsx
SAO PAULO,SAO PAULO,04384,28,A_Frota_por_UF_Municipio_CEP_Julho_2026.xlsx
SAO PAULO,SAO PAULO,04385,27,A_Frota_por_UF_Municipio_CEP_Julho_2026.xlsx
SAO PAULO,SAO PAULO,04386,28,A_Frota_por_UF_Municipio_CEP_Julho_2026.xlsx
SAO PAULO,SAO PAULO,04387,87,A_Frota_por_UF_Municipio_CEP_Julho_2026.xlsx
SAO PAULO,SAO PAULO,04390,2,A_Frota_por_UF_Municipio_CEP_Julho_2026.xlsx
SAO PAULO,SAO PAULO,04400,28,A_Frota_por_UF_Municipio_CEP_Julho_2026.xlsx
SAO PAULO,SAO PAULO,04401,54,A_Frota_por_UF_Municipio_CEP_Julho_2026.xlsx
SAO PAULO,SAO PAULO,04402,53,A_Frota_por_UF_Municipio_CEP_Julho_2026.xlsx
SAO PAULO,SAO PAULO,04403,73,A_Frota_por_UF_Municipio_CEP_Julho_2026.xlsx
SAO PAULO,SAO PAULO,04404,24,A_Frota_por_UF_Municipio_CEP_Julho_2026.xlsx
SAO PAULO,SAO PAULO,04405,56,A_Frota_por_UF_Municipio_CEP_Julho_2026.xlsx
SAO PAULO,SAO PAULO,04406,38,A_Frota_por_UF_Municipio_CEP_Julho_2026.xlsx
SAO PAULO,SAO PAULO,04407,17,A_Frota_por_UF_Municipio_CEP_Julho_2026.xlsx
SAO PAULO,SAO PAULO,04408,29,A_Frota_por_UF_Municipio_CEP_Julho_2026.xlsx
SAO PAULO,SAO PAULO,04409,41,A_Frota_por_UF_Municipio_CEP_Julho_2026.xlsx
SAO PAULO,SAO PAULO,04410,58,A_Frota_por_UF_Municipio_CEP_Julho_2026.xlsx
SAO PAULO,SAO PAULO,04411,37,A_Frota_por_UF_Municipio_CEP_Julho_2026.xlsx
SAO PAULO,SAO PAULO,04412,41,A_Frota_por_UF_Municipio_CEP_Julho_2026.xlsx
SAO PAULO,SAO PAULO,04413,28,A_Frota_por_UF_Municipio_CEP_Julho_2026.xlsx
SAO PAULO,SAO PAULO,04414,53,A_Frota_por_UF_Municipio_CEP_Julho_2026.xlsx
SAO PAULO,SAO PAULO,04415,36,A_Frota_por_UF_Municipio_CEP_Julho_2026.xlsx
SAO PAULO,SAO PAULO,04416,68,A_Frota_por_UF_Municipio_CEP_Julho_2026.xlsx
SAO PAULO,SAO PAULO,04417,87,A_Frota_por_UF_Municipio_CEP_Julho_2026.xlsx
SAO PAULO,SAO PAULO,04418,2,A_Frota_por_UF_Municipio_CEP_Julho_2026.xlsx
SAO PAULO,SAO PAULO,04419,40,A_Frota_por_UF_Municipio_CEP_Julho_2026.xlsx
SAO PAULO,SAO PAULO,04421,72,A_Frota_por_UF_Municipio_CEP_Julho_2026.xlsx
SAO PAULO,SAO PAULO,04423,43,A_Frota_por_UF_Municipio_CEP_Julho_2026.xlsx
SAO PAULO,SAO PAULO,04424,50,A_Frota_por_UF_Municipio_CEP_Julho_2026.xlsx
SAO PAULO,SAO PAULO,04425,47,A_Frota_por_UF_Municipio_CEP_Julho_2026.xlsx
SAO PAULO,SAO PAULO,04426,29,A_Frota_por_UF_Municipio_CEP_Julho_2026.xlsx
SAO PAULO,SAO PAULO,04427,51,A_Frota_por_UF_Municipio_CEP_Julho_2026.xlsx
SAO PAULO,SAO PAULO,04428,48,A_Frota_por_UF_Municipio_CEP_Julho_2026.xlsx
SAO PAULO,SAO PAULO,04429,66,A_Frota_por_UF_Municipio_CEP_Julho_2026.xlsx
SAO PAULO,SAO PAULO,04430,93,A_Frota_por_UF_Municipio_CEP_Julho_2026.xlsx
SAO PAULO,SAO PAULO,04431,98,A_Frota_por_UF_Municipio_CEP_Julho_2026.xlsx
SAO PAULO,SAO PAULO,04432,56,A_Frota_por_UF_Municipio_CEP_Julho_2026.xlsx
SAO PAULO,SAO PAULO,04433,83,A_Frota_por_UF_Municipio_CEP_Julho_2026.xlsx
SAO PAULO,SAO PAULO,04434,67,A_Frota_por_UF_Municipio_CEP_Julho_2026.xlsx
SAO PAULO,SAO PAULO,04436,21,A_Frota_por_UF_Municipio_CEP_Julho_2026.xlsx
SAO PAULO,SAO PAULO,04437,50,A_Frota_por_UF_Municipio_CEP_Julho_2026.xlsx
SAO PAULO,SAO PAULO,04438,134,A_Frota_por_UF_Municipio_CEP_Julho_2026.xlsx
SAO PAULO,SAO PAULO,04439,28,A_Frota_por_UF_Municipio_CEP_Julho_2026.xlsx
SAO PAULO,SAO PAULO,04444,2,A_Frota_por_UF_Municipio_CEP_Julho_2026.xlsx
SAO PAULO,SAO PAULO,04445,44,A_Frota_por_UF_Municipio_CEP_Julho_2026.xlsx
SAO PAULO,SAO PAULO,04446,58,A_Frota_por_UF_Municipio_CEP_Julho_2026.xlsx
SAO PAULO,SAO PAULO,04447,60,A_Frota_por_UF_Municipio_CEP_Julho_2026.xlsx
SAO PAULO,SAO PAULO,04450,2,A_Frota_por_UF_Municipio_CEP_Julho_2026.xlsx
SAO PAULO,SAO PAULO,04451,1,A_Frota_por_UF_Municipio_CEP_Julho_2026.xlsx
SAO PAULO,SAO PAULO,04453,3,A_Frota_por_UF_Municipio_CEP_Julho_2026.xlsx
SAO PAULO,SAO PAULO,04454,7,A_Frota_por_UF_Municipio_CEP_Julho_2026.xlsx
SAO PAULO,SAO PAULO,04455,109,A_Frota_por_UF_Municipio_CEP_Julho_2026.xlsx
SAO PAULO,SAO PAULO,04456,50,A_Frota_por_UF_Municipio_CEP_Julho_2026.xlsx
SAO PAULO,SAO PAULO,04457,30,A_Frota_por_UF_Municipio_CEP_Julho_2026.xlsx
SAO PAULO,SAO PAULO,04458,61,A_Frota_por_UF_Municipio_CEP_Julho_2026.xlsx
SAO PAULO,SAO PAULO,04459,98,A_Frota_por_UF_Municipio_CEP_Julho_2026.xlsx
SAO PAULO,SAO PAULO,04460,9,A_Frota_por_UF_Municipio_CEP_Julho_2026.xlsx
SAO PAULO,SAO PAULO,04461,21,A_Frota_por_UF_Municipio_CEP_Julho_2026.xlsx
SAO PAULO,SAO PAULO,04462,28,A_Frota_por_UF_Municipio_CEP_Julho_2026.xlsx
SAO PAULO,SAO PAULO,04463,23,A_Frota_por_UF_Municipio_CEP_Julho_2026.xlsx
SAO PAULO,SAO PAULO,04464,30,A_Frota_por_UF_Municipio_CEP_Julho_2026.xlsx
SAO PAULO,SAO PAULO,04466,41,A_Frota_por_UF_Municipio_CEP_Julho_2026.xlsx
SAO PAULO,SAO PAULO,04467,99,A_Frota_por_UF_Municipio_CEP_Julho_2026.xlsx
SAO PAULO,SAO PAULO,04468,21,A_Frota_por_UF_Municipio_CEP_Julho_2026.xlsx
SAO PAULO,SAO PAULO,04469,42,A_Frota_por_UF_Municipio_CEP_Julho_2026.xlsx
SAO PAULO,SAO PAULO,04470,85,A_Frota_por_UF_Municipio_CEP_Julho_2026.xlsx
SAO PAULO,SAO PAULO,04471,1,A_Frota_por_UF_Municipio_CEP_Julho_2026.xlsx
SAO PAULO,SAO PAULO,04472,1,A_Frota_por_UF_Municipio_CEP_Julho_2026.xlsx
SAO PAULO,SAO PAULO,04473,70,A_Frota_por_UF_Municipio_CEP_Julho_2026.xlsx
SAO PAULO,SAO PAULO,04474,235,A_Frota_por_UF_Municipio_CEP_Julho_2026.xlsx
SAO PAULO,SAO PAULO,04475,115,A_Frota_por_UF_Municipio_CEP_Julho_2026.xlsx
SAO PAULO,SAO PAULO,04476,111,A_Frota_por_UF_Municipio_CEP_Julho_2026.xlsx
SAO PAULO,SAO PAULO,04477,24,A_Frota_por_UF_Municipio_CEP_Julho_2026.xlsx
SAO PAULO,SAO PAULO,04486,1,A_Frota_por_UF_Municipio_CEP_Julho_2026.xlsx
SAO PAULO,SAO PAULO,04487,2,A_Frota_por_UF_Municipio_CEP_Julho_2026.xlsx
SAO PAULO,SAO PAULO,04500,4,A_Frota_por_UF_Municipio_CEP_Julho_2026.xlsx
SAO PAULO,SAO PAULO,04501,4,A_Frota_por_UF_Municipio_CEP_Julho_2026.xlsx
SAO PAULO,SAO PAULO,04502,6,A_Frota_por_UF_Municipio_CEP_Julho_2026.xlsx
SAO PAULO,SAO PAULO,04503,21,A_Frota_por_UF_Municipio_CEP_Julho_2026.xlsx
SAO PAULO,SAO PAULO,04504,5,A_Frota_por_UF_Municipio_CEP_Julho_2026.xlsx
SAO PAULO,SAO PAULO,04505,28,A_Frota_por_UF_Municipio_CEP_Julho_2026.xlsx
SAO PAULO,SAO PAULO,04506,34,A_Frota_por_UF_Municipio_CEP_Julho_2026.xlsx
SAO PAULO,SAO PAULO,04507,17,A_Frota_por_UF_Municipio_CEP_Julho_2026.xlsx
SAO PAULO,SAO PAULO,04508,27,A_Frota_por_UF_Municipio_CEP_Julho_2026.xlsx
SAO PAULO,SAO PAULO,04509,23,A_Frota_por_UF_Municipio_CEP_Julho_2026.xlsx
SAO PAULO,SAO PAULO,04510,24,A_Frota_por_UF_Municipio_CEP_Julho_2026.xlsx
SAO PAULO,SAO PAULO,04511,45,A_Frota_por_UF_Municipio_CEP_Julho_2026.xlsx
SAO PAULO,SAO PAULO,04512,20,A_Frota_por_UF_Municipio_CEP_Julho_2026.xlsx
SAO PAULO,SAO PAULO,04513,20,A_Frota_por_UF_Municipio_CEP_Julho_2026.xlsx
SAO PAULO,SAO PAULO,04514,87,A_Frota_por_UF_Municipio_CEP_Julho_2026.xlsx
SAO PAULO,SAO PAULO,04515,54,A_Frota_por_UF_Municipio_CEP_Julho_2026.xlsx
SAO PAULO,SAO PAULO,04516,60,A_Frota_por_UF_Municipio_CEP_Julho_2026.xlsx
SAO PAULO,SAO PAULO,04517,45,A_Frota_por_UF_Municipio_CEP_Julho_2026.xlsx
SAO PAULO,SAO PAULO,04518,24,A_Frota_por_UF_Municipio_CEP_Julho_2026.xlsx
SAO PAULO,SAO PAULO,04519,1,A_Frota_por_UF_Municipio_CEP_Julho_2026.xlsx
SAO PAULO,SAO PAULO,04520,50,A_Frota_por_UF_Municipio_CEP_Julho_2026.xlsx
SAO PAULO,SAO PAULO,04521,48,A_Frota_por_UF_Municipio_CEP_Julho_2026.xlsx
SAO PAULO,SAO PAULO,04522,36,A_Frota_por_UF_Municipio_CEP_Julho_2026.xlsx
SAO PAULO,SAO PAULO,04523,61,A_Frota_por_UF_Municipio_CEP_Julho_2026.xlsx
SAO PAULO,SAO PAULO,04524,117,A_Frota_por_UF_Municipio_CEP_Julho_2026.xlsx
SAO PAULO,SAO PAULO,04528,1,A_Frota_por_UF_Municipio_CEP_Julho_2026.xlsx
SAO PAULO,SAO PAULO,04530,871,A_Frota_por_UF_Municipio_CEP_Julho_2026.xlsx
SAO PAULO,SAO PAULO,04531,73,A_Frota_por_UF_Municipio_CEP_Julho_2026.xlsx
SAO PAULO,SAO PAULO,04532,108,A_Frota_por_UF_Municipio_CEP_Julho_2026.xlsx
SAO PAULO,SAO PAULO,04533,63,A_Frota_por_UF_Municipio_CEP_Julho_2026.xlsx
SAO PAULO,SAO PAULO,04534,194,A_Frota_por_UF_Municipio_CEP_Julho_2026.xlsx
SAO PAULO,SAO PAULO,04535,57,A_Frota_por_UF_Municipio_CEP_Julho_2026.xlsx
SAO PAULO,SAO PAULO,04536,34,A_Frota_por_UF_Municipio_CEP_Julho_2026.xlsx
SAO PAULO,SAO PAULO,04537,85,A_Frota_por_UF_Municipio_CEP_Julho_2026.xlsx
SAO PAULO,SAO PAULO,04538,273,A_Frota_por_UF_Municipio_CEP_Julho_2026.xlsx
SAO PAULO,SAO PAULO,04540,5,A_Frota_por_UF_Municipio_CEP_Julho_2026.xlsx
SAO PAULO,SAO PAULO,04541,1,A_Frota_por_UF_Municipio_CEP_Julho_2026.xlsx
SAO PAULO,SAO PAULO,04542,63,A_Frota_por_UF_Municipio_CEP_Julho_2026.xlsx
SAO PAULO,SAO PAULO,04543,782,A_Frota_por_UF_Municipio_CEP_Julho_2026.xlsx
SAO PAULO,SAO PAULO,04544,39,A_Frota_por_UF_Municipio_CEP_Julho_2026.xlsx
SAO PAULO,SAO PAULO,04545,69,A_Frota_por_UF_Municipio_CEP_Julho_2026.xlsx
SAO PAULO,SAO PAULO,04546,66,A_Frota_por_UF_Municipio_CEP_Julho_2026.xlsx
SAO PAULO,SAO PAULO,04547,136,A_Frota_por_UF_Municipio_CEP_Julho_2026.xlsx
SAO PAULO,SAO PAULO,04548,111,A_Frota_por_UF_Municipio_CEP_Julho_2026.xlsx
SAO PAULO,SAO PAULO,04549,27,A_Frota_por_UF_Municipio_CEP_Julho_2026.xlsx
SAO PAULO,SAO PAULO,04550,55,A_Frota_por_UF_Municipio_CEP_Julho_2026.xlsx
SAO PAULO,SAO PAULO,04551,92,A_Frota_por_UF_Municipio_CEP_Julho_2026.xlsx
SAO PAULO,SAO PAULO,04552,98,A_Frota_por_UF_Municipio_CEP_Julho_2026.xlsx
SAO PAULO,SAO PAULO,04553,32,A_Frota_por_UF_Municipio_CEP_Julho_2026.xlsx
SAO PAULO,SAO PAULO,04554,2,A_Frota_por_UF_Municipio_CEP_Julho_2026.xlsx
SAO PAULO,SAO PAULO,04555,15,A_Frota_por_UF_Municipio_CEP_Julho_2026.xlsx
SAO PAULO,SAO PAULO,04556,23,A_Frota_por_UF_Municipio_CEP_Julho_2026.xlsx
SAO PAULO,SAO PAULO,04557,35,A_Frota_por_UF_Municipio_CEP_Julho_2026.xlsx
SAO PAULO,SAO PAULO,04558,27,A_Frota_por_UF_Municipio_CEP_Julho_2026.xlsx
SAO PAULO,SAO PAULO,04559,42,A_Frota_por_UF_Municipio_CEP_Julho_2026.xlsx
SAO PAULO,SAO PAULO,04560,49,A_Frota_por_UF_Municipio_CEP_Julho_2026.xlsx
SAO PAULO,SAO PAULO,04561,47,A_Frota_por_UF_Municipio_CEP_Julho_2026.xlsx
SAO PAULO,SAO PAULO,04562,69,A_Frota_por_UF_Municipio_CEP_Julho_2026.xlsx
SAO PAULO,SAO PAULO,04563,67,A_Frota_por_UF_Municipio_CEP_Julho_2026.xlsx
SAO PAULO,SAO PAULO,04564,50,A_Frota_por_UF_Municipio_CEP_Julho_2026.xlsx
SAO PAULO,SAO PAULO,04565,43,A_Frota_por_UF_Municipio_CEP_Julho_2026.xlsx
SAO PAULO,SAO PAULO,04566,38,A_Frota_por_UF_Municipio_CEP_Julho_2026.xlsx
SAO PAULO,SAO PAULO,04567,81,A_Frota_por_UF_Municipio_CEP_Julho_2026.xlsx
SAO PAULO,SAO PAULO,04568,28,A_Frota_por_UF_Municipio_CEP_Julho_2026.xlsx
SAO PAULO,SAO PAULO,04569,44,A_Frota_por_UF_Municipio_CEP_Julho_2026.xlsx
SAO PAULO,SAO PAULO,04570,37,A_Frota_por_UF_Municipio_CEP_Julho_2026.xlsx
SAO PAULO,SAO PAULO,04571,193,A_Frota_por_UF_Municipio_CEP_Julho_2026.xlsx
SAO PAULO,SAO PAULO,04573,1,A_Frota_por_UF_Municipio_CEP_Julho_2026.xlsx
SAO PAULO,SAO PAULO,04575,23,A_Frota_por_UF_Municipio_CEP_Julho_2026.xlsx
SAO PAULO,SAO PAULO,04576,30,A_Frota_por_UF_Municipio_CEP_Julho_2026.xlsx
SAO PAULO,SAO PAULO,04577,1,A_Frota_por_UF_Municipio_CEP_Julho_2026.xlsx
SAO PAULO,SAO PAULO,04578,172,A_Frota_por_UF_Municipio_CEP_Julho_2026.xlsx
SAO PAULO,SAO PAULO,04579,7,A_Frota_por_UF_Municipio_CEP_Julho_2026.xlsx
SAO PAULO,SAO PAULO,04580,21,A_Frota_por_UF_Municipio_CEP_Julho_2026.xlsx
SAO PAULO,SAO PAULO,04581,35,A_Frota_por_UF_Municipio_CEP_Julho_2026.xlsx
SAO PAULO,SAO PAULO,04582,29,A_Frota_por_UF_Municipio_CEP_Julho_2026.xlsx
SAO PAULO,SAO PAULO,04583,514,A_Frota_por_UF_Municipio_CEP_Julho_2026.xlsx
SAO PAULO,SAO PAULO,04586,1,A_Frota_por_UF_Municipio_CEP_Julho_2026.xlsx
SAO PAULO,SAO PAULO,04587,2,A_Frota_por_UF_Municipio_CEP_Julho_2026.xlsx
SAO PAULO,SAO PAULO,04588,4,A_Frota_por_UF_Municipio_CEP_Julho_2026.xlsx
SAO PAULO,SAO PAULO,04590,1,A_Frota_por_UF_Municipio_CEP_Julho_2026.xlsx
SAO PAULO,SAO PAULO,04592,1,A_Frota_por_UF_Municipio_CEP_Julho_2026.xlsx
SAO PAULO,SAO PAULO,04600,2,A_Frota_por_UF_Municipio_CEP_Julho_2026.xlsx
SAO PAULO,SAO PAULO,04601,39,A_Frota_por_UF_Municipio_CEP_Julho_2026.xlsx
SAO PAULO,SAO PAULO,04602,53,A_Frota_por_UF_Municipio_CEP_Julho_2026.xlsx
SAO PAULO,SAO PAULO,04603,58,A_Frota_por_UF_Municipio_CEP_Julho_2026.xlsx
SAO PAULO,SAO PAULO,04604,23,A_Frota_por_UF_Municipio_CEP_Julho_2026.xlsx
SAO PAULO,SAO PAULO,04605,25,A_Frota_por_UF_Municipio_CEP_Julho_2026.xlsx
SAO PAULO,SAO PAULO,04606,27,A_Frota_por_UF_Municipio_CEP_Julho_2026.xlsx
SAO PAULO,SAO PAULO,04607,24,A_Frota_por_UF_Municipio_CEP_Julho_2026.xlsx
SAO PAULO,SAO PAULO,04608,28,A_Frota_por_UF_Municipio_CEP_Julho_2026.xlsx
SAO PAULO,SAO PAULO,04609,24,A_Frota_por_UF_Municipio_CEP_Julho_2026.xlsx
SAO PAULO,SAO PAULO,04610,26,A_Frota_por_UF_Municipio_CEP_Julho_2026.xlsx
SAO PAULO,SAO PAULO,04611,24,A_Frota_por_UF_Municipio_CEP_Julho_2026.xlsx
SAO PAULO,SAO PAULO,04612,41,A_Frota_por_UF_Municipio_CEP_Julho_2026.xlsx
SAO PAULO,SAO PAULO,04613,39,A_Frota_por_UF_Municipio_CEP_Julho_2026.xlsx
SAO PAULO,SAO PAULO,04614,36,A_Frota_por_UF_Municipio_CEP_Julho_2026.xlsx
SAO PAULO,SAO PAULO,04615,30,A_Frota_por_UF_Municipio_CEP_Julho_2026.xlsx
SAO PAULO,SAO PAULO,04616,25,A_Frota_por_UF_Municipio_CEP_Julho_2026.xlsx
SAO PAULO,SAO PAULO,04617,56,A_Frota_por_UF_Municipio_CEP_Julho_2026.xlsx
SAO PAULO,SAO PAULO,04618,55,A_Frota_por_UF_Municipio_CEP_Julho_2026.xlsx
SAO PAULO,SAO PAULO,04619,30,A_Frota_por_UF_Municipio_CEP_Julho_2026.xlsx
SAO PAULO,SAO PAULO,04620,32,A_Frota_por_UF_Municipio_CEP_Julho_2026.xlsx
SAO PAULO,SAO PAULO,04621,28,A_Frota_por_UF_Municipio_CEP_Julho_2026.xlsx
SAO PAULO,SAO PAULO,04622,21,A_Frota_por_UF_Municipio_CEP_Julho_2026.xlsx
SAO PAULO,SAO PAULO,04623,19,A_Frota_por_UF_Municipio_CEP_Julho_2026.xlsx
SAO PAULO,SAO PAULO,04624,33,A_Frota_por_UF_Municipio_CEP_Julho_2026.xlsx
SAO PAULO,SAO PAULO,04625,27,A_Frota_por_UF_Municipio_CEP_Julho_2026.xlsx
SAO PAULO,SAO PAULO,04626,21,A_Frota_por_UF_Municipio_CEP_Julho_2026.xlsx
SAO PAULO,SAO PAULO,04627,52,A_Frota_por_UF_Municipio_CEP_Julho_2026.xlsx
SAO PAULO,SAO PAULO,04630,33,A_Frota_por_UF_Municipio_CEP_Julho_2026.xlsx
SAO PAULO,SAO PAULO,04631,19,A_Frota_por_UF_Municipio_CEP_Julho_2026.xlsx
SAO PAULO,SAO PAULO,04632,39,A_Frota_por_UF_Municipio_CEP_Julho_2026.xlsx
SAO PAULO,SAO PAULO,04633,57,A_Frota_por_UF_Municipio_CEP_Julho_2026.xlsx
SAO PAULO,SAO PAULO,04634,103,A_Frota_por_UF_Municipio_CEP_Julho_2026.xlsx
SAO PAULO,SAO PAULO,04635,57,A_Frota_por_UF_Municipio_CEP_Julho_2026.xlsx
SAO PAULO,SAO PAULO,04636,17,A_Frota_por_UF_Municipio_CEP_Julho_2026.xlsx
SAO PAULO,SAO PAULO,04637,10,A_Frota_por_UF_Municipio_CEP_Julho_2026.xlsx
SAO PAULO,SAO PAULO,04638,14,A_Frota_por_UF_Municipio_CEP_Julho_2026.xlsx
SAO PAULO,SAO PAULO,04639,3,A_Frota_por_UF_Municipio_CEP_Julho_2026.xlsx
SAO PAULO,SAO PAULO,04640,16,A_Frota_por_UF_Municipio_CEP_Julho_2026.xlsx
SAO PAULO,SAO PAULO,04641,3,A_Frota_por_UF_Municipio_CEP_Julho_2026.xlsx
SAO PAULO,SAO PAULO,04642,3,A_Frota_por_UF_Municipio_CEP_Julho_2026.xlsx
SAO PAULO,SAO PAULO,04643,5,A_Frota_por_UF_Municipio_CEP_Julho_2026.xlsx
SAO PAULO,SAO PAULO,04644,2,A_Frota_por_UF_Municipio_CEP_Julho_2026.xlsx
SAO PAULO,SAO PAULO,04645,11,A_Frota_por_UF_Municipio_CEP_Julho_2026.xlsx
SAO PAULO,SAO PAULO,04646,16,A_Frota_por_UF_Municipio_CEP_Julho_2026.xlsx
SAO PAULO,SAO PAULO,04647,9,A_Frota_por_UF_Municipio_CEP_Julho_2026.xlsx
SAO PAULO,SAO PAULO,04648,50,A_Frota_por_UF_Municipio_CEP_Julho_2026.xlsx
SAO PAULO,SAO PAULO,04649,35,A_Frota_por_UF_Municipio_CEP_Julho_2026.xlsx
SAO PAULO,SAO PAULO,04650,60,A_Frota_por_UF_Municipio_CEP_Julho_2026.xlsx
SAO PAULO,SAO PAULO,04651,50,A_Frota_por_UF_Municipio_CEP_Julho_2026.xlsx
SAO PAULO,SAO PAULO,04652,62,A_Frota_por_UF_Municipio_CEP_Julho_2026.xlsx
SAO PAULO,SAO PAULO,04653,94,A_Frota_por_UF_Municipio_CEP_Julho_2026.xlsx
SAO PAULO,SAO PAULO,04654,13,A_Frota_por_UF_Municipio_CEP_Julho_2026.xlsx
SAO PAULO,SAO PAULO,04655,31,A_Frota_por_UF_Municipio_CEP_Julho_2026.xlsx
SAO PAULO,SAO PAULO,04656,8,A_Frota_por_UF_Municipio_CEP_Julho_2026.xlsx
SAO PAULO,SAO PAULO,04657,35,A_Frota_por_UF_Municipio_CEP_Julho_2026.xlsx
SAO PAULO,SAO PAULO,04658,84,A_Frota_por_UF_Municipio_CEP_Julho_2026.xlsx
SAO PAULO,SAO PAULO,04660,48,A_Frota_por_UF_Municipio_CEP_Julho_2026.xlsx
SAO PAULO,SAO PAULO,04661,43,A_Frota_por_UF_Municipio_CEP_Julho_2026.xlsx
SAO PAULO,SAO PAULO,04662,49,A_Frota_por_UF_Municipio_CEP_Julho_2026.xlsx
SAO PAULO,SAO PAULO,04663,15,A_Frota_por_UF_Municipio_CEP_Julho_2026.xlsx
SAO PAULO,SAO PAULO,04664,22,A_Frota_por_UF_Municipio_CEP_Julho_2026.xlsx
SAO PAULO,SAO PAULO,04665,1,A_Frota_por_UF_Municipio_CEP_Julho_2026.xlsx
SAO PAULO,SAO PAULO,04666,2,A_Frota_por_UF_Municipio_CEP_Julho_2026.xlsx
SAO PAULO,SAO PAULO,04670,1,A_Frota_por_UF_Municipio_CEP_Julho_2026.xlsx
SAO PAULO,SAO PAULO,04671,149,A_Frota_por_UF_Municipio_CEP_Julho_2026.xlsx
SAO PAULO,SAO PAULO,04672,18,A_Frota_por_UF_Municipio_CEP_Julho_2026.xlsx
SAO PAULO,SAO PAULO,04673,32,A_Frota_por_UF_Municipio_CEP_Julho_2026.xlsx
SAO PAULO,SAO PAULO,04674,137,A_Frota_por_UF_Municipio_CEP_Julho_2026.xlsx
SAO PAULO,SAO PAULO,04675,101,A_Frota_por_UF_Municipio_CEP_Julho_2026.xlsx
SAO PAULO,SAO PAULO,04676,57,A_Frota_por_UF_Municipio_CEP_Julho_2026.xlsx
SAO PAULO,SAO PAULO,04677,42,A_Frota_por_UF_Municipio_CEP_Julho_2026.xlsx
SAO PAULO,SAO PAULO,04678,85,A_Frota_por_UF_Municipio_CEP_Julho_2026.xlsx
SAO PAULO,SAO PAULO,04679,81,A_Frota_por_UF_Municipio_CEP_Julho_2026.xlsx
SAO PAULO,SAO PAULO,04680,1,A_Frota_por_UF_Municipio_CEP_Julho_2026.xlsx
SAO PAULO,SAO PAULO,04683,1,A_Frota_por_UF_Municipio_CEP_Julho_2026.xlsx
SAO PAULO,SAO PAULO,04685,45,A_Frota_por_UF_Municipio_CEP_Julho_2026.xlsx
SAO PAULO,SAO PAULO,04686,21,A_Frota_por_UF_Municipio_CEP_Julho_2026.xlsx
SAO PAULO,SAO PAULO,04688,5,A_Frota_por_UF_Municipio_CEP_Julho_2026.xlsx
SAO PAULO,SAO PAULO,04689,42,A_Frota_por_UF_Municipio_CEP_Julho_2026.xlsx
SAO PAULO,SAO PAULO,04690,10,A_Frota_por_UF_Municipio_CEP_Julho_2026.xlsx
SAO PAULO,SAO PAULO,04691,58,A_Frota_por_UF_Municipio_CEP_Julho_2026.xlsx
SAO PAULO,SAO PAULO,04692,4,A_Frota_por_UF_Municipio_CEP_Julho_2026.xlsx
SAO PAULO,SAO PAULO,04693,17,A_Frota_por_UF_Municipio_CEP_Julho_2026.xlsx
SAO PAULO,SAO PAULO,04696,39,A_Frota_por_UF_Municipio_CEP_Julho_2026.xlsx
SAO PAULO,SAO PAULO,04700,5,A_Frota_por_UF_Municipio_CEP_Julho_2026.xlsx
SAO PAULO,SAO PAULO,04701,133,A_Frota_por_UF_Municipio_CEP_Julho_2026.xlsx
SAO PAULO,SAO PAULO,04702,17,A_Frota_por_UF_Municipio_CEP_Julho_2026.xlsx
SAO PAULO,SAO PAULO,04703,29,A_Frota_por_UF_Municipio_CEP_Julho_2026.xlsx
SAO PAULO,SAO PAULO,04704,40,A_Frota_por_UF_Municipio_CEP_Julho_2026.xlsx
SAO PAULO,SAO PAULO,04705,21,A_Frota_por_UF_Municipio_CEP_Julho_2026.xlsx
SAO PAULO,SAO PAULO,04707,63,A_Frota_por_UF_Municipio_CEP_Julho_2026.xlsx
SAO PAULO,SAO PAULO,04708,43,A_Frota_por_UF_Municipio_CEP_Julho_2026.xlsx
SAO PAULO,SAO PAULO,04709,32,A_Frota_por_UF_Municipio_CEP_Julho_2026.xlsx
SAO PAULO,SAO PAULO,04710,48,A_Frota_por_UF_Municipio_CEP_Julho_2026.xlsx
SAO PAULO,SAO PAULO,04711,1967,A_Frota_por_UF_Municipio_CEP_Julho_2026.xlsx
SAO PAULO,SAO PAULO,04712,1,A_Frota_por_UF_Municipio_CEP_Julho_2026.xlsx
SAO PAULO,SAO PAULO,04713,23,A_Frota_por_UF_Municipio_CEP_Julho_2026.xlsx
SAO PAULO,SAO PAULO,04714,33,A_Frota_por_UF_Municipio_CEP_Julho_2026.xlsx
SAO PAULO,SAO PAULO,04715,50,A_Frota_por_UF_Municipio_CEP_Julho_2026.xlsx
SAO PAULO,SAO PAULO,04716,23,A_Frota_por_UF_Municipio_CEP_Julho_2026.xlsx
SAO PAULO,SAO PAULO,04717,90,A_Frota_por_UF_Municipio_CEP_Julho_2026.xlsx
SAO PAULO,SAO PAULO,04718,31,A_Frota_por_UF_Municipio_CEP_Julho_2026.xlsx
SAO PAULO,SAO PAULO,04719,55,A_Frota_por_UF_Municipio_CEP_Julho_2026.xlsx
SAO PAULO,SAO PAULO,04720,9,A_Frota_por_UF_Municipio_CEP_Julho_2026.xlsx
SAO PAULO,SAO PAULO,04721,15,A_Frota_por_UF_Municipio_CEP_Julho_2026.xlsx
SAO PAULO,SAO PAULO,04722,9,A_Frota_por_UF_Municipio_CEP_Julho_2026.xlsx
SAO PAULO,SAO PAULO,04723,12,A_Frota_por_UF_Municipio_CEP_Julho_2026.xlsx
SAO PAULO,SAO PAULO,04724,23,A_Frota_por_UF_Municipio_CEP_Julho_2026.xlsx
SAO PAULO,SAO PAULO,04725,16,A_Frota_por_UF_Municipio_CEP_Julho_2026.xlsx
SAO PAULO,SAO PAULO,04726,104,A_Frota_por_UF_Municipio_CEP_Julho_2026.xlsx
SAO PAULO,SAO PAULO,04727,33,A_Frota_por_UF_Municipio_CEP_Julho_2026.xlsx
SAO PAULO,SAO PAULO,04728,41,A_Frota_por_UF_Municipio_CEP_Julho_2026.xlsx
SAO PAULO,SAO PAULO,04729,24,A_Frota_por_UF_Municipio_CEP_Julho_2026.xlsx
SAO PAULO,SAO PAULO,04730,173,A_Frota_por_UF_Municipio_CEP_Julho_2026.xlsx
SAO PAULO,SAO PAULO,04732,2,A_Frota_por_UF_Municipio_CEP_Julho_2026.xlsx
SAO PAULO,SAO PAULO,04733,5,A_Frota_por_UF_Municipio_CEP_Julho_2026.xlsx
SAO PAULO,SAO PAULO,04734,40,A_Frota_por_UF_Municipio_CEP_Julho_2026.xlsx
SAO PAULO,SAO PAULO,04735,49,A_Frota_por_UF_Municipio_CEP_Julho_2026.xlsx
SAO PAULO,SAO PAULO,04736,7,A_Frota_por_UF_Municipio_CEP_Julho_2026.xlsx
SAO PAULO,SAO PAULO,04737,15,A_Frota_por_UF_Municipio_CEP_Julho_2026.xlsx
SAO PAULO,SAO PAULO,04738,19,A_Frota_por_UF_Municipio_CEP_Julho_2026.xlsx
SAO PAULO,SAO PAULO,04739,19,A_Frota_por_UF_Municipio_CEP_Julho_2026.xlsx
SAO PAULO,SAO PAULO,04740,8,A_Frota_por_UF_Municipio_CEP_Julho_2026.xlsx
SAO PAULO,SAO PAULO,04741,36,A_Frota_por_UF_Municipio_CEP_Julho_2026.xlsx
SAO PAULO,SAO PAULO,04742,31,A_Frota_por_UF_Municipio_CEP_Julho_2026.xlsx
SAO PAULO,SAO PAULO,04743,31,A_Frota_por_UF_Municipio_CEP_Julho_2026.xlsx
SAO PAULO,SAO PAULO,04744,17,A_Frota_por_UF_Municipio_CEP_Julho_2026.xlsx
SAO PAULO,SAO PAULO,04745,39,A_Frota_por_UF_Municipio_CEP_Julho_2026.xlsx
SAO PAULO,SAO PAULO,04746,40,A_Frota_por_UF_Municipio_CEP_Julho_2026.xlsx
SAO PAULO,SAO PAULO,04747,24,A_Frota_por_UF_Municipio_CEP_Julho_2026.xlsx
SAO PAULO,SAO PAULO,04748,5,A_Frota_por_UF_Municipio_CEP_Julho_2026.xlsx
SAO PAULO,SAO PAULO,04750,21,A_Frota_por_UF_Municipio_CEP_Julho_2026.xlsx
SAO PAULO,SAO PAULO,04751,20,A_Frota_por_UF_Municipio_CEP_Julho_2026.xlsx
SAO PAULO,SAO PAULO,04752,614,A_Frota_por_UF_Municipio_CEP_Julho_2026.xlsx
SAO PAULO,SAO PAULO,04753,616,A_Frota_por_UF_Municipio_CEP_Julho_2026.xlsx
SAO PAULO,SAO PAULO,04754,26,A_Frota_por_UF_Municipio_CEP_Julho_2026.xlsx
SAO PAULO,SAO PAULO,04755,93,A_Frota_por_UF_Municipio_CEP_Julho_2026.xlsx
SAO PAULO,SAO PAULO,04756,31,A_Frota_por_UF_Municipio_CEP_Julho_2026.xlsx
SAO PAULO,SAO PAULO,04757,19,A_Frota_por_UF_Municipio_CEP_Julho_2026.xlsx
SAO PAULO,SAO PAULO,04758,1,A_Frota_por_UF_Municipio_CEP_Julho_2026.xlsx
SAO PAULO,SAO PAULO,04760,23,A_Frota_por_UF_Municipio_CEP_Julho_2026.xlsx
SAO PAULO,SAO PAULO,04761,48,A_Frota_por_UF_Municipio_CEP_Julho_2026.xlsx
SAO PAULO,SAO PAULO,04762,31,A_Frota_por_UF_Municipio_CEP_Julho_2026.xlsx
SAO PAULO,SAO PAULO,04763,60,A_Frota_por_UF_Municipio_CEP_Julho_2026.xlsx
SAO PAULO,SAO PAULO,04764,49,A_Frota_por_UF_Municipio_CEP_Julho_2026.xlsx
SAO PAULO,SAO PAULO,04765,8,A_Frota_por_UF_Municipio_CEP_Julho_2026.xlsx
SAO PAULO,SAO PAULO,04766,35,A_Frota_por_UF_Municipio_CEP_Julho_2026.xlsx
SAO PAULO,SAO PAULO,04767,6,A_Frota_por_UF_Municipio_CEP_Julho_2026.xlsx
SAO PAULO,SAO PAULO,04768,21,A_Frota_por_UF_Municipio_CEP_Julho_2026.xlsx
SAO PAULO,SAO PAULO,04770,21,A_Frota_por_UF_Municipio_CEP_Julho_2026.xlsx
SAO PAULO,SAO PAULO,04771,39,A_Frota_por_UF_Municipio_CEP_Julho_2026.xlsx
SAO PAULO,SAO PAULO,04772,20,A_Frota_por_UF_Municipio_CEP_Julho_2026.xlsx
SAO PAULO,SAO PAULO,04773,35,A_Frota_por_UF_Municipio_CEP_Julho_2026.xlsx
SAO PAULO,SAO PAULO,04774,24,A_Frota_por_UF_Municipio_CEP_Julho_2026.xlsx
SAO PAULO,SAO PAULO,04775,38,A_Frota_por_UF_Municipio_CEP_Julho_2026.xlsx
SAO PAULO,SAO PAULO,04776,94,A_Frota_por_UF_Municipio_CEP_Julho_2026.xlsx
SAO PAULO,SAO PAULO,04777,65,A_Frota_por_UF_Municipio_CEP_Julho_2026.xlsx
SAO PAULO,SAO PAULO,04778,2,A_Frota_por_UF_Municipio_CEP_Julho_2026.xlsx
SAO PAULO,SAO PAULO,04779,5,A_Frota_por_UF_Municipio_CEP_Julho_2026.xlsx
SAO PAULO,SAO PAULO,04780,1,A_Frota_por_UF_Municipio_CEP_Julho_2026.xlsx
SAO PAULO,SAO PAULO,04781,29,A_Frota_por_UF_Municipio_CEP_Julho_2026.xlsx
SAO PAULO,SAO PAULO,04782,42,A_Frota_por_UF_Municipio_CEP_Julho_2026.xlsx
SAO PAULO,SAO PAULO,04783,27,A_Frota_por_UF_Municipio_CEP_Julho_2026.xlsx
SAO PAULO,SAO PAULO,04784,37,A_Frota_por_UF_Municipio_CEP_Julho_2026.xlsx
SAO PAULO,SAO PAULO,04785,31,A_Frota_por_UF_Municipio_CEP_Julho_2026.xlsx
SAO PAULO,SAO PAULO,04786,9,A_Frota_por_UF_Municipio_CEP_Julho_2026.xlsx
SAO PAULO,SAO PAULO,04787,17,A_Frota_por_UF_Municipio_CEP_Julho_2026.xlsx
SAO PAULO,SAO PAULO,04788,13,A_Frota_por_UF_Municipio_CEP_Julho_2026.xlsx
SAO PAULO,SAO PAULO,04789,17,A_Frota_por_UF_Municipio_CEP_Julho_2026.xlsx
SAO PAULO,SAO PAULO,04790,4,A_Frota_por_UF_Municipio_CEP_Julho_2026.xlsx
SAO PAULO,SAO PAULO,04791,1,A_Frota_por_UF_Municipio_CEP_Julho_2026.xlsx
SAO PAULO,SAO PAULO,04792,11,A_Frota_por_UF_Municipio_CEP_Julho_2026.xlsx
SAO PAULO,SAO PAULO,04794,1161,A_Frota_por_UF_Municipio_CEP_Julho_2026.xlsx
SAO PAULO,SAO PAULO,04795,98,A_Frota_por_UF_Municipio_CEP_Julho_2026.xlsx
SAO PAULO,SAO PAULO,04801,19,A_Frota_por_UF_Municipio_CEP_Julho_2026.xlsx
SAO PAULO,SAO PAULO,04802,20,A_Frota_por_UF_Municipio_CEP_Julho_2026.xlsx
SAO PAULO,SAO PAULO,04803,19,A_Frota_por_UF_Municipio_CEP_Julho_2026.xlsx
SAO PAULO,SAO PAULO,04804,51,A_Frota_por_UF_Municipio_CEP_Julho_2026.xlsx
SAO PAULO,SAO PAULO,04805,82,A_Frota_por_UF_Municipio_CEP_Julho_2026.xlsx
SAO PAULO,SAO PAULO,04806,10,A_Frota_por_UF_Municipio_CEP_Julho_2026.xlsx
SAO PAULO,SAO PAULO,04807,22,A_Frota_por_UF_Municipio_CEP_Julho_2026.xlsx
SAO PAULO,SAO PAULO,04808,1,A_Frota_por_UF_Municipio_CEP_Julho_2026.xlsx
SAO PAULO,SAO PAULO,04809,92,A_Frota_por_UF_Municipio_CEP_Julho_2026.xlsx
SAO PAULO,SAO PAULO,04810,29,A_Frota_por_UF_Municipio_CEP_Julho_2026.xlsx
SAO PAULO,SAO PAULO,04811,68,A_Frota_por_UF_Municipio_CEP_Julho_2026.xlsx
SAO PAULO,SAO PAULO,04812,126,A_Frota_por_UF_Municipio_CEP_Julho_2026.xlsx
SAO PAULO,SAO PAULO,04813,63,A_Frota_por_UF_Municipio_CEP_Julho_2026.xlsx
SAO PAULO,SAO PAULO,04814,188,A_Frota_por_UF_Municipio_CEP_Julho_2026.xlsx
SAO PAULO,SAO PAULO,04815,97,A_Frota_por_UF_Municipio_CEP_Julho_2026.xlsx
SAO PAULO,SAO PAULO,04816,39,A_Frota_por_UF_Municipio_CEP_Julho_2026.xlsx
SAO PAULO,SAO PAULO,04817,2,A_Frota_por_UF_Municipio_CEP_Julho_2026.xlsx
SAO PAULO,SAO PAULO,04820,14,A_Frota_por_UF_Municipio_CEP_Julho_2026.xlsx
SAO PAULO,SAO PAULO,04821,107,A_Frota_por_UF_Municipio_CEP_Julho_2026.xlsx
SAO PAULO,SAO PAULO,04822,79,A_Frota_por_UF_Municipio_CEP_Julho_2026.xlsx
SAO PAULO,SAO PAULO,04823,64,A_Frota_por_UF_Municipio_CEP_Julho_2026.xlsx
SAO PAULO,SAO PAULO,04824,71,A_Frota_por_UF_Municipio_CEP_Julho_2026.xlsx
SAO PAULO,SAO PAULO,04825,8,A_Frota_por_UF_Municipio_CEP_Julho_2026.xlsx
SAO PAULO,SAO PAULO,04826,44,A_Frota_por_UF_Municipio_CEP_Julho_2026.xlsx
SAO PAULO,SAO PAULO,04827,42,A_Frota_por_UF_Municipio_CEP_Julho_2026.xlsx
SAO PAULO,SAO PAULO,04828,42,A_Frota_por_UF_Municipio_CEP_Julho_2026.xlsx
SAO PAULO,SAO PAULO,04829,129,A_Frota_por_UF_Municipio_CEP_Julho_2026.xlsx
SAO PAULO,SAO PAULO,04830,82,A_Frota_por_UF_Municipio_CEP_Julho_2026.xlsx
SAO PAULO,SAO PAULO,04831,51,A_Frota_por_UF_Municipio_CEP_Julho_2026.xlsx
SAO PAULO,SAO PAULO,04832,39,A_Frota_por_UF_Municipio_CEP_Julho_2026.xlsx
SAO PAULO,SAO PAULO,04833,36,A_Frota_por_UF_Municipio_CEP_Julho_2026.xlsx
SAO PAULO,SAO PAULO,04835,58,A_Frota_por_UF_Municipio_CEP_Julho_2026.xlsx
SAO PAULO,SAO PAULO,04836,69,A_Frota_por_UF_Municipio_CEP_Julho_2026.xlsx
SAO PAULO,SAO PAULO,04837,25,A_Frota_por_UF_Municipio_CEP_Julho_2026.xlsx
SAO PAULO,SAO PAULO,04839,1,A_Frota_por_UF_Municipio_CEP_Julho_2026.xlsx
SAO PAULO,SAO PAULO,04840,67,A_Frota_por_UF_Municipio_CEP_Julho_2026.xlsx
SAO PAULO,SAO PAULO,04841,54,A_Frota_por_UF_Municipio_CEP_Julho_2026.xlsx
SAO PAULO,SAO PAULO,04842,92,A_Frota_por_UF_Municipio_CEP_Julho_2026.xlsx
SAO PAULO,SAO PAULO,04843,158,A_Frota_por_UF_Municipio_CEP_Julho_2026.xlsx
SAO PAULO,SAO PAULO,04844,238,A_Frota_por_UF_Municipio_CEP_Julho_2026.xlsx
SAO PAULO,SAO PAULO,04845,63,A_Frota_por_UF_Municipio_CEP_Julho_2026.xlsx
SAO PAULO,SAO PAULO,04846,47,A_Frota_por_UF_Municipio_CEP_Julho_2026.xlsx
SAO PAULO,SAO PAULO,04847,25,A_Frota_por_UF_Municipio_CEP_Julho_2026.xlsx
SAO PAULO,SAO PAULO,04848,45,A_Frota_por_UF_Municipio_CEP_Julho_2026.xlsx
SAO PAULO,SAO PAULO,04849,281,A_Frota_por_UF_Municipio_CEP_Julho_2026.xlsx
SAO PAULO,SAO PAULO,04850,65,A_Frota_por_UF_Municipio_CEP_Julho_2026.xlsx
SAO PAULO,SAO PAULO,04851,150,A_Frota_por_UF_Municipio_CEP_Julho_2026.xlsx
SAO PAULO,SAO PAULO,04852,123,A_Frota_por_UF_Municipio_CEP_Julho_2026.xlsx
SAO PAULO,SAO PAULO,04853,34,A_Frota_por_UF_Municipio_CEP_Julho_2026.xlsx
SAO PAULO,SAO PAULO,04854,62,A_Frota_por_UF_Municipio_CEP_Julho_2026.xlsx
SAO PAULO,SAO PAULO,04855,123,A_Frota_por_UF_Municipio_CEP_Julho_2026.xlsx
SAO PAULO,SAO PAULO,04856,90,A_Frota_por_UF_Municipio_CEP_Julho_2026.xlsx
SAO PAULO,SAO PAULO,04857,98,A_Frota_por_UF_Municipio_CEP_Julho_2026.xlsx
SAO PAULO,SAO PAULO,04858,80,A_Frota_por_UF_Municipio_CEP_Julho_2026.xlsx
SAO PAULO,SAO PAULO,04859,42,A_Frota_por_UF_Municipio_CEP_Julho_2026.xlsx
SAO PAULO,SAO PAULO,04860,62,A_Frota_por_UF_Municipio_CEP_Julho_2026.xlsx
SAO PAULO,SAO PAULO,04861,1,A_Frota_por_UF_Municipio_CEP_Julho_2026.xlsx
SAO PAULO,SAO PAULO,04862,11,A_Frota_por_UF_Municipio_CEP_Julho_2026.xlsx
SAO PAULO,SAO PAULO,04863,106,A_Frota_por_UF_Municipio_CEP_Julho_2026.xlsx
SAO PAULO,SAO PAULO,04864,47,A_Frota_por_UF_Municipio_CEP_Julho_2026.xlsx
SAO PAULO,SAO PAULO,04865,42,A_Frota_por_UF_Municipio_CEP_Julho_2026.xlsx
SAO PAULO,SAO PAULO,04866,39,A_Frota_por_UF_Municipio_CEP_Julho_2026.xlsx
SAO PAULO,SAO PAULO,04867,4,A_Frota_por_UF_Municipio_CEP_Julho_2026.xlsx
SAO PAULO,SAO PAULO,04869,1,A_Frota_por_UF_Municipio_CEP_Julho_2026.xlsx
SAO PAULO,SAO PAULO,04870,32,A_Frota_por_UF_Municipio_CEP_Julho_2026.xlsx
SAO PAULO,SAO PAULO,04871,2,A_Frota_por_UF_Municipio_CEP_Julho_2026.xlsx
SAO PAULO,SAO PAULO,04872,9,A_Frota_por_UF_Municipio_CEP_Julho_2026.xlsx
SAO PAULO,SAO PAULO,04873,2,A_Frota_por_UF_Municipio_CEP_Julho_2026.xlsx
SAO PAULO,SAO PAULO,04874,4,A_Frota_por_UF_Municipio_CEP_Julho_2026.xlsx
SAO PAULO,SAO PAULO,04875,9,A_Frota_por_UF_Municipio_CEP_Julho_2026.xlsx
SAO PAULO,SAO PAULO,04876,1,A_Frota_por_UF_Municipio_CEP_Julho_2026.xlsx
SAO PAULO,SAO PAULO,04877,8,A_Frota_por_UF_Municipio_CEP_Julho_2026.xlsx
SAO PAULO,SAO PAULO,04878,1,A_Frota_por_UF_Municipio_CEP_Julho_2026.xlsx
SAO PAULO,SAO PAULO,04879,1,A_Frota_por_UF_Municipio_CEP_Julho_2026.xlsx
SAO PAULO,SAO PAULO,04880,51,A_Frota_por_UF_Municipio_CEP_Julho_2026.xlsx
SAO PAULO,SAO PAULO,04881,4,A_Frota_por_UF_Municipio_CEP_Julho_2026.xlsx
SAO PAULO,SAO PAULO,04882,6,A_Frota_por_UF_Municipio_CEP_Julho_2026.xlsx
SAO PAULO,SAO PAULO,04883,40,A_Frota_por_UF_Municipio_CEP_Julho_2026.xlsx
SAO PAULO,SAO PAULO,04884,28,A_Frota_por_UF_Municipio_CEP_Julho_2026.xlsx
SAO PAULO,SAO PAULO,04885,1,A_Frota_por_UF_Municipio_CEP_Julho_2026.xlsx
SAO PAULO,SAO PAULO,04886,3,A_Frota_por_UF_Municipio_CEP_Julho_2026.xlsx
SAO PAULO,SAO PAULO,04888,13,A_Frota_por_UF_Municipio_CEP_Julho_2026.xlsx
SAO PAULO,SAO PAULO,04889,2,A_Frota_por_UF_Municipio_CEP_Julho_2026.xlsx
SAO PAULO,SAO PAULO,04890,89,A_Frota_por_UF_Municipio_CEP_Julho_2026.xlsx
SAO PAULO,SAO PAULO,04891,33,A_Frota_por_UF_Municipio_CEP_Julho_2026.xlsx
SAO PAULO,SAO PAULO,04892,36,A_Frota_por_UF_Municipio_CEP_Julho_2026.xlsx
SAO PAULO,SAO PAULO,04893,35,A_Frota_por_UF_Municipio_CEP_Julho_2026.xlsx
SAO PAULO,SAO PAULO,04894,14,A_Frota_por_UF_Municipio_CEP_Julho_2026.xlsx
SAO PAULO,SAO PAULO,04895,44,A_Frota_por_UF_Municipio_CEP_Julho_2026.xlsx
SAO PAULO,SAO PAULO,04896,25,A_Frota_por_UF_Municipio_CEP_Julho_2026.xlsx
SAO PAULO,SAO PAULO,04897,16,A_Frota_por_UF_Municipio_CEP_Julho_2026.xlsx
SAO PAULO,SAO PAULO,04898,1,A_Frota_por_UF_Municipio_CEP_Julho_2026.xlsx
SAO PAULO,SAO PAULO,04900,2,A_Frota_por_UF_Municipio_CEP_Julho_2026.xlsx
SAO PAULO,SAO PAULO,04901,43,A_Frota_por_UF_Municipio_CEP_Julho_2026.xlsx
SAO PAULO,SAO PAULO,04902,30,A_Frota_por_UF_Municipio_CEP_Julho_2026.xlsx
SAO PAULO,SAO PAULO,04904,60,A_Frota_por_UF_Municipio_CEP_Julho_2026.xlsx
SAO PAULO,SAO PAULO,04905,111,A_Frota_por_UF_Municipio_CEP_Julho_2026.xlsx
SAO PAULO,SAO PAULO,04906,2,A_Frota_por_UF_Municipio_CEP_Julho_2026.xlsx
SAO PAULO,SAO PAULO,04909,36,A_Frota_por_UF_Municipio_CEP_Julho_2026.xlsx
SAO PAULO,SAO PAULO,04910,7,A_Frota_por_UF_Municipio_CEP_Julho_2026.xlsx
SAO PAULO,SAO PAULO,04911,26,A_Frota_por_UF_Municipio_CEP_Julho_2026.xlsx
SAO PAULO,SAO PAULO,04912,30,A_Frota_por_UF_Municipio_CEP_Julho_2026.xlsx
SAO PAULO,SAO PAULO,04913,45,A_Frota_por_UF_Municipio_CEP_Julho_2026.xlsx
SAO PAULO,SAO PAULO,04914,31,A_Frota_por_UF_Municipio_CEP_Julho_2026.xlsx
SAO PAULO,SAO PAULO,04915,36,A_Frota_por_UF_Municipio_CEP_Julho_2026.xlsx
SAO PAULO,SAO PAULO,04916,20,A_Frota_por_UF_Municipio_CEP_Julho_2026.xlsx
SAO PAULO,SAO PAULO,04917,50,A_Frota_por_UF_Municipio_CEP_Julho_2026.xlsx
SAO PAULO,SAO PAULO,04918,83,A_Frota_por_UF_Municipio_CEP_Julho_2026.xlsx
SAO PAULO,SAO PAULO,04919,15,A_Frota_por_UF_Municipio_CEP_Julho_2026.xlsx
SAO PAULO,SAO PAULO,04920,16,A_Frota_por_UF_Municipio_CEP_Julho_2026.xlsx
SAO PAULO,SAO PAULO,04921,23,A_Frota_por_UF_Municipio_CEP_Julho_2026.xlsx
SAO PAULO,SAO PAULO,04922,3,A_Frota_por_UF_Municipio_CEP_Julho_2026.xlsx
SAO PAULO,SAO PAULO,04923,20,A_Frota_por_UF_Municipio_CEP_Julho_2026.xlsx
SAO PAULO,SAO PAULO,04925,14,A_Frota_por_UF_Municipio_CEP_Julho_2026.xlsx
SAO PAULO,SAO PAULO,04926,4,A_Frota_por_UF_Municipio_CEP_Julho_2026.xlsx
SAO PAULO,SAO PAULO,04927,1,A_Frota_por_UF_Municipio_CEP_Julho_2026.xlsx
SAO PAULO,SAO PAULO,04929,69,A_Frota_por_UF_Municipio_CEP_Julho_2026.xlsx
SAO PAULO,SAO PAULO,04930,61,A_Frota_por_UF_Municipio_CEP_Julho_2026.xlsx
SAO PAULO,SAO PAULO,04931,29,A_Frota_por_UF_Municipio_CEP_Julho_2026.xlsx
SAO PAULO,SAO PAULO,04932,61,A_Frota_por_UF_Municipio_CEP_Julho_2026.xlsx
SAO PAULO,SAO PAULO,04933,23,A_Frota_por_UF_Municipio_CEP_Julho_2026.xlsx
SAO PAULO,SAO PAULO,04935,18,A_Frota_por_UF_Municipio_CEP_Julho_2026.xlsx
SAO PAULO,SAO PAULO,04936,1,A_Frota_por_UF_Municipio_CEP_Julho_2026.xlsx
SAO PAULO,SAO PAULO,04937,76,A_Frota_por_UF_Municipio_CEP_Julho_2026.xlsx
SAO PAULO,SAO PAULO,04938,46,A_Frota_por_UF_Municipio_CEP_Julho_2026.xlsx
SAO PAULO,SAO PAULO,04939,52,A_Frota_por_UF_Municipio_CEP_Julho_2026.xlsx
SAO PAULO,SAO PAULO,04940,40,A_Frota_por_UF_Municipio_CEP_Julho_2026.xlsx
SAO PAULO,SAO PAULO,04941,37,A_Frota_por_UF_Municipio_CEP_Julho_2026.xlsx
SAO PAULO,SAO PAULO,04942,26,A_Frota_por_UF_Municipio_CEP_Julho_2026.xlsx
SAO PAULO,SAO PAULO,04943,33,A_Frota_por_UF_Municipio_CEP_Julho_2026.xlsx
SAO PAULO,SAO PAULO,04944,28,A_Frota_por_UF_Municipio_CEP_Julho_2026.xlsx
SAO PAULO,SAO PAULO,04945,45,A_Frota_por_UF_Municipio_CEP_Julho_2026.xlsx
SAO PAULO,SAO PAULO,04947,11,A_Frota_por_UF_Municipio_CEP_Julho_2026.xlsx
SAO PAULO,SAO PAULO,04948,27,A_Frota_por_UF_Municipio_CEP_Julho_2026.xlsx
SAO PAULO,SAO PAULO,04949,38,A_Frota_por_UF_Municipio_CEP_Julho_2026.xlsx
SAO PAULO,SAO PAULO,04950,54,A_Frota_por_UF_Municipio_CEP_Julho_2026.xlsx
SAO PAULO,SAO PAULO,04951,16,A_Frota_por_UF_Municipio_CEP_Julho_2026.xlsx
SAO PAULO,SAO PAULO,04952,12,A_Frota_por_UF_Municipio_CEP_Julho_2026.xlsx
SAO PAULO,SAO PAULO,04953,15,A_Frota_por_UF_Municipio_CEP_Julho_2026.xlsx
SAO PAULO,SAO PAULO,04956,2,A_Frota_por_UF_Municipio_CEP_Julho_2026.xlsx
SAO PAULO,SAO PAULO,04959,1,A_Frota_por_UF_Municipio_CEP_Julho_2026.xlsx
SAO PAULO,SAO PAULO,04960,62,A_Frota_por_UF_Municipio_CEP_Julho_2026.xlsx
SAO PAULO,SAO PAULO,04961,42,A_Frota_por_UF_Municipio_CEP_Julho_2026.xlsx
SAO PAULO,SAO PAULO,04962,29,A_Frota_por_UF_Municipio_CEP_Julho_2026.xlsx
SAO PAULO,SAO PAULO,04963,57,A_Frota_por_UF_Municipio_CEP_Julho_2026.xlsx
SAO PAULO,SAO PAULO,04965,32,A_Frota_por_UF_Municipio_CEP_Julho_2026.xlsx
SAO PAULO,SAO PAULO,04966,18,A_Frota_por_UF_Municipio_CEP_Julho_2026.xlsx
SAO PAULO,SAO PAULO,04970,1,A_Frota_por_UF_Municipio_CEP_Julho_2026.xlsx
SAO PAULO,SAO PAULO,04980,1,A_Frota_por_UF_Municipio_CEP_Julho_2026.xlsx
SAO PAULO,SAO PAULO,04985,1,A_Frota_por_UF_Municipio_CEP_Julho_2026.xlsx
SAO PAULO,SAO PAULO,04990,1,A_Frota_por_UF_Municipio_CEP_Julho_2026.xlsx
SAO PAULO,SAO PAULO,04994,2,A_Frota_por_UF_Municipio_CEP_Julho_2026.xlsx
SAO PAULO,SAO PAULO,04996,1,A_Frota_por_UF_Municipio_CEP_Julho_2026.xlsx
SAO PAULO,SAO PAULO,05000,145,A_Frota_por_UF_Municipio_CEP_Julho_2026.xlsx
SAO PAULO,SAO PAULO,05001,207,A_Frota_por_UF_Municipio_CEP_Julho_2026.xlsx
SAO PAULO,SAO PAULO,05002,86,A_Frota_por_UF_Municipio_CEP_Julho_2026.xlsx
SAO PAULO,SAO PAULO,05003,71,A_Frota_por_UF_Municipio_CEP_Julho_2026.xlsx
SAO PAULO,SAO PAULO,05004,32,A_Frota_por_UF_Municipio_CEP_Julho_2026.xlsx
SAO PAULO,SAO PAULO,05005,48,A_Frota_por_UF_Municipio_CEP_Julho_2026.xlsx
SAO PAULO,SAO PAULO,05006,35,A_Frota_por_UF_Municipio_CEP_Julho_2026.xlsx
SAO PAULO,SAO PAULO,05007,33,A_Frota_por_UF_Municipio_CEP_Julho_2026.xlsx
SAO PAULO,SAO PAULO,05008,46,A_Frota_por_UF_Municipio_CEP_Julho_2026.xlsx
SAO PAULO,SAO PAULO,05009,59,A_Frota_por_UF_Municipio_CEP_Julho_2026.xlsx
SAO PAULO,SAO PAULO,05010,65,A_Frota_por_UF_Municipio_CEP_Julho_2026.xlsx
SAO PAULO,SAO PAULO,05011,56,A_Frota_por_UF_Municipio_CEP_Julho_2026.xlsx
SAO PAULO,SAO PAULO,05012,73,A_Frota_por_UF_Municipio_CEP_Julho_2026.xlsx
SAO PAULO,SAO PAULO,05013,70,A_Frota_por_UF_Municipio_CEP_Julho_2026.xlsx
SAO PAULO,SAO PAULO,05014,58,A_Frota_por_UF_Municipio_CEP_Julho_2026.xlsx
SAO PAULO,SAO PAULO,05015,52,A_Frota_por_UF_Municipio_CEP_Julho_2026.xlsx
SAO PAULO,SAO PAULO,05016,103,A_Frota_por_UF_Municipio_CEP_Julho_2026.xlsx
SAO PAULO,SAO PAULO,05017,91,A_Frota_por_UF_Municipio_CEP_Julho_2026.xlsx
SAO PAULO,SAO PAULO,05018,91,A_Frota_por_UF_Municipio_CEP_Julho_2026.xlsx
SAO PAULO,SAO PAULO,05019,89,A_Frota_por_UF_Municipio_CEP_Julho_2026.xlsx
SAO PAULO,SAO PAULO,05020,57,A_Frota_por_UF_Municipio_CEP_Julho_2026.xlsx
SAO PAULO,SAO PAULO,05021,102,A_Frota_por_UF_Municipio_CEP_Julho_2026.xlsx
SAO PAULO,SAO PAULO,05022,26,A_Frota_por_UF_Municipio_CEP_Julho_2026.xlsx
SAO PAULO,SAO PAULO,05023,31,A_Frota_por_UF_Municipio_CEP_Julho_2026.xlsx
SAO PAULO,SAO PAULO,05024,68,A_Frota_por_UF_Municipio_CEP_Julho_2026.xlsx
SAO PAULO,SAO PAULO,05025,88,A_Frota_por_UF_Municipio_CEP_Julho_2026.xlsx
SAO PAULO,SAO PAULO,05026,42,A_Frota_por_UF_Municipio_CEP_Julho_2026.xlsx
SAO PAULO,SAO PAULO,05027,74,A_Frota_por_UF_Municipio_CEP_Julho_2026.xlsx
SAO PAULO,SAO PAULO,05028,63,A_Frota_por_UF_Municipio_CEP_Julho_2026.xlsx
SAO PAULO,SAO PAULO,05029,100,A_Frota_por_UF_Municipio_CEP_Julho_2026.xlsx
SAO PAULO,SAO PAULO,05030,38,A_Frota_por_UF_Municipio_CEP_Julho_2026.xlsx
SAO PAULO,SAO PAULO,05031,1,A_Frota_por_UF_Municipio_CEP_Julho_2026.xlsx
SAO PAULO,SAO PAULO,05032,1,A_Frota_por_UF_Municipio_CEP_Julho_2026.xlsx
SAO PAULO,SAO PAULO,05033,37,A_Frota_por_UF_Municipio_CEP_Julho_2026.xlsx
SAO PAULO,SAO PAULO,05035,9,A_Frota_por_UF_Municipio_CEP_Julho_2026.xlsx
SAO PAULO,SAO PAULO,05036,43,A_Frota_por_UF_Municipio_CEP_Julho_2026.xlsx
SAO PAULO,SAO PAULO,05037,70,A_Frota_por_UF_Municipio_CEP_Julho_2026.xlsx
SAO PAULO,SAO PAULO,05038,74,A_Frota_por_UF_Municipio_CEP_Julho_2026.xlsx
SAO PAULO,SAO PAULO,05040,20,A_Frota_por_UF_Municipio_CEP_Julho_2026.xlsx
SAO PAULO,SAO PAULO,05041,35,A_Frota_por_UF_Municipio_CEP_Julho_2026.xlsx
SAO PAULO,SAO PAULO,05042,54,A_Frota_por_UF_Municipio_CEP_Julho_2026.xlsx
SAO PAULO,SAO PAULO,05043,50,A_Frota_por_UF_Municipio_CEP_Julho_2026.xlsx
SAO PAULO,SAO PAULO,05044,90,A_Frota_por_UF_Municipio_CEP_Julho_2026.xlsx
SAO PAULO,SAO PAULO,05045,27,A_Frota_por_UF_Municipio_CEP_Julho_2026.xlsx
SAO PAULO,SAO PAULO,05046,32,A_Frota_por_UF_Municipio_CEP_Julho_2026.xlsx
SAO PAULO,SAO PAULO,05047,45,A_Frota_por_UF_Municipio_CEP_Julho_2026.xlsx
SAO PAULO,SAO PAULO,05048,37,A_Frota_por_UF_Municipio_CEP_Julho_2026.xlsx
SAO PAULO,SAO PAULO,05049,40,A_Frota_por_UF_Municipio_CEP_Julho_2026.xlsx
SAO PAULO,SAO PAULO,05050,44,A_Frota_por_UF_Municipio_CEP_Julho_2026.xlsx
SAO PAULO,SAO PAULO,05051,167,A_Frota_por_UF_Municipio_CEP_Julho_2026.xlsx
SAO PAULO,SAO PAULO,05052,29,A_Frota_por_UF_Municipio_CEP_Julho_2026.xlsx
SAO PAULO,SAO PAULO,05053,15,A_Frota_por_UF_Municipio_CEP_Julho_2026.xlsx
SAO PAULO,SAO PAULO,05054,45,A_Frota_por_UF_Municipio_CEP_Julho_2026.xlsx
SAO PAULO,SAO PAULO,05055,29,A_Frota_por_UF_Municipio_CEP_Julho_2026.xlsx
SAO PAULO,SAO PAULO,05056,58,A_Frota_por_UF_Municipio_CEP_Julho_2026.xlsx
SAO PAULO,SAO PAULO,05057,34,A_Frota_por_UF_Municipio_CEP_Julho_2026.xlsx
SAO PAULO,SAO PAULO,05058,35,A_Frota_por_UF_Municipio_CEP_Julho_2026.xlsx
SAO PAULO,SAO PAULO,05059,10,A_Frota_por_UF_Municipio_CEP_Julho_2026.xlsx
SAO PAULO,SAO PAULO,05060,41,A_Frota_por_UF_Municipio_CEP_Julho_2026.xlsx
SAO PAULO,SAO PAULO,05061,43,A_Frota_por_UF_Municipio_CEP_Julho_2026.xlsx
SAO PAULO,SAO PAULO,05062,1,A_Frota_por_UF_Municipio_CEP_Julho_2026.xlsx
SAO PAULO,SAO PAULO,05063,3,A_Frota_por_UF_Municipio_CEP_Julho_2026.xlsx
SAO PAULO,SAO PAULO,05064,1,A_Frota_por_UF_Municipio_CEP_Julho_2026.xlsx
SAO PAULO,SAO PAULO,05065,46,A_Frota_por_UF_Municipio_CEP_Julho_2026.xlsx
SAO PAULO,SAO PAULO,05068,18,A_Frota_por_UF_Municipio_CEP_Julho_2026.xlsx
SAO PAULO,SAO PAULO,05069,56,A_Frota_por_UF_Municipio_CEP_Julho_2026.xlsx
SAO PAULO,SAO PAULO,05070,4,A_Frota_por_UF_Municipio_CEP_Julho_2026.xlsx
SAO PAULO,SAO PAULO,05071,1,A_Frota_por_UF_Municipio_CEP_Julho_2026.xlsx
SAO PAULO,SAO PAULO,05072,12,A_Frota_por_UF_Municipio_CEP_Julho_2026.xlsx
SAO PAULO,SAO PAULO,05073,15,A_Frota_por_UF_Municipio_CEP_Julho_2026.xlsx
SAO PAULO,SAO PAULO,05074,38,A_Frota_por_UF_Municipio_CEP_Julho_2026.xlsx
SAO PAULO,SAO PAULO,05075,102,A_Frota_por_UF_Municipio_CEP_Julho_2026.xlsx
SAO PAULO,SAO PAULO,05076,60,A_Frota_por_UF_Municipio_CEP_Julho_2026.xlsx
SAO PAULO,SAO PAULO,05077,31,A_Frota_por_UF_Municipio_CEP_Julho_2026.xlsx
SAO PAULO,SAO PAULO,05078,26,A_Frota_por_UF_Municipio_CEP_Julho_2026.xlsx
SAO PAULO,SAO PAULO,05079,8,A_Frota_por_UF_Municipio_CEP_Julho_2026.xlsx
SAO PAULO,SAO PAULO,05080,13,A_Frota_por_UF_Municipio_CEP_Julho_2026.xlsx
SAO PAULO,SAO PAULO,05081,22,A_Frota_por_UF_Municipio_CEP_Julho_2026.xlsx
SAO PAULO,SAO PAULO,05082,9,A_Frota_por_UF_Municipio_CEP_Julho_2026.xlsx
SAO PAULO,SAO PAULO,05083,79,A_Frota_por_UF_Municipio_CEP_Julho_2026.xlsx
SAO PAULO,SAO PAULO,05084,7,A_Frota_por_UF_Municipio_CEP_Julho_2026.xlsx
SAO PAULO,SAO PAULO,05085,32,A_Frota_por_UF_Municipio_CEP_Julho_2026.xlsx
SAO PAULO,SAO PAULO,05086,11,A_Frota_por_UF_Municipio_CEP_Julho_2026.xlsx
SAO PAULO,SAO PAULO,05087,38,A_Frota_por_UF_Municipio_CEP_Julho_2026.xlsx
SAO PAULO,SAO PAULO,05088,30,A_Frota_por_UF_Municipio_CEP_Julho_2026.xlsx
SAO PAULO,SAO PAULO,05089,66,A_Frota_por_UF_Municipio_CEP_Julho_2026.xlsx
SAO PAULO,SAO PAULO,05090,4,A_Frota_por_UF_Municipio_CEP_Julho_2026.xlsx
SAO PAULO,SAO PAULO,05092,53,A_Frota_por_UF_Municipio_CEP_Julho_2026.xlsx
SAO PAULO,SAO PAULO,05093,44,A_Frota_por_UF_Municipio_CEP_Julho_2026.xlsx
SAO PAULO,SAO PAULO,05094,10,A_Frota_por_UF_Municipio_CEP_Julho_2026.xlsx
SAO PAULO,SAO PAULO,05095,32,A_Frota_por_UF_Municipio_CEP_Julho_2026.xlsx
SAO PAULO,SAO PAULO,05097,1,A_Frota_por_UF_Municipio_CEP_Julho_2026.xlsx
SAO PAULO,SAO PAULO,05100,4,A_Frota_por_UF_Municipio_CEP_Julho_2026.xlsx
SAO PAULO,SAO PAULO,05101,59,A_Frota_por_UF_Municipio_CEP_Julho_2026.xlsx
SAO PAULO,SAO PAULO,05102,29,A_Frota_por_UF_Municipio_CEP_Julho_2026.xlsx
SAO PAULO,SAO PAULO,05103,53,A_Frota_por_UF_Municipio_CEP_Julho_2026.xlsx
SAO PAULO,SAO PAULO,05104,24,A_Frota_por_UF_Municipio_CEP_Julho_2026.xlsx
SAO PAULO,SAO PAULO,05105,10,A_Frota_por_UF_Municipio_CEP_Julho_2026.xlsx
SAO PAULO,SAO PAULO,05106,374,A_Frota_por_UF_Municipio_CEP_Julho_2026.xlsx
SAO PAULO,SAO PAULO,05107,11,A_Frota_por_UF_Municipio_CEP_Julho_2026.xlsx
SAO PAULO,SAO PAULO,05108,68,A_Frota_por_UF_Municipio_CEP_Julho_2026.xlsx
SAO PAULO,SAO PAULO,05109,58,A_Frota_por_UF_Municipio_CEP_Julho_2026.xlsx
SAO PAULO,SAO PAULO,05110,64,A_Frota_por_UF_Municipio_CEP_Julho_2026.xlsx
SAO PAULO,SAO PAULO,05111,3,A_Frota_por_UF_Municipio_CEP_Julho_2026.xlsx
SAO PAULO,SAO PAULO,05112,84,A_Frota_por_UF_Municipio_CEP_Julho_2026.xlsx
SAO PAULO,SAO PAULO,05113,4,A_Frota_por_UF_Municipio_CEP_Julho_2026.xlsx
SAO PAULO,SAO PAULO,05114,44,A_Frota_por_UF_Municipio_CEP_Julho_2026.xlsx
SAO PAULO,SAO PAULO,05115,46,A_Frota_por_UF_Municipio_CEP_Julho_2026.xlsx
SAO PAULO,SAO PAULO,05116,50,A_Frota_por_UF_Municipio_CEP_Julho_2026.xlsx
SAO PAULO,SAO PAULO,05117,42,A_Frota_por_UF_Municipio_CEP_Julho_2026.xlsx
SAO PAULO,SAO PAULO,05118,421,A_Frota_por_UF_Municipio_CEP_Julho_2026.xlsx
SAO PAULO,SAO PAULO,05119,37,A_Frota_por_UF_Municipio_CEP_Julho_2026.xlsx
SAO PAULO,SAO PAULO,05120,27,A_Frota_por_UF_Municipio_CEP_Julho_2026.xlsx
SAO PAULO,SAO PAULO,05121,37,A_Frota_por_UF_Municipio_CEP_Julho_2026.xlsx
SAO PAULO,SAO PAULO,05122,38,A_Frota_por_UF_Municipio_CEP_Julho_2026.xlsx
SAO PAULO,SAO PAULO,05123,10,A_Frota_por_UF_Municipio_CEP_Julho_2026.xlsx
SAO PAULO,SAO PAULO,05124,24,A_Frota_por_UF_Municipio_CEP_Julho_2026.xlsx
SAO PAULO,SAO PAULO,05125,36,A_Frota_por_UF_Municipio_CEP_Julho_2026.xlsx
SAO PAULO,SAO PAULO,05126,56,A_Frota_por_UF_Municipio_CEP_Julho_2026.xlsx
SAO PAULO,SAO PAULO,05127,30,A_Frota_por_UF_Municipio_CEP_Julho_2026.xlsx
SAO PAULO,SAO PAULO,05128,81,A_Frota_por_UF_Municipio_CEP_Julho_2026.xlsx
SAO PAULO,SAO PAULO,05129,1,A_Frota_por_UF_Municipio_CEP_Julho_2026.xlsx
SAO PAULO,SAO PAULO,05130,4,A_Frota_por_UF_Municipio_CEP_Julho_2026.xlsx
SAO PAULO,SAO PAULO,05131,56,A_Frota_por_UF_Municipio_CEP_Julho_2026.xlsx
SAO PAULO,SAO PAULO,05132,74,A_Frota_por_UF_Municipio_CEP_Julho_2026.xlsx
SAO PAULO,SAO PAULO,05133,52,A_Frota_por_UF_Municipio_CEP_Julho_2026.xlsx
SAO PAULO,SAO PAULO,05134,64,A_Frota_por_UF_Municipio_CEP_Julho_2026.xlsx
SAO PAULO,SAO PAULO,05135,83,A_Frota_por_UF_Municipio_CEP_Julho_2026.xlsx
SAO PAULO,SAO PAULO,05136,129,A_Frota_por_UF_Municipio_CEP_Julho_2026.xlsx
SAO PAULO,SAO PAULO,05138,76,A_Frota_por_UF_Municipio_CEP_Julho_2026.xlsx
SAO PAULO,SAO PAULO,05139,3,A_Frota_por_UF_Municipio_CEP_Julho_2026.xlsx
SAO PAULO,SAO PAULO,05140,19,A_Frota_por_UF_Municipio_CEP_Julho_2026.xlsx
SAO PAULO,SAO PAULO,05141,26,A_Frota_por_UF_Municipio_CEP_Julho_2026.xlsx
SAO PAULO,SAO PAULO,05142,23,A_Frota_por_UF_Municipio_CEP_Julho_2026.xlsx
SAO PAULO,SAO PAULO,05143,93,A_Frota_por_UF_Municipio_CEP_Julho_2026.xlsx
SAO PAULO,SAO PAULO,05144,22,A_Frota_por_UF_Municipio_CEP_Julho_2026.xlsx
SAO PAULO,SAO PAULO,05145,165,A_Frota_por_UF_Municipio_CEP_Julho_2026.xlsx
SAO PAULO,SAO PAULO,05146,1,A_Frota_por_UF_Municipio_CEP_Julho_2026.xlsx
SAO PAULO,SAO PAULO,05147,1,A_Frota_por_UF_Municipio_CEP_Julho_2026.xlsx
SAO PAULO,SAO PAULO,05150,5,A_Frota_por_UF_Municipio_CEP_Julho_2026.xlsx
SAO PAULO,SAO PAULO,05151,1,A_Frota_por_UF_Municipio_CEP_Julho_2026.xlsx
SAO PAULO,SAO PAULO,05152,2,A_Frota_por_UF_Municipio_CEP_Julho_2026.xlsx
SAO PAULO,SAO PAULO,05153,1,A_Frota_por_UF_Municipio_CEP_Julho_2026.xlsx
SAO PAULO,SAO PAULO,05154,20,A_Frota_por_UF_Municipio_CEP_Julho_2026.xlsx
SAO PAULO,SAO PAULO,05157,10,A_Frota_por_UF_Municipio_CEP_Julho_2026.xlsx
SAO PAULO,SAO PAULO,05158,68,A_Frota_por_UF_Municipio_CEP_Julho_2026.xlsx
SAO PAULO,SAO PAULO,05159,92,A_Frota_por_UF_Municipio_CEP_Julho_2026.xlsx
SAO PAULO,SAO PAULO,05160,80,A_Frota_por_UF_Municipio_CEP_Julho_2026.xlsx
SAO PAULO,SAO PAULO,05161,222,A_Frota_por_UF_Municipio_CEP_Julho_2026.xlsx
SAO PAULO,SAO PAULO,05162,29,A_Frota_por_UF_Municipio_CEP_Julho_2026.xlsx
SAO PAULO,SAO PAULO,05163,22,A_Frota_por_UF_Municipio_CEP_Julho_2026.xlsx
SAO PAULO,SAO PAULO,05164,22,A_Frota_por_UF_Municipio_CEP_Julho_2026.xlsx
SAO PAULO,SAO PAULO,05165,18,A_Frota_por_UF_Municipio_CEP_Julho_2026.xlsx
SAO PAULO,SAO PAULO,05170,55,A_Frota_por_UF_Municipio_CEP_Julho_2026.xlsx
SAO PAULO,SAO PAULO,05171,168,A_Frota_por_UF_Municipio_CEP_Julho_2026.xlsx
SAO PAULO,SAO PAULO,05172,57,A_Frota_por_UF_Municipio_CEP_Julho_2026.xlsx
SAO PAULO,SAO PAULO,05173,7,A_Frota_por_UF_Municipio_CEP_Julho_2026.xlsx
SAO PAULO,SAO PAULO,05174,51,A_Frota_por_UF_Municipio_CEP_Julho_2026.xlsx
SAO PAULO,SAO PAULO,05175,31,A_Frota_por_UF_Municipio_CEP_Julho_2026.xlsx
SAO PAULO,SAO PAULO,05176,30,A_Frota_por_UF_Municipio_CEP_Julho_2026.xlsx
SAO PAULO,SAO PAULO,05177,19,A_Frota_por_UF_Municipio_CEP_Julho_2026.xlsx
SAO PAULO,SAO PAULO,05179,1,A_Frota_por_UF_Municipio_CEP_Julho_2026.xlsx
SAO PAULO,SAO PAULO,05180,31,A_Frota_por_UF_Municipio_CEP_Julho_2026.xlsx
SAO PAULO,SAO PAULO,05181,62,A_Frota_por_UF_Municipio_CEP_Julho_2026.xlsx
SAO PAULO,SAO PAULO,05182,53,A_Frota_por_UF_Municipio_CEP_Julho_2026.xlsx
SAO PAULO,SAO PAULO,05183,35,A_Frota_por_UF_Municipio_CEP_Julho_2026.xlsx
SAO PAULO,SAO PAULO,05184,17,A_Frota_por_UF_Municipio_CEP_Julho_2026.xlsx
SAO PAULO,SAO PAULO,05185,77,A_Frota_por_UF_Municipio_CEP_Julho_2026.xlsx
SAO PAULO,SAO PAULO,05186,42,A_Frota_por_UF_Municipio_CEP_Julho_2026.xlsx
SAO PAULO,SAO PAULO,05187,106,A_Frota_por_UF_Municipio_CEP_Julho_2026.xlsx
SAO PAULO,SAO PAULO,05190,3,A_Frota_por_UF_Municipio_CEP_Julho_2026.xlsx
SAO PAULO,SAO PAULO,05195,1,A_Frota_por_UF_Municipio_CEP_Julho_2026.xlsx
SAO PAULO,SAO PAULO,05196,2,A_Frota_por_UF_Municipio_CEP_Julho_2026.xlsx
SAO PAULO,SAO PAULO,05200,3,A_Frota_por_UF_Municipio_CEP_Julho_2026.xlsx
SAO PAULO,SAO PAULO,05201,22,A_Frota_por_UF_Municipio_CEP_Julho_2026.xlsx
SAO PAULO,SAO PAULO,05202,31,A_Frota_por_UF_Municipio_CEP_Julho_2026.xlsx
SAO PAULO,SAO PAULO,05203,46,A_Frota_por_UF_Municipio_CEP_Julho_2026.xlsx
SAO PAULO,SAO PAULO,05204,23,A_Frota_por_UF_Municipio_CEP_Julho_2026.xlsx
SAO PAULO,SAO PAULO,05205,50,A_Frota_por_UF_Municipio_CEP_Julho_2026.xlsx
SAO PAULO,SAO PAULO,05206,25,A_Frota_por_UF_Municipio_CEP_Julho_2026.xlsx
SAO PAULO,SAO PAULO,05207,56,A_Frota_por_UF_Municipio_CEP_Julho_2026.xlsx
SAO PAULO,SAO PAULO,05208,49,A_Frota_por_UF_Municipio_CEP_Julho_2026.xlsx
SAO PAULO,SAO PAULO,05209,31,A_Frota_por_UF_Municipio_CEP_Julho_2026.xlsx
SAO PAULO,SAO PAULO,05210,43,A_Frota_por_UF_Municipio_CEP_Julho_2026.xlsx
SAO PAULO,SAO PAULO,05211,32,A_Frota_por_UF_Municipio_CEP_Julho_2026.xlsx
SAO PAULO,SAO PAULO,05212,29,A_Frota_por_UF_Municipio_CEP_Julho_2026.xlsx
SAO PAULO,SAO PAULO,05213,1,A_Frota_por_UF_Municipio_CEP_Julho_2026.xlsx
SAO PAULO,SAO PAULO,05214,1,A_Frota_por_UF_Municipio_CEP_Julho_2026.xlsx
SAO PAULO,SAO PAULO,05215,3,A_Frota_por_UF_Municipio_CEP_Julho_2026.xlsx
SAO PAULO,SAO PAULO,05218,3,A_Frota_por_UF_Municipio_CEP_Julho_2026.xlsx
SAO PAULO,SAO PAULO,05220,10,A_Frota_por_UF_Municipio_CEP_Julho_2026.xlsx
SAO PAULO,SAO PAULO,05221,1,A_Frota_por_UF_Municipio_CEP_Julho_2026.xlsx
SAO PAULO,SAO PAULO,05222,2,A_Frota_por_UF_Municipio_CEP_Julho_2026.xlsx
SAO PAULO,SAO PAULO,05223,56,A_Frota_por_UF_Municipio_CEP_Julho_2026.xlsx
SAO PAULO,SAO PAULO,05224,8,A_Frota_por_UF_Municipio_CEP_Julho_2026.xlsx
SAO PAULO,SAO PAULO,05225,1,A_Frota_por_UF_Municipio_CEP_Julho_2026.xlsx
SAO PAULO,SAO PAULO,05226,1,A_Frota_por_UF_Municipio_CEP_Julho_2026.xlsx
SAO PAULO,SAO PAULO,05230,3,A_Frota_por_UF_Municipio_CEP_Julho_2026.xlsx
SAO PAULO,SAO PAULO,05232,3,A_Frota_por_UF_Municipio_CEP_Julho_2026.xlsx
SAO PAULO,SAO PAULO,05233,2,A_Frota_por_UF_Municipio_CEP_Julho_2026.xlsx
SAO PAULO,SAO PAULO,05234,1,A_Frota_por_UF_Municipio_CEP_Julho_2026.xlsx
SAO PAULO,SAO PAULO,05235,2,A_Frota_por_UF_Municipio_CEP_Julho_2026.xlsx
SAO PAULO,SAO PAULO,05236,1,A_Frota_por_UF_Municipio_CEP_Julho_2026.xlsx
SAO PAULO,SAO PAULO,05240,2,A_Frota_por_UF_Municipio_CEP_Julho_2026.xlsx
SAO PAULO,SAO PAULO,05241,1,A_Frota_por_UF_Municipio_CEP_Julho_2026.xlsx
SAO PAULO,SAO PAULO,05242,2,A_Frota_por_UF_Municipio_CEP_Julho_2026.xlsx
SAO PAULO,SAO PAULO,05243,3,A_Frota_por_UF_Municipio_CEP_Julho_2026.xlsx
SAO PAULO,SAO PAULO,05244,1,A_Frota_por_UF_Municipio_CEP_Julho_2026.xlsx
SAO PAULO,SAO PAULO,05248,1,A_Frota_por_UF_Municipio_CEP_Julho_2026.xlsx
SAO PAULO,SAO PAULO,05250,2,A_Frota_por_UF_Municipio_CEP_Julho_2026.xlsx
SAO PAULO,SAO PAULO,05251,1,A_Frota_por_UF_Municipio_CEP_Julho_2026.xlsx
SAO PAULO,SAO PAULO,05252,2,A_Frota_por_UF_Municipio_CEP_Julho_2026.xlsx
SAO PAULO,SAO PAULO,05253,4,A_Frota_por_UF_Municipio_CEP_Julho_2026.xlsx
SAO PAULO,SAO PAULO,05260,10,A_Frota_por_UF_Municipio_CEP_Julho_2026.xlsx
SAO PAULO,SAO PAULO,05262,1,A_Frota_por_UF_Municipio_CEP_Julho_2026.xlsx
SAO PAULO,SAO PAULO,05263,5,A_Frota_por_UF_Municipio_CEP_Julho_2026.xlsx
SAO PAULO,SAO PAULO,05264,4,A_Frota_por_UF_Municipio_CEP_Julho_2026.xlsx
SAO PAULO,SAO PAULO,05265,30,A_Frota_por_UF_Municipio_CEP_Julho_2026.xlsx
SAO PAULO,SAO PAULO,05266,12,A_Frota_por_UF_Municipio_CEP_Julho_2026.xlsx
SAO PAULO,SAO PAULO,05267,60,A_Frota_por_UF_Municipio_CEP_Julho_2026.xlsx
SAO PAULO,SAO PAULO,05268,35,A_Frota_por_UF_Municipio_CEP_Julho_2026.xlsx
SAO PAULO,SAO PAULO,05269,35,A_Frota_por_UF_Municipio_CEP_Julho_2026.xlsx
SAO PAULO,SAO PAULO,05270,14,A_Frota_por_UF_Municipio_CEP_Julho_2026.xlsx
SAO PAULO,SAO PAULO,05271,43,A_Frota_por_UF_Municipio_CEP_Julho_2026.xlsx
SAO PAULO,SAO PAULO,05272,13,A_Frota_por_UF_Municipio_CEP_Julho_2026.xlsx
SAO PAULO,SAO PAULO,05273,17,A_Frota_por_UF_Municipio_CEP_Julho_2026.xlsx
SAO PAULO,SAO PAULO,05274,9,A_Frota_por_UF_Municipio_CEP_Julho_2026.xlsx
SAO PAULO,SAO PAULO,05275,86,A_Frota_por_UF_Municipio_CEP_Julho_2026.xlsx
SAO PAULO,SAO PAULO,05276,15,A_Frota_por_UF_Municipio_CEP_Julho_2026.xlsx
SAO PAULO,SAO PAULO,05279,1,A_Frota_por_UF_Municipio_CEP_Julho_2026.xlsx
SAO PAULO,SAO PAULO,05280,20,A_Frota_por_UF_Municipio_CEP_Julho_2026.xlsx
SAO PAULO,SAO PAULO,05281,15,A_Frota_por_UF_Municipio_CEP_Julho_2026.xlsx
SAO PAULO,SAO PAULO,05282,7,A_Frota_por_UF_Municipio_CEP_Julho_2026.xlsx
SAO PAULO,SAO PAULO,05283,22,A_Frota_por_UF_Municipio_CEP_Julho_2026.xlsx
SAO PAULO,SAO PAULO,05286,1,A_Frota_por_UF_Municipio_CEP_Julho_2026.xlsx
SAO PAULO,SAO PAULO,05290,3,A_Frota_por_UF_Municipio_CEP_Julho_2026.xlsx
SAO PAULO,SAO PAULO,05293,2,A_Frota_por_UF_Municipio_CEP_Julho_2026.xlsx
SAO PAULO,SAO PAULO,05295,2,A_Frota_por_UF_Municipio_CEP_Julho_2026.xlsx
SAO PAULO,SAO PAULO,05296,2,A_Frota_por_UF_Municipio_CEP_Julho_2026.xlsx
SAO PAULO,SAO PAULO,05298,6,A_Frota_por_UF_Municipio_CEP_Julho_2026.xlsx
SAO PAULO,SAO PAULO,05299,1,A_Frota_por_UF_Municipio_CEP_Julho_2026.xlsx
SAO PAULO,SAO PAULO,05300,2,A_Frota_por_UF_Municipio_CEP_Julho_2026.xlsx
SAO PAULO,SAO PAULO,05301,26,A_Frota_por_UF_Municipio_CEP_Julho_2026.xlsx
SAO PAULO,SAO PAULO,05302,96,A_Frota_por_UF_Municipio_CEP_Julho_2026.xlsx
SAO PAULO,SAO PAULO,05303,88,A_Frota_por_UF_Municipio_CEP_Julho_2026.xlsx
SAO PAULO,SAO PAULO,05304,28,A_Frota_por_UF_Municipio_CEP_Julho_2026.xlsx
SAO PAULO,SAO PAULO,05305,169,A_Frota_por_UF_Municipio_CEP_Julho_2026.xlsx
SAO PAULO,SAO PAULO,05307,60,A_Frota_por_UF_Municipio_CEP_Julho_2026.xlsx
SAO PAULO,SAO PAULO,05308,10,A_Frota_por_UF_Municipio_CEP_Julho_2026.xlsx
SAO PAULO,SAO PAULO,05310,3,A_Frota_por_UF_Municipio_CEP_Julho_2026.xlsx
SAO PAULO,SAO PAULO,05311,33,A_Frota_por_UF_Municipio_CEP_Julho_2026.xlsx
SAO PAULO,SAO PAULO,05313,8,A_Frota_por_UF_Municipio_CEP_Julho_2026.xlsx
SAO PAULO,SAO PAULO,05314,107,A_Frota_por_UF_Municipio_CEP_Julho_2026.xlsx
SAO PAULO,SAO PAULO,05315,2,A_Frota_por_UF_Municipio_CEP_Julho_2026.xlsx
SAO PAULO,SAO PAULO,05316,32,A_Frota_por_UF_Municipio_CEP_Julho_2026.xlsx
SAO PAULO,SAO PAULO,05317,21,A_Frota_por_UF_Municipio_CEP_Julho_2026.xlsx
SAO PAULO,SAO PAULO,05318,31,A_Frota_por_UF_Municipio_CEP_Julho_2026.xlsx
SAO PAULO,SAO PAULO,05319,24,A_Frota_por_UF_Municipio_CEP_Julho_2026.xlsx
SAO PAULO,SAO PAULO,05320,5,A_Frota_por_UF_Municipio_CEP_Julho_2026.xlsx
SAO PAULO,SAO PAULO,05321,5,A_Frota_por_UF_Municipio_CEP_Julho_2026.xlsx
SAO PAULO,SAO PAULO,05322,2,A_Frota_por_UF_Municipio_CEP_Julho_2026.xlsx
SAO PAULO,SAO PAULO,05323,54,A_Frota_por_UF_Municipio_CEP_Julho_2026.xlsx
SAO PAULO,SAO PAULO,05324,19,A_Frota_por_UF_Municipio_CEP_Julho_2026.xlsx
SAO PAULO,SAO PAULO,05325,11,A_Frota_por_UF_Municipio_CEP_Julho_2026.xlsx
SAO PAULO,SAO PAULO,05326,11,A_Frota_por_UF_Municipio_CEP_Julho_2026.xlsx
SAO PAULO,SAO PAULO,05327,25,A_Frota_por_UF_Municipio_CEP_Julho_2026.xlsx
SAO PAULO,SAO PAULO,05328,71,A_Frota_por_UF_Municipio_CEP_Julho_2026.xlsx
SAO PAULO,SAO PAULO,05329,28,A_Frota_por_UF_Municipio_CEP_Julho_2026.xlsx
SAO PAULO,SAO PAULO,05330,39,A_Frota_por_UF_Municipio_CEP_Julho_2026.xlsx
SAO PAULO,SAO PAULO,05331,40,A_Frota_por_UF_Municipio_CEP_Julho_2026.xlsx
SAO PAULO,SAO PAULO,05332,12,A_Frota_por_UF_Municipio_CEP_Julho_2026.xlsx
SAO PAULO,SAO PAULO,05333,54,A_Frota_por_UF_Municipio_CEP_Julho_2026.xlsx
SAO PAULO,SAO PAULO,05334,66,A_Frota_por_UF_Municipio_CEP_Julho_2026.xlsx
SAO PAULO,SAO PAULO,05335,49,A_Frota_por_UF_Municipio_CEP_Julho_2026.xlsx
SAO PAULO,SAO PAULO,05336,26,A_Frota_por_UF_Municipio_CEP_Julho_2026.xlsx
SAO PAULO,SAO PAULO,05337,18,A_Frota_por_UF_Municipio_CEP_Julho_2026.xlsx
SAO PAULO,SAO PAULO,05338,65,A_Frota_por_UF_Municipio_CEP_Julho_2026.xlsx
SAO PAULO,SAO PAULO,05339,30,A_Frota_por_UF_Municipio_CEP_Julho_2026.xlsx
SAO PAULO,SAO PAULO,05340,46,A_Frota_por_UF_Municipio_CEP_Julho_2026.xlsx
SAO PAULO,SAO PAULO,05341,1,A_Frota_por_UF_Municipio_CEP_Julho_2026.xlsx
SAO PAULO,SAO PAULO,05342,1,A_Frota_por_UF_Municipio_CEP_Julho_2026.xlsx
SAO PAULO,SAO PAULO,05343,20,A_Frota_por_UF_Municipio_CEP_Julho_2026.xlsx
SAO PAULO,SAO PAULO,05344,9,A_Frota_por_UF_Municipio_CEP_Julho_2026.xlsx
SAO PAULO,SAO PAULO,05345,35,A_Frota_por_UF_Municipio_CEP_Julho_2026.xlsx
SAO PAULO,SAO PAULO,05346,47,A_Frota_por_UF_Municipio_CEP_Julho_2026.xlsx
SAO PAULO,SAO PAULO,05347,20,A_Frota_por_UF_Municipio_CEP_Julho_2026.xlsx
SAO PAULO,SAO PAULO,05348,52,A_Frota_por_UF_Municipio_CEP_Julho_2026.xlsx
SAO PAULO,SAO PAULO,05350,21,A_Frota_por_UF_Municipio_CEP_Julho_2026.xlsx
SAO PAULO,SAO PAULO,05351,37,A_Frota_por_UF_Municipio_CEP_Julho_2026.xlsx
SAO PAULO,SAO PAULO,05352,47,A_Frota_por_UF_Municipio_CEP_Julho_2026.xlsx
SAO PAULO,SAO PAULO,05353,34,A_Frota_por_UF_Municipio_CEP_Julho_2026.xlsx
SAO PAULO,SAO PAULO,05355,1,A_Frota_por_UF_Municipio_CEP_Julho_2026.xlsx
SAO PAULO,SAO PAULO,05356,19,A_Frota_por_UF_Municipio_CEP_Julho_2026.xlsx
SAO PAULO,SAO PAULO,05358,29,A_Frota_por_UF_Municipio_CEP_Julho_2026.xlsx
SAO PAULO,SAO PAULO,05359,78,A_Frota_por_UF_Municipio_CEP_Julho_2026.xlsx
SAO PAULO,SAO PAULO,05360,81,A_Frota_por_UF_Municipio_CEP_Julho_2026.xlsx
SAO PAULO,SAO PAULO,05361,26,A_Frota_por_UF_Municipio_CEP_Julho_2026.xlsx
SAO PAULO,SAO PAULO,05362,21,A_Frota_por_UF_Municipio_CEP_Julho_2026.xlsx
SAO PAULO,SAO PAULO,05363,74,A_Frota_por_UF_Municipio_CEP_Julho_2026.xlsx
SAO PAULO,SAO PAULO,05364,63,A_Frota_por_UF_Municipio_CEP_Julho_2026.xlsx
SAO PAULO,SAO PAULO,05365,33,A_Frota_por_UF_Municipio_CEP_Julho_2026.xlsx
SAO PAULO,SAO PAULO,05366,82,A_Frota_por_UF_Municipio_CEP_Julho_2026.xlsx
SAO PAULO,SAO PAULO,05367,73,A_Frota_por_UF_Municipio_CEP_Julho_2026.xlsx
SAO PAULO,SAO PAULO,05368,34,A_Frota_por_UF_Municipio_CEP_Julho_2026.xlsx
SAO PAULO,SAO PAULO,05369,1,A_Frota_por_UF_Municipio_CEP_Julho_2026.xlsx
SAO PAULO,SAO PAULO,05371,19,A_Frota_por_UF_Municipio_CEP_Julho_2026.xlsx
SAO PAULO,SAO PAULO,05372,96,A_Frota_por_UF_Municipio_CEP_Julho_2026.xlsx
SAO PAULO,SAO PAULO,05373,28,A_Frota_por_UF_Municipio_CEP_Julho_2026.xlsx
SAO PAULO,SAO PAULO,05374,67,A_Frota_por_UF_Municipio_CEP_Julho_2026.xlsx
SAO PAULO,SAO PAULO,05376,64,A_Frota_por_UF_Municipio_CEP_Julho_2026.xlsx
SAO PAULO,SAO PAULO,05379,48,A_Frota_por_UF_Municipio_CEP_Julho_2026.xlsx
SAO PAULO,SAO PAULO,05380,4,A_Frota_por_UF_Municipio_CEP_Julho_2026.xlsx
SAO PAULO,SAO PAULO,05381,21,A_Frota_por_UF_Municipio_CEP_Julho_2026.xlsx
SAO PAULO,SAO PAULO,05382,24,A_Frota_por_UF_Municipio_CEP_Julho_2026.xlsx
SAO PAULO,SAO PAULO,05383,1,A_Frota_por_UF_Municipio_CEP_Julho_2026.xlsx
SAO PAULO,SAO PAULO,05384,1,A_Frota_por_UF_Municipio_CEP_Julho_2026.xlsx
SAO PAULO,SAO PAULO,05385,3,A_Frota_por_UF_Municipio_CEP_Julho_2026.xlsx
SAO PAULO,SAO PAULO,05386,97,A_Frota_por_UF_Municipio_CEP_Julho_2026.xlsx
SAO PAULO,SAO PAULO,05387,27,A_Frota_por_UF_Municipio_CEP_Julho_2026.xlsx
SAO PAULO,SAO PAULO,05388,34,A_Frota_por_UF_Municipio_CEP_Julho_2026.xlsx
SAO PAULO,SAO PAULO,05390,1,A_Frota_por_UF_Municipio_CEP_Julho_2026.xlsx
SAO PAULO,SAO PAULO,05391,1,A_Frota_por_UF_Municipio_CEP_Julho_2026.xlsx
SAO PAULO,SAO PAULO,05396,34,A_Frota_por_UF_Municipio_CEP_Julho_2026.xlsx
SAO PAULO,SAO PAULO,05397,40,A_Frota_por_UF_Municipio_CEP_Julho_2026.xlsx
SAO PAULO,SAO PAULO,05398,55,A_Frota_por_UF_Municipio_CEP_Julho_2026.xlsx
SAO PAULO,SAO PAULO,05399,21,A_Frota_por_UF_Municipio_CEP_Julho_2026.xlsx
SAO PAULO,SAO PAULO,05400,97,A_Frota_por_UF_Municipio_CEP_Julho_2026.xlsx
SAO PAULO,SAO PAULO,05401,20,A_Frota_por_UF_Municipio_CEP_Julho_2026.xlsx
SAO PAULO,SAO PAULO,05402,37,A_Frota_por_UF_Municipio_CEP_Julho_2026.xlsx
SAO PAULO,SAO PAULO,05403,1,A_Frota_por_UF_Municipio_CEP_Julho_2026.xlsx
SAO PAULO,SAO PAULO,05404,36,A_Frota_por_UF_Municipio_CEP_Julho_2026.xlsx
SAO PAULO,SAO PAULO,05405,47,A_Frota_por_UF_Municipio_CEP_Julho_2026.xlsx
SAO PAULO,SAO PAULO,05406,36,A_Frota_por_UF_Municipio_CEP_Julho_2026.xlsx
SAO PAULO,SAO PAULO,05407,23,A_Frota_por_UF_Municipio_CEP_Julho_2026.xlsx
SAO PAULO,SAO PAULO,05408,26,A_Frota_por_UF_Municipio_CEP_Julho_2026.xlsx
SAO PAULO,SAO PAULO,05409,84,A_Frota_por_UF_Municipio_CEP_Julho_2026.xlsx
SAO PAULO,SAO PAULO,05410,66,A_Frota_por_UF_Municipio_CEP_Julho_2026.xlsx
SAO PAULO,SAO PAULO,05411,32,A_Frota_por_UF_Municipio_CEP_Julho_2026.xlsx
SAO PAULO,SAO PAULO,05412,51,A_Frota_por_UF_Municipio_CEP_Julho_2026.xlsx
SAO PAULO,SAO PAULO,05413,32,A_Frota_por_UF_Municipio_CEP_Julho_2026.xlsx
SAO PAULO,SAO PAULO,05414,65,A_Frota_por_UF_Municipio_CEP_Julho_2026.xlsx
SAO PAULO,SAO PAULO,05415,102,A_Frota_por_UF_Municipio_CEP_Julho_2026.xlsx
SAO PAULO,SAO PAULO,05416,51,A_Frota_por_UF_Municipio_CEP_Julho_2026.xlsx
SAO PAULO,SAO PAULO,05417,85,A_Frota_por_UF_Municipio_CEP_Julho_2026.xlsx
SAO PAULO,SAO PAULO,05418,24,A_Frota_por_UF_Municipio_CEP_Julho_2026.xlsx
SAO PAULO,SAO PAULO,05419,22,A_Frota_por_UF_Municipio_CEP_Julho_2026.xlsx
SAO PAULO,SAO PAULO,05420,14,A_Frota_por_UF_Municipio_CEP_Julho_2026.xlsx
SAO PAULO,SAO PAULO,05421,30,A_Frota_por_UF_Municipio_CEP_Julho_2026.xlsx
SAO PAULO,SAO PAULO,05422,217,A_Frota_por_UF_Municipio_CEP_Julho_2026.xlsx
SAO PAULO,SAO PAULO,05423,54,A_Frota_por_UF_Municipio_CEP_Julho_2026.xlsx
SAO PAULO,SAO PAULO,05424,34,A_Frota_por_UF_Municipio_CEP_Julho_2026.xlsx
SAO PAULO,SAO PAULO,05425,204,A_Frota_por_UF_Municipio_CEP_Julho_2026.xlsx
SAO PAULO,SAO PAULO,05426,58,A_Frota_por_UF_Municipio_CEP_Julho_2026.xlsx
SAO PAULO,SAO PAULO,05427,40,A_Frota_por_UF_Municipio_CEP_Julho_2026.xlsx
SAO PAULO,SAO PAULO,05428,29,A_Frota_por_UF_Municipio_CEP_Julho_2026.xlsx
SAO PAULO,SAO PAULO,05429,20,A_Frota_por_UF_Municipio_CEP_Julho_2026.xlsx
SAO PAULO,SAO PAULO,05430,2,A_Frota_por_UF_Municipio_CEP_Julho_2026.xlsx
SAO PAULO,SAO PAULO,05432,30,A_Frota_por_UF_Municipio_CEP_Julho_2026.xlsx
SAO PAULO,SAO PAULO,05433,41,A_Frota_por_UF_Municipio_CEP_Julho_2026.xlsx
SAO PAULO,SAO PAULO,05434,17,A_Frota_por_UF_Municipio_CEP_Julho_2026.xlsx
SAO PAULO,SAO PAULO,05435,56,A_Frota_por_UF_Municipio_CEP_Julho_2026.xlsx
SAO PAULO,SAO PAULO,05436,35,A_Frota_por_UF_Municipio_CEP_Julho_2026.xlsx
SAO PAULO,SAO PAULO,05437,20,A_Frota_por_UF_Municipio_CEP_Julho_2026.xlsx
SAO PAULO,SAO PAULO,05438,24,A_Frota_por_UF_Municipio_CEP_Julho_2026.xlsx
SAO PAULO,SAO PAULO,05439,4,A_Frota_por_UF_Municipio_CEP_Julho_2026.xlsx
SAO PAULO,SAO PAULO,05440,12,A_Frota_por_UF_Municipio_CEP_Julho_2026.xlsx
SAO PAULO,SAO PAULO,05441,18,A_Frota_por_UF_Municipio_CEP_Julho_2026.xlsx
SAO PAULO,SAO PAULO,05442,15,A_Frota_por_UF_Municipio_CEP_Julho_2026.xlsx
SAO PAULO,SAO PAULO,05443,26,A_Frota_por_UF_Municipio_CEP_Julho_2026.xlsx
SAO PAULO,SAO PAULO,05444,6,A_Frota_por_UF_Municipio_CEP_Julho_2026.xlsx
SAO PAULO,SAO PAULO,05445,45,A_Frota_por_UF_Municipio_CEP_Julho_2026.xlsx
SAO PAULO,SAO PAULO,05446,5,A_Frota_por_UF_Municipio_CEP_Julho_2026.xlsx
SAO PAULO,SAO PAULO,05447,28,A_Frota_por_UF_Municipio_CEP_Julho_2026.xlsx
SAO PAULO,SAO PAULO,05448,30,A_Frota_por_UF_Municipio_CEP_Julho_2026.xlsx
SAO PAULO,SAO PAULO,05449,8,A_Frota_por_UF_Municipio_CEP_Julho_2026.xlsx
SAO PAULO,SAO PAULO,05450,9,A_Frota_por_UF_Municipio_CEP_Julho_2026.xlsx
SAO PAULO,SAO PAULO,05451,41,A_Frota_por_UF_Municipio_CEP_Julho_2026.xlsx
SAO PAULO,SAO PAULO,05452,18,A_Frota_por_UF_Municipio_CEP_Julho_2026.xlsx
SAO PAULO,SAO PAULO,05453,34,A_Frota_por_UF_Municipio_CEP_Julho_2026.xlsx
SAO PAULO,SAO PAULO,05454,50,A_Frota_por_UF_Municipio_CEP_Julho_2026.xlsx
SAO PAULO,SAO PAULO,05455,35,A_Frota_por_UF_Municipio_CEP_Julho_2026.xlsx
SAO PAULO,SAO PAULO,05456,1,A_Frota_por_UF_Municipio_CEP_Julho_2026.xlsx
SAO PAULO,SAO PAULO,05458,95,A_Frota_por_UF_Municipio_CEP_Julho_2026.xlsx
SAO PAULO,SAO PAULO,05459,9,A_Frota_por_UF_Municipio_CEP_Julho_2026.xlsx
SAO PAULO,SAO PAULO,05460,15,A_Frota_por_UF_Municipio_CEP_Julho_2026.xlsx
SAO PAULO,SAO PAULO,05461,6,A_Frota_por_UF_Municipio_CEP_Julho_2026.xlsx
SAO PAULO,SAO PAULO,05462,5,A_Frota_por_UF_Municipio_CEP_Julho_2026.xlsx
SAO PAULO,SAO PAULO,05463,8,A_Frota_por_UF_Municipio_CEP_Julho_2026.xlsx
SAO PAULO,SAO PAULO,05464,14,A_Frota_por_UF_Municipio_CEP_Julho_2026.xlsx
SAO PAULO,SAO PAULO,05465,8,A_Frota_por_UF_Municipio_CEP_Julho_2026.xlsx
SAO PAULO,SAO PAULO,05466,15,A_Frota_por_UF_Municipio_CEP_Julho_2026.xlsx
SAO PAULO,SAO PAULO,05467,12,A_Frota_por_UF_Municipio_CEP_Julho_2026.xlsx
SAO PAULO,SAO PAULO,05468,85,A_Frota_por_UF_Municipio_CEP_Julho_2026.xlsx
SAO PAULO,SAO PAULO,05469,31,A_Frota_por_UF_Municipio_CEP_Julho_2026.xlsx
SAO PAULO,SAO PAULO,05470,11,A_Frota_por_UF_Municipio_CEP_Julho_2026.xlsx
SAO PAULO,SAO PAULO,05471,3,A_Frota_por_UF_Municipio_CEP_Julho_2026.xlsx
SAO PAULO,SAO PAULO,05472,5,A_Frota_por_UF_Municipio_CEP_Julho_2026.xlsx
SAO PAULO,SAO PAULO,05473,10,A_Frota_por_UF_Municipio_CEP_Julho_2026.xlsx
SAO PAULO,SAO PAULO,05474,2,A_Frota_por_UF_Municipio_CEP_Julho_2026.xlsx
SAO PAULO,SAO PAULO,05477,4,A_Frota_por_UF_Municipio_CEP_Julho_2026.xlsx
SAO PAULO,SAO PAULO,05480,2,A_Frota_por_UF_Municipio_CEP_Julho_2026.xlsx
SAO PAULO,SAO PAULO,05483,2,A_Frota_por_UF_Municipio_CEP_Julho_2026.xlsx
SAO PAULO,SAO PAULO,05487,2,A_Frota_por_UF_Municipio_CEP_Julho_2026.xlsx
SAO PAULO,SAO PAULO,05488,1,A_Frota_por_UF_Municipio_CEP_Julho_2026.xlsx
SAO PAULO,SAO PAULO,05498,1,A_Frota_por_UF_Municipio_CEP_Julho_2026.xlsx
SAO PAULO,SAO PAULO,05500,12,A_Frota_por_UF_Municipio_CEP_Julho_2026.xlsx
SAO PAULO,SAO PAULO,05501,54,A_Frota_por_UF_Municipio_CEP_Julho_2026.xlsx
SAO PAULO,SAO PAULO,05502,27,A_Frota_por_UF_Municipio_CEP_Julho_2026.xlsx
SAO PAULO,SAO PAULO,05503,48,A_Frota_por_UF_Municipio_CEP_Julho_2026.xlsx
SAO PAULO,SAO PAULO,05504,1,A_Frota_por_UF_Municipio_CEP_Julho_2026.xlsx
SAO PAULO,SAO PAULO,05505,16,A_Frota_por_UF_Municipio_CEP_Julho_2026.xlsx
SAO PAULO,SAO PAULO,05506,13,A_Frota_por_UF_Municipio_CEP_Julho_2026.xlsx
SAO PAULO,SAO PAULO,05507,8,A_Frota_por_UF_Municipio_CEP_Julho_2026.xlsx
SAO PAULO,SAO PAULO,05508,6,A_Frota_por_UF_Municipio_CEP_Julho_2026.xlsx
SAO PAULO,SAO PAULO,05509,16,A_Frota_por_UF_Municipio_CEP_Julho_2026.xlsx
SAO PAULO,SAO PAULO,05510,28,A_Frota_por_UF_Municipio_CEP_Julho_2026.xlsx
SAO PAULO,SAO PAULO,05511,6,A_Frota_por_UF_Municipio_CEP_Julho_2026.xlsx
SAO PAULO,SAO PAULO,05512,44,A_Frota_por_UF_Municipio_CEP_Julho_2026.xlsx
SAO PAULO,SAO PAULO,05513,22,A_Frota_por_UF_Municipio_CEP_Julho_2026.xlsx
SAO PAULO,SAO PAULO,05514,12,A_Frota_por_UF_Municipio_CEP_Julho_2026.xlsx
SAO PAULO,SAO PAULO,05515,9,A_Frota_por_UF_Municipio_CEP_Julho_2026.xlsx
SAO PAULO,SAO PAULO,05516,111,A_Frota_por_UF_Municipio_CEP_Julho_2026.xlsx
SAO PAULO,SAO PAULO,05517,8,A_Frota_por_UF_Municipio_CEP_Julho_2026.xlsx
SAO PAULO,SAO PAULO,05518,21,A_Frota_por_UF_Municipio_CEP_Julho_2026.xlsx
SAO PAULO,SAO PAULO,05519,27,A_Frota_por_UF_Municipio_CEP_Julho_2026.xlsx
SAO PAULO,SAO PAULO,05520,29,A_Frota_por_UF_Municipio_CEP_Julho_2026.xlsx
SAO PAULO,SAO PAULO,05521,37,A_Frota_por_UF_Municipio_CEP_Julho_2026.xlsx
SAO PAULO,SAO PAULO,05522,17,A_Frota_por_UF_Municipio_CEP_Julho_2026.xlsx
SAO PAULO,SAO PAULO,05523,22,A_Frota_por_UF_Municipio_CEP_Julho_2026.xlsx
SAO PAULO,SAO PAULO,05524,48,A_Frota_por_UF_Municipio_CEP_Julho_2026.xlsx
SAO PAULO,SAO PAULO,05525,52,A_Frota_por_UF_Municipio_CEP_Julho_2026.xlsx
SAO PAULO,SAO PAULO,05526,13,A_Frota_por_UF_Municipio_CEP_Julho_2026.xlsx
SAO PAULO,SAO PAULO,05527,64,A_Frota_por_UF_Municipio_CEP_Julho_2026.xlsx
SAO PAULO,SAO PAULO,05528,92,A_Frota_por_UF_Municipio_CEP_Julho_2026.xlsx
SAO PAULO,SAO PAULO,05529,52,A_Frota_por_UF_Municipio_CEP_Julho_2026.xlsx
SAO PAULO,SAO PAULO,05530,25,A_Frota_por_UF_Municipio_CEP_Julho_2026.xlsx
SAO PAULO,SAO PAULO,05531,15,A_Frota_por_UF_Municipio_CEP_Julho_2026.xlsx
SAO PAULO,SAO PAULO,05532,19,A_Frota_por_UF_Municipio_CEP_Julho_2026.xlsx
SAO PAULO,SAO PAULO,05533,117,A_Frota_por_UF_Municipio_CEP_Julho_2026.xlsx
SAO PAULO,SAO PAULO,05534,16,A_Frota_por_UF_Municipio_CEP_Julho_2026.xlsx
SAO PAULO,SAO PAULO,05535,26,A_Frota_por_UF_Municipio_CEP_Julho_2026.xlsx
SAO PAULO,SAO PAULO,05536,12,A_Frota_por_UF_Municipio_CEP_Julho_2026.xlsx
SAO PAULO,SAO PAULO,05537,44,A_Frota_por_UF_Municipio_CEP_Julho_2026.xlsx
SAO PAULO,SAO PAULO,05538,23,A_Frota_por_UF_Municipio_CEP_Julho_2026.xlsx
SAO PAULO,SAO PAULO,05539,28,A_Frota_por_UF_Municipio_CEP_Julho_2026.xlsx
SAO PAULO,SAO PAULO,05540,44,A_Frota_por_UF_Municipio_CEP_Julho_2026.xlsx
SAO PAULO,SAO PAULO,05541,127,A_Frota_por_UF_Municipio_CEP_Julho_2026.xlsx
SAO PAULO,SAO PAULO,05542,57,A_Frota_por_UF_Municipio_CEP_Julho_2026.xlsx
SAO PAULO,SAO PAULO,05543,19,A_Frota_por_UF_Municipio_CEP_Julho_2026.xlsx
SAO PAULO,SAO PAULO,05544,39,A_Frota_por_UF_Municipio_CEP_Julho_2026.xlsx
SAO PAULO,SAO PAULO,05545,45,A_Frota_por_UF_Municipio_CEP_Julho_2026.xlsx
SAO PAULO,SAO PAULO,05546,42,A_Frota_por_UF_Municipio_CEP_Julho_2026.xlsx
SAO PAULO,SAO PAULO,05547,84,A_Frota_por_UF_Municipio_CEP_Julho_2026.xlsx
SAO PAULO,SAO PAULO,05548,1,A_Frota_por_UF_Municipio_CEP_Julho_2026.xlsx
SAO PAULO,SAO PAULO,05549,46,A_Frota_por_UF_Municipio_CEP_Julho_2026.xlsx
SAO PAULO,SAO PAULO,05550,79,A_Frota_por_UF_Municipio_CEP_Julho_2026.xlsx
SAO PAULO,SAO PAULO,05551,43,A_Frota_por_UF_Municipio_CEP_Julho_2026.xlsx
SAO PAULO,SAO PAULO,05552,2,A_Frota_por_UF_Municipio_CEP_Julho_2026.xlsx
SAO PAULO,SAO PAULO,05554,1,A_Frota_por_UF_Municipio_CEP_Julho_2026.xlsx
SAO PAULO,SAO PAULO,05556,1,A_Frota_por_UF_Municipio_CEP_Julho_2026.xlsx
SAO PAULO,SAO PAULO,05557,4,A_Frota_por_UF_Municipio_CEP_Julho_2026.xlsx
SAO PAULO,SAO PAULO,05560,20,A_Frota_por_UF_Municipio_CEP_Julho_2026.xlsx
SAO PAULO,SAO PAULO,05561,1,A_Frota_por_UF_Municipio_CEP_Julho_2026.xlsx
SAO PAULO,SAO PAULO,05563,56,A_Frota_por_UF_Municipio_CEP_Julho_2026.xlsx
SAO PAULO,SAO PAULO,05564,75,A_Frota_por_UF_Municipio_CEP_Julho_2026.xlsx
SAO PAULO,SAO PAULO,05565,93,A_Frota_por_UF_Municipio_CEP_Julho_2026.xlsx
SAO PAULO,SAO PAULO,05566,22,A_Frota_por_UF_Municipio_CEP_Julho_2026.xlsx
SAO PAULO,SAO PAULO,05567,60,A_Frota_por_UF_Municipio_CEP_Julho_2026.xlsx
SAO PAULO,SAO PAULO,05568,66,A_Frota_por_UF_Municipio_CEP_Julho_2026.xlsx
SAO PAULO,SAO PAULO,05569,45,A_Frota_por_UF_Municipio_CEP_Julho_2026.xlsx
SAO PAULO,SAO PAULO,05570,83,A_Frota_por_UF_Municipio_CEP_Julho_2026.xlsx
SAO PAULO,SAO PAULO,05571,28,A_Frota_por_UF_Municipio_CEP_Julho_2026.xlsx
SAO PAULO,SAO PAULO,05572,35,A_Frota_por_UF_Municipio_CEP_Julho_2026.xlsx
SAO PAULO,SAO PAULO,05573,9,A_Frota_por_UF_Municipio_CEP_Julho_2026.xlsx
SAO PAULO,SAO PAULO,05574,80,A_Frota_por_UF_Municipio_CEP_Julho_2026.xlsx
SAO PAULO,SAO PAULO,05575,4,A_Frota_por_UF_Municipio_CEP_Julho_2026.xlsx
SAO PAULO,SAO PAULO,05576,34,A_Frota_por_UF_Municipio_CEP_Julho_2026.xlsx
SAO PAULO,SAO PAULO,05577,42,A_Frota_por_UF_Municipio_CEP_Julho_2026.xlsx
SAO PAULO,SAO PAULO,05578,9,A_Frota_por_UF_Municipio_CEP_Julho_2026.xlsx
SAO PAULO,SAO PAULO,05579,32,A_Frota_por_UF_Municipio_CEP_Julho_2026.xlsx
SAO PAULO,SAO PAULO,05580,30,A_Frota_por_UF_Municipio_CEP_Julho_2026.xlsx
SAO PAULO,SAO PAULO,05581,20,A_Frota_por_UF_Municipio_CEP_Julho_2026.xlsx
SAO PAULO,SAO PAULO,05582,39,A_Frota_por_UF_Municipio_CEP_Julho_2026.xlsx
SAO PAULO,SAO PAULO,05583,41,A_Frota_por_UF_Municipio_CEP_Julho_2026.xlsx
SAO PAULO,SAO PAULO,05584,45,A_Frota_por_UF_Municipio_CEP_Julho_2026.xlsx
SAO PAULO,SAO PAULO,05585,20,A_Frota_por_UF_Municipio_CEP_Julho_2026.xlsx
SAO PAULO,SAO PAULO,05586,51,A_Frota_por_UF_Municipio_CEP_Julho_2026.xlsx
SAO PAULO,SAO PAULO,05587,47,A_Frota_por_UF_Municipio_CEP_Julho_2026.xlsx
SAO PAULO,SAO PAULO,05588,50,A_Frota_por_UF_Municipio_CEP_Julho_2026.xlsx
SAO PAULO,SAO PAULO,05589,22,A_Frota_por_UF_Municipio_CEP_Julho_2026.xlsx
SAO PAULO,SAO PAULO,05590,48,A_Frota_por_UF_Municipio_CEP_Julho_2026.xlsx
SAO PAULO,SAO PAULO,05591,15,A_Frota_por_UF_Municipio_CEP_Julho_2026.xlsx
SAO PAULO,SAO PAULO,05592,23,A_Frota_por_UF_Municipio_CEP_Julho_2026.xlsx
SAO PAULO,SAO PAULO,05593,33,A_Frota_por_UF_Municipio_CEP_Julho_2026.xlsx
SAO PAULO,SAO PAULO,05594,57,A_Frota_por_UF_Municipio_CEP_Julho_2026.xlsx
SAO PAULO,SAO PAULO,05595,41,A_Frota_por_UF_Municipio_CEP_Julho_2026.xlsx
SAO PAULO,SAO PAULO,05596,64,A_Frota_por_UF_Municipio_CEP_Julho_2026.xlsx
SAO PAULO,SAO PAULO,05597,2,A_Frota_por_UF_Municipio_CEP_Julho_2026.xlsx
SAO PAULO,SAO PAULO,05599,1,A_Frota_por_UF_Municipio_CEP_Julho_2026.xlsx
SAO PAULO,SAO PAULO,05600,15,A_Frota_por_UF_Municipio_CEP_Julho_2026.xlsx
SAO PAULO,SAO PAULO,05601,16,A_Frota_por_UF_Municipio_CEP_Julho_2026.xlsx
SAO PAULO,SAO PAULO,05602,5,A_Frota_por_UF_Municipio_CEP_Julho_2026.xlsx
SAO PAULO,SAO PAULO,05603,8,A_Frota_por_UF_Municipio_CEP_Julho_2026.xlsx
SAO PAULO,SAO PAULO,05604,3,A_Frota_por_UF_Municipio_CEP_Julho_2026.xlsx
SAO PAULO,SAO PAULO,05605,1,A_Frota_por_UF_Municipio_CEP_Julho_2026.xlsx
SAO PAULO,SAO PAULO,05606,1,A_Frota_por_UF_Municipio_CEP_Julho_2026.xlsx
SAO PAULO,SAO PAULO,05607,6,A_Frota_por_UF_Municipio_CEP_Julho_2026.xlsx
SAO PAULO,SAO PAULO,05608,4,A_Frota_por_UF_Municipio_CEP_Julho_2026.xlsx
SAO PAULO,SAO PAULO,05609,9,A_Frota_por_UF_Municipio_CEP_Julho_2026.xlsx
SAO PAULO,SAO PAULO,05610,12,A_Frota_por_UF_Municipio_CEP_Julho_2026.xlsx
SAO PAULO,SAO PAULO,05611,9,A_Frota_por_UF_Municipio_CEP_Julho_2026.xlsx
SAO PAULO,SAO PAULO,05612,6,A_Frota_por_UF_Municipio_CEP_Julho_2026.xlsx
SAO PAULO,SAO PAULO,05613,8,A_Frota_por_UF_Municipio_CEP_Julho_2026.xlsx
SAO PAULO,SAO PAULO,05614,14,A_Frota_por_UF_Municipio_CEP_Julho_2026.xlsx
SAO PAULO,SAO PAULO,05615,42,A_Frota_por_UF_Municipio_CEP_Julho_2026.xlsx
SAO PAULO,SAO PAULO,05616,55,A_Frota_por_UF_Municipio_CEP_Julho_2026.xlsx
SAO PAULO,SAO PAULO,05617,37,A_Frota_por_UF_Municipio_CEP_Julho_2026.xlsx
SAO PAULO,SAO PAULO,05618,19,A_Frota_por_UF_Municipio_CEP_Julho_2026.xlsx
SAO PAULO,SAO PAULO,05619,10,A_Frota_por_UF_Municipio_CEP_Julho_2026.xlsx
SAO PAULO,SAO PAULO,05620,12,A_Frota_por_UF_Municipio_CEP_Julho_2026.xlsx
SAO PAULO,SAO PAULO,05621,14,A_Frota_por_UF_Municipio_CEP_Julho_2026.xlsx
SAO PAULO,SAO PAULO,05622,24,A_Frota_por_UF_Municipio_CEP_Julho_2026.xlsx
SAO PAULO,SAO PAULO,05623,25,A_Frota_por_UF_Municipio_CEP_Julho_2026.xlsx
SAO PAULO,SAO PAULO,05624,37,A_Frota_por_UF_Municipio_CEP_Julho_2026.xlsx
SAO PAULO,SAO PAULO,05625,55,A_Frota_por_UF_Municipio_CEP_Julho_2026.xlsx
SAO PAULO,SAO PAULO,05626,24,A_Frota_por_UF_Municipio_CEP_Julho_2026.xlsx
SAO PAULO,SAO PAULO,05627,26,A_Frota_por_UF_Municipio_CEP_Julho_2026.xlsx
SAO PAULO,SAO PAULO,05628,31,A_Frota_por_UF_Municipio_CEP_Julho_2026.xlsx
SAO PAULO,SAO PAULO,05629,23,A_Frota_por_UF_Municipio_CEP_Julho_2026.xlsx
SAO PAULO,SAO PAULO,05630,60,A_Frota_por_UF_Municipio_CEP_Julho_2026.xlsx
SAO PAULO,SAO PAULO,05632,42,A_Frota_por_UF_Municipio_CEP_Julho_2026.xlsx
SAO PAULO,SAO PAULO,05633,41,A_Frota_por_UF_Municipio_CEP_Julho_2026.xlsx
SAO PAULO,SAO PAULO,05634,71,A_Frota_por_UF_Municipio_CEP_Julho_2026.xlsx
SAO PAULO,SAO PAULO,05635,23,A_Frota_por_UF_Municipio_CEP_Julho_2026.xlsx
SAO PAULO,SAO PAULO,05636,1,A_Frota_por_UF_Municipio_CEP_Julho_2026.xlsx
SAO PAULO,SAO PAULO,05638,29,A_Frota_por_UF_Municipio_CEP_Julho_2026.xlsx
SAO PAULO,SAO PAULO,05639,15,A_Frota_por_UF_Municipio_CEP_Julho_2026.xlsx
SAO PAULO,SAO PAULO,05640,76,A_Frota_por_UF_Municipio_CEP_Julho_2026.xlsx
SAO PAULO,SAO PAULO,05641,54,A_Frota_por_UF_Municipio_CEP_Julho_2026.xlsx
SAO PAULO,SAO PAULO,05642,48,A_Frota_por_UF_Municipio_CEP_Julho_2026.xlsx
SAO PAULO,SAO PAULO,05644,1,A_Frota_por_UF_Municipio_CEP_Julho_2026.xlsx
SAO PAULO,SAO PAULO,05645,1,A_Frota_por_UF_Municipio_CEP_Julho_2026.xlsx
SAO PAULO,SAO PAULO,05648,1,A_Frota_por_UF_Municipio_CEP_Julho_2026.xlsx
SAO PAULO,SAO PAULO,05650,7,A_Frota_por_UF_Municipio_CEP_Julho_2026.xlsx
SAO PAULO,SAO PAULO,05651,8,A_Frota_por_UF_Municipio_CEP_Julho_2026.xlsx
SAO PAULO,SAO PAULO,05652,16,A_Frota_por_UF_Municipio_CEP_Julho_2026.xlsx
SAO PAULO,SAO PAULO,05653,7,A_Frota_por_UF_Municipio_CEP_Julho_2026.xlsx
SAO PAULO,SAO PAULO,05654,20,A_Frota_por_UF_Municipio_CEP_Julho_2026.xlsx
SAO PAULO,SAO PAULO,05655,3,A_Frota_por_UF_Municipio_CEP_Julho_2026.xlsx
SAO PAULO,SAO PAULO,05656,12,A_Frota_por_UF_Municipio_CEP_Julho_2026.xlsx
SAO PAULO,SAO PAULO,05657,40,A_Frota_por_UF_Municipio_CEP_Julho_2026.xlsx
SAO PAULO,SAO PAULO,05658,11,A_Frota_por_UF_Municipio_CEP_Julho_2026.xlsx
SAO PAULO,SAO PAULO,05659,43,A_Frota_por_UF_Municipio_CEP_Julho_2026.xlsx
SAO PAULO,SAO PAULO,05660,34,A_Frota_por_UF_Municipio_CEP_Julho_2026.xlsx
SAO PAULO,SAO PAULO,05661,33,A_Frota_por_UF_Municipio_CEP_Julho_2026.xlsx
SAO PAULO,SAO PAULO,05662,32,A_Frota_por_UF_Municipio_CEP_Julho_2026.xlsx
SAO PAULO,SAO PAULO,05663,62,A_Frota_por_UF_Municipio_CEP_Julho_2026.xlsx
SAO PAULO,SAO PAULO,05664,18,A_Frota_por_UF_Municipio_CEP_Julho_2026.xlsx
SAO PAULO,SAO PAULO,05665,46,A_Frota_por_UF_Municipio_CEP_Julho_2026.xlsx
SAO PAULO,SAO PAULO,05666,3,A_Frota_por_UF_Municipio_CEP_Julho_2026.xlsx
SAO PAULO,SAO PAULO,05668,1,A_Frota_por_UF_Municipio_CEP_Julho_2026.xlsx
SAO PAULO,SAO PAULO,05670,19,A_Frota_por_UF_Municipio_CEP_Julho_2026.xlsx
SAO PAULO,SAO PAULO,05671,8,A_Frota_por_UF_Municipio_CEP_Julho_2026.xlsx
SAO PAULO,SAO PAULO,05672,8,A_Frota_por_UF_Municipio_CEP_Julho_2026.xlsx
SAO PAULO,SAO PAULO,05673,3,A_Frota_por_UF_Municipio_CEP_Julho_2026.xlsx
SAO PAULO,SAO PAULO,05674,8,A_Frota_por_UF_Municipio_CEP_Julho_2026.xlsx
SAO PAULO,SAO PAULO,05675,4,A_Frota_por_UF_Municipio_CEP_Julho_2026.xlsx
SAO PAULO,SAO PAULO,05676,36,A_Frota_por_UF_Municipio_CEP_Julho_2026.xlsx
SAO PAULO,SAO PAULO,05677,2,A_Frota_por_UF_Municipio_CEP_Julho_2026.xlsx
SAO PAULO,SAO PAULO,05678,9,A_Frota_por_UF_Municipio_CEP_Julho_2026.xlsx
SAO PAULO,SAO PAULO,05679,20,A_Frota_por_UF_Municipio_CEP_Julho_2026.xlsx
SAO PAULO,SAO PAULO,05680,3,A_Frota_por_UF_Municipio_CEP_Julho_2026.xlsx
SAO PAULO,SAO PAULO,05681,1,A_Frota_por_UF_Municipio_CEP_Julho_2026.xlsx
SAO PAULO,SAO PAULO,05683,6,A_Frota_por_UF_Municipio_CEP_Julho_2026.xlsx
SAO PAULO,SAO PAULO,05684,31,A_Frota_por_UF_Municipio_CEP_Julho_2026.xlsx
SAO PAULO,SAO PAULO,05685,17,A_Frota_por_UF_Municipio_CEP_Julho_2026.xlsx
SAO PAULO,SAO PAULO,05686,30,A_Frota_por_UF_Municipio_CEP_Julho_2026.xlsx
SAO PAULO,SAO PAULO,05687,21,A_Frota_por_UF_Municipio_CEP_Julho_2026.xlsx
SAO PAULO,SAO PAULO,05688,39,A_Frota_por_UF_Municipio_CEP_Julho_2026.xlsx
SAO PAULO,SAO PAULO,05689,1,A_Frota_por_UF_Municipio_CEP_Julho_2026.xlsx
SAO PAULO,SAO PAULO,05690,19,A_Frota_por_UF_Municipio_CEP_Julho_2026.xlsx
SAO PAULO,SAO PAULO,05691,4,A_Frota_por_UF_Municipio_CEP_Julho_2026.xlsx
SAO PAULO,SAO PAULO,05692,11,A_Frota_por_UF_Municipio_CEP_Julho_2026.xlsx
SAO PAULO,SAO PAULO,05693,4,A_Frota_por_UF_Municipio_CEP_Julho_2026.xlsx
SAO PAULO,SAO PAULO,05694,1,A_Frota_por_UF_Municipio_CEP_Julho_2026.xlsx
SAO PAULO,SAO PAULO,05696,1,A_Frota_por_UF_Municipio_CEP_Julho_2026.xlsx
SAO PAULO,SAO PAULO,05698,2,A_Frota_por_UF_Municipio_CEP_Julho_2026.xlsx
SAO PAULO,SAO PAULO,05700,39,A_Frota_por_UF_Municipio_CEP_Julho_2026.xlsx
SAO PAULO,SAO PAULO,05701,2,A_Frota_por_UF_Municipio_CEP_Julho_2026.xlsx
SAO PAULO,SAO PAULO,05702,2,A_Frota_por_UF_Municipio_CEP_Julho_2026.xlsx
SAO PAULO,SAO PAULO,05703,2,A_Frota_por_UF_Municipio_CEP_Julho_2026.xlsx
SAO PAULO,SAO PAULO,05704,9,A_Frota_por_UF_Municipio_CEP_Julho_2026.xlsx
SAO PAULO,SAO PAULO,05705,13,A_Frota_por_UF_Municipio_CEP_Julho_2026.xlsx
SAO PAULO,SAO PAULO,05706,21,A_Frota_por_UF_Municipio_CEP_Julho_2026.xlsx
SAO PAULO,SAO PAULO,05707,20,A_Frota_por_UF_Municipio_CEP_Julho_2026.xlsx
SAO PAULO,SAO PAULO,05709,17,A_Frota_por_UF_Municipio_CEP_Julho_2026.xlsx
SAO PAULO,SAO PAULO,05710,14,A_Frota_por_UF_Municipio_CEP_Julho_2026.xlsx
SAO PAULO,SAO PAULO,05711,75,A_Frota_por_UF_Municipio_CEP_Julho_2026.xlsx
SAO PAULO,SAO PAULO,05712,8,A_Frota_por_UF_Municipio_CEP_Julho_2026.xlsx
SAO PAULO,SAO PAULO,05713,76,A_Frota_por_UF_Municipio_CEP_Julho_2026.xlsx
SAO PAULO,SAO PAULO,05715,25,A_Frota_por_UF_Municipio_CEP_Julho_2026.xlsx
SAO PAULO,SAO PAULO,05716,25,A_Frota_por_UF_Municipio_CEP_Julho_2026.xlsx
SAO PAULO,SAO PAULO,05717,48,A_Frota_por_UF_Municipio_CEP_Julho_2026.xlsx
SAO PAULO,SAO PAULO,05718,5,A_Frota_por_UF_Municipio_CEP_Julho_2026.xlsx
SAO PAULO,SAO PAULO,05719,3,A_Frota_por_UF_Municipio_CEP_Julho_2026.xlsx
SAO PAULO,SAO PAULO,05720,1,A_Frota_por_UF_Municipio_CEP_Julho_2026.xlsx
SAO PAULO,SAO PAULO,05723,29,A_Frota_por_UF_Municipio_CEP_Julho_2026.xlsx
SAO PAULO,SAO PAULO,05724,99,A_Frota_por_UF_Municipio_CEP_Julho_2026.xlsx
SAO PAULO,SAO PAULO,05725,14,A_Frota_por_UF_Municipio_CEP_Julho_2026.xlsx
SAO PAULO,SAO PAULO,05726,12,A_Frota_por_UF_Municipio_CEP_Julho_2026.xlsx
SAO PAULO,SAO PAULO,05727,27,A_Frota_por_UF_Municipio_CEP_Julho_2026.xlsx
SAO PAULO,SAO PAULO,05728,3,A_Frota_por_UF_Municipio_CEP_Julho_2026.xlsx
SAO PAULO,SAO PAULO,05729,25,A_Frota_por_UF_Municipio_CEP_Julho_2026.xlsx
SAO PAULO,SAO PAULO,05730,24,A_Frota_por_UF_Municipio_CEP_Julho_2026.xlsx
SAO PAULO,SAO PAULO,05731,20,A_Frota_por_UF_Municipio_CEP_Julho_2026.xlsx
SAO PAULO,SAO PAULO,05733,2,A_Frota_por_UF_Municipio_CEP_Julho_2026.xlsx
SAO PAULO,SAO PAULO,05734,22,A_Frota_por_UF_Municipio_CEP_Julho_2026.xlsx
SAO PAULO,SAO PAULO,05735,43,A_Frota_por_UF_Municipio_CEP_Julho_2026.xlsx
SAO PAULO,SAO PAULO,05736,30,A_Frota_por_UF_Municipio_CEP_Julho_2026.xlsx
SAO PAULO,SAO PAULO,05740,1,A_Frota_por_UF_Municipio_CEP_Julho_2026.xlsx
SAO PAULO,SAO PAULO,05741,37,A_Frota_por_UF_Municipio_CEP_Julho_2026.xlsx
SAO PAULO,SAO PAULO,05742,25,A_Frota_por_UF_Municipio_CEP_Julho_2026.xlsx
SAO PAULO,SAO PAULO,05743,13,A_Frota_por_UF_Municipio_CEP_Julho_2026.xlsx
SAO PAULO,SAO PAULO,05744,22,A_Frota_por_UF_Municipio_CEP_Julho_2026.xlsx
SAO PAULO,SAO PAULO,05745,1,A_Frota_por_UF_Municipio_CEP_Julho_2026.xlsx
SAO PAULO,SAO PAULO,05746,1,A_Frota_por_UF_Municipio_CEP_Julho_2026.xlsx
SAO PAULO,SAO PAULO,05748,1,A_Frota_por_UF_Municipio_CEP_Julho_2026.xlsx
SAO PAULO,SAO PAULO,05749,47,A_Frota_por_UF_Municipio_CEP_Julho_2026.xlsx
SAO PAULO,SAO PAULO,05750,83,A_Frota_por_UF_Municipio_CEP_Julho_2026.xlsx
SAO PAULO,SAO PAULO,05751,1,A_Frota_por_UF_Municipio_CEP_Julho_2026.xlsx
SAO PAULO,SAO PAULO,05752,47,A_Frota_por_UF_Municipio_CEP_Julho_2026.xlsx
SAO PAULO,SAO PAULO,05753,3,A_Frota_por_UF_Municipio_CEP_Julho_2026.xlsx
SAO PAULO,SAO PAULO,05754,102,A_Frota_por_UF_Municipio_CEP_Julho_2026.xlsx
SAO PAULO,SAO PAULO,05755,19,A_Frota_por_UF_Municipio_CEP_Julho_2026.xlsx
SAO PAULO,SAO PAULO,05756,82,A_Frota_por_UF_Municipio_CEP_Julho_2026.xlsx
SAO PAULO,SAO PAULO,05757,44,A_Frota_por_UF_Municipio_CEP_Julho_2026.xlsx
SAO PAULO,SAO PAULO,05758,34,A_Frota_por_UF_Municipio_CEP_Julho_2026.xlsx
SAO PAULO,SAO PAULO,05759,63,A_Frota_por_UF_Municipio_CEP_Julho_2026.xlsx
SAO PAULO,SAO PAULO,05760,26,A_Frota_por_UF_Municipio_CEP_Julho_2026.xlsx
SAO PAULO,SAO PAULO,05761,58,A_Frota_por_UF_Municipio_CEP_Julho_2026.xlsx
SAO PAULO,SAO PAULO,05762,47,A_Frota_por_UF_Municipio_CEP_Julho_2026.xlsx
SAO PAULO,SAO PAULO,05763,196,A_Frota_por_UF_Municipio_CEP_Julho_2026.xlsx
SAO PAULO,SAO PAULO,05764,2,A_Frota_por_UF_Municipio_CEP_Julho_2026.xlsx
SAO PAULO,SAO PAULO,05765,40,A_Frota_por_UF_Municipio_CEP_Julho_2026.xlsx
SAO PAULO,SAO PAULO,05766,29,A_Frota_por_UF_Municipio_CEP_Julho_2026.xlsx
SAO PAULO,SAO PAULO,05767,99,A_Frota_por_UF_Municipio_CEP_Julho_2026.xlsx
SAO PAULO,SAO PAULO,05768,1,A_Frota_por_UF_Municipio_CEP_Julho_2026.xlsx
SAO PAULO,SAO PAULO,05770,4,A_Frota_por_UF_Municipio_CEP_Julho_2026.xlsx
SAO PAULO,SAO PAULO,05772,40,A_Frota_por_UF_Municipio_CEP_Julho_2026.xlsx
SAO PAULO,SAO PAULO,05773,42,A_Frota_por_UF_Municipio_CEP_Julho_2026.xlsx
SAO PAULO,SAO PAULO,05774,20,A_Frota_por_UF_Municipio_CEP_Julho_2026.xlsx
SAO PAULO,SAO PAULO,05775,57,A_Frota_por_UF_Municipio_CEP_Julho_2026.xlsx
SAO PAULO,SAO PAULO,05776,51,A_Frota_por_UF_Municipio_CEP_Julho_2026.xlsx
SAO PAULO,SAO PAULO,05777,65,A_Frota_por_UF_Municipio_CEP_Julho_2026.xlsx
SAO PAULO,SAO PAULO,05778,50,A_Frota_por_UF_Municipio_CEP_Julho_2026.xlsx
SAO PAULO,SAO PAULO,05780,39,A_Frota_por_UF_Municipio_CEP_Julho_2026.xlsx
SAO PAULO,SAO PAULO,05781,31,A_Frota_por_UF_Municipio_CEP_Julho_2026.xlsx
SAO PAULO,SAO PAULO,05782,60,A_Frota_por_UF_Municipio_CEP_Julho_2026.xlsx
SAO PAULO,SAO PAULO,05783,80,A_Frota_por_UF_Municipio_CEP_Julho_2026.xlsx
SAO PAULO,SAO PAULO,05784,41,A_Frota_por_UF_Municipio_CEP_Julho_2026.xlsx
SAO PAULO,SAO PAULO,05785,42,A_Frota_por_UF_Municipio_CEP_Julho_2026.xlsx
SAO PAULO,SAO PAULO,05786,62,A_Frota_por_UF_Municipio_CEP_Julho_2026.xlsx
SAO PAULO,SAO PAULO,05787,85,A_Frota_por_UF_Municipio_CEP_Julho_2026.xlsx
SAO PAULO,SAO PAULO,05788,17,A_Frota_por_UF_Municipio_CEP_Julho_2026.xlsx
SAO PAULO,SAO PAULO,05789,67,A_Frota_por_UF_Municipio_CEP_Julho_2026.xlsx
SAO PAULO,SAO PAULO,05790,73,A_Frota_por_UF_Municipio_CEP_Julho_2026.xlsx
SAO PAULO,SAO PAULO,05791,112,A_Frota_por_UF_Municipio_CEP_Julho_2026.xlsx
SAO PAULO,SAO PAULO,05792,50,A_Frota_por_UF_Municipio_CEP_Julho_2026.xlsx
SAO PAULO,SAO PAULO,05793,31,A_Frota_por_UF_Municipio_CEP_Julho_2026.xlsx
SAO PAULO,SAO PAULO,05794,70,A_Frota_por_UF_Municipio_CEP_Julho_2026.xlsx
SAO PAULO,SAO PAULO,05795,44,A_Frota_por_UF_Municipio_CEP_Julho_2026.xlsx
SAO PAULO,SAO PAULO,05796,39,A_Frota_por_UF_Municipio_CEP_Julho_2026.xlsx
SAO PAULO,SAO PAULO,05797,54,A_Frota_por_UF_Municipio_CEP_Julho_2026.xlsx
SAO PAULO,SAO PAULO,05798,46,A_Frota_por_UF_Municipio_CEP_Julho_2026.xlsx
SAO PAULO,SAO PAULO,05800,7,A_Frota_por_UF_Municipio_CEP_Julho_2026.xlsx
SAO PAULO,SAO PAULO,05801,27,A_Frota_por_UF_Municipio_CEP_Julho_2026.xlsx
SAO PAULO,SAO PAULO,05802,42,A_Frota_por_UF_Municipio_CEP_Julho_2026.xlsx
SAO PAULO,SAO PAULO,05804,28,A_Frota_por_UF_Municipio_CEP_Julho_2026.xlsx
SAO PAULO,SAO PAULO,05805,127,A_Frota_por_UF_Municipio_CEP_Julho_2026.xlsx
SAO PAULO,SAO PAULO,05810,2,A_Frota_por_UF_Municipio_CEP_Julho_2026.xlsx
SAO PAULO,SAO PAULO,05811,1,A_Frota_por_UF_Municipio_CEP_Julho_2026.xlsx
SAO PAULO,SAO PAULO,05812,26,A_Frota_por_UF_Municipio_CEP_Julho_2026.xlsx
SAO PAULO,SAO PAULO,05813,48,A_Frota_por_UF_Municipio_CEP_Julho_2026.xlsx
SAO PAULO,SAO PAULO,05814,49,A_Frota_por_UF_Municipio_CEP_Julho_2026.xlsx
SAO PAULO,SAO PAULO,05815,31,A_Frota_por_UF_Municipio_CEP_Julho_2026.xlsx
SAO PAULO,SAO PAULO,05816,13,A_Frota_por_UF_Municipio_CEP_Julho_2026.xlsx
SAO PAULO,SAO PAULO,05817,1,A_Frota_por_UF_Municipio_CEP_Julho_2026.xlsx
SAO PAULO,SAO PAULO,05818,60,A_Frota_por_UF_Municipio_CEP_Julho_2026.xlsx
SAO PAULO,SAO PAULO,05819,43,A_Frota_por_UF_Municipio_CEP_Julho_2026.xlsx
SAO PAULO,SAO PAULO,05820,53,A_Frota_por_UF_Municipio_CEP_Julho_2026.xlsx
SAO PAULO,SAO PAULO,05821,62,A_Frota_por_UF_Municipio_CEP_Julho_2026.xlsx
SAO PAULO,SAO PAULO,05822,34,A_Frota_por_UF_Municipio_CEP_Julho_2026.xlsx
SAO PAULO,SAO PAULO,05823,20,A_Frota_por_UF_Municipio_CEP_Julho_2026.xlsx
SAO PAULO,SAO PAULO,05824,3,A_Frota_por_UF_Municipio_CEP_Julho_2026.xlsx
SAO PAULO,SAO PAULO,05825,3,A_Frota_por_UF_Municipio_CEP_Julho_2026.xlsx
SAO PAULO,SAO PAULO,05826,2,A_Frota_por_UF_Municipio_CEP_Julho_2026.xlsx
SAO PAULO,SAO PAULO,05830,61,A_Frota_por_UF_Municipio_CEP_Julho_2026.xlsx
SAO PAULO,SAO PAULO,05831,45,A_Frota_por_UF_Municipio_CEP_Julho_2026.xlsx
SAO PAULO,SAO PAULO,05832,23,A_Frota_por_UF_Municipio_CEP_Julho_2026.xlsx
SAO PAULO,SAO PAULO,05833,78,A_Frota_por_UF_Municipio_CEP_Julho_2026.xlsx
SAO PAULO,SAO PAULO,05834,20,A_Frota_por_UF_Municipio_CEP_Julho_2026.xlsx
SAO PAULO,SAO PAULO,05835,106,A_Frota_por_UF_Municipio_CEP_Julho_2026.xlsx
SAO PAULO,SAO PAULO,05836,50,A_Frota_por_UF_Municipio_CEP_Julho_2026.xlsx
SAO PAULO,SAO PAULO,05838,1,A_Frota_por_UF_Municipio_CEP_Julho_2026.xlsx
SAO PAULO,SAO PAULO,05839,1,A_Frota_por_UF_Municipio_CEP_Julho_2026.xlsx
SAO PAULO,SAO PAULO,05840,25,A_Frota_por_UF_Municipio_CEP_Julho_2026.xlsx
SAO PAULO,SAO PAULO,05841,31,A_Frota_por_UF_Municipio_CEP_Julho_2026.xlsx
SAO PAULO,SAO PAULO,05842,55,A_Frota_por_UF_Municipio_CEP_Julho_2026.xlsx
SAO PAULO,SAO PAULO,05843,63,A_Frota_por_UF_Municipio_CEP_Julho_2026.xlsx
SAO PAULO,SAO PAULO,05844,89,A_Frota_por_UF_Municipio_CEP_Julho_2026.xlsx
SAO PAULO,SAO PAULO,05845,22,A_Frota_por_UF_Municipio_CEP_Julho_2026.xlsx
SAO PAULO,SAO PAULO,05846,54,A_Frota_por_UF_Municipio_CEP_Julho_2026.xlsx
SAO PAULO,SAO PAULO,05847,62,A_Frota_por_UF_Municipio_CEP_Julho_2026.xlsx
SAO PAULO,SAO PAULO,05848,43,A_Frota_por_UF_Municipio_CEP_Julho_2026.xlsx
SAO PAULO,SAO PAULO,05849,56,A_Frota_por_UF_Municipio_CEP_Julho_2026.xlsx
SAO PAULO,SAO PAULO,05850,70,A_Frota_por_UF_Municipio_CEP_Julho_2026.xlsx
SAO PAULO,SAO PAULO,05851,39,A_Frota_por_UF_Municipio_CEP_Julho_2026.xlsx
SAO PAULO,SAO PAULO,05852,30,A_Frota_por_UF_Municipio_CEP_Julho_2026.xlsx
SAO PAULO,SAO PAULO,05853,38,A_Frota_por_UF_Municipio_CEP_Julho_2026.xlsx
SAO PAULO,SAO PAULO,05854,43,A_Frota_por_UF_Municipio_CEP_Julho_2026.xlsx
SAO PAULO,SAO PAULO,05855,21,A_Frota_por_UF_Municipio_CEP_Julho_2026.xlsx
SAO PAULO,SAO PAULO,05856,67,A_Frota_por_UF_Municipio_CEP_Julho_2026.xlsx
SAO PAULO,SAO PAULO,05857,85,A_Frota_por_UF_Municipio_CEP_Julho_2026.xlsx
SAO PAULO,SAO PAULO,05858,50,A_Frota_por_UF_Municipio_CEP_Julho_2026.xlsx
SAO PAULO,SAO PAULO,05859,44,A_Frota_por_UF_Municipio_CEP_Julho_2026.xlsx
SAO PAULO,SAO PAULO,05860,34,A_Frota_por_UF_Municipio_CEP_Julho_2026.xlsx
SAO PAULO,SAO PAULO,05861,86,A_Frota_por_UF_Municipio_CEP_Julho_2026.xlsx
SAO PAULO,SAO PAULO,05862,35,A_Frota_por_UF_Municipio_CEP_Julho_2026.xlsx
SAO PAULO,SAO PAULO,05863,43,A_Frota_por_UF_Municipio_CEP_Julho_2026.xlsx
SAO PAULO,SAO PAULO,05864,29,A_Frota_por_UF_Municipio_CEP_Julho_2026.xlsx
SAO PAULO,SAO PAULO,05865,2,A_Frota_por_UF_Municipio_CEP_Julho_2026.xlsx
SAO PAULO,SAO PAULO,05866,30,A_Frota_por_UF_Municipio_CEP_Julho_2026.xlsx
SAO PAULO,SAO PAULO,05867,42,A_Frota_por_UF_Municipio_CEP_Julho_2026.xlsx
SAO PAULO,SAO PAULO,05868,120,A_Frota_por_UF_Municipio_CEP_Julho_2026.xlsx
SAO PAULO,SAO PAULO,05869,27,A_Frota_por_UF_Municipio_CEP_Julho_2026.xlsx
SAO PAULO,SAO PAULO,05870,30,A_Frota_por_UF_Municipio_CEP_Julho_2026.xlsx
SAO PAULO,SAO PAULO,05871,39,A_Frota_por_UF_Municipio_CEP_Julho_2026.xlsx
SAO PAULO,SAO PAULO,05872,34,A_Frota_por_UF_Municipio_CEP_Julho_2026.xlsx
SAO PAULO,SAO PAULO,05873,42,A_Frota_por_UF_Municipio_CEP_Julho_2026.xlsx
SAO PAULO,SAO PAULO,05874,77,A_Frota_por_UF_Municipio_CEP_Julho_2026.xlsx
SAO PAULO,SAO PAULO,05875,40,A_Frota_por_UF_Municipio_CEP_Julho_2026.xlsx
SAO PAULO,SAO PAULO,05876,33,A_Frota_por_UF_Municipio_CEP_Julho_2026.xlsx
SAO PAULO,SAO PAULO,05877,61,A_Frota_por_UF_Municipio_CEP_Julho_2026.xlsx
SAO PAULO,SAO PAULO,05878,42,A_Frota_por_UF_Municipio_CEP_Julho_2026.xlsx
SAO PAULO,SAO PAULO,05879,92,A_Frota_por_UF_Municipio_CEP_Julho_2026.xlsx
SAO PAULO,SAO PAULO,05880,38,A_Frota_por_UF_Municipio_CEP_Julho_2026.xlsx
SAO PAULO,SAO PAULO,05881,59,A_Frota_por_UF_Municipio_CEP_Julho_2026.xlsx
SAO PAULO,SAO PAULO,05882,70,A_Frota_por_UF_Municipio_CEP_Julho_2026.xlsx
SAO PAULO,SAO PAULO,05883,49,A_Frota_por_UF_Municipio_CEP_Julho_2026.xlsx
SAO PAULO,SAO PAULO,05884,56,A_Frota_por_UF_Municipio_CEP_Julho_2026.xlsx
SAO PAULO,SAO PAULO,05885,65,A_Frota_por_UF_Municipio_CEP_Julho_2026.xlsx
SAO PAULO,SAO PAULO,05886,68,A_Frota_por_UF_Municipio_CEP_Julho_2026.xlsx
SAO PAULO,SAO PAULO,05887,62,A_Frota_por_UF_Municipio_CEP_Julho_2026.xlsx
SAO PAULO,SAO PAULO,05888,39,A_Frota_por_UF_Municipio_CEP_Julho_2026.xlsx
SAO PAULO,SAO PAULO,05889,53,A_Frota_por_UF_Municipio_CEP_Julho_2026.xlsx
SAO PAULO,SAO PAULO,05890,65,A_Frota_por_UF_Municipio_CEP_Julho_2026.xlsx
SAO PAULO,SAO PAULO,05891,40,A_Frota_por_UF_Municipio_CEP_Julho_2026.xlsx
SAO PAULO,SAO PAULO,05892,41,A_Frota_por_UF_Municipio_CEP_Julho_2026.xlsx
SAO PAULO,SAO PAULO,05893,44,A_Frota_por_UF_Municipio_CEP_Julho_2026.xlsx
SAO PAULO,SAO PAULO,05894,60,A_Frota_por_UF_Municipio_CEP_Julho_2026.xlsx
SAO PAULO,SAO PAULO,05895,5,A_Frota_por_UF_Municipio_CEP_Julho_2026.xlsx
SAO PAULO,SAO PAULO,05899,1,A_Frota_por_UF_Municipio_CEP_Julho_2026.xlsx
SAO PAULO,SAO PAULO,05900,14,A_Frota_por_UF_Municipio_CEP_Julho_2026.xlsx
SAO PAULO,SAO PAULO,05901,1,A_Frota_por_UF_Municipio_CEP_Julho_2026.xlsx
SAO PAULO,SAO PAULO,05909,1,A_Frota_por_UF_Municipio_CEP_Julho_2026.xlsx
SAO PAULO,SAO PAULO,05910,3,A_Frota_por_UF_Municipio_CEP_Julho_2026.xlsx
SAO PAULO,SAO PAULO,05911,2,A_Frota_por_UF_Municipio_CEP_Julho_2026.xlsx
SAO PAULO,SAO PAULO,05912,2,A_Frota_por_UF_Municipio_CEP_Julho_2026.xlsx
SAO PAULO,SAO PAULO,05913,1,A_Frota_por_UF_Municipio_CEP_Julho_2026.xlsx
SAO PAULO,SAO PAULO,05914,1,A_Frota_por_UF_Municipio_CEP_Julho_2026.xlsx
SAO PAULO,SAO PAULO,05919,1,A_Frota_por_UF_Municipio_CEP_Julho_2026.xlsx
SAO PAULO,SAO PAULO,05920,1,A_Frota_por_UF_Municipio_CEP_Julho_2026.xlsx
SAO PAULO,SAO PAULO,05921,1,A_Frota_por_UF_Municipio_CEP_Julho_2026.xlsx
SAO PAULO,SAO PAULO,05931,1,A_Frota_por_UF_Municipio_CEP_Julho_2026.xlsx
SAO PAULO,SAO PAULO,05942,3,A_Frota_por_UF_Municipio_CEP_Julho_2026.xlsx
SAO PAULO,SAO PAULO,05961,3,A_Frota_por_UF_Municipio_CEP_Julho_2026.xlsx
SAO PAULO,SAO PAULO,05980,1,A_Frota_por_UF_Municipio_CEP_Julho_2026.xlsx
SAO PAULO,SAO PAULO,05981,3,A_Frota_por_UF_Municipio_CEP_Julho_2026.xlsx
SAO PAULO,SAO PAULO,05987,1,A_Frota_por_UF_Municipio_CEP_Julho_2026.xlsx
SAO PAULO,SAO PAULO,05990,3,A_Frota_por_UF_Municipio_CEP_Julho_2026.xlsx
SAO PAULO,SAO PAULO,05999,1,A_Frota_por_UF_Municipio_CEP_Julho_2026.xlsx
SAO PAULO,SAO PAULO,06080,1,A_Frota_por_UF_Municipio_CEP_Julho_2026.xlsx
SAO PAULO,SAO PAULO,06407,1,A_Frota_por_UF_Municipio_CEP_Julho_2026.xlsx
SAO PAULO,SAO PAULO,06454,307,A_Frota_por_UF_Municipio_CEP_Julho_2026.xlsx
SAO PAULO,SAO PAULO,06455,100,A_Frota_por_UF_Municipio_CEP_Julho_2026.xlsx
SAO PAULO,SAO PAULO,06460,39,A_Frota_por_UF_Municipio_CEP_Julho_2026.xlsx
SAO PAULO,SAO PAULO,06462,1,A_Frota_por_UF_Municipio_CEP_Julho_2026.xlsx
SAO PAULO,SAO PAULO,06470,1,A_Frota_por_UF_Municipio_CEP_Julho_2026.xlsx
SAO PAULO,SAO PAULO,06473,1,A_Frota_por_UF_Municipio_CEP_Julho_2026.xlsx
SAO PAULO,SAO PAULO,06481,1,A_Frota_por_UF_Municipio_CEP_Julho_2026.xlsx
SAO PAULO,SAO PAULO,06482,2,A_Frota_por_UF_Municipio_CEP_Julho_2026.xlsx
SAO PAULO,SAO PAULO,06485,1,A_Frota_por_UF_Municipio_CEP_Julho_2026.xlsx
SAO PAULO,SAO PAULO,06486,2,A_Frota_por_UF_Municipio_CEP_Julho_2026.xlsx
SAO PAULO,SAO PAULO,06487,12,A_Frota_por_UF_Municipio_CEP_Julho_2026.xlsx
SAO PAULO,SAO PAULO,06754,1,A_Frota_por_UF_Municipio_CEP_Julho_2026.xlsx
SAO PAULO,SAO PAULO,06789,1,A_Frota_por_UF_Municipio_CEP_Julho_2026.xlsx
SAO PAULO,SAO PAULO,06850,2,A_Frota_por_UF_Municipio_CEP_Julho_2026.xlsx
SAO PAULO,SAO PAULO,07000,1,A_Frota_por_UF_Municipio_CEP_Julho_2026.xlsx
SAO PAULO,SAO PAULO,07025,1,A_Frota_por_UF_Municipio_CEP_Julho_2026.xlsx
SAO PAULO,SAO PAULO,07031,1,A_Frota_por_UF_Municipio_CEP_Julho_2026.xlsx
SAO PAULO,SAO PAULO,07107,1,A_Frota_por_UF_Municipio_CEP_Julho_2026.xlsx
SAO PAULO,SAO PAULO,07120,1,A_Frota_por_UF_Municipio_CEP_Julho_2026.xlsx
SAO PAULO,SAO PAULO,08000,21,A_Frota_por_UF_Municipio_CEP_Julho_2026.xlsx
SAO PAULO,SAO PAULO,08005,1,A_Frota_por_UF_Municipio_CEP_Julho_2026.xlsx
SAO PAULO,SAO PAULO,08008,1,A_Frota_por_UF_Municipio_CEP_Julho_2026.xlsx
SAO PAULO,SAO PAULO,08010,113,A_Frota_por_UF_Municipio_CEP_Julho_2026.xlsx
SAO PAULO,SAO PAULO,08011,117,A_Frota_por_UF_Municipio_CEP_Julho_2026.xlsx
SAO PAULO,SAO PAULO,08015,2,A_Frota_por_UF_Municipio_CEP_Julho_2026.xlsx
SAO PAULO,SAO PAULO,08020,82,A_Frota_por_UF_Municipio_CEP_Julho_2026.xlsx
SAO PAULO,SAO PAULO,08021,178,A_Frota_por_UF_Municipio_CEP_Julho_2026.xlsx
SAO PAULO,SAO PAULO,08022,141,A_Frota_por_UF_Municipio_CEP_Julho_2026.xlsx
SAO PAULO,SAO PAULO,08024,1,A_Frota_por_UF_Municipio_CEP_Julho_2026.xlsx
SAO PAULO,SAO PAULO,08025,1,A_Frota_por_UF_Municipio_CEP_Julho_2026.xlsx
SAO PAULO,SAO PAULO,08027,1,A_Frota_por_UF_Municipio_CEP_Julho_2026.xlsx
SAO PAULO,SAO PAULO,08028,1,A_Frota_por_UF_Municipio_CEP_Julho_2026.xlsx
SAO PAULO,SAO PAULO,08030,228,A_Frota_por_UF_Municipio_CEP_Julho_2026.xlsx
SAO PAULO,SAO PAULO,08031,160,A_Frota_por_UF_Municipio_CEP_Julho_2026.xlsx
SAO PAULO,SAO PAULO,08032,161,A_Frota_por_UF_Municipio_CEP_Julho_2026.xlsx
SAO PAULO,SAO PAULO,08040,145,A_Frota_por_UF_Municipio_CEP_Julho_2026.xlsx
SAO PAULO,SAO PAULO,08041,189,A_Frota_por_UF_Municipio_CEP_Julho_2026.xlsx
SAO PAULO,SAO PAULO,08042,111,A_Frota_por_UF_Municipio_CEP_Julho_2026.xlsx
SAO PAULO,SAO PAULO,08044,1,A_Frota_por_UF_Municipio_CEP_Julho_2026.xlsx
SAO PAULO,SAO PAULO,08045,2,A_Frota_por_UF_Municipio_CEP_Julho_2026.xlsx
SAO PAULO,SAO PAULO,08050,266,A_Frota_por_UF_Municipio_CEP_Julho_2026.xlsx
SAO PAULO,SAO PAULO,08051,147,A_Frota_por_UF_Municipio_CEP_Julho_2026.xlsx
SAO PAULO,SAO PAULO,08060,188,A_Frota_por_UF_Municipio_CEP_Julho_2026.xlsx
SAO PAULO,SAO PAULO,08061,178,A_Frota_por_UF_Municipio_CEP_Julho_2026.xlsx
SAO PAULO,SAO PAULO,08062,143,A_Frota_por_UF_Municipio_CEP_Julho_2026.xlsx
SAO PAULO,SAO PAULO,08066,1,A_Frota_por_UF_Municipio_CEP_Julho_2026.xlsx
SAO PAULO,SAO PAULO,08070,336,A_Frota_por_UF_Municipio_CEP_Julho_2026.xlsx
SAO PAULO,SAO PAULO,08071,90,A_Frota_por_UF_Municipio_CEP_Julho_2026.xlsx
SAO PAULO,SAO PAULO,08072,49,A_Frota_por_UF_Municipio_CEP_Julho_2026.xlsx
SAO PAULO,SAO PAULO,08075,1,A_Frota_por_UF_Municipio_CEP_Julho_2026.xlsx
SAO PAULO,SAO PAULO,08080,224,A_Frota_por_UF_Municipio_CEP_Julho_2026.xlsx
SAO PAULO,SAO PAULO,08081,228,A_Frota_por_UF_Municipio_CEP_Julho_2026.xlsx
SAO PAULO,SAO PAULO,08085,1,A_Frota_por_UF_Municipio_CEP_Julho_2026.xlsx
SAO PAULO,SAO PAULO,08086,1,A_Frota_por_UF_Municipio_CEP_Julho_2026.xlsx
SAO PAULO,SAO PAULO,08088,1,A_Frota_por_UF_Municipio_CEP_Julho_2026.xlsx
SAO PAULO,SAO PAULO,08090,183,A_Frota_por_UF_Municipio_CEP_Julho_2026.xlsx
SAO PAULO,SAO PAULO,08095,2,A_Frota_por_UF_Municipio_CEP_Julho_2026.xlsx
SAO PAULO,SAO PAULO,08097,1,A_Frota_por_UF_Municipio_CEP_Julho_2026.xlsx
SAO PAULO,SAO PAULO,08100,2,A_Frota_por_UF_Municipio_CEP_Julho_2026.xlsx
SAO PAULO,SAO PAULO,08110,197,A_Frota_por_UF_Municipio_CEP_Julho_2026.xlsx
SAO PAULO,SAO PAULO,08111,185,A_Frota_por_UF_Municipio_CEP_Julho_2026.xlsx
SAO PAULO,SAO PAULO,08112,1,A_Frota_por_UF_Municipio_CEP_Julho_2026.xlsx
SAO PAULO,SAO PAULO,08115,114,A_Frota_por_UF_Municipio_CEP_Julho_2026.xlsx
SAO PAULO,SAO PAULO,08117,1,A_Frota_por_UF_Municipio_CEP_Julho_2026.xlsx
SAO PAULO,SAO PAULO,08118,1,A_Frota_por_UF_Municipio_CEP_Julho_2026.xlsx
SAO PAULO,SAO PAULO,08120,140,A_Frota_por_UF_Municipio_CEP_Julho_2026.xlsx
SAO PAULO,SAO PAULO,08121,198,A_Frota_por_UF_Municipio_CEP_Julho_2026.xlsx
SAO PAULO,SAO PAULO,08122,119,A_Frota_por_UF_Municipio_CEP_Julho_2026.xlsx
SAO PAULO,SAO PAULO,08127,3,A_Frota_por_UF_Municipio_CEP_Julho_2026.xlsx
SAO PAULO,SAO PAULO,08130,91,A_Frota_por_UF_Municipio_CEP_Julho_2026.xlsx
SAO PAULO,SAO PAULO,08131,65,A_Frota_por_UF_Municipio_CEP_Julho_2026.xlsx
SAO PAULO,SAO PAULO,08132,17,A_Frota_por_UF_Municipio_CEP_Julho_2026.xlsx
SAO PAULO,SAO PAULO,08136,1,A_Frota_por_UF_Municipio_CEP_Julho_2026.xlsx
SAO PAULO,SAO PAULO,08140,216,A_Frota_por_UF_Municipio_CEP_Julho_2026.xlsx
SAO PAULO,SAO PAULO,08141,212,A_Frota_por_UF_Municipio_CEP_Julho_2026.xlsx
SAO PAULO,SAO PAULO,08142,190,A_Frota_por_UF_Municipio_CEP_Julho_2026.xlsx
SAO PAULO,SAO PAULO,08143,29,A_Frota_por_UF_Municipio_CEP_Julho_2026.xlsx
SAO PAULO,SAO PAULO,08150,218,A_Frota_por_UF_Municipio_CEP_Julho_2026.xlsx
SAO PAULO,SAO PAULO,08151,139,A_Frota_por_UF_Municipio_CEP_Julho_2026.xlsx
SAO PAULO,SAO PAULO,08152,19,A_Frota_por_UF_Municipio_CEP_Julho_2026.xlsx
SAO PAULO,SAO PAULO,08154,1,A_Frota_por_UF_Municipio_CEP_Julho_2026.xlsx
SAO PAULO,SAO PAULO,08155,1,A_Frota_por_UF_Municipio_CEP_Julho_2026.xlsx
SAO PAULO,SAO PAULO,08156,1,A_Frota_por_UF_Municipio_CEP_Julho_2026.xlsx
SAO PAULO,SAO PAULO,08160,168,A_Frota_por_UF_Municipio_CEP_Julho_2026.xlsx
SAO PAULO,SAO PAULO,08161,171,A_Frota_por_UF_Municipio_CEP_Julho_2026.xlsx
SAO PAULO,SAO PAULO,08163,1,A_Frota_por_UF_Municipio_CEP_Julho_2026.xlsx
SAO PAULO,SAO PAULO,08170,3,A_Frota_por_UF_Municipio_CEP_Julho_2026.xlsx
SAO PAULO,SAO PAULO,08173,1,A_Frota_por_UF_Municipio_CEP_Julho_2026.xlsx
SAO PAULO,SAO PAULO,08177,1,A_Frota_por_UF_Municipio_CEP_Julho_2026.xlsx
SAO PAULO,SAO PAULO,08180,229,A_Frota_por_UF_Municipio_CEP_Julho_2026.xlsx
SAO PAULO,SAO PAULO,08181,1,A_Frota_por_UF_Municipio_CEP_Julho_2026.xlsx
SAO PAULO,SAO PAULO,08187,1,A_Frota_por_UF_Municipio_CEP_Julho_2026.xlsx
SAO PAULO,SAO PAULO,08190,122,A_Frota_por_UF_Municipio_CEP_Julho_2026.xlsx
SAO PAULO,SAO PAULO,08191,109,A_Frota_por_UF_Municipio_CEP_Julho_2026.xlsx
SAO PAULO,SAO PAULO,08197,1,A_Frota_por_UF_Municipio_CEP_Julho_2026.xlsx
SAO PAULO,SAO PAULO,08200,7,A_Frota_por_UF_Municipio_CEP_Julho_2026.xlsx
SAO PAULO,SAO PAULO,08201,1,A_Frota_por_UF_Municipio_CEP_Julho_2026.xlsx
SAO PAULO,SAO PAULO,08206,1,A_Frota_por_UF_Municipio_CEP_Julho_2026.xlsx
SAO PAULO,SAO PAULO,08210,227,A_Frota_por_UF_Municipio_CEP_Julho_2026.xlsx
SAO PAULO,SAO PAULO,08215,161,A_Frota_por_UF_Municipio_CEP_Julho_2026.xlsx
SAO PAULO,SAO PAULO,08220,255,A_Frota_por_UF_Municipio_CEP_Julho_2026.xlsx
SAO PAULO,SAO PAULO,08221,1,A_Frota_por_UF_Municipio_CEP_Julho_2026.xlsx
SAO PAULO,SAO PAULO,08222,1,A_Frota_por_UF_Municipio_CEP_Julho_2026.xlsx
SAO PAULO,SAO PAULO,08223,190,A_Frota_por_UF_Municipio_CEP_Julho_2026.xlsx
SAO PAULO,SAO PAULO,08225,225,A_Frota_por_UF_Municipio_CEP_Julho_2026.xlsx
SAO PAULO,SAO PAULO,08226,21,A_Frota_por_UF_Municipio_CEP_Julho_2026.xlsx
SAO PAULO,SAO PAULO,08230,229,A_Frota_por_UF_Municipio_CEP_Julho_2026.xlsx
SAO PAULO,SAO PAULO,08231,1,A_Frota_por_UF_Municipio_CEP_Julho_2026.xlsx
SAO PAULO,SAO PAULO,08232,1,A_Frota_por_UF_Municipio_CEP_Julho_2026.xlsx
SAO PAULO,SAO PAULO,08235,193,A_Frota_por_UF_Municipio_CEP_Julho_2026.xlsx
SAO PAULO,SAO PAULO,08236,1,A_Frota_por_UF_Municipio_CEP_Julho_2026.xlsx
SAO PAULO,SAO PAULO,08240,191,A_Frota_por_UF_Municipio_CEP_Julho_2026.xlsx
SAO PAULO,SAO PAULO,08241,3,A_Frota_por_UF_Municipio_CEP_Julho_2026.xlsx
SAO PAULO,SAO PAULO,08245,115,A_Frota_por_UF_Municipio_CEP_Julho_2026.xlsx
SAO PAULO,SAO PAULO,08246,68,A_Frota_por_UF_Municipio_CEP_Julho_2026.xlsx
SAO PAULO,SAO PAULO,08247,43,A_Frota_por_UF_Municipio_CEP_Julho_2026.xlsx
SAO PAULO,SAO PAULO,08248,9,A_Frota_por_UF_Municipio_CEP_Julho_2026.xlsx
SAO PAULO,SAO PAULO,08250,249,A_Frota_por_UF_Municipio_CEP_Julho_2026.xlsx
SAO PAULO,SAO PAULO,08251,3,A_Frota_por_UF_Municipio_CEP_Julho_2026.xlsx
SAO PAULO,SAO PAULO,08253,351,A_Frota_por_UF_Municipio_CEP_Julho_2026.xlsx
SAO PAULO,SAO PAULO,08255,251,A_Frota_por_UF_Municipio_CEP_Julho_2026.xlsx
SAO PAULO,SAO PAULO,08257,45,A_Frota_por_UF_Municipio_CEP_Julho_2026.xlsx
SAO PAULO,SAO PAULO,08260,118,A_Frota_por_UF_Municipio_CEP_Julho_2026.xlsx
SAO PAULO,SAO PAULO,08261,1,A_Frota_por_UF_Municipio_CEP_Julho_2026.xlsx
SAO PAULO,SAO PAULO,08262,1,A_Frota_por_UF_Municipio_CEP_Julho_2026.xlsx
SAO PAULO,SAO PAULO,08263,1,A_Frota_por_UF_Municipio_CEP_Julho_2026.xlsx
SAO PAULO,SAO PAULO,08265,127,A_Frota_por_UF_Municipio_CEP_Julho_2026.xlsx
SAO PAULO,SAO PAULO,08270,214,A_Frota_por_UF_Municipio_CEP_Julho_2026.xlsx
SAO PAULO,SAO PAULO,08275,290,A_Frota_por_UF_Municipio_CEP_Julho_2026.xlsx
SAO PAULO,SAO PAULO,08276,1,A_Frota_por_UF_Municipio_CEP_Julho_2026.xlsx
SAO PAULO,SAO PAULO,08280,286,A_Frota_por_UF_Municipio_CEP_Julho_2026.xlsx
SAO PAULO,SAO PAULO,08285,155,A_Frota_por_UF_Municipio_CEP_Julho_2026.xlsx
SAO PAULO,SAO PAULO,08290,227,A_Frota_por_UF_Municipio_CEP_Julho_2026.xlsx
SAO PAULO,SAO PAULO,08294,1,A_Frota_por_UF_Municipio_CEP_Julho_2026.xlsx
SAO PAULO,SAO PAULO,08295,157,A_Frota_por_UF_Municipio_CEP_Julho_2026.xlsx
SAO PAULO,SAO PAULO,08300,2,A_Frota_por_UF_Municipio_CEP_Julho_2026.xlsx
SAO PAULO,SAO PAULO,08301,1,A_Frota_por_UF_Municipio_CEP_Julho_2026.xlsx
SAO PAULO,SAO PAULO,08305,1,A_Frota_por_UF_Municipio_CEP_Julho_2026.xlsx
SAO PAULO,SAO PAULO,08310,171,A_Frota_por_UF_Municipio_CEP_Julho_2026.xlsx
SAO PAULO,SAO PAULO,08311,112,A_Frota_por_UF_Municipio_CEP_Julho_2026.xlsx
SAO PAULO,SAO PAULO,08320,189,A_Frota_por_UF_Municipio_CEP_Julho_2026.xlsx
SAO PAULO,SAO PAULO,08321,6,A_Frota_por_UF_Municipio_CEP_Julho_2026.xlsx
SAO PAULO,SAO PAULO,08324,1,A_Frota_por_UF_Municipio_CEP_Julho_2026.xlsx
SAO PAULO,SAO PAULO,08328,1,A_Frota_por_UF_Municipio_CEP_Julho_2026.xlsx
SAO PAULO,SAO PAULO,08330,381,A_Frota_por_UF_Municipio_CEP_Julho_2026.xlsx
SAO PAULO,SAO PAULO,08331,66,A_Frota_por_UF_Municipio_CEP_Julho_2026.xlsx
SAO PAULO,SAO PAULO,08339,1,A_Frota_por_UF_Municipio_CEP_Julho_2026.xlsx
SAO PAULO,SAO PAULO,08340,235,A_Frota_por_UF_Municipio_CEP_Julho_2026.xlsx
SAO PAULO,SAO PAULO,08341,95,A_Frota_por_UF_Municipio_CEP_Julho_2026.xlsx
SAO PAULO,SAO PAULO,08342,1,A_Frota_por_UF_Municipio_CEP_Julho_2026.xlsx
SAO PAULO,SAO PAULO,08343,70,A_Frota_por_UF_Municipio_CEP_Julho_2026.xlsx
SAO PAULO,SAO PAULO,08344,65,A_Frota_por_UF_Municipio_CEP_Julho_2026.xlsx
SAO PAULO,SAO PAULO,08345,44,A_Frota_por_UF_Municipio_CEP_Julho_2026.xlsx
SAO PAULO,SAO PAULO,08346,5,A_Frota_por_UF_Municipio_CEP_Julho_2026.xlsx
SAO PAULO,SAO PAULO,08347,2,A_Frota_por_UF_Municipio_CEP_Julho_2026.xlsx
SAO PAULO,SAO PAULO,08360,3,A_Frota_por_UF_Municipio_CEP_Julho_2026.xlsx
SAO PAULO,SAO PAULO,08370,83,A_Frota_por_UF_Municipio_CEP_Julho_2026.xlsx
SAO PAULO,SAO PAULO,08371,174,A_Frota_por_UF_Municipio_CEP_Julho_2026.xlsx
SAO PAULO,SAO PAULO,08372,44,A_Frota_por_UF_Municipio_CEP_Julho_2026.xlsx
SAO PAULO,SAO PAULO,08373,3,A_Frota_por_UF_Municipio_CEP_Julho_2026.xlsx
SAO PAULO,SAO PAULO,08375,78,A_Frota_por_UF_Municipio_CEP_Julho_2026.xlsx
SAO PAULO,SAO PAULO,08380,145,A_Frota_por_UF_Municipio_CEP_Julho_2026.xlsx
SAO PAULO,SAO PAULO,08381,124,A_Frota_por_UF_Municipio_CEP_Julho_2026.xlsx
SAO PAULO,SAO PAULO,08382,89,A_Frota_por_UF_Municipio_CEP_Julho_2026.xlsx
SAO PAULO,SAO PAULO,08383,3,A_Frota_por_UF_Municipio_CEP_Julho_2026.xlsx
SAO PAULO,SAO PAULO,08390,152,A_Frota_por_UF_Municipio_CEP_Julho_2026.xlsx
SAO PAULO,SAO PAULO,08391,40,A_Frota_por_UF_Municipio_CEP_Julho_2026.xlsx
SAO PAULO,SAO PAULO,08395,38,A_Frota_por_UF_Municipio_CEP_Julho_2026.xlsx
SAO PAULO,SAO PAULO,08400,17,A_Frota_por_UF_Municipio_CEP_Julho_2026.xlsx
SAO PAULO,SAO PAULO,08401,2,A_Frota_por_UF_Municipio_CEP_Julho_2026.xlsx
SAO PAULO,SAO PAULO,08405,2,A_Frota_por_UF_Municipio_CEP_Julho_2026.xlsx
SAO PAULO,SAO PAULO,08410,158,A_Frota_por_UF_Municipio_CEP_Julho_2026.xlsx
SAO PAULO,SAO PAULO,08411,109,A_Frota_por_UF_Municipio_CEP_Julho_2026.xlsx
SAO PAULO,SAO PAULO,08412,43,A_Frota_por_UF_Municipio_CEP_Julho_2026.xlsx
SAO PAULO,SAO PAULO,08413,1,A_Frota_por_UF_Municipio_CEP_Julho_2026.xlsx
SAO PAULO,SAO PAULO,08417,1,A_Frota_por_UF_Municipio_CEP_Julho_2026.xlsx
SAO PAULO,SAO PAULO,08420,257,A_Frota_por_UF_Municipio_CEP_Julho_2026.xlsx
SAO PAULO,SAO PAULO,08421,99,A_Frota_por_UF_Municipio_CEP_Julho_2026.xlsx
SAO PAULO,SAO PAULO,08426,1,A_Frota_por_UF_Municipio_CEP_Julho_2026.xlsx
SAO PAULO,SAO PAULO,08430,199,A_Frota_por_UF_Municipio_CEP_Julho_2026.xlsx
SAO PAULO,SAO PAULO,08431,236,A_Frota_por_UF_Municipio_CEP_Julho_2026.xlsx
SAO PAULO,SAO PAULO,08440,157,A_Frota_por_UF_Municipio_CEP_Julho_2026.xlsx
SAO PAULO,SAO PAULO,08441,79,A_Frota_por_UF_Municipio_CEP_Julho_2026.xlsx
SAO PAULO,SAO PAULO,08443,1,A_Frota_por_UF_Municipio_CEP_Julho_2026.xlsx
SAO PAULO,SAO PAULO,08447,1,A_Frota_por_UF_Municipio_CEP_Julho_2026.xlsx
SAO PAULO,SAO PAULO,08450,166,A_Frota_por_UF_Municipio_CEP_Julho_2026.xlsx
SAO PAULO,SAO PAULO,08451,100,A_Frota_por_UF_Municipio_CEP_Julho_2026.xlsx
SAO PAULO,SAO PAULO,08452,166,A_Frota_por_UF_Municipio_CEP_Julho_2026.xlsx
SAO PAULO,SAO PAULO,08454,1,A_Frota_por_UF_Municipio_CEP_Julho_2026.xlsx
SAO PAULO,SAO PAULO,08455,1,A_Frota_por_UF_Municipio_CEP_Julho_2026.xlsx
SAO PAULO,SAO PAULO,08460,147,A_Frota_por_UF_Municipio_CEP_Julho_2026.xlsx
SAO PAULO,SAO PAULO,08461,176,A_Frota_por_UF_Municipio_CEP_Julho_2026.xlsx
SAO PAULO,SAO PAULO,08462,1,A_Frota_por_UF_Municipio_CEP_Julho_2026.xlsx
SAO PAULO,SAO PAULO,08465,72,A_Frota_por_UF_Municipio_CEP_Julho_2026.xlsx
SAO PAULO,SAO PAULO,08466,15,A_Frota_por_UF_Municipio_CEP_Julho_2026.xlsx
SAO PAULO,SAO PAULO,08470,177,A_Frota_por_UF_Municipio_CEP_Julho_2026.xlsx
SAO PAULO,SAO PAULO,08471,178,A_Frota_por_UF_Municipio_CEP_Julho_2026.xlsx
SAO PAULO,SAO PAULO,08472,83,A_Frota_por_UF_Municipio_CEP_Julho_2026.xlsx
SAO PAULO,SAO PAULO,08473,187,A_Frota_por_UF_Municipio_CEP_Julho_2026.xlsx
SAO PAULO,SAO PAULO,08474,79,A_Frota_por_UF_Municipio_CEP_Julho_2026.xlsx
SAO PAULO,SAO PAULO,08475,186,A_Frota_por_UF_Municipio_CEP_Julho_2026.xlsx
SAO PAULO,SAO PAULO,08476,5,A_Frota_por_UF_Municipio_CEP_Julho_2026.xlsx
SAO PAULO,SAO PAULO,08478,1,A_Frota_por_UF_Municipio_CEP_Julho_2026.xlsx
SAO PAULO,SAO PAULO,08485,347,A_Frota_por_UF_Municipio_CEP_Julho_2026.xlsx
SAO PAULO,SAO PAULO,08490,289,A_Frota_por_UF_Municipio_CEP_Julho_2026.xlsx
SAO PAULO,SAO PAULO,08550,14,A_Frota_por_UF_Municipio_CEP_Julho_2026.xlsx
SAO PAULO,SAO PAULO,08556,1,A_Frota_por_UF_Municipio_CEP_Julho_2026.xlsx
SAO PAULO,SAO PAULO,08780,1,A_Frota_por_UF_Municipio_CEP_Julho_2026.xlsx
SAO PAULO,SAO PAULO,09172,1,A_Frota_por_UF_Municipio_CEP_Julho_2026.xlsx
SAO PAULO,SAO PAULO,09510,1,A_Frota_por_UF_Municipio_CEP_Julho_2026.xlsx
SAO PAULO,SAO PAULO,09520,1,A_Frota_por_UF_Municipio_CEP_Julho_2026.xlsx
SAO PAULO,SAO PAULO,09616,1,A_Frota_por_UF_Municipio_CEP_Julho_2026.xlsx
SAO PAULO,SAO PAULO,09631,1,A_Frota_por_UF_Municipio_CEP_Julho_2026.xlsx
SAO PAULO,SAO PAULO,09725,1,A_Frota_por_UF_Municipio_CEP_Julho_2026.xlsx
SAO PAULO,SAO PAULO,09910,1,A_Frota_por_UF_Municipio_CEP_Julho_2026.xlsx
SAO PAULO,SAO PAULO,12308,1,A_Frota_por_UF_Municipio_CEP_Julho_2026.xlsx
SAO PAULO,SAO PAULO,13060,1,A_Frota_por_UF_Municipio_CEP_Julho_2026.xlsx
SAO PAULO,SAO PAULO,13100,1,A_Frota_por_UF_Municipio_CEP_Julho_2026.xlsx
SAO PAULO,SAO PAULO,13790,1,A_Frota_por_UF_Municipio_CEP_Julho_2026.xlsx
SAO PAULO,SAO PAULO,15025,1,A_Frota_por_UF_Municipio_CEP_Julho_2026.xlsx
SAO PAULO,SAO PAULO,15540,1,A_Frota_por_UF_Municipio_CEP_Julho_2026.xlsx
SAO PAULO,SAO PAULO,18051,1,A_Frota_por_UF_Municipio_CEP_Julho_2026.xlsx
SAO PAULO,SAO PAULO,18701,1,A_Frota_por_UF_Municipio_CEP_Julho_2026.xlsx
SAO PAULO,SAO PAULO,52060,1,A_Frota_por_UF_Municipio_CEP_Julho_2026.xlsx
SAO PAULO,SAO PAULO,72000,1,A_Frota_por_UF_Municipio_CEP_Julho_2026.xlsx
SAO PAULO,SAO PAULO,Sem I,1969827,A_Frota_por_UF_Municipio_CEP_Julho_2026.xlsx
SAO PAULO,SAO PEDRO,00000,28732,A_Frota_por_UF_Municipio_CEP_Julho_2026.xlsx
SAO PAULO,SAO PEDRO,13520,194,A_Frota_por_UF_Municipio_CEP_Julho_2026.xlsx
SAO PAULO,SAO PEDRO,Sem I,3892,A_Frota_por_UF_Municipio_CEP_Julho_2026.xlsx
SAO PAULO,SAO PEDRO DO TURVO,00000,4661,A_Frota_por_UF_Municipio_CEP_Julho_2026.xlsx
SAO PAULO,SAO PEDRO DO TURVO,18940,10,A_Frota_por_UF_Municipio_CEP_Julho_2026.xlsx
SAO PAULO,SAO PEDRO DO TURVO,Sem I,481,A_Frota_por_UF_Municipio_CEP_Julho_2026.xlsx
SAO PAULO,SAO ROQUE,00000,55591,A_Frota_por_UF_Municipio_CEP_Julho_2026.xlsx
SAO PAULO,SAO ROQUE,07124,1,A_Frota_por_UF_Municipio_CEP_Julho_2026.xlsx
SAO PAULO,SAO ROQUE,18130,198,A_Frota_por_UF_Municipio_CEP_Julho_2026.xlsx
SAO PAULO,SAO ROQUE,18131,34,A_Frota_por_UF_Municipio_CEP_Julho_2026.xlsx
SAO PAULO,SAO ROQUE,18132,50,A_Frota_por_UF_Municipio_CEP_Julho_2026.xlsx
SAO PAULO,SAO ROQUE,18133,30,A_Frota_por_UF_Municipio_CEP_Julho_2026.xlsx
SAO PAULO,SAO ROQUE,18134,19,A_Frota_por_UF_Municipio_CEP_Julho_2026.xlsx
SAO PAULO,SAO ROQUE,18135,37,A_Frota_por_UF_Municipio_CEP_Julho_2026.xlsx
SAO PAULO,SAO ROQUE,18136,44,A_Frota_por_UF_Municipio_CEP_Julho_2026.xlsx
SAO PAULO,SAO ROQUE,18140,6,A_Frota_por_UF_Municipio_CEP_Julho_2026.xlsx
SAO PAULO,SAO ROQUE,18143,14,A_Frota_por_UF_Municipio_CEP_Julho_2026.xlsx
SAO PAULO,SAO ROQUE,18145,2,A_Frota_por_UF_Municipio_CEP_Julho_2026.xlsx
SAO PAULO,SAO ROQUE,18147,1,A_Frota_por_UF_Municipio_CEP_Julho_2026.xlsx
SAO PAULO,SAO ROQUE,Sem I,7442,A_Frota_por_UF_Municipio_CEP_Julho_2026.xlsx
SAO PAULO,SAO SEBASTIAO,_x0000__x0000__x0000__x0000_ ,1,A_Frota_por_UF_Municipio_CEP_Julho_2026.xlsx
SAO PAULO,SAO SEBASTIAO,00000,47375,A_Frota_por_UF_Municipio_CEP_Julho_2026.xlsx
SAO PAULO,SAO SEBASTIAO,11160,2,A_Frota_por_UF_Municipio_CEP_Julho_2026.xlsx
SAO PAULO,SAO SEBASTIAO,11600,285,A_Frota_por_UF_Municipio_CEP_Julho_2026.xlsx
SAO PAULO,SAO SEBASTIAO,11602,5,A_Frota_por_UF_Municipio_CEP_Julho_2026.xlsx
SAO PAULO,SAO SEBASTIAO,11609,1,A_Frota_por_UF_Municipio_CEP_Julho_2026.xlsx
SAO PAULO,SAO SEBASTIAO,Sem I,4535,A_Frota_por_UF_Municipio_CEP_Julho_2026.xlsx
SAO PAULO,SAO SEBASTIAO DA GRAMA,00000,6875,A_Frota_por_UF_Municipio_CEP_Julho_2026.xlsx
SAO PAULO,SAO SEBASTIAO DA GRAMA,13790,20,A_Frota_por_UF_Municipio_CEP_Julho_2026.xlsx
SAO PAULO,SAO SEBASTIAO DA GRAMA,Sem I,751,A_Frota_por_UF_Municipio_CEP_Julho_2026.xlsx
SAO PAULO,SAO SIMAO,00000,8907,A_Frota_por_UF_Municipio_CEP_Julho_2026.xlsx
SAO PAULO,SAO SIMAO,06455,1,A_Frota_por_UF_Municipio_CEP_Julho_2026.xlsx
SAO PAULO,SAO SIMAO,14200,100,A_Frota_por_UF_Municipio_CEP_Julho_2026.xlsx
SAO PAULO,SAO SIMAO,Sem I,1450,A_Frota_por_UF_Municipio_CEP_Julho_2026.xlsx
SAO PAULO,SAO VICENTE,_x0000__x0000__x0000__x0000_ ,5,A_Frota_por_UF_Municipio_CEP_Julho_2026.xlsx
SAO PAULO,SAO VICENTE,00000,151052,A_Frota_por_UF_Municipio_CEP_Julho_2026.xlsx
SAO PAULO,SAO VICENTE,11035,1,A_Frota_por_UF_Municipio_CEP_Julho_2026.xlsx
SAO PAULO,SAO VICENTE,11085,1,A_Frota_por_UF_Municipio_CEP_Julho_2026.xlsx
SAO PAULO,SAO VICENTE,11113,1,A_Frota_por_UF_Municipio_CEP_Julho_2026.xlsx
SAO PAULO,SAO VICENTE,11137,1,A_Frota_por_UF_Municipio_CEP_Julho_2026.xlsx
SAO PAULO,SAO VICENTE,11248,1,A_Frota_por_UF_Municipio_CEP_Julho_2026.xlsx
SAO PAULO,SAO VICENTE,11300,28,A_Frota_por_UF_Municipio_CEP_Julho_2026.xlsx
SAO PAULO,SAO VICENTE,11301,5,A_Frota_por_UF_Municipio_CEP_Julho_2026.xlsx
SAO PAULO,SAO VICENTE,11310,193,A_Frota_por_UF_Municipio_CEP_Julho_2026.xlsx
SAO PAULO,SAO VICENTE,11320,244,A_Frota_por_UF_Municipio_CEP_Julho_2026.xlsx
SAO PAULO,SAO VICENTE,11325,56,A_Frota_por_UF_Municipio_CEP_Julho_2026.xlsx
SAO PAULO,SAO VICENTE,11330,201,A_Frota_por_UF_Municipio_CEP_Julho_2026.xlsx
SAO PAULO,SAO VICENTE,11335,78,A_Frota_por_UF_Municipio_CEP_Julho_2026.xlsx
SAO PAULO,SAO VICENTE,11340,135,A_Frota_por_UF_Municipio_CEP_Julho_2026.xlsx
SAO PAULO,SAO VICENTE,11341,1,A_Frota_por_UF_Municipio_CEP_Julho_2026.xlsx
SAO PAULO,SAO VICENTE,11343,2,A_Frota_por_UF_Municipio_CEP_Julho_2026.xlsx
SAO PAULO,SAO VICENTE,11345,71,A_Frota_por_UF_Municipio_CEP_Julho_2026.xlsx
SAO PAULO,SAO VICENTE,11346,102,A_Frota_por_UF_Municipio_CEP_Julho_2026.xlsx
SAO PAULO,SAO VICENTE,11347,184,A_Frota_por_UF_Municipio_CEP_Julho_2026.xlsx
SAO PAULO,SAO VICENTE,11348,96,A_Frota_por_UF_Municipio_CEP_Julho_2026.xlsx
SAO PAULO,SAO VICENTE,11349,113,A_Frota_por_UF_Municipio_CEP_Julho_2026.xlsx
SAO PAULO,SAO VICENTE,11350,158,A_Frota_por_UF_Municipio_CEP_Julho_2026.xlsx
SAO PAULO,SAO VICENTE,11355,170,A_Frota_por_UF_Municipio_CEP_Julho_2026.xlsx
SAO PAULO,SAO VICENTE,11360,171,A_Frota_por_UF_Municipio_CEP_Julho_2026.xlsx
SAO PAULO,SAO VICENTE,11365,138,A_Frota_por_UF_Municipio_CEP_Julho_2026.xlsx
SAO PAULO,SAO VICENTE,11370,151,A_Frota_por_UF_Municipio_CEP_Julho_2026.xlsx
SAO PAULO,SAO VICENTE,11373,1,A_Frota_por_UF_Municipio_CEP_Julho_2026.xlsx
SAO PAULO,SAO VICENTE,11380,139,A_Frota_por_UF_Municipio_CEP_Julho_2026.xlsx
SAO PAULO,SAO VICENTE,11390,129,A_Frota_por_UF_Municipio_CEP_Julho_2026.xlsx
SAO PAULO,SAO VICENTE,11395,1,A_Frota_por_UF_Municipio_CEP_Julho_2026.xlsx
SAO PAULO,SAO VICENTE,11450,2,A_Frota_por_UF_Municipio_CEP_Julho_2026.xlsx
SAO PAULO,SAO VICENTE,Sem I,21383,A_Frota_por_UF_Municipio_CEP_Julho_2026.xlsx
SAO PAULO,SARAPUI,00000,7180,A_Frota_por_UF_Municipio_CEP_Julho_2026.xlsx
SAO PAULO,SARAPUI,18225,36,A_Frota_por_UF_Municipio_CEP_Julho_2026.xlsx
SAO PAULO,SARAPUI,18227,1,A_Frota_por_UF_Municipio_CEP_Julho_2026.xlsx
SAO PAULO,SARAPUI,Sem I,696,A_Frota_por_UF_Municipio_CEP_Julho_2026.xlsx
SAO PAULO,SARUTAIA,00000,2255,A_Frota_por_UF_Municipio_CEP_Julho_2026.xlsx
SAO PAULO,SARUTAIA,18840,3,A_Frota_por_UF_Municipio_CEP_Julho_2026.xlsx
SAO PAULO,SARUTAIA,Sem I,228,A_Frota_por_UF_Municipio_CEP_Julho_2026.xlsx
SAO PAULO,SEBASTIANOPOLIS DO SUL,00000,3414,A_Frota_por_UF_Municipio_CEP_Julho_2026.xlsx
SAO PAULO,SEBASTIANOPOLIS DO SUL,15180,7,A_Frota_por_UF_Municipio_CEP_Julho_2026.xlsx
SAO PAULO,SEBASTIANOPOLIS DO SUL,Sem I,236,A_Frota_por_UF_Municipio_CEP_Julho_2026.xlsx
SAO PAULO,SERRA AZUL,00000,5075,A_Frota_por_UF_Municipio_CEP_Julho_2026.xlsx
SAO PAULO,SERRA AZUL,14230,47,A_Frota_por_UF_Municipio_CEP_Julho_2026.xlsx
SAO PAULO,SERRA AZUL,Sem I,702,A_Frota_por_UF_Municipio_CEP_Julho_2026.xlsx
SAO PAULO,SERRA NEGRA,00000,23090,A_Frota_por_UF_Municipio_CEP_Julho_2026.xlsx
SAO PAULO,SERRA NEGRA,13484,1,A_Frota_por_UF_Municipio_CEP_Julho_2026.xlsx
SAO PAULO,SERRA NEGRA,13930,81,A_Frota_por_UF_Municipio_CEP_Julho_2026.xlsx
SAO PAULO,SERRA NEGRA,Sem I,3308,A_Frota_por_UF_Municipio_CEP_Julho_2026.xlsx
SAO PAULO,SERRANA,00000,27099,A_Frota_por_UF_Municipio_CEP_Julho_2026.xlsx
SAO PAULO,SERRANA,14150,235,A_Frota_por_UF_Municipio_CEP_Julho_2026.xlsx
SAO PAULO,SERRANA,Sem I,3133,A_Frota_por_UF_Municipio_CEP_Julho_2026.xlsx
SAO PAULO,SERTAOZINHO,_x0000__x0000__x0000__x0000_ ,5,A_Frota_por_UF_Municipio_CEP_Julho_2026.xlsx
SAO PAULO,SERTAOZINHO,00000,102460,A_Frota_por_UF_Municipio_CEP_Julho_2026.xlsx
SAO PAULO,SERTAOZINHO,14160,287,A_Frota_por_UF_Municipio_CEP_Julho_2026.xlsx
SAO PAULO,SERTAOZINHO,14161,59,A_Frota_por_UF_Municipio_CEP_Julho_2026.xlsx
SAO PAULO,SERTAOZINHO,14164,85,A_Frota_por_UF_Municipio_CEP_Julho_2026.xlsx
SAO PAULO,SERTAOZINHO,14165,27,A_Frota_por_UF_Municipio_CEP_Julho_2026.xlsx
SAO PAULO,SERTAOZINHO,14166,147,A_Frota_por_UF_Municipio_CEP_Julho_2026.xlsx
SAO PAULO,SERTAOZINHO,14169,59,A_Frota_por_UF_Municipio_CEP_Julho_2026.xlsx
SAO PAULO,SERTAOZINHO,14170,116,A_Frota_por_UF_Municipio_CEP_Julho_2026.xlsx
SAO PAULO,SERTAOZINHO,14171,10,A_Frota_por_UF_Municipio_CEP_Julho_2026.xlsx
SAO PAULO,SERTAOZINHO,14173,2,A_Frota_por_UF_Municipio_CEP_Julho_2026.xlsx
SAO PAULO,SERTAOZINHO,14174,1,A_Frota_por_UF_Municipio_CEP_Julho_2026.xlsx
SAO PAULO,SERTAOZINHO,14175,7,A_Frota_por_UF_Municipio_CEP_Julho_2026.xlsx
SAO PAULO,SERTAOZINHO,14176,14,A_Frota_por_UF_Municipio_CEP_Julho_2026.xlsx
SAO PAULO,SERTAOZINHO,14177,237,A_Frota_por_UF_Municipio_CEP_Julho_2026.xlsx
SAO PAULO,SERTAOZINHO,14178,24,A_Frota_por_UF_Municipio_CEP_Julho_2026.xlsx
SAO PAULO,SERTAOZINHO,14179,36,A_Frota_por_UF_Municipio_CEP_Julho_2026.xlsx
SAO PAULO,SERTAOZINHO,Sem I,14014,A_Frota_por_UF_Municipio_CEP_Julho_2026.xlsx
SAO PAULO,SETE BARRAS,00000,6718,A_Frota_por_UF_Municipio_CEP_Julho_2026.xlsx
SAO PAULO,SETE BARRAS,11910,15,A_Frota_por_UF_Municipio_CEP_Julho_2026.xlsx
SAO PAULO,SETE BARRAS,Sem I,851,A_Frota_por_UF_Municipio_CEP_Julho_2026.xlsx
SAO PAULO,SEVERINIA,00000,9648,A_Frota_por_UF_Municipio_CEP_Julho_2026.xlsx
SAO PAULO,SEVERINIA,14735,36,A_Frota_por_UF_Municipio_CEP_Julho_2026.xlsx
SAO PAULO,SEVERINIA,Sem I,1132,A_Frota_por_UF_Municipio_CEP_Julho_2026.xlsx
SAO PAULO,SILVEIRAS,00000,3442,A_Frota_por_UF_Municipio_CEP_Julho_2026.xlsx
SAO PAULO,SILVEIRAS,12690,8,A_Frota_por_UF_Municipio_CEP_Julho_2026.xlsx
SAO PAULO,SILVEIRAS,Sem I,527,A_Frota_por_UF_Municipio_CEP_Julho_2026.xlsx
SAO PAULO,SOCORRO,_x0000__x0000__x0000__x0000_ ,1,A_Frota_por_UF_Municipio_CEP_Julho_2026.xlsx
SAO PAULO,SOCORRO,00000,35141,A_Frota_por_UF_Municipio_CEP_Julho_2026.xlsx
SAO PAULO,SOCORRO,13960,89,A_Frota_por_UF_Municipio_CEP_Julho_2026.xlsx
SAO PAULO,SOCORRO,Sem I,4537,A_Frota_por_UF_Municipio_CEP_Julho_2026.xlsx
SAO PAULO,SOROCABA,_x0000__x0000__x0000__x0000_ ,22,A_Frota_por_UF_Municipio_CEP_Julho_2026.xlsx
SAO PAULO,SOROCABA,00000,509560,A_Frota_por_UF_Municipio_CEP_Julho_2026.xlsx
SAO PAULO,SOROCABA,18000,75,A_Frota_por_UF_Municipio_CEP_Julho_2026.xlsx
SAO PAULO,SOROCABA,18003,1,A_Frota_por_UF_Municipio_CEP_Julho_2026.xlsx
SAO PAULO,SOROCABA,18010,89,A_Frota_por_UF_Municipio_CEP_Julho_2026.xlsx
SAO PAULO,SOROCABA,18013,104,A_Frota_por_UF_Municipio_CEP_Julho_2026.xlsx
SAO PAULO,SOROCABA,18015,139,A_Frota_por_UF_Municipio_CEP_Julho_2026.xlsx
SAO PAULO,SOROCABA,18016,101,A_Frota_por_UF_Municipio_CEP_Julho_2026.xlsx
SAO PAULO,SOROCABA,18017,94,A_Frota_por_UF_Municipio_CEP_Julho_2026.xlsx
SAO PAULO,SOROCABA,18020,168,A_Frota_por_UF_Municipio_CEP_Julho_2026.xlsx
SAO PAULO,SOROCABA,18021,72,A_Frota_por_UF_Municipio_CEP_Julho_2026.xlsx
SAO PAULO,SOROCABA,18022,45,A_Frota_por_UF_Municipio_CEP_Julho_2026.xlsx
SAO PAULO,SOROCABA,18023,8,A_Frota_por_UF_Municipio_CEP_Julho_2026.xlsx
SAO PAULO,SOROCABA,18025,149,A_Frota_por_UF_Municipio_CEP_Julho_2026.xlsx
SAO PAULO,SOROCABA,18026,20,A_Frota_por_UF_Municipio_CEP_Julho_2026.xlsx
SAO PAULO,SOROCABA,18030,73,A_Frota_por_UF_Municipio_CEP_Julho_2026.xlsx
SAO PAULO,SOROCABA,18031,64,A_Frota_por_UF_Municipio_CEP_Julho_2026.xlsx
SAO PAULO,SOROCABA,18035,146,A_Frota_por_UF_Municipio_CEP_Julho_2026.xlsx
SAO PAULO,SOROCABA,18036,1,A_Frota_por_UF_Municipio_CEP_Julho_2026.xlsx
SAO PAULO,SOROCABA,18040,109,A_Frota_por_UF_Municipio_CEP_Julho_2026.xlsx
SAO PAULO,SOROCABA,18043,34,A_Frota_por_UF_Municipio_CEP_Julho_2026.xlsx
SAO PAULO,SOROCABA,18044,109,A_Frota_por_UF_Municipio_CEP_Julho_2026.xlsx
SAO PAULO,SOROCABA,18045,114,A_Frota_por_UF_Municipio_CEP_Julho_2026.xlsx
SAO PAULO,SOROCABA,18046,95,A_Frota_por_UF_Municipio_CEP_Julho_2026.xlsx
SAO PAULO,SOROCABA,18047,59,A_Frota_por_UF_Municipio_CEP_Julho_2026.xlsx
SAO PAULO,SOROCABA,18048,28,A_Frota_por_UF_Municipio_CEP_Julho_2026.xlsx
SAO PAULO,SOROCABA,18050,103,A_Frota_por_UF_Municipio_CEP_Julho_2026.xlsx
SAO PAULO,SOROCABA,18051,173,A_Frota_por_UF_Municipio_CEP_Julho_2026.xlsx
SAO PAULO,SOROCABA,18052,131,A_Frota_por_UF_Municipio_CEP_Julho_2026.xlsx
SAO PAULO,SOROCABA,18053,299,A_Frota_por_UF_Municipio_CEP_Julho_2026.xlsx
SAO PAULO,SOROCABA,18054,16,A_Frota_por_UF_Municipio_CEP_Julho_2026.xlsx
SAO PAULO,SOROCABA,18055,302,A_Frota_por_UF_Municipio_CEP_Julho_2026.xlsx
SAO PAULO,SOROCABA,18056,98,A_Frota_por_UF_Municipio_CEP_Julho_2026.xlsx
SAO PAULO,SOROCABA,18057,6,A_Frota_por_UF_Municipio_CEP_Julho_2026.xlsx
SAO PAULO,SOROCABA,18060,162,A_Frota_por_UF_Municipio_CEP_Julho_2026.xlsx
SAO PAULO,SOROCABA,18061,150,A_Frota_por_UF_Municipio_CEP_Julho_2026.xlsx
SAO PAULO,SOROCABA,18062,1,A_Frota_por_UF_Municipio_CEP_Julho_2026.xlsx
SAO PAULO,SOROCABA,18065,124,A_Frota_por_UF_Municipio_CEP_Julho_2026.xlsx
SAO PAULO,SOROCABA,18066,69,A_Frota_por_UF_Municipio_CEP_Julho_2026.xlsx
SAO PAULO,SOROCABA,18070,217,A_Frota_por_UF_Municipio_CEP_Julho_2026.xlsx
SAO PAULO,SOROCABA,18071,265,A_Frota_por_UF_Municipio_CEP_Julho_2026.xlsx
SAO PAULO,SOROCABA,18072,140,A_Frota_por_UF_Municipio_CEP_Julho_2026.xlsx
SAO PAULO,SOROCABA,18074,201,A_Frota_por_UF_Municipio_CEP_Julho_2026.xlsx
SAO PAULO,SOROCABA,18075,215,A_Frota_por_UF_Municipio_CEP_Julho_2026.xlsx
SAO PAULO,SOROCABA,18076,227,A_Frota_por_UF_Municipio_CEP_Julho_2026.xlsx
SAO PAULO,SOROCABA,18077,225,A_Frota_por_UF_Municipio_CEP_Julho_2026.xlsx
SAO PAULO,SOROCABA,18078,350,A_Frota_por_UF_Municipio_CEP_Julho_2026.xlsx
SAO PAULO,SOROCABA,18079,60,A_Frota_por_UF_Municipio_CEP_Julho_2026.xlsx
SAO PAULO,SOROCABA,18080,164,A_Frota_por_UF_Municipio_CEP_Julho_2026.xlsx
SAO PAULO,SOROCABA,18081,97,A_Frota_por_UF_Municipio_CEP_Julho_2026.xlsx
SAO PAULO,SOROCABA,18083,1,A_Frota_por_UF_Municipio_CEP_Julho_2026.xlsx
SAO PAULO,SOROCABA,18085,175,A_Frota_por_UF_Municipio_CEP_Julho_2026.xlsx
SAO PAULO,SOROCABA,18086,45,A_Frota_por_UF_Municipio_CEP_Julho_2026.xlsx
SAO PAULO,SOROCABA,18087,292,A_Frota_por_UF_Municipio_CEP_Julho_2026.xlsx
SAO PAULO,SOROCABA,18090,90,A_Frota_por_UF_Municipio_CEP_Julho_2026.xlsx
SAO PAULO,SOROCABA,18095,69,A_Frota_por_UF_Municipio_CEP_Julho_2026.xlsx
SAO PAULO,SOROCABA,18100,47,A_Frota_por_UF_Municipio_CEP_Julho_2026.xlsx
SAO PAULO,SOROCABA,18103,236,A_Frota_por_UF_Municipio_CEP_Julho_2026.xlsx
SAO PAULO,SOROCABA,18104,2,A_Frota_por_UF_Municipio_CEP_Julho_2026.xlsx
SAO PAULO,SOROCABA,18105,71,A_Frota_por_UF_Municipio_CEP_Julho_2026.xlsx
SAO PAULO,SOROCABA,18108,124,A_Frota_por_UF_Municipio_CEP_Julho_2026.xlsx
SAO PAULO,SOROCABA,18110,2,A_Frota_por_UF_Municipio_CEP_Julho_2026.xlsx
SAO PAULO,SOROCABA,18111,1,A_Frota_por_UF_Municipio_CEP_Julho_2026.xlsx
SAO PAULO,SOROCABA,18112,2,A_Frota_por_UF_Municipio_CEP_Julho_2026.xlsx
SAO PAULO,SOROCABA,18118,1,A_Frota_por_UF_Municipio_CEP_Julho_2026.xlsx
SAO PAULO,SOROCABA,18119,4,A_Frota_por_UF_Municipio_CEP_Julho_2026.xlsx
SAO PAULO,SOROCABA,18125,1,A_Frota_por_UF_Municipio_CEP_Julho_2026.xlsx
SAO PAULO,SOROCABA,18130,1,A_Frota_por_UF_Municipio_CEP_Julho_2026.xlsx
SAO PAULO,SOROCABA,18163,1,A_Frota_por_UF_Municipio_CEP_Julho_2026.xlsx
SAO PAULO,SOROCABA,18190,1,A_Frota_por_UF_Municipio_CEP_Julho_2026.xlsx
SAO PAULO,SOROCABA,18200,1,A_Frota_por_UF_Municipio_CEP_Julho_2026.xlsx
SAO PAULO,SOROCABA,18350,1,A_Frota_por_UF_Municipio_CEP_Julho_2026.xlsx
SAO PAULO,SOROCABA,18500,1,A_Frota_por_UF_Municipio_CEP_Julho_2026.xlsx
SAO PAULO,SOROCABA,18520,1,A_Frota_por_UF_Municipio_CEP_Julho_2026.xlsx
SAO PAULO,SOROCABA,18550,1,A_Frota_por_UF_Municipio_CEP_Julho_2026.xlsx
SAO PAULO,SOROCABA,18560,1,A_Frota_por_UF_Municipio_CEP_Julho_2026.xlsx
SAO PAULO,SOROCABA,18740,1,A_Frota_por_UF_Municipio_CEP_Julho_2026.xlsx
SAO PAULO,SOROCABA,19040,1,A_Frota_por_UF_Municipio_CEP_Julho_2026.xlsx
SAO PAULO,SOROCABA,19090,1,A_Frota_por_UF_Municipio_CEP_Julho_2026.xlsx
SAO PAULO,SOROCABA,Sem I,66701,A_Frota_por_UF_Municipio_CEP_Julho_2026.xlsx
SAO PAULO,SUD MENNUCCI,00000,4656,A_Frota_por_UF_Municipio_CEP_Julho_2026.xlsx
SAO PAULO,SUD MENNUCCI,15360,18,A_Frota_por_UF_Municipio_CEP_Julho_2026.xlsx
SAO PAULO,SUD MENNUCCI,Sem I,460,A_Frota_por_UF_Municipio_CEP_Julho_2026.xlsx
SAO PAULO,SUMARE,_x0000__x0000__x0000__x0000_ ,9,A_Frota_por_UF_Municipio_CEP_Julho_2026.xlsx
SAO PAULO,SUMARE,00000,188744,A_Frota_por_UF_Municipio_CEP_Julho_2026.xlsx
SAO PAULO,SUMARE,08550,1,A_Frota_por_UF_Municipio_CEP_Julho_2026.xlsx
SAO PAULO,SUMARE,11700,2,A_Frota_por_UF_Municipio_CEP_Julho_2026.xlsx
SAO PAULO,SUMARE,11733,1,A_Frota_por_UF_Municipio_CEP_Julho_2026.xlsx
SAO PAULO,SUMARE,13024,1,A_Frota_por_UF_Municipio_CEP_Julho_2026.xlsx
SAO PAULO,SUMARE,13078,1,A_Frota_por_UF_Municipio_CEP_Julho_2026.xlsx
SAO PAULO,SUMARE,13100,2,A_Frota_por_UF_Municipio_CEP_Julho_2026.xlsx
SAO PAULO,SUMARE,13130,1,A_Frota_por_UF_Municipio_CEP_Julho_2026.xlsx
SAO PAULO,SUMARE,13131,1,A_Frota_por_UF_Municipio_CEP_Julho_2026.xlsx
SAO PAULO,SUMARE,13140,2,A_Frota_por_UF_Municipio_CEP_Julho_2026.xlsx
SAO PAULO,SUMARE,13157,1,A_Frota_por_UF_Municipio_CEP_Julho_2026.xlsx
SAO PAULO,SUMARE,13170,410,A_Frota_por_UF_Municipio_CEP_Julho_2026.xlsx
SAO PAULO,SUMARE,13171,197,A_Frota_por_UF_Municipio_CEP_Julho_2026.xlsx
SAO PAULO,SUMARE,13172,153,A_Frota_por_UF_Municipio_CEP_Julho_2026.xlsx
SAO PAULO,SUMARE,13173,128,A_Frota_por_UF_Municipio_CEP_Julho_2026.xlsx
SAO PAULO,SUMARE,13174,160,A_Frota_por_UF_Municipio_CEP_Julho_2026.xlsx
SAO PAULO,SUMARE,13175,174,A_Frota_por_UF_Municipio_CEP_Julho_2026.xlsx
SAO PAULO,SUMARE,13176,40,A_Frota_por_UF_Municipio_CEP_Julho_2026.xlsx
SAO PAULO,SUMARE,13177,133,A_Frota_por_UF_Municipio_CEP_Julho_2026.xlsx
SAO PAULO,SUMARE,13178,300,A_Frota_por_UF_Municipio_CEP_Julho_2026.xlsx
SAO PAULO,SUMARE,13179,194,A_Frota_por_UF_Municipio_CEP_Julho_2026.xlsx
SAO PAULO,SUMARE,13180,214,A_Frota_por_UF_Municipio_CEP_Julho_2026.xlsx
SAO PAULO,SUMARE,13181,411,A_Frota_por_UF_Municipio_CEP_Julho_2026.xlsx
SAO PAULO,SUMARE,13184,1,A_Frota_por_UF_Municipio_CEP_Julho_2026.xlsx
SAO PAULO,SUMARE,13190,3,A_Frota_por_UF_Municipio_CEP_Julho_2026.xlsx
SAO PAULO,SUMARE,13670,1,A_Frota_por_UF_Municipio_CEP_Julho_2026.xlsx
SAO PAULO,SUMARE,13717,1,A_Frota_por_UF_Municipio_CEP_Julho_2026.xlsx
SAO PAULO,SUMARE,17177,1,A_Frota_por_UF_Municipio_CEP_Julho_2026.xlsx
SAO PAULO,SUMARE,Sem I,27629,A_Frota_por_UF_Municipio_CEP_Julho_2026.xlsx
SAO PAULO,SUZANAPOLIS,00000,2677,A_Frota_por_UF_Municipio_CEP_Julho_2026.xlsx
SAO PAULO,SUZANAPOLIS,15380,23,A_Frota_por_UF_Municipio_CEP_Julho_2026.xlsx
SAO PAULO,SUZANAPOLIS,Sem I,183,A_Frota_por_UF_Municipio_CEP_Julho_2026.xlsx
SAO PAULO,SUZANO,_x0000__x0000__x0000__x0000_ ,18,A_Frota_por_UF_Municipio_CEP_Julho_2026.xlsx
SAO PAULO,SUZANO,00000,161530,A_Frota_por_UF_Municipio_CEP_Julho_2026.xlsx
SAO PAULO,SUZANO,08516,1,A_Frota_por_UF_Municipio_CEP_Julho_2026.xlsx
SAO PAULO,SUZANO,08550,1,A_Frota_por_UF_Municipio_CEP_Julho_2026.xlsx
SAO PAULO,SUZANO,08577,1,A_Frota_por_UF_Municipio_CEP_Julho_2026.xlsx
SAO PAULO,SUZANO,08600,62,A_Frota_por_UF_Municipio_CEP_Julho_2026.xlsx
SAO PAULO,SUZANO,08610,77,A_Frota_por_UF_Municipio_CEP_Julho_2026.xlsx
SAO PAULO,SUZANO,08613,66,A_Frota_por_UF_Municipio_CEP_Julho_2026.xlsx
SAO PAULO,SUZANO,08615,77,A_Frota_por_UF_Municipio_CEP_Julho_2026.xlsx
SAO PAULO,SUZANO,08616,64,A_Frota_por_UF_Municipio_CEP_Julho_2026.xlsx
SAO PAULO,SUZANO,08620,26,A_Frota_por_UF_Municipio_CEP_Julho_2026.xlsx
SAO PAULO,SUZANO,08621,1,A_Frota_por_UF_Municipio_CEP_Julho_2026.xlsx
SAO PAULO,SUZANO,08625,23,A_Frota_por_UF_Municipio_CEP_Julho_2026.xlsx
SAO PAULO,SUZANO,08630,25,A_Frota_por_UF_Municipio_CEP_Julho_2026.xlsx
SAO PAULO,SUZANO,08633,11,A_Frota_por_UF_Municipio_CEP_Julho_2026.xlsx
SAO PAULO,SUZANO,08635,11,A_Frota_por_UF_Municipio_CEP_Julho_2026.xlsx
SAO PAULO,SUZANO,08640,34,A_Frota_por_UF_Municipio_CEP_Julho_2026.xlsx
SAO PAULO,SUZANO,08645,1,A_Frota_por_UF_Municipio_CEP_Julho_2026.xlsx
SAO PAULO,SUZANO,08650,8,A_Frota_por_UF_Municipio_CEP_Julho_2026.xlsx
SAO PAULO,SUZANO,08653,4,A_Frota_por_UF_Municipio_CEP_Julho_2026.xlsx
SAO PAULO,SUZANO,08655,43,A_Frota_por_UF_Municipio_CEP_Julho_2026.xlsx
SAO PAULO,SUZANO,08656,1,A_Frota_por_UF_Municipio_CEP_Julho_2026.xlsx
SAO PAULO,SUZANO,08660,19,A_Frota_por_UF_Municipio_CEP_Julho_2026.xlsx
SAO PAULO,SUZANO,08663,49,A_Frota_por_UF_Municipio_CEP_Julho_2026.xlsx
SAO PAULO,SUZANO,08664,58,A_Frota_por_UF_Municipio_CEP_Julho_2026.xlsx
SAO PAULO,SUZANO,08665,84,A_Frota_por_UF_Municipio_CEP_Julho_2026.xlsx
SAO PAULO,SUZANO,08666,7,A_Frota_por_UF_Municipio_CEP_Julho_2026.xlsx
SAO PAULO,SUZANO,08670,58,A_Frota_por_UF_Municipio_CEP_Julho_2026.xlsx
SAO PAULO,SUZANO,08671,8,A_Frota_por_UF_Municipio_CEP_Julho_2026.xlsx
SAO PAULO,SUZANO,08673,111,A_Frota_por_UF_Municipio_CEP_Julho_2026.xlsx
SAO PAULO,SUZANO,08674,101,A_Frota_por_UF_Municipio_CEP_Julho_2026.xlsx
SAO PAULO,SUZANO,08675,60,A_Frota_por_UF_Municipio_CEP_Julho_2026.xlsx
SAO PAULO,SUZANO,08676,59,A_Frota_por_UF_Municipio_CEP_Julho_2026.xlsx
SAO PAULO,SUZANO,08680,28,A_Frota_por_UF_Municipio_CEP_Julho_2026.xlsx
SAO PAULO,SUZANO,08683,49,A_Frota_por_UF_Municipio_CEP_Julho_2026.xlsx
SAO PAULO,SUZANO,08685,30,A_Frota_por_UF_Municipio_CEP_Julho_2026.xlsx
SAO PAULO,SUZANO,08686,22,A_Frota_por_UF_Municipio_CEP_Julho_2026.xlsx
SAO PAULO,SUZANO,08690,98,A_Frota_por_UF_Municipio_CEP_Julho_2026.xlsx
SAO PAULO,SUZANO,08692,13,A_Frota_por_UF_Municipio_CEP_Julho_2026.xlsx
SAO PAULO,SUZANO,08693,78,A_Frota_por_UF_Municipio_CEP_Julho_2026.xlsx
SAO PAULO,SUZANO,08694,77,A_Frota_por_UF_Municipio_CEP_Julho_2026.xlsx
SAO PAULO,SUZANO,08695,54,A_Frota_por_UF_Municipio_CEP_Julho_2026.xlsx
SAO PAULO,SUZANO,08696,58,A_Frota_por_UF_Municipio_CEP_Julho_2026.xlsx
SAO PAULO,SUZANO,08700,2,A_Frota_por_UF_Municipio_CEP_Julho_2026.xlsx
SAO PAULO,SUZANO,08762,1,A_Frota_por_UF_Municipio_CEP_Julho_2026.xlsx
SAO PAULO,SUZANO,08965,1,A_Frota_por_UF_Municipio_CEP_Julho_2026.xlsx
SAO PAULO,SUZANO,Sem I,21177,A_Frota_por_UF_Municipio_CEP_Julho_2026.xlsx
SAO PAULO,TABAPUA,00000,8968,A_Frota_por_UF_Municipio_CEP_Julho_2026.xlsx
SAO PAULO,TABAPUA,14830,1,A_Frota_por_UF_Municipio_CEP_Julho_2026.xlsx
SAO PAULO,TABAPUA,15870,1,A_Frota_por_UF_Municipio_CEP_Julho_2026.xlsx
SAO PAULO,TABAPUA,15880,17,A_Frota_por_UF_Municipio_CEP_Julho_2026.xlsx
SAO PAULO,TABAPUA,Sem I,984,A_Frota_por_UF_Municipio_CEP_Julho_2026.xlsx
SAO PAULO,TABATINGA,00000,11347,A_Frota_por_UF_Municipio_CEP_Julho_2026.xlsx
SAO PAULO,TABATINGA,14910,17,A_Frota_por_UF_Municipio_CEP_Julho_2026.xlsx
SAO PAULO,TABATINGA,14915,4,A_Frota_por_UF_Municipio_CEP_Julho_2026.xlsx
SAO PAULO,TABATINGA,Sem I,1266,A_Frota_por_UF_Municipio_CEP_Julho_2026.xlsx
SAO PAULO,TABOAO DA SERRA,_x0000__x0000__x0000__x0000_ ,4,A_Frota_por_UF_Municipio_CEP_Julho_2026.xlsx
SAO PAULO,TABOAO DA SERRA,00000,146429,A_Frota_por_UF_Municipio_CEP_Julho_2026.xlsx
SAO PAULO,TABOAO DA SERRA,05587,1,A_Frota_por_UF_Municipio_CEP_Julho_2026.xlsx
SAO PAULO,TABOAO DA SERRA,05752,1,A_Frota_por_UF_Municipio_CEP_Julho_2026.xlsx
SAO PAULO,TABOAO DA SERRA,05783,1,A_Frota_por_UF_Municipio_CEP_Julho_2026.xlsx
SAO PAULO,TABOAO DA SERRA,05887,1,A_Frota_por_UF_Municipio_CEP_Julho_2026.xlsx
SAO PAULO,TABOAO DA SERRA,06445,1,A_Frota_por_UF_Municipio_CEP_Julho_2026.xlsx
SAO PAULO,TABOAO DA SERRA,06453,1,A_Frota_por_UF_Municipio_CEP_Julho_2026.xlsx
SAO PAULO,TABOAO DA SERRA,06700,1,A_Frota_por_UF_Municipio_CEP_Julho_2026.xlsx
SAO PAULO,TABOAO DA SERRA,06750,26,A_Frota_por_UF_Municipio_CEP_Julho_2026.xlsx
SAO PAULO,TABOAO DA SERRA,06753,94,A_Frota_por_UF_Municipio_CEP_Julho_2026.xlsx
SAO PAULO,TABOAO DA SERRA,06754,56,A_Frota_por_UF_Municipio_CEP_Julho_2026.xlsx
SAO PAULO,TABOAO DA SERRA,06755,86,A_Frota_por_UF_Municipio_CEP_Julho_2026.xlsx
SAO PAULO,TABOAO DA SERRA,06756,55,A_Frota_por_UF_Municipio_CEP_Julho_2026.xlsx
SAO PAULO,TABOAO DA SERRA,06757,53,A_Frota_por_UF_Municipio_CEP_Julho_2026.xlsx
SAO PAULO,TABOAO DA SERRA,06759,2,A_Frota_por_UF_Municipio_CEP_Julho_2026.xlsx
SAO PAULO,TABOAO DA SERRA,06760,8,A_Frota_por_UF_Municipio_CEP_Julho_2026.xlsx
SAO PAULO,TABOAO DA SERRA,06763,104,A_Frota_por_UF_Municipio_CEP_Julho_2026.xlsx
SAO PAULO,TABOAO DA SERRA,06764,79,A_Frota_por_UF_Municipio_CEP_Julho_2026.xlsx
SAO PAULO,TABOAO DA SERRA,06765,108,A_Frota_por_UF_Municipio_CEP_Julho_2026.xlsx
SAO PAULO,TABOAO DA SERRA,06766,118,A_Frota_por_UF_Municipio_CEP_Julho_2026.xlsx
SAO PAULO,TABOAO DA SERRA,06767,161,A_Frota_por_UF_Municipio_CEP_Julho_2026.xlsx
SAO PAULO,TABOAO DA SERRA,06768,15,A_Frota_por_UF_Municipio_CEP_Julho_2026.xlsx
SAO PAULO,TABOAO DA SERRA,06769,1,A_Frota_por_UF_Municipio_CEP_Julho_2026.xlsx
SAO PAULO,TABOAO DA SERRA,06770,71,A_Frota_por_UF_Municipio_CEP_Julho_2026.xlsx
SAO PAULO,TABOAO DA SERRA,06773,66,A_Frota_por_UF_Municipio_CEP_Julho_2026.xlsx
SAO PAULO,TABOAO DA SERRA,06774,42,A_Frota_por_UF_Municipio_CEP_Julho_2026.xlsx
SAO PAULO,TABOAO DA SERRA,06775,82,A_Frota_por_UF_Municipio_CEP_Julho_2026.xlsx
SAO PAULO,TABOAO DA SERRA,06780,37,A_Frota_por_UF_Municipio_CEP_Julho_2026.xlsx
SAO PAULO,TABOAO DA SERRA,06783,84,A_Frota_por_UF_Municipio_CEP_Julho_2026.xlsx
SAO PAULO,TABOAO DA SERRA,06784,44,A_Frota_por_UF_Municipio_CEP_Julho_2026.xlsx
SAO PAULO,TABOAO DA SERRA,06785,171,A_Frota_por_UF_Municipio_CEP_Julho_2026.xlsx
SAO PAULO,TABOAO DA SERRA,06786,88,A_Frota_por_UF_Municipio_CEP_Julho_2026.xlsx
SAO PAULO,TABOAO DA SERRA,06787,80,A_Frota_por_UF_Municipio_CEP_Julho_2026.xlsx
SAO PAULO,TABOAO DA SERRA,06790,42,A_Frota_por_UF_Municipio_CEP_Julho_2026.xlsx
SAO PAULO,TABOAO DA SERRA,06793,6,A_Frota_por_UF_Municipio_CEP_Julho_2026.xlsx
SAO PAULO,TABOAO DA SERRA,06794,2,A_Frota_por_UF_Municipio_CEP_Julho_2026.xlsx
SAO PAULO,TABOAO DA SERRA,06795,9,A_Frota_por_UF_Municipio_CEP_Julho_2026.xlsx
SAO PAULO,TABOAO DA SERRA,06900,1,A_Frota_por_UF_Municipio_CEP_Julho_2026.xlsx
SAO PAULO,TABOAO DA SERRA,Sem I,18580,A_Frota_por_UF_Municipio_CEP_Julho_2026.xlsx
SAO PAULO,TACIBA,00000,3633,A_Frota_por_UF_Municipio_CEP_Julho_2026.xlsx
SAO PAULO,TACIBA,19590,15,A_Frota_por_UF_Municipio_CEP_Julho_2026.xlsx
SAO PAULO,TACIBA,Sem I,343,A_Frota_por_UF_Municipio_CEP_Julho_2026.xlsx
SAO PAULO,TAGUAI,00000,6953,A_Frota_por_UF_Municipio_CEP_Julho_2026.xlsx
SAO PAULO,TAGUAI,18890,16,A_Frota_por_UF_Municipio_CEP_Julho_2026.xlsx
SAO PAULO,TAGUAI,Sem I,417,A_Frota_por_UF_Municipio_CEP_Julho_2026.xlsx
SAO PAULO,TAIACU,00000,3445,A_Frota_por_UF_Municipio_CEP_Julho_2026.xlsx
SAO PAULO,TAIACU,14725,7,A_Frota_por_UF_Municipio_CEP_Julho_2026.xlsx
SAO PAULO,TAIACU,Sem I,505,A_Frota_por_UF_Municipio_CEP_Julho_2026.xlsx
SAO PAULO,TAIUVA,00000,3841,A_Frota_por_UF_Municipio_CEP_Julho_2026.xlsx
SAO PAULO,TAIUVA,14720,11,A_Frota_por_UF_Municipio_CEP_Julho_2026.xlsx
SAO PAULO,TAIUVA,Sem I,408,A_Frota_por_UF_Municipio_CEP_Julho_2026.xlsx
SAO PAULO,TAMBAU,00000,16301,A_Frota_por_UF_Municipio_CEP_Julho_2026.xlsx
SAO PAULO,TAMBAU,13710,52,A_Frota_por_UF_Municipio_CEP_Julho_2026.xlsx
SAO PAULO,TAMBAU,Sem I,2261,A_Frota_por_UF_Municipio_CEP_Julho_2026.xlsx
SAO PAULO,TANABI,00000,19368,A_Frota_por_UF_Municipio_CEP_Julho_2026.xlsx
SAO PAULO,TANABI,15170,56,A_Frota_por_UF_Municipio_CEP_Julho_2026.xlsx
SAO PAULO,TANABI,Sem I,2481,A_Frota_por_UF_Municipio_CEP_Julho_2026.xlsx
SAO PAULO,TAPIRAI,00000,4162,A_Frota_por_UF_Municipio_CEP_Julho_2026.xlsx
SAO PAULO,TAPIRAI,18180,17,A_Frota_por_UF_Municipio_CEP_Julho_2026.xlsx
SAO PAULO,TAPIRAI,Sem I,738,A_Frota_por_UF_Municipio_CEP_Julho_2026.xlsx
SAO PAULO,TAPIRATIBA,00000,7554,A_Frota_por_UF_Municipio_CEP_Julho_2026.xlsx
SAO PAULO,TAPIRATIBA,13760,20,A_Frota_por_UF_Municipio_CEP_Julho_2026.xlsx
SAO PAULO,TAPIRATIBA,Sem I,804,A_Frota_por_UF_Municipio_CEP_Julho_2026.xlsx
SAO PAULO,TAQUARAL,00000,1510,A_Frota_por_UF_Municipio_CEP_Julho_2026.xlsx
SAO PAULO,TAQUARAL,14765,5,A_Frota_por_UF_Municipio_CEP_Julho_2026.xlsx
SAO PAULO,TAQUARAL,Sem I,125,A_Frota_por_UF_Municipio_CEP_Julho_2026.xlsx
SAO PAULO,TAQUARITINGA,00000,41363,A_Frota_por_UF_Municipio_CEP_Julho_2026.xlsx
SAO PAULO,TAQUARITINGA,06455,1,A_Frota_por_UF_Municipio_CEP_Julho_2026.xlsx
SAO PAULO,TAQUARITINGA,15900,173,A_Frota_por_UF_Municipio_CEP_Julho_2026.xlsx
SAO PAULO,TAQUARITINGA,15901,5,A_Frota_por_UF_Municipio_CEP_Julho_2026.xlsx
SAO PAULO,TAQUARITINGA,Sem I,5645,A_Frota_por_UF_Municipio_CEP_Julho_2026.xlsx
SAO PAULO,TAQUARITUBA,_x0000__x0000__x0000__x0000_ ,1,A_Frota_por_UF_Municipio_CEP_Julho_2026.xlsx
SAO PAULO,TAQUARITUBA,00000,17251,A_Frota_por_UF_Municipio_CEP_Julho_2026.xlsx
SAO PAULO,TAQUARITUBA,18740,90,A_Frota_por_UF_Municipio_CEP_Julho_2026.xlsx
SAO PAULO,TAQUARITUBA,18800,2,A_Frota_por_UF_Municipio_CEP_Julho_2026.xlsx
SAO PAULO,TAQUARITUBA,Sem I,1779,A_Frota_por_UF_Municipio_CEP_Julho_2026.xlsx
SAO PAULO,TAQUARIVAI,00000,3150,A_Frota_por_UF_Municipio_CEP_Julho_2026.xlsx
SAO PAULO,TAQUARIVAI,18425,2,A_Frota_por_UF_Municipio_CEP_Julho_2026.xlsx
SAO PAULO,TAQUARIVAI,Sem I,196,A_Frota_por_UF_Municipio_CEP_Julho_2026.xlsx
SAO PAULO,TARABAI,00000,3969,A_Frota_por_UF_Municipio_CEP_Julho_2026.xlsx
SAO PAULO,TARABAI,12100,1,A_Frota_por_UF_Municipio_CEP_Julho_2026.xlsx
SAO PAULO,TARABAI,19210,14,A_Frota_por_UF_Municipio_CEP_Julho_2026.xlsx
SAO PAULO,TARABAI,Sem I,495,A_Frota_por_UF_Municipio_CEP_Julho_2026.xlsx
SAO PAULO,TARUMA,00000,9657,A_Frota_por_UF_Municipio_CEP_Julho_2026.xlsx
SAO PAULO,TARUMA,19820,33,A_Frota_por_UF_Municipio_CEP_Julho_2026.xlsx
SAO PAULO,TARUMA,Sem I,875,A_Frota_por_UF_Municipio_CEP_Julho_2026.xlsx
SAO PAULO,TATUI,_x0000__x0000__x0000__x0000_ ,5,A_Frota_por_UF_Municipio_CEP_Julho_2026.xlsx
SAO PAULO,TATUI,00000,93269,A_Frota_por_UF_Municipio_CEP_Julho_2026.xlsx
SAO PAULO,TATUI,18178,1,A_Frota_por_UF_Municipio_CEP_Julho_2026.xlsx
SAO PAULO,TATUI,18270,151,A_Frota_por_UF_Municipio_CEP_Julho_2026.xlsx
SAO PAULO,TATUI,18271,81,A_Frota_por_UF_Municipio_CEP_Julho_2026.xlsx
SAO PAULO,TATUI,18272,21,A_Frota_por_UF_Municipio_CEP_Julho_2026.xlsx
SAO PAULO,TATUI,18273,43,A_Frota_por_UF_Municipio_CEP_Julho_2026.xlsx
SAO PAULO,TATUI,18274,39,A_Frota_por_UF_Municipio_CEP_Julho_2026.xlsx
SAO PAULO,TATUI,18275,88,A_Frota_por_UF_Municipio_CEP_Julho_2026.xlsx
SAO PAULO,TATUI,18276,67,A_Frota_por_UF_Municipio_CEP_Julho_2026.xlsx
SAO PAULO,TATUI,18277,86,A_Frota_por_UF_Municipio_CEP_Julho_2026.xlsx
SAO PAULO,TATUI,18278,60,A_Frota_por_UF_Municipio_CEP_Julho_2026.xlsx
SAO PAULO,TATUI,18279,46,A_Frota_por_UF_Municipio_CEP_Julho_2026.xlsx
SAO PAULO,TATUI,18280,39,A_Frota_por_UF_Municipio_CEP_Julho_2026.xlsx
SAO PAULO,TATUI,18285,1,A_Frota_por_UF_Municipio_CEP_Julho_2026.xlsx
SAO PAULO,TATUI,18288,1,A_Frota_por_UF_Municipio_CEP_Julho_2026.xlsx
SAO PAULO,TATUI,18376,1,A_Frota_por_UF_Municipio_CEP_Julho_2026.xlsx
SAO PAULO,TATUI,Sem I,12911,A_Frota_por_UF_Municipio_CEP_Julho_2026.xlsx
SAO PAULO,TAUBATE,_x0000__x0000__x0000__x0000_ ,5,A_Frota_por_UF_Municipio_CEP_Julho_2026.xlsx
SAO PAULO,TAUBATE,00000,215546,A_Frota_por_UF_Municipio_CEP_Julho_2026.xlsx
SAO PAULO,TAUBATE,10090,1,A_Frota_por_UF_Municipio_CEP_Julho_2026.xlsx
SAO PAULO,TAUBATE,12000,10,A_Frota_por_UF_Municipio_CEP_Julho_2026.xlsx
SAO PAULO,TAUBATE,12010,86,A_Frota_por_UF_Municipio_CEP_Julho_2026.xlsx
SAO PAULO,TAUBATE,12020,45,A_Frota_por_UF_Municipio_CEP_Julho_2026.xlsx
SAO PAULO,TAUBATE,12030,84,A_Frota_por_UF_Municipio_CEP_Julho_2026.xlsx
SAO PAULO,TAUBATE,12031,66,A_Frota_por_UF_Municipio_CEP_Julho_2026.xlsx
SAO PAULO,TAUBATE,12032,14,A_Frota_por_UF_Municipio_CEP_Julho_2026.xlsx
SAO PAULO,TAUBATE,12040,65,A_Frota_por_UF_Municipio_CEP_Julho_2026.xlsx
SAO PAULO,TAUBATE,12041,1,A_Frota_por_UF_Municipio_CEP_Julho_2026.xlsx
SAO PAULO,TAUBATE,12042,13,A_Frota_por_UF_Municipio_CEP_Julho_2026.xlsx
SAO PAULO,TAUBATE,12043,68,A_Frota_por_UF_Municipio_CEP_Julho_2026.xlsx
SAO PAULO,TAUBATE,12045,7,A_Frota_por_UF_Municipio_CEP_Julho_2026.xlsx
SAO PAULO,TAUBATE,12050,60,A_Frota_por_UF_Municipio_CEP_Julho_2026.xlsx
SAO PAULO,TAUBATE,12051,45,A_Frota_por_UF_Municipio_CEP_Julho_2026.xlsx
SAO PAULO,TAUBATE,12052,41,A_Frota_por_UF_Municipio_CEP_Julho_2026.xlsx
SAO PAULO,TAUBATE,12053,40,A_Frota_por_UF_Municipio_CEP_Julho_2026.xlsx
SAO PAULO,TAUBATE,12060,50,A_Frota_por_UF_Municipio_CEP_Julho_2026.xlsx
SAO PAULO,TAUBATE,12061,72,A_Frota_por_UF_Municipio_CEP_Julho_2026.xlsx
SAO PAULO,TAUBATE,12062,48,A_Frota_por_UF_Municipio_CEP_Julho_2026.xlsx
SAO PAULO,TAUBATE,12070,70,A_Frota_por_UF_Municipio_CEP_Julho_2026.xlsx
SAO PAULO,TAUBATE,12071,75,A_Frota_por_UF_Municipio_CEP_Julho_2026.xlsx
SAO PAULO,TAUBATE,12072,18,A_Frota_por_UF_Municipio_CEP_Julho_2026.xlsx
SAO PAULO,TAUBATE,12075,1,A_Frota_por_UF_Municipio_CEP_Julho_2026.xlsx
SAO PAULO,TAUBATE,12080,53,A_Frota_por_UF_Municipio_CEP_Julho_2026.xlsx
SAO PAULO,TAUBATE,12081,55,A_Frota_por_UF_Municipio_CEP_Julho_2026.xlsx
SAO PAULO,TAUBATE,12082,35,A_Frota_por_UF_Municipio_CEP_Julho_2026.xlsx
SAO PAULO,TAUBATE,12085,16,A_Frota_por_UF_Municipio_CEP_Julho_2026.xlsx
SAO PAULO,TAUBATE,12086,5,A_Frota_por_UF_Municipio_CEP_Julho_2026.xlsx
SAO PAULO,TAUBATE,12090,41,A_Frota_por_UF_Municipio_CEP_Julho_2026.xlsx
SAO PAULO,TAUBATE,12091,68,A_Frota_por_UF_Municipio_CEP_Julho_2026.xlsx
SAO PAULO,TAUBATE,12092,37,A_Frota_por_UF_Municipio_CEP_Julho_2026.xlsx
SAO PAULO,TAUBATE,12093,1,A_Frota_por_UF_Municipio_CEP_Julho_2026.xlsx
SAO PAULO,TAUBATE,12095,6,A_Frota_por_UF_Municipio_CEP_Julho_2026.xlsx
SAO PAULO,TAUBATE,12100,36,A_Frota_por_UF_Municipio_CEP_Julho_2026.xlsx
SAO PAULO,TAUBATE,12120,3,A_Frota_por_UF_Municipio_CEP_Julho_2026.xlsx
SAO PAULO,TAUBATE,12601,1,A_Frota_por_UF_Municipio_CEP_Julho_2026.xlsx
SAO PAULO,TAUBATE,12900,1,A_Frota_por_UF_Municipio_CEP_Julho_2026.xlsx
SAO PAULO,TAUBATE,Sem I,32538,A_Frota_por_UF_Municipio_CEP_Julho_2026.xlsx
SAO PAULO,TEJUPA,00000,1852,A_Frota_por_UF_Municipio_CEP_Julho_2026.xlsx
SAO PAULO,TEJUPA,18830,3,A_Frota_por_UF_Municipio_CEP_Julho_2026.xlsx
SAO PAULO,TEJUPA,Sem I,193,A_Frota_por_UF_Municipio_CEP_Julho_2026.xlsx
SAO PAULO,TEODORO SAMPAIO,00000,15508,A_Frota_por_UF_Municipio_CEP_Julho_2026.xlsx
SAO PAULO,TEODORO SAMPAIO,19280,45,A_Frota_por_UF_Municipio_CEP_Julho_2026.xlsx
SAO PAULO,TEODORO SAMPAIO,Sem I,1268,A_Frota_por_UF_Municipio_CEP_Julho_2026.xlsx
SAO PAULO,TERRA ROXA,00000,5251,A_Frota_por_UF_Municipio_CEP_Julho_2026.xlsx
SAO PAULO,TERRA ROXA,14745,12,A_Frota_por_UF_Municipio_CEP_Julho_2026.xlsx
SAO PAULO,TERRA ROXA,Sem I,655,A_Frota_por_UF_Municipio_CEP_Julho_2026.xlsx
SAO PAULO,TIETE,00000,28414,A_Frota_por_UF_Municipio_CEP_Julho_2026.xlsx
SAO PAULO,TIETE,08550,1,A_Frota_por_UF_Municipio_CEP_Julho_2026.xlsx
SAO PAULO,TIETE,18530,178,A_Frota_por_UF_Municipio_CEP_Julho_2026.xlsx
SAO PAULO,TIETE,18534,2,A_Frota_por_UF_Municipio_CEP_Julho_2026.xlsx
SAO PAULO,TIETE,Sem I,4289,A_Frota_por_UF_Municipio_CEP_Julho_2026.xlsx
SAO PAULO,TIMBURI,00000,1464,A_Frota_por_UF_Municipio_CEP_Julho_2026.xlsx
SAO PAULO,TIMBURI,18860,1,A_Frota_por_UF_Municipio_CEP_Julho_2026.xlsx
SAO PAULO,TIMBURI,Sem I,208,A_Frota_por_UF_Municipio_CEP_Julho_2026.xlsx
SAO PAULO,TORRE DE PEDRA,00000,1511,A_Frota_por_UF_Municipio_CEP_Julho_2026.xlsx
SAO PAULO,TORRE DE PEDRA,18265,6,A_Frota_por_UF_Municipio_CEP_Julho_2026.xlsx
SAO PAULO,TORRE DE PEDRA,18590,1,A_Frota_por_UF_Municipio_CEP_Julho_2026.xlsx
SAO PAULO,TORRE DE PEDRA,Sem I,282,A_Frota_por_UF_Municipio_CEP_Julho_2026.xlsx
SAO PAULO,TORRINHA,00000,8030,A_Frota_por_UF_Municipio_CEP_Julho_2026.xlsx
SAO PAULO,TORRINHA,17360,38,A_Frota_por_UF_Municipio_CEP_Julho_2026.xlsx
SAO PAULO,TORRINHA,Sem I,1054,A_Frota_por_UF_Municipio_CEP_Julho_2026.xlsx
SAO PAULO,TRABIJU,00000,1002,A_Frota_por_UF_Municipio_CEP_Julho_2026.xlsx
SAO PAULO,TRABIJU,14930,1,A_Frota_por_UF_Municipio_CEP_Julho_2026.xlsx
SAO PAULO,TRABIJU,14935,2,A_Frota_por_UF_Municipio_CEP_Julho_2026.xlsx
SAO PAULO,TRABIJU,Sem I,86,A_Frota_por_UF_Municipio_CEP_Julho_2026.xlsx
SAO PAULO,TREMEMBE,00000,25175,A_Frota_por_UF_Municipio_CEP_Julho_2026.xlsx
SAO PAULO,TREMEMBE,12120,88,A_Frota_por_UF_Municipio_CEP_Julho_2026.xlsx
SAO PAULO,TREMEMBE,Sem I,2685,A_Frota_por_UF_Municipio_CEP_Julho_2026.xlsx
SAO PAULO,TRES FRONTEIRAS,00000,4889,A_Frota_por_UF_Municipio_CEP_Julho_2026.xlsx
SAO PAULO,TRES FRONTEIRAS,15770,5,A_Frota_por_UF_Municipio_CEP_Julho_2026.xlsx
SAO PAULO,TRES FRONTEIRAS,Sem I,396,A_Frota_por_UF_Municipio_CEP_Julho_2026.xlsx
SAO PAULO,TUIUTI,00000,4555,A_Frota_por_UF_Municipio_CEP_Julho_2026.xlsx
SAO PAULO,TUIUTI,12930,10,A_Frota_por_UF_Municipio_CEP_Julho_2026.xlsx
SAO PAULO,TUIUTI,Sem I,433,A_Frota_por_UF_Municipio_CEP_Julho_2026.xlsx
SAO PAULO,TUPA,_x0000__x0000__x0000__x0000_ ,5,A_Frota_por_UF_Municipio_CEP_Julho_2026.xlsx
SAO PAULO,TUPA,00000,55845,A_Frota_por_UF_Municipio_CEP_Julho_2026.xlsx
SAO PAULO,TUPA,17600,24,A_Frota_por_UF_Municipio_CEP_Julho_2026.xlsx
SAO PAULO,TUPA,17601,18,A_Frota_por_UF_Municipio_CEP_Julho_2026.xlsx
SAO PAULO,TUPA,17602,35,A_Frota_por_UF_Municipio_CEP_Julho_2026.xlsx
SAO PAULO,TUPA,17603,17,A_Frota_por_UF_Municipio_CEP_Julho_2026.xlsx
SAO PAULO,TUPA,17604,20,A_Frota_por_UF_Municipio_CEP_Julho_2026.xlsx
SAO PAULO,TUPA,17605,12,A_Frota_por_UF_Municipio_CEP_Julho_2026.xlsx
SAO PAULO,TUPA,17606,11,A_Frota_por_UF_Municipio_CEP_Julho_2026.xlsx
SAO PAULO,TUPA,17607,8,A_Frota_por_UF_Municipio_CEP_Julho_2026.xlsx
SAO PAULO,TUPA,17625,1,A_Frota_por_UF_Municipio_CEP_Julho_2026.xlsx
SAO PAULO,TUPA,Sem I,7896,A_Frota_por_UF_Municipio_CEP_Julho_2026.xlsx
SAO PAULO,TUPI PAULISTA,00000,11030,A_Frota_por_UF_Municipio_CEP_Julho_2026.xlsx
SAO PAULO,TUPI PAULISTA,17930,23,A_Frota_por_UF_Municipio_CEP_Julho_2026.xlsx
SAO PAULO,TUPI PAULISTA,Sem I,1161,A_Frota_por_UF_Municipio_CEP_Julho_2026.xlsx
SAO PAULO,TURIUBA,00000,1272,A_Frota_por_UF_Municipio_CEP_Julho_2026.xlsx
SAO PAULO,TURIUBA,Sem I,170,A_Frota_por_UF_Municipio_CEP_Julho_2026.xlsx
SAO PAULO,TURMALINA,00000,1305,A_Frota_por_UF_Municipio_CEP_Julho_2026.xlsx
SAO PAULO,TURMALINA,15755,1,A_Frota_por_UF_Municipio_CEP_Julho_2026.xlsx
SAO PAULO,TURMALINA,Sem I,142,A_Frota_por_UF_Municipio_CEP_Julho_2026.xlsx
SAO PAULO,UBARANA,00000,3618,A_Frota_por_UF_Municipio_CEP_Julho_2026.xlsx
SAO PAULO,UBARANA,15225,9,A_Frota_por_UF_Municipio_CEP_Julho_2026.xlsx
SAO PAULO,UBARANA,Sem I,280,A_Frota_por_UF_Municipio_CEP_Julho_2026.xlsx
SAO PAULO,UBATUBA,_x0000__x0000__x0000__x0000_ ,2,A_Frota_por_UF_Municipio_CEP_Julho_2026.xlsx
SAO PAULO,UBATUBA,00000,68038,A_Frota_por_UF_Municipio_CEP_Julho_2026.xlsx
SAO PAULO,UBATUBA,11680,160,A_Frota_por_UF_Municipio_CEP_Julho_2026.xlsx
SAO PAULO,UBATUBA,11682,1,A_Frota_por_UF_Municipio_CEP_Julho_2026.xlsx
SAO PAULO,UBATUBA,Sem I,6066,A_Frota_por_UF_Municipio_CEP_Julho_2026.xlsx
SAO PAULO,UBIRAJARA,_x0000__x0000__x0000__x0000_ ,1,A_Frota_por_UF_Municipio_CEP_Julho_2026.xlsx
SAO PAULO,UBIRAJARA,00000,3264,A_Frota_por_UF_Municipio_CEP_Julho_2026.xlsx
SAO PAULO,UBIRAJARA,17440,9,A_Frota_por_UF_Municipio_CEP_Julho_2026.xlsx
SAO PAULO,UBIRAJARA,Sem I,259,A_Frota_por_UF_Municipio_CEP_Julho_2026.xlsx
SAO PAULO,UCHOA,00000,7119,A_Frota_por_UF_Municipio_CEP_Julho_2026.xlsx
SAO PAULO,UCHOA,15890,11,A_Frota_por_UF_Municipio_CEP_Julho_2026.xlsx
SAO PAULO,UCHOA,Sem I,841,A_Frota_por_UF_Municipio_CEP_Julho_2026.xlsx
SAO PAULO,UNIAO PAULISTA,00000,1109,A_Frota_por_UF_Municipio_CEP_Julho_2026.xlsx
SAO PAULO,UNIAO PAULISTA,15250,4,A_Frota_por_UF_Municipio_CEP_Julho_2026.xlsx
SAO PAULO,UNIAO PAULISTA,Sem I,174,A_Frota_por_UF_Municipio_CEP_Julho_2026.xlsx
SAO PAULO,URANIA,00000,7544,A_Frota_por_UF_Municipio_CEP_Julho_2026.xlsx
SAO PAULO,URANIA,15760,14,A_Frota_por_UF_Municipio_CEP_Julho_2026.xlsx
SAO PAULO,URANIA,Sem I,877,A_Frota_por_UF_Municipio_CEP_Julho_2026.xlsx
SAO PAULO,URU,00000,846,A_Frota_por_UF_Municipio_CEP_Julho_2026.xlsx
SAO PAULO,URU,16650,4,A_Frota_por_UF_Municipio_CEP_Julho_2026.xlsx
SAO PAULO,URU,Sem I,110,A_Frota_por_UF_Municipio_CEP_Julho_2026.xlsx
SAO PAULO,URUPES,00000,11821,A_Frota_por_UF_Municipio_CEP_Julho_2026.xlsx
SAO PAULO,URUPES,15850,20,A_Frota_por_UF_Municipio_CEP_Julho_2026.xlsx
SAO PAULO,URUPES,Sem I,1285,A_Frota_por_UF_Municipio_CEP_Julho_2026.xlsx
SAO PAULO,VALENTIM GENTIL,00000,11495,A_Frota_por_UF_Municipio_CEP_Julho_2026.xlsx
SAO PAULO,VALENTIM GENTIL,15520,17,A_Frota_por_UF_Municipio_CEP_Julho_2026.xlsx
SAO PAULO,VALENTIM GENTIL,Sem I,883,A_Frota_por_UF_Municipio_CEP_Julho_2026.xlsx
SAO PAULO,VALINHOS,_x0000__x0000__x0000__x0000_ ,2,A_Frota_por_UF_Municipio_CEP_Julho_2026.xlsx
SAO PAULO,VALINHOS,00000,105260,A_Frota_por_UF_Municipio_CEP_Julho_2026.xlsx
SAO PAULO,VALINHOS,04675,1,A_Frota_por_UF_Municipio_CEP_Julho_2026.xlsx
SAO PAULO,VALINHOS,06454,1,A_Frota_por_UF_Municipio_CEP_Julho_2026.xlsx
SAO PAULO,VALINHOS,13027,1,A_Frota_por_UF_Municipio_CEP_Julho_2026.xlsx
SAO PAULO,VALINHOS,13042,1,A_Frota_por_UF_Municipio_CEP_Julho_2026.xlsx
SAO PAULO,VALINHOS,13045,1,A_Frota_por_UF_Municipio_CEP_Julho_2026.xlsx
SAO PAULO,VALINHOS,13068,1,A_Frota_por_UF_Municipio_CEP_Julho_2026.xlsx
SAO PAULO,VALINHOS,13150,1,A_Frota_por_UF_Municipio_CEP_Julho_2026.xlsx
SAO PAULO,VALINHOS,13247,1,A_Frota_por_UF_Municipio_CEP_Julho_2026.xlsx
SAO PAULO,VALINHOS,13270,346,A_Frota_por_UF_Municipio_CEP_Julho_2026.xlsx
SAO PAULO,VALINHOS,13271,135,A_Frota_por_UF_Municipio_CEP_Julho_2026.xlsx
SAO PAULO,VALINHOS,13272,340,A_Frota_por_UF_Municipio_CEP_Julho_2026.xlsx
SAO PAULO,VALINHOS,13273,257,A_Frota_por_UF_Municipio_CEP_Julho_2026.xlsx
SAO PAULO,VALINHOS,13274,166,A_Frota_por_UF_Municipio_CEP_Julho_2026.xlsx
SAO PAULO,VALINHOS,13275,179,A_Frota_por_UF_Municipio_CEP_Julho_2026.xlsx
SAO PAULO,VALINHOS,13276,127,A_Frota_por_UF_Municipio_CEP_Julho_2026.xlsx
SAO PAULO,VALINHOS,13277,143,A_Frota_por_UF_Municipio_CEP_Julho_2026.xlsx
SAO PAULO,VALINHOS,13278,86,A_Frota_por_UF_Municipio_CEP_Julho_2026.xlsx
SAO PAULO,VALINHOS,13279,59,A_Frota_por_UF_Municipio_CEP_Julho_2026.xlsx
SAO PAULO,VALINHOS,Sem I,14795,A_Frota_por_UF_Municipio_CEP_Julho_2026.xlsx
SAO PAULO,VALPARAISO,00000,13640,A_Frota_por_UF_Municipio_CEP_Julho_2026.xlsx
SAO PAULO,VALPARAISO,16790,1,A_Frota_por_UF_Municipio_CEP_Julho_2026.xlsx
SAO PAULO,VALPARAISO,16880,51,A_Frota_por_UF_Municipio_CEP_Julho_2026.xlsx
SAO PAULO,VALPARAISO,Sem I,1444,A_Frota_por_UF_Municipio_CEP_Julho_2026.xlsx
SAO PAULO,VARGEM,00000,10019,A_Frota_por_UF_Municipio_CEP_Julho_2026.xlsx
SAO PAULO,VARGEM,12935,26,A_Frota_por_UF_Municipio_CEP_Julho_2026.xlsx
SAO PAULO,VARGEM,Sem I,683,A_Frota_por_UF_Municipio_CEP_Julho_2026.xlsx
SAO PAULO,VARGEM GRANDE DO SUL,00000,30532,A_Frota_por_UF_Municipio_CEP_Julho_2026.xlsx
SAO PAULO,VARGEM GRANDE DO SUL,13800,1,A_Frota_por_UF_Municipio_CEP_Julho_2026.xlsx
SAO PAULO,VARGEM GRANDE DO SUL,13880,139,A_Frota_por_UF_Municipio_CEP_Julho_2026.xlsx
SAO PAULO,VARGEM GRANDE DO SUL,Sem I,3801,A_Frota_por_UF_Municipio_CEP_Julho_2026.xlsx
SAO PAULO,VARGEM GRANDE PAULISTA,00000,37679,A_Frota_por_UF_Municipio_CEP_Julho_2026.xlsx
SAO PAULO,VARGEM GRANDE PAULISTA,06730,264,A_Frota_por_UF_Municipio_CEP_Julho_2026.xlsx
SAO PAULO,VARGEM GRANDE PAULISTA,Sem I,3966,A_Frota_por_UF_Municipio_CEP_Julho_2026.xlsx
SAO PAULO,VARZEA PAULISTA,00000,76191,A_Frota_por_UF_Municipio_CEP_Julho_2026.xlsx
SAO PAULO,VARZEA PAULISTA,13219,1,A_Frota_por_UF_Municipio_CEP_Julho_2026.xlsx
SAO PAULO,VARZEA PAULISTA,13220,226,A_Frota_por_UF_Municipio_CEP_Julho_2026.xlsx
SAO PAULO,VARZEA PAULISTA,13221,84,A_Frota_por_UF_Municipio_CEP_Julho_2026.xlsx
SAO PAULO,VARZEA PAULISTA,13222,149,A_Frota_por_UF_Municipio_CEP_Julho_2026.xlsx
SAO PAULO,VARZEA PAULISTA,13223,66,A_Frota_por_UF_Municipio_CEP_Julho_2026.xlsx
SAO PAULO,VARZEA PAULISTA,13224,102,A_Frota_por_UF_Municipio_CEP_Julho_2026.xlsx
SAO PAULO,VARZEA PAULISTA,13225,171,A_Frota_por_UF_Municipio_CEP_Julho_2026.xlsx
SAO PAULO,VARZEA PAULISTA,13226,5,A_Frota_por_UF_Municipio_CEP_Julho_2026.xlsx
SAO PAULO,VARZEA PAULISTA,Sem I,9655,A_Frota_por_UF_Municipio_CEP_Julho_2026.xlsx
SAO PAULO,VERA CRUZ,_x0000__x0000__x0000__x0000_ ,1,A_Frota_por_UF_Municipio_CEP_Julho_2026.xlsx
SAO PAULO,VERA CRUZ,00000,6694,A_Frota_por_UF_Municipio_CEP_Julho_2026.xlsx
SAO PAULO,VERA CRUZ,17560,8,A_Frota_por_UF_Municipio_CEP_Julho_2026.xlsx
SAO PAULO,VERA CRUZ,Sem I,931,A_Frota_por_UF_Municipio_CEP_Julho_2026.xlsx
SAO PAULO,VINHEDO,00000,63527,A_Frota_por_UF_Municipio_CEP_Julho_2026.xlsx
SAO PAULO,VINHEDO,13100,1,A_Frota_por_UF_Municipio_CEP_Julho_2026.xlsx
SAO PAULO,VINHEDO,13280,1065,A_Frota_por_UF_Municipio_CEP_Julho_2026.xlsx
SAO PAULO,VINHEDO,13288,28,A_Frota_por_UF_Municipio_CEP_Julho_2026.xlsx
SAO PAULO,VINHEDO,13289,13,A_Frota_por_UF_Municipio_CEP_Julho_2026.xlsx
SAO PAULO,VINHEDO,Sem I,8910,A_Frota_por_UF_Municipio_CEP_Julho_2026.xlsx
SAO PAULO,VIRADOURO,_x0000__x0000__x0000__x0000_ ,1,A_Frota_por_UF_Municipio_CEP_Julho_2026.xlsx
SAO PAULO,VIRADOURO,00000,12932,A_Frota_por_UF_Municipio_CEP_Julho_2026.xlsx
SAO PAULO,VIRADOURO,14740,64,A_Frota_por_UF_Municipio_CEP_Julho_2026.xlsx
SAO PAULO,VIRADOURO,Sem I,1541,A_Frota_por_UF_Municipio_CEP_Julho_2026.xlsx
SAO PAULO,VISTA ALEGRE DO ALTO,00000,6150,A_Frota_por_UF_Municipio_CEP_Julho_2026.xlsx
SAO PAULO,VISTA ALEGRE DO ALTO,15920,14,A_Frota_por_UF_Municipio_CEP_Julho_2026.xlsx
SAO PAULO,VISTA ALEGRE DO ALTO,Sem I,464,A_Frota_por_UF_Municipio_CEP_Julho_2026.xlsx
SAO PAULO,VITORIA BRASIL,00000,1253,A_Frota_por_UF_Municipio_CEP_Julho_2026.xlsx
SAO PAULO,VITORIA BRASIL,15705,2,A_Frota_por_UF_Municipio_CEP_Julho_2026.xlsx
SAO PAULO,VITORIA BRASIL,15713,1,A_Frota_por_UF_Municipio_CEP_Julho_2026.xlsx
SAO PAULO,VITORIA BRASIL,Sem I,112,A_Frota_por_UF_Municipio_CEP_Julho_2026.xlsx
SAO PAULO,VOTORANTIM,_x0000__x0000__x0000__x0000_ ,6,A_Frota_por_UF_Municipio_CEP_Julho_2026.xlsx
SAO PAULO,VOTORANTIM,00000,82131,A_Frota_por_UF_Municipio_CEP_Julho_2026.xlsx
SAO PAULO,VOTORANTIM,18000,1,A_Frota_por_UF_Municipio_CEP_Julho_2026.xlsx
SAO PAULO,VOTORANTIM,18110,176,A_Frota_por_UF_Municipio_CEP_Julho_2026.xlsx
SAO PAULO,VOTORANTIM,18111,54,A_Frota_por_UF_Municipio_CEP_Julho_2026.xlsx
SAO PAULO,VOTORANTIM,18112,75,A_Frota_por_UF_Municipio_CEP_Julho_2026.xlsx
SAO PAULO,VOTORANTIM,18113,79,A_Frota_por_UF_Municipio_CEP_Julho_2026.xlsx
SAO PAULO,VOTORANTIM,18114,68,A_Frota_por_UF_Municipio_CEP_Julho_2026.xlsx
SAO PAULO,VOTORANTIM,18115,62,A_Frota_por_UF_Municipio_CEP_Julho_2026.xlsx
SAO PAULO,VOTORANTIM,18116,70,A_Frota_por_UF_Municipio_CEP_Julho_2026.xlsx
SAO PAULO,VOTORANTIM,18117,107,A_Frota_por_UF_Municipio_CEP_Julho_2026.xlsx
SAO PAULO,VOTORANTIM,18119,59,A_Frota_por_UF_Municipio_CEP_Julho_2026.xlsx
SAO PAULO,VOTORANTIM,Sem I,9512,A_Frota_por_UF_Municipio_CEP_Julho_2026.xlsx
SAO PAULO,VOTUPORANGA,_x0000__x0000__x0000__x0000_ ,6,A_Frota_por_UF_Municipio_CEP_Julho_2026.xlsx
SAO PAULO,VOTUPORANGA,00000,90646,A_Frota_por_UF_Municipio_CEP_Julho_2026.xlsx
SAO PAULO,VOTUPORANGA,15500,94,A_Frota_por_UF_Municipio_CEP_Julho_2026.xlsx
SAO PAULO,VOTUPORANGA,15501,85,A_Frota_por_UF_Municipio_CEP_Julho_2026.xlsx
SAO PAULO,VOTUPORANGA,15502,23,A_Frota_por_UF_Municipio_CEP_Julho_2026.xlsx
SAO PAULO,VOTUPORANGA,15503,42,A_Frota_por_UF_Municipio_CEP_Julho_2026.xlsx
SAO PAULO,VOTUPORANGA,15504,5,A_Frota_por_UF_Municipio_CEP_Julho_2026.xlsx
SAO PAULO,VOTUPORANGA,15505,19,A_Frota_por_UF_Municipio_CEP_Julho_2026.xlsx
SAO PAULO,VOTUPORANGA,15515,1,A_Frota_por_UF_Municipio_CEP_Julho_2026.xlsx
SAO PAULO,VOTUPORANGA,Sem I,11361,A_Frota_por_UF_Municipio_CEP_Julho_2026.xlsx
SAO PAULO,ZACARIAS,00000,1886,A_Frota_por_UF_Municipio_CEP_Julho_2026.xlsx
SAO PAULO,ZACARIAS,15265,2,A_Frota_por_UF_Municipio_CEP_Julho_2026.xlsx
SAO PAULO,ZACARIAS,Sem I,187,A_Frota_por_UF_Municipio_CEP_Julho_2026.xlsx
