Divisão Administrativa e Zoneamento 2023,Unnamed: 1,Unnamed: 2,Unnamed: 3,Unnamed: 4,Unnamed: 5,Unnamed: 6,LAYOUT PESQUISA ORIGEM DESTINO 2023,METRÔ - SP,Tabela 1,Unnamed: 7,Unnamed: 8,Unnamed: 9,Unnamed: 10
Região Metropolitana de São Paulo ,,,,,,rev. 09/12/2021,,,,,,,
Pesquisa Origem Destino 2023,,,,,,,,,,,,,
,,,,,,,,,,,,,
Zona,,Município,,Distrito,,Área,,,,,,,
N°,Nome,N°,Nome,N°,Nome,(ha),,,,,,,
,,,,,,,,,,,,,
1,Sé,36,São Paulo,80,Sé,57.1,,,,,,,
2,Parque Dom Pedro,36,São Paulo,80,Sé,113.64,,,,,,,
3,Praça João Mendes,36,São Paulo,80,Sé,47.75,,,,,,,
4,Ladeira da Memória,36,São Paulo,67,República,75.11,,,,,,,
5,República,36,São Paulo,67,República,74.95,,,,,,,
6,Santa Ifigênia,36,São Paulo,67,República,82.93,,,,,,,
7,Luz,36,São Paulo,9,Bom Retiro,154.6,,,,,,,
8,Bom Retiro,36,São Paulo,9,Bom Retiro,143.01,,,,,,,
9,Ponte Pequena,36,São Paulo,9,Bom Retiro,129.78,,,,,,,
10,Canindé,36,São Paulo,57,Pari,82.61,,,,,,,
11,Bom Jardim,36,São Paulo,57,Pari,49.85,,,,,,,
12,Pari,36,São Paulo,57,Pari,140.16,,,,,,,
13,João Teodoro,36,São Paulo,10,Brás,39.32,,,,,,,
14,Oriente,36,São Paulo,10,Brás,69.88,,,,,,,
15,Bresser,36,São Paulo,10,Brás,76.98,,,,,,,
16,Brás,36,São Paulo,10,Brás,109.08,,,,,,,
17,Gasômetro,36,São Paulo,10,Brás,69.35,,,,,,,
18,Independência,36,São Paulo,14,Cambuci,253.75,,,,,,,
19,Cambuci,36,São Paulo,14,Cambuci,140.43,,,,,,,
20,Glicério,36,São Paulo,49,Liberdade,108.02,,,,,,,
21,Aclimação,36,São Paulo,49,Liberdade,113.62,,,,,,,
22,Pires da Mota,36,São Paulo,49,Liberdade,50.03,,,,,,,
23,Centro Cultural,36,São Paulo,49,Liberdade,33.24,,,,,,,
24,Liberdade,36,São Paulo,49,Liberdade,59.49,,,,,,,
25,Treze de Maio,36,São Paulo,7,Bela Vista,42.85,,,,,,,
26,Bexiga,36,São Paulo,7,Bela Vista,51.76,,,,,,,
27,Bela Vista,36,São Paulo,7,Bela Vista,93.8,,,,,,,
28,São Carlos do Pinhal,36,São Paulo,7,Bela Vista,31.03,,,,,,,
29,Masp,36,São Paulo,7,Bela Vista,57.27,,,,,,,
30,Higienópolis,36,São Paulo,26,Consolação,67.81,,,,,,,
31,Vila Buarque,36,São Paulo,26,Consolação,89.58,,,,,,,
32,Consolação,36,São Paulo,26,Consolação,57.23,,,,,,,
33,Pacaembu,36,São Paulo,26,Consolação,90.45,,,,,,,
34,FAAP,36,São Paulo,26,Consolação,74.45,,,,,,,
35,Santa Cecília,36,São Paulo,70,Santa Cecília,144.09,,,,,,,
36,Marechal Deodoro,36,São Paulo,70,Santa Cecília,142.2,,,,,,,
37,Rudge,36,São Paulo,70,Santa Cecília,84.73,,,,,,,
38,Catumbi,36,São Paulo,8,Belém,81.44,,,,,,,
39,Belém,36,São Paulo,8,Belém,160.71,,,,,,,
40,Quarta Parada,36,São Paulo,8,Belém,127.4,,,,,,,
41,Belenzinho,36,São Paulo,8,Belém,180.11,,,,,,,
42,Celso Garcia,36,São Paulo,8,Belém,63.89,,,,,,,
43,Mooca,36,São Paulo,54,Mooca,271.79,,,,,,,
44,Alto da Mooca,36,São Paulo,54,Mooca,141.65,,,,,,,
45,Parque da Mooca,36,São Paulo,54,Mooca,381.42,,,,,,,
46,Água Rasa,36,São Paulo,1,Água Rasa,315.81,,,,,,,
47,Vila Bertioga,36,São Paulo,1,Água Rasa,195.28,,,,,,,
48,Regente Feijó,36,São Paulo,1,Água Rasa,203.96,,,,,,,
49,Ana Rosa,36,São Paulo,92,Vila Mariana,94.46,,,,,,,
50,Jardim da Glória,36,São Paulo,92,Vila Mariana,88.43,,,,,,,
51,Chácara Klabin,36,São Paulo,92,Vila Mariana,97.57,,,,,,,
52,Vila Mariana,36,São Paulo,92,Vila Mariana,59.61,,,,,,,
53,Santa Cruz,36,São Paulo,92,Vila Mariana,108.52,,,,,,,
54,Vila Clementino,36,São Paulo,92,Vila Mariana,93.7,,,,,,,
55,França Pinto,36,São Paulo,92,Vila Mariana,112.14,,,,,,,
56,Rodrigues Alves,36,São Paulo,92,Vila Mariana,103.55,,,,,,,
57,Paraíso,36,São Paulo,92,Vila Mariana,96.28,,,,,,,
58,Bosque da Saúde,36,São Paulo,79,Saúde,169.91,,,,,,,
59,Saúde,36,São Paulo,79,Saúde,260.81,,,,,,,
60,Planalto Paulista,36,São Paulo,79,Saúde,321.66,,,,,,,
61,Mirandópolis,36,São Paulo,79,Saúde,173.45,,,,,,,
62,Parque Ibirapuera,36,São Paulo,53,Moema,283.7,,,,,,,
63,Jardim Luzitânia,36,São Paulo,53,Moema,103.07,,,,,,,
64,Moema,36,São Paulo,53,Moema,175.13,,,,,,,
65,Vila Helena,36,São Paulo,53,Moema,104.82,,,,,,,
66,Bandeirantes,36,São Paulo,53,Moema,133.42,,,,,,,
67,Vila Nova Conceição,36,São Paulo,53,Moema,112.48,,,,,,,
68,Chácara Itaim,36,São Paulo,34,Itaim Bibi,204.01,,,,,,,
69,Vila Olímpia,36,São Paulo,34,Itaim Bibi,89.63,,,,,,,
70,Hélio Pelegrino,36,São Paulo,34,Itaim Bibi,103.38,,,,,,,
71,Brooklin,36,São Paulo,34,Itaim Bibi,234.25,,,,,,,
72,Vila Cordeiro,36,São Paulo,34,Itaim Bibi,176.69,,,,,,,
73,Berrini,36,São Paulo,34,Itaim Bibi,197.39,,,,,,,
74,Campinas,36,São Paulo,44,Jardim Paulista,49.08,,,,,,,
75,Pamplona,36,São Paulo,44,Jardim Paulista,51.34,,,,,,,
76,Jardins,36,São Paulo,44,Jardim Paulista,237.7,,,,,,,
77,Clínicas,36,São Paulo,44,Jardim Paulista,128.72,,,,,,,
78,Oscar Freire,36,São Paulo,44,Jardim Paulista,100.01,,,,,,,
79,Trianon,36,São Paulo,44,Jardim Paulista,59.81,,,,,,,
80,Jardim Paulistano,36,São Paulo,63,Pinheiros,98.98,,,,,,,
81,Jardim Europa,36,São Paulo,63,Pinheiros,308.02,,,,,,,
82,Pinheiros,36,São Paulo,63,Pinheiros,202.58,,,,,,,
83,Vila Madalena,36,São Paulo,63,Pinheiros,219.31,,,,,,,
84,PUC,36,São Paulo,61,Perdizes,73.32,,,,,,,
85,Cardoso de Almeida,36,São Paulo,61,Perdizes,63.39,,,,,,,
86,Zequinha de Abreu,36,São Paulo,61,Perdizes,49.61,,,,,,,
87,Sumaré,36,São Paulo,61,Perdizes,139.16,,,,,,,
88,Perdizes,36,São Paulo,61,Perdizes,168.45,,,,,,,
89,Vila Anglo Brasileira,36,São Paulo,61,Perdizes,79.12,,,,,,,
90,Pompéia,36,São Paulo,61,Perdizes,60,,,,,,,
91,Santa Marina,36,São Paulo,6,Barra Funda,295.36,,,,,,,
92,Barra Funda,36,São Paulo,6,Barra Funda,118.21,,,,,,,
93,Francisco Matarazzo,36,São Paulo,6,Barra Funda,105.13,,,,,,,
94,Água Branca,36,São Paulo,6,Barra Funda,71.11,,,,,,,
95,Vila Beatriz,36,São Paulo,2,Alto de Pinheiros,183.66,,,,,,,
96,Alto de Pinheiros,36,São Paulo,2,Alto de Pinheiros,253.17,,,,,,,
97,Boaçava,36,São Paulo,2,Alto de Pinheiros,314.44,,,,,,,
98,Vila Anastácio,36,São Paulo,48,Lapa,164.66,,,,,,,
99,Lapa de Baixo,36,São Paulo,48,Lapa,242.69,,,,,,,
100,Lapa,36,São Paulo,48,Lapa,225.22,,,,,,,
101,Vila Ipojuca,36,São Paulo,48,Lapa,168.47,,,,,,,
102,Alto da Lapa,36,São Paulo,48,Lapa,159.95,,,,,,,
103,Gavião Peixoto,36,São Paulo,48,Lapa,68.96,,,,,,,
104,Bela Aliança,36,São Paulo,90,Vila Leopoldina,71.35,,,,,,,
105,Vila Hamburguesa,36,São Paulo,90,Vila Leopoldina,149.18,,,,,,,
106,CEASA,36,São Paulo,90,Vila Leopoldina,197.78,,,,,,,
107,Vila Leopoldina,36,São Paulo,90,Vila Leopoldina,91.65,,,,,,,
108,Emissário,36,São Paulo,90,Vila Leopoldina,190.52,,,,,,,
109,Vila Zatt,36,São Paulo,64,Pirituba,1220.22,,,,,,,
110,Pirituba,36,São Paulo,64,Pirituba,488.92,,,,,,,
111,São Domingos,36,São Paulo,73,São Domingos,581.76,,,,,,,
112,Jardim Mutinga,36,São Paulo,73,São Domingos,411.97,,,,,,,
113,Vila Jaguara,36,São Paulo,39,Jaguara,454.34,,,,,,,
114,Parque do Jaraguá,36,São Paulo,41,Jaraguá,489.12,,,,,,,
115,Nova Jaraguá,36,São Paulo,41,Jaraguá,777.78,,,,,,,
116,Parada de Taipas,36,São Paulo,41,Jaraguá,1553.24,,,,,,,
117,Parque Morro Doce,36,São Paulo,3,Anhanguera,1527.16,,,,,,,
118,Anhanguera,36,São Paulo,3,Anhanguera,1812.79,,,,,,,
119,Perus,36,São Paulo,62,Perus,2369.13,,,,,,,
120,Vista Alegre,36,São Paulo,11,Brasilândia,742.47,,,,,,,
121,Jardim Damasceno,36,São Paulo,11,Brasilândia,573.73,,,,,,,
122,Vila Souza,36,São Paulo,11,Brasilândia,220.86,,,,,,,
123,Vila Terezinha,36,São Paulo,11,Brasilândia,250.78,,,,,,,
124,Brasilândia,36,São Paulo,11,Brasilândia,318.28,,,,,,,
125,Vila Morro Grande,36,São Paulo,29,Freguesia do Ó,413.07,,,,,,,
126,Itaberaba,36,São Paulo,29,Freguesia do Ó,207.42,,,,,,,
127,Freguesia do Ó,36,São Paulo,29,Freguesia do Ó,485.85,,,,,,,
128,Carandiru,36,São Paulo,71,Santana,38.03,,,,,,,
129,Santana,36,São Paulo,71,Santana,54.36,,,,,,,
130,Zaki Narchi,36,São Paulo,71,Santana,71.32,,,,,,,
131,Tietê,36,São Paulo,71,Santana,78.6,,,,,,,
132,Parque Anhembi,36,São Paulo,71,Santana,313.52,,,,,,,
133,Alfredo Pujol,36,São Paulo,71,Santana,215.07,,,,,,,
134,Santa Terezinha,36,São Paulo,71,Santana,251.08,,,,,,,
135,Jardim São Paulo,36,São Paulo,71,Santana,291.23,,,,,,,
136,Casa Verde,36,São Paulo,21,Casa Verde,325.35,,,,,,,
137,Parque Peruche,36,São Paulo,21,Casa Verde,391.87,,,,,,,
138,Limão,36,São Paulo,50,Limão,171.8,,,,,,,
139,Jardim Primavera,36,São Paulo,50,Limão,192.75,,,,,,,
140,Vila Santa Maria,36,São Paulo,50,Limão,277.94,,,,,,,
141,Cachoeirinha,36,São Paulo,13,Cachoeirinha,478.58,,,,,,,
142,Jardim Peri,36,São Paulo,13,Cachoeirinha,443.68,,,,,,,
143,Reserva da Cantareira,36,São Paulo,13,Cachoeirinha,436.61,,,,,,,
144,Mandaqui,36,São Paulo,51,Mandaqui,552.45,,,,,,,
145,Horto Florestal,36,São Paulo,51,Mandaqui,342.18,,,,,,,
146,ETA Guaraú,36,São Paulo,51,Mandaqui,428.67,,,,,,,
147,Parque Palmas do Tremembé,36,São Paulo,83,Tremembé,407.03,,,,,,,
148,Tremembé,36,São Paulo,83,Tremembé,331.62,,,,,,,
149,Cantareira,36,São Paulo,83,Tremembé,2886.45,,,,,,,
150,Jardim das Pedras,36,São Paulo,83,Tremembé,1609.01,,,,,,,
151,Jardim Guapira,36,São Paulo,83,Tremembé,548.53,,,,,,,
152,Parada Inglesa,36,São Paulo,84,Tucuruvi,242.67,,,,,,,
153,Tucuruvi,36,São Paulo,84,Tucuruvi,358.5,,,,,,,
154,Vila Gustavo,36,São Paulo,84,Tucuruvi,345.8,,,,,,,
155,Cohab Jova Real,36,São Paulo,38,Jaçanã,254.58,,,,,,,
156,Jaçanã,36,São Paulo,38,Jaçanã,386.23,,,,,,,
157,Parque Edu Chaves,36,São Paulo,38,Jaçanã,109.91,,,,,,,
158,Vila Medeiros,36,São Paulo,94,Vila Medeiros,335.02,,,,,,,
159,Jardim Brasil,36,São Paulo,94,Vila Medeiros,454.37,,,,,,,
160,Jardim Japão,36,São Paulo,91,Vila Maria,396.23,,,,,,,
161,Parque Novo Mundo,36,São Paulo,91,Vila Maria,551.36,,,,,,,
162,Vila Maria,36,São Paulo,91,Vila Maria,234.12,,,,,,,
163,Vila Isolina Mazzei,36,São Paulo,88,Vila Guilherme,379.5,,,,,,,
164,Vila Guilherme,36,São Paulo,88,Vila Guilherme,170.9,,,,,,,
165,Coroa,36,São Paulo,88,Vila Guilherme,174.39,,,,,,,
166,Gomes Cardim,36,São Paulo,82,Tatuapé,243.24,,,,,,,
167,Tatuapé,36,São Paulo,82,Tatuapé,156.88,,,,,,,
168,Chácara do Piqueri,36,São Paulo,82,Tatuapé,198.59,,,,,,,
169,Parque São Jorge,36,São Paulo,82,Tatuapé,252.07,,,,,,,
170,Penha,36,São Paulo,60,Penha,384.16,,,,,,,
171,Tiquatira,36,São Paulo,60,Penha,324.46,,,,,,,
172,Vila Esperança,36,São Paulo,60,Penha,228.82,,,,,,,
173,Vila Ré,36,São Paulo,60,Penha,208.23,,,,,,,
174,Rui Barbosa,36,São Paulo,18,Cangaíba,271.23,,,,,,,
175,Estação Eng. Goulart,36,São Paulo,18,Cangaíba,193.33,,,,,,,
176,Cangaíba,36,São Paulo,18,Cangaíba,333.53,,,,,,,
177,Parque Ecológico do Tietê,36,São Paulo,18,Cangaíba,530.85,,,,,,,
178,USP Leste I,36,São Paulo,18,Cangaíba,50.18,,,,,,,
179,USP Leste II,36,São Paulo,28,Ermelino Matarazzo,122.83,,,,,,,
180,Ermelino Matarazzo,36,São Paulo,28,Ermelino Matarazzo,448.82,,,,,,,
181,Parque Buturussu,36,São Paulo,28,Ermelino Matarazzo,371.83,,,,,,,
182,Ponte Rasa,36,São Paulo,65,Ponte Rasa,365.36,,,,,,,
183,Burgo Paulista,36,São Paulo,65,Ponte Rasa,291.63,,,,,,,
184,Limoeiro,36,São Paulo,89,Vila Jacuí,143.33,,,,,,,
185,Laranja da China,36,São Paulo,89,Vila Jacuí,131.72,,,,,,,
186,Pedro José Nunes,36,São Paulo,89,Vila Jacuí,86.18,,,,,,,
187,Parque Cruzeiro do Sul,36,São Paulo,89,Vila Jacuí,249.91,,,,,,,
188,Vila Jacuí,36,São Paulo,89,Vila Jacuí,211.87,,,,,,,
189,Parada XV,36,São Paulo,36,Itaquera,324.46,,,,,,,
190,Itaquera,36,São Paulo,36,Itaquera,283.17,,,,,,,
191,Arena Corinthians,36,São Paulo,36,Itaquera,140.29,,,,,,,
192,Vila Campanela,36,São Paulo,36,Itaquera,230.53,,,,,,,
193,Araucárias,36,São Paulo,36,Itaquera,129.58,,,,,,,
194,Parque Guarani,36,São Paulo,36,Itaquera,126.45,,,,,,,
195,Rio Verde,36,São Paulo,36,Itaquera,238.76,,,,,,,
196,Saudade,36,São Paulo,76,São Miguel,207.28,,,,,,,
197,São Miguel Paulista,36,São Paulo,76,São Miguel,302.65,,,,,,,
198,Cidade Nitro-Operária,36,São Paulo,76,São Miguel,357.92,,,,,,,
199,Jardim Helena,36,São Paulo,43,Jardim Helena,684.67,,,,,,,
200,Jardim Romano,36,São Paulo,43,Jardim Helena,230.77,,,,,,,
201,Vila Curuçá,36,São Paulo,86,Vila Curuçá,503.17,,,,,,,
202,Jardim Robru,36,São Paulo,86,Vila Curuçá,449.19,,,,,,,
203,Lageado,36,São Paulo,47,Lajeado,276.95,,,,,,,
204,Fábrica Bandeirantes,36,São Paulo,47,Lajeado,615.33,,,,,,,
205,Fazenda Itaim,36,São Paulo,35,Itaim Paulista,462.24,,,,,,,
206,Itaim Paulista,36,São Paulo,35,Itaim Paulista,302.19,,,,,,,
207,Jardim das Oliveiras,36,São Paulo,35,Itaim Paulista,460.11,,,,,,,
208,Vila Califórnia,36,São Paulo,20,Carrão,340.04,,,,,,,
209,Vila Carrão,36,São Paulo,20,Carrão,440.28,,,,,,,
210,Jardim Anália Franco,36,São Paulo,87,Vila Formosa,334.04,,,,,,,
211,Vila Formosa,36,São Paulo,87,Vila Formosa,417.48,,,,,,,
212,Barreira Grande,36,São Paulo,4,Aricanduva,280.1,,,,,,,
213,Aricanduva,36,São Paulo,4,Aricanduva,406.17,,,,,,,
214,Frei Mont'Alverne,36,São Paulo,93,Vila Matilde,225.2,,,,,,,
215,Vila Matilde,36,São Paulo,93,Vila Matilde,330.17,,,,,,,
216,Cidade Patriarca,36,São Paulo,93,Vila Matilde,336.5,,,,,,,
217,Cidade A.E.Carvalho,36,São Paulo,5,Artur Alvim,265.77,,,,,,,
218,Artur Alvim,36,São Paulo,5,Artur Alvim,387.27,,,,,,,
219,Cidade Líder,36,São Paulo,24,Cidade Líder,347.51,,,,,,,
220,Santa Marcelina,36,São Paulo,24,Cidade Líder,265.94,,,,,,,
221,Parque Savoy,36,São Paulo,24,Cidade Líder,444.75,,,,,,,
222,Vila Carmosina,36,São Paulo,58,Parque do Carmo,343.76,,,,,,,
223,Fazenda Caguaçu,36,São Paulo,58,Parque do Carmo,439.53,,,,,,,
224,Parque do Carmo,36,São Paulo,58,Parque do Carmo,777.43,,,,,,,
225,Gleba do Pêssego,36,São Paulo,46,José Bonifácio,1028.47,,,,,,,
226,José Bonifácio,36,São Paulo,46,José Bonifácio,416.53,,,,,,,
227,Guaianases,36,São Paulo,31,Guaianases,472.34,,,,,,,
228,Juscelino Kubitschek,36,São Paulo,31,Guaianases,418.82,,,,,,,
229,Cidade Tiradentes,36,São Paulo,25,Cidade Tiradentes,953.59,,,,,,,
230,Santa Etelvina,36,São Paulo,25,Cidade Tiradentes,541.3,,,,,,,
231,Terceira Divisão,36,São Paulo,32,Iguatemi,1130.9,,,,,,,
232,Iguatemi,36,São Paulo,32,Iguatemi,503.81,,,,,,,
233,Sítio Carrãozinho,36,São Paulo,32,Iguatemi,323.28,,,,,,,
234,Parque São Rafael,36,São Paulo,77,São Rafael,736.99,,,,,,,
235,Rodolfo Pirani,36,São Paulo,77,São Rafael,566.04,,,,,,,
236,Ipiranga,36,São Paulo,33,Ipiranga,91.94,,,,,,,
237,Sacomã,36,São Paulo,33,Ipiranga,90.34,,,,,,,
238,Alto do Ipiranga,36,São Paulo,33,Ipiranga,160.81,,,,,,,
239,Vila São José,36,São Paulo,33,Ipiranga,177.55,,,,,,,
240,Vila Monumento,36,São Paulo,33,Ipiranga,165.19,,,,,,,
241,Vila Independência,36,São Paulo,33,Ipiranga,170.22,,,,,,,
242,Vila Carioca,36,São Paulo,33,Ipiranga,249.11,,,,,,,
243,Moinho Velho,36,São Paulo,69,Sacomã,347.41,,,,,,,
244,Vila Heliópolis,36,São Paulo,69,Sacomã,232.81,,,,,,,
245,São João Clímaco,36,São Paulo,69,Sacomã,198.15,,,,,,,
246,Anchieta,36,São Paulo,69,Sacomã,217.08,,,,,,,
247,Vila das Mercês,36,São Paulo,69,Sacomã,468.94,,,,,,,
248,Parque do Estado,36,São Paulo,27,Cursino,445.41,,,,,,,
249,Água Funda,36,São Paulo,27,Cursino,276.3,,,,,,,
250,Jardim da Saúde,36,São Paulo,27,Cursino,182.94,,,,,,,
251,Vila Gumercindo,36,São Paulo,27,Cursino,137.19,,,,,,,
252,Jardim Previdência,36,São Paulo,27,Cursino,165.81,,,,,,,
253,Tamanduateí,36,São Paulo,95,Vila Prudente,112.99,,,,,,,
254,Orfanato,36,São Paulo,95,Vila Prudente,354.26,,,,,,,
255,Vila Zelina,36,São Paulo,95,Vila Prudente,492.94,,,,,,,
256,Linhas Corrente,36,São Paulo,74,São Lucas,251.81,,,,,,,
257,Vila Ema,36,São Paulo,74,São Lucas,267.22,,,,,,,
258,Parque São Lucas,36,São Paulo,74,São Lucas,449.68,,,,,,,
259,Vila Cardoso Franco,36,São Paulo,78,Sapopemba,163.88,,,,,,,
260,Parque Santa Madalena,36,São Paulo,78,Sapopemba,204.85,,,,,,,
261,Jardim Colorado,36,São Paulo,78,Sapopemba,320.26,,,,,,,
262,Teotônio Vilela,36,São Paulo,78,Sapopemba,346.33,,,,,,,
263,Fazenda da Juta,36,São Paulo,78,Sapopemba,329.57,,,,,,,
264,São Mateus,36,São Paulo,75,São Mateus,427.59,,,,,,,
265,Cidade IV Centenário,36,São Paulo,75,São Mateus,332.58,,,,,,,
266,Rio Claro,36,São Paulo,75,São Mateus,218.36,,,,,,,
267,Cidade Satélite,36,São Paulo,75,São Mateus,300.48,,,,,,,
268,Joaquim Nabuco,36,São Paulo,15,Campo Belo,198.44,,,,,,,
269,Vieira de Moraes,36,São Paulo,15,Campo Belo,171.28,,,,,,,
270,Campo Belo,36,São Paulo,15,Campo Belo,138.57,,,,,,,
271,Congonhas,36,São Paulo,15,Campo Belo,179.42,,,,,,,
272,Jardim Aeroporto,36,São Paulo,15,Campo Belo,198.55,,,,,,,
273,Vila Santa Catarina,36,São Paulo,37,Jabaquara,325.71,,,,,,,
274,Jabaquara,36,São Paulo,37,Jabaquara,288.72,,,,,,,
275,Cidade Vargas,36,São Paulo,37,Jabaquara,347.45,,,,,,,
276,Jardim Bom Clima,36,São Paulo,37,Jabaquara,445.92,,,,,,,
277,Cupecê,36,São Paulo,22,Cidade Ademar,416.89,,,,,,,
278,Jardim Miriam,36,São Paulo,22,Cidade Ademar,513.94,,,,,,,
279,Vila Missionária,36,São Paulo,22,Cidade Ademar,295.4,,,,,,,
280,Jurubatuba,36,São Paulo,16,Campo Grande,482.59,,,,,,,
281,Vila São Pedro,36,São Paulo,16,Campo Grande,312.58,,,,,,,
282,Campo Grande,36,São Paulo,16,Campo Grande,272.36,,,,,,,
283,Vila Sabará,36,São Paulo,16,Campo Grande,234.56,,,,,,,
284,Mar Paulista,36,São Paulo,59,Pedreira,548.66,,,,,,,
285,Pedreira,36,São Paulo,59,Pedreira,1302.69,,,,,,,
286,Vila Socorro,36,São Paulo,81,Socorro,293.26,,,,,,,
287,Parque Interlagos,36,São Paulo,81,Socorro,935.66,,,,,,,
288,Jardim Represa,36,São Paulo,23,Cidade Dutra,783.73,,,,,,,
289,Rio Bonito,36,São Paulo,23,Cidade Dutra,495.82,,,,,,,
290,SESC Interlagos,36,São Paulo,23,Cidade Dutra,736.48,,,,,,,
291,Jardim Presidente,36,São Paulo,23,Cidade Dutra,762.54,,,,,,,
292,Vila Natal,36,São Paulo,30,Grajaú,415.09,,,,,,,
293,Grajaú,36,São Paulo,30,Grajaú,540.7,,,,,,,
294,Cocaia,36,São Paulo,30,Grajaú,1093.33,,,,,,,
295,Belmira Marin,36,São Paulo,30,Grajaú,1236.83,,,,,,,
296,Bororé,36,São Paulo,30,Grajaú,5992.56,,,,,,,
297,Jaceguava,36,São Paulo,56,Parelheiros,3512.69,,,,,,,
298,Parelheiros,36,São Paulo,56,Parelheiros,11667.08,,,,,,,
299,Marsilac,36,São Paulo,52,Marsilac,4564.97,,,,,,,
300,Jardim Emburá,36,São Paulo,52,Marsilac,16230.99,,,,,,,
301,Granja Julieta,36,São Paulo,72,Santo Amaro,616.88,,,,,,,
302,Chácara Flora,36,São Paulo,72,Santo Amaro,452.25,,,,,,,
303,Santo Amaro,36,São Paulo,72,Santo Amaro,257.11,,,,,,,
304,Vila Miranda,36,São Paulo,72,Santo Amaro,271.15,,,,,,,
305,Jardim São Luís,36,São Paulo,45,Jardim São Luís,408.45,,,,,,,
306,Centro Empresarial,36,São Paulo,45,Jardim São Luís,675.29,,,,,,,
307,Guarapiranga,36,São Paulo,45,Jardim São Luís,1513.25,,,,,,,
308,Jardim Capela,36,São Paulo,42,Jardim Ângela,2022.05,,,,,,,
309,Riviera,36,São Paulo,42,Jardim Ângela,798.79,,,,,,,
310,Jardim Turquesa,36,São Paulo,42,Jardim Ângela,282.87,,,,,,,
311,Morro do Índio,36,São Paulo,42,Jardim Ângela,114.64,,,,,,,
312,Jardim Ângela,36,São Paulo,42,Jardim Ângela,463.77,,,,,,,
313,Capão Redondo,36,São Paulo,19,Capão Redondo,219.39,,,,,,,
314,Jardim Sônia Ingá,36,São Paulo,19,Capão Redondo,105.38,,,,,,,
315,Adventista,36,São Paulo,19,Capão Redondo,545.26,,,,,,,
316,Parque Fernanda,36,São Paulo,19,Capão Redondo,512.27,,,,,,,
317,Morumbi,36,São Paulo,55,Morumbi,271.46,,,,,,,
318,Jóquei Clube,36,São Paulo,55,Morumbi,333.24,,,,,,,
319,Fazenda Morumbi,36,São Paulo,55,Morumbi,320.73,,,,,,,
320,Real Parque,36,São Paulo,55,Morumbi,223.42,,,,,,,
321,Paraisópolis,36,São Paulo,85,Vila Andrade,361.95,,,,,,,
322,Jardim Vitória Régia,36,São Paulo,85,Vila Andrade,370.18,,,,,,,
323,Vila Suzana,36,São Paulo,85,Vila Andrade,300.5,,,,,,,
324,Parque Arariba,36,São Paulo,17,Campo Limpo,346.59,,,,,,,
325,Jardim Mitsutani,36,São Paulo,17,Campo Limpo,349.31,,,,,,,
326,Pirajussara,36,São Paulo,17,Campo Limpo,270.05,,,,,,,
327,Jardim Umarizal,36,São Paulo,17,Campo Limpo,294.91,,,,,,,
328,Portal do Morumbi,36,São Paulo,96,Vila Sônia,151.43,,,,,,,
329,Jardim Jussara,36,São Paulo,96,Vila Sônia,231.55,,,,,,,
330,Vila Sônia,36,São Paulo,96,Vila Sônia,348.44,,,,,,,
331,Jardim Maria do Carmo,36,São Paulo,96,Vila Sônia,277.55,,,,,,,
332,Jardim Cambará,36,São Paulo,66,Raposo Tavares,480.2,,,,,,,
333,Jardim João XXIII,36,São Paulo,66,Raposo Tavares,467.65,,,,,,,
334,Raposo Tavares,36,São Paulo,66,Raposo Tavares,271.34,,,,,,,
335,Rio Pequeno,36,São Paulo,68,Rio Pequeno,245.75,,,,,,,
336,Jardim Ester Yolanda,36,São Paulo,68,Rio Pequeno,264.93,,,,,,,
337,Jardim Adalgiza,36,São Paulo,68,Rio Pequeno,467.13,,,,,,,
338,Parque Continental,36,São Paulo,40,Jaguaré,226.38,,,,,,,
339,Jaguaré,36,São Paulo,40,Jaguaré,430.44,,,,,,,
340,Cidade Universitária,36,São Paulo,12,Butantã,584.56,,,,,,,
341,Butantã,36,São Paulo,12,Butantã,207.11,,,,,,,
342,Jardim Caxingui,36,São Paulo,12,Butantã,180.08,,,,,,,
343,Jardim Bonfiglioli,36,São Paulo,12,Butantã,319.97,,,,,,,
344,Melhoramentos,4,Caieiras,100,Caieiras,2875.06,,,,,,,
345,Caieiras,4,Caieiras,100,Caieiras,1990.04,,,,,,,
346,Serpa,4,Caieiras,100,Caieiras,691.49,,,,,,,
347,Santa Inês,4,Caieiras,100,Caieiras,4080.68,,,,,,,
348,Cajamar,5,Cajamar,101,Cajamar,4855.8,,,,,,,
349,Jordanésia,5,Cajamar,101,Cajamar,8307.85,,,,,,,
350,Cristais,13,Franco da Rocha,109,Franco da Rocha,4251.83,,,,,,,
351,Baltazar Fidélis,13,Franco da Rocha,109,Franco da Rocha,2505.16,,,,,,,
352,Franco da Rocha,13,Franco da Rocha,109,Franco da Rocha,1417.58,,,,,,,
353,Parque do Juqueri,13,Franco da Rocha,109,Franco da Rocha,2551.34,,,,,,,
354,Palmares,13,Franco da Rocha,109,Franco da Rocha,2721.22,,,,,,,
355,Sete Voltas,12,Francisco Morato,108,Francisco Morato,560.42,,,,,,,
356,Afonso Moreno,12,Francisco Morato,108,Francisco Morato,744.81,,,,,,,
357,Francisco Morato,12,Francisco Morato,108,Francisco Morato,1857.33,,,,,,,
358,Cascatas,12,Francisco Morato,108,Francisco Morato,1758.38,,,,,,,
359,Mairiporã,21,Mairiporã,117,Mairiporã,4886.1,,,,,,,
360,Paiva Castro,21,Mairiporã,117,Mairiporã,6751.3,,,,,,,
361,Colinas,21,Mairiporã,117,Mairiporã,5553.1,,,,,,,
362,Pirucaia,21,Mairiporã,117,Mairiporã,14953.5,,,,,,,
363,Guarulhos,15,Guarulhos,111,Guarulhos,164.41,,,,,,,
364,Macedo,15,Guarulhos,111,Guarulhos,382.09,,,,,,,
365,Cumbica,15,Guarulhos,111,Guarulhos,689.34,,,,,,,
366,Várzea do Palácio,15,Guarulhos,111,Guarulhos,646.76,,,,,,,
367,Ponte Grande,15,Guarulhos,111,Guarulhos,874.87,,,,,,,
368,Gopouva,15,Guarulhos,111,Guarulhos,202.39,,,,,,,
369,Vila São Rafael,15,Guarulhos,111,Guarulhos,401.04,,,,,,,
370,Vila Rosália,15,Guarulhos,111,Guarulhos,434.65,,,,,,,
371,André Luiz,15,Guarulhos,111,Guarulhos,579.59,,,,,,,
372,Jardim Santa Clara,15,Guarulhos,111,Guarulhos,462.74,,,,,,,
373,Parque CECAP,15,Guarulhos,111,Guarulhos,471.79,,,,,,,
374,Taboão,15,Guarulhos,111,Guarulhos,529.11,,,,,,,
375,Aeroporto,15,Guarulhos,111,Guarulhos,1324.93,,,,,,,
376,Jardim Presidente Dutra,15,Guarulhos,111,Guarulhos,892.25,,,,,,,
377,Baquirivu,15,Guarulhos,111,Guarulhos,1046.37,,,,,,,
378,Água Chata,15,Guarulhos,111,Guarulhos,2422.5,,,,,,,
379,Pimentas,15,Guarulhos,111,Guarulhos,1685.56,,,,,,,
380,Cabuçu,15,Guarulhos,111,Guarulhos,752.36,,,,,,,
381,Invernada,15,Guarulhos,111,Guarulhos,2194.83,,,,,,,
382,Morro dos Macacos,15,Guarulhos,111,Guarulhos,3533.19,,,,,,,
383,Chácaras Bananal,15,Guarulhos,111,Guarulhos,1815.89,,,,,,,
384,Estrada de Nazaré Paulista,15,Guarulhos,111,Guarulhos,1215.48,,,,,,,
385,Água Azul,15,Guarulhos,111,Guarulhos,3389.29,,,,,,,
386,Vasconcelândia,15,Guarulhos,111,Guarulhos,5829.8,,,,,,,
387,Arujazinho,1,Arujá,97,Arujá,4190.39,,,,,,,
388,Arujá,1,Arujá,97,Arujá,3193.71,,,,,,,
389,Fazenda Velha,1,Arujá,97,Arujá,2249.46,,,,,,,
390,Santa Isabel,30,Santa Isabel,126,Santa Isabel,3989.66,,,,,,,
391,Jaguari,30,Santa Isabel,126,Santa Isabel,14249.94,,,,,,,
392,Barroca Funda,30,Santa Isabel,126,Santa Isabel,11313.68,,,,,,,
393,Monte Negro,30,Santa Isabel,126,Santa Isabel,6861.59,,,,,,,
394,Ferraz de Vasconcelos,11,Ferraz de Vasconcelos,107,Ferraz de Vasconcelos,991.01,,,,,,,
395,Paiol Velho,11,Ferraz de Vasconcelos,107,Ferraz de Vasconcelos,1027.08,,,,,,,
396,Santos Dumont,11,Ferraz de Vasconcelos,107,Ferraz de Vasconcelos,945.21,,,,,,,
397,Jardim São José,26,Poá,122,Poá,407.85,,,,,,,
398,Poá,26,Poá,122,Poá,1322.41,,,,,,,
399,Itaquaquecetuba,18,Itaquaquecetuba,114,Itaquaquecetuba,1132.92,,,,,,,
400,Quinta da Boa Vista,18,Itaquaquecetuba,114,Itaquaquecetuba,1419.81,,,,,,,
401,Bonsucesso,18,Itaquaquecetuba,114,Itaquaquecetuba,3075.76,,,,,,,
402,Pinheirinho,18,Itaquaquecetuba,114,Itaquaquecetuba,2650.99,,,,,,,
403,Miguel Badra,37,Suzano,132,Suzano,3270.75,,,,,,,
404,Suzano,37,Suzano,132,Suzano,3452.13,,,,,,,
405,Guaió,37,Suzano,132,Suzano,8721.28,,,,,,,
406,Ouro Fino,37,Suzano,132,Suzano,5222.79,,,,,,,
407,Mogi das Cruzes,23,Mogi das Cruzes,119,Mogi das Cruzes,1358.15,,,,,,,
408,Estudantes,23,Mogi das Cruzes,119,Mogi das Cruzes,995.8,,,,,,,
409,Vila Oliveira,23,Mogi das Cruzes,119,Mogi das Cruzes,2914.74,,,,,,,
410,Brás Cubas,23,Mogi das Cruzes,119,Mogi das Cruzes,2147.95,,,,,,,
411,Jundiapeba,23,Mogi das Cruzes,119,Mogi das Cruzes,2374.68,,,,,,,
412,Jardim Graziella,23,Mogi das Cruzes,119,Mogi das Cruzes,3985.96,,,,,,,
413,Itapeti,23,Mogi das Cruzes,119,Mogi das Cruzes,15936.9,,,,,,,
414,Sabaúna,23,Mogi das Cruzes,119,Mogi das Cruzes,4422.81,,,,,,,
415,César de Souza,23,Mogi das Cruzes,119,Mogi das Cruzes,2932.91,,,,,,,
416,Taiaçupeba,23,Mogi das Cruzes,119,Mogi das Cruzes,19667.49,,,,,,,
417,Quatinga-Barroso,23,Mogi das Cruzes,119,Mogi das Cruzes,14691.8,,,,,,,
418,Biritiba-Mirim,3,Biritiba-Mirim,99,Biritiba-Mirim,11078.94,,,,,,,
419,Pico da Esplanada,3,Biritiba-Mirim,99,Biritiba-Mirim,20733.85,,,,,,,
420,Salesópolis,29,Salesópolis,125,Salesópolis,13629.43,,,,,,,
421,Parque Nascentes do Tietê,29,Salesópolis,125,Salesópolis,28967.46,,,,,,,
422,Guararema,14,Guararema,110,Guararema,19022.92,,,,,,,
423,Vila Luis Carlos,14,Guararema,110,Guararema,8121.05,,,,,,,
424,Santa Paula,34,São Caetano do Sul,130,São Caetano do Sul,294.73,,,,,,,
425,Vila Gerti,34,São Caetano do Sul,130,São Caetano do Sul,380.18,,,,,,,
426,Estrada das Lágrimas,34,São Caetano do Sul,130,São Caetano do Sul,360.05,,,,,,,
427,Santo Antônio,34,São Caetano do Sul,130,São Caetano do Sul,133.88,,,,,,,
428,São Caetano do Sul,34,São Caetano do Sul,130,São Caetano do Sul,367.7,,,,,,,
429,Santo André,32,Santo André,128,Santo André,795.2,,,,,,,
430,Vila Gilda,32,Santo André,128,Santo André,291.6,,,,,,,
431,Valparaíso,32,Santo André,128,Santo André,246.83,,,,,,,
432,Sacadura Cabral,32,Santo André,128,Santo André,179.89,,,,,,,
433,Campestre,32,Santo André,128,Santo André,287.09,,,,,,,
434,Utinga,32,Santo André,128,Santo André,566.15,,,,,,,
435,Vila Lucinda,32,Santo André,128,Santo André,457.81,,,,,,,
436,Parque Oratório,32,Santo André,128,Santo André,578.55,,,,,,,
437,Parque das Nações,32,Santo André,128,Santo André,527.79,,,,,,,
438,Jardim do Estádio,32,Santo André,128,Santo André,1142.33,,,,,,,
439,Carijós,32,Santo André,128,Santo André,914.11,,,,,,,
440,Parque do Pedroso,32,Santo André,128,Santo André,3164.82,,,,,,,
441,Paranapiacaba,32,Santo André,128,Santo André,8465.27,,,,,,,
442,Capuava,22,Mauá,118,Mauá,1957.14,,,,,,,
443,Mauá,22,Mauá,118,Mauá,1131.35,,,,,,,
444,Jardim Zaíra,22,Mauá,118,Mauá,1240.23,,,,,,,
445,Barão de Mauá,22,Mauá,118,Mauá,604.52,,,,,,,
446,Estrada do Carneiro,22,Mauá,118,Mauá,1268.48,,,,,,,
447,Ribeirão Pires,27,Ribeirão Pires,123,Ribeirão Pires,5256.82,,,,,,,
448,Jardim Santa Luzia,27,Ribeirão Pires,123,Ribeirão Pires,2519.74,,,,,,,
449,Ouro Fino Paulista,27,Ribeirão Pires,123,Ribeirão Pires,2156.26,,,,,,,
450,Parque Sete Pontes,28,Rio Grande da Serra,124,Rio Grande da Serra,1886.11,,,,,,,
451,Rio Grande da Serra,28,Rio Grande da Serra,124,Rio Grande da Serra,1756.13,,,,,,,
452,Planalto,33,São Bernardo do Campo,129,São Bernardo do Campo,1109.34,,,,,,,
453,Paulicéia,33,São Bernardo do Campo,129,São Bernardo do Campo,805.47,,,,,,,
454,Rudge Ramos,33,São Bernardo do Campo,129,São Bernardo do Campo,470.61,,,,,,,
455,Baeta Neves,33,São Bernardo do Campo,129,São Bernardo do Campo,535.87,,,,,,,
456,São Bernardo do Campo,33,São Bernardo do Campo,129,São Bernardo do Campo,742.96,,,,,,,
457,Montanhão,33,São Bernardo do Campo,129,São Bernardo do Campo,1054.93,,,,,,,
458,Demarchi,33,São Bernardo do Campo,129,São Bernardo do Campo,1059.42,,,,,,,
459,Riacho Grande,33,São Bernardo do Campo,129,São Bernardo do Campo,3065.46,,,,,,,
460,Caminho do Mar,33,São Bernardo do Campo,129,São Bernardo do Campo,3925.8,,,,,,,
461,Bairro dos Finco,33,São Bernardo do Campo,129,São Bernardo do Campo,24225.92,,,,,,,
462,Reservatório Billings,33,São Bernardo do Campo,129,São Bernardo do Campo,4043.04,,,,,,,
463,Diadema,8,Diadema,104,Diadema,493.35,,,,,,,
464,Jardim das Nações,8,Diadema,104,Diadema,591.18,,,,,,,
465,Piraporinha,8,Diadema,104,Diadema,763.86,,,,,,,
466,Vila Conceição,8,Diadema,104,Diadema,371.2,,,,,,,
467,Eldorado,8,Diadema,104,Diadema,866.88,,,,,,,
468,Taboão da Serra,38,Taboão da Serra,133,Taboão da Serra,526.97,,,,,,,
469,Jardim Irapuã,38,Taboão da Serra,133,Taboão da Serra,406.71,,,,,,,
470,Parque Pinheiros,38,Taboão da Serra,133,Taboão da Serra,723.48,,,,,,,
471,Parque Industrial,38,Taboão da Serra,133,Taboão da Serra,386.21,,,,,,,
472,Santo Eduardo,9,Embu das Artes,105,Embu das Artes,318.72,,,,,,,
473,São Marcos,9,Embu das Artes,105,Embu das Artes,1868.03,,,,,,,
474,Embu das Artes,9,Embu das Artes,105,Embu das Artes,1469.34,,,,,,,
475,Ressaca,9,Embu das Artes,105,Embu das Artes,3398.73,,,,,,,
476,Itapecerica da Serra,16,Itapecerica da Serra,112,Itapecerica da Serra,7478.56,,,,,,,
477,Jardim Petrópolis,16,Itapecerica da Serra,112,Itapecerica da Serra,4132.43,,,,,,,
478,Embu-Mirim,16,Itapecerica da Serra,112,Itapecerica da Serra,3509.86,,,,,,,
479,São Lourenço da Serra,35,São Lourenço da Serra,131,São Lourenço da Serra,18674.34,,,,,,,
480,Embu-Guaçu,10,Embu-Guaçu,106,Embu-Guaçu,7756.92,,,,,,,
481,Cipó,10,Embu-Guaçu,106,Embu-Guaçu,2226.59,,,,,,,
482,Santa Rita,10,Embu-Guaçu,106,Embu-Guaçu,5614.14,,,,,,,
483,Juquitiba,20,Juquitiba,116,Juquitiba,18447.44,,,,,,,
484,Cascalheira,20,Juquitiba,116,Juquitiba,23368.72,,,,,,,
485,Três Nascentes,80,Juquitiba,116,Juquitiba,10517.08,,,,,,,
486,Barueri,2,Barueri,98,Barueri,1469.12,,,,,,,
487,Aphaville,2,Barueri,98,Barueri,1201.4,,,,,,,
488,Tamboré,2,Barueri,98,Barueri,890.13,,,,,,,
489,Antônio João,2,Barueri,98,Barueri,593.61,,,,,,,
490,Vutopoca,2,Barueri,98,Barueri,473.35,,,,,,,
491,Jardim Silveira,2,Barueri,98,Barueri,312.03,,,,,,,
492,Jardim Belval,2,Barueri,98,Barueri,350.02,,,,,,,
493,Morada dos Lagos,2,Barueri,98,Barueri,1293.93,,,,,,,
494,Cidade Ariston,6,Carapicuíba,102,Carapicuíba,790.35,,,,,,,
495,Carapicuíba,6,Carapicuíba,102,Carapicuíba,776.67,,,,,,,
496,Jardim Planalto,6,Carapicuíba,102,Carapicuíba,422.4,,,,,,,
497,Aldeia de Carapicuíba,6,Carapicuíba,102,Carapicuíba,572.62,,,,,,,
498,Estrada do Jacarandá,6,Carapicuíba,102,Carapicuíba,900.41,,,,,,,
499,Osasco,24,Osasco,120,Osasco,188.93,,,,,,,
500,Vila Yara,24,Osasco,120,Osasco,243.57,,,,,,,
501,Bussocaba City,24,Osasco,120,Osasco,469.51,,,,,,,
502,Nova Granada,24,Osasco,120,Osasco,546.33,,,,,,,
503,Recanto das Rosas,24,Osasco,120,Osasco,389.45,,,,,,,
504,Jardim Novo Osasco,24,Osasco,120,Osasco,354.18,,,,,,,
505,Jardim Veloso,24,Osasco,120,Osasco,678.57,,,,,,,
506,Quitaúna,24,Osasco,120,Osasco,552.51,,,,,,,
507,Jardim Piratininga,24,Osasco,120,Osasco,350.75,,,,,,,
508,Presidente Altino,24,Osasco,120,Osasco,247.56,,,,,,,
509,Munhoz Junior,24,Osasco,120,Osasco,722.7,,,,,,,
510,Rochdale,24,Osasco,120,Osasco,366.25,,,,,,,
511,Mutinga,24,Osasco,120,Osasco,442.02,,,,,,,
512,Três Montanhas,24,Osasco,120,Osasco,957.92,,,,,,,
513,Ribeirão Itaqui,19,Jandira,115,Jandira,356.79,,,,,,,
514,Jandira,19,Jandira,115,Jandira,680.44,,,,,,,
515,Ribeirão das Pombas,19,Jandira,115,Jandira,712.09,,,,,,,
516,Granja Viana,7,Cotia,103,Cotia,1639.63,,,,,,,
517,Fernando Nobre,7,Cotia,103,Cotia,1976.97,,,,,,,
518,Cotia,7,Cotia,103,Cotia,8045.11,,,,,,,
519,Capueira,7,Cotia,103,Cotia,2229.93,,,,,,,
520,Caucaia,7,Cotia,103,Cotia,10265.92,,,,,,,
521,Caucaia do Alto,7,Cotia,103,Cotia,8316.36,,,,,,,
522,Vargem Grande Paulista,39,Vargem Grande Paulista,134,Vargem Grande Paulista,4257.94,,,,,,,
523,Quatro Encruzilhadas,17,Itapevi,113,Itapevi,2101.43,,,,,,,
524,Itapevi,17,Itapevi,113,Itapevi,1070.03,,,,,,,
525,Amador Bueno,17,Itapevi,113,Itapevi,5113.23,,,,,,,
526,Santana de Parnaíba,31,Santana de Parnaíba,127,Santana de Parnaíba,18034.76,,,,,,,
527,Pirapora do Bom Jesus,25,Pirapora do Bom Jesus,121,Pirapora do Bom Jesus,10876.89,,,,,,,
,,,,,,,,,,,,,
,,,,,,796493.2499999998,,,,,,,
,Variável,Conteúdo,Início,Fim,Compr,,,Códigos,,,,,
,,,,,,,,,,,,,
,ZONA,Zona do Domicílio,1,3,3,,1.0,1 a 527,,,,,
,MUNI_DOM,Município de Domicílio,4,5,2,,2.0,1 a 39,,,,,
,CO_DOM_X,Coordenada X Domicílio,6,17,12,,3.0,12 dígitos ,,,,,
,CO_DOM_Y,Coordenada Y Domicílio,18,29,12,,4.0,12 dígitos ,,,,,
,ID_DOM,Identifica Domicílio,30,37,8,,5.0,8 dígitos ,,,,,
,F_DOM,Identifica Primeiro Registro do Domicílio,38,38,1,,6.0,0 - Demais Registros,,,,,
,,,,,,,,1 - Primeiro Registro do Domicílio,,,,,
,FE_DOM,Fator de Expansão do Domicílio,39,49,11,,7.0,"11 dígitos, 6 casas decimais",,,,,
,DOM ,Número do Domicílio,50,53,4,,8.0,,,,,,
,CD_ENTRE,Código de Entrevista,54,54,1,,9.0,1 - Completa com Viagem ,,,,,
,,,,,,,,2 - Completa sem Viagem,,,,,
,DATA,Data da Entrevista,55,65,11,,10.0,,,,,,
,TIPO_DOM,Tipo de Domicílio,66,66,1,,11.0,1 - Particular,,,,,
,,,,,,,,2 - Coletivo,,,,,
,AGUA,Possui água encanada?,67,67,1,,12.0,0 - Não,,,,,
,,,,,,,,1 - Sim ,,,,,
,RUA_PAVI,A rua é pavimentada?,68,68,1,,13.0,0 - Não,,,,,
,,,,,,,,1 - Sim ,,,,,
,NO_MORAD,Total de Moradores no Domicílio,69,70,2,,14.0,,,,,,
,TOT_FAM,Total de Familias no Domicílio,71,71,1,,15.0,,,,,,
,ID_FAM,Identifica Família,72,80,9,,16.0,,,,,,
,F_FAM,Identifica Primeiro Registro da Família,81,81,1,,17.0,0 - Demais Registros,,,,,
,,,,,,,,1 - Primeiro Registro da Família,,,,,
,FE_FAM,Fator de Expansão da Família,82,93,12,,18.0,"11 dígitos, 6 casas decimais",,,,,
,FAMILIA,Número da Família,94,94,1,,19.0,,,,,,
,NO_MORAF,Total de Moradores na Família,95,96,2,,20.0,,,,,,
,CONDMORA,Condição de Moradia,97,97,1,,21.0,1 - Alugada,,,,,
,,,,,,,,2 - Própria,,,,,
,,,,,,,,3 - Cedida,,,,,
,,,,,,,,4 - Outros,,,,,
,,,,,,,,5 - Não Respondeu,,,,,
,QT_BANHO,Banheiros,98,98,1,,22.0,,,,,,
,QT_EMPRE,Empregados Domésticos,99,99,1,,23.0,,,,,,
,QT_AUTO,Automóveis,100,100,1,,24.0,,,,,,
,QT_MICRO,Microcomputadores,101,101,1,,25.0,,,,,,
,QT_LAVALOU,Máquinas de Lava louças,102,102,1,,26.0,,,,,,
,QT_GEL,Geladeiras de uma porta,103,103,1,,27.0,,,,,,
,QT_FREEZ,Freezers,104,104,1,,28.0,,,,,,
,QT_MLAVA,Máquinas de Lavar roupa,105,105,1,,29.0,,,,,,
,QT_DVD,DVDs,106,106,1,,30.0,,,,,,
,QT_MICROON,Microondas,107,107,1,,31.0,,,,,,
,QT_MOTO,Motos,108,108,1,,32.0,,,,,,
,QT_SECAROU,Secadora de roupas,109,109,1,,33.0,,,,,,
,QT_BICICLE,Bicicletas,110,110,1,,34.0,,,,,,
,NAO_DCL_IT,Código de Declaração de Itens de Conforto,111,111,1,,35.0,0 - Não Declarou Itens de Conforto,,,,,
,,,,,,,,1 - Declarou Itens de Conforto,,,,,
,CRITERIOBR,Critério de Classificação Econômica Brasil,112,112,1,,36.0,1 - A,,,,,
,,,,,,,,2 - B1,,,,,
,,,,,,,,3 - B2,,,,,
,,,,,,,,4 - C1,,,,,
,,,,,,,,5 - C2,,,,,
,,,,,,,,6 -  D e E,,,,,
,PONTO_BR,Pontos Critério Brasil,113,114,2,,37.0,,,,,,
,ANO_AUTO1,Ano Fabricação do Auto 1,115,118,4,,38.0,,,,,,
,ANO_AUTO2,Ano Fabricação do Auto 2,119,122,4,,39.0,,,,,,
,ANO_AUTO3,Ano Fabricação do Auto 3,123,126,4,,40.0,,,,,,
,RENDA_FA,Renda Familiar Mensal,127,135,9,,41.0,"9 dígitos, 2 casas decimais",,,,,
,CD_RENFA,Código de Renda Familiar Mensal,136,136,1,,42.0,1 - Renda Familiar Declarada e Maior que Zero,,,,,
,,,,,,,,2 - Renda Familiar Declarada como Zero,,,,,
,,,,,,,,3 - Renda Atribuída pelo Critério Brasil,,,,,
,,,,,,,,4 - Renda Atribuída pela Média da Zona,,,,,
,ID_PESS,Identifica Pessoa,137,147,11,,43.0,,,,,,
,F_PESS,Identifica Primeiro Registro da Pessoa,148,148,1,,44.0,0 - Demais registros,,,,,
,,,,,,,,1 - Primeiro registro da pessoa,,,,,
,FE_PESS,Fator de Expansão da Pessoa,149,159,11,,45.0,11 dígitos 6 casas decimais,,,,,
,PESSOA,Número da Pessoa,160,161,2,,46.0,,,,,,
,SIT_FAM,Situação Familiar,162,162,1,,47.0,1 - Pessoa Responsável,,,,,
,,,,,,,,2 - Cônjuge/Companheiro(a),,,,,
,,,,,,,,3 - Filho(a)/Enteado(a),,,,,
,,,,,,,,4 - Outro Parente,,,,,
,,,,,,,,5 - Agregado,,,,,
,,,,,,,,6 - Empregado Residente,,,,,
,,,,,,,,7 - Parente do Empregado Residente,,,,,
,IDADE,Idade (em anos),163,165,3,,48.0,(anos),,,,,
,SEXO,Sexo,166,166,1,,49.0,1 - Masculino,,,,,
,,,,,,,,2 - Feminino,,,,,
,,,,,,,,3 - Não respondeu,,,,,
,RAÇA,Raça / Cor,167,167,1,,50.0,1 -Branca,,,,,
,,,,,,,,2 - Preta,,,,,
,,,,,,,,3 - Amarela,,,,,
,,,,,,,,4 - Parda,,,,,
,,,,,,,,5 – Indígena,,,,,
,,,,,,,,6 - Sem declaração,,,,,
,ESTUDA,Estuda Atualmente?,168,168,1,,51.0,1 - Não,,,,,
,,,,,,,,2 - Creche/Pré-Escola,,,,,
,,,,,,,,3 - 1º Grau /Fundamental,,,,,
,,,,,,,,4 - 2º Grau/Médio,,,,,
,,,,,,,,5 – Superior/Universitário,,,,,
,,,,,,,,6 - Outros,,,,,
,GRAU_INS,Grau de Instrução,169,169,1,,52.0,1 - Não Alfabetizado/Fundamental I Incompleto,,,,,
,,,,,,,,2 - Fundamental I Completo/Fundamental II Incompleto,,,,,
,,,,,,,,3 - Fundamental II Completo/Médio Incompleto,,,,,
,,,,,,,,4 - Médio Completo/Superior Incompleto,,,,,
,,,,,,,,5 - Superior Completo,,,,,
,CD_ATIVI,Condição de Atividade,170,170,1,,53.0,1 - Tem trabalho regular,,,,,
,,,,,,,,2 - Faz bico,,,,,
,,,,,,,,3 - Em Licença Médica,,,,,
,,,,,,,,4 - Aposentado/Pensionista,,,,,
,,,,,,,,5 - Sem Trabalho,,,,,
,,,,,,,,6 - Nunca Trabalhou,,,,,
,,,,,,,,7 - Dona de Casa,,,,,
,,,,,,,,8 - Estudante,,,,,
,CO_REN_I,Condição da Renda Individual,171,171,1,,54.0,1 - Tem Renda,,,,,
,,,,,,,,2 - Não Tem Renda,,,,,
,,,,,,,,3 - Não Respondeu,,,,,
,VL_REN_I,Valor da Renda Individual,172,180,9,,55.0,"9 dígitos, 2 casas decimais",,,,,
,ID_TRANSP_PANDEMIA,Deixou de usar algum modo de transporte habitual por causa da pandemia?,181,181,1,,56.0,N - Não,,,,,
,,,,,,,,S - Sim ,,,,,
,ID_NAO_USOU_TRANSP1,Deixou de usar metrô/monotrilho?,182,182,1,,57.0,N - Não,,,,,
,,,,,,,,S - Sim ,,,,,
,ID_NAO_USOU_TRANSP2,Deixou de usar trem?,183,183,1,,58.0,N - Não,,,,,
,,,,,,,,S - Sim ,,,,,
,ID_NAO_USOU_TRANSP3,Deixou de usar ônibus/micro-ônibus/van?,184,184,1,,59.0,N - Não,,,,,
,,,,,,,,S - Sim ,,,,,
,ID_NAO_USOU_TRANSP4,Deixou de usar transporte fretado?,185,185,1,,60.0,N - Não,,,,,
,,,,,,,,S - Sim ,,,,,
,ID_NAO_USOU_TRANSP5,Deixou de usar transporte escolar?,186,186,1,,61.0,N - Não,,,,,
,,,,,,,,S - Sim ,,,,,
,ID_NAO_USOU_TRANSP6,Deixou de usar automóvel - dirigindo ou passageiro?,187,187,1,,62.0,N - Não,,,,,
,,,,,,,,S - Sim ,,,,,
,ID_NAO_USOU_TRANSP7,Deixou de usar táxi convencional?,188,188,1,,63.0,N - Não,,,,,
,,,,,,,,S - Sim ,,,,,
,ID_NAO_USOU_TRANSP8,Deixou de usar táxi não convencional/aplicativo?,189,189,1,,64.0,N - Não,,,,,
,,,,,,,,S - Sim ,,,,,
,ID_NAO_USOU_TRANSP9,Deixou de usar moto - dirigindo ou passageiro?,190,190,1,,65.0,N - Não,,,,,
,,,,,,,,S - Sim ,,,,,
,ID_NAO_USOU_TRANSP10,Deixou de usar bicicleta?,191,191,1,,66.0,N - Não,,,,,
,,,,,,,,S - Sim ,,,,,
,ZONA_ESC,Zona da Escola,192,194,3,,67.0,1 a 527 ou 999 quando for zona externa,,,,,
,MUNIESC,Município da Escola,195,196,2,,68.0,1 a 39 ou 99 quando for município externo,,,,,
,CO_ESC_X,Coordenada X Escola,197,208,12,,69.0,12 dígitos ,,,,,
,CO_ESC_Y,Coordenada Y Escola,209,220,12,,70.0,12 dígitos ,,,,,
,TIPO_ESC,Tipo de Escola,221,221,1,,71.0,1 - Pública,,,,,
,,,,,,,,2 - Particular,,,,,
,CD_PRES_HIB_esc,Como participa das aulas?,222,222,1,,72.0,1 - Presencial o tempo todo,,,,,
,,,,,,,,2 - Remoto o tempo todo,,,,,
,,,,,,,,3 - Híbrido,,,,,
,CD_TIPO_HIBRIDO_esc,"Se ensino híbrido, com que frequência presencial?",223,223,1,,73.0,1 - dias por semana,,,,,
,,,,,,,,2 - dias por mês,,,,,
,,,,,,,,3 - semanas por mês,,,,,
,QT_HIBRIDO_esc,"Nº  dias/semana referente à frequência presencial, no formato híbrido",224,224,1,,74.0,,,,,,
,ZONATRA1,Zona do Primeiro Trabalho,225,227,3,,75.0,1 a 527ou 999 quando for zona externa,,,,,
,MUNITRA1,Município do Primeiro Trabalho,228,229,2,,76.0,1 a 39 ou 99 quando for município externo,,,,,
,CO_TR1_X,Coordenada X 1º Trabalho,230,236,7,,77.0,12 dígitos ,,,,,
,CO_TR1_Y,Coordenada Y 1º Trabalho,237,243,7,,78.0,12 dígitos,,,,,
,TRAB1_RE,Primeiro Trabalho é igual a Residência ?,244,244,1,,79.0,1 - Sim,,,,,
,,,,,,,,2 - Não,,,,,
,,,,,,,,3 - Sem endereço fixo,,,,,
,TRABEXT1,Realiza Trabalho Externo-1º Trabalho,245,245,1,,80.0,1 - Sim,,,,,
,,,,,,,,2 - Não,,,,,
,DS_OCUP_TRAB1,Descrição da ocupação do 1º Trabalho,246,315,70,,81.0,,,,,,
,SETOR1,Setor de Atividade do 1º Trabalho,316,317,2,,82.0,1 - Agrícola,,,,,
,,,,,,,,2 - Construção Civil,,,,,
,,,,,,,,3 - Indústria,,,,,
,,,,,,,,4 - Comércio,,,,,
,,,,,,,,5 - Serviço de Transporte de Carga,,,,,
,,,,,,,,6 - Serviço de Transporte de Passageiros,,,,,
,,,,,,,,7 - Serviço Creditício-financeiro,,,,,
,,,,,,,,8 - Serviço Pessoal,,,,,
,,,,,,,,9 - Serviço de Alimentação,,,,,
,,,,,,,,10 - Serviço de Saúde,,,,,
,,,,,,,,11 - Serviço de Educação,,,,,
,,,,,,,,12 - Serviço Especializado,,,,,
,,,,,,,,13 - Serviço de Administração Pública,,,,,
,,,,,,,,14 - Outros Serviços,,,,,
,VINC1,Vínculo Empregatício do 1º Trabalho,318,318,1,,83.0,1 - Assalariado com carteira,,,,,
,,,,,,,,2 - Assalariado sem carteira,,,,,
,,,,,,,,3 - Funcionário público,,,,,
,,,,,,,,4 - Profissional Liberal,,,,,
,,,,,,,,5 - Autônomo com CNPJ,,,,,
,,,,,,,,6 - Autônomo sem CNPJ,,,,,
,,,,,,,,7 - Empregador,,,,,
,,,,,,,,8 - Dono de Negócio Familiar,,,,,
,,,,,,,,9 - Trabalhador familiar,,,,,
,CD_PRES_HIB_t1,Forma de trabalho 1 para quem tem trabalho regular ou faz bico,319,319,1,,84.0,1 - Só presencial,,,,,
,,,,,,,,2 - Só home office / teletrabalho,,,,,
,,,,,,,,3 - Híbrido,,,,,
,CD_TIPO_HIBRIDO_t1,"Se trabalho 1 é híbrido, com que frequência presencial?",320,320,1,,85.0,1 - Dias por semana,,,,,
,,,,,,,,2 - Dias por mês,,,,,
,,,,,,,,3 - semanas por mês,,,,,
,QT_HIBRIDO_t1,"Nº  dias/semana referente à frequência presencial, no formato híbrido",321,321,1,,86.0,,,,,,
,ZONATRA2,Zona do 2º Trabalho,322,324,3,,87.0,1 a 527 ou 999 quando for zona externa,,,,,
,MUNITRA2,Município do 2º Trabalho,325,326,2,,88.0,1 a 39 ou 99 quando for município externo,,,,,
,CO_TR2_X,Coordenada X 2º Trabalho,327,338,12,,89.0,12 dígitos ,,,,,
,CO_TR2_Y,Coordenada Y 2º Trabalho,339,350,12,,90.0,12 dígitos ,,,,,
,TRAB2_RE,Segundo Trabalho é igual a residência ?,351,351,1,,91.0,1 - Sim,,,,,
,,,,,,,,2 - Não,,,,,
,,,,,,,,3 - Sem endereço fixo,,,,,
,TRABEXT2,Realiza Trabalho Externo-2º Trabalho,352,352,1,,92.0,1 - Sim,,,,,
,,,,,,,,2 - Não,,,,,
,DS_OCUP_TRAB2,Descrição da ocupação do 2º Trabalho,353,422,70,,93.0,idem à 1º Ocupação,,,,,
,SETOR2,Setor de Atividade do 2º Trabalho,423,424,2,,94.0,idem ao 1º Setor de Atividade,,,,,
,VINC2,Vínculo Empregatício do 2º Trabalho,425,425,1,,95.0,idem ao 1º Vínculo Empregatício,,,,,
,CD_PRES_HIB_t2,Forma de trabalho 2 para quem tem trabalho regular ou faz bico,426,426,1,,96.0,1 - Só presencial,,,,,
,,,,,,,,2 - Só home office / teletrabalho,,,,,
,,,,,,,,3 - Híbrido,,,,,
,CD_TIPO_HIBRIDO_t2,"Se trabalho 2 é híbrido, com que frequência presencial?",427,427,1,,97.0,1 - Dias por semana,,,,,
,,,,,,,,2 - Dias por mês,,,,,
,,,,,,,,3 - semanas por mês,,,,,
,QT_HIBRIDO_t2,"Nº  dias/semana referente à frequência presencial, no formato  híbrido",428,428,1,,98.0,,,,,,
,N_VIAG,Número da Viagem,429,430,2,,99.0,,,,,,
,FE_VIA,Fator de Expansão de Viagem,431,442,12,,100.0," 12 dígitos, 10 casas decimais",,,,,
,DIA_SEM,Dia da Semana,443,443,1,,101.0,2 - Segunda-feira,,,,,
,,,,,,,,3 - Terça-feira,,,,,
,,,,,,,,4 - Quarta-feira,,,,,
,,,,,,,,5 - Quinta-feira,,,,,
,,,,,,,,6 - Sexta-feira,,,,,
,TOT_VIAG,Total de Viagens da Pessoa,444,445,2,,102.0,,,,,,
,ZONA_O,Zona de Origem,446,448,3,,103.0,1 a 527,,,,,
,MUNI_O,Município de Origem,449,450,2,,104.0,1 a 39,,,,,
,CO_O_X,Coordenada X Origem,451,462,12,,105.0,12 dígitos ,,,,,
,CO_O_Y,Coordenada Y Origem,463,474,12,,106.0,12 dígitos ,,,,,
,ZONA_D,Zona de Destino,475,477,3,,107.0,1 a 527,,,,,
,MUNI_D,Município de Destino,478,479,2,,108.0,1 a 39,,,,,
,CO_D_X,Coordenada X Destino,480,491,12,,109.0,12 dígitos ,,,,,
,CO_D_Y,Coordenada Y Destino,492,503,12,,110.0,12 dígitos ,,,,,
,ZONA_T1,Zona da 1ª Transferência,504,506,3,,111.0,1 a 527,,,,,
,MUNI_T1,Município 1ª Transferência,507,508,2,,112.0,1 a 39,,,,,
,CO_T1_X,Coordenada X 1ª Transferência,509,520,12,,113.0,12 dígitos ,,,,,
,CO_T1_Y,Coordenada Y 1ª Transferência,521,532,12,,114.0,12 dígitos ,,,,,
,ZONA_T2,Zona da 2ª Transferência,533,535,3,,115.0,1 a 527,,,,,
,MUNI_T2,Município 2ª Transferência,536,537,2,,116.0,1 a 39,,,,,
,CO_T2_X,Coordenada X 2ª Transferência,538,549,12,,117.0,12 dígitos ,,,,,
,CO_T2_Y,Coordenada Y 2ª Transferência,550,561,12,,118.0,12 dígitos ,,,,,
,ZONA_T3,Zona da 3ª Transferência,562,564,3,,119.0,1 a 527,,,,,
,MUNI_T3,Município 3ª Transferência,565,566,2,,120.0,1 a 39,,,,,
,CO_T3_X,Coordenada X 3ª Transferência,567,578,12,,121.0,12 dígitos ,,,,,
,CO_T3_Y,Coordenada Y 3ª Transferência,579,590,12,,122.0,12 dígitos ,,,,,
,MOTIVO_O,Motivo na Origem,591,592,2,,123.0,1 - Trabalho Indústria,,,,,
,,,,,,,,2 - Trabalho Comércio,,,,,
,,,,,,,,3 - Trabalho Serviços,,,,,
,,,,,,,,4 - Escola/Educação,,,,,
,,,,,,,,5 - Compras,,,,,
,,,,,,,,6 - Médico/Dentista/Saúde,,,,,
,,,,,,,,7 - Recreação/Visitas/Lazer,,,,,
,,,,,,,,8 - Residência,,,,,
,,,,,,,,9 - Procurar Emprego,,,,,
,,,,,,,,10 - Assuntos Pessoais,,,,,
,,,,,,,,11 - Refeição,,,,,
,MOTIVO_D,Motivo no Destino,593,594,2,,124.0,idem ao anterior,,,,,
,MOTIVO,Motivo,595,596,2,,125.0,1 - Trabalho Indústria,,,,,
,,,,,,,,2 - Trabalho Comércio,,,,,
,,,,,,,,3 - Trabalho Serviços,,,,,
,,,,,,,,4 - Escola/Educação,,,,,
,,,,,,,,5 - Compras,,,,,
,,,,,,,,6 - Médico/Dentista/Saúde,,,,,
,,,,,,,,7 - Recreação/Visitas/Lazer,,,,,
,,,,,,,,8 - Residência,,,,,
,,,,,,,,9 - Procurar Emprego,,,,,
,,,,,,,,10 - Assuntos Pessoais,,,,,
,,,,,,,,11 - Refeição,,,,,
,SERVIR_O,Servir Passageiro na Origem ,597,597,1,,126.0,1 - Sim,,,,,
,,,,,,,,2 - Não,,,,,
,SERVIR_D,Servir Passageiro no Destino,598,598,1,,127.0,1 - Sim,,,,,
,,,,,,,,2 - Não,,,,,
,MODO1,Modo 1,599,600,2,,128.0,01 - Metrô,,,,,
,,,,,,,,02 - Trem,,,,,
,,,,,,,,03 - Monotrilho,,,,,
,,,,,,,,04 - Ônibus/micro-ônibus/van do município de São Paulo,,,,,
,,,,,,,,05 - Ônibus/micro-ônibus/van de outros municípios,,,,,
,,,,,,,,06 - Ônibus/micro-ônibus/van metropolitano,,,,,
,,,,,,,,07 - Transporte Fretado,,,,,
,,,,,,,,08 - Transporte Escolar,,,,,
,,,,,,,,09 - Dirigindo Automóvel,,,,,
,,,,,,,,10 - Passageiro de Automóvel,,,,,
,,,,,,,,11 - Táxi Convencional,,,,,
,,,,,,,,12 - Táxi não Convencional / aplicativo,,,,,
,,,,,,,,13 - Dirigindo Moto,,,,,
,,,,,,,,14 - Passageiro de Moto,,,,,
,,,,,,,,15 - Passageiro de Mototáxi,,,,,
,,,,,,,,16 - Bicicleta,,,,,
,,,,,,,,17 - A Pé,,,,,
,,,,,,,,18 - Outros,,,,,
,MODO2,Modo 2,601,602,2,,129.0,idem ao anterior,,,,,
,MODO3,Modo 3,603,604,2,,130.0,idem ao anterior,,,,,
,MODO4,Modo 4,605,606,2,,131.0,idem ao anterior,,,,,
,H_SAIDA,Hora de Saída,607,608,2,,132.0,Hora de Saída,,,,,
,MIN_SAIDA,Minuto de Saída,609,610,2,,133.0,Minuto de Saída,,,,,
,ANDA_O,Tempo Andando na Origem,611,612,2,,134.0,Em minutos,,,,,
,H_CHEG,Hora de Chegada,613,614,2,,135.0,Hora de Chegada,,,,,
,MIN_CHEG,Minuto de Chegada,615,616,2,,136.0,Minuto de Chegada,,,,,
,ANDA_D,Tempo Andando no Destino,617,618,2,,137.0,Em minutos,,,,,
,DURACAO,Duração da Viagem em minutos,619,621,3,,138.0,Em minutos,,,,,
,MODOPRIN,Modo Principal da Viagem,622,623,2,,139.0,idem ao MODO1,,,,,
,TIPVG,Tipo de Viagem ,624,624,1,,140.0,1 - Coletivo,,,,,
,,,,,,,,2 - Individual,,,,,
,,,,,,,,3 - A pé,,,,,
,,,,,,,,4 - Bicicleta,,,,,
,TP_ESAUTO,Tipo de Estacionamento do Automóvel / Moto,625,625,1,,141.0,1 - Não estacionou,,,,,
,,,,,,,,2 - Zona azul,,,,,
,,,,,,,,3 - Patrocinado,,,,,
,,,,,,,,4 - Proprio,,,,,
,,,,,,,,5 - Meio-fio,,,,,
,,,,,,,,6 - Avulso,,,,,
,,,,,,,,7 - Mensal,,,,,
,,,,,,,,8 - Não respondeu,,,,,
,VL_EST,Valor do Estacionamento do Automóvel / Moto,626,631,6,,142.0,"6 dígitos, 2 casas decimais",,,,,
,PE_BICI,Por Que Viajou A Pé ou Bicicleta?,632,632,1,,143.0,1 - Pequena distância,,,,,
,,,,,,,,2 - Condução cara,,,,,
,,,,,,,,3 - Ponto/Estação distante,,,,,
,,,,,,,,4 - Condução demora para passar,,,,,
,,,,,,,,5 - Viagem demorada,,,,,
,,,,,,,,6 - Condução lotada,,,,,
,,,,,,,,7 - Atividade física,,,,,
,,,,,,,,8 - Medo de contágio,,,,,
,,,,,,,,9 - Outros motivos,,,,,
,TP_ESTBICI,Tipo de Estacionamento Bicicleta,633,633,1,,144.0,1 - Não Estacionou,,,,,
,,,,,,,,2 - Bicicletário gratuito,,,,,
,,,,,,,,3 - Bicicletário pago,,,,,
,,,,,,,,4 - Outro Local,,,,,
,PROP_BICI,Propriedade da Bicicleta,,,,,145.0,1 - Própria,,,,,
,,,,,,,,2 - Compartilhada,,,,,
,DISTANCIA,Distância em linha reta (em metros),634,641,8,,146.0,"8 dígitos, 2 casas decimais",,,,,
,ID_ORDEM,Número de Ordem do registro,642,647,6,,147.0,De 1 a 143.038,,,,,
,,,,,,,,,Dados Gerais por Zona de Pesquisa – 2023,,,,
,,,,,,,,,Região Metropolitana de São Paulo,,,,
,,,, ,,,,,Pesquisa Origem e Destino 2023,,,,
,,,,,,,,,Companhia do Metropolitano de São Paulo ,,,,
,,,,,,,,,,,,,
,,,,,Matrículas,,,,,Automóveis,Viagens,Viagens,
,Nome,Domicílios,Famílias,População,Escolares,Empregos,,,Zona ,Particulares,Produzidas,Atraidas,Área (ha)
,,,,,,,,,,,,,
,Sé,1617,1617,3600.0000000000027,11617.914569755305,65917.90133842189,,,1,776.1600000000004,90354.71318864785,90484.93010347645,57.1
,Parque Dom Pedro,1820,1820,4245.000000000002,1509.2644000102675,50551.67750735027,,,2,837.1999999999998,82803.37377794036,83071.2200243859,113.64
,Praça João Mendes,7436,7436,16579.00000000003,5051.936304438735,18142.38791201251,,,3,1895.4509803921508,48907.089650345166,48945.079567044566,47.75
,Ladeira da Memória,13462,13462,24905.99999999999,2847.250152147567,24904.184596831543,,,4,3769.359999999999,64346.592454550795,64564.669836865156,75.11
,República,8655,8655,15099,4107.699001969872,82670.40497522708,,,5,4673.699999999999,124858.89992210451,125836.14802633482,74.95
,Santa Ifigênia,9831,9831,22224,1015.8105585205727,36623.04827709633,,,6,1207.315789473682,67199.58502419128,68300.66963757054,82.93
,Luz,5688,5688,14849.000000000004,4810.152289030547,31034.428300396503,,,7,2275.2000000000003,61550.15410215638,63292.33471213413,154.6
,Bom Retiro,4251,4251,11873.99999999999,4762.7023966708,12713.333213649325,,,8,1700.3999999999999,29053.137358950262,29012.66982299408,143.01
,Ponte Pequena,2766,2766,7629.999999999996,7061.544300663622,13429.145993881606,,,9,1106.4000000000003,31191.716553196817,30083.834954855545,129.78
,Canindé,451,451,2133.9999999999995,6138.353369186836,9677.396530598795,,,10,189.42,20485.39303589068,20773.52315895245,82.61
,Bom Jardim,1496,1496,4345,1405.7632352844003,3788.182302557438,,,11,762.6666666666658,10704.024128043206,10719.471916868086,49.85
,Pari,3667,3667,11311.000000000002,2745.6328301295844,20527.32570577742,,,12,1906.8399999999997,43301.013171381936,45471.18863393922,140.16
,João Teodoro,324,324,810.0000000000005,557.9827097295617,20784.4966905798,,,13,207.35999999999996,30766.569738738897,30726.367154126005,39.32
,Oriente,657,657,1699.9999999999986,3526.0016832827687,21078.696666487118,,,14,236.51999999999998,44728.287341965224,45775.21218561604,69.88
,Bresser,3590,3590,8591.999999999998,540.2470228172119,15617.069743792865,,,15,1267.0588235294117,25448.06083841737,25611.55962531825,76.98
,Brás,8541,8541,19412,3765.4605994925555,15020.80785328077,,,16,3587.2200000000007,50212.851069039156,50736.55093965155,109.08
,Gasômetro,3473,3508.8041237113403,9199,493.08553148604256,9175.273608178397,,,17,1038.3195876288664,24615.476086172945,24615.810840410722,69.35
,Independência,11339,11339,26659.999999999996,3889.058622827478,25788.172583101616,,,18,5896.280000000001,65313.65562334278,67130.32279664223,253.75
,Cambuci,8228,8228,19625.000000000004,7335.8637786092,13307.5420785669,,,19,6803.923076923067,41691.72493216526,41672.64105073378,140.43
,Glicério,10954,10954,24683.00000000002,2376.0989114778336,12202.751202952186,,,20,5868.214285714292,41114.687912132526,41105.54562358918,108.02
,Aclimação,7489,7489,16704.00000000001,3321.677961331962,8856.930935264969,,,21,5643.884057971016,25775.832632180154,26105.270176558337,113.62
,Pires da Mota,5806,5806,11410.99999999999,2584.357967382758,6685.493442369576,,,22,3761.633802816897,21681.266478529255,21877.974434013373,50.03
,Centro Cultural,2258,2258,4161.999999999999,30456.393997230483,12186.058896672641,,,23,993.5199999999995,42228.61142685217,42399.19411440801,33.24
,Liberdade,5434,5434,10737.000000000005,40868.75815079893,21481.434717687545,,,24,2130.9803921568605,56939.29689512017,57451.61180352167,59.49
,Treze de Maio,8566,8566,16745.999999999993,2126.7094087069177,10432.341884794221,,,25,3255.0800000000004,29301.55082941602,29002.00066318458,42.85
,Bexiga,5959,5959,11824,10397.382982058725,12226.14385816425,,,26,1906.8800000000006,31464.56876549056,31780.245912732233,51.76
,Bela Vista,7632,7632,15414.000000000013,14723.294491142426,48486.434832929786,,,27,6571.999999999999,89261.98973916528,90491.08295812001,93.8
,São Carlos do Pinhal,3814,3814,7389.999999999998,10818.144540834535,21316.10025219158,,,28,2479.099999999997,46075.45979483203,45582.877317438004,31.03
,Masp,5988,5988,10140.999999999995,7470.392839076496,71740.99433901737,,,29,4757.589041095893,99432.82973160851,98946.8100333717,57.27
,Higienópolis,7987,8040.604026845638,16786.999999999978,3113.484671578429,12710.045130715327,,,30,7075.731543624168,38017.7123910962,37543.289617843395,67.81
,Vila Buarque,12925,12925,22442.999999999967,29915.138493873164,27450.62992455492,,,31,5539.285714285711,99431.46590363875,98984.87010946091,89.58
,Consolação,4018,4018,7339.000000000006,13189.461176560484,53924.99540580617,,,32,2377.316666666666,79447.22869932331,80476.82918588324,57.23
,Pacaembu,536,536,1537.9999999999986,852.785056211162,1303.3996977667275,,,33,690.440677966102,6125.67245494721,6128.364405674288,90.45
,FAAP,2775,2775,6464.999999999993,4586.991980287337,9644.478602708006,,,34,2890.625,22049.623932642142,22260.375266878473,74.45
,Santa Cecília,17808,17808,34564.00000000001,5619.956308437703,48413.83759059143,,,35,7770.763636363633,96707.09465133217,96915.40586543428,144.09
,Marechal Deodoro,18836,18836,39379.99999999999,7377.963327622761,35805.89535315746,,,36,11041.793103448299,88651.95748959579,88647.0134011647,142.2
,Rudge,4069,4069,9039.999999999996,843.4174773109296,11338.286983471045,,,37,2848.300000000001,20874.54749219628,21660.47587014574,84.73
,Catumbi,1938,1938,5524.000000000002,1140.339191861127,4018.214581060969,,,38,1201.56,11443.814885882653,11650.487129630268,81.44
,Belém,4833,4833,13216.000000000018,2373.3088200501616,12392.482715872611,,,39,2653.4117647058815,31186.291523905347,30191.200983086754,160.71
,Quarta Parada,3308,3363.133333333333,8209.999999999989,4404.894360512387,12144.098551819778,,,40,2343.166666666667,32548.450290032146,32449.225626554326,127.4
,Belenzinho,8869,8869,23310.000000000004,6144.0977529227775,19041.727030549373,,,41,7588.938144329901,55169.010315885935,55027.85882824786,180.11
,Celso Garcia,2405,2597.4,6911,226.41918595437687,7209.643987048576,,,42,865.8000000000003,17408.146101202477,17404.93171330318,63.89
,Mooca,12389,12475.034722222223,32093.999999999935,20007.451081826883,30181.657694378617,,,43,10152.097222222234,76050.22917084204,77316.34655172194,271.79
,Alto da Mooca,6871,6871,16950.00000000001,2125.4853022153184,19232.33606616831,,,44,4715.3921568627275,52753.209815495095,53995.62767598865,141.65
,Parque da Mooca,13462,13462,33846.00000000002,12959.584571940504,37254.91796477056,,,45,12069.37931034483,87656.22517211718,87466.33297001361,381.42
,Água Rasa,15064,15365.28,37112.999999999985,9147.931916589627,13438.704258898237,,,46,12352.479999999996,57525.32632742727,58439.76971997372,315.81
,Vila Bertioga,10860,10860,26004.99999999998,3979.0590821305877,8697.65957366869,,,47,8687.999999999996,32435.443911438044,32421.678501101436,195.28
,Regente Feijó,10194,10194,24802.000000000015,3722.0684729605314,13334.201997132643,,,48,9990.120000000003,38438.89529641635,39094.180921412495,203.96
,Ana Rosa,7226,7226,14861.000000000004,4609.1039547976125,18304.767961771773,,,49,5096.231578947367,37470.99270156943,37468.50178237656,94.46
,Jardim da Glória,4033,4033,9561.999999999996,1477.389642976283,3819.6883980298035,,,50,2763.3518518518526,17471.5840163012,17482.055053245746,88.43
,Chácara Klabin,6808,6808,15885.000000000018,3196.2608312016296,8586.483367656087,,,51,9489.93939393938,28358.775577672965,28358.775577672965,97.57
,Vila Mariana,4516,4516,9522.999999999998,2190.114353980489,9582.157423275998,,,52,3432.16,24349.52341124725,24103.366985026463,59.61
,Santa Cruz,6060,6060,14055.999999999987,6504.819675502496,21924.277520987354,,,53,6060.000000000021,56067.537652641695,55915.87691150279,108.52
,Vila Clementino,4025,4025,8445.000000000007,3190.5328195329375,27773.68957720123,,,54,2616.2500000000027,56464.11199509055,59177.35044105615,93.7
,França Pinto,6897,6897,15479.000000000002,19353.739608791235,15882.859280126868,,,55,5655.540000000001,50720.12541445516,51261.4810957191,112.14
,Rodrigues Alves,9830,10095.675675675675,20418.999999999978,12281.71266744088,21082.895116144588,,,56,5712.027027027036,54269.97887583902,53773.605704563335,103.55
,Paraíso,10013,10013,22219.000000000015,5889.011743139696,45684.707933088146,,,57,7445.564102564107,69599.06483575996,67029.45026755317,96.28
,Bosque da Saúde,14751,14907.925531914894,34327.00000000001,4205.685016729671,17772.216540136495,,,58,10514.010638297907,63417.88629145081,62963.22265820465,169.91
,Saúde,21941,21941,50121.000000000015,7805.304069492166,29496.62689349747,,,59,12189.444444444449,85926.14425692413,85641.89865593535,260.81
,Planalto Paulista,8126,8126,20675,1804.3841460094104,17182.361267988115,,,60,5375.661538461554,41358.06800087308,41843.90827659072,321.66
,Mirandópolis,12200,12200,26537.999999999975,3839.49065529108,18180.25539012243,,,61,7320,53212.96702823399,52917.21475803915,173.45
,Parque Ibirapuera,2201,2201,4939,4309.57599049246,15433.376053642987,,,62,2304.171875,39924.18836965567,39243.55741638875,283.7
,Jardim Luzitânia,777,777,2049.999999999999,419.1957994287752,14897.299635767773,,,63,877.2580645161295,29148.942531117096,29304.31261904209,103.07
,Moema,14530,14530,31339.99999999999,4419.0098044537035,42155.25329674909,,,64,14098.415841584167,91244.95190374227,90388.57896801307,175.13
,Vila Helena,12116,12116,26311.999999999956,12032.718332920866,17514.53515770744,,,65,15750.800000000063,53475.6245509787,53456.40538962199,104.82
,Bandeirantes,4899,4899,10381.999999999993,4093.847623898134,24358.98065886059,,,66,5858.597938144333,60867.787294844595,61154.93600947613,133.42
,Vila Nova Conceição,3932,3932,8911.000000000004,1307.0445978122236,12323.519266195035,,,67,3931.999999999997,25489.995747420497,24866.579739942954,112.48
,Chácara Itaim,12357,12357,25599.99999999998,4304.712563368687,79343.2302196721,,,68,7958.745762711879,104287.84222496384,103808.30385500933,204.01
,Vila Olímpia,5505,5505,10651.999999999985,4273.257049631143,41067.28477711204,,,69,3980.5384615384605,62533.68717071357,63193.09966438326,89.63
,Hélio Pelegrino,6636,6636,13371,13735.00000830244,24646.39250643009,,,70,5881.909090909099,52632.13833694021,54311.323739004234,103.38
,Brooklin,14170,14170,31300.999999999985,6013.760659214267,27789.989550644485,,,71,15587.000000000022,81529.9131393278,80489.56584852326,234.25
,Vila Cordeiro,5919,5919,13179.000000000007,6717.618656286401,27814.22992324425,,,72,6392.520000000002,39627.228865360674,39501.933629127816,176.69
,Berrini,4585,4585,9870,481.8192942554278,153383.2535685865,,,73,5094.444444444444,152132.13015914592,153299.42588299362,197.39
,Campinas,5775,5775,11524.000000000007,8493.385467519516,52342.858999179276,,,74,5827.981651376146,72776.11459729573,72799.5825687388,49.08
,Pamplona,6478,6478,13238.999999999978,992.023873838618,15371.672831463451,,,75,4269.590909090907,27433.58219726964,27294.814855231816,51.34
,Jardins,3949,3949,9248.999999999982,2274.410694340659,15268.059184208572,,,76,3786.7123287671316,31339.86595912564,30770.50602959664,237.7
,Clínicas,11386,11386,22332,5178.592079455801,43640.9373288517,,,77,11040.969696969727,83607.42972977318,85828.88180679746,128.72
,Oscar Freire,8638,8695.586666666666,17995.00000000001,716.9159823079574,25746.23315999315,,,78,10480.773333333334,44947.28556286219,44964.23891791095,100.01
,Trianon,4751,4751,9554.000000000002,5948.947707679391,45115.7292116792,,,79,3598.1838235294126,78663.31501339843,80508.19863167034,59.81
,Jardim Paulistano,9634,9634,19074.999999999967,3762.6816756109174,31037.266141462613,,,80,5716.17333333334,58479.03227208226,58917.466903111475,98.98
,Jardim Europa,4770,4770,11912.000000000005,2337.520597775751,46646.546813840985,,,81,7675.363636363647,57313.34097635241,57360.88364243042,308.02
,Pinheiros,6286,6286,12397.999999999996,5047.416788103132,72610.17160238058,,,82,4774.942307692306,110937.63805460432,112660.9660546715,202.58
,Vila Madalena,11245,11245,23378.99999999998,7877.415372193345,33714.53213040919,,,83,9445.800000000017,68413.74707630232,68556.5381209099,219.31
,PUC,7440,7440,16697.999999999978,13645.100791116698,15663.625754744591,,,84,6916.056338028165,48355.408367542346,48295.51163464559,73.32
,Cardoso de Almeida,1671,1730.6785714285716,4291.000000000004,2628.435949435521,4553.743789597051,,,85,1909.7142857142906,13018.419840680397,13015.870466262566,63.39
,Zequinha de Abreu,1307,1307,3030.999999999996,1447.2644991557304,3718.3654466920652,,,86,1334.5157894736858,7409.945057781629,7408.942354473088,49.61
,Sumaré,7661,7661,16748.99999999998,2213.266621958999,11747.283517493323,,,87,7150.266666666659,36821.1270316788,36640.14817560579,139.16
,Perdizes,17841,17841,39132.000000000044,4180.8121762195115,23365.951773530134,,,88,14510.679999999995,85138.22403106972,84628.36515757057,168.45
,Vila Anglo Brasileira,5564,5564,12324.999999999998,623.0419362292873,4681.044882553219,,,89,4304.226415094353,14411.84975775995,14411.84975775995,79.12
,Pompéia,5834,5834,12709.000000000011,3923.1551996398744,7551.709050349056,,,90,4917.22857142857,26597.70490205676,27005.47425395147,60
,Santa Marina,6232,6232,14339.999999999996,13627.28896452344,27195.33366093914,,,91,3240.64,53438.075090165854,52692.16119383593,295.36
,Barra Funda,1405,1405,3486.000000000001,2433.253610635855,19823.565939175543,,,92,1208.3000000000002,40498.870586039266,39460.1667792755,118.21
,Francisco Matarazzo,4727,4727,10352.000000000002,39737.53747145843,30872.07648758214,,,93,4431.562500000001,73590.08376250192,73195.62628772922,105.13
,Água Branca,2580,2580,6089.000000000005,2450.361736420765,18613.23244127956,,,94,2425.2,39493.43130507152,39886.5778627131,71.11
,Vila Beatriz,7217,7217,16370.99999999999,2369.0747468601553,9004.125668191295,,,95,9548.646153846132,30764.026272182444,30432.83153840916,183.66
,Alto de Pinheiros,2395,2395,6425.999999999997,2784.6955451141835,11830.413212463063,,,96,3215.2054794520573,28595.77771937182,29032.737584604783,253.17
,Boaçava,6559,6559,15489.999999999987,605.6463818140907,10967.86917983223,,,97,9882.226666666684,25591.716945488166,25717.061562281066,314.44
,Vila Anastácio,3558,3558,8831.999999999998,993.4201067911163,6664.297549816336,,,98,2490.6000000000004,20297.22081533663,20407.964714935206,164.66
,Lapa de Baixo,3708,3708,8747,859.3730084081694,25723.55546079598,,,99,2298.9600000000005,29832.797926539057,30165.078225579004,242.69
,Lapa,10263,10460.365384615385,23708.00000000001,13511.794712861187,55225.78158991432,,,100,7105.153846153861,130292.76158741719,130106.4414481171,225.22
,Vila Ipojuca,9273,9441.599999999999,21564.999999999996,2780.8930105947948,12062.304670659978,,,101,7081.200000000001,26386.057864022983,26392.569243673195,168.47
,Alto da Lapa,5019,5019,12055.000000000004,2586.9940923709505,10614.704005874082,,,102,6712.912499999998,27175.661027664657,27386.805617638445,159.95
,Gavião Peixoto,829,829,2502.999999999998,59.218634875433494,5264.9390558585355,,,103,1353.0804597701144,6876.444397639978,9217.497442200985,68.96
,Bela Aliança,2662,2684.1833333333334,6389,1513.7493208878436,4071.2549687304936,,,104,3105.666666666663,9999.365183827513,10385.526748428209,71.35
,Vila Hamburguesa,5461,5521.677777777778,13000.999999999998,2248.4958297278263,11839.277505679825,,,105,5885.744444444446,28875.211885652192,29054.571022004966,149.18
,CEASA,2571,2571,7004.000000000003,301.4585909064362,26934.790824115,,,106,514.2,29052.014908850942,30442.290229806596,197.78
,Vila Leopoldina,6604,6604,16361.000000000015,9987.295411911853,15805.13935851805,,,107,7994.315789473679,42663.399095417146,42286.88298043491,91.65
,Emissário,1861,1935.44,5284.999999999999,841.4275293057194,15937.684796909027,,,108,1339.9200000000005,22212.407906792083,24297.281355927975,190.52
,Vila Zatt,43935,44491.13924050633,119647.99999999993,17728.482450612708,44368.558909651496,,,109,34480.63291139242,161014.24230496679,161532.32810656013,1220.22
,Pirituba,26070,26070,64541.99999999997,13682.975440868062,25024.679139338485,,,110,17380,97491.55915876567,97404.64935370664,488.92
,São Domingos,19596,19596,51230.99999999996,8506.076919534566,17420.90628889625,,,111,18486.7924528302,72640.21944505576,72326.38503632997,581.76
,Jardim Mutinga,14011,14291.22,39861.00000000001,7260.643748566696,20503.80775958537,,,112,9807.700000000004,56281.86750948739,56474.58132616782,411.97
,Vila Jaguara,9443,9443,25344.00000000001,8452.76264600184,25129.206439076977,,,113,7743.26,59105.293441949616,58437.82117906268,454.34
,Parque do Jaraguá,,0,-,-,0,,,114,0,-,-,489.12
,Nova Jaraguá,18444,18444,51959.99999999996,16375.404818168174,18199.27020808867,,,115,14268,80647.08300229517,79981.38852004612,777.78
,Parada de Taipas,57957,58343.38,164907.99999999977,39270.29049424327,35168.89739519397,,,116,26660.22000000001,238722.4899508171,240206.81810081698,1553.24
,Parque Morro Doce,21697,21697,61982.000000000015,10884.929464935034,22128.3927571694,,,117,15621.84,87165.7499430599,85200.36022254318,1527.16
,Anhanguera,5328,5419.862068965517,15249.99999999999,2357.424431034521,5339.358348192796,,,118,2572.1379310344814,21825.17387099668,21902.81754671925,1812.79
,Perus,31265,31786.083333333332,89903.00000000001,26479.862654132266,25806.05804426775,,,119,16674.666666666646,119979.58733353789,121547.70630293924,2369.13
,Vista Alegre,,0,-,-,0,,,120,0,-,-,742.47
,Jardim Damasceno,28824,29304.399999999998,82348.99999999994,20716.817119839892,14095.044101669864,,,121,10088.399999999996,105681.88110355049,104473.01865565454,573.73
,Vila Souza,16571,16571,47809.00000000004,6441.1387322954715,9573.924097393516,,,122,10274.02,57184.931539401274,57252.669254394976,220.86
,Vila Terezinha,22853,22853,62628.999999999985,8775.701997940627,6948.170931354554,,,123,12797.680000000002,75239.49592289556,73773.23206848974,250.78
,Brasilândia,20619,20619,56530.000000000044,25772.331394850975,12844.694959994808,,,124,11959.02,88144.52029277265,88536.23730008812,318.28
,Vila Morro Grande,19166,19875.85185185185,51952.999999999985,11624.391328811684,13111.015717197766,,,125,13132.25925925926,73339.39783941397,75117.24384184515,413.07
,Itaberaba,12330,12330,34293.99999999997,7935.896669649769,12003.097006673937,,,126,6876.346153846165,60305.60101078592,60129.15274585164,207.42
,Freguesia do Ó,21127,21127,54402.99999999997,18680.722176070907,29134.78543096149,,,127,14570.344827586203,112992.18611609522,111615.69975000757,485.85
,Carandiru,958,958,2146.0000000000014,3635.726196902069,9781.328830826486,,,128,578.1034482758603,23985.003048555423,23723.00374994262,38.03
,Santana,1742,1742,3823.999999999997,794.9669087757869,14984.489141726208,,,129,723.094339622642,35075.179941517934,36586.524806058434,54.36
,Zaki Narchi,1185,1185,5654.999999999996,638.9105818637931,5620.559596907552,,,130,710.9999999999999,13016.057853988828,12960.53073800065,71.32
,Tietê,590,590,1429.0000000000002,2979.3840320870486,11495.486980205913,,,131,365.80000000000007,19213.88825990897,17690.713294425284,78.6
,Parque Anhembi,,0,-,381.11258068357466,3419.4306705183567,,,132,0,10486.300029638833,11323.14489458803,313.52
,Alfredo Pujol,16784,16784,38783.99999999997,13179.011348140495,23596.11219681964,,,133,13054.22222222223,74774.63780586683,74719.3899202832,215.07
,Santa Terezinha,12686,12686,32066.000000000015,7750.987115604121,14419.480290851809,,,134,12934.745098039231,63145.17209520219,64447.73716333609,251.08
,Jardim São Paulo,14550,14550,34659.99999999999,7821.322112287518,19834.63436090415,,,135,11176.086956521718,69977.96457850862,70034.22213623498,291.23
,Casa Verde,12699,12699,32094.000000000015,5367.742749635859,21441.0501851937,,,136,7533.305084745758,69246.51203454814,69357.57661444847,325.35
,Parque Peruche,18193,18193,50443.00000000003,9586.596153785818,19037.020405373733,,,137,13826.68,70411.31664667191,70398.1620833222,391.87
,Limão,4378,4378,11911.000000000011,1812.6503789672704,15329.359368335854,,,138,2451.6799999999994,34211.35045752755,34227.98379457634,171.8
,Jardim Primavera,10675,10675,27567.99999999999,7278.690781976413,8318.021724900838,,,139,7472.5,50694.46457625832,50731.58259457585,192.75
,Vila Santa Maria,17000,17000,44940.99999999996,8351.588997220231,11341.535664691537,,,140,9943.396226415094,58056.89993166584,57761.12110717082,277.94
,Cachoeirinha,31330,31330,82731.00000000003,14538.956100771458,32354.559541215185,,,141,21304.4,152135.57248271236,152993.44834138613,478.58
,Jardim Peri,22375,22375,64197.00000000007,3968.575852827706,13526.077814104425,,,142,7745.192307692315,70705.7227562225,70760.18822653507,443.68
,Reserva da Cantareira,,0,-,-,0,,,143,0,-,-,436.61
,Mandaqui,37743,38372.049999999996,98246.99999999996,16965.544908131527,31959.895168799943,,,144,24532.94999999999,180688.47408981732,177571.07907654575,552.45
,Horto Florestal,2792,2792,7993.999999999998,4875.799729864362,2657.533358876079,,,145,2624.48,13364.475159283484,13356.117181993104,342.18
,ETA Guaraú,,0,-,-,0,,,146,0,-,-,428.67
,Parque Palmas do Tremembé,10419,10623.294117647058,29294.99999999999,3919.028315360528,9574.14705696622,,,147,7763.176470588245,45271.77965396523,45222.866259265924,407.03
,Tremembé,7635,7635,20985.99999999997,4078.3068440610787,8075.741012584277,,,148,9132.0588235294,35819.64225229333,36572.8353029826,331.62
,Cantareira,,0,-,-,0,,,149,0,280.00685782011203,280.00685782011203,2886.45
,Jardim das Pedras,17291,17291,51675,11503.388929010582,15498.233581698389,,,150,8991.32,61342.27925191478,60447.70740274097,1609.01
,Jardim Guapira,34997,34997,99491.00000000009,14077.136774063772,17182.64043898679,,,151,13362.490909090913,102670.72620324325,99376.16205723761,548.53
,Parada Inglesa,14294,14294,35826.00000000002,3959.2803753383196,11810.039865500321,,,152,9809.607843137273,61001.88284978155,60827.4831899699,242.67
,Tucuruvi,6530,6660.6,17056.999999999996,3631.6859836369217,8112.783807259183,,,153,6660.600000000001,30621.577820020186,30466.204527204492,358.5
,Vila Gustavo,19197,19197,49150.00000000002,18266.522192733428,27154.9868844199,,,154,13509,101176.8970969755,101372.72496082986,345.8
,Cohab Jova Rural,9883,9883,29948.000000000004,1983.9388096224457,7067.307003723059,,,155,3111.3148148148225,35978.58164277974,35840.754342708984,254.58
,Jaçanã,15387,15387,42509.999999999985,12298.73849092051,18322.92071321532,,,156,10741.8679245283,86987.3007260398,87656.47108812367,386.23
,Parque Edu Chaves,5949,5949,17041.00000000001,4599.211285604413,3544.7334898428794,,,157,3432.11538461538,21033.89716485366,20897.552466119527,109.91
,Vila Medeiros,20362,20362,55364,9937.182978198041,16891.955616826042,,,158,11355.730769230768,57846.96176466363,57988.44946414926,335.02
,Jardim Brasil,22586,22586,62430.999999999905,8054.526582563016,23169.194432547974,,,159,10858.653846153851,104219.91816583795,102057.36574934526,454.37
,Jardim Japão,19114,19114,47434.99999999999,6356.570256979017,17675.641592941854,,,160,13379.799999999996,66959.4459602512,67419.10944172966,396.23
,Parque Novo Mundo,17647,17647,47849.00000000007,6276.922359656768,35102.708578764796,,,161,6352.919999999998,91555.544484604,91480.12351303076,551.36
,Vila Maria,6189,6189,15956.000000000005,11795.868206261344,25783.793493709807,,,162,2846.9399999999996,44071.44165366031,44272.44746815907,234.12
,Vila Isolina Mazzei,16284,16284,42336,9864.122442190761,25196.4092158331,,,163,11922.214285714268,77086.00336201159,76855.08026095037,379.5
,Vila Guilherme,3261,3261,8042.999999999998,778.5984696397824,18500.856390790665,,,164,1695.7200000000003,21904.15122008666,21513.867434248168,170.9
,Coroa,1325,1325,3515.000000000001,2859.4815004129628,9489.088492055225,,,165,848,19995.63497951998,20316.888366645857,174.39
,Gomes Cardim,12914,12914,30940.000000000007,13513.586006135218,36327.00783809368,,,166,13157.660377358514,107729.49775358516,107428.73287975506,243.24
,Tatuapé,6301,6301,15559.000000000002,7408.581487566444,36914.24215543021,,,167,5937.480769230774,102806.05679200128,102819.79485219657,156.88
,Chácara do Piqueri,10658,10658,25381.00000000001,6385.250928639334,26525.455720094957,,,168,9352.938775510216,73783.95038738675,73069.14433723461,198.59
,Parque São Jorge,11758,11758,29171.000000000004,41402.7841413067,23461.259203530095,,,169,7906.241379310329,101974.7481042845,101808.51987285381,252.07
,Penha,15419,15419,42166.99999999994,13837.15285591472,34374.70400330226,,,170,9372.333333333341,116172.69061873852,115155.08081246876,384.16
,Tiquatira,14961,14961,39114.99999999996,11285.998361220845,15581.408870981824,,,171,12268.020000000004,67870.36411398239,67759.66937290068,324.46
,Vila Esperança,10127,10127,26444.000000000015,7439.477232608211,8988.076609042131,,,172,5923.339622641501,43963.36314488241,43641.80795873486,228.82
,Vila Ré,10543,10543,28017.000000000007,3450.404895614791,10824.497177991956,,,173,6907.482758620706,28698.65678155685,28997.9954908624,208.23
,Rui Barbosa,17039,17039,46901.99999999997,9286.212322583124,8641.101702986609,,,174,10022.941176470584,54313.679600095704,54360.72104302424,271.23
,Estação Eng. Goulart,13413,13413,36661.99999999999,1300.4660908176695,10501.893101212127,,,175,8852.580000000004,24221.701042107685,24017.939925899118,193.33
,Cangaíba,17445,17445,46655.00000000001,11731.65724212805,12950.291743918964,,,176,5924.716981132067,52681.83692517428,52038.50058376214,333.53
,Parque Ecológico do Tietê,5232,5232,14461.00000000002,761.8315640695381,2939.377328164142,,,177,1931.8153846153857,19139.709368357617,18991.61019384741,530.85
,USP Leste I,,0,-,3936.596883854556,600.599744234285,,,178,0,8743.210453959422,8753.86532540554,50.18
,USP Leste II,,0,-,-,0,,,179,0,-,-,122.83
,Ermelino Matarazzo,24816,24816,68528.99999999997,13794.64973162771,10699.43591623624,,,180,9475.199999999997,101980.65907616558,101050.72349561192,448.82
,Parque Buturussu,16985,16985,46595.00000000004,11671.324773824466,19871.860794658478,,,181,8939.473684210532,71065.14851929102,71279.58603666042,371.83
,Ponte Rasa,16694,16694,45867.99999999999,11910.722294139448,11729.16487513714,,,182,13021.320000000002,70533.64556501397,71477.69307741715,365.36
,Burgo Paulista,16345,16345,46245.999999999985,5513.761654582734,12874.838213418607,,,183,10687.115384615381,57540.369291627,57038.229330360184,291.63
,Limoeiro,8239,8239,23685.99999999999,3505.9486135421384,6406.481267808025,,,184,5654.215686274507,30020.37623538138,29730.2918729924,143.33
,Laranja da China,9205,9385.49019607843,26434,8236.444559621477,5530.915772414782,,,185,4692.745098039205,41802.46434357946,42290.59314286214,131.72
,Pedro José Nunes,3664,3664,10111.000000000007,2305.8640733373913,2904.495515874758,,,186,2857.9199999999996,17404.927231273392,16818.201984153628,86.18
,Parque Cruzeiro do Sul,16479,16901.53846153846,48525.00000000003,7234.48224180531,9841.3458604567,,,187,6204.3622200584305,76228.30456658544,75313.630539391,249.91
,Vila Jacuí,10139,10139,28767.000000000007,26886.17795344862,12072.25025175352,,,188,5964.117647058811,73141.57380988874,73504.57320904547,211.87
,Parada XV,18108,18108,49905.00000000004,10978.49023715586,12400.12376804636,,,189,8357.538461538452,74127.86888754174,75101.94403238379,324.46
,Itaquera,13325,13837.500000000002,36307,6748.338727717363,20052.473419407346,,,190,9737.5,65944.28447574879,65366.43586476735,283.17
,Arena Corinthians,,0,-,6258.772436097615,8564.063024991263,,,191,0,34568.94643237994,35007.70275793381,140.29
,Vila Campanela,13680,13953.6,37822.99999999999,7370.219721239171,11760.043083853634,,,192,7660.800000000002,50720.560412211,50776.65692607202,230.53
,Araucárias,8734,8734,25171.000000000004,1312.5968329389834,5905.267949945709,,,193,3425.098039215681,24777.32444183453,24467.74924922677,129.58
,Parque Guarani,8999,8999,26607.999999999993,7801.4991546889505,7893.895610013437,,,194,3489.4081632653097,31572.938314949108,31466.170064412345,126.45
,Rio Verde,14508,14508,40388,4864.865787767742,12949.240446569713,,,195,7254.000000000009,54419.17780307287,55933.58066435109,238.76
,Saudade,12095,12095,33599.99999999999,7496.57446725327,6724.805189110133,,,196,6403.235294117645,56344.98348289757,56002.78499048752,207.28
,São Miguel Paulista,8271,8271,23395,9179.785176361253,9069.737000112793,,,197,4962.600000000001,43054.27275576127,44114.343402705425,302.65
,Cidade Nitro-Operária,9294,9466.111111111111,26028.999999999993,7116.549649442236,25161.75739261929,,,198,5507.555555555551,87988.02820295533,87519.47972542363,357.92
,Jardim Helena,33916,33916,99634.00000000001,21833.41188702209,23692.952885738086,,,199,13900,136726.41310374843,137024.55558687903,684.67
,Jardim Romano,11421,11421,32990.000000000015,5160.381251823521,4990.94037525527,,,200,3263.142857142866,48216.01151854347,48208.35294004057,230.77
,Vila Curuçá,24319,24319,69129.00000000009,19496.151529840023,11985.152116489491,,,201,13960.907407407414,106408.4147518126,106366.92222297551,503.17
,Jardim Robru,25802,26757.629629629628,75039.00000000001,11209.907476697454,16077.990290022499,,,202,16245.70370370371,127528.82846623911,126624.79473583736,449.19
,Lajeado,18131,18131,53056.00000000006,12124.388516470764,11612.12273808872,,,203,6202.710526315786,79941.81744776327,79801.14854471968,276.95
,Fábrica Bandeirantes,39609,39609,115419.99999999994,29683.332046131283,32674.03799039508,,,204,18672.814285714285,141463.14010729568,140788.12329090084,615.33
,Fazenda Itaim,33553,33553,97509.00000000001,20398.82498979252,23213.924573441123,,,205,13669.740740740746,131599.8304474177,129981.06212731311,462.24
,Itaim Paulista,13921,14199.42,39442.000000000015,8992.62004521786,18573.257639554005,,,206,6960.500000000001,75359.79379589528,72900.4481150229,302.19
,Jardim das Oliveiras,25168,25168,73445.00000000003,24582.37293287234,17478.944146205096,,,207,10164,148449.31424362396,146138.40961226218,460.11
,Vila Califórnia,17147,17147,45152.00000000001,7060.239240854578,35889.54038235924,,,208,9976.436363636349,81013.67092738839,80778.04477061305,340.04
,Vila Carrão,15623,15623,41342.000000000015,7719.036855372688,18217.422410397474,,,209,15033.452830188658,68975.36166987833,68987.7733349015,440.28
,Jardim Anália Franco,13155,13155,34110.999999999985,11009.26768333065,22276.147715672043,,,210,12143.076923076907,62494.082140884675,63310.01326379271,334.04
,Vila Formosa,22957,22957,60366.00000000005,4007.9833208742793,18142.68273071746,,,211,14854.529411764697,70218.1408052708,71303.38266232745,417.48
,Barreira Grande,15473,15473,43397,8057.436635579745,19264.372101370514,,,212,8023.0370370370365,55428.06119540785,55591.558555323,280.1
,Aricanduva,17618,17618,48403.00000000001,8208.336335541353,24692.430874069556,,,213,12071.592592592586,75286.33548596322,74972.10982284148,406.17
,Frei Mont'Alverne,9782,9782,26167.000000000004,6580.6656203143375,17441.659682012414,,,214,4709.851851851847,38478.724884977375,38311.902844943186,225.2
,Vila Matilde,15120,15120,40156.00000000002,6539.795893329967,18553.200482600216,,,215,11491.199999999995,59915.334347359254,59682.915949096336,330.17
,Cidade Patriarca,14696,14696,39807.99999999999,5575.676198052469,12993.788754725532,,,216,9993.28,60850.713429102754,61914.69035676306,336.5
,Cidade A.E.Carvalho,11789,11789,32040.00000000002,6700.601826732451,8780.217023936817,,,217,4584.611111111113,33353.451905418544,33353.451905418544,265.77
,Artur Alvim,24960,24960,65909.99999999999,13882.067928329596,15333.26546367892,,,218,8150.204081632644,108335.37594684621,108352.22944372924,387.27
,Cidade Líder,17251,17251,49038.999999999956,10367.740482832129,9944.909050872007,,,219,14145.820000000009,69229.1446920758,69201.25566116096,347.51
,Santa Marcelina,12258,12489.283018867924,35366.999999999985,3140.8247009128545,9667.802491085116,,,220,8571.076581576017,49941.96500398933,49897.55150091499,265.94
,Parque Savoy,19948,19948,55649.99999999999,7227.132815100308,24420.642872675482,,,221,13689.803921568639,73218.39687646831,73306.98203840009,444.75
,Vila Carmosina,17187,17187,47797.99999999996,13137.92106191648,17381.568325646487,,,222,16176,72083.39527536464,71638.58688562465,343.76
,Fazenda Caguaçu,10252,10457.04,28734,4991.04576387062,9661.356578624911,,,223,5126,46477.37494263245,46703.37912025112,439.53
,Parque do Carmo,,0,-,1981.305207715499,1354.148231975007,,,224,0,7445.190621578218,7445.190621578218,777.43
,Gleba do Pêssego,16229,16229,47022.00000000004,7116.12533885221,19284.492453673505,,,225,5564.228571428568,60506.366190845096,60882.608556646366,1028.47
,José Bonifácio,30599,30599,84406.99999999994,21553.391721483,13341.99402165275,,,226,14619.522222222227,113555.76857768289,113771.700618749,416.53
,Guaianases,22665,22665,64070.99999999992,11853.544479073742,22091.792287162578,,,227,11531.315789473674,98267.92022476262,97492.04062705804,472.34
,Juscelino Kubitschek,16718,16718,47960.999999999956,10192.550830276297,9271.140848790465,,,228,6687.200000000001,61667.215489195,64263.26698518051,418.82
,Cidade Tiradentes,46465,48013.833333333336,134179.99999999985,38073.413276572915,23557.280780238576,,,229,15875.541666666639,211925.7030576527,209833.05589641083,953.59
,Santa Etelvina,22744,22744,64822.00000000001,17579.000567075527,16621.861554310395,,,230,5011.389830508478,95215.40656237293,95781.11258872088,541.3
,Terceira Divisão,16793,17043.641791044778,49146.00000000006,7003.941468621738,11754.599922068184,,,231,7769.895522388057,48777.78986780217,48777.78986780217,1130.9
,Iguatemi,15855,16148.611111111113,46829.00000000003,14670.62861645235,10598.990242837543,,,232,8514.72222222222,69202.27120755447,68442.68021959194,503.81
,Sítio Carrãozinho,19927,20264.745762711864,57445,13901.028382787703,9383.783580165713,,,233,8443.644067796598,82400.06935303345,81975.32753232551,323.28
,Parque São Rafael,25411,25790.26865671642,75832.00000000001,12854.762492010195,16325.944017787833,,,234,9860.985074626871,81967.33601438155,82004.26886691578,736.99
,Rodolfo Pirani,26909,26909,75994.00000000001,15415.23479395352,17789.55959018551,,,235,8072.700000000002,85608.13651522556,86354.46176797715,566.04
,Ipiranga,4988,4988,12071.999999999998,4939.908425395446,13323.21340438906,,,236,3242.2000000000003,33387.40169511886,33968.59364257498,91.94
,Sacomã,4788,4837.360824742268,11084,1675.6480291962441,13589.06341611937,,,237,3055.1752577319576,39561.670219232125,40745.892454252054,90.34
,Alto do Ipiranga,8339,8339,20022.999999999993,2397.917280266319,12908.583180162963,,,238,5292.057692307707,32146.284150544532,32362.594587265172,160.81
,Vila São José,5877,5877,14764.000000000002,13553.026564828371,19396.357669137302,,,239,4148.470588235291,60421.706106347556,60546.043797272665,177.55
,Vila Monumento,8165,8165,20456.00000000002,2142.69935869097,15308.687368542325,,,240,6898.017241379333,42429.22788477534,41343.49792589045,165.19
,Vila Independência,4275,4275,10863.999999999993,1516.4629503515114,12257.177325118197,,,241,3124.0384615384637,31806.522832158742,31912.053294874007,170.22
,Vila Carioca,11040,11256.470588235294,29897.000000000015,1719.724800578912,18041.808826510493,,,242,6061.1764705882315,47805.58796921249,47869.95685610552,249.11
,Moinho Velho,18455,18455,45793.99999999999,18211.838455328187,27325.878435395283,,,243,16645.686274509793,96289.07737335791,99995.91251456771,347.41
,Vila Heliópolis,24260,24260,67179.99999999997,3820.3535282181915,14621.67780671933,,,244,11663.461538461552,92668.88214985267,89592.51011691887,232.81
,São João Clímaco,9482,9482,25081.000000000015,2508.921824066634,4268.647616622398,,,245,7395.96,25189.802113708436,25924.242953361223,198.15
,Anchieta,11361,11361,30195.999999999993,11908.195662560242,8055.471638492343,,,246,7153.222222222227,43054.679747451344,43217.68165814382,217.08
,Vila das Mercês,37355,37355,99681.00000000003,12939.559777540964,20627.248868322753,,,247,22413,105974.9183897167,105576.61229923365,468.94
,Parque do Estado,,0,-,-,907.2713477793293,,,248,0,1495.1387125433557,1495.1387125433557,445.41
,Água Funda,14521,14521,39119.999999999985,6324.254916335372,7812.796495713792,,,249,8890.408163265305,53377.96966591211,53337.86338394837,276.3
,Jardim da Saúde,7568,7568,19887.999999999996,1881.4771759624712,16096.20665803828,,,250,7287.703703703694,46854.20043063137,45559.48820312544,182.94
,Vila Gumercindo,10172,10172,25031,3104.7847269431927,6795.395165861103,,,251,9573.647058823539,31623.71534282557,31678.93146323404,137.19
,Jardim Previdência,8074,8074,21686.000000000007,3095.4314138948325,6310.582832458582,,,252,6776.392857142839,34573.11328804375,34585.51795050166,165.81
,Tamanduateí,2056,2056,5605.999999999996,53.8436634200529,5657.719902216666,,,253,577.5280898876402,13488.32621435587,13075.994018272782,112.99
,Orfanato,14195,14195,35158.000000000015,26278.7999808311,33216.01086209892,,,254,13391.509433962254,100998.8269489324,103063.00899439397,354.26
,Vila Zelina,26984,26984,67552.00000000001,9899.177485162561,21621.70002234468,,,255,22666.560000000005,91872.57108248938,91414.34861672115,492.94
,Linhas Corrente,11248,11460.22641509434,27883.000000000007,2688.0323022385787,8440.312619930477,,,256,7003.471698113222,48212.245169800924,48379.92341953621,251.81
,Vila Ema,17376,17697.77777777778,44393.00000000004,6088.328605453995,11869.284760824115,,,257,10618.666666666675,52043.83881770367,51587.63785592641,267.22
,Parque São Lucas,25735,25735,69192,11965.085311178398,24831.76673314872,,,258,16994.811320754714,81736.65646464618,82075.87048644645,449.68
,Vila Cardoso Franco,12126,12368.52,34700.99999999997,2095.909049479078,5700.959355202951,,,259,7760.640000000003,35897.49452519547,35512.73248249792,163.88
,Parque Santa Madalena,15341,15341,43276.00000000003,5834.7225969423735,7282.019542870938,,,260,6136.4,63786.22064492552,64170.895381318216,204.85
,Jardim Colorado,19211,19211,53479,11648.276360635151,22926.84911486688,,,261,9430.85454545454,83976.70349986125,84613.94607720278,320.26
,Teotônio Vilela,28504,28504,79176.00000000006,5796.191547845449,17963.17482719396,,,262,9866.769230769225,73660.98690736222,73693.88250720096,346.33
,Fazenda da Juta,21875,21875,62710.00000000001,11775.107319788063,21273.263223931248,,,263,7720.588235294118,95605.27461725008,94571.01757873042,329.57
,São Mateus,22843,23738.80392156863,64305.99999999999,12421.828483701083,35266.38931596841,,,264,14332.86274509805,116332.30798611406,115475.00363194736,427.59
,Cidade IV Centenário,15389,15389,42838.00000000004,12284.813532182,18004.164079468912,,,265,10167.732142857127,81845.74700819573,81318.3234611772,332.58
,Rio Claro,7163,7303.450980392156,20014.000000000004,3229.6933926424813,3452.109021483034,,,266,4494.431372549023,27286.97144493855,27093.449515560642,218.36
,Cidade Satélite,11723,11723,32392.00000000003,7238.518349363612,17035.763519284366,,,267,5972.094339622641,56818.66125646723,57842.28327170264,300.48
,Joaquim Nabuco,5074,5108.053691275169,12903.000000000018,3162.4170676080917,9079.018569474138,,,268,5210.214765100668,28701.56570029037,28590.70472468242,198.44
,Vieira de Moraes,13074,13074,29352.00000000003,2031.7553254082636,20388.74480796526,,,269,16639.636363636357,59688.894582407745,57874.35842365891,171.28
,Campo Belo,4434,4434,9486,1655.350528894006,12299.608827303444,,,270,3167.1428571428564,24360.03886893301,24333.82702700856,138.57
,Congonhas,,0,-,-,12736.405357761667,,,271,0,15082.457652435964,15264.978824191237,179.42
,Jardim Aeroporto,8951,8951,21083,4490.063613206767,15393.864383116754,,,272,6808.880341880338,40677.203585507734,40497.162985193005,198.55
,Vila Santa Catarina,24071,24071,61864.99999999998,7624.373089639487,19753.282016663,,,273,17590.346153846145,88488.79157535148,88839.64166970953,325.71
,Jabaquara,12769,12769,31810.00000000001,10063.003271429237,42211.45549121832,,,274,7296.571428571422,97137.72658346081,98687.67714359707,288.72
,Cidade Vargas,15729,15729,38451.99999999998,12562.104451922816,18336.43417287111,,,275,11574.169811320739,75269.0410684528,76315.33780709567,347.45
,Jardim Bom Clima,32362,32362,88181.00000000006,9756.115457618187,16437.987639358547,,,276,16720.366666666676,142046.9002505774,141433.9633951215,445.92
,Cupecê,22132,22132,57629.00000000008,10040.356614763008,20111.287078818652,,,277,16696.07017543859,69871.66378918824,70542.35390547321,416.89
,Jardim Miriam,44311,44557.17222222222,122946.99999999937,24405.99240986728,25278.6923786383,,,278,14770.333333333303,179962.6798720594,179280.2196091853,513.94
,Vila Missionária,27199,28010.910447761198,74833.00000000004,8826.16106717626,14309.100173402197,,,279,10960.791044776122,76783.10164482314,77665.93249108527,295.4
,Jurubatuba,9872,9872,25562.99999999999,11376.577214108076,22356.08372049669,,,280,9871.999999999996,57236.71990097738,58127.472364173125,482.59
,Vila São Pedro,15464,15464,39644.999999999985,7501.159478927147,19277.566268543327,,,281,16415.630769230742,60010.58448869047,60269.77805518217,312.58
,Campo Grande,13596,13596,36234.999999999985,5885.59619743601,19543.766018891027,,,282,11865.599999999997,57272.67026755667,57349.46855155967,272.36
,Vila Sabará,6660,6660,17362.000000000007,1293.5078915551692,8213.984636474373,,,283,7300.38461538461,23216.407392632773,22697.09280337136,234.56
,Mar Paulista,18736,19110.72,52453.00000000006,19871.95743698782,10911.339132937695,,,284,10117.440000000002,68497.35361459645,68510.35060755351,548.66
,Pedreira,39807,40470.45,115197.99999999987,7453.348034622372,26594.15435873663,,,285,19903.500000000007,98422.847973234,97334.87188186047,1302.69
,Vila Socorro,4637,4637,11510.999999999993,1919.188421985661,23801.013256752787,,,286,3587.113207547168,41498.66154423436,41818.9325595626,293.26
,Parque Interlagos,10284,10284,27485.000000000004,4393.1364654211,18786.2410271721,,,287,8537.660377358505,57426.63157771791,57420.88132094384,935.66
,Jardim Represa,6392,6642.666666666667,18261.00000000001,21414.04844729697,11398.983004283727,,,288,7018.666666666649,53545.83086301061,53831.77872329694,783.73
,Rio Bonito,16095,16095,44845.999999999956,15798.146361321229,20586.710253000474,,,289,12875.999999999996,85104.7610473268,85754.73401051069,495.82
,SESC Interlagos,18516,18516,52880.000000000015,11487.06239665043,16875.15607264397,,,290,14442.48,69687.58351250987,68133.0378167403,736.48
,Jardim Presidente,25592,26065.925925925927,71006.00000000009,12710.290495529398,22528.38718337981,,,291,12322.074074074071,87594.97726358208,86757.01849961987,762.54
,Vila Natal,22361,23255.440000000002,65078.99999999999,18184.821028787,15467.399261925504,,,292,14311.039999999999,86087.8965207727,86643.36961107086,415.09
,Grajaú,27533,27533,76903.00000000004,13551.571785678618,20754.562070854,,,293,15584.716981132073,73682.71040382663,74689.76449499685,540.7
,Cocaia,35560,36068,101771,28328.87822294815,34589.494829206786,,,294,15240,105546.47998631865,105433.10446416769,1093.33
,Belmira Marin,44142,44877.7,129341.00000000003,27523.874550051256,36433.91757933637,,,295,19863.900000000005,142364.7442932174,139665.95114230106,1236.83
,Bororé,7169,7455.76,21341.00000000002,1958.523708748561,2378.824104093194,,,296,2294.080000000001,8171.415555754875,8059.156150605222,5992.56
,Jaceguava,2122,2122,6320.999999999998,1000.0605259988702,2762.0413576183214,,,297,2404.933333333333,7472.030696127081,7475.204181392266,3512.69
,Parelheiros,50332,50669.79865771813,151192.9999999996,41695.39091276315,59254.260763783444,,,298,22294.71140939601,212657.90859435368,207398.18617314516,11667.08
,Marsilac,5040,5183.999999999999,11727.000000000015,719.9785995920099,1930.6734951260053,,,299,2448,8839.410547418223,8887.080547876007,4564.97
,Jardim Emburá,,0,-,8.70208315156618,86.3851947914799,,,300,0,112.32129068308984,112.32129068308984,16230.99
,Granja Julieta,17730,17730,41686.000000000015,21856.811313125392,120727.70510961831,,,301,12148.333333333318,172202.27209854516,174670.36945808277,616.88
,Chácara Flora,4684,4684,12550.000000000004,1940.801752006913,25512.271428295993,,,302,6691.428571428567,50326.71036477104,50163.68926063339,452.25
,Santo Amaro,7788,7788,19007.000000000015,22018.32405000446,27868.209516963303,,,303,5143.0188679245275,78618.08752401319,79124.14485238335,257.11
,Vila Miranda,5814,5814,14226.999999999989,26459.329060563043,30053.03281002298,,,304,5508,53666.2378875693,53679.24161889274,271.15
,Jardim São Luís,26764,28905.120000000003,73404.99999999999,18486.331639595577,25881.110984927185,,,305,14987.84,128465.76766373501,126582.86746706597,408.45
,Centro Empresarial,41660,41660,113649.00000000006,27728.652872487764,27240.005058136307,,,306,21524.333333333376,167729.13763588827,165663.11141908338,675.29
,Guarapiranga,28475,28475,78767.99999999997,12695.972976439873,12683.384994737153,,,307,10820.5,80264.90600789571,79612.754781477,1513.25
,Jardim Capela,39292,41019.120879120885,114144.99999999999,22220.423820141277,22631.545865560973,,,308,15544.087912087914,132976.73811136634,133578.82699806013,2022.05
,Riviera,14011,15358.211538461539,39531.99999999999,10416.034647735585,5767.66956836384,,,309,5658.288461538467,67317.33327831258,67553.22583723205,798.79
,Jardim Turquesa,21566,21566,60863.99999999993,11341.556378788395,9648.658183229621,,,310,7537.631067961166,69638.97882609091,67391.0050176012,282.87
,Morro do Índio,9277,9277,25981.00000000002,3245.521922023201,6765.231670261507,,,311,2842.9516129032345,31951.879934768007,32667.001349783754,114.64
,Jardim Ângela,28552,28998.125,78648.00000000004,21216.786209448524,22148.66560010094,,,312,8476.375,119163.67007743052,118176.1405548222,463.77
,Capão Redondo,14988,14988,39927.00000000003,20580.479051301725,18590.76316376276,,,313,7793.760000000004,80513.66775445883,83532.20855435757,219.39
,Jardim Sônia Ingá,7973,7973,21031.999999999996,5228.496475751802,5807.785799460327,,,314,3029.7400000000002,35681.26548738003,35309.165147104075,105.38
,Adventista,35285,35285,96360.00000000003,25785.742549387294,28325.227857058977,,,315,11173.583333333327,118096.24134562735,119543.25191836945,545.26
,Parque Fernanda,43248,43248,120175.00000000004,17848.55815548834,26707.095778097162,,,316,16097.86666666668,136651.13479992427,136599.65147524377,512.27
,Morumbi,5950,6030.405405405406,12868.999999999985,2135.5250171847038,19978.913041357166,,,317,6110.810810810811,41630.184575775296,41054.886229080796,271.46
,Jóquei Clube,1114,1123.2833333333333,2645.000000000003,1251.1428226492628,10090.227604155885,,,318,1958.7833333333308,16299.72214335461,16045.13344572508,333.24
,Fazenda Morumbi,8484,8484,21066.00000000002,1827.4106606685377,21717.34896274618,,,319,7606.344827586232,43070.76489238309,44140.20695149068,320.73
,Real Parque,3470,3470,8196.000000000007,6077.893111298162,19391.65018596439,,,320,5428.870967741931,40189.31307658321,40160.43133953012,223.42
,Paraisópolis,27377,27377,74358,10357.254576125606,15429.417042251569,,,321,12363.806451612898,110869.83359126547,111326.09900251728,361.95
,Jardim Vitória Régia,16670,16670,39963.000000000044,7626.385222805469,26221.91829487876,,,322,17596.111111111142,82337.30938313318,83204.3106267721,370.18
,Vila Suzana,23895,23895,58538.999999999876,9428.04943155598,22550.044857897203,,,323,29275.33112582787,86289.08233601763,85988.94622090936,300.5
,Parque Arariba,25994,26513.88,69730.00000000001,12197.869473604538,12731.94667213683,,,324,20275.319999999992,96645.75334573897,98396.86105102519,346.59
,Jardim Mitsutani,26649,26649,72054.00000000003,17339.62229531139,18911.234622349155,,,325,11725.559999999996,92677.1006565133,92085.7152374963,349.31
,Pirajussara,14202,14202,39209.00000000001,14370.857069184542,17356.10886067037,,,326,7101,78442.54027368162,79667.41849783219,270.05
,Jardim Umarizal,22812,22812,61036.00000000001,7775.849031691255,8868.584474083147,,,327,10949.759999999997,73708.69702358567,75086.70326568029,294.91
,Portal do Morumbi,9886,9886,25962.000000000055,744.2819617236744,10914.09733925732,,,328,12126.826666666679,33140.286166572754,32996.64486853065,151.43
,Jardim Jussara,9130,9130,22830.999999999978,2911.835719078759,14291.096520724439,,,329,8500.344827586192,30507.08943233803,28781.372124907517,231.55
,Vila Sônia,12479,12479,32056.999999999985,6583.09422252012,21621.130460611224,,,330,11954.672268907518,57501.16484797498,57544.3254328154,348.44
,Jardim Maria do Carmo,17163,17163,45973.000000000015,3104.400340898505,13373.88747474329,,,331,12014.100000000006,39829.19839273579,40214.29318262347,277.55
,Jardim Cambará,17365,17365,47802.000000000095,7613.1106934538375,19296.52234153577,,,332,10766.300000000003,58268.95414993266,58271.675887428755,480.2
,Jardim João XXIII,15913,15913,44947.99999999999,8523.072602484583,17453.786329375976,,,333,8911.280000000002,48489.056475820995,47839.95256213323,467.65
,Raposo Tavares,10515,10515,27913.000000000007,4608.058271676918,9884.196396498475,,,334,9301.73076923075,30946.586118519557,30931.454240127907,271.34
,Rio Pequeno,16054,16054,42401.000000000044,7910.479408765202,17229.77980539447,,,335,12843.2,50554.536532403166,49851.575870276596,245.75
,Jardim Ester Yolanda,15031,15031,41509.00000000004,4983.217642655622,13931.176981185921,,,336,12083.745098039195,52109.48311253682,49988.42799450221,264.93
,Jardim Adalgiza,18417,18778.11764705882,50991.999999999985,9317.90284428471,15568.463726410431,,,337,20944.823529411795,71016.83824015172,72734.42465620444,467.13
,Parque Continental,8927,8927,22031.000000000004,6675.052404686001,10744.909935936632,,,338,6427.44,37249.83888162387,37487.469979530004,226.38
,Jaguaré,12668,12668,34726.99999999999,4857.347689188803,22622.736991141992,,,339,5975.471698113207,52846.885927078765,53288.08420735184,430.44
,Cidade Universitária,,0,-,45873.38102626046,26925.921869434944,,,340,0,66955.2773357244,67805.23518985807,584.56
,Butantã,3211,3211,7405.999999999992,874.1731827160507,19501.141980647302,,,341,3494.3235294117612,32878.47285790387,32317.598705777058,207.11
,Jardim Caxingui,3919,3919,9403.000000000011,3725.848026747817,4872.599034119091,,,342,3162.701754385965,24162.059506404654,23419.720453318143,180.08
,Jardim Bonfiglioli,15914,15914,36191.000000000015,6787.101724583969,13929.057736216657,,,343,14383.807692307724,49926.779751430455,50492.35368174852,319.97
,Melhoramentos,1775,2011.6666666666665,5295.999999999999,94.8026265695111,1523.7056619307675,,,344,3195.0000000000027,5950.053022038369,5950.053022038369,2875.06
,Caieiras,18328,18694.56,50126.99999999999,13985.746486977336,25575.304440014737,,,345,24559.520000000004,92541.87295581281,91100.79517589312,1990.04
,Serpa,14760,14760,41679.99999999999,5715.335590086868,9920.017672555101,,,346,8682.35294117646,42552.0214241279,42734.60498129253,691.49
,Santa Inês,,0,-,304.271981564309,630.599944406987,,,347,0,1431.4546925645843,1431.4546925645843,4080.68
,Cajamar,30388,30388,85990.99999999991,22732.27151726906,51243.57634356565,,,348,21787.622641509442,156171.21505511043,154620.5086016254,4855.8
,Jordanésia,3310,3392.7499999999995,9691.000000000004,1254.1020404613732,13578.220562936374,,,349,2482.5,24825.845194337984,24440.352129483075,8307.85
,Cristais,,0,-,844.361284194075,299.901389664336,,,350,0,997.3968263169273,997.3968263169273,4251.83
,Baltazar Fidélis,26038,26558.760000000002,72795.99999999999,15777.985249570782,20058.89641403293,,,351,13539.760000000002,95018.07112406666,92694.50847673563,2505.16
,Franco da Rocha,27440,27440,75223,12572.824169058302,15070.655022553283,,,352,22500.799999999996,88688.23426114675,88468.47971640565,1417.58
,Parque do Juqueri,,0,-,930.871697890505,1226.885358063164,,,353,0,3591.324179773629,3591.324179773629,2551.34
,Palmares,,0,-,-,0,,,354,0,-,-,2721.22
,Sete Voltas,,0,-,-,0,,,355,0,-,-,560.42
,Afonso Moreno,19750,19750,55185.00000000005,13518.809836645403,14299.298905812007,,,356,8046.296296296301,87508.72583864213,88313.64320886246,744.81
,Francisco Morato,38521,38521,107238.99999999999,24559.229921551214,18843.08600222453,,,357,18357.6640625,105579.8107876151,104276.0304546323,1857.33
,Cascatas,2252,2252,6545.999999999998,-,747.3084415584412,,,358,600.5333333333336,5649.44511703966,5511.17167245553,1758.38
,Mairiporã,13749,13749,38467.99999999998,13493.275683785227,20235.163018745003,,,359,10999.199999999995,93673.6964632477,93036.35587969508,4886.1
,Paiva Castro,6828,7055.6,19648.000000000007,1946.7725742980415,6399.688439602476,,,360,11379.999999999998,21523.802619935832,21523.802619935832,6751.3
,Colinas,7741,7741,22214.999999999985,5787.9364950973895,8271.732343398515,,,361,5934.766666666657,40835.46810171689,40835.46810171689,5553.1
,Pirucaia,5549,5549,15796.999999999996,400.09401442184003,5069.56758152148,,,362,4254.233333333342,22664.31981271289,22138.60724634059,14953.5
,Guarulhos,7003,7003,17962.000000000015,32542.21839196771,37343.3904346531,,,363,5446.777777777774,88051.30328422597,88550.00558297653,164.41
,Macedo,15222,15222,39202.99999999994,31849.43107449073,34785.81846303352,,,364,11022.827586206895,101937.71663829427,101942.3210763976,382.09
,Cumbica,2835,2835,8706.000000000011,951.3050303092517,36924.14565486874,,,365,1148.3544303797464,42902.461640972724,42384.2936202417,689.34
,Várzea do Palácio,2018,2018,9254.999999999993,346.1797781759309,11853.470702401943,,,366,1648.0333333333315,18900.208277038582,21602.602532482753,646.76
,Ponte Grande,15900,15900,42238,9711.354080773093,32502.930280175442,,,367,12470.588235294123,83415.5829051806,83655.09964922519,874.87
,Gopouva,13649,13649,34982.99999999998,7694.621146218934,12334.323134145754,,,368,11149.887323943643,54450.92852357165,53560.31384462207,202.39
,Vila São Rafael,15851,15851,42806.999999999935,9070.841922669497,18862.58966709967,,,369,10087.000000000015,84654.28473597844,83184.04167141036,401.04
,Vila Rosália,20059,20059,54873.99999999998,16149.882253057634,20368.622145956266,,,370,17250.740000000005,90247.18647430513,89778.35063569588,434.65
,André Luiz,36260,36260,97661.99999999991,16509.57754860227,34924.74246461422,,,371,20305.600000000006,137101.56305789703,137068.28361134668,579.59
,Jardim Santa Clara,24298,24298,67895.00000000003,13331.911012730077,6865.114762021326,,,372,16522.639999999996,80380.60640154869,80255.44573309534,462.74
,Parque CECAP,20020,20020,54374,10565.66604250359,24535.287896727597,,,373,13090,57112.73631420301,58472.85407726294,471.79
,Taboão,21336,21336,61620.99999999999,18020.08527058551,35364.468686809436,,,374,12132.235294117658,80520.65131801258,82472.79465217258,529.11
,Aeroporto,,0,-,-,29670.307479607312,,,375,0,38668.186938082195,33416.35259665879,1324.93
,Jardim Presidente Dutra,24643,24643,72491,14854.359912619717,38693.95671521934,,,376,11828.640000000001,127786.0751703695,127492.70444554799,892.25
,Baquirivu,16593,16593,47667.00000000009,13319.906629139088,24623.379981154878,,,377,8784.529411764719,82768.48837183138,81851.75271089881,1046.37
,Água Chata,67368,67368,197791.99999999994,37511.8202808128,65030.32794178993,,,378,30091.039999999994,245879.4773722871,245084.4398631777,2422.5
,Pimentas,36964,36964,105461,18965.578325201826,44618.19690945496,,,379,22059.161290322583,147099.3577631535,147327.14726637836,1685.56
,Cabuçu,19793,19793,56947.00000000006,7472.536397123191,10124.722707403396,,,380,14491.303571428592,69935.50255584123,69935.50255584123,752.36
,Invernada,34722,34722,104256.00000000009,16041.995356789761,17292.624134894344,,,381,20833.200000000004,123827.20827736997,123482.5974196971,2194.83
,Morro dos Macacos,,0,-,-,0,,,382,0,-,-,3533.19
,Chácaras Bananal,33224,33817.28571428571,98655.00000000009,15982.866925779852,20427.25149713572,,,383,20764.999999999985,116012.81066221531,116020.06052644891,1815.89
,Estrada de Nazaré Paulista,26859,26859,81696.99999999997,15322.416367484182,21870.859995492858,,,384,12355.140000000001,111320.25417698023,115787.22285167522,1215.48
,Água Azul,9943,9943,29591.000000000007,9437.811732203616,5642.817233236374,,,385,3314.33333333333,28849.983836831132,28218.178945701755,3389.29
,Vasconcelândia,,0,-,-,0,,,386,0,-,-,5829.8
,Arujazinho,1392,1392,4200.999999999998,766.375906639216,5039.351325610223,,,387,1020.7999999999997,9422.127827829781,9422.127827829781,4190.39
,Arujá,26285,26285,77189,17373.78179632737,42407.92100750291,,,388,14193.900000000005,137974.12739878462,137907.28179808034,3193.71
,Fazenda Velha,2385,2385,7383.000000000003,501.909718686065,5552.57117907624,,,389,2226,11399.121285545749,11471.118244068308,2249.46
,Santa Isabel,16593,16593,43142.00000000005,11318.668623400312,16366.94990802761,,,390,10619.519999999997,73834.66333170093,73775.63093791778,3989.66
,Jaguari,4262,4262,10940.000000000004,390.03335601386027,3482.778924202358,,,391,2983.400000000008,9946.85445393928,9946.85445393928,14249.94
,Barroca Funda,,0,-,-,186.409514289405,,,392,0,220.19514801059745,220.19514801059745,11313.68
,Monte Negro,,0,-,-,310.497346627156,,,393,0,631.8470210311439,631.8470210311439,6861.59
,Ferraz de Vasconcelos,30406,30881.09375,83937.00000000001,19399.552791916314,27325.74507592368,,,394,18528.65625,150358.88207335558,150590.26949949146,991.01
,Paiol Velho,,0,-,-,348.737659258332,,,395,0,411.9443194194421,411.9443194194421,1027.08
,Santos Dumont,35476,36573.19587628866,99385.00000000017,20790.282798576685,24506.927893164477,,,396,15360.742268041247,146083.94818122676,145510.95905146928,945.21
,Jardim São José,7097,7236.156862745098,21510.999999999975,4048.400790778322,3259.4309699130167,,,397,4731.33333333333,33380.14956076433,33469.64176748209,407.85
,Poá,28870,28870,83968.00000000001,18575.724350638022,39832.54281781068,,,398,19557.09677419358,176126.28376246578,175939.7256498296,1322.41
,Itaquaquecetuba,34330,34729.186046511626,102397.00000000001,21244.899623892325,34551.4867023918,,,399,19560.11627906977,160210.819968448,163475.73584003028,1132.92
,Quinta da Boa Vista,22504,22504,66598.99999999988,19550.902929049218,26780.724378534687,,,400,9001.6,138759.02728769823,138242.2751288109,1419.81
,Bonsucesso,41546,41546,125662.99999999993,19178.857967828455,34768.922839567684,,,401,24274.06741573035,164371.892785186,164775.00990776133,3075.76
,Pinheirinho,26645,27274.409448818897,83119,15273.814491490637,20518.642297184007,,,402,14056.811023622033,108762.31863582479,107250.52972535788,2650.99
,Miguel Badra,39187,39508.20491803278,116934.99999999977,24527.335704516358,31932.03448678116,,,403,20725.615694705666,189947.89620867273,190123.68506433672,3270.75
,Suzano,54304,54760.33613445378,154025.99999999994,46204.92210516301,68888.61783422362,,,404,37419.56302521009,362749.8149774391,361965.4366800849,3452.13
,Guaió,8819,9145.62962962963,26147.99999999999,7895.693538528777,9356.369626971004,,,405,7022.537037037042,44025.682111001144,44151.088224675,8721.28
,Ouro Fino,5989,6199.140350877194,17595.000000000004,1884.0875998542938,5062.172847803058,,,406,3677.4561403508583,23797.177598472143,24509.20087345278,5222.79
,Mogi das Cruzes,30460,30460,81669.99999999983,31319.368036165684,44102.13917347779,,,407,21417.1875,162424.1314298251,161232.93291177484,1358.15
,Estudantes,16324,16324,39902,19138.036164984464,29548.39252997384,,,408,10327.428571428565,80866.15338432243,80797.63068000057,995.8
,Vila Oliveira,13018,13018,36114.99999999997,20875.624119893782,23035.5430928686,,,409,10070.528301886796,67089.10474839462,66044.30713702533,2914.74
,Brás Cubas,42286,42286,122895.00000000003,18344.06298918301,39568.44201101895,,,410,18857.27027027025,145700.089492649,145978.39560442057,2147.95
,Jundiapeba,19405,19405,58829.999999999956,10447.0131373229,13254.479988903124,,,411,11941.53846153848,73822.23709216835,74615.48966210446,2374.68
,Jardim Graziella,7381,7381,22352.999999999985,5430.126449649666,10160.335487012511,,,412,4661.684210526311,29951.54884691675,31416.246412284327,3985.96
,Itapeti,4693,4693,13877.000000000004,1968.0352290466399,6654.311524670174,,,413,2815.7999999999993,17478.273695786447,17478.273695786447,15936.9
,Sabaúna,6626,6626,19316.99999999999,2670.631578947369,5350.682836647245,,,414,3897.6470588235306,17351.05341682381,17293.537892301192,4422.81
,César de Souza,14406,14406,40322.00000000001,7109.590571659966,17254.70919168521,,,415,8311.153846153858,55746.50770521645,55513.16650229737,2932.91
,Taiaçupeba,9251,9251,26887.00000000001,4014.6735351671146,7224.592278153307,,,416,6784.066666666673,22657.401335515522,22362.14055685097,19667.49
,Quatinga-Barroso,,0,-,-,221.259522837613,,,417,0,439.32143998154925,177.9599232923151,14691.8
,Biritiba-Mirim,10946,10946,30224.999999999975,5518.310799464826,6524.465114612796,,,418,5388.800000000001,30473.558308916374,30656.322236001415,11078.94
,Pico da Esplanada,,0,-,-,86.2660412242162,,,419,0,30.928561100490608,30.928561100490608,20733.85
,Salesópolis,6209,6209,15327.00000000001,2700.5401050918995,4787.740094507673,,,420,2980.32,16716.214318821927,16243.764497942171,13629.43
,Parque Nascentes do Tietê,,0,-,-,0,,,421,0,104.15423817265385,104.15423817265385,28967.46
,Guararema,11906,11906,32006.000000000004,6557.943682852813,14189.873556150877,,,422,9048.559999999998,47993.839116158655,47976.8903619748,19022.92
,Vila Luis Carlos,,0,-,-,0,,,423,0,-,-,8121.05
,Santa Paula,19332,19332,50316.99999999999,15968.599646064858,24349.37950968207,,,424,16570.285714285725,113394.366297031,112918.47542445506,294.73
,Vila Gerti,21137,21137,56816.000000000065,9106.997505887573,20871.32244404322,,,425,18062.52727272728,94977.2196767688,94558.6540461023,380.18
,Estrada das Lágrimas,14102,14333.180327868853,38382.00000000002,14894.695756374513,9375.590440511269,,,426,13177.278688524566,71555.71080716349,71911.96764854131,360.05
,Santo Antônio,2899,2899,7794.999999999997,4046.9279327994823,12133.672762556507,,,427,2087.28,30877.047016634217,30997.499814290775,133.88
,São Caetano do Sul,6101,6101,16486,7185.651927695444,44119.13307192853,,,428,3798.735849056611,74065.51830304335,74294.13299516462,367.7
,Santo André,29165,29165,71447.99999999991,43862.29853804388,109301.57814592143,,,429,28837.30337078647,253927.7281345603,255489.6644267003,795.2
,Vila Gilda,14325,14325,36627,2836.9415505213838,12243.549054234158,,,430,14324.999999999985,51178.41398120253,49918.6482642537,291.6
,Valparaíso,10264,10264,26662.999999999996,13696.126442055109,7995.998575926793,,,431,8732.05970149254,44087.69280631001,44087.69280631001,246.83
,Sacadura Cabral,9004,9177.153846153846,25263.999999999975,3282.0028777912175,4514.584035208176,,,432,4675.153846153843,27801.4530368266,26623.618073888338,179.89
,Campestre,12163,12163,30843.00000000002,4625.696762956145,20795.646836825992,,,433,13031.785714285743,50320.9938175046,50320.9938175046,287.09
,Utinga,19912,19912,50969.99999999999,10408.0376199934,24907.83425779259,,,434,17178.980392156875,74559.9975157925,74020.17814731541,566.15
,Vila Lucinda,20781,20781,54471.00000000001,13566.257806794129,17567.139610093844,,,435,20780.99999999999,74634.59818247234,75209.20835773856,457.81
,Parque Oratório,22932,22932,61958.99999999997,8470.32427932622,25480.94457558353,,,436,16441.811320754725,67801.3936537296,66480.9705292998,578.55
,Parque das Nações,16535,16535,45410.00000000001,6823.154941205884,19380.13108659095,,,437,14550.8,66982.41036480507,68661.7960406615,527.79
,Jardim do Estádio,44153,44153,119720.00000000003,12511.496479052308,49954.1144267108,,,438,34060.885714285716,169328.30192796816,170702.32001112978,1142.33
,Carijós,44093,44093,117151,12252.973868259553,38944.525819790106,,,439,37479.04999999997,182954.3944629692,182203.74344212463,914.11
,Parque do Pedroso,43581,44272.7619047619,124982.00000000003,16478.56186550792,23111.26692282091,,,440,22136.380952380954,147840.2909872038,147644.30366893814,3164.82
,Paranapiacaba,851,851,2521.000000000002,199.63964076192514,1995.3191344753238,,,441,370,2972.651521218433,2972.651521218433,8465.27
,Capuava,15827,15827,41817.00000000003,7696.728123344818,41079.20423847252,,,442,10750.415094339622,96712.2480591083,97921.58639959389,1957.14
,Mauá,43104,43104,114593.99999999996,37532.10918609173,61036.36002620799,,,443,31694.11764705882,232223.6685870842,232265.40376123862,1131.35
,Jardim Zaíra,54622,54622,152817.00000000006,20600.405983388926,31083.220781254397,,,444,23897.124999999993,162211.97363237516,160279.82744128248,1240.23
,Barão de Mauá,31793,31793,88045.99999999999,12979.817731130726,12210.584675335931,,,445,25953.4693877551,94036.66522875546,93287.67633428365,604.52
,Estrada do Carneiro,9986,9986,28135.999999999996,511.676223832057,3655.516551554228,,,446,5910.08163265306,21445.910371128182,21737.67131922321,1268.48
,Ribeirão Pires,28753,28753,79004.99999999997,22408.00660619987,45367.413318971594,,,447,19905.92307692309,138792.08186982083,134607.69447983688,5256.82
,Jardim Santa Luzia,8624,8624,24597.000000000036,2718.5963375994133,5764.756723492302,,,448,7159.5471698113,25517.697345850225,27298.440567208738,2519.74
,Ouro Fino Paulista,4907,4907,14089.999999999989,1396.6283832643821,3913.7863104411463,,,449,3827.4599999999996,15438.342492318407,15053.92581104543,2156.26
,Parque Sete Pontes,4289,4289,12231.999999999989,2190.404119506571,2759.6797334844864,,,450,3173.8600000000015,17068.53779947274,16853.650475479248,1886.11
,Rio Grande da Serra,11719,11719,32675.999999999978,7894.72379336328,12395.884489399927,,,451,7812.666666666688,57231.38588060812,57698.13714308712,1756.13
,Planalto,37316,37316,98014.00000000004,31562.522706414136,60284.718254484986,,,452,35242.888888888876,185520.2318293047,187872.18854271676,1109.34
,Paulicéia,21023,21023,54751.00000000001,15229.242783982294,36065.33743391152,,,453,20602.53999999999,110021.771099102,110021.771099102,805.47
,Rudge Ramos,17191,17191,41789.99999999997,19737.361505190125,31758.862153086848,,,454,17816.12727272726,110075.9521379859,108830.41467992365,470.61
,Baeta Neves,22042,22465.884615384613,54854.999999999985,33235.87668287078,44939.052541759585,,,455,20346.461538461528,121785.20563873598,124611.98286078508,535.87
,São Bernardo do Campo,35826,35826,89836,30578.029612430604,64532.469489502284,,,456,33807.63380281693,227206.5146463699,224617.79739500862,742.96
,Montanhão,64406,64406,175454.99999999994,25619.467424500803,36108.37455191195,,,457,47231.06666666662,209712.36072682167,206321.55457094088,1054.93
,Demarchi,34541,34541,92815.00000000006,24814.072831171092,46354.72487629979,,,458,26047.311475409824,170984.29447065748,172403.1338260026,1059.42
,Riacho Grande,17423,17423,49947.00000000002,5270.400051455866,12206.08656913924,,,459,11720.92727272727,56003.04737088017,55849.83341153873,3065.46
,Caminho do Mar,7396,7396,20614.00000000001,3087.6608395061426,4273.245697663627,,,460,4191.06666666666,23106.674895874112,24388.451262151946,3925.8
,Bairro dos Finco,,0,-,-,377.8806951964817,,,461,0,3188.2874144986217,3188.2874144986217,24225.92
,Reservatório Billings,54647,54647,151757.00000000026,27715.744908063534,37421.93874976629,,,462,30511.241666666676,190807.83427252783,192688.96669067055,4043.04
,Diadema,26160,26160,69737,32784.393935402826,58564.92553444095,,,463,15502.222222222206,175493.67721768122,176652.28488228368,493.35
,Jardim das Nações,35907,35907,97180.00000000004,16353.847871229553,37757.50245089727,,,464,16158.150000000007,132195.05979175106,131150.85352050926,591.18
,Piraporinha,39488,39488,107862.00000000001,17638.90989200747,31470.587394931285,,,465,21538.90909090909,167947.2390878065,167695.84243082194,763.86
,Vila Conceição,19715,20094.134615384613,54066.00000000004,17776.261408925093,20920.55474557767,,,466,9857.499999999995,103397.19349618384,103705.99048395877,371.2
,Eldorado,26160,26160,71386.99999999996,12140.061296853135,21145.331631780187,,,467,13820.377358490552,96933.42441980804,96204.59647629662,866.88
,Taboão da Serra,26743,26743,71853.99999999994,29155.100654342765,33148.712314368866,,,468,23072.39215686276,132589.08785687957,131533.0368999254,526.97
,Jardim Irapuã,18363,18363,49768.99999999997,11044.326627872924,14511.696392007641,,,469,12687.163636363628,51494.67468358597,52305.17991920942,406.71
,Parque Pinheiros,34540,34540,96964.00000000007,18888.643525529926,33211.25970508665,,,470,17909.629629629635,111812.81683604953,112636.03104339872,723.48
,Parque Industrial,22310,22310,61840.00000000002,12088.430720578286,17505.85045777039,,,471,7139.199999999998,59688.691368002066,60513.983060952596,386.21
,Santo Eduardo,22390,22390,62914.99999999999,8963.705085000343,9439.860262731956,,,472,7164.800000000001,70887.63927061466,71559.15791873157,318.72
,São Marcos,41851,41851,119058.99999999997,31053.510953844205,27893.991736019394,,,473,20925.500000000007,189418.0363715971,193209.72734862645,1868.03
,Embu das Artes,19476,19476,55595.00000000002,13165.872799199347,35988.460445039666,,,474,9915.054545454544,90676.9460164279,91309.52280602696,1469.34
,Ressaca,6310,6310,18664.000000000004,3455.4966097269944,7525.326600649501,,,475,4405.094339622644,24310.84171726764,24467.58131938724,3398.73
,Itapecerica da Serra,51130,51130,148549.9999999999,34209.95114063415,54594.22038956217,,,476,30251.91666666662,180837.39130251313,178519.46442737707,7478.56
,Jardim Petrópolis,1904,1904,5325.999999999998,918.2626002374452,2892.959845490855,,,477,1523.2000000000007,4757.732897847874,4892.660124975546,4132.43
,Embu-Mirim,2750,2750,8116.999999999996,2195.079229092788,4106.3188491453675,,,478,1741.6666666666679,9574.054238111412,9825.419480826899,3509.86
,São Lourenço da Serra,5942,5942,16319.000000000007,3601.58768418505,7492.995355495988,,,479,4515.92,18603.002389036134,18634.058557831093,18674.34
,Embu-Guaçu,14533,14823.66,41490.00000000001,7185.519641900808,20184.86853648261,,,480,11335.74,56919.268062204465,56918.03865446523,7756.92
,Cipó,7425,7425,21577.000000000004,4134.760544439076,5649.908153749777,,,481,5992.105263157903,26645.70630951264,27572.645017235856,2226.59
,Santa Rita,1859,1859,5083,953.1494071503946,763.855319903151,,,482,1177.3666666666672,6625.419640919925,6625.419640919925,5614.14
,Juquitiba,12648,12858.8,27792.000000000015,5880.952651909293,9714.77994403412,,,483,7588.800000000003,32707.285406321498,32650.658235158844,18447.44
,Cascalheira,,0,-,-,0,,,484,0,-,-,23368.72
,Três Nascentes,,0,-,-,0,,,485,0,-,-,10517.08
,Barueri,43542,43542,125446.00000000007,32158.331997429646,73273.38138194908,,,486,28091.61290322581,219383.96412770858,217063.12623851575,1469.12
,Aphaville,23075,23075,58271.999999999985,21345.445065644657,50958.50315569759,,,487,20138.18181818184,124800.03991393208,125378.32695053653,1201.4
,Tamboré,,0,-,2046.560307895736,87421.58111827401,,,488,0,76808.99063171634,79059.02765974082,890.13
,Antônio João,,0,-,430.008272905512,7701.616104434345,,,489,0,5349.8109926431625,5349.8109926431625,593.61
,Vutopoca,17008,17335.076923076922,48775.99999999998,13777.521850988624,12148.395762784729,,,490,10793.538461538456,68705.55724210734,66863.91811874128,473.35
,Jardim Silveira,20983,21386.51923076923,61142.00000000004,17715.209235776343,17359.58566834144,,,491,15737.25000000001,81766.46245401201,82514.1423507787,312.03
,Jardim Belval,9186,9737.16,27996,10939.675687398303,13859.299029993595,,,492,5879.039999999999,47894.71431710592,47226.135550519626,350.02
,Morada dos Lagos,1152,1152,3729.0000000000005,2723.441267135833,8642.155784644328,,,493,1574.3999999999999,13151.649776268194,12792.277724146894,1293.93
,Cidade Ariston,46435,47208.916666666664,131437.00000000017,23309.894640538834,28187.51144213598,,,494,23409.380165289214,137757.47895127925,137990.6317050151,790.35
,Carapicuíba,36427,36427,99824.99999999994,31724.265061514234,26492.56375881612,,,495,21856.199999999993,129256.51000332326,128502.85546668945,776.67
,Jardim Planalto,24688,25145.185185185186,70298.00000000004,12805.74788065117,21559.188226017894,,,496,16001.481481481473,86311.69369603784,86321.35296524057,422.4
,Aldeia de Carapicuíba,14708,14708,41746.999999999985,7609.9111167922665,10177.05895261504,,,497,10883.919999999998,58608.43587003703,58096.491488577005,572.62
,Estrada do Jacarandá,17219,17563.38,51053.000000000065,6971.957438296029,17104.130502953092,,,498,14808.34,66536.8667636334,66614.78564053295,900.41
,Osasco,2077,2077,5328.000000000003,13448.485281735984,45509.84177661603,,,499,1564.8630136986267,88451.8861337729,89534.43747297642,188.93
,Vila Yara,7871,7871,19543.000000000015,18546.34681746686,35448.845757840245,,,500,8729.654545454547,70584.17183041846,70833.11750842183,243.57
,Bussocaba City,16047,16047,43697.00000000002,7259.803093851379,17233.997499678502,,,501,13578.230769230777,62925.610366464985,62992.2450658992,469.51
,Nova Granada,23532,23532,60973.99999999997,16620.017272775567,37761.721798965606,,,502,19536,113439.74957388338,114259.06721770634,546.33
,Recanto das Rosas,15304,15304,44695.00000000001,5805.601899954009,10060.559739794478,,,503,8662.641509433963,42374.072350077244,41817.28453872164,389.45
,Jardim Novo Osasco,25701,25701,71946.00000000004,17944.707259911855,13996.307547578135,,,504,16962.660000000007,92145.49243843576,91467.23105359502,354.18
,Jardim Veloso,45066,45066,126701.99999999985,19248.710351441525,25609.582901856007,,,505,34926.149999999965,123831.53114053272,122798.90862925991,678.57
,Quitaúna,30217,31401.980392156864,82125.99999999996,18192.46105715652,15476.920100918576,,,506,18959.6862745098,104119.39276872647,104320.35824221086,552.51
,Jardim Piratininga,5969,5969,17446.00000000002,710.2116113092106,9145.495630419544,,,507,4011.1679999999974,21289.33256236299,21341.461152125255,350.75
,Presidente Altino,6808,6808,16324.000000000005,4309.95915523321,14505.5140193267,,,508,5042.962962962959,32469.65237343291,34432.855842404344,247.56
,Munhoz Junior,43953,43953,125084.9999999996,23452.706008324734,30048.711286745875,,,509,19778.849999999966,117144.96137031676,114183.20861940796,722.7
,Rochdale,15448,15448,45346.00000000002,10021.662780833976,14592.418590880467,,,510,10012.59259259259,60397.40396840914,60835.032145427314,366.25
,Mutinga,18574,18574,51309.00000000001,6960.158980275849,17322.065998327063,,,511,11887.359999999995,66084.48191791511,66086.84299838617,442.02
,Três Montanhas,12137,12137,36274.00000000003,2854.6186915893322,18365.685756089715,,,512,6535.307692307688,46192.674775867155,45623.560613263646,957.92
,Ribeirão Itaqui,3506,3576.12,9317.000000000004,2079.543317010871,13774.882439453111,,,513,1963.3599999999994,25684.402016835225,25824.008686781042,356.79
,Jandira,35712,37854.72,99863,16137.707380826352,25389.968170232645,,,514,24284.160000000007,121525.47221410008,119242.30640903453,680.44
,Ribeirão das Pombas,3705,3862.6595744680853,11396.999999999987,31.6469893309675,1541.7472414538174,,,515,3705.0000000000027,11431.447295933986,11265.616430462176,712.09
,Granja Viana,14010,14010,38538.00000000003,12096.741629809996,41756.11117205359,,,516,16085.555555555526,68627.42188316167,68925.10928861206,1639.63
,Fernando Nobre,9131,9131,26162.00000000001,4730.2646940304,26460.981554744238,,,517,9475.566037735874,59395.073160006956,58901.76385249765,1976.97
,Cotia,56111,56111,159384.00000000006,40786.775270791346,53650.55096035132,,,518,28055.500000000022,177283.21733172098,177544.11589049042,8045.11
,Capueira,2968,2968,8869.999999999995,819.696984641396,2202.628800592414,,,519,1879.7333333333331,9607.947942616545,9607.947942616545,2229.93
,Caucaia,,0,-,-,100.610821473862,,,520,0,991.4901283391797,991.4901283391797,10265.92
,Caucaia do Alto,16593,16593,49526.99999999999,7827.674346157519,22842.314278182217,,,521,10287.659999999998,44000.20720970231,44000.20720970231,8316.36
,Vargem Grande Paulista,18039,18039,51499,9710.773283434102,25931.45221899278,,,522,13709.64,85483.06477985358,85483.06477985358,4257.94
,Quatro Encruzilhadas,1795,1795,5076.999999999998,242.034624381016,1042.4722983617532,,,523,2572.8333333333317,8206.82594781759,8060.417897526257,2101.43
,Itapevi,37892,38839.299999999996,106372.99999999987,26059.600217207375,24491.925459334125,,,524,21787.899999999998,158299.69863464517,159609.60554269888,1070.03
,Amador Bueno,44445,44445,127019.99999999987,32168.505465520982,36232.6730932846,,,525,25555.875,191368.53656446165,190808.54033039522,5113.23
,Santana de Parnaíba,54112,55013.86666666666,159375.00000000006,41693.55996920226,64357.93943437969,,,526,72600.26666666659,226982.385815662,228532.90472084208,18034.76
,Pirapora do Bom Jesus,6209,6209,18670.000000000015,4164.92505753305,5358.7560598156715,,,527,3701.5192307692255,30441.124411057157,30475.416463711204,10876.89
,,,,,,,,,,,,, 
,,7830108,7873143.8901015865,21236852,5129354.234032798,10465705.548725756,,,Total RMSP,5019842.130097517,35661061.99828125,35661061.99828122,796493.2499999998
,,,,,,,,,,,,,
,,,,,,,,,Fonte:  Metrô/SP - Pesquisa Origem e Destino 2023,,,,
,,,,,,,,,,,,,
,,,,,,,,,Notas:,,,,
,,,,,,,,,,,,,
,,,,,,,,,"A frota de automóveis particulares em posse das famílias exclui veículos pertencentes a empresas, táxis e ônibus.  ",,,,
,,,,,,,,,,,,,
,,,,,,,,,Viagens produzidas correspondem ao total de viagens diárias com origem nas zonas de pesquisa.,,,,
,,,,,,,,,,,,,
,,,,,,,,,Viagens atraídas correspondem ao total de viagens diárias com destino nas zonas de pesquisa.,,,,
,,,,,,,,,,,,,
,,,,,,,,,Em zonas que correspondem a equipamentos urbanos ou de baixa densidade demográfica não foram realizadas pesquisas.,,,,
,,,,,,,,,,,,,
,,,,,,,,,As matrículas escolares internas à RMSP foram processadas com a seguinte condição:,,,,
,,,,,,,,,zona de escola >=1 e zona de escola <= 527;,,,,
,,,,,,,,,,,,,
,,,,,,,,,Os empregos internos à RMSP foram processadas com a seguinte condição:,,,,
,,,,,,,,,zona de trabalho i >=1 e zona de trabalho i <= 527; i = 1 e 2 ,,,,
